  0
SECTION
  2
HEADER
  9
$ACADVER
  1
AC1024
  9
$ACADMAINTVER
 70
6
  9
$DWGCODEPAGE
  3
ANSI_1252
  9
$LASTSAVEDBY
  1
ezdxf
  9
$INSBASE
 10
0.0
 20
0.0
 30
0.0
  9
$EXTMIN
 10
1e+20
 20
1e+20
 30
1e+20
  9
$EXTMAX
 10
-1e+20
 20
-1e+20
 30
-1e+20
  9
$LIMMIN
 10
0.0
 20
0.0
  9
$LIMMAX
 10
420.0
 20
297.0
  9
$ORTHOMODE
 70
0
  9
$REGENMODE
 70
1
  9
$FILLMODE
 70
1
  9
$QTEXTMODE
 70
0
  9
$MIRRTEXT
 70
1
  9
$LTSCALE
 40
1.0
  9
$ATTMODE
 70
1
  9
$TEXTSIZE
 40
2.5
  9
$TRACEWID
 40
1.0
  9
$TEXTSTYLE
  7
Standard
  9
$CLAYER
  8
0
  9
$CELTYPE
  6
ByLayer
  9
$CECOLOR
 62
256
  9
$CELTSCALE
 40
1.0
  9
$DISPSILH
 70
0
  9
$DIMSCALE
 40
1.0
  9
$DIMASZ
 40
2.5
  9
$DIMEXO
 40
0.625
  9
$DIMDLI
 40
3.75
  9
$DIMRND
 40
0.0
  9
$DIMDLE
 40
0.0
  9
$DIMEXE
 40
1.25
  9
$DIMTP
 40
0.0
  9
$DIMTM
 40
0.0
  9
$DIMTXT
 40
2.5
  9
$DIMCEN
 40
2.5
  9
$DIMTSZ
 40
0.0
  9
$DIMTOL
 70
0
  9
$DIMLIM
 70
0
  9
$DIMTIH
 70
0
  9
$DIMTOH
 70
0
  9
$DIMSE1
 70
0
  9
$DIMSE2
 70
0
  9
$DIMTAD
 70
1
  9
$DIMZIN
 70
8
  9
$DIMBLK
  1

  9
$DIMASO
 70
1
  9
$DIMSHO
 70
1
  9
$DIMPOST
  1

  9
$DIMAPOST
  1

  9
$DIMALT
 70
0
  9
$DIMALTD
 70
3
  9
$DIMALTF
 40
0.03937007874
  9
$DIMLFAC
 40
1.0
  9
$DIMTOFL
 70
1
  9
$DIMTVP
 40
0.0
  9
$DIMTIX
 70
0
  9
$DIMSOXD
 70
0
  9
$DIMSAH
 70
0
  9
$DIMBLK1
  1

  9
$DIMBLK2
  1

  9
$DIMSTYLE
  2
ISO-25
  9
$DIMCLRD
 70
0
  9
$DIMCLRE
 70
0
  9
$DIMCLRT
 70
0
  9
$DIMTFAC
 40
1.0
  9
$DIMGAP
 40
0.625
  9
$DIMJUST
 70
0
  9
$DIMSD1
 70
0
  9
$DIMSD2
 70
0
  9
$DIMTOLJ
 70
0
  9
$DIMTZIN
 70
8
  9
$DIMALTZ
 70
0
  9
$DIMALTTZ
 70
0
  9
$DIMUPT
 70
0
  9
$DIMDEC
 70
2
  9
$DIMTDEC
 70
2
  9
$DIMALTU
 70
2
  9
$DIMALTTD
 70
3
  9
$DIMTXSTY
  7
Standard
  9
$DIMAUNIT
 70
0
  9
$DIMADEC
 70
0
  9
$DIMALTRND
 40
0.0
  9
$DIMAZIN
 70
0
  9
$DIMDSEP
 70
44
  9
$DIMATFIT
 70
3
  9
$DIMFRAC
 70
0
  9
$DIMLDRBLK
  1

  9
$DIMLUNIT
 70
2
  9
$DIMLWD
 70
-2
  9
$DIMLWE
 70
-2
  9
$DIMTMOVE
 70
0
  9
$DIMFXL
 40
1.0
  9
$DIMFXLON
 70
0
  9
$DIMJOGANG
 40
0.785398163397
  9
$DIMTFILL
 70
0
  9
$DIMTFILLCLR
 70
0
  9
$DIMARCSYM
 70
0
  9
$DIMLTYPE
  6

  9
$DIMLTEX1
  6

  9
$DIMLTEX2
  6

  9
$DIMTXTDIRECTION
 70
0
  9
$LUNITS
 70
2
  9
$LUPREC
 70
4
  9
$SKETCHINC
 40
1.0
  9
$FILLETRAD
 40
10.0
  9
$AUNITS
 70
0
  9
$AUPREC
 70
2
  9
$MENU
  1
.
  9
$ELEVATION
 40
0.0
  9
$PELEVATION
 40
0.0
  9
$THICKNESS
 40
0.0
  9
$LIMCHECK
 70
0
  9
$CHAMFERA
 40
0.0
  9
$CHAMFERB
 40
0.0
  9
$CHAMFERC
 40
0.0
  9
$CHAMFERD
 40
0.0
  9
$SKPOLY
 70
0
  9
$TDCREATE
 40
2461295.0335069443
  9
$TDUCREATE
 40
2458532.153996898
  9
$TDUPDATE
 40
2461295.0335069443
  9
$TDUUPDATE
 40
2458532.1544311
  9
$TDINDWG
 40
0.0
  9
$TDUSRTIMER
 40
0.0
  9
$USRTIMER
 70
1
  9
$ANGBASE
 50
0.0
  9
$ANGDIR
 70
0
  9
$PDMODE
 70
0
  9
$PDSIZE
 40
0.0
  9
$PLINEWID
 40
0.0
  9
$SPLFRAME
 70
0
  9
$SPLINETYPE
 70
6
  9
$SPLINESEGS
 70
8
  9
$HANDSEED
  5
27B
  9
$SURFTAB1
 70
6
  9
$SURFTAB2
 70
6
  9
$SURFTYPE
 70
6
  9
$SURFU
 70
6
  9
$SURFV
 70
6
  9
$UCSBASE
  2

  9
$UCSNAME
  2

  9
$UCSORG
 10
0.0
 20
0.0
 30
0.0
  9
$UCSXDIR
 10
1.0
 20
0.0
 30
0.0
  9
$UCSYDIR
 10
0.0
 20
1.0
 30
0.0
  9
$UCSORTHOREF
  2

  9
$UCSORTHOVIEW
 70
0
  9
$UCSORGTOP
 10
0.0
 20
0.0
 30
0.0
  9
$UCSORGBOTTOM
 10
0.0
 20
0.0
 30
0.0
  9
$UCSORGLEFT
 10
0.0
 20
0.0
 30
0.0
  9
$UCSORGRIGHT
 10
0.0
 20
0.0
 30
0.0
  9
$UCSORGFRONT
 10
0.0
 20
0.0
 30
0.0
  9
$UCSORGBACK
 10
0.0
 20
0.0
 30
0.0
  9
$PUCSBASE
  2

  9
$PUCSNAME
  2

  9
$PUCSORG
 10
0.0
 20
0.0
 30
0.0
  9
$PUCSXDIR
 10
1.0
 20
0.0
 30
0.0
  9
$PUCSYDIR
 10
0.0
 20
1.0
 30
0.0
  9
$PUCSORTHOREF
  2

  9
$PUCSORTHOVIEW
 70
0
  9
$PUCSORGTOP
 10
0.0
 20
0.0
 30
0.0
  9
$PUCSORGBOTTOM
 10
0.0
 20
0.0
 30
0.0
  9
$PUCSORGLEFT
 10
0.0
 20
0.0
 30
0.0
  9
$PUCSORGRIGHT
 10
0.0
 20
0.0
 30
0.0
  9
$PUCSORGFRONT
 10
0.0
 20
0.0
 30
0.0
  9
$PUCSORGBACK
 10
0.0
 20
0.0
 30
0.0
  9
$USERI1
 70
0
  9
$USERI2
 70
0
  9
$USERI3
 70
0
  9
$USERI4
 70
0
  9
$USERI5
 70
0
  9
$USERR1
 40
0.0
  9
$USERR2
 40
0.0
  9
$USERR3
 40
0.0
  9
$USERR4
 40
0.0
  9
$USERR5
 40
0.0
  9
$WORLDVIEW
 70
1
  9
$SHADEDGE
 70
3
  9
$SHADEDIF
 70
70
  9
$TILEMODE
 70
1
  9
$MAXACTVP
 70
64
  9
$PINSBASE
 10
0.0
 20
0.0
 30
0.0
  9
$PLIMCHECK
 70
0
  9
$PEXTMIN
 10
1e+20
 20
1e+20
 30
1e+20
  9
$PEXTMAX
 10
-1e+20
 20
-1e+20
 30
-1e+20
  9
$PLIMMIN
 10
0.0
 20
0.0
  9
$PLIMMAX
 10
420.0
 20
297.0
  9
$UNITMODE
 70
0
  9
$VISRETAIN
 70
1
  9
$PLINEGEN
 70
0
  9
$PSLTSCALE
 70
1
  9
$TREEDEPTH
 70
3020
  9
$CMLSTYLE
  2
Standard
  9
$CMLJUST
 70
0
  9
$CMLSCALE
 40
20.0
  9
$PROXYGRAPHICS
 70
1
  9
$MEASUREMENT
 70
1
  9
$CELWEIGHT
370
-1
  9
$ENDCAPS
280
0
  9
$JOINSTYLE
280
0
  9
$LWDISPLAY
290
0
  9
$INSUNITS
 70
4
  9
$HYPERLINKBASE
  1

  9
$STYLESHEET
  1

  9
$XEDIT
290
1
  9
$CEPSNTYPE
380
0
  9
$PSTYLEMODE
290
1
  9
$FINGERPRINTGUID
  2
{A5BB54A1-5592-4636-BA9C-04492CE793D7}
  9
$VERSIONGUID
  2
{2D97AB53-D055-42A0-854C-67C536033F7A}
  9
$EXTNAMES
290
1
  9
$PSVPSCALE
 40
0.0
  9
$OLESTARTUP
290
0
  9
$SORTENTS
280
127
  9
$INDEXCTL
280
0
  9
$HIDETEXT
280
1
  9
$XCLIPFRAME
280
1
  9
$HALOGAP
280
0
  9
$OBSCOLOR
 70
257
  9
$OBSLTYPE
280
0
  9
$INTERSECTIONDISPLAY
280
0
  9
$INTERSECTIONCOLOR
 70
257
  9
$DIMASSOC
280
2
  9
$PROJECTNAME
  1

  9
$CAMERADISPLAY
290
0
  9
$LENSLENGTH
 40
50.0
  9
$CAMERAHEIGHT
 40
0.0
  9
$STEPSPERSEC
 40
24.0
  9
$STEPSIZE
 40
100.0
  9
$3DDWFPREC
 40
2.0
  9
$PSOLWIDTH
 40
0.005
  9
$PSOLHEIGHT
 40
0.08
  9
$LOFTANG1
 40
1.570796326795
  9
$LOFTANG2
 40
1.570796326795
  9
$LOFTMAG1
 40
0.0
  9
$LOFTMAG2
 40
0.0
  9
$LOFTPARAM
 70
7
  9
$LOFTNORMALS
280
1
  9
$LATITUDE
 40
37.795
  9
$LONGITUDE
 40
-122.394
  9
$NORTHDIRECTION
 40
0.0
  9
$TIMEZONE
 70
-8000
  9
$LIGHTGLYPHDISPLAY
280
1
  9
$TILEMODELIGHTSYNCH
280
1
  9
$CMATERIAL
347
20
  9
$SOLIDHIST
280
0
  9
$SHOWHIST
280
1
  9
$DWFFRAME
280
2
  9
$DGNFRAME
280
2
  9
$REALWORLDSCALE
290
1
  9
$INTERFERECOLOR
 62
256
  9
$CSHADOW
280
0
  9
$SHADOWPLANELOCATION
 40
0.0
  0
ENDSEC
  0
SECTION
  2
CLASSES
  0
CLASS
  1
ACDBDICTIONARYWDFLT
  2
AcDbDictionaryWithDefault
  3
ObjectDBX Classes
 90
0
 91
0
280
0
281
0
  0
CLASS
  1
SUN
  2
AcDbSun
  3
SCENEOE
 90
1153
 91
0
280
0
281
0
  0
CLASS
  1
VISUALSTYLE
  2
AcDbVisualStyle
  3
ObjectDBX Classes
 90
4095
 91
0
280
0
281
0
  0
CLASS
  1
MATERIAL
  2
AcDbMaterial
  3
ObjectDBX Classes
 90
1153
 91
0
280
0
281
0
  0
CLASS
  1
SCALE
  2
AcDbScale
  3
ObjectDBX Classes
 90
1153
 91
0
280
0
281
0
  0
CLASS
  1
TABLESTYLE
  2
AcDbTableStyle
  3
ObjectDBX Classes
 90
4095
 91
0
280
0
281
0
  0
CLASS
  1
MLEADERSTYLE
  2
AcDbMLeaderStyle
  3
ACDB_MLEADERSTYLE_CLASS
 90
4095
 91
0
280
0
281
0
  0
CLASS
  1
DICTIONARYVAR
  2
AcDbDictionaryVar
  3
ObjectDBX Classes
 90
0
 91
0
280
0
281
0
  0
CLASS
  1
CELLSTYLEMAP
  2
AcDbCellStyleMap
  3
ObjectDBX Classes
 90
1152
 91
0
280
0
281
0
  0
CLASS
  1
MENTALRAYRENDERSETTINGS
  2
AcDbMentalRayRenderSettings
  3
SCENEOE
 90
1024
 91
0
280
0
281
0
  0
CLASS
  1
ACDBDETAILVIEWSTYLE
  2
AcDbDetailViewStyle
  3
ObjectDBX Classes
 90
1025
 91
0
280
0
281
0
  0
CLASS
  1
ACDBSECTIONVIEWSTYLE
  2
AcDbSectionViewStyle
  3
ObjectDBX Classes
 90
1025
 91
0
280
0
281
0
  0
CLASS
  1
RASTERVARIABLES
  2
AcDbRasterVariables
  3
ISM
 90
0
 91
0
280
0
281
0
  0
CLASS
  1
ACDBPLACEHOLDER
  2
AcDbPlaceHolder
  3
ObjectDBX Classes
 90
0
 91
0
280
0
281
0
  0
CLASS
  1
LAYOUT
  2
AcDbLayout
  3
ObjectDBX Classes
 90
0
 91
0
280
0
281
0
  0
ENDSEC
  0
SECTION
  2
TABLES
  0
TABLE
  2
VPORT
  5
8
330
0
100
AcDbSymbolTable
 70
1
  0
VPORT
  5
277
330
8
100
AcDbSymbolTableRecord
100
AcDbViewportTableRecord
  2
*Active
 70
0
 10
0.0
 20
0.0
 11
1.0
 21
1.0
 12
29000.0
 22
17000.0
 13
0.0
 23
0.0
 14
0.5
 24
0.5
 15
0.5
 25
0.5
 16
0.0
 26
0.0
 36
1.0
 17
0.0
 27
0.0
 37
0.0
 40
44000.0
 41
1.34
 42
50.0
 43
0.0
 44
0.0
 50
0.0
 51
0.0
 71
0
 72
1000
 73
1
 74
3
 75
0
 76
0
 77
0
 78
0
281
0
 65
1
110
0.0
120
0.0
130
0.0
111
1.0
121
0.0
131
0.0
112
0.0
122
1.0
132
0.0
 79
0
146
0.0
  0
ENDTAB
  0
TABLE
  2
LTYPE
  5
2
330
0
100
AcDbSymbolTable
 70
3
  0
LTYPE
  5
24
330
2
100
AcDbSymbolTableRecord
100
AcDbLinetypeTableRecord
  2
ByBlock
 70
0
  3

 72
65
 73
0
 40
0.0
  0
LTYPE
  5
25
330
2
100
AcDbSymbolTableRecord
100
AcDbLinetypeTableRecord
  2
ByLayer
 70
0
  3

 72
65
 73
0
 40
0.0
  0
LTYPE
  5
26
330
2
100
AcDbSymbolTableRecord
100
AcDbLinetypeTableRecord
  2
Continuous
 70
0
  3

 72
65
 73
0
 40
0.0
  0
ENDTAB
  0
TABLE
  2
LAYER
  5
1
330
0
100
AcDbSymbolTable
 70
8
  0
LAYER
  5
27
330
1
100
AcDbSymbolTableRecord
100
AcDbLayerTableRecord
  2
0
 70
0
 62
7
  6
Continuous
370
-3
390
13
347
21
  0
LAYER
  5
28
330
1
100
AcDbSymbolTableRecord
100
AcDbLayerTableRecord
  2
Defpoints
 70
0
 62
7
  6
Continuous
290
0
370
-3
390
13
347
21
  0
LAYER
  5
31
330
1
100
AcDbSymbolTableRecord
100
AcDbLayerTableRecord
  2
F03_WALLS
 70
0
 62
7
420
12897493
  6
Continuous
370
18
390
13
347
21
  0
LAYER
  5
78
330
1
100
AcDbSymbolTableRecord
100
AcDbLayerTableRecord
  2
F03_PIT
 70
0
 62
7
420
4815495
  6
Continuous
370
18
390
13
347
21
  0
LAYER
  5
7A
330
1
100
AcDbSymbolTableRecord
100
AcDbLayerTableRecord
  2
F03_SEATING
 70
0
 62
7
420
11292754
  6
Continuous
370
18
390
13
347
21
  0
LAYER
  5
256
330
1
100
AcDbSymbolTableRecord
100
AcDbLayerTableRecord
  2
F03_STAIRS
 70
0
 62
7
420
10069169
  6
Continuous
370
18
390
13
347
21
  0
LAYER
  5
26F
330
1
100
AcDbSymbolTableRecord
100
AcDbLayerTableRecord
  2
F03_ROOMS
 70
0
 62
7
420
5264735
  6
Continuous
370
18
390
13
347
21
  0
LAYER
  5
275
330
1
100
AcDbSymbolTableRecord
100
AcDbLayerTableRecord
  2
ANNOTATION
 70
0
 62
7
420
5264735
  6
Continuous
370
18
390
13
347
21
  0
ENDTAB
  0
TABLE
  2
STYLE
  5
5
330
0
100
AcDbSymbolTable
 70
2
  0
STYLE
  5
29
330
5
100
AcDbSymbolTableRecord
100
AcDbTextStyleTableRecord
  2
Standard
 70
0
 40
0.0
 41
1.0
 50
0.0
 71
0
 42
2.5
  3
txt
  4

  0
STYLE
  5
2F
330
5
100
AcDbSymbolTableRecord
100
AcDbTextStyleTableRecord
  2
JAPANESE
 70
0
 40
0.0
 41
1.0
 50
0.0
 71
0
 42
2.5
  3
msgothic.ttc
  4

  0
ENDTAB
  0
TABLE
  2
VIEW
  5
7
330
0
100
AcDbSymbolTable
 70
0
  0
ENDTAB
  0
TABLE
  2
UCS
  5
6
330
0
100
AcDbSymbolTable
 70
0
  0
ENDTAB
  0
TABLE
  2
APPID
  5
3
330
0
100
AcDbSymbolTable
 70
4
  0
APPID
  5
2A
330
3
100
AcDbSymbolTableRecord
100
AcDbRegAppTableRecord
  2
ACAD
 70
0
  0
APPID
  5
30
330
3
100
AcDbSymbolTableRecord
100
AcDbRegAppTableRecord
  2
SHOCHIKUZA
 70
0
  0
APPID
  5
278
330
3
100
AcDbSymbolTableRecord
100
AcDbRegAppTableRecord
  2
HATCHBACKGROUNDCOLOR
 70
0
  0
APPID
  5
279
330
3
100
AcDbSymbolTableRecord
100
AcDbRegAppTableRecord
  2
EZDXF
 70
0
  0
ENDTAB
  0
TABLE
  2
DIMSTYLE
  5
4
330
0
100
AcDbSymbolTable
 70
1
100
AcDbDimStyleTable
  0
DIMSTYLE
105
2B
330
4
100
AcDbSymbolTableRecord
100
AcDbDimStyleTableRecord
  2
Standard
 70
0
 40
1.0
 41
2.5
 42
0.625
 43
3.75
 44
1.25
 45
0.0
 46
0.0
 47
0.0
 48
0.0
 49
2.5
140
2.5
141
2.5
142
0.0
143
0.03937007874
144
1.0
145
0.0
146
1.0
147
0.625
148
0.0
 69
0
 70
0
 71
0
 72
0
 73
0
 74
0
 75
0
 76
0
 77
1
 78
8
 79
3
170
0
171
3
172
1
173
0
174
0
175
0
176
0
177
0
178
0
179
2
271
2
272
2
273
2
274
3
275
0
276
0
277
2
278
44
279
0
280
0
281
0
282
0
283
0
284
8
285
0
286
0
288
0
289
3
290
0
371
-2
372
-2
  0
ENDTAB
  0
TABLE
  2
BLOCK_RECORD
  5
9
330
0
100
AcDbSymbolTable
 70
2
  0
BLOCK_RECORD
  5
17
330
9
100
AcDbSymbolTableRecord
100
AcDbBlockTableRecord
  2
*Model_Space
340
1A
 70
0
280
1
281
0
  0
BLOCK_RECORD
  5
1B
330
9
100
AcDbSymbolTableRecord
100
AcDbBlockTableRecord
  2
*Paper_Space
340
1E
 70
0
280
1
281
0
  0
ENDTAB
  0
ENDSEC
  0
SECTION
  2
BLOCKS
  0
BLOCK
  5
18
330
17
100
AcDbEntity
  8
0
100
AcDbBlockBegin
  2
*Model_Space
 70
0
 10
0.0
 20
0.0
 30
0.0
  3
*Model_Space
  1

  0
ENDBLK
  5
19
330
17
100
AcDbEntity
  8
0
100
AcDbBlockEnd
  0
BLOCK
  5
1C
330
1B
100
AcDbEntity
  8
0
100
AcDbBlockBegin
  2
*Paper_Space
 70
0
 10
0.0
 20
0.0
 30
0.0
  3
*Paper_Space
  1

  0
ENDBLK
  5
1D
330
1B
100
AcDbEntity
  8
0
100
AcDbBlockEnd
  0
ENDSEC
  0
SECTION
  2
ENTITIES
  0
LWPOLYLINE
  5
32
330
17
100
AcDbEntity
  8
F03_WALLS
100
AcDbPolyline
 90
5
 70
1
 10
5984.411903637219
 20
35232.11861143203
 10
53368.73660114094
 20
35232.11861143203
 10
53368.73660114094
 20
35512.11861143203
 10
5984.411903637219
 20
35512.11861143203
 10
5984.411903637219
 20
35232.11861143203
  0
LWPOLYLINE
  5
33
330
17
100
AcDbEntity
  8
F03_WALLS
100
AcDbPolyline
 90
5
 70
1
 10
53228.73660114094
 20
35372.11861143203
 10
53228.73660114094
 20
32369.642955383173
 10
53508.73660114094
 20
32369.642955383173
 10
53508.73660114094
 20
35372.11861143203
 10
53228.73660114094
 20
35372.11861143203
  0
LWPOLYLINE
  5
34
330
17
100
AcDbEntity
  8
F03_WALLS
100
AcDbPolyline
 90
5
 70
1
 10
53368.73660114094
 20
32229.642955383173
 10
55168.67119654082
 20
32229.642955383173
 10
55168.67119654082
 20
32509.642955383173
 10
53368.73660114094
 20
32509.642955383173
 10
53368.73660114094
 20
32229.642955383173
  0
LWPOLYLINE
  5
35
330
17
100
AcDbEntity
  8
F03_WALLS
100
AcDbPolyline
 90
5
 70
1
 10
55028.67119654082
 20
32369.642955383173
 10
55028.67119654082
 20
23779.22649502118
 10
55308.67119654082
 20
23779.22649502118
 10
55308.67119654082
 20
32369.642955383173
 10
55028.67119654082
 20
32369.642955383173
  0
LWPOLYLINE
  5
36
330
17
100
AcDbEntity
  8
F03_WALLS
100
AcDbPolyline
 90
5
 70
1
 10
55028.67119654082
 20
11852.725972382681
 10
55028.67119654082
 20
3554.216867469879
 10
55308.67119654082
 20
3554.216867469879
 10
55308.67119654082
 20
11852.725972382681
 10
55028.67119654082
 20
11852.725972382681
  0
LWPOLYLINE
  5
37
330
17
100
AcDbEntity
  8
F03_WALLS
100
AcDbPolyline
 90
5
 70
1
 10
55168.67119654082
 20
3694.216867469879
 10
53452.454489299074
 20
3694.216867469879
 10
53452.454489299074
 20
3414.216867469879
 10
55168.67119654082
 20
3414.216867469879
 10
55168.67119654082
 20
3694.216867469879
  0
LWPOLYLINE
  5
38
330
17
100
AcDbEntity
  8
F03_WALLS
100
AcDbPolyline
 90
5
 70
1
 10
53312.454489299074
 20
3554.216867469879
 10
53312.454489299074
 20
259.8338559718323
 10
53592.454489299074
 20
259.8338559718323
 10
53592.454489299074
 20
3554.216867469879
 10
53312.454489299074
 20
3554.216867469879
  0
LWPOLYLINE
  5
39
330
17
100
AcDbEntity
  8
F03_WALLS
100
AcDbPolyline
 90
5
 70
1
 10
53452.454489299074
 20
399.8338559718323
 10
9793.575814832308
 20
399.8338559718323
 10
9793.575814832308
 20
119.83385597183229
 10
53452.454489299074
 20
119.83385597183229
 10
53452.454489299074
 20
399.8338559718323
  0
LWPOLYLINE
  5
3A
330
17
100
AcDbEntity
  8
F03_WALLS
100
AcDbPolyline
 90
5
 70
1
 10
9883.08906437859
 20
367.478540725261
 10
4818.156830811496
 20
4579.284669349349
 10
4639.130331718931
 20
4363.9952998424915
 10
9704.062565286025
 20
152.1891712184036
 10
9883.08906437859
 20
367.478540725261
  0
LWPOLYLINE
  5
3B
330
17
100
AcDbEntity
  8
F03_WALLS
100
AcDbPolyline
 90
5
 70
1
 10
4868.601642302509
 20
4475.06652084709
 10
4282.576425195573
 20
28411.469667680994
 10
4002.6603031209816
 20
28404.616595178657
 10
4588.685520227918
 20
4468.213448344751
 10
4868.601642302509
 20
4475.06652084709
  0
LWPOLYLINE
  5
3C
330
17
100
AcDbEntity
  8
F03_WALLS
100
AcDbPolyline
 90
5
 70
1
 10
4282.268246755179
 20
29293.660160671316
 10
4031.1145822807766
 20
32838.2494768401
 10
3751.8148170869754
 20
32818.459551052285
 10
4002.9684815613764
 20
29273.8702348835
 10
4282.268246755179
 20
29293.660160671316
  0
LWPOLYLINE
  5
3D
330
17
100
AcDbEntity
  8
F03_WALLS
100
AcDbPolyline
 90
5
 70
1
 10
3999.5749094038733
 20
32739.404063951275
 10
6092.522113357217
 20
35283.16816143711
 10
5876.301693917222
 20
35461.06906142695
 10
3783.3544899638787
 20
32917.30496394111
 10
3999.5749094038733
 20
32739.404063951275
  0
LWPOLYLINE
  5
3E
330
17
100
AcDbEntity
  8
F03_WALLS
100
AcDbPolyline
 90
5
 70
1
 10
17102.608916827146
 20
35205.3144083182
 10
17102.608916827146
 20
31952.63244759861
 10
17302.608916827146
 20
31952.63244759861
 10
17302.608916827146
 20
35205.3144083182
 10
17102.608916827146
 20
35205.3144083182
  0
LWPOLYLINE
  5
3F
330
17
100
AcDbEntity
  8
F03_WALLS
100
AcDbPolyline
 90
5
 70
1
 10
17202.608916827146
 20
31852.63244759861
 10
19797.863449729295
 20
31852.63244759861
 10
19797.863449729295
 20
32052.63244759861
 10
17202.608916827146
 20
32052.63244759861
 10
17202.608916827146
 20
31852.63244759861
  0
LWPOLYLINE
  5
40
330
17
100
AcDbEntity
  8
F03_WALLS
100
AcDbPolyline
 90
5
 70
1
 10
19897.863449729295
 20
31952.63244759861
 10
19897.863449729295
 20
35163.61335753975
 10
19697.863449729295
 20
35163.61335753975
 10
19697.863449729295
 20
31952.63244759861
 10
19897.863449729295
 20
31952.63244759861
  0
LWPOLYLINE
  5
41
330
17
100
AcDbEntity
  8
F03_WALLS
100
AcDbPolyline
 90
5
 70
1
 10
21707.092765524503
 20
35121.91230676129
 10
21707.092765524503
 20
32453.045056940085
 10
21907.092765524503
 20
32453.045056940085
 10
21907.092765524503
 20
35121.91230676129
 10
21707.092765524503
 20
35121.91230676129
  0
LWPOLYLINE
  5
42
330
17
100
AcDbEntity
  8
F03_WALLS
100
AcDbPolyline
 90
5
 70
1
 10
21807.092765524503
 20
32353.045056940085
 10
24360.488354347584
 20
32353.045056940085
 10
24360.488354347584
 20
32553.045056940085
 10
21807.092765524503
 20
32553.045056940085
 10
21807.092765524503
 20
32353.045056940085
  0
LWPOLYLINE
  5
43
330
17
100
AcDbEntity
  8
F03_WALLS
100
AcDbPolyline
 90
5
 70
1
 10
24460.488354347584
 20
32453.045056940085
 10
24460.488354347584
 20
35121.91230676129
 10
24260.488354347584
 20
35121.91230676129
 10
24260.488354347584
 20
32453.045056940085
 10
24460.488354347584
 20
32453.045056940085
  0
LWPOLYLINE
  5
44
330
17
100
AcDbEntity
  8
F03_WALLS
100
AcDbPolyline
 90
5
 70
1
 10
25825.551397114927
 20
31602.426142927874
 10
33109.00766687257
 20
31602.426142927874
 10
33109.00766687257
 20
31802.426142927874
 10
25825.551397114927
 20
31802.426142927874
 10
25825.551397114927
 20
31602.426142927874
  0
LWPOLYLINE
  5
45
330
17
100
AcDbEntity
  8
F03_WALLS
100
AcDbPolyline
 90
5
 70
1
 10
33209.00766687257
 20
31702.426142927874
 10
33209.00766687257
 20
35038.51020520438
 10
33009.00766687257
 20
35038.51020520438
 10
33009.00766687257
 20
31702.426142927874
 10
33209.00766687257
 20
31702.426142927874
  0
LWPOLYLINE
  5
46
330
17
100
AcDbEntity
  8
F03_WALLS
100
AcDbPolyline
 90
5
 70
1
 10
33946.18654845391
 20
34980.21125598284
 10
35871.69797609098
 20
34980.21125598284
 10
35871.69797609098
 20
35180.21125598284
 10
33946.18654845391
 20
35180.21125598284
 10
33946.18654845391
 20
34980.21125598284
  0
LWPOLYLINE
  5
47
330
17
100
AcDbEntity
  8
F03_WALLS
100
AcDbPolyline
 90
5
 70
1
 10
35771.69797609098
 20
35080.21125598284
 10
35771.69797609098
 20
32411.34400616163
 10
35971.69797609098
 20
32411.34400616163
 10
35971.69797609098
 20
35080.21125598284
 10
35771.69797609098
 20
35080.21125598284
  0
LWPOLYLINE
  5
48
330
17
100
AcDbEntity
  8
F03_WALLS
100
AcDbPolyline
 90
5
 70
1
 10
35871.69797609098
 20
32511.34400616163
 10
33946.18654845391
 20
32511.34400616163
 10
33946.18654845391
 20
32311.34400616163
 10
35871.69797609098
 20
32311.34400616163
 10
35871.69797609098
 20
32511.34400616163
  0
LWPOLYLINE
  5
49
330
17
100
AcDbEntity
  8
F03_WALLS
100
AcDbPolyline
 90
5
 70
1
 10
34046.18654845391
 20
32411.34400616163
 10
34046.18654845391
 20
35080.21125598284
 10
33846.18654845391
 20
35080.21125598284
 10
33846.18654845391
 20
32411.34400616163
 10
34046.18654845391
 20
32411.34400616163
  0
LWPOLYLINE
  5
4A
330
17
100
AcDbEntity
  8
F03_WALLS
100
AcDbPolyline
 90
5
 70
1
 10
37169.32524254206
 20
33520.67447873686
 10
41104.06598597434
 20
33520.67447873686
 10
41104.06598597434
 20
33720.67447873686
 10
37169.32524254206
 20
33720.67447873686
 10
37169.32524254206
 20
33520.67447873686
  0
LWPOLYLINE
  5
4B
330
17
100
AcDbEntity
  8
F03_WALLS
100
AcDbPolyline
 90
5
 70
1
 10
41004.06598597434
 20
33620.67447873686
 10
41004.06598597434
 20
31994.333498377066
 10
41204.06598597434
 20
31994.333498377066
 10
41204.06598597434
 20
33620.67447873686
 10
41004.06598597434
 20
33620.67447873686
  0
LWPOLYLINE
  5
4C
330
17
100
AcDbEntity
  8
F03_WALLS
100
AcDbPolyline
 90
5
 70
1
 10
41104.06598597434
 20
32094.333498377066
 10
39555.28505504887
 20
32094.333498377066
 10
39555.28505504887
 20
31894.333498377066
 10
41104.06598597434
 20
31894.333498377066
 10
41104.06598597434
 20
32094.333498377066
  0
LWPOLYLINE
  5
4D
330
17
100
AcDbEntity
  8
F03_WALLS
100
AcDbPolyline
 90
5
 70
1
 10
45273.67828203916
 20
35080.21125598284
 10
45273.67828203916
 20
32286.240853826264
 10
45473.67828203916
 20
32286.240853826264
 10
45473.67828203916
 20
35080.21125598284
 10
45273.67828203916
 20
35080.21125598284
  0
LWPOLYLINE
  5
4E
330
17
100
AcDbEntity
  8
F03_WALLS
100
AcDbPolyline
 90
5
 70
1
 10
45541.11405835543
 20
31352.219838257137
 10
50187.456851131865
 20
31352.219838257137
 10
50187.456851131865
 20
31552.219838257137
 10
45541.11405835543
 20
31552.219838257137
 10
45541.11405835543
 20
31352.219838257137
  0
LWPOLYLINE
  5
4F
330
17
100
AcDbEntity
  8
F03_WALLS
100
AcDbPolyline
 90
5
 70
1
 10
50087.456851131865
 20
31452.219838257137
 10
50087.456851131865
 20
30159.487264124993
 10
50287.456851131865
 20
30159.487264124993
 10
50287.456851131865
 20
31452.219838257137
 10
50087.456851131865
 20
31452.219838257137
  0
LWPOLYLINE
  5
50
330
17
100
AcDbEntity
  8
F03_WALLS
100
AcDbPolyline
 90
5
 70
1
 10
50187.456851131865
 20
30059.487264124993
 10
51192.07150902947
 20
30059.487264124993
 10
51192.07150902947
 20
30259.487264124993
 10
50187.456851131865
 20
30259.487264124993
 10
50187.456851131865
 20
30059.487264124993
  0
LWPOLYLINE
  5
51
330
17
100
AcDbEntity
  8
F03_WALLS
100
AcDbPolyline
 90
5
 70
1
 10
21865.233821445436
 20
27323.81581118996
 10
21865.233821445436
 20
29450.569400891236
 10
21665.233821445436
 20
29450.569400891236
 10
21665.233821445436
 20
27323.81581118996
 10
21865.233821445436
 20
27323.81581118996
  0
LWPOLYLINE
  5
52
330
17
100
AcDbEntity
  8
F03_WALLS
100
AcDbPolyline
 90
5
 70
1
 10
21765.233821445436
 20
29350.569400891236
 10
25448.820900403323
 20
29350.569400891236
 10
25448.820900403323
 20
29550.569400891236
 10
21765.233821445436
 20
29550.569400891236
 10
21765.233821445436
 20
29350.569400891236
  0
LWPOLYLINE
  5
53
330
17
100
AcDbEntity
  8
F03_WALLS
100
AcDbPolyline
 90
5
 70
1
 10
25348.820900403323
 20
29450.569400891236
 10
25348.820900403323
 20
28449.744182208284
 10
25548.820900403323
 20
28449.744182208284
 10
25548.820900403323
 20
29450.569400891236
 10
25348.820900403323
 20
29450.569400891236
  0
LWPOLYLINE
  5
54
330
17
100
AcDbEntity
  8
F03_WALLS
100
AcDbPolyline
 90
5
 70
1
 10
27499.909160277602
 20
29267.16729933432
 10
32941.5718905563
 20
29267.16729933432
 10
32941.5718905563
 20
29467.16729933432
 10
27499.909160277602
 20
29467.16729933432
 10
27499.909160277602
 20
29267.16729933432
  0
LWPOLYLINE
  5
55
330
17
100
AcDbEntity
  8
F03_WALLS
100
AcDbPolyline
 90
5
 70
1
 10
33041.5718905563
 20
29367.16729933432
 10
33041.5718905563
 20
29659.07465478351
 10
32841.5718905563
 20
29659.07465478351
 10
32841.5718905563
 20
29367.16729933432
 10
33041.5718905563
 20
29367.16729933432
  0
LWPOLYLINE
  5
56
330
17
100
AcDbEntity
  8
F03_WALLS
100
AcDbPolyline
 90
5
 70
1
 10
32941.5718905563
 20
29559.07465478351
 10
34615.92965371897
 20
29559.07465478351
 10
34615.92965371897
 20
29759.07465478351
 10
32941.5718905563
 20
29759.07465478351
 10
32941.5718905563
 20
29559.07465478351
  0
LWPOLYLINE
  5
57
330
17
100
AcDbEntity
  8
F03_WALLS
100
AcDbPolyline
 90
5
 70
1
 10
36290.28741688165
 20
29392.27045166969
 10
38759.96511754659
 20
29392.27045166969
 10
38759.96511754659
 20
29592.27045166969
 10
36290.28741688165
 20
29592.27045166969
 10
36290.28741688165
 20
29392.27045166969
  0
LWPOLYLINE
  5
58
330
17
100
AcDbEntity
  8
F03_WALLS
100
AcDbPolyline
 90
5
 70
1
 10
38659.96511754659
 20
29492.27045166969
 10
38659.96511754659
 20
28699.950486879017
 10
38859.96511754659
 20
28699.950486879017
 10
38859.96511754659
 20
29492.27045166969
 10
38659.96511754659
 20
29492.27045166969
  0
LWPOLYLINE
  5
59
330
17
100
AcDbEntity
  8
F03_WALLS
100
AcDbPolyline
 90
5
 70
1
 10
38759.96511754659
 20
28599.950486879017
 10
41397.07859452782
 20
28599.950486879017
 10
41397.07859452782
 20
28799.950486879017
 10
38759.96511754659
 20
28799.950486879017
 10
38759.96511754659
 20
28599.950486879017
  0
LWPOLYLINE
  5
5A
330
17
100
AcDbEntity
  8
F03_WALLS
100
AcDbPolyline
 90
5
 70
1
 10
41497.07859452782
 20
28699.950486879017
 10
41497.07859452782
 20
29492.27045166969
 10
41297.07859452782
 20
29492.27045166969
 10
41297.07859452782
 20
28699.950486879017
 10
41497.07859452782
 20
28699.950486879017
  0
LWPOLYLINE
  5
5B
330
17
100
AcDbEntity
  8
F03_WALLS
100
AcDbPolyline
 90
5
 70
1
 10
41397.07859452782
 20
29392.27045166969
 10
43406.30791032302
 20
29392.27045166969
 10
43406.30791032302
 20
29592.27045166969
 10
41397.07859452782
 20
29592.27045166969
 10
41397.07859452782
 20
29392.27045166969
  0
LWPOLYLINE
  5
5C
330
17
100
AcDbEntity
  8
F03_WALLS
100
AcDbPolyline
 90
5
 70
1
 10
43306.30791032302
 20
29450.569400891236
 10
43306.30791032302
 20
24279.639104362654
 10
43506.30791032302
 20
24279.639104362654
 10
43506.30791032302
 20
29450.569400891236
 10
43306.30791032302
 20
29450.569400891236
  0
LWPOLYLINE
  5
5D
330
17
100
AcDbEntity
  8
F03_WALLS
100
AcDbPolyline
 90
5
 70
1
 10
43406.30791032302
 20
24179.639104362654
 10
45499.25511427637
 20
24179.639104362654
 10
45499.25511427637
 20
24379.639104362654
 10
43406.30791032302
 20
24379.639104362654
 10
43406.30791032302
 20
24179.639104362654
  0
LWPOLYLINE
  5
5E
330
17
100
AcDbEntity
  8
F03_WALLS
100
AcDbPolyline
 90
5
 70
1
 10
45708.54983467169
 20
27849.33157286681
 10
47048.03604520184
 20
27849.33157286681
 10
47048.03604520184
 20
28049.33157286681
 10
45708.54983467169
 20
28049.33157286681
 10
45708.54983467169
 20
27849.33157286681
  0
LWPOLYLINE
  5
5F
330
17
100
AcDbEntity
  8
F03_WALLS
100
AcDbPolyline
 90
5
 70
1
 10
46948.03604520184
 20
27949.33157286681
 10
46948.03604520184
 20
24279.639104362654
 10
47148.03604520184
 20
24279.639104362654
 10
47148.03604520184
 20
27949.33157286681
 10
46948.03604520184
 20
27949.33157286681
  0
LWPOLYLINE
  5
60
330
17
100
AcDbEntity
  8
F03_WALLS
100
AcDbPolyline
 90
5
 70
1
 10
47048.03604520184
 20
24379.639104362654
 10
46503.86977217398
 20
24379.639104362654
 10
46503.86977217398
 20
24179.639104362654
 10
47048.03604520184
 20
24179.639104362654
 10
47048.03604520184
 20
24379.639104362654
  0
LWPOLYLINE
  5
61
330
17
100
AcDbEntity
  8
F03_WALLS
100
AcDbPolyline
 90
5
 70
1
 10
45608.54983467169
 20
22319.68971777521
 10
45608.54983467169
 20
16856.852065797437
 10
45808.54983467169
 20
16856.852065797437
 10
45808.54983467169
 20
22319.68971777521
 10
45608.54983467169
 20
22319.68971777521
  0
LWPOLYLINE
  5
62
330
17
100
AcDbEntity
  8
F03_WALLS
100
AcDbPolyline
 90
5
 70
1
 10
45708.54983467169
 20
16756.852065797437
 10
47048.03604520184
 20
16756.852065797437
 10
47048.03604520184
 20
16956.852065797437
 10
45708.54983467169
 20
16956.852065797437
 10
45708.54983467169
 20
16756.852065797437
  0
LWPOLYLINE
  5
63
330
17
100
AcDbEntity
  8
F03_WALLS
100
AcDbPolyline
 90
5
 70
1
 10
45608.54983467169
 20
14730.098476096166
 10
45608.54983467169
 20
12936.953292622546
 10
45808.54983467169
 20
12936.953292622546
 10
45808.54983467169
 20
14730.098476096166
 10
45608.54983467169
 20
14730.098476096166
  0
LWPOLYLINE
  5
64
330
17
100
AcDbEntity
  8
F03_WALLS
100
AcDbPolyline
 90
5
 70
1
 10
45708.54983467169
 20
13036.953292622546
 10
43448.166854402094
 20
13036.953292622546
 10
43448.166854402094
 20
12836.953292622546
 10
45708.54983467169
 20
12836.953292622546
 10
45708.54983467169
 20
13036.953292622546
  0
LWPOLYLINE
  5
65
330
17
100
AcDbEntity
  8
F03_WALLS
100
AcDbPolyline
 90
5
 70
1
 10
46948.03604520184
 20
12895.252241844088
 10
46948.03604520184
 20
6598.393574297191
 10
47148.03604520184
 20
6598.393574297191
 10
47148.03604520184
 20
12895.252241844088
 10
46948.03604520184
 20
12895.252241844088
  0
LWPOLYLINE
  5
66
330
17
100
AcDbEntity
  8
F03_WALLS
100
AcDbPolyline
 90
5
 70
1
 10
47048.03604520184
 20
6698.393574297191
 10
45582.973002434504
 20
6698.393574297191
 10
45582.973002434504
 20
6498.393574297191
 10
47048.03604520184
 20
6498.393574297191
 10
47048.03604520184
 20
6698.393574297191
  0
LWPOLYLINE
  5
67
330
17
100
AcDbEntity
  8
F03_WALLS
100
AcDbPolyline
 90
5
 70
1
 10
41480.796482685946
 20
5906.0736095065195
 10
36499.582137276986
 20
5906.0736095065195
 10
36499.582137276986
 20
5706.0736095065195
 10
41480.796482685946
 20
5706.0736095065195
 10
41480.796482685946
 20
5906.0736095065195
  0
LWPOLYLINE
  5
68
330
17
100
AcDbEntity
  8
F03_WALLS
100
AcDbPolyline
 90
5
 70
1
 10
34657.78859779804
 20
5906.0736095065195
 10
27625.4859925148
 20
5906.0736095065195
 10
27625.4859925148
 20
5706.0736095065195
 10
34657.78859779804
 20
5706.0736095065195
 10
34657.78859779804
 20
5906.0736095065195
  0
LWPOLYLINE
  5
69
330
17
100
AcDbEntity
  8
F03_WALLS
100
AcDbPolyline
 90
5
 70
1
 10
25448.820900403323
 20
5906.0736095065195
 10
21765.233821445436
 20
5906.0736095065195
 10
21765.233821445436
 20
5706.0736095065195
 10
25448.820900403323
 20
5706.0736095065195
 10
25448.820900403323
 20
5906.0736095065195
  0
LWPOLYLINE
  5
6A
330
17
100
AcDbEntity
  8
F03_WALLS
100
AcDbPolyline
 90
5
 70
1
 10
21865.233821445436
 20
5806.0736095065195
 10
21865.233821445436
 20
8057.93035154316
 10
21665.233821445436
 20
8057.93035154316
 10
21665.233821445436
 20
5806.0736095065195
 10
21865.233821445436
 20
5806.0736095065195
  0
LWPOLYLINE
  5
6B
330
17
100
AcDbEntity
  8
F03_WALLS
100
AcDbPolyline
 90
5
 70
1
 10
19102.543512227025
 20
343.23595752874854
 10
19102.543512227025
 20
4138.031578368269
 10
18902.543512227025
 20
4138.031578368269
 10
18902.543512227025
 20
343.23595752874854
 10
19102.543512227025
 20
343.23595752874854
  0
LWPOLYLINE
  5
6C
330
17
100
AcDbEntity
  8
F03_WALLS
100
AcDbPolyline
 90
5
 70
1
 10
19002.543512227025
 20
4038.031578368269
 10
21597.79804512917
 20
4038.031578368269
 10
21597.79804512917
 20
4238.031578368269
 10
19002.543512227025
 20
4238.031578368269
 10
19002.543512227025
 20
4038.031578368269
  0
LWPOLYLINE
  5
6D
330
17
100
AcDbEntity
  8
F03_WALLS
100
AcDbPolyline
 90
5
 70
1
 10
21497.79804512917
 20
4138.031578368269
 10
21497.79804512917
 20
1969.5769378885404
 10
21697.79804512917
 20
1969.5769378885404
 10
21697.79804512917
 20
4138.031578368269
 10
21497.79804512917
 20
4138.031578368269
  0
LWPOLYLINE
  5
6E
330
17
100
AcDbEntity
  8
F03_WALLS
100
AcDbPolyline
 90
5
 70
1
 10
25574.397732640526
 20
3829.526324475988
 10
33150.866610951634
 20
3829.526324475988
 10
33150.866610951634
 20
4029.526324475988
 10
25574.397732640526
 20
4029.526324475988
 10
25574.397732640526
 20
3829.526324475988
  0
LWPOLYLINE
  5
6F
330
17
100
AcDbEntity
  8
F03_WALLS
100
AcDbPolyline
 90
5
 70
1
 10
33050.866610951634
 20
3929.526324475988
 10
33050.866610951634
 20
426.63805908566013
 10
33250.866610951634
 20
426.63805908566013
 10
33250.866610951634
 20
3929.526324475988
 10
33050.866610951634
 20
3929.526324475988
  0
LWPOLYLINE
  5
70
330
17
100
AcDbEntity
  8
F03_WALLS
100
AcDbPolyline
 90
5
 70
1
 10
33653.17393990044
 20
3621.0210705837067
 10
35871.69797609098
 20
3621.0210705837067
 10
35871.69797609098
 20
3821.0210705837067
 10
33653.17393990044
 20
3821.0210705837067
 10
33653.17393990044
 20
3621.0210705837067
  0
LWPOLYLINE
  5
71
330
17
100
AcDbEntity
  8
F03_WALLS
100
AcDbPolyline
 90
5
 70
1
 10
35771.69797609098
 20
3721.0210705837067
 10
35771.69797609098
 20
384.937008307202
 10
35971.69797609098
 20
384.937008307202
 10
35971.69797609098
 20
3721.0210705837067
 10
35771.69797609098
 20
3721.0210705837067
  0
LWPOLYLINE
  5
72
330
17
100
AcDbEntity
  8
F03_WALLS
100
AcDbPolyline
 90
5
 70
1
 10
37043.748410304855
 20
1952.9790394454521
 10
44494.64045637876
 20
1952.9790394454521
 10
44494.64045637876
 20
2152.979039445452
 10
37043.748410304855
 20
2152.979039445452
 10
37043.748410304855
 20
1952.9790394454521
  0
LWPOLYLINE
  5
73
330
17
100
AcDbEntity
  8
F03_WALLS
100
AcDbPolyline
 90
5
 70
1
 10
44394.64045637876
 20
2052.979039445452
 10
44394.64045637876
 20
468.3391098641136
 10
44594.64045637876
 20
468.3391098641136
 10
44594.64045637876
 20
2052.979039445452
 10
44394.64045637876
 20
2052.979039445452
  0
LWPOLYLINE
  5
74
330
17
100
AcDbEntity
  8
F03_WALLS
100
AcDbPolyline
 90
5
 70
1
 10
45959.7034991461
 20
3495.917918248337
 10
50438.61051560626
 20
3495.917918248337
 10
50438.61051560626
 20
3695.917918248337
 10
45959.7034991461
 20
3695.917918248337
 10
45959.7034991461
 20
3495.917918248337
  0
LWPOLYLINE
  5
75
330
17
100
AcDbEntity
  8
F03_WALLS
100
AcDbPolyline
 90
5
 70
1
 10
50538.61051560626
 20
3595.917918248337
 10
50538.61051560626
 20
4555.042086152832
 10
50338.61051560626
 20
4555.042086152832
 10
50338.61051560626
 20
3595.917918248337
 10
50538.61051560626
 20
3595.917918248337
  0
LWPOLYLINE
  5
76
330
17
100
AcDbEntity
  8
F03_WALLS
100
AcDbPolyline
 90
5
 70
1
 10
50438.61051560626
 20
4455.042086152832
 10
51150.212564950394
 20
4455.042086152832
 10
51150.212564950394
 20
4655.042086152832
 10
50438.61051560626
 20
4655.042086152832
 10
50438.61051560626
 20
4455.042086152832
  0
LWPOLYLINE
  5
77
330
17
100
AcDbEntity
  8
F03_WALLS
100
AcDbPolyline
 90
5
 70
1
 10
52782.711384034
 20
4538.444187709743
 10
53619.890265615344
 20
4538.444187709743
 10
53619.890265615344
 20
4738.444187709743
 10
52782.711384034
 20
4738.444187709743
 10
52782.711384034
 20
4538.444187709743
  0
LWPOLYLINE
  5
79
330
17
100
AcDbEntity
  8
F03_PIT
100
AcDbPolyline
 90
193
 70
1
 10
21053.6317721013
 20
17690.87308136656
 10
21049.642471187588
 20
17447.086727414957
 10
21037.67884028978
 20
17203.561425997344
 10
21017.7536903635
 20
16960.55795010613
 10
20989.888357758366
 20
16718.336513949864
 10
20954.112681370476
 20
16477.156494309376
 10
20910.46497069019
 20
16237.276152790593
 10
20858.99196477936
 20
15998.952359271563
 10
20799.748782221977
 20
15762.440316839746
 10
20732.7988621018
 20
15527.993288514157
 10
20658.21389607021
 20
15295.862326044986
 10
20576.07375157698
 20
15066.29600108109
 10
20486.46638634622
 20
14839.540138993252
 10
20389.48775418904
 20
14615.837555638209
 10
20285.2417022538
 20
14395.427797345357
 10
20173.839859823995
 20
14178.54688440454
 10
20055.40151878281
 20
13965.427058329607
 10
19930.05350587239
 20
13756.296533168392
 10
19797.930046884583
 20
13551.37925112538
 10
19659.172622928607
 20
13350.894642758805
 10
19513.929818929526
 20
13155.0573920089
 10
19362.357164519795
 20
12964.07720630895
 10
19204.616967494243
 20
12778.15859202534
 10
19040.878140006804
 20
12597.500635466997
 10
18871.316017695164
 20
12422.29678969879
 10
18696.112171926958
 20
12252.73466738715
 10
18515.454215368612
 20
12088.995839899711
 10
18329.535601085005
 20
11931.25564287416
 10
18138.555415385057
 20
11779.68298846443
 10
17942.71816463515
 20
11634.44018446535
 10
17742.233556268577
 20
11495.682760509371
 10
17537.316274225566
 20
11363.559301521564
 10
17328.18574906435
 20
11238.211288611143
 10
17115.065922989415
 20
11119.77294756996
 10
16898.185010048597
 20
11008.371105140155
 10
16677.775251755746
 20
10904.125053204916
 10
16454.072668400702
 20
10807.146421047735
 10
16227.316806312865
 20
10717.539055816975
 10
15997.75048134897
 20
10635.398911323744
 10
15765.6195188798
 20
10560.813945292151
 10
15531.17249055421
 20
10493.864025171975
 10
15294.660448122393
 20
10434.620842614593
 10
15056.336654603361
 20
10383.147836703763
 10
14816.45631308458
 20
10339.500126023479
 10
14575.27629344409
 20
10303.724449635589
 10
14333.054857287829
 20
10275.859117030453
 10
14090.051381396612
 20
10255.933967104176
 10
13846.526079979001
 20
10243.970336206368
 10
13602.739726027394
 20
10239.981035292654
 10
13358.95337207579
 20
10243.970336206368
 10
13115.428070658178
 20
10255.933967104176
 10
12872.424594766962
 20
10275.859117030453
 10
12630.203158610699
 20
10303.724449635589
 10
12389.023138970211
 20
10339.500126023479
 10
12149.142797451428
 20
10383.147836703763
 10
11910.819003932396
 20
10434.620842614593
 10
11674.306961500579
 20
10493.864025171975
 10
11439.85993317499
 20
10560.81394529215
 10
11207.728970705819
 20
10635.398911323744
 10
10978.162645741924
 20
10717.539055816973
 10
10751.406783654085
 20
10807.146421047733
 10
10527.704200299042
 20
10904.125053204916
 10
10307.294442006192
 20
11008.371105140153
 10
10090.413529065376
 20
11119.772947569956
 10
9877.293702990442
 20
11238.211288611143
 10
9668.163177829223
 20
11363.559301521564
 10
9463.245895786215
 20
11495.682760509371
 10
9262.761287419638
 20
11634.440184465348
 10
9066.924036669734
 20
11779.682988464428
 10
8875.943850969785
 20
11931.255642874157
 10
8690.025236686175
 20
12088.995839899708
 10
8509.367280127832
 20
12252.734667387147
 10
8334.163434359623
 20
12422.29678969879
 10
8164.601312047984
 20
12597.500635466995
 10
8000.8624845605445
 20
12778.15859202534
 10
7843.122287534994
 20
12964.077206308948
 10
7691.549633125264
 20
13155.057392008897
 10
7546.3068291261825
 20
13350.894642758805
 10
7407.549405170205
 20
13551.379251125378
 10
7275.425946182398
 20
13756.296533168388
 10
7150.077933271978
 20
13965.427058329606
 10
7031.639592230792
 20
14178.546884404539
 10
6920.237749800988
 20
14395.427797345354
 10
6815.99169786575
 20
14615.837555638207
 10
6719.013065708567
 20
14839.54013899325
 10
6629.405700477808
 20
15066.296001081086
 10
6547.265555984576
 20
15295.862326044982
 10
6472.680589952985
 20
15527.993288514153
 10
6405.730669832808
 20
15762.440316839744
 10
6346.487487275426
 20
15998.95235927156
 10
6295.0144813645975
 20
16237.276152790591
 10
6251.3667706843125
 20
16477.156494309376
 10
6215.591094296422
 20
16718.33651394986
 10
6187.725761691287
 20
16960.557950106126
 10
6167.800611765009
 20
17203.56142599734
 10
6155.836980867201
 20
17447.086727414953
 10
6151.8476799534865
 20
17690.87308136656
 10
6155.836980867201
 20
17934.659435318164
 10
6167.800611765009
 20
18178.184736735777
 10
6187.725761691287
 20
18421.188212626992
 10
6215.591094296422
 20
18663.409648783254
 10
6251.366770684312
 20
18904.58966842374
 10
6295.014481364597
 20
19144.470009942524
 10
6346.487487275425
 20
19382.793803461558
 10
6405.7306698328075
 20
19619.305845893374
 10
6472.680589952984
 20
19853.752874218964
 10
6547.265555984575
 20
20085.883836688132
 10
6629.405700477806
 20
20315.45016165203
 10
6719.013065708566
 20
20542.206023739865
 10
6815.9916978657475
 20
20765.90860709491
 10
6920.237749800986
 20
20986.318365387764
 10
7031.639592230789
 20
21203.19927832858
 10
7150.077933271975
 20
21416.319104403512
 10
7275.425946182394
 20
21625.44962956473
 10
7407.549405170203
 20
21830.36691160774
 10
7546.306829126179
 20
22030.851519974312
 10
7691.5496331252625
 20
22226.68877072422
 10
7843.12228753499
 20
22417.668956424168
 10
8000.862484560541
 20
22603.58757070778
 10
8164.601312047981
 20
22784.245527266125
 10
8334.163434359622
 20
22959.449373034327
 10
8509.367280127828
 20
23129.01149534597
 10
8690.025236686171
 20
23292.75032283341
 10
8875.94385096978
 20
23450.490519858962
 10
9066.92403666973
 20
23602.06317426869
 10
9262.761287419638
 20
23747.305978267774
 10
9463.245895786207
 20
23886.063402223746
 10
9668.16317782922
 20
24018.186861211554
 10
9877.293702990437
 20
24143.53487412198
 10
10090.413529065372
 20
24261.97321516316
 10
10307.29444200619
 20
24373.375057592966
 10
10527.704200299037
 20
24477.621109528205
 10
10751.40678365408
 20
24574.599741685386
 10
10978.162645741919
 20
24664.207106916147
 10
11207.728970705815
 20
24746.347251409377
 10
11439.859933174988
 20
24820.932217440968
 10
11674.306961500572
 20
24887.882137561144
 10
11910.819003932393
 20
24947.125320118528
 10
12149.142797451423
 20
24998.598326029358
 10
12389.023138970208
 20
25042.246036709643
 10
12630.203158610691
 20
25078.021713097532
 10
12872.424594766955
 20
25105.887045702668
 10
13115.428070658172
 20
25125.812195628947
 10
13358.953372075786
 20
25137.775826526755
 10
13602.739726027394
 20
25141.765127440467
 10
13846.526079978992
 20
25137.775826526755
 10
14090.051381396606
 20
25125.812195628947
 10
14333.054857287823
 20
25105.887045702668
 10
14575.276293444087
 20
25078.021713097532
 10
14816.456313084578
 20
25042.246036709643
 10
15056.336654603354
 20
24998.598326029358
 10
15294.660448122388
 20
24947.12532011853
 10
15531.172490554207
 20
24887.882137561148
 10
15765.619518879797
 20
24820.93221744097
 10
15997.750481348969
 20
24746.347251409377
 10
16227.31680631286
 20
24664.20710691615
 10
16454.0726684007
 20
24574.59974168539
 10
16677.775251755742
 20
24477.621109528205
 10
16898.185010048594
 20
24373.375057592966
 10
17115.065922989408
 20
24261.973215163165
 10
17328.18574906434
 20
24143.534874121982
 10
17537.31627422556
 20
24018.18686121156
 10
17742.233556268573
 20
23886.06340222375
 10
17942.718164635146
 20
23747.305978267774
 10
18138.55541538505
 20
23602.063174268696
 10
18329.535601085
 20
23450.490519858966
 10
18515.454215368612
 20
23292.750322833414
 10
18696.112171926958
 20
23129.011495345974
 10
18871.316017695164
 20
22959.44937303433
 10
19040.8781400068
 20
22784.24552726613
 10
19204.616967494243
 20
22603.587570707787
 10
19362.35716451979
 20
22417.668956424175
 10
19513.929818929522
 20
22226.688770724228
 10
19659.172622928607
 20
22030.851519974316
 10
19797.93004688458
 20
21830.366911607747
 10
19930.053505872387
 20
21625.449629564737
 10
20055.40151878281
 20
21416.31910440352
 10
20173.839859823995
 20
21203.199278328582
 10
20285.241702253796
 20
20986.31836538777
 10
20389.48775418904
 20
20765.90860709492
 10
20486.46638634622
 20
20542.206023739876
 10
20576.07375157698
 20
20315.450161652036
 10
20658.21389607021
 20
20085.88383668814
 10
20732.7988621018
 20
19853.75287421897
 10
20799.748782221977
 20
19619.30584589338
 10
20858.99196477936
 20
19382.79380346156
 10
20910.46497069019
 20
19144.47000994253
 10
20954.112681370476
 20
18904.58966842375
 10
20989.888357758366
 20
18663.409648783265
 10
21017.7536903635
 20
18421.188212627
 10
21037.67884028978
 20
18178.18473673578
 10
21049.642471187588
 20
17934.659435318168
 10
21053.6317721013
 20
17690.87308136656
  0
LWPOLYLINE
  5
7B
330
17
100
AcDbEntity
  8
F03_SEATING
100
AcDbPolyline
 90
5
 70
1
 10
23731.084052560815
 20
27097.379105462944
 10
24375.227108868057
 20
27097.379105462944
 10
24375.227108868057
 20
26737.082026737084
 10
23731.084052560815
 20
26737.082026737084
 10
23731.084052560815
 20
27097.379105462944
  0
LWPOLYLINE
  5
7C
330
17
100
AcDbEntity
  8
F03_SEATING
100
AcDbPolyline
 90
5
 70
1
 10
23731.084052560815
 20
26534.414919953786
 10
24375.227108868057
 20
26534.414919953786
 10
24375.227108868057
 20
26174.117841227926
 10
23731.084052560815
 20
26174.117841227926
 10
23731.084052560815
 20
26534.414919953786
  0
LWPOLYLINE
  5
7D
330
17
100
AcDbEntity
  8
F03_SEATING
100
AcDbPolyline
 90
5
 70
1
 10
23731.084052560815
 20
25971.45073444463
 10
24375.227108868057
 20
25971.45073444463
 10
24375.227108868057
 20
25611.15365571877
 10
23731.084052560815
 20
25611.15365571877
 10
23731.084052560815
 20
25971.45073444463
  0
LWPOLYLINE
  5
7E
330
17
100
AcDbEntity
  8
F03_SEATING
100
AcDbPolyline
 90
5
 70
1
 10
23731.084052560815
 20
25408.486548935463
 10
24375.227108868057
 20
25408.486548935463
 10
24375.227108868057
 20
25048.189470209603
 10
23731.084052560815
 20
25048.189470209603
 10
23731.084052560815
 20
25408.486548935463
  0
LWPOLYLINE
  5
7F
330
17
100
AcDbEntity
  8
F03_SEATING
100
AcDbPolyline
 90
5
 70
1
 10
23731.084052560815
 20
24845.52236342631
 10
24375.227108868057
 20
24845.52236342631
 10
24375.227108868057
 20
24485.225284700446
 10
23731.084052560815
 20
24485.225284700446
 10
23731.084052560815
 20
24845.52236342631
  0
LWPOLYLINE
  5
80
330
17
100
AcDbEntity
  8
F03_SEATING
100
AcDbPolyline
 90
5
 70
1
 10
23731.084052560815
 20
24282.558177917144
 10
24375.227108868057
 20
24282.558177917144
 10
24375.227108868057
 20
23922.261099191284
 10
23731.084052560815
 20
23922.261099191284
 10
23731.084052560815
 20
24282.558177917144
  0
LWPOLYLINE
  5
81
330
17
100
AcDbEntity
  8
F03_SEATING
100
AcDbPolyline
 90
5
 70
1
 10
24707.05838029906
 20
27097.379105462944
 10
25351.2014366063
 20
27097.379105462944
 10
25351.2014366063
 20
26737.082026737084
 10
24707.05838029906
 20
26737.082026737084
 10
24707.05838029906
 20
27097.379105462944
  0
LWPOLYLINE
  5
82
330
17
100
AcDbEntity
  8
F03_SEATING
100
AcDbPolyline
 90
5
 70
1
 10
24707.05838029906
 20
26534.414919953786
 10
25351.2014366063
 20
26534.414919953786
 10
25351.2014366063
 20
26174.117841227926
 10
24707.05838029906
 20
26174.117841227926
 10
24707.05838029906
 20
26534.414919953786
  0
LWPOLYLINE
  5
83
330
17
100
AcDbEntity
  8
F03_SEATING
100
AcDbPolyline
 90
5
 70
1
 10
24707.05838029906
 20
25971.45073444463
 10
25351.2014366063
 20
25971.45073444463
 10
25351.2014366063
 20
25611.15365571877
 10
24707.05838029906
 20
25611.15365571877
 10
24707.05838029906
 20
25971.45073444463
  0
LWPOLYLINE
  5
84
330
17
100
AcDbEntity
  8
F03_SEATING
100
AcDbPolyline
 90
5
 70
1
 10
24707.05838029906
 20
25408.486548935463
 10
25351.2014366063
 20
25408.486548935463
 10
25351.2014366063
 20
25048.189470209603
 10
24707.05838029906
 20
25048.189470209603
 10
24707.05838029906
 20
25408.486548935463
  0
LWPOLYLINE
  5
85
330
17
100
AcDbEntity
  8
F03_SEATING
100
AcDbPolyline
 90
5
 70
1
 10
24707.05838029906
 20
24845.52236342631
 10
25351.2014366063
 20
24845.52236342631
 10
25351.2014366063
 20
24485.225284700446
 10
24707.05838029906
 20
24485.225284700446
 10
24707.05838029906
 20
24845.52236342631
  0
LWPOLYLINE
  5
86
330
17
100
AcDbEntity
  8
F03_SEATING
100
AcDbPolyline
 90
5
 70
1
 10
24707.05838029906
 20
24282.558177917144
 10
25351.2014366063
 20
24282.558177917144
 10
25351.2014366063
 20
23922.261099191284
 10
24707.05838029906
 20
23922.261099191284
 10
24707.05838029906
 20
24282.558177917144
  0
LWPOLYLINE
  5
87
330
17
100
AcDbEntity
  8
F03_SEATING
100
AcDbPolyline
 90
5
 70
1
 10
25683.0327080373
 20
27097.379105462944
 10
26327.17576434455
 20
27097.379105462944
 10
26327.17576434455
 20
26737.082026737084
 10
25683.0327080373
 20
26737.082026737084
 10
25683.0327080373
 20
27097.379105462944
  0
LWPOLYLINE
  5
88
330
17
100
AcDbEntity
  8
F03_SEATING
100
AcDbPolyline
 90
5
 70
1
 10
25683.0327080373
 20
26534.414919953786
 10
26327.17576434455
 20
26534.414919953786
 10
26327.17576434455
 20
26174.117841227926
 10
25683.0327080373
 20
26174.117841227926
 10
25683.0327080373
 20
26534.414919953786
  0
LWPOLYLINE
  5
89
330
17
100
AcDbEntity
  8
F03_SEATING
100
AcDbPolyline
 90
5
 70
1
 10
25683.0327080373
 20
25971.45073444463
 10
26327.17576434455
 20
25971.45073444463
 10
26327.17576434455
 20
25611.15365571877
 10
25683.0327080373
 20
25611.15365571877
 10
25683.0327080373
 20
25971.45073444463
  0
LWPOLYLINE
  5
8A
330
17
100
AcDbEntity
  8
F03_SEATING
100
AcDbPolyline
 90
5
 70
1
 10
25683.0327080373
 20
25408.486548935463
 10
26327.17576434455
 20
25408.486548935463
 10
26327.17576434455
 20
25048.189470209603
 10
25683.0327080373
 20
25048.189470209603
 10
25683.0327080373
 20
25408.486548935463
  0
LWPOLYLINE
  5
8B
330
17
100
AcDbEntity
  8
F03_SEATING
100
AcDbPolyline
 90
5
 70
1
 10
25683.0327080373
 20
24845.52236342631
 10
26327.17576434455
 20
24845.52236342631
 10
26327.17576434455
 20
24485.225284700446
 10
25683.0327080373
 20
24485.225284700446
 10
25683.0327080373
 20
24845.52236342631
  0
LWPOLYLINE
  5
8C
330
17
100
AcDbEntity
  8
F03_SEATING
100
AcDbPolyline
 90
5
 70
1
 10
25683.0327080373
 20
24282.558177917144
 10
26327.17576434455
 20
24282.558177917144
 10
26327.17576434455
 20
23922.261099191284
 10
25683.0327080373
 20
23922.261099191284
 10
25683.0327080373
 20
24282.558177917144
  0
LWPOLYLINE
  5
8D
330
17
100
AcDbEntity
  8
F03_SEATING
100
AcDbPolyline
 90
5
 70
1
 10
26659.007035775543
 20
27097.379105462944
 10
27303.15009208279
 20
27097.379105462944
 10
27303.15009208279
 20
26737.082026737084
 10
26659.007035775543
 20
26737.082026737084
 10
26659.007035775543
 20
27097.379105462944
  0
LWPOLYLINE
  5
8E
330
17
100
AcDbEntity
  8
F03_SEATING
100
AcDbPolyline
 90
5
 70
1
 10
26659.007035775543
 20
26534.414919953786
 10
27303.15009208279
 20
26534.414919953786
 10
27303.15009208279
 20
26174.117841227926
 10
26659.007035775543
 20
26174.117841227926
 10
26659.007035775543
 20
26534.414919953786
  0
LWPOLYLINE
  5
8F
330
17
100
AcDbEntity
  8
F03_SEATING
100
AcDbPolyline
 90
5
 70
1
 10
26659.007035775543
 20
25971.45073444463
 10
27303.15009208279
 20
25971.45073444463
 10
27303.15009208279
 20
25611.15365571877
 10
26659.007035775543
 20
25611.15365571877
 10
26659.007035775543
 20
25971.45073444463
  0
LWPOLYLINE
  5
90
330
17
100
AcDbEntity
  8
F03_SEATING
100
AcDbPolyline
 90
5
 70
1
 10
26659.007035775543
 20
25408.486548935463
 10
27303.15009208279
 20
25408.486548935463
 10
27303.15009208279
 20
25048.189470209603
 10
26659.007035775543
 20
25048.189470209603
 10
26659.007035775543
 20
25408.486548935463
  0
LWPOLYLINE
  5
91
330
17
100
AcDbEntity
  8
F03_SEATING
100
AcDbPolyline
 90
5
 70
1
 10
26659.007035775543
 20
24845.52236342631
 10
27303.15009208279
 20
24845.52236342631
 10
27303.15009208279
 20
24485.225284700446
 10
26659.007035775543
 20
24485.225284700446
 10
26659.007035775543
 20
24845.52236342631
  0
LWPOLYLINE
  5
92
330
17
100
AcDbEntity
  8
F03_SEATING
100
AcDbPolyline
 90
5
 70
1
 10
26659.007035775543
 20
24282.558177917144
 10
27303.15009208279
 20
24282.558177917144
 10
27303.15009208279
 20
23922.261099191284
 10
26659.007035775543
 20
23922.261099191284
 10
26659.007035775543
 20
24282.558177917144
  0
LWPOLYLINE
  5
93
330
17
100
AcDbEntity
  8
F03_SEATING
100
AcDbPolyline
 90
5
 70
1
 10
27634.98136351379
 20
27097.379105462944
 10
28279.124419821033
 20
27097.379105462944
 10
28279.124419821033
 20
26737.082026737084
 10
27634.98136351379
 20
26737.082026737084
 10
27634.98136351379
 20
27097.379105462944
  0
LWPOLYLINE
  5
94
330
17
100
AcDbEntity
  8
F03_SEATING
100
AcDbPolyline
 90
5
 70
1
 10
27634.98136351379
 20
26534.414919953786
 10
28279.124419821033
 20
26534.414919953786
 10
28279.124419821033
 20
26174.117841227926
 10
27634.98136351379
 20
26174.117841227926
 10
27634.98136351379
 20
26534.414919953786
  0
LWPOLYLINE
  5
95
330
17
100
AcDbEntity
  8
F03_SEATING
100
AcDbPolyline
 90
5
 70
1
 10
27634.98136351379
 20
25971.45073444463
 10
28279.124419821033
 20
25971.45073444463
 10
28279.124419821033
 20
25611.15365571877
 10
27634.98136351379
 20
25611.15365571877
 10
27634.98136351379
 20
25971.45073444463
  0
LWPOLYLINE
  5
96
330
17
100
AcDbEntity
  8
F03_SEATING
100
AcDbPolyline
 90
5
 70
1
 10
27634.98136351379
 20
25408.486548935463
 10
28279.124419821033
 20
25408.486548935463
 10
28279.124419821033
 20
25048.189470209603
 10
27634.98136351379
 20
25048.189470209603
 10
27634.98136351379
 20
25408.486548935463
  0
LWPOLYLINE
  5
97
330
17
100
AcDbEntity
  8
F03_SEATING
100
AcDbPolyline
 90
5
 70
1
 10
27634.98136351379
 20
24845.52236342631
 10
28279.124419821033
 20
24845.52236342631
 10
28279.124419821033
 20
24485.225284700446
 10
27634.98136351379
 20
24485.225284700446
 10
27634.98136351379
 20
24845.52236342631
  0
LWPOLYLINE
  5
98
330
17
100
AcDbEntity
  8
F03_SEATING
100
AcDbPolyline
 90
5
 70
1
 10
27634.98136351379
 20
24282.558177917144
 10
28279.124419821033
 20
24282.558177917144
 10
28279.124419821033
 20
23922.261099191284
 10
27634.98136351379
 20
23922.261099191284
 10
27634.98136351379
 20
24282.558177917144
  0
LWPOLYLINE
  5
99
330
17
100
AcDbEntity
  8
F03_SEATING
100
AcDbPolyline
 90
5
 70
1
 10
28610.955691252035
 20
27097.379105462944
 10
29255.098747559277
 20
27097.379105462944
 10
29255.098747559277
 20
26737.082026737084
 10
28610.955691252035
 20
26737.082026737084
 10
28610.955691252035
 20
27097.379105462944
  0
LWPOLYLINE
  5
9A
330
17
100
AcDbEntity
  8
F03_SEATING
100
AcDbPolyline
 90
5
 70
1
 10
28610.955691252035
 20
26534.414919953786
 10
29255.098747559277
 20
26534.414919953786
 10
29255.098747559277
 20
26174.117841227926
 10
28610.955691252035
 20
26174.117841227926
 10
28610.955691252035
 20
26534.414919953786
  0
LWPOLYLINE
  5
9B
330
17
100
AcDbEntity
  8
F03_SEATING
100
AcDbPolyline
 90
5
 70
1
 10
28610.955691252035
 20
25971.45073444463
 10
29255.098747559277
 20
25971.45073444463
 10
29255.098747559277
 20
25611.15365571877
 10
28610.955691252035
 20
25611.15365571877
 10
28610.955691252035
 20
25971.45073444463
  0
LWPOLYLINE
  5
9C
330
17
100
AcDbEntity
  8
F03_SEATING
100
AcDbPolyline
 90
5
 70
1
 10
28610.955691252035
 20
25408.486548935463
 10
29255.098747559277
 20
25408.486548935463
 10
29255.098747559277
 20
25048.189470209603
 10
28610.955691252035
 20
25048.189470209603
 10
28610.955691252035
 20
25408.486548935463
  0
LWPOLYLINE
  5
9D
330
17
100
AcDbEntity
  8
F03_SEATING
100
AcDbPolyline
 90
5
 70
1
 10
28610.955691252035
 20
24845.52236342631
 10
29255.098747559277
 20
24845.52236342631
 10
29255.098747559277
 20
24485.225284700446
 10
28610.955691252035
 20
24485.225284700446
 10
28610.955691252035
 20
24845.52236342631
  0
LWPOLYLINE
  5
9E
330
17
100
AcDbEntity
  8
F03_SEATING
100
AcDbPolyline
 90
5
 70
1
 10
28610.955691252035
 20
24282.558177917144
 10
29255.098747559277
 20
24282.558177917144
 10
29255.098747559277
 20
23922.261099191284
 10
28610.955691252035
 20
23922.261099191284
 10
28610.955691252035
 20
24282.558177917144
  0
LWPOLYLINE
  5
9F
330
17
100
AcDbEntity
  8
F03_SEATING
100
AcDbPolyline
 90
5
 70
1
 10
29586.93001899028
 20
27097.379105462944
 10
30231.07307529752
 20
27097.379105462944
 10
30231.07307529752
 20
26737.082026737084
 10
29586.93001899028
 20
26737.082026737084
 10
29586.93001899028
 20
27097.379105462944
  0
LWPOLYLINE
  5
A0
330
17
100
AcDbEntity
  8
F03_SEATING
100
AcDbPolyline
 90
5
 70
1
 10
29586.93001899028
 20
26534.414919953786
 10
30231.07307529752
 20
26534.414919953786
 10
30231.07307529752
 20
26174.117841227926
 10
29586.93001899028
 20
26174.117841227926
 10
29586.93001899028
 20
26534.414919953786
  0
LWPOLYLINE
  5
A1
330
17
100
AcDbEntity
  8
F03_SEATING
100
AcDbPolyline
 90
5
 70
1
 10
29586.93001899028
 20
25971.45073444463
 10
30231.07307529752
 20
25971.45073444463
 10
30231.07307529752
 20
25611.15365571877
 10
29586.93001899028
 20
25611.15365571877
 10
29586.93001899028
 20
25971.45073444463
  0
LWPOLYLINE
  5
A2
330
17
100
AcDbEntity
  8
F03_SEATING
100
AcDbPolyline
 90
5
 70
1
 10
29586.93001899028
 20
25408.486548935463
 10
30231.07307529752
 20
25408.486548935463
 10
30231.07307529752
 20
25048.189470209603
 10
29586.93001899028
 20
25048.189470209603
 10
29586.93001899028
 20
25408.486548935463
  0
LWPOLYLINE
  5
A3
330
17
100
AcDbEntity
  8
F03_SEATING
100
AcDbPolyline
 90
5
 70
1
 10
29586.93001899028
 20
24845.52236342631
 10
30231.07307529752
 20
24845.52236342631
 10
30231.07307529752
 20
24485.225284700446
 10
29586.93001899028
 20
24485.225284700446
 10
29586.93001899028
 20
24845.52236342631
  0
LWPOLYLINE
  5
A4
330
17
100
AcDbEntity
  8
F03_SEATING
100
AcDbPolyline
 90
5
 70
1
 10
29586.93001899028
 20
24282.558177917144
 10
30231.07307529752
 20
24282.558177917144
 10
30231.07307529752
 20
23922.261099191284
 10
29586.93001899028
 20
23922.261099191284
 10
29586.93001899028
 20
24282.558177917144
  0
LWPOLYLINE
  5
A5
330
17
100
AcDbEntity
  8
F03_SEATING
100
AcDbPolyline
 90
5
 70
1
 10
30562.90434672852
 20
27097.379105462944
 10
31207.04740303576
 20
27097.379105462944
 10
31207.04740303576
 20
26737.082026737084
 10
30562.90434672852
 20
26737.082026737084
 10
30562.90434672852
 20
27097.379105462944
  0
LWPOLYLINE
  5
A6
330
17
100
AcDbEntity
  8
F03_SEATING
100
AcDbPolyline
 90
5
 70
1
 10
30562.90434672852
 20
26534.414919953786
 10
31207.04740303576
 20
26534.414919953786
 10
31207.04740303576
 20
26174.117841227926
 10
30562.90434672852
 20
26174.117841227926
 10
30562.90434672852
 20
26534.414919953786
  0
LWPOLYLINE
  5
A7
330
17
100
AcDbEntity
  8
F03_SEATING
100
AcDbPolyline
 90
5
 70
1
 10
30562.90434672852
 20
25971.45073444463
 10
31207.04740303576
 20
25971.45073444463
 10
31207.04740303576
 20
25611.15365571877
 10
30562.90434672852
 20
25611.15365571877
 10
30562.90434672852
 20
25971.45073444463
  0
LWPOLYLINE
  5
A8
330
17
100
AcDbEntity
  8
F03_SEATING
100
AcDbPolyline
 90
5
 70
1
 10
30562.90434672852
 20
25408.486548935463
 10
31207.04740303576
 20
25408.486548935463
 10
31207.04740303576
 20
25048.189470209603
 10
30562.90434672852
 20
25048.189470209603
 10
30562.90434672852
 20
25408.486548935463
  0
LWPOLYLINE
  5
A9
330
17
100
AcDbEntity
  8
F03_SEATING
100
AcDbPolyline
 90
5
 70
1
 10
30562.90434672852
 20
24845.52236342631
 10
31207.04740303576
 20
24845.52236342631
 10
31207.04740303576
 20
24485.225284700446
 10
30562.90434672852
 20
24485.225284700446
 10
30562.90434672852
 20
24845.52236342631
  0
LWPOLYLINE
  5
AA
330
17
100
AcDbEntity
  8
F03_SEATING
100
AcDbPolyline
 90
5
 70
1
 10
30562.90434672852
 20
24282.558177917144
 10
31207.04740303576
 20
24282.558177917144
 10
31207.04740303576
 20
23922.261099191284
 10
30562.90434672852
 20
23922.261099191284
 10
30562.90434672852
 20
24282.558177917144
  0
LWPOLYLINE
  5
AB
330
17
100
AcDbEntity
  8
F03_SEATING
100
AcDbPolyline
 90
5
 70
1
 10
31538.87867446677
 20
27097.379105462944
 10
32183.021730774013
 20
27097.379105462944
 10
32183.021730774013
 20
26737.082026737084
 10
31538.87867446677
 20
26737.082026737084
 10
31538.87867446677
 20
27097.379105462944
  0
LWPOLYLINE
  5
AC
330
17
100
AcDbEntity
  8
F03_SEATING
100
AcDbPolyline
 90
5
 70
1
 10
31538.87867446677
 20
26534.414919953786
 10
32183.021730774013
 20
26534.414919953786
 10
32183.021730774013
 20
26174.117841227926
 10
31538.87867446677
 20
26174.117841227926
 10
31538.87867446677
 20
26534.414919953786
  0
LWPOLYLINE
  5
AD
330
17
100
AcDbEntity
  8
F03_SEATING
100
AcDbPolyline
 90
5
 70
1
 10
31538.87867446677
 20
25971.45073444463
 10
32183.021730774013
 20
25971.45073444463
 10
32183.021730774013
 20
25611.15365571877
 10
31538.87867446677
 20
25611.15365571877
 10
31538.87867446677
 20
25971.45073444463
  0
LWPOLYLINE
  5
AE
330
17
100
AcDbEntity
  8
F03_SEATING
100
AcDbPolyline
 90
5
 70
1
 10
31538.87867446677
 20
25408.486548935463
 10
32183.021730774013
 20
25408.486548935463
 10
32183.021730774013
 20
25048.189470209603
 10
31538.87867446677
 20
25048.189470209603
 10
31538.87867446677
 20
25408.486548935463
  0
LWPOLYLINE
  5
AF
330
17
100
AcDbEntity
  8
F03_SEATING
100
AcDbPolyline
 90
5
 70
1
 10
31538.87867446677
 20
24845.52236342631
 10
32183.021730774013
 20
24845.52236342631
 10
32183.021730774013
 20
24485.225284700446
 10
31538.87867446677
 20
24485.225284700446
 10
31538.87867446677
 20
24845.52236342631
  0
LWPOLYLINE
  5
B0
330
17
100
AcDbEntity
  8
F03_SEATING
100
AcDbPolyline
 90
5
 70
1
 10
31538.87867446677
 20
24282.558177917144
 10
32183.021730774013
 20
24282.558177917144
 10
32183.021730774013
 20
23922.261099191284
 10
31538.87867446677
 20
23922.261099191284
 10
31538.87867446677
 20
24282.558177917144
  0
LWPOLYLINE
  5
B1
330
17
100
AcDbEntity
  8
F03_SEATING
100
AcDbPolyline
 90
5
 70
1
 10
32514.85300220501
 20
27097.379105462944
 10
33158.99605851225
 20
27097.379105462944
 10
33158.99605851225
 20
26737.082026737084
 10
32514.85300220501
 20
26737.082026737084
 10
32514.85300220501
 20
27097.379105462944
  0
LWPOLYLINE
  5
B2
330
17
100
AcDbEntity
  8
F03_SEATING
100
AcDbPolyline
 90
5
 70
1
 10
32514.85300220501
 20
26534.414919953786
 10
33158.99605851225
 20
26534.414919953786
 10
33158.99605851225
 20
26174.117841227926
 10
32514.85300220501
 20
26174.117841227926
 10
32514.85300220501
 20
26534.414919953786
  0
LWPOLYLINE
  5
B3
330
17
100
AcDbEntity
  8
F03_SEATING
100
AcDbPolyline
 90
5
 70
1
 10
32514.85300220501
 20
25971.45073444463
 10
33158.99605851225
 20
25971.45073444463
 10
33158.99605851225
 20
25611.15365571877
 10
32514.85300220501
 20
25611.15365571877
 10
32514.85300220501
 20
25971.45073444463
  0
LWPOLYLINE
  5
B4
330
17
100
AcDbEntity
  8
F03_SEATING
100
AcDbPolyline
 90
5
 70
1
 10
32514.85300220501
 20
25408.486548935463
 10
33158.99605851225
 20
25408.486548935463
 10
33158.99605851225
 20
25048.189470209603
 10
32514.85300220501
 20
25048.189470209603
 10
32514.85300220501
 20
25408.486548935463
  0
LWPOLYLINE
  5
B5
330
17
100
AcDbEntity
  8
F03_SEATING
100
AcDbPolyline
 90
5
 70
1
 10
32514.85300220501
 20
24845.52236342631
 10
33158.99605851225
 20
24845.52236342631
 10
33158.99605851225
 20
24485.225284700446
 10
32514.85300220501
 20
24485.225284700446
 10
32514.85300220501
 20
24845.52236342631
  0
LWPOLYLINE
  5
B6
330
17
100
AcDbEntity
  8
F03_SEATING
100
AcDbPolyline
 90
5
 70
1
 10
32514.85300220501
 20
24282.558177917144
 10
33158.99605851225
 20
24282.558177917144
 10
33158.99605851225
 20
23922.261099191284
 10
32514.85300220501
 20
23922.261099191284
 10
32514.85300220501
 20
24282.558177917144
  0
LWPOLYLINE
  5
B7
330
17
100
AcDbEntity
  8
F03_SEATING
100
AcDbPolyline
 90
5
 70
1
 10
33490.82732994325
 20
27097.379105462944
 10
34134.97038625049
 20
27097.379105462944
 10
34134.97038625049
 20
26737.082026737084
 10
33490.82732994325
 20
26737.082026737084
 10
33490.82732994325
 20
27097.379105462944
  0
LWPOLYLINE
  5
B8
330
17
100
AcDbEntity
  8
F03_SEATING
100
AcDbPolyline
 90
5
 70
1
 10
33490.82732994325
 20
26534.414919953786
 10
34134.97038625049
 20
26534.414919953786
 10
34134.97038625049
 20
26174.117841227926
 10
33490.82732994325
 20
26174.117841227926
 10
33490.82732994325
 20
26534.414919953786
  0
LWPOLYLINE
  5
B9
330
17
100
AcDbEntity
  8
F03_SEATING
100
AcDbPolyline
 90
5
 70
1
 10
33490.82732994325
 20
25971.45073444463
 10
34134.97038625049
 20
25971.45073444463
 10
34134.97038625049
 20
25611.15365571877
 10
33490.82732994325
 20
25611.15365571877
 10
33490.82732994325
 20
25971.45073444463
  0
LWPOLYLINE
  5
BA
330
17
100
AcDbEntity
  8
F03_SEATING
100
AcDbPolyline
 90
5
 70
1
 10
33490.82732994325
 20
25408.486548935463
 10
34134.97038625049
 20
25408.486548935463
 10
34134.97038625049
 20
25048.189470209603
 10
33490.82732994325
 20
25048.189470209603
 10
33490.82732994325
 20
25408.486548935463
  0
LWPOLYLINE
  5
BB
330
17
100
AcDbEntity
  8
F03_SEATING
100
AcDbPolyline
 90
5
 70
1
 10
33490.82732994325
 20
24845.52236342631
 10
34134.97038625049
 20
24845.52236342631
 10
34134.97038625049
 20
24485.225284700446
 10
33490.82732994325
 20
24485.225284700446
 10
33490.82732994325
 20
24845.52236342631
  0
LWPOLYLINE
  5
BC
330
17
100
AcDbEntity
  8
F03_SEATING
100
AcDbPolyline
 90
5
 70
1
 10
33490.82732994325
 20
24282.558177917144
 10
34134.97038625049
 20
24282.558177917144
 10
34134.97038625049
 20
23922.261099191284
 10
33490.82732994325
 20
23922.261099191284
 10
33490.82732994325
 20
24282.558177917144
  0
LWPOLYLINE
  5
BD
330
17
100
AcDbEntity
  8
F03_SEATING
100
AcDbPolyline
 90
5
 70
1
 10
34466.80165768149
 20
27097.379105462944
 10
35110.944713988734
 20
27097.379105462944
 10
35110.944713988734
 20
26737.082026737084
 10
34466.80165768149
 20
26737.082026737084
 10
34466.80165768149
 20
27097.379105462944
  0
LWPOLYLINE
  5
BE
330
17
100
AcDbEntity
  8
F03_SEATING
100
AcDbPolyline
 90
5
 70
1
 10
34466.80165768149
 20
26534.414919953786
 10
35110.944713988734
 20
26534.414919953786
 10
35110.944713988734
 20
26174.117841227926
 10
34466.80165768149
 20
26174.117841227926
 10
34466.80165768149
 20
26534.414919953786
  0
LWPOLYLINE
  5
BF
330
17
100
AcDbEntity
  8
F03_SEATING
100
AcDbPolyline
 90
5
 70
1
 10
34466.80165768149
 20
25971.45073444463
 10
35110.944713988734
 20
25971.45073444463
 10
35110.944713988734
 20
25611.15365571877
 10
34466.80165768149
 20
25611.15365571877
 10
34466.80165768149
 20
25971.45073444463
  0
LWPOLYLINE
  5
C0
330
17
100
AcDbEntity
  8
F03_SEATING
100
AcDbPolyline
 90
5
 70
1
 10
34466.80165768149
 20
25408.486548935463
 10
35110.944713988734
 20
25408.486548935463
 10
35110.944713988734
 20
25048.189470209603
 10
34466.80165768149
 20
25048.189470209603
 10
34466.80165768149
 20
25408.486548935463
  0
LWPOLYLINE
  5
C1
330
17
100
AcDbEntity
  8
F03_SEATING
100
AcDbPolyline
 90
5
 70
1
 10
34466.80165768149
 20
24845.52236342631
 10
35110.944713988734
 20
24845.52236342631
 10
35110.944713988734
 20
24485.225284700446
 10
34466.80165768149
 20
24485.225284700446
 10
34466.80165768149
 20
24845.52236342631
  0
LWPOLYLINE
  5
C2
330
17
100
AcDbEntity
  8
F03_SEATING
100
AcDbPolyline
 90
5
 70
1
 10
34466.80165768149
 20
24282.558177917144
 10
35110.944713988734
 20
24282.558177917144
 10
35110.944713988734
 20
23922.261099191284
 10
34466.80165768149
 20
23922.261099191284
 10
34466.80165768149
 20
24282.558177917144
  0
LWPOLYLINE
  5
C3
330
17
100
AcDbEntity
  8
F03_SEATING
100
AcDbPolyline
 90
5
 70
1
 10
35442.77598541974
 20
27097.379105462944
 10
36086.919041726986
 20
27097.379105462944
 10
36086.919041726986
 20
26737.082026737084
 10
35442.77598541974
 20
26737.082026737084
 10
35442.77598541974
 20
27097.379105462944
  0
LWPOLYLINE
  5
C4
330
17
100
AcDbEntity
  8
F03_SEATING
100
AcDbPolyline
 90
5
 70
1
 10
35442.77598541974
 20
26534.414919953786
 10
36086.919041726986
 20
26534.414919953786
 10
36086.919041726986
 20
26174.117841227926
 10
35442.77598541974
 20
26174.117841227926
 10
35442.77598541974
 20
26534.414919953786
  0
LWPOLYLINE
  5
C5
330
17
100
AcDbEntity
  8
F03_SEATING
100
AcDbPolyline
 90
5
 70
1
 10
35442.77598541974
 20
25971.45073444463
 10
36086.919041726986
 20
25971.45073444463
 10
36086.919041726986
 20
25611.15365571877
 10
35442.77598541974
 20
25611.15365571877
 10
35442.77598541974
 20
25971.45073444463
  0
LWPOLYLINE
  5
C6
330
17
100
AcDbEntity
  8
F03_SEATING
100
AcDbPolyline
 90
5
 70
1
 10
35442.77598541974
 20
25408.486548935463
 10
36086.919041726986
 20
25408.486548935463
 10
36086.919041726986
 20
25048.189470209603
 10
35442.77598541974
 20
25048.189470209603
 10
35442.77598541974
 20
25408.486548935463
  0
LWPOLYLINE
  5
C7
330
17
100
AcDbEntity
  8
F03_SEATING
100
AcDbPolyline
 90
5
 70
1
 10
35442.77598541974
 20
24845.52236342631
 10
36086.919041726986
 20
24845.52236342631
 10
36086.919041726986
 20
24485.225284700446
 10
35442.77598541974
 20
24485.225284700446
 10
35442.77598541974
 20
24845.52236342631
  0
LWPOLYLINE
  5
C8
330
17
100
AcDbEntity
  8
F03_SEATING
100
AcDbPolyline
 90
5
 70
1
 10
35442.77598541974
 20
24282.558177917144
 10
36086.919041726986
 20
24282.558177917144
 10
36086.919041726986
 20
23922.261099191284
 10
35442.77598541974
 20
23922.261099191284
 10
35442.77598541974
 20
24282.558177917144
  0
LWPOLYLINE
  5
C9
330
17
100
AcDbEntity
  8
F03_SEATING
100
AcDbPolyline
 90
5
 70
1
 10
36418.75031315799
 20
27097.379105462944
 10
37062.89336946523
 20
27097.379105462944
 10
37062.89336946523
 20
26737.082026737084
 10
36418.75031315799
 20
26737.082026737084
 10
36418.75031315799
 20
27097.379105462944
  0
LWPOLYLINE
  5
CA
330
17
100
AcDbEntity
  8
F03_SEATING
100
AcDbPolyline
 90
5
 70
1
 10
36418.75031315799
 20
26534.414919953786
 10
37062.89336946523
 20
26534.414919953786
 10
37062.89336946523
 20
26174.117841227926
 10
36418.75031315799
 20
26174.117841227926
 10
36418.75031315799
 20
26534.414919953786
  0
LWPOLYLINE
  5
CB
330
17
100
AcDbEntity
  8
F03_SEATING
100
AcDbPolyline
 90
5
 70
1
 10
36418.75031315799
 20
25971.45073444463
 10
37062.89336946523
 20
25971.45073444463
 10
37062.89336946523
 20
25611.15365571877
 10
36418.75031315799
 20
25611.15365571877
 10
36418.75031315799
 20
25971.45073444463
  0
LWPOLYLINE
  5
CC
330
17
100
AcDbEntity
  8
F03_SEATING
100
AcDbPolyline
 90
5
 70
1
 10
36418.75031315799
 20
25408.486548935463
 10
37062.89336946523
 20
25408.486548935463
 10
37062.89336946523
 20
25048.189470209603
 10
36418.75031315799
 20
25048.189470209603
 10
36418.75031315799
 20
25408.486548935463
  0
LWPOLYLINE
  5
CD
330
17
100
AcDbEntity
  8
F03_SEATING
100
AcDbPolyline
 90
5
 70
1
 10
36418.75031315799
 20
24845.52236342631
 10
37062.89336946523
 20
24845.52236342631
 10
37062.89336946523
 20
24485.225284700446
 10
36418.75031315799
 20
24485.225284700446
 10
36418.75031315799
 20
24845.52236342631
  0
LWPOLYLINE
  5
CE
330
17
100
AcDbEntity
  8
F03_SEATING
100
AcDbPolyline
 90
5
 70
1
 10
36418.75031315799
 20
24282.558177917144
 10
37062.89336946523
 20
24282.558177917144
 10
37062.89336946523
 20
23922.261099191284
 10
36418.75031315799
 20
23922.261099191284
 10
36418.75031315799
 20
24282.558177917144
  0
LWPOLYLINE
  5
CF
330
17
100
AcDbEntity
  8
F03_SEATING
100
AcDbPolyline
 90
5
 70
1
 10
37394.72464089623
 20
27097.379105462944
 10
38038.867697203474
 20
27097.379105462944
 10
38038.867697203474
 20
26737.082026737084
 10
37394.72464089623
 20
26737.082026737084
 10
37394.72464089623
 20
27097.379105462944
  0
LWPOLYLINE
  5
D0
330
17
100
AcDbEntity
  8
F03_SEATING
100
AcDbPolyline
 90
5
 70
1
 10
37394.72464089623
 20
26534.414919953786
 10
38038.867697203474
 20
26534.414919953786
 10
38038.867697203474
 20
26174.117841227926
 10
37394.72464089623
 20
26174.117841227926
 10
37394.72464089623
 20
26534.414919953786
  0
LWPOLYLINE
  5
D1
330
17
100
AcDbEntity
  8
F03_SEATING
100
AcDbPolyline
 90
5
 70
1
 10
37394.72464089623
 20
25971.45073444463
 10
38038.867697203474
 20
25971.45073444463
 10
38038.867697203474
 20
25611.15365571877
 10
37394.72464089623
 20
25611.15365571877
 10
37394.72464089623
 20
25971.45073444463
  0
LWPOLYLINE
  5
D2
330
17
100
AcDbEntity
  8
F03_SEATING
100
AcDbPolyline
 90
5
 70
1
 10
37394.72464089623
 20
25408.486548935463
 10
38038.867697203474
 20
25408.486548935463
 10
38038.867697203474
 20
25048.189470209603
 10
37394.72464089623
 20
25048.189470209603
 10
37394.72464089623
 20
25408.486548935463
  0
LWPOLYLINE
  5
D3
330
17
100
AcDbEntity
  8
F03_SEATING
100
AcDbPolyline
 90
5
 70
1
 10
37394.72464089623
 20
24845.52236342631
 10
38038.867697203474
 20
24845.52236342631
 10
38038.867697203474
 20
24485.225284700446
 10
37394.72464089623
 20
24485.225284700446
 10
37394.72464089623
 20
24845.52236342631
  0
LWPOLYLINE
  5
D4
330
17
100
AcDbEntity
  8
F03_SEATING
100
AcDbPolyline
 90
5
 70
1
 10
37394.72464089623
 20
24282.558177917144
 10
38038.867697203474
 20
24282.558177917144
 10
38038.867697203474
 20
23922.261099191284
 10
37394.72464089623
 20
23922.261099191284
 10
37394.72464089623
 20
24282.558177917144
  0
LWPOLYLINE
  5
D5
330
17
100
AcDbEntity
  8
F03_SEATING
100
AcDbPolyline
 90
5
 70
1
 10
38370.69896863447
 20
27097.379105462944
 10
39014.84202494171
 20
27097.379105462944
 10
39014.84202494171
 20
26737.082026737084
 10
38370.69896863447
 20
26737.082026737084
 10
38370.69896863447
 20
27097.379105462944
  0
LWPOLYLINE
  5
D6
330
17
100
AcDbEntity
  8
F03_SEATING
100
AcDbPolyline
 90
5
 70
1
 10
38370.69896863447
 20
26534.414919953786
 10
39014.84202494171
 20
26534.414919953786
 10
39014.84202494171
 20
26174.117841227926
 10
38370.69896863447
 20
26174.117841227926
 10
38370.69896863447
 20
26534.414919953786
  0
LWPOLYLINE
  5
D7
330
17
100
AcDbEntity
  8
F03_SEATING
100
AcDbPolyline
 90
5
 70
1
 10
38370.69896863447
 20
25971.45073444463
 10
39014.84202494171
 20
25971.45073444463
 10
39014.84202494171
 20
25611.15365571877
 10
38370.69896863447
 20
25611.15365571877
 10
38370.69896863447
 20
25971.45073444463
  0
LWPOLYLINE
  5
D8
330
17
100
AcDbEntity
  8
F03_SEATING
100
AcDbPolyline
 90
5
 70
1
 10
38370.69896863447
 20
25408.486548935463
 10
39014.84202494171
 20
25408.486548935463
 10
39014.84202494171
 20
25048.189470209603
 10
38370.69896863447
 20
25048.189470209603
 10
38370.69896863447
 20
25408.486548935463
  0
LWPOLYLINE
  5
D9
330
17
100
AcDbEntity
  8
F03_SEATING
100
AcDbPolyline
 90
5
 70
1
 10
38370.69896863447
 20
24845.52236342631
 10
39014.84202494171
 20
24845.52236342631
 10
39014.84202494171
 20
24485.225284700446
 10
38370.69896863447
 20
24485.225284700446
 10
38370.69896863447
 20
24845.52236342631
  0
LWPOLYLINE
  5
DA
330
17
100
AcDbEntity
  8
F03_SEATING
100
AcDbPolyline
 90
5
 70
1
 10
38370.69896863447
 20
24282.558177917144
 10
39014.84202494171
 20
24282.558177917144
 10
39014.84202494171
 20
23922.261099191284
 10
38370.69896863447
 20
23922.261099191284
 10
38370.69896863447
 20
24282.558177917144
  0
LWPOLYLINE
  5
DB
330
17
100
AcDbEntity
  8
F03_SEATING
100
AcDbPolyline
 90
5
 70
1
 10
39346.67329637271
 20
27097.379105462944
 10
39990.816352679954
 20
27097.379105462944
 10
39990.816352679954
 20
26737.082026737084
 10
39346.67329637271
 20
26737.082026737084
 10
39346.67329637271
 20
27097.379105462944
  0
LWPOLYLINE
  5
DC
330
17
100
AcDbEntity
  8
F03_SEATING
100
AcDbPolyline
 90
5
 70
1
 10
39346.67329637271
 20
26534.414919953786
 10
39990.816352679954
 20
26534.414919953786
 10
39990.816352679954
 20
26174.117841227926
 10
39346.67329637271
 20
26174.117841227926
 10
39346.67329637271
 20
26534.414919953786
  0
LWPOLYLINE
  5
DD
330
17
100
AcDbEntity
  8
F03_SEATING
100
AcDbPolyline
 90
5
 70
1
 10
39346.67329637271
 20
25971.45073444463
 10
39990.816352679954
 20
25971.45073444463
 10
39990.816352679954
 20
25611.15365571877
 10
39346.67329637271
 20
25611.15365571877
 10
39346.67329637271
 20
25971.45073444463
  0
LWPOLYLINE
  5
DE
330
17
100
AcDbEntity
  8
F03_SEATING
100
AcDbPolyline
 90
5
 70
1
 10
39346.67329637271
 20
25408.486548935463
 10
39990.816352679954
 20
25408.486548935463
 10
39990.816352679954
 20
25048.189470209603
 10
39346.67329637271
 20
25048.189470209603
 10
39346.67329637271
 20
25408.486548935463
  0
LWPOLYLINE
  5
DF
330
17
100
AcDbEntity
  8
F03_SEATING
100
AcDbPolyline
 90
5
 70
1
 10
39346.67329637271
 20
24845.52236342631
 10
39990.816352679954
 20
24845.52236342631
 10
39990.816352679954
 20
24485.225284700446
 10
39346.67329637271
 20
24485.225284700446
 10
39346.67329637271
 20
24845.52236342631
  0
LWPOLYLINE
  5
E0
330
17
100
AcDbEntity
  8
F03_SEATING
100
AcDbPolyline
 90
5
 70
1
 10
39346.67329637271
 20
24282.558177917144
 10
39990.816352679954
 20
24282.558177917144
 10
39990.816352679954
 20
23922.261099191284
 10
39346.67329637271
 20
23922.261099191284
 10
39346.67329637271
 20
24282.558177917144
  0
LWPOLYLINE
  5
E1
330
17
100
AcDbEntity
  8
F03_SEATING
100
AcDbPolyline
 90
5
 70
1
 10
40322.64762411096
 20
27097.379105462944
 10
40966.790680418206
 20
27097.379105462944
 10
40966.790680418206
 20
26737.082026737084
 10
40322.64762411096
 20
26737.082026737084
 10
40322.64762411096
 20
27097.379105462944
  0
LWPOLYLINE
  5
E2
330
17
100
AcDbEntity
  8
F03_SEATING
100
AcDbPolyline
 90
5
 70
1
 10
40322.64762411096
 20
26534.414919953786
 10
40966.790680418206
 20
26534.414919953786
 10
40966.790680418206
 20
26174.117841227926
 10
40322.64762411096
 20
26174.117841227926
 10
40322.64762411096
 20
26534.414919953786
  0
LWPOLYLINE
  5
E3
330
17
100
AcDbEntity
  8
F03_SEATING
100
AcDbPolyline
 90
5
 70
1
 10
40322.64762411096
 20
25971.45073444463
 10
40966.790680418206
 20
25971.45073444463
 10
40966.790680418206
 20
25611.15365571877
 10
40322.64762411096
 20
25611.15365571877
 10
40322.64762411096
 20
25971.45073444463
  0
LWPOLYLINE
  5
E4
330
17
100
AcDbEntity
  8
F03_SEATING
100
AcDbPolyline
 90
5
 70
1
 10
40322.64762411096
 20
25408.486548935463
 10
40966.790680418206
 20
25408.486548935463
 10
40966.790680418206
 20
25048.189470209603
 10
40322.64762411096
 20
25048.189470209603
 10
40322.64762411096
 20
25408.486548935463
  0
LWPOLYLINE
  5
E5
330
17
100
AcDbEntity
  8
F03_SEATING
100
AcDbPolyline
 90
5
 70
1
 10
40322.64762411096
 20
24845.52236342631
 10
40966.790680418206
 20
24845.52236342631
 10
40966.790680418206
 20
24485.225284700446
 10
40322.64762411096
 20
24485.225284700446
 10
40322.64762411096
 20
24845.52236342631
  0
LWPOLYLINE
  5
E6
330
17
100
AcDbEntity
  8
F03_SEATING
100
AcDbPolyline
 90
5
 70
1
 10
40322.64762411096
 20
24282.558177917144
 10
40966.790680418206
 20
24282.558177917144
 10
40966.790680418206
 20
23922.261099191284
 10
40322.64762411096
 20
23922.261099191284
 10
40322.64762411096
 20
24282.558177917144
  0
LWPOLYLINE
  5
E7
330
17
100
AcDbEntity
  8
F03_SEATING
100
AcDbPolyline
 90
5
 70
1
 10
41298.6219518492
 20
27097.379105462944
 10
41942.76500815646
 20
27097.379105462944
 10
41942.76500815646
 20
26737.082026737084
 10
41298.6219518492
 20
26737.082026737084
 10
41298.6219518492
 20
27097.379105462944
  0
LWPOLYLINE
  5
E8
330
17
100
AcDbEntity
  8
F03_SEATING
100
AcDbPolyline
 90
5
 70
1
 10
41298.6219518492
 20
26534.414919953786
 10
41942.76500815646
 20
26534.414919953786
 10
41942.76500815646
 20
26174.117841227926
 10
41298.6219518492
 20
26174.117841227926
 10
41298.6219518492
 20
26534.414919953786
  0
LWPOLYLINE
  5
E9
330
17
100
AcDbEntity
  8
F03_SEATING
100
AcDbPolyline
 90
5
 70
1
 10
41298.6219518492
 20
25971.45073444463
 10
41942.76500815646
 20
25971.45073444463
 10
41942.76500815646
 20
25611.15365571877
 10
41298.6219518492
 20
25611.15365571877
 10
41298.6219518492
 20
25971.45073444463
  0
LWPOLYLINE
  5
EA
330
17
100
AcDbEntity
  8
F03_SEATING
100
AcDbPolyline
 90
5
 70
1
 10
41298.6219518492
 20
25408.486548935463
 10
41942.76500815646
 20
25408.486548935463
 10
41942.76500815646
 20
25048.189470209603
 10
41298.6219518492
 20
25048.189470209603
 10
41298.6219518492
 20
25408.486548935463
  0
LWPOLYLINE
  5
EB
330
17
100
AcDbEntity
  8
F03_SEATING
100
AcDbPolyline
 90
5
 70
1
 10
41298.6219518492
 20
24845.52236342631
 10
41942.76500815646
 20
24845.52236342631
 10
41942.76500815646
 20
24485.225284700446
 10
41298.6219518492
 20
24485.225284700446
 10
41298.6219518492
 20
24845.52236342631
  0
LWPOLYLINE
  5
EC
330
17
100
AcDbEntity
  8
F03_SEATING
100
AcDbPolyline
 90
5
 70
1
 10
41298.6219518492
 20
24282.558177917144
 10
41942.76500815646
 20
24282.558177917144
 10
41942.76500815646
 20
23922.261099191284
 10
41298.6219518492
 20
23922.261099191284
 10
41298.6219518492
 20
24282.558177917144
  0
LWPOLYLINE
  5
ED
330
17
100
AcDbEntity
  8
F03_SEATING
100
AcDbPolyline
 90
5
 70
1
 10
23731.084052560815
 20
22589.230145988684
 10
24375.227108868057
 20
22589.230145988684
 10
24375.227108868057
 20
22213.162488059334
 10
23731.084052560815
 20
22213.162488059334
 10
23731.084052560815
 20
22589.230145988684
  0
LWPOLYLINE
  5
EE
330
17
100
AcDbEntity
  8
F03_SEATING
100
AcDbPolyline
 90
5
 70
1
 10
23731.084052560815
 20
22001.624430474076
 10
24375.227108868057
 20
22001.624430474076
 10
24375.227108868057
 20
21625.55677254472
 10
23731.084052560815
 20
21625.55677254472
 10
23731.084052560815
 20
22001.624430474076
  0
LWPOLYLINE
  5
EF
330
17
100
AcDbEntity
  8
F03_SEATING
100
AcDbPolyline
 90
5
 70
1
 10
23731.084052560815
 20
21414.01871495946
 10
24375.227108868057
 20
21414.01871495946
 10
24375.227108868057
 20
21037.951057030114
 10
23731.084052560815
 20
21037.951057030114
 10
23731.084052560815
 20
21414.01871495946
  0
LWPOLYLINE
  5
F0
330
17
100
AcDbEntity
  8
F03_SEATING
100
AcDbPolyline
 90
5
 70
1
 10
23731.084052560815
 20
20826.412999444852
 10
24375.227108868057
 20
20826.412999444852
 10
24375.227108868057
 20
20450.3453415155
 10
23731.084052560815
 20
20450.3453415155
 10
23731.084052560815
 20
20826.412999444852
  0
LWPOLYLINE
  5
F1
330
17
100
AcDbEntity
  8
F03_SEATING
100
AcDbPolyline
 90
5
 70
1
 10
23731.084052560815
 20
20238.80728393024
 10
24375.227108868057
 20
20238.80728393024
 10
24375.227108868057
 20
19862.73962600089
 10
23731.084052560815
 20
19862.73962600089
 10
23731.084052560815
 20
20238.80728393024
  0
LWPOLYLINE
  5
F2
330
17
100
AcDbEntity
  8
F03_SEATING
100
AcDbPolyline
 90
5
 70
1
 10
23731.084052560815
 20
19651.201568415632
 10
24375.227108868057
 20
19651.201568415632
 10
24375.227108868057
 20
19275.13391048628
 10
23731.084052560815
 20
19275.13391048628
 10
23731.084052560815
 20
19651.201568415632
  0
LWPOLYLINE
  5
F3
330
17
100
AcDbEntity
  8
F03_SEATING
100
AcDbPolyline
 90
5
 70
1
 10
23731.084052560815
 20
19063.595852901017
 10
24375.227108868057
 20
19063.595852901017
 10
24375.227108868057
 20
18687.528194971666
 10
23731.084052560815
 20
18687.528194971666
 10
23731.084052560815
 20
19063.595852901017
  0
LWPOLYLINE
  5
F4
330
17
100
AcDbEntity
  8
F03_SEATING
100
AcDbPolyline
 90
5
 70
1
 10
23731.084052560815
 20
18475.990137386405
 10
24375.227108868057
 20
18475.990137386405
 10
24375.227108868057
 20
18099.922479457055
 10
23731.084052560815
 20
18099.922479457055
 10
23731.084052560815
 20
18475.990137386405
  0
LWPOLYLINE
  5
F5
330
17
100
AcDbEntity
  8
F03_SEATING
100
AcDbPolyline
 90
5
 70
1
 10
23731.084052560815
 20
17888.384421871797
 10
24375.227108868057
 20
17888.384421871797
 10
24375.227108868057
 20
17512.316763942446
 10
23731.084052560815
 20
17512.316763942446
 10
23731.084052560815
 20
17888.384421871797
  0
LWPOLYLINE
  5
F6
330
17
100
AcDbEntity
  8
F03_SEATING
100
AcDbPolyline
 90
5
 70
1
 10
23731.084052560815
 20
17300.77870635718
 10
24375.227108868057
 20
17300.77870635718
 10
24375.227108868057
 20
16924.71104842783
 10
23731.084052560815
 20
16924.71104842783
 10
23731.084052560815
 20
17300.77870635718
  0
LWPOLYLINE
  5
F7
330
17
100
AcDbEntity
  8
F03_SEATING
100
AcDbPolyline
 90
5
 70
1
 10
23731.084052560815
 20
16713.172990842573
 10
24375.227108868057
 20
16713.172990842573
 10
24375.227108868057
 20
16337.10533291322
 10
23731.084052560815
 20
16337.10533291322
 10
23731.084052560815
 20
16713.172990842573
  0
LWPOLYLINE
  5
F8
330
17
100
AcDbEntity
  8
F03_SEATING
100
AcDbPolyline
 90
5
 70
1
 10
24707.05838029906
 20
22589.230145988684
 10
25351.2014366063
 20
22589.230145988684
 10
25351.2014366063
 20
22213.162488059334
 10
24707.05838029906
 20
22213.162488059334
 10
24707.05838029906
 20
22589.230145988684
  0
LWPOLYLINE
  5
F9
330
17
100
AcDbEntity
  8
F03_SEATING
100
AcDbPolyline
 90
5
 70
1
 10
24707.05838029906
 20
22001.624430474076
 10
25351.2014366063
 20
22001.624430474076
 10
25351.2014366063
 20
21625.55677254472
 10
24707.05838029906
 20
21625.55677254472
 10
24707.05838029906
 20
22001.624430474076
  0
LWPOLYLINE
  5
FA
330
17
100
AcDbEntity
  8
F03_SEATING
100
AcDbPolyline
 90
5
 70
1
 10
24707.05838029906
 20
21414.01871495946
 10
25351.2014366063
 20
21414.01871495946
 10
25351.2014366063
 20
21037.951057030114
 10
24707.05838029906
 20
21037.951057030114
 10
24707.05838029906
 20
21414.01871495946
  0
LWPOLYLINE
  5
FB
330
17
100
AcDbEntity
  8
F03_SEATING
100
AcDbPolyline
 90
5
 70
1
 10
24707.05838029906
 20
20826.412999444852
 10
25351.2014366063
 20
20826.412999444852
 10
25351.2014366063
 20
20450.3453415155
 10
24707.05838029906
 20
20450.3453415155
 10
24707.05838029906
 20
20826.412999444852
  0
LWPOLYLINE
  5
FC
330
17
100
AcDbEntity
  8
F03_SEATING
100
AcDbPolyline
 90
5
 70
1
 10
24707.05838029906
 20
20238.80728393024
 10
25351.2014366063
 20
20238.80728393024
 10
25351.2014366063
 20
19862.73962600089
 10
24707.05838029906
 20
19862.73962600089
 10
24707.05838029906
 20
20238.80728393024
  0
LWPOLYLINE
  5
FD
330
17
100
AcDbEntity
  8
F03_SEATING
100
AcDbPolyline
 90
5
 70
1
 10
24707.05838029906
 20
19651.201568415632
 10
25351.2014366063
 20
19651.201568415632
 10
25351.2014366063
 20
19275.13391048628
 10
24707.05838029906
 20
19275.13391048628
 10
24707.05838029906
 20
19651.201568415632
  0
LWPOLYLINE
  5
FE
330
17
100
AcDbEntity
  8
F03_SEATING
100
AcDbPolyline
 90
5
 70
1
 10
24707.05838029906
 20
19063.595852901017
 10
25351.2014366063
 20
19063.595852901017
 10
25351.2014366063
 20
18687.528194971666
 10
24707.05838029906
 20
18687.528194971666
 10
24707.05838029906
 20
19063.595852901017
  0
LWPOLYLINE
  5
FF
330
17
100
AcDbEntity
  8
F03_SEATING
100
AcDbPolyline
 90
5
 70
1
 10
24707.05838029906
 20
18475.990137386405
 10
25351.2014366063
 20
18475.990137386405
 10
25351.2014366063
 20
18099.922479457055
 10
24707.05838029906
 20
18099.922479457055
 10
24707.05838029906
 20
18475.990137386405
  0
LWPOLYLINE
  5
100
330
17
100
AcDbEntity
  8
F03_SEATING
100
AcDbPolyline
 90
5
 70
1
 10
24707.05838029906
 20
17888.384421871797
 10
25351.2014366063
 20
17888.384421871797
 10
25351.2014366063
 20
17512.316763942446
 10
24707.05838029906
 20
17512.316763942446
 10
24707.05838029906
 20
17888.384421871797
  0
LWPOLYLINE
  5
101
330
17
100
AcDbEntity
  8
F03_SEATING
100
AcDbPolyline
 90
5
 70
1
 10
24707.05838029906
 20
17300.77870635718
 10
25351.2014366063
 20
17300.77870635718
 10
25351.2014366063
 20
16924.71104842783
 10
24707.05838029906
 20
16924.71104842783
 10
24707.05838029906
 20
17300.77870635718
  0
LWPOLYLINE
  5
102
330
17
100
AcDbEntity
  8
F03_SEATING
100
AcDbPolyline
 90
5
 70
1
 10
24707.05838029906
 20
16713.172990842573
 10
25351.2014366063
 20
16713.172990842573
 10
25351.2014366063
 20
16337.10533291322
 10
24707.05838029906
 20
16337.10533291322
 10
24707.05838029906
 20
16713.172990842573
  0
LWPOLYLINE
  5
103
330
17
100
AcDbEntity
  8
F03_SEATING
100
AcDbPolyline
 90
5
 70
1
 10
25683.0327080373
 20
22589.230145988684
 10
26327.17576434455
 20
22589.230145988684
 10
26327.17576434455
 20
22213.162488059334
 10
25683.0327080373
 20
22213.162488059334
 10
25683.0327080373
 20
22589.230145988684
  0
LWPOLYLINE
  5
104
330
17
100
AcDbEntity
  8
F03_SEATING
100
AcDbPolyline
 90
5
 70
1
 10
25683.0327080373
 20
22001.624430474076
 10
26327.17576434455
 20
22001.624430474076
 10
26327.17576434455
 20
21625.55677254472
 10
25683.0327080373
 20
21625.55677254472
 10
25683.0327080373
 20
22001.624430474076
  0
LWPOLYLINE
  5
105
330
17
100
AcDbEntity
  8
F03_SEATING
100
AcDbPolyline
 90
5
 70
1
 10
25683.0327080373
 20
21414.01871495946
 10
26327.17576434455
 20
21414.01871495946
 10
26327.17576434455
 20
21037.951057030114
 10
25683.0327080373
 20
21037.951057030114
 10
25683.0327080373
 20
21414.01871495946
  0
LWPOLYLINE
  5
106
330
17
100
AcDbEntity
  8
F03_SEATING
100
AcDbPolyline
 90
5
 70
1
 10
25683.0327080373
 20
20826.412999444852
 10
26327.17576434455
 20
20826.412999444852
 10
26327.17576434455
 20
20450.3453415155
 10
25683.0327080373
 20
20450.3453415155
 10
25683.0327080373
 20
20826.412999444852
  0
LWPOLYLINE
  5
107
330
17
100
AcDbEntity
  8
F03_SEATING
100
AcDbPolyline
 90
5
 70
1
 10
25683.0327080373
 20
20238.80728393024
 10
26327.17576434455
 20
20238.80728393024
 10
26327.17576434455
 20
19862.73962600089
 10
25683.0327080373
 20
19862.73962600089
 10
25683.0327080373
 20
20238.80728393024
  0
LWPOLYLINE
  5
108
330
17
100
AcDbEntity
  8
F03_SEATING
100
AcDbPolyline
 90
5
 70
1
 10
25683.0327080373
 20
19651.201568415632
 10
26327.17576434455
 20
19651.201568415632
 10
26327.17576434455
 20
19275.13391048628
 10
25683.0327080373
 20
19275.13391048628
 10
25683.0327080373
 20
19651.201568415632
  0
LWPOLYLINE
  5
109
330
17
100
AcDbEntity
  8
F03_SEATING
100
AcDbPolyline
 90
5
 70
1
 10
25683.0327080373
 20
19063.595852901017
 10
26327.17576434455
 20
19063.595852901017
 10
26327.17576434455
 20
18687.528194971666
 10
25683.0327080373
 20
18687.528194971666
 10
25683.0327080373
 20
19063.595852901017
  0
LWPOLYLINE
  5
10A
330
17
100
AcDbEntity
  8
F03_SEATING
100
AcDbPolyline
 90
5
 70
1
 10
25683.0327080373
 20
18475.990137386405
 10
26327.17576434455
 20
18475.990137386405
 10
26327.17576434455
 20
18099.922479457055
 10
25683.0327080373
 20
18099.922479457055
 10
25683.0327080373
 20
18475.990137386405
  0
LWPOLYLINE
  5
10B
330
17
100
AcDbEntity
  8
F03_SEATING
100
AcDbPolyline
 90
5
 70
1
 10
25683.0327080373
 20
17888.384421871797
 10
26327.17576434455
 20
17888.384421871797
 10
26327.17576434455
 20
17512.316763942446
 10
25683.0327080373
 20
17512.316763942446
 10
25683.0327080373
 20
17888.384421871797
  0
LWPOLYLINE
  5
10C
330
17
100
AcDbEntity
  8
F03_SEATING
100
AcDbPolyline
 90
5
 70
1
 10
25683.0327080373
 20
17300.77870635718
 10
26327.17576434455
 20
17300.77870635718
 10
26327.17576434455
 20
16924.71104842783
 10
25683.0327080373
 20
16924.71104842783
 10
25683.0327080373
 20
17300.77870635718
  0
LWPOLYLINE
  5
10D
330
17
100
AcDbEntity
  8
F03_SEATING
100
AcDbPolyline
 90
5
 70
1
 10
25683.0327080373
 20
16713.172990842573
 10
26327.17576434455
 20
16713.172990842573
 10
26327.17576434455
 20
16337.10533291322
 10
25683.0327080373
 20
16337.10533291322
 10
25683.0327080373
 20
16713.172990842573
  0
LWPOLYLINE
  5
10E
330
17
100
AcDbEntity
  8
F03_SEATING
100
AcDbPolyline
 90
5
 70
1
 10
26659.007035775543
 20
22589.230145988684
 10
27303.15009208279
 20
22589.230145988684
 10
27303.15009208279
 20
22213.162488059334
 10
26659.007035775543
 20
22213.162488059334
 10
26659.007035775543
 20
22589.230145988684
  0
LWPOLYLINE
  5
10F
330
17
100
AcDbEntity
  8
F03_SEATING
100
AcDbPolyline
 90
5
 70
1
 10
26659.007035775543
 20
22001.624430474076
 10
27303.15009208279
 20
22001.624430474076
 10
27303.15009208279
 20
21625.55677254472
 10
26659.007035775543
 20
21625.55677254472
 10
26659.007035775543
 20
22001.624430474076
  0
LWPOLYLINE
  5
110
330
17
100
AcDbEntity
  8
F03_SEATING
100
AcDbPolyline
 90
5
 70
1
 10
26659.007035775543
 20
21414.01871495946
 10
27303.15009208279
 20
21414.01871495946
 10
27303.15009208279
 20
21037.951057030114
 10
26659.007035775543
 20
21037.951057030114
 10
26659.007035775543
 20
21414.01871495946
  0
LWPOLYLINE
  5
111
330
17
100
AcDbEntity
  8
F03_SEATING
100
AcDbPolyline
 90
5
 70
1
 10
26659.007035775543
 20
20826.412999444852
 10
27303.15009208279
 20
20826.412999444852
 10
27303.15009208279
 20
20450.3453415155
 10
26659.007035775543
 20
20450.3453415155
 10
26659.007035775543
 20
20826.412999444852
  0
LWPOLYLINE
  5
112
330
17
100
AcDbEntity
  8
F03_SEATING
100
AcDbPolyline
 90
5
 70
1
 10
26659.007035775543
 20
20238.80728393024
 10
27303.15009208279
 20
20238.80728393024
 10
27303.15009208279
 20
19862.73962600089
 10
26659.007035775543
 20
19862.73962600089
 10
26659.007035775543
 20
20238.80728393024
  0
LWPOLYLINE
  5
113
330
17
100
AcDbEntity
  8
F03_SEATING
100
AcDbPolyline
 90
5
 70
1
 10
26659.007035775543
 20
19651.201568415632
 10
27303.15009208279
 20
19651.201568415632
 10
27303.15009208279
 20
19275.13391048628
 10
26659.007035775543
 20
19275.13391048628
 10
26659.007035775543
 20
19651.201568415632
  0
LWPOLYLINE
  5
114
330
17
100
AcDbEntity
  8
F03_SEATING
100
AcDbPolyline
 90
5
 70
1
 10
26659.007035775543
 20
19063.595852901017
 10
27303.15009208279
 20
19063.595852901017
 10
27303.15009208279
 20
18687.528194971666
 10
26659.007035775543
 20
18687.528194971666
 10
26659.007035775543
 20
19063.595852901017
  0
LWPOLYLINE
  5
115
330
17
100
AcDbEntity
  8
F03_SEATING
100
AcDbPolyline
 90
5
 70
1
 10
26659.007035775543
 20
18475.990137386405
 10
27303.15009208279
 20
18475.990137386405
 10
27303.15009208279
 20
18099.922479457055
 10
26659.007035775543
 20
18099.922479457055
 10
26659.007035775543
 20
18475.990137386405
  0
LWPOLYLINE
  5
116
330
17
100
AcDbEntity
  8
F03_SEATING
100
AcDbPolyline
 90
5
 70
1
 10
26659.007035775543
 20
17888.384421871797
 10
27303.15009208279
 20
17888.384421871797
 10
27303.15009208279
 20
17512.316763942446
 10
26659.007035775543
 20
17512.316763942446
 10
26659.007035775543
 20
17888.384421871797
  0
LWPOLYLINE
  5
117
330
17
100
AcDbEntity
  8
F03_SEATING
100
AcDbPolyline
 90
5
 70
1
 10
26659.007035775543
 20
17300.77870635718
 10
27303.15009208279
 20
17300.77870635718
 10
27303.15009208279
 20
16924.71104842783
 10
26659.007035775543
 20
16924.71104842783
 10
26659.007035775543
 20
17300.77870635718
  0
LWPOLYLINE
  5
118
330
17
100
AcDbEntity
  8
F03_SEATING
100
AcDbPolyline
 90
5
 70
1
 10
26659.007035775543
 20
16713.172990842573
 10
27303.15009208279
 20
16713.172990842573
 10
27303.15009208279
 20
16337.10533291322
 10
26659.007035775543
 20
16337.10533291322
 10
26659.007035775543
 20
16713.172990842573
  0
LWPOLYLINE
  5
119
330
17
100
AcDbEntity
  8
F03_SEATING
100
AcDbPolyline
 90
5
 70
1
 10
27634.98136351379
 20
22589.230145988684
 10
28279.124419821033
 20
22589.230145988684
 10
28279.124419821033
 20
22213.162488059334
 10
27634.98136351379
 20
22213.162488059334
 10
27634.98136351379
 20
22589.230145988684
  0
LWPOLYLINE
  5
11A
330
17
100
AcDbEntity
  8
F03_SEATING
100
AcDbPolyline
 90
5
 70
1
 10
27634.98136351379
 20
22001.624430474076
 10
28279.124419821033
 20
22001.624430474076
 10
28279.124419821033
 20
21625.55677254472
 10
27634.98136351379
 20
21625.55677254472
 10
27634.98136351379
 20
22001.624430474076
  0
LWPOLYLINE
  5
11B
330
17
100
AcDbEntity
  8
F03_SEATING
100
AcDbPolyline
 90
5
 70
1
 10
27634.98136351379
 20
21414.01871495946
 10
28279.124419821033
 20
21414.01871495946
 10
28279.124419821033
 20
21037.951057030114
 10
27634.98136351379
 20
21037.951057030114
 10
27634.98136351379
 20
21414.01871495946
  0
LWPOLYLINE
  5
11C
330
17
100
AcDbEntity
  8
F03_SEATING
100
AcDbPolyline
 90
5
 70
1
 10
27634.98136351379
 20
20826.412999444852
 10
28279.124419821033
 20
20826.412999444852
 10
28279.124419821033
 20
20450.3453415155
 10
27634.98136351379
 20
20450.3453415155
 10
27634.98136351379
 20
20826.412999444852
  0
LWPOLYLINE
  5
11D
330
17
100
AcDbEntity
  8
F03_SEATING
100
AcDbPolyline
 90
5
 70
1
 10
27634.98136351379
 20
20238.80728393024
 10
28279.124419821033
 20
20238.80728393024
 10
28279.124419821033
 20
19862.73962600089
 10
27634.98136351379
 20
19862.73962600089
 10
27634.98136351379
 20
20238.80728393024
  0
LWPOLYLINE
  5
11E
330
17
100
AcDbEntity
  8
F03_SEATING
100
AcDbPolyline
 90
5
 70
1
 10
27634.98136351379
 20
19651.201568415632
 10
28279.124419821033
 20
19651.201568415632
 10
28279.124419821033
 20
19275.13391048628
 10
27634.98136351379
 20
19275.13391048628
 10
27634.98136351379
 20
19651.201568415632
  0
LWPOLYLINE
  5
11F
330
17
100
AcDbEntity
  8
F03_SEATING
100
AcDbPolyline
 90
5
 70
1
 10
27634.98136351379
 20
19063.595852901017
 10
28279.124419821033
 20
19063.595852901017
 10
28279.124419821033
 20
18687.528194971666
 10
27634.98136351379
 20
18687.528194971666
 10
27634.98136351379
 20
19063.595852901017
  0
LWPOLYLINE
  5
120
330
17
100
AcDbEntity
  8
F03_SEATING
100
AcDbPolyline
 90
5
 70
1
 10
27634.98136351379
 20
18475.990137386405
 10
28279.124419821033
 20
18475.990137386405
 10
28279.124419821033
 20
18099.922479457055
 10
27634.98136351379
 20
18099.922479457055
 10
27634.98136351379
 20
18475.990137386405
  0
LWPOLYLINE
  5
121
330
17
100
AcDbEntity
  8
F03_SEATING
100
AcDbPolyline
 90
5
 70
1
 10
27634.98136351379
 20
17888.384421871797
 10
28279.124419821033
 20
17888.384421871797
 10
28279.124419821033
 20
17512.316763942446
 10
27634.98136351379
 20
17512.316763942446
 10
27634.98136351379
 20
17888.384421871797
  0
LWPOLYLINE
  5
122
330
17
100
AcDbEntity
  8
F03_SEATING
100
AcDbPolyline
 90
5
 70
1
 10
27634.98136351379
 20
17300.77870635718
 10
28279.124419821033
 20
17300.77870635718
 10
28279.124419821033
 20
16924.71104842783
 10
27634.98136351379
 20
16924.71104842783
 10
27634.98136351379
 20
17300.77870635718
  0
LWPOLYLINE
  5
123
330
17
100
AcDbEntity
  8
F03_SEATING
100
AcDbPolyline
 90
5
 70
1
 10
27634.98136351379
 20
16713.172990842573
 10
28279.124419821033
 20
16713.172990842573
 10
28279.124419821033
 20
16337.10533291322
 10
27634.98136351379
 20
16337.10533291322
 10
27634.98136351379
 20
16713.172990842573
  0
LWPOLYLINE
  5
124
330
17
100
AcDbEntity
  8
F03_SEATING
100
AcDbPolyline
 90
5
 70
1
 10
28610.955691252035
 20
22589.230145988684
 10
29255.098747559277
 20
22589.230145988684
 10
29255.098747559277
 20
22213.162488059334
 10
28610.955691252035
 20
22213.162488059334
 10
28610.955691252035
 20
22589.230145988684
  0
LWPOLYLINE
  5
125
330
17
100
AcDbEntity
  8
F03_SEATING
100
AcDbPolyline
 90
5
 70
1
 10
28610.955691252035
 20
22001.624430474076
 10
29255.098747559277
 20
22001.624430474076
 10
29255.098747559277
 20
21625.55677254472
 10
28610.955691252035
 20
21625.55677254472
 10
28610.955691252035
 20
22001.624430474076
  0
LWPOLYLINE
  5
126
330
17
100
AcDbEntity
  8
F03_SEATING
100
AcDbPolyline
 90
5
 70
1
 10
28610.955691252035
 20
21414.01871495946
 10
29255.098747559277
 20
21414.01871495946
 10
29255.098747559277
 20
21037.951057030114
 10
28610.955691252035
 20
21037.951057030114
 10
28610.955691252035
 20
21414.01871495946
  0
LWPOLYLINE
  5
127
330
17
100
AcDbEntity
  8
F03_SEATING
100
AcDbPolyline
 90
5
 70
1
 10
28610.955691252035
 20
20826.412999444852
 10
29255.098747559277
 20
20826.412999444852
 10
29255.098747559277
 20
20450.3453415155
 10
28610.955691252035
 20
20450.3453415155
 10
28610.955691252035
 20
20826.412999444852
  0
LWPOLYLINE
  5
128
330
17
100
AcDbEntity
  8
F03_SEATING
100
AcDbPolyline
 90
5
 70
1
 10
28610.955691252035
 20
20238.80728393024
 10
29255.098747559277
 20
20238.80728393024
 10
29255.098747559277
 20
19862.73962600089
 10
28610.955691252035
 20
19862.73962600089
 10
28610.955691252035
 20
20238.80728393024
  0
LWPOLYLINE
  5
129
330
17
100
AcDbEntity
  8
F03_SEATING
100
AcDbPolyline
 90
5
 70
1
 10
28610.955691252035
 20
19651.201568415632
 10
29255.098747559277
 20
19651.201568415632
 10
29255.098747559277
 20
19275.13391048628
 10
28610.955691252035
 20
19275.13391048628
 10
28610.955691252035
 20
19651.201568415632
  0
LWPOLYLINE
  5
12A
330
17
100
AcDbEntity
  8
F03_SEATING
100
AcDbPolyline
 90
5
 70
1
 10
28610.955691252035
 20
19063.595852901017
 10
29255.098747559277
 20
19063.595852901017
 10
29255.098747559277
 20
18687.528194971666
 10
28610.955691252035
 20
18687.528194971666
 10
28610.955691252035
 20
19063.595852901017
  0
LWPOLYLINE
  5
12B
330
17
100
AcDbEntity
  8
F03_SEATING
100
AcDbPolyline
 90
5
 70
1
 10
28610.955691252035
 20
18475.990137386405
 10
29255.098747559277
 20
18475.990137386405
 10
29255.098747559277
 20
18099.922479457055
 10
28610.955691252035
 20
18099.922479457055
 10
28610.955691252035
 20
18475.990137386405
  0
LWPOLYLINE
  5
12C
330
17
100
AcDbEntity
  8
F03_SEATING
100
AcDbPolyline
 90
5
 70
1
 10
28610.955691252035
 20
17888.384421871797
 10
29255.098747559277
 20
17888.384421871797
 10
29255.098747559277
 20
17512.316763942446
 10
28610.955691252035
 20
17512.316763942446
 10
28610.955691252035
 20
17888.384421871797
  0
LWPOLYLINE
  5
12D
330
17
100
AcDbEntity
  8
F03_SEATING
100
AcDbPolyline
 90
5
 70
1
 10
28610.955691252035
 20
17300.77870635718
 10
29255.098747559277
 20
17300.77870635718
 10
29255.098747559277
 20
16924.71104842783
 10
28610.955691252035
 20
16924.71104842783
 10
28610.955691252035
 20
17300.77870635718
  0
LWPOLYLINE
  5
12E
330
17
100
AcDbEntity
  8
F03_SEATING
100
AcDbPolyline
 90
5
 70
1
 10
28610.955691252035
 20
16713.172990842573
 10
29255.098747559277
 20
16713.172990842573
 10
29255.098747559277
 20
16337.10533291322
 10
28610.955691252035
 20
16337.10533291322
 10
28610.955691252035
 20
16713.172990842573
  0
LWPOLYLINE
  5
12F
330
17
100
AcDbEntity
  8
F03_SEATING
100
AcDbPolyline
 90
5
 70
1
 10
29586.93001899028
 20
22589.230145988684
 10
30231.07307529752
 20
22589.230145988684
 10
30231.07307529752
 20
22213.162488059334
 10
29586.93001899028
 20
22213.162488059334
 10
29586.93001899028
 20
22589.230145988684
  0
LWPOLYLINE
  5
130
330
17
100
AcDbEntity
  8
F03_SEATING
100
AcDbPolyline
 90
5
 70
1
 10
29586.93001899028
 20
22001.624430474076
 10
30231.07307529752
 20
22001.624430474076
 10
30231.07307529752
 20
21625.55677254472
 10
29586.93001899028
 20
21625.55677254472
 10
29586.93001899028
 20
22001.624430474076
  0
LWPOLYLINE
  5
131
330
17
100
AcDbEntity
  8
F03_SEATING
100
AcDbPolyline
 90
5
 70
1
 10
29586.93001899028
 20
21414.01871495946
 10
30231.07307529752
 20
21414.01871495946
 10
30231.07307529752
 20
21037.951057030114
 10
29586.93001899028
 20
21037.951057030114
 10
29586.93001899028
 20
21414.01871495946
  0
LWPOLYLINE
  5
132
330
17
100
AcDbEntity
  8
F03_SEATING
100
AcDbPolyline
 90
5
 70
1
 10
29586.93001899028
 20
20826.412999444852
 10
30231.07307529752
 20
20826.412999444852
 10
30231.07307529752
 20
20450.3453415155
 10
29586.93001899028
 20
20450.3453415155
 10
29586.93001899028
 20
20826.412999444852
  0
LWPOLYLINE
  5
133
330
17
100
AcDbEntity
  8
F03_SEATING
100
AcDbPolyline
 90
5
 70
1
 10
29586.93001899028
 20
20238.80728393024
 10
30231.07307529752
 20
20238.80728393024
 10
30231.07307529752
 20
19862.73962600089
 10
29586.93001899028
 20
19862.73962600089
 10
29586.93001899028
 20
20238.80728393024
  0
LWPOLYLINE
  5
134
330
17
100
AcDbEntity
  8
F03_SEATING
100
AcDbPolyline
 90
5
 70
1
 10
29586.93001899028
 20
19651.201568415632
 10
30231.07307529752
 20
19651.201568415632
 10
30231.07307529752
 20
19275.13391048628
 10
29586.93001899028
 20
19275.13391048628
 10
29586.93001899028
 20
19651.201568415632
  0
LWPOLYLINE
  5
135
330
17
100
AcDbEntity
  8
F03_SEATING
100
AcDbPolyline
 90
5
 70
1
 10
29586.93001899028
 20
19063.595852901017
 10
30231.07307529752
 20
19063.595852901017
 10
30231.07307529752
 20
18687.528194971666
 10
29586.93001899028
 20
18687.528194971666
 10
29586.93001899028
 20
19063.595852901017
  0
LWPOLYLINE
  5
136
330
17
100
AcDbEntity
  8
F03_SEATING
100
AcDbPolyline
 90
5
 70
1
 10
29586.93001899028
 20
18475.990137386405
 10
30231.07307529752
 20
18475.990137386405
 10
30231.07307529752
 20
18099.922479457055
 10
29586.93001899028
 20
18099.922479457055
 10
29586.93001899028
 20
18475.990137386405
  0
LWPOLYLINE
  5
137
330
17
100
AcDbEntity
  8
F03_SEATING
100
AcDbPolyline
 90
5
 70
1
 10
29586.93001899028
 20
17888.384421871797
 10
30231.07307529752
 20
17888.384421871797
 10
30231.07307529752
 20
17512.316763942446
 10
29586.93001899028
 20
17512.316763942446
 10
29586.93001899028
 20
17888.384421871797
  0
LWPOLYLINE
  5
138
330
17
100
AcDbEntity
  8
F03_SEATING
100
AcDbPolyline
 90
5
 70
1
 10
29586.93001899028
 20
17300.77870635718
 10
30231.07307529752
 20
17300.77870635718
 10
30231.07307529752
 20
16924.71104842783
 10
29586.93001899028
 20
16924.71104842783
 10
29586.93001899028
 20
17300.77870635718
  0
LWPOLYLINE
  5
139
330
17
100
AcDbEntity
  8
F03_SEATING
100
AcDbPolyline
 90
5
 70
1
 10
29586.93001899028
 20
16713.172990842573
 10
30231.07307529752
 20
16713.172990842573
 10
30231.07307529752
 20
16337.10533291322
 10
29586.93001899028
 20
16337.10533291322
 10
29586.93001899028
 20
16713.172990842573
  0
LWPOLYLINE
  5
13A
330
17
100
AcDbEntity
  8
F03_SEATING
100
AcDbPolyline
 90
5
 70
1
 10
30562.90434672852
 20
22589.230145988684
 10
31207.04740303576
 20
22589.230145988684
 10
31207.04740303576
 20
22213.162488059334
 10
30562.90434672852
 20
22213.162488059334
 10
30562.90434672852
 20
22589.230145988684
  0
LWPOLYLINE
  5
13B
330
17
100
AcDbEntity
  8
F03_SEATING
100
AcDbPolyline
 90
5
 70
1
 10
30562.90434672852
 20
22001.624430474076
 10
31207.04740303576
 20
22001.624430474076
 10
31207.04740303576
 20
21625.55677254472
 10
30562.90434672852
 20
21625.55677254472
 10
30562.90434672852
 20
22001.624430474076
  0
LWPOLYLINE
  5
13C
330
17
100
AcDbEntity
  8
F03_SEATING
100
AcDbPolyline
 90
5
 70
1
 10
30562.90434672852
 20
21414.01871495946
 10
31207.04740303576
 20
21414.01871495946
 10
31207.04740303576
 20
21037.951057030114
 10
30562.90434672852
 20
21037.951057030114
 10
30562.90434672852
 20
21414.01871495946
  0
LWPOLYLINE
  5
13D
330
17
100
AcDbEntity
  8
F03_SEATING
100
AcDbPolyline
 90
5
 70
1
 10
30562.90434672852
 20
20826.412999444852
 10
31207.04740303576
 20
20826.412999444852
 10
31207.04740303576
 20
20450.3453415155
 10
30562.90434672852
 20
20450.3453415155
 10
30562.90434672852
 20
20826.412999444852
  0
LWPOLYLINE
  5
13E
330
17
100
AcDbEntity
  8
F03_SEATING
100
AcDbPolyline
 90
5
 70
1
 10
30562.90434672852
 20
20238.80728393024
 10
31207.04740303576
 20
20238.80728393024
 10
31207.04740303576
 20
19862.73962600089
 10
30562.90434672852
 20
19862.73962600089
 10
30562.90434672852
 20
20238.80728393024
  0
LWPOLYLINE
  5
13F
330
17
100
AcDbEntity
  8
F03_SEATING
100
AcDbPolyline
 90
5
 70
1
 10
30562.90434672852
 20
19651.201568415632
 10
31207.04740303576
 20
19651.201568415632
 10
31207.04740303576
 20
19275.13391048628
 10
30562.90434672852
 20
19275.13391048628
 10
30562.90434672852
 20
19651.201568415632
  0
LWPOLYLINE
  5
140
330
17
100
AcDbEntity
  8
F03_SEATING
100
AcDbPolyline
 90
5
 70
1
 10
30562.90434672852
 20
19063.595852901017
 10
31207.04740303576
 20
19063.595852901017
 10
31207.04740303576
 20
18687.528194971666
 10
30562.90434672852
 20
18687.528194971666
 10
30562.90434672852
 20
19063.595852901017
  0
LWPOLYLINE
  5
141
330
17
100
AcDbEntity
  8
F03_SEATING
100
AcDbPolyline
 90
5
 70
1
 10
30562.90434672852
 20
18475.990137386405
 10
31207.04740303576
 20
18475.990137386405
 10
31207.04740303576
 20
18099.922479457055
 10
30562.90434672852
 20
18099.922479457055
 10
30562.90434672852
 20
18475.990137386405
  0
LWPOLYLINE
  5
142
330
17
100
AcDbEntity
  8
F03_SEATING
100
AcDbPolyline
 90
5
 70
1
 10
30562.90434672852
 20
17888.384421871797
 10
31207.04740303576
 20
17888.384421871797
 10
31207.04740303576
 20
17512.316763942446
 10
30562.90434672852
 20
17512.316763942446
 10
30562.90434672852
 20
17888.384421871797
  0
LWPOLYLINE
  5
143
330
17
100
AcDbEntity
  8
F03_SEATING
100
AcDbPolyline
 90
5
 70
1
 10
30562.90434672852
 20
17300.77870635718
 10
31207.04740303576
 20
17300.77870635718
 10
31207.04740303576
 20
16924.71104842783
 10
30562.90434672852
 20
16924.71104842783
 10
30562.90434672852
 20
17300.77870635718
  0
LWPOLYLINE
  5
144
330
17
100
AcDbEntity
  8
F03_SEATING
100
AcDbPolyline
 90
5
 70
1
 10
30562.90434672852
 20
16713.172990842573
 10
31207.04740303576
 20
16713.172990842573
 10
31207.04740303576
 20
16337.10533291322
 10
30562.90434672852
 20
16337.10533291322
 10
30562.90434672852
 20
16713.172990842573
  0
LWPOLYLINE
  5
145
330
17
100
AcDbEntity
  8
F03_SEATING
100
AcDbPolyline
 90
5
 70
1
 10
31538.87867446677
 20
22589.230145988684
 10
32183.021730774013
 20
22589.230145988684
 10
32183.021730774013
 20
22213.162488059334
 10
31538.87867446677
 20
22213.162488059334
 10
31538.87867446677
 20
22589.230145988684
  0
LWPOLYLINE
  5
146
330
17
100
AcDbEntity
  8
F03_SEATING
100
AcDbPolyline
 90
5
 70
1
 10
31538.87867446677
 20
22001.624430474076
 10
32183.021730774013
 20
22001.624430474076
 10
32183.021730774013
 20
21625.55677254472
 10
31538.87867446677
 20
21625.55677254472
 10
31538.87867446677
 20
22001.624430474076
  0
LWPOLYLINE
  5
147
330
17
100
AcDbEntity
  8
F03_SEATING
100
AcDbPolyline
 90
5
 70
1
 10
31538.87867446677
 20
21414.01871495946
 10
32183.021730774013
 20
21414.01871495946
 10
32183.021730774013
 20
21037.951057030114
 10
31538.87867446677
 20
21037.951057030114
 10
31538.87867446677
 20
21414.01871495946
  0
LWPOLYLINE
  5
148
330
17
100
AcDbEntity
  8
F03_SEATING
100
AcDbPolyline
 90
5
 70
1
 10
31538.87867446677
 20
20826.412999444852
 10
32183.021730774013
 20
20826.412999444852
 10
32183.021730774013
 20
20450.3453415155
 10
31538.87867446677
 20
20450.3453415155
 10
31538.87867446677
 20
20826.412999444852
  0
LWPOLYLINE
  5
149
330
17
100
AcDbEntity
  8
F03_SEATING
100
AcDbPolyline
 90
5
 70
1
 10
31538.87867446677
 20
20238.80728393024
 10
32183.021730774013
 20
20238.80728393024
 10
32183.021730774013
 20
19862.73962600089
 10
31538.87867446677
 20
19862.73962600089
 10
31538.87867446677
 20
20238.80728393024
  0
LWPOLYLINE
  5
14A
330
17
100
AcDbEntity
  8
F03_SEATING
100
AcDbPolyline
 90
5
 70
1
 10
31538.87867446677
 20
19651.201568415632
 10
32183.021730774013
 20
19651.201568415632
 10
32183.021730774013
 20
19275.13391048628
 10
31538.87867446677
 20
19275.13391048628
 10
31538.87867446677
 20
19651.201568415632
  0
LWPOLYLINE
  5
14B
330
17
100
AcDbEntity
  8
F03_SEATING
100
AcDbPolyline
 90
5
 70
1
 10
31538.87867446677
 20
19063.595852901017
 10
32183.021730774013
 20
19063.595852901017
 10
32183.021730774013
 20
18687.528194971666
 10
31538.87867446677
 20
18687.528194971666
 10
31538.87867446677
 20
19063.595852901017
  0
LWPOLYLINE
  5
14C
330
17
100
AcDbEntity
  8
F03_SEATING
100
AcDbPolyline
 90
5
 70
1
 10
31538.87867446677
 20
18475.990137386405
 10
32183.021730774013
 20
18475.990137386405
 10
32183.021730774013
 20
18099.922479457055
 10
31538.87867446677
 20
18099.922479457055
 10
31538.87867446677
 20
18475.990137386405
  0
LWPOLYLINE
  5
14D
330
17
100
AcDbEntity
  8
F03_SEATING
100
AcDbPolyline
 90
5
 70
1
 10
31538.87867446677
 20
17888.384421871797
 10
32183.021730774013
 20
17888.384421871797
 10
32183.021730774013
 20
17512.316763942446
 10
31538.87867446677
 20
17512.316763942446
 10
31538.87867446677
 20
17888.384421871797
  0
LWPOLYLINE
  5
14E
330
17
100
AcDbEntity
  8
F03_SEATING
100
AcDbPolyline
 90
5
 70
1
 10
31538.87867446677
 20
17300.77870635718
 10
32183.021730774013
 20
17300.77870635718
 10
32183.021730774013
 20
16924.71104842783
 10
31538.87867446677
 20
16924.71104842783
 10
31538.87867446677
 20
17300.77870635718
  0
LWPOLYLINE
  5
14F
330
17
100
AcDbEntity
  8
F03_SEATING
100
AcDbPolyline
 90
5
 70
1
 10
31538.87867446677
 20
16713.172990842573
 10
32183.021730774013
 20
16713.172990842573
 10
32183.021730774013
 20
16337.10533291322
 10
31538.87867446677
 20
16337.10533291322
 10
31538.87867446677
 20
16713.172990842573
  0
LWPOLYLINE
  5
150
330
17
100
AcDbEntity
  8
F03_SEATING
100
AcDbPolyline
 90
5
 70
1
 10
32514.85300220501
 20
22589.230145988684
 10
33158.99605851225
 20
22589.230145988684
 10
33158.99605851225
 20
22213.162488059334
 10
32514.85300220501
 20
22213.162488059334
 10
32514.85300220501
 20
22589.230145988684
  0
LWPOLYLINE
  5
151
330
17
100
AcDbEntity
  8
F03_SEATING
100
AcDbPolyline
 90
5
 70
1
 10
32514.85300220501
 20
22001.624430474076
 10
33158.99605851225
 20
22001.624430474076
 10
33158.99605851225
 20
21625.55677254472
 10
32514.85300220501
 20
21625.55677254472
 10
32514.85300220501
 20
22001.624430474076
  0
LWPOLYLINE
  5
152
330
17
100
AcDbEntity
  8
F03_SEATING
100
AcDbPolyline
 90
5
 70
1
 10
32514.85300220501
 20
21414.01871495946
 10
33158.99605851225
 20
21414.01871495946
 10
33158.99605851225
 20
21037.951057030114
 10
32514.85300220501
 20
21037.951057030114
 10
32514.85300220501
 20
21414.01871495946
  0
LWPOLYLINE
  5
153
330
17
100
AcDbEntity
  8
F03_SEATING
100
AcDbPolyline
 90
5
 70
1
 10
32514.85300220501
 20
20826.412999444852
 10
33158.99605851225
 20
20826.412999444852
 10
33158.99605851225
 20
20450.3453415155
 10
32514.85300220501
 20
20450.3453415155
 10
32514.85300220501
 20
20826.412999444852
  0
LWPOLYLINE
  5
154
330
17
100
AcDbEntity
  8
F03_SEATING
100
AcDbPolyline
 90
5
 70
1
 10
32514.85300220501
 20
20238.80728393024
 10
33158.99605851225
 20
20238.80728393024
 10
33158.99605851225
 20
19862.73962600089
 10
32514.85300220501
 20
19862.73962600089
 10
32514.85300220501
 20
20238.80728393024
  0
LWPOLYLINE
  5
155
330
17
100
AcDbEntity
  8
F03_SEATING
100
AcDbPolyline
 90
5
 70
1
 10
32514.85300220501
 20
19651.201568415632
 10
33158.99605851225
 20
19651.201568415632
 10
33158.99605851225
 20
19275.13391048628
 10
32514.85300220501
 20
19275.13391048628
 10
32514.85300220501
 20
19651.201568415632
  0
LWPOLYLINE
  5
156
330
17
100
AcDbEntity
  8
F03_SEATING
100
AcDbPolyline
 90
5
 70
1
 10
32514.85300220501
 20
19063.595852901017
 10
33158.99605851225
 20
19063.595852901017
 10
33158.99605851225
 20
18687.528194971666
 10
32514.85300220501
 20
18687.528194971666
 10
32514.85300220501
 20
19063.595852901017
  0
LWPOLYLINE
  5
157
330
17
100
AcDbEntity
  8
F03_SEATING
100
AcDbPolyline
 90
5
 70
1
 10
32514.85300220501
 20
18475.990137386405
 10
33158.99605851225
 20
18475.990137386405
 10
33158.99605851225
 20
18099.922479457055
 10
32514.85300220501
 20
18099.922479457055
 10
32514.85300220501
 20
18475.990137386405
  0
LWPOLYLINE
  5
158
330
17
100
AcDbEntity
  8
F03_SEATING
100
AcDbPolyline
 90
5
 70
1
 10
32514.85300220501
 20
17888.384421871797
 10
33158.99605851225
 20
17888.384421871797
 10
33158.99605851225
 20
17512.316763942446
 10
32514.85300220501
 20
17512.316763942446
 10
32514.85300220501
 20
17888.384421871797
  0
LWPOLYLINE
  5
159
330
17
100
AcDbEntity
  8
F03_SEATING
100
AcDbPolyline
 90
5
 70
1
 10
32514.85300220501
 20
17300.77870635718
 10
33158.99605851225
 20
17300.77870635718
 10
33158.99605851225
 20
16924.71104842783
 10
32514.85300220501
 20
16924.71104842783
 10
32514.85300220501
 20
17300.77870635718
  0
LWPOLYLINE
  5
15A
330
17
100
AcDbEntity
  8
F03_SEATING
100
AcDbPolyline
 90
5
 70
1
 10
32514.85300220501
 20
16713.172990842573
 10
33158.99605851225
 20
16713.172990842573
 10
33158.99605851225
 20
16337.10533291322
 10
32514.85300220501
 20
16337.10533291322
 10
32514.85300220501
 20
16713.172990842573
  0
LWPOLYLINE
  5
15B
330
17
100
AcDbEntity
  8
F03_SEATING
100
AcDbPolyline
 90
5
 70
1
 10
33490.82732994325
 20
22589.230145988684
 10
34134.97038625049
 20
22589.230145988684
 10
34134.97038625049
 20
22213.162488059334
 10
33490.82732994325
 20
22213.162488059334
 10
33490.82732994325
 20
22589.230145988684
  0
LWPOLYLINE
  5
15C
330
17
100
AcDbEntity
  8
F03_SEATING
100
AcDbPolyline
 90
5
 70
1
 10
33490.82732994325
 20
22001.624430474076
 10
34134.97038625049
 20
22001.624430474076
 10
34134.97038625049
 20
21625.55677254472
 10
33490.82732994325
 20
21625.55677254472
 10
33490.82732994325
 20
22001.624430474076
  0
LWPOLYLINE
  5
15D
330
17
100
AcDbEntity
  8
F03_SEATING
100
AcDbPolyline
 90
5
 70
1
 10
33490.82732994325
 20
21414.01871495946
 10
34134.97038625049
 20
21414.01871495946
 10
34134.97038625049
 20
21037.951057030114
 10
33490.82732994325
 20
21037.951057030114
 10
33490.82732994325
 20
21414.01871495946
  0
LWPOLYLINE
  5
15E
330
17
100
AcDbEntity
  8
F03_SEATING
100
AcDbPolyline
 90
5
 70
1
 10
33490.82732994325
 20
20826.412999444852
 10
34134.97038625049
 20
20826.412999444852
 10
34134.97038625049
 20
20450.3453415155
 10
33490.82732994325
 20
20450.3453415155
 10
33490.82732994325
 20
20826.412999444852
  0
LWPOLYLINE
  5
15F
330
17
100
AcDbEntity
  8
F03_SEATING
100
AcDbPolyline
 90
5
 70
1
 10
33490.82732994325
 20
20238.80728393024
 10
34134.97038625049
 20
20238.80728393024
 10
34134.97038625049
 20
19862.73962600089
 10
33490.82732994325
 20
19862.73962600089
 10
33490.82732994325
 20
20238.80728393024
  0
LWPOLYLINE
  5
160
330
17
100
AcDbEntity
  8
F03_SEATING
100
AcDbPolyline
 90
5
 70
1
 10
33490.82732994325
 20
19651.201568415632
 10
34134.97038625049
 20
19651.201568415632
 10
34134.97038625049
 20
19275.13391048628
 10
33490.82732994325
 20
19275.13391048628
 10
33490.82732994325
 20
19651.201568415632
  0
LWPOLYLINE
  5
161
330
17
100
AcDbEntity
  8
F03_SEATING
100
AcDbPolyline
 90
5
 70
1
 10
33490.82732994325
 20
19063.595852901017
 10
34134.97038625049
 20
19063.595852901017
 10
34134.97038625049
 20
18687.528194971666
 10
33490.82732994325
 20
18687.528194971666
 10
33490.82732994325
 20
19063.595852901017
  0
LWPOLYLINE
  5
162
330
17
100
AcDbEntity
  8
F03_SEATING
100
AcDbPolyline
 90
5
 70
1
 10
33490.82732994325
 20
18475.990137386405
 10
34134.97038625049
 20
18475.990137386405
 10
34134.97038625049
 20
18099.922479457055
 10
33490.82732994325
 20
18099.922479457055
 10
33490.82732994325
 20
18475.990137386405
  0
LWPOLYLINE
  5
163
330
17
100
AcDbEntity
  8
F03_SEATING
100
AcDbPolyline
 90
5
 70
1
 10
33490.82732994325
 20
17888.384421871797
 10
34134.97038625049
 20
17888.384421871797
 10
34134.97038625049
 20
17512.316763942446
 10
33490.82732994325
 20
17512.316763942446
 10
33490.82732994325
 20
17888.384421871797
  0
LWPOLYLINE
  5
164
330
17
100
AcDbEntity
  8
F03_SEATING
100
AcDbPolyline
 90
5
 70
1
 10
33490.82732994325
 20
17300.77870635718
 10
34134.97038625049
 20
17300.77870635718
 10
34134.97038625049
 20
16924.71104842783
 10
33490.82732994325
 20
16924.71104842783
 10
33490.82732994325
 20
17300.77870635718
  0
LWPOLYLINE
  5
165
330
17
100
AcDbEntity
  8
F03_SEATING
100
AcDbPolyline
 90
5
 70
1
 10
33490.82732994325
 20
16713.172990842573
 10
34134.97038625049
 20
16713.172990842573
 10
34134.97038625049
 20
16337.10533291322
 10
33490.82732994325
 20
16337.10533291322
 10
33490.82732994325
 20
16713.172990842573
  0
LWPOLYLINE
  5
166
330
17
100
AcDbEntity
  8
F03_SEATING
100
AcDbPolyline
 90
5
 70
1
 10
34466.80165768149
 20
22589.230145988684
 10
35110.944713988734
 20
22589.230145988684
 10
35110.944713988734
 20
22213.162488059334
 10
34466.80165768149
 20
22213.162488059334
 10
34466.80165768149
 20
22589.230145988684
  0
LWPOLYLINE
  5
167
330
17
100
AcDbEntity
  8
F03_SEATING
100
AcDbPolyline
 90
5
 70
1
 10
34466.80165768149
 20
22001.624430474076
 10
35110.944713988734
 20
22001.624430474076
 10
35110.944713988734
 20
21625.55677254472
 10
34466.80165768149
 20
21625.55677254472
 10
34466.80165768149
 20
22001.624430474076
  0
LWPOLYLINE
  5
168
330
17
100
AcDbEntity
  8
F03_SEATING
100
AcDbPolyline
 90
5
 70
1
 10
34466.80165768149
 20
21414.01871495946
 10
35110.944713988734
 20
21414.01871495946
 10
35110.944713988734
 20
21037.951057030114
 10
34466.80165768149
 20
21037.951057030114
 10
34466.80165768149
 20
21414.01871495946
  0
LWPOLYLINE
  5
169
330
17
100
AcDbEntity
  8
F03_SEATING
100
AcDbPolyline
 90
5
 70
1
 10
34466.80165768149
 20
20826.412999444852
 10
35110.944713988734
 20
20826.412999444852
 10
35110.944713988734
 20
20450.3453415155
 10
34466.80165768149
 20
20450.3453415155
 10
34466.80165768149
 20
20826.412999444852
  0
LWPOLYLINE
  5
16A
330
17
100
AcDbEntity
  8
F03_SEATING
100
AcDbPolyline
 90
5
 70
1
 10
34466.80165768149
 20
20238.80728393024
 10
35110.944713988734
 20
20238.80728393024
 10
35110.944713988734
 20
19862.73962600089
 10
34466.80165768149
 20
19862.73962600089
 10
34466.80165768149
 20
20238.80728393024
  0
LWPOLYLINE
  5
16B
330
17
100
AcDbEntity
  8
F03_SEATING
100
AcDbPolyline
 90
5
 70
1
 10
34466.80165768149
 20
19651.201568415632
 10
35110.944713988734
 20
19651.201568415632
 10
35110.944713988734
 20
19275.13391048628
 10
34466.80165768149
 20
19275.13391048628
 10
34466.80165768149
 20
19651.201568415632
  0
LWPOLYLINE
  5
16C
330
17
100
AcDbEntity
  8
F03_SEATING
100
AcDbPolyline
 90
5
 70
1
 10
34466.80165768149
 20
19063.595852901017
 10
35110.944713988734
 20
19063.595852901017
 10
35110.944713988734
 20
18687.528194971666
 10
34466.80165768149
 20
18687.528194971666
 10
34466.80165768149
 20
19063.595852901017
  0
LWPOLYLINE
  5
16D
330
17
100
AcDbEntity
  8
F03_SEATING
100
AcDbPolyline
 90
5
 70
1
 10
34466.80165768149
 20
18475.990137386405
 10
35110.944713988734
 20
18475.990137386405
 10
35110.944713988734
 20
18099.922479457055
 10
34466.80165768149
 20
18099.922479457055
 10
34466.80165768149
 20
18475.990137386405
  0
LWPOLYLINE
  5
16E
330
17
100
AcDbEntity
  8
F03_SEATING
100
AcDbPolyline
 90
5
 70
1
 10
34466.80165768149
 20
17888.384421871797
 10
35110.944713988734
 20
17888.384421871797
 10
35110.944713988734
 20
17512.316763942446
 10
34466.80165768149
 20
17512.316763942446
 10
34466.80165768149
 20
17888.384421871797
  0
LWPOLYLINE
  5
16F
330
17
100
AcDbEntity
  8
F03_SEATING
100
AcDbPolyline
 90
5
 70
1
 10
34466.80165768149
 20
17300.77870635718
 10
35110.944713988734
 20
17300.77870635718
 10
35110.944713988734
 20
16924.71104842783
 10
34466.80165768149
 20
16924.71104842783
 10
34466.80165768149
 20
17300.77870635718
  0
LWPOLYLINE
  5
170
330
17
100
AcDbEntity
  8
F03_SEATING
100
AcDbPolyline
 90
5
 70
1
 10
34466.80165768149
 20
16713.172990842573
 10
35110.944713988734
 20
16713.172990842573
 10
35110.944713988734
 20
16337.10533291322
 10
34466.80165768149
 20
16337.10533291322
 10
34466.80165768149
 20
16713.172990842573
  0
LWPOLYLINE
  5
171
330
17
100
AcDbEntity
  8
F03_SEATING
100
AcDbPolyline
 90
5
 70
1
 10
35442.77598541974
 20
22589.230145988684
 10
36086.919041726986
 20
22589.230145988684
 10
36086.919041726986
 20
22213.162488059334
 10
35442.77598541974
 20
22213.162488059334
 10
35442.77598541974
 20
22589.230145988684
  0
LWPOLYLINE
  5
172
330
17
100
AcDbEntity
  8
F03_SEATING
100
AcDbPolyline
 90
5
 70
1
 10
35442.77598541974
 20
22001.624430474076
 10
36086.919041726986
 20
22001.624430474076
 10
36086.919041726986
 20
21625.55677254472
 10
35442.77598541974
 20
21625.55677254472
 10
35442.77598541974
 20
22001.624430474076
  0
LWPOLYLINE
  5
173
330
17
100
AcDbEntity
  8
F03_SEATING
100
AcDbPolyline
 90
5
 70
1
 10
35442.77598541974
 20
21414.01871495946
 10
36086.919041726986
 20
21414.01871495946
 10
36086.919041726986
 20
21037.951057030114
 10
35442.77598541974
 20
21037.951057030114
 10
35442.77598541974
 20
21414.01871495946
  0
LWPOLYLINE
  5
174
330
17
100
AcDbEntity
  8
F03_SEATING
100
AcDbPolyline
 90
5
 70
1
 10
35442.77598541974
 20
20826.412999444852
 10
36086.919041726986
 20
20826.412999444852
 10
36086.919041726986
 20
20450.3453415155
 10
35442.77598541974
 20
20450.3453415155
 10
35442.77598541974
 20
20826.412999444852
  0
LWPOLYLINE
  5
175
330
17
100
AcDbEntity
  8
F03_SEATING
100
AcDbPolyline
 90
5
 70
1
 10
35442.77598541974
 20
20238.80728393024
 10
36086.919041726986
 20
20238.80728393024
 10
36086.919041726986
 20
19862.73962600089
 10
35442.77598541974
 20
19862.73962600089
 10
35442.77598541974
 20
20238.80728393024
  0
LWPOLYLINE
  5
176
330
17
100
AcDbEntity
  8
F03_SEATING
100
AcDbPolyline
 90
5
 70
1
 10
35442.77598541974
 20
19651.201568415632
 10
36086.919041726986
 20
19651.201568415632
 10
36086.919041726986
 20
19275.13391048628
 10
35442.77598541974
 20
19275.13391048628
 10
35442.77598541974
 20
19651.201568415632
  0
LWPOLYLINE
  5
177
330
17
100
AcDbEntity
  8
F03_SEATING
100
AcDbPolyline
 90
5
 70
1
 10
35442.77598541974
 20
19063.595852901017
 10
36086.919041726986
 20
19063.595852901017
 10
36086.919041726986
 20
18687.528194971666
 10
35442.77598541974
 20
18687.528194971666
 10
35442.77598541974
 20
19063.595852901017
  0
LWPOLYLINE
  5
178
330
17
100
AcDbEntity
  8
F03_SEATING
100
AcDbPolyline
 90
5
 70
1
 10
35442.77598541974
 20
18475.990137386405
 10
36086.919041726986
 20
18475.990137386405
 10
36086.919041726986
 20
18099.922479457055
 10
35442.77598541974
 20
18099.922479457055
 10
35442.77598541974
 20
18475.990137386405
  0
LWPOLYLINE
  5
179
330
17
100
AcDbEntity
  8
F03_SEATING
100
AcDbPolyline
 90
5
 70
1
 10
35442.77598541974
 20
17888.384421871797
 10
36086.919041726986
 20
17888.384421871797
 10
36086.919041726986
 20
17512.316763942446
 10
35442.77598541974
 20
17512.316763942446
 10
35442.77598541974
 20
17888.384421871797
  0
LWPOLYLINE
  5
17A
330
17
100
AcDbEntity
  8
F03_SEATING
100
AcDbPolyline
 90
5
 70
1
 10
35442.77598541974
 20
17300.77870635718
 10
36086.919041726986
 20
17300.77870635718
 10
36086.919041726986
 20
16924.71104842783
 10
35442.77598541974
 20
16924.71104842783
 10
35442.77598541974
 20
17300.77870635718
  0
LWPOLYLINE
  5
17B
330
17
100
AcDbEntity
  8
F03_SEATING
100
AcDbPolyline
 90
5
 70
1
 10
35442.77598541974
 20
16713.172990842573
 10
36086.919041726986
 20
16713.172990842573
 10
36086.919041726986
 20
16337.10533291322
 10
35442.77598541974
 20
16337.10533291322
 10
35442.77598541974
 20
16713.172990842573
  0
LWPOLYLINE
  5
17C
330
17
100
AcDbEntity
  8
F03_SEATING
100
AcDbPolyline
 90
5
 70
1
 10
36418.75031315799
 20
22589.230145988684
 10
37062.89336946523
 20
22589.230145988684
 10
37062.89336946523
 20
22213.162488059334
 10
36418.75031315799
 20
22213.162488059334
 10
36418.75031315799
 20
22589.230145988684
  0
LWPOLYLINE
  5
17D
330
17
100
AcDbEntity
  8
F03_SEATING
100
AcDbPolyline
 90
5
 70
1
 10
36418.75031315799
 20
22001.624430474076
 10
37062.89336946523
 20
22001.624430474076
 10
37062.89336946523
 20
21625.55677254472
 10
36418.75031315799
 20
21625.55677254472
 10
36418.75031315799
 20
22001.624430474076
  0
LWPOLYLINE
  5
17E
330
17
100
AcDbEntity
  8
F03_SEATING
100
AcDbPolyline
 90
5
 70
1
 10
36418.75031315799
 20
21414.01871495946
 10
37062.89336946523
 20
21414.01871495946
 10
37062.89336946523
 20
21037.951057030114
 10
36418.75031315799
 20
21037.951057030114
 10
36418.75031315799
 20
21414.01871495946
  0
LWPOLYLINE
  5
17F
330
17
100
AcDbEntity
  8
F03_SEATING
100
AcDbPolyline
 90
5
 70
1
 10
36418.75031315799
 20
20826.412999444852
 10
37062.89336946523
 20
20826.412999444852
 10
37062.89336946523
 20
20450.3453415155
 10
36418.75031315799
 20
20450.3453415155
 10
36418.75031315799
 20
20826.412999444852
  0
LWPOLYLINE
  5
180
330
17
100
AcDbEntity
  8
F03_SEATING
100
AcDbPolyline
 90
5
 70
1
 10
36418.75031315799
 20
20238.80728393024
 10
37062.89336946523
 20
20238.80728393024
 10
37062.89336946523
 20
19862.73962600089
 10
36418.75031315799
 20
19862.73962600089
 10
36418.75031315799
 20
20238.80728393024
  0
LWPOLYLINE
  5
181
330
17
100
AcDbEntity
  8
F03_SEATING
100
AcDbPolyline
 90
5
 70
1
 10
36418.75031315799
 20
19651.201568415632
 10
37062.89336946523
 20
19651.201568415632
 10
37062.89336946523
 20
19275.13391048628
 10
36418.75031315799
 20
19275.13391048628
 10
36418.75031315799
 20
19651.201568415632
  0
LWPOLYLINE
  5
182
330
17
100
AcDbEntity
  8
F03_SEATING
100
AcDbPolyline
 90
5
 70
1
 10
36418.75031315799
 20
19063.595852901017
 10
37062.89336946523
 20
19063.595852901017
 10
37062.89336946523
 20
18687.528194971666
 10
36418.75031315799
 20
18687.528194971666
 10
36418.75031315799
 20
19063.595852901017
  0
LWPOLYLINE
  5
183
330
17
100
AcDbEntity
  8
F03_SEATING
100
AcDbPolyline
 90
5
 70
1
 10
36418.75031315799
 20
18475.990137386405
 10
37062.89336946523
 20
18475.990137386405
 10
37062.89336946523
 20
18099.922479457055
 10
36418.75031315799
 20
18099.922479457055
 10
36418.75031315799
 20
18475.990137386405
  0
LWPOLYLINE
  5
184
330
17
100
AcDbEntity
  8
F03_SEATING
100
AcDbPolyline
 90
5
 70
1
 10
36418.75031315799
 20
17888.384421871797
 10
37062.89336946523
 20
17888.384421871797
 10
37062.89336946523
 20
17512.316763942446
 10
36418.75031315799
 20
17512.316763942446
 10
36418.75031315799
 20
17888.384421871797
  0
LWPOLYLINE
  5
185
330
17
100
AcDbEntity
  8
F03_SEATING
100
AcDbPolyline
 90
5
 70
1
 10
36418.75031315799
 20
17300.77870635718
 10
37062.89336946523
 20
17300.77870635718
 10
37062.89336946523
 20
16924.71104842783
 10
36418.75031315799
 20
16924.71104842783
 10
36418.75031315799
 20
17300.77870635718
  0
LWPOLYLINE
  5
186
330
17
100
AcDbEntity
  8
F03_SEATING
100
AcDbPolyline
 90
5
 70
1
 10
36418.75031315799
 20
16713.172990842573
 10
37062.89336946523
 20
16713.172990842573
 10
37062.89336946523
 20
16337.10533291322
 10
36418.75031315799
 20
16337.10533291322
 10
36418.75031315799
 20
16713.172990842573
  0
LWPOLYLINE
  5
187
330
17
100
AcDbEntity
  8
F03_SEATING
100
AcDbPolyline
 90
5
 70
1
 10
37394.72464089623
 20
22589.230145988684
 10
38038.867697203474
 20
22589.230145988684
 10
38038.867697203474
 20
22213.162488059334
 10
37394.72464089623
 20
22213.162488059334
 10
37394.72464089623
 20
22589.230145988684
  0
LWPOLYLINE
  5
188
330
17
100
AcDbEntity
  8
F03_SEATING
100
AcDbPolyline
 90
5
 70
1
 10
37394.72464089623
 20
22001.624430474076
 10
38038.867697203474
 20
22001.624430474076
 10
38038.867697203474
 20
21625.55677254472
 10
37394.72464089623
 20
21625.55677254472
 10
37394.72464089623
 20
22001.624430474076
  0
LWPOLYLINE
  5
189
330
17
100
AcDbEntity
  8
F03_SEATING
100
AcDbPolyline
 90
5
 70
1
 10
37394.72464089623
 20
21414.01871495946
 10
38038.867697203474
 20
21414.01871495946
 10
38038.867697203474
 20
21037.951057030114
 10
37394.72464089623
 20
21037.951057030114
 10
37394.72464089623
 20
21414.01871495946
  0
LWPOLYLINE
  5
18A
330
17
100
AcDbEntity
  8
F03_SEATING
100
AcDbPolyline
 90
5
 70
1
 10
37394.72464089623
 20
20826.412999444852
 10
38038.867697203474
 20
20826.412999444852
 10
38038.867697203474
 20
20450.3453415155
 10
37394.72464089623
 20
20450.3453415155
 10
37394.72464089623
 20
20826.412999444852
  0
LWPOLYLINE
  5
18B
330
17
100
AcDbEntity
  8
F03_SEATING
100
AcDbPolyline
 90
5
 70
1
 10
37394.72464089623
 20
20238.80728393024
 10
38038.867697203474
 20
20238.80728393024
 10
38038.867697203474
 20
19862.73962600089
 10
37394.72464089623
 20
19862.73962600089
 10
37394.72464089623
 20
20238.80728393024
  0
LWPOLYLINE
  5
18C
330
17
100
AcDbEntity
  8
F03_SEATING
100
AcDbPolyline
 90
5
 70
1
 10
37394.72464089623
 20
19651.201568415632
 10
38038.867697203474
 20
19651.201568415632
 10
38038.867697203474
 20
19275.13391048628
 10
37394.72464089623
 20
19275.13391048628
 10
37394.72464089623
 20
19651.201568415632
  0
LWPOLYLINE
  5
18D
330
17
100
AcDbEntity
  8
F03_SEATING
100
AcDbPolyline
 90
5
 70
1
 10
37394.72464089623
 20
19063.595852901017
 10
38038.867697203474
 20
19063.595852901017
 10
38038.867697203474
 20
18687.528194971666
 10
37394.72464089623
 20
18687.528194971666
 10
37394.72464089623
 20
19063.595852901017
  0
LWPOLYLINE
  5
18E
330
17
100
AcDbEntity
  8
F03_SEATING
100
AcDbPolyline
 90
5
 70
1
 10
37394.72464089623
 20
18475.990137386405
 10
38038.867697203474
 20
18475.990137386405
 10
38038.867697203474
 20
18099.922479457055
 10
37394.72464089623
 20
18099.922479457055
 10
37394.72464089623
 20
18475.990137386405
  0
LWPOLYLINE
  5
18F
330
17
100
AcDbEntity
  8
F03_SEATING
100
AcDbPolyline
 90
5
 70
1
 10
37394.72464089623
 20
17888.384421871797
 10
38038.867697203474
 20
17888.384421871797
 10
38038.867697203474
 20
17512.316763942446
 10
37394.72464089623
 20
17512.316763942446
 10
37394.72464089623
 20
17888.384421871797
  0
LWPOLYLINE
  5
190
330
17
100
AcDbEntity
  8
F03_SEATING
100
AcDbPolyline
 90
5
 70
1
 10
37394.72464089623
 20
17300.77870635718
 10
38038.867697203474
 20
17300.77870635718
 10
38038.867697203474
 20
16924.71104842783
 10
37394.72464089623
 20
16924.71104842783
 10
37394.72464089623
 20
17300.77870635718
  0
LWPOLYLINE
  5
191
330
17
100
AcDbEntity
  8
F03_SEATING
100
AcDbPolyline
 90
5
 70
1
 10
37394.72464089623
 20
16713.172990842573
 10
38038.867697203474
 20
16713.172990842573
 10
38038.867697203474
 20
16337.10533291322
 10
37394.72464089623
 20
16337.10533291322
 10
37394.72464089623
 20
16713.172990842573
  0
LWPOLYLINE
  5
192
330
17
100
AcDbEntity
  8
F03_SEATING
100
AcDbPolyline
 90
5
 70
1
 10
38370.69896863447
 20
22589.230145988684
 10
39014.84202494171
 20
22589.230145988684
 10
39014.84202494171
 20
22213.162488059334
 10
38370.69896863447
 20
22213.162488059334
 10
38370.69896863447
 20
22589.230145988684
  0
LWPOLYLINE
  5
193
330
17
100
AcDbEntity
  8
F03_SEATING
100
AcDbPolyline
 90
5
 70
1
 10
38370.69896863447
 20
22001.624430474076
 10
39014.84202494171
 20
22001.624430474076
 10
39014.84202494171
 20
21625.55677254472
 10
38370.69896863447
 20
21625.55677254472
 10
38370.69896863447
 20
22001.624430474076
  0
LWPOLYLINE
  5
194
330
17
100
AcDbEntity
  8
F03_SEATING
100
AcDbPolyline
 90
5
 70
1
 10
38370.69896863447
 20
21414.01871495946
 10
39014.84202494171
 20
21414.01871495946
 10
39014.84202494171
 20
21037.951057030114
 10
38370.69896863447
 20
21037.951057030114
 10
38370.69896863447
 20
21414.01871495946
  0
LWPOLYLINE
  5
195
330
17
100
AcDbEntity
  8
F03_SEATING
100
AcDbPolyline
 90
5
 70
1
 10
38370.69896863447
 20
20826.412999444852
 10
39014.84202494171
 20
20826.412999444852
 10
39014.84202494171
 20
20450.3453415155
 10
38370.69896863447
 20
20450.3453415155
 10
38370.69896863447
 20
20826.412999444852
  0
LWPOLYLINE
  5
196
330
17
100
AcDbEntity
  8
F03_SEATING
100
AcDbPolyline
 90
5
 70
1
 10
38370.69896863447
 20
20238.80728393024
 10
39014.84202494171
 20
20238.80728393024
 10
39014.84202494171
 20
19862.73962600089
 10
38370.69896863447
 20
19862.73962600089
 10
38370.69896863447
 20
20238.80728393024
  0
LWPOLYLINE
  5
197
330
17
100
AcDbEntity
  8
F03_SEATING
100
AcDbPolyline
 90
5
 70
1
 10
38370.69896863447
 20
19651.201568415632
 10
39014.84202494171
 20
19651.201568415632
 10
39014.84202494171
 20
19275.13391048628
 10
38370.69896863447
 20
19275.13391048628
 10
38370.69896863447
 20
19651.201568415632
  0
LWPOLYLINE
  5
198
330
17
100
AcDbEntity
  8
F03_SEATING
100
AcDbPolyline
 90
5
 70
1
 10
38370.69896863447
 20
19063.595852901017
 10
39014.84202494171
 20
19063.595852901017
 10
39014.84202494171
 20
18687.528194971666
 10
38370.69896863447
 20
18687.528194971666
 10
38370.69896863447
 20
19063.595852901017
  0
LWPOLYLINE
  5
199
330
17
100
AcDbEntity
  8
F03_SEATING
100
AcDbPolyline
 90
5
 70
1
 10
38370.69896863447
 20
18475.990137386405
 10
39014.84202494171
 20
18475.990137386405
 10
39014.84202494171
 20
18099.922479457055
 10
38370.69896863447
 20
18099.922479457055
 10
38370.69896863447
 20
18475.990137386405
  0
LWPOLYLINE
  5
19A
330
17
100
AcDbEntity
  8
F03_SEATING
100
AcDbPolyline
 90
5
 70
1
 10
38370.69896863447
 20
17888.384421871797
 10
39014.84202494171
 20
17888.384421871797
 10
39014.84202494171
 20
17512.316763942446
 10
38370.69896863447
 20
17512.316763942446
 10
38370.69896863447
 20
17888.384421871797
  0
LWPOLYLINE
  5
19B
330
17
100
AcDbEntity
  8
F03_SEATING
100
AcDbPolyline
 90
5
 70
1
 10
38370.69896863447
 20
17300.77870635718
 10
39014.84202494171
 20
17300.77870635718
 10
39014.84202494171
 20
16924.71104842783
 10
38370.69896863447
 20
16924.71104842783
 10
38370.69896863447
 20
17300.77870635718
  0
LWPOLYLINE
  5
19C
330
17
100
AcDbEntity
  8
F03_SEATING
100
AcDbPolyline
 90
5
 70
1
 10
38370.69896863447
 20
16713.172990842573
 10
39014.84202494171
 20
16713.172990842573
 10
39014.84202494171
 20
16337.10533291322
 10
38370.69896863447
 20
16337.10533291322
 10
38370.69896863447
 20
16713.172990842573
  0
LWPOLYLINE
  5
19D
330
17
100
AcDbEntity
  8
F03_SEATING
100
AcDbPolyline
 90
5
 70
1
 10
39346.67329637271
 20
22589.230145988684
 10
39990.816352679954
 20
22589.230145988684
 10
39990.816352679954
 20
22213.162488059334
 10
39346.67329637271
 20
22213.162488059334
 10
39346.67329637271
 20
22589.230145988684
  0
LWPOLYLINE
  5
19E
330
17
100
AcDbEntity
  8
F03_SEATING
100
AcDbPolyline
 90
5
 70
1
 10
39346.67329637271
 20
22001.624430474076
 10
39990.816352679954
 20
22001.624430474076
 10
39990.816352679954
 20
21625.55677254472
 10
39346.67329637271
 20
21625.55677254472
 10
39346.67329637271
 20
22001.624430474076
  0
LWPOLYLINE
  5
19F
330
17
100
AcDbEntity
  8
F03_SEATING
100
AcDbPolyline
 90
5
 70
1
 10
39346.67329637271
 20
21414.01871495946
 10
39990.816352679954
 20
21414.01871495946
 10
39990.816352679954
 20
21037.951057030114
 10
39346.67329637271
 20
21037.951057030114
 10
39346.67329637271
 20
21414.01871495946
  0
LWPOLYLINE
  5
1A0
330
17
100
AcDbEntity
  8
F03_SEATING
100
AcDbPolyline
 90
5
 70
1
 10
39346.67329637271
 20
20826.412999444852
 10
39990.816352679954
 20
20826.412999444852
 10
39990.816352679954
 20
20450.3453415155
 10
39346.67329637271
 20
20450.3453415155
 10
39346.67329637271
 20
20826.412999444852
  0
LWPOLYLINE
  5
1A1
330
17
100
AcDbEntity
  8
F03_SEATING
100
AcDbPolyline
 90
5
 70
1
 10
39346.67329637271
 20
20238.80728393024
 10
39990.816352679954
 20
20238.80728393024
 10
39990.816352679954
 20
19862.73962600089
 10
39346.67329637271
 20
19862.73962600089
 10
39346.67329637271
 20
20238.80728393024
  0
LWPOLYLINE
  5
1A2
330
17
100
AcDbEntity
  8
F03_SEATING
100
AcDbPolyline
 90
5
 70
1
 10
39346.67329637271
 20
19651.201568415632
 10
39990.816352679954
 20
19651.201568415632
 10
39990.816352679954
 20
19275.13391048628
 10
39346.67329637271
 20
19275.13391048628
 10
39346.67329637271
 20
19651.201568415632
  0
LWPOLYLINE
  5
1A3
330
17
100
AcDbEntity
  8
F03_SEATING
100
AcDbPolyline
 90
5
 70
1
 10
39346.67329637271
 20
19063.595852901017
 10
39990.816352679954
 20
19063.595852901017
 10
39990.816352679954
 20
18687.528194971666
 10
39346.67329637271
 20
18687.528194971666
 10
39346.67329637271
 20
19063.595852901017
  0
LWPOLYLINE
  5
1A4
330
17
100
AcDbEntity
  8
F03_SEATING
100
AcDbPolyline
 90
5
 70
1
 10
39346.67329637271
 20
18475.990137386405
 10
39990.816352679954
 20
18475.990137386405
 10
39990.816352679954
 20
18099.922479457055
 10
39346.67329637271
 20
18099.922479457055
 10
39346.67329637271
 20
18475.990137386405
  0
LWPOLYLINE
  5
1A5
330
17
100
AcDbEntity
  8
F03_SEATING
100
AcDbPolyline
 90
5
 70
1
 10
39346.67329637271
 20
17888.384421871797
 10
39990.816352679954
 20
17888.384421871797
 10
39990.816352679954
 20
17512.316763942446
 10
39346.67329637271
 20
17512.316763942446
 10
39346.67329637271
 20
17888.384421871797
  0
LWPOLYLINE
  5
1A6
330
17
100
AcDbEntity
  8
F03_SEATING
100
AcDbPolyline
 90
5
 70
1
 10
39346.67329637271
 20
17300.77870635718
 10
39990.816352679954
 20
17300.77870635718
 10
39990.816352679954
 20
16924.71104842783
 10
39346.67329637271
 20
16924.71104842783
 10
39346.67329637271
 20
17300.77870635718
  0
LWPOLYLINE
  5
1A7
330
17
100
AcDbEntity
  8
F03_SEATING
100
AcDbPolyline
 90
5
 70
1
 10
39346.67329637271
 20
16713.172990842573
 10
39990.816352679954
 20
16713.172990842573
 10
39990.816352679954
 20
16337.10533291322
 10
39346.67329637271
 20
16337.10533291322
 10
39346.67329637271
 20
16713.172990842573
  0
LWPOLYLINE
  5
1A8
330
17
100
AcDbEntity
  8
F03_SEATING
100
AcDbPolyline
 90
5
 70
1
 10
40322.64762411096
 20
22589.230145988684
 10
40966.790680418206
 20
22589.230145988684
 10
40966.790680418206
 20
22213.162488059334
 10
40322.64762411096
 20
22213.162488059334
 10
40322.64762411096
 20
22589.230145988684
  0
LWPOLYLINE
  5
1A9
330
17
100
AcDbEntity
  8
F03_SEATING
100
AcDbPolyline
 90
5
 70
1
 10
40322.64762411096
 20
22001.624430474076
 10
40966.790680418206
 20
22001.624430474076
 10
40966.790680418206
 20
21625.55677254472
 10
40322.64762411096
 20
21625.55677254472
 10
40322.64762411096
 20
22001.624430474076
  0
LWPOLYLINE
  5
1AA
330
17
100
AcDbEntity
  8
F03_SEATING
100
AcDbPolyline
 90
5
 70
1
 10
40322.64762411096
 20
21414.01871495946
 10
40966.790680418206
 20
21414.01871495946
 10
40966.790680418206
 20
21037.951057030114
 10
40322.64762411096
 20
21037.951057030114
 10
40322.64762411096
 20
21414.01871495946
  0
LWPOLYLINE
  5
1AB
330
17
100
AcDbEntity
  8
F03_SEATING
100
AcDbPolyline
 90
5
 70
1
 10
40322.64762411096
 20
20826.412999444852
 10
40966.790680418206
 20
20826.412999444852
 10
40966.790680418206
 20
20450.3453415155
 10
40322.64762411096
 20
20450.3453415155
 10
40322.64762411096
 20
20826.412999444852
  0
LWPOLYLINE
  5
1AC
330
17
100
AcDbEntity
  8
F03_SEATING
100
AcDbPolyline
 90
5
 70
1
 10
40322.64762411096
 20
20238.80728393024
 10
40966.790680418206
 20
20238.80728393024
 10
40966.790680418206
 20
19862.73962600089
 10
40322.64762411096
 20
19862.73962600089
 10
40322.64762411096
 20
20238.80728393024
  0
LWPOLYLINE
  5
1AD
330
17
100
AcDbEntity
  8
F03_SEATING
100
AcDbPolyline
 90
5
 70
1
 10
40322.64762411096
 20
19651.201568415632
 10
40966.790680418206
 20
19651.201568415632
 10
40966.790680418206
 20
19275.13391048628
 10
40322.64762411096
 20
19275.13391048628
 10
40322.64762411096
 20
19651.201568415632
  0
LWPOLYLINE
  5
1AE
330
17
100
AcDbEntity
  8
F03_SEATING
100
AcDbPolyline
 90
5
 70
1
 10
40322.64762411096
 20
19063.595852901017
 10
40966.790680418206
 20
19063.595852901017
 10
40966.790680418206
 20
18687.528194971666
 10
40322.64762411096
 20
18687.528194971666
 10
40322.64762411096
 20
19063.595852901017
  0
LWPOLYLINE
  5
1AF
330
17
100
AcDbEntity
  8
F03_SEATING
100
AcDbPolyline
 90
5
 70
1
 10
40322.64762411096
 20
18475.990137386405
 10
40966.790680418206
 20
18475.990137386405
 10
40966.790680418206
 20
18099.922479457055
 10
40322.64762411096
 20
18099.922479457055
 10
40322.64762411096
 20
18475.990137386405
  0
LWPOLYLINE
  5
1B0
330
17
100
AcDbEntity
  8
F03_SEATING
100
AcDbPolyline
 90
5
 70
1
 10
40322.64762411096
 20
17888.384421871797
 10
40966.790680418206
 20
17888.384421871797
 10
40966.790680418206
 20
17512.316763942446
 10
40322.64762411096
 20
17512.316763942446
 10
40322.64762411096
 20
17888.384421871797
  0
LWPOLYLINE
  5
1B1
330
17
100
AcDbEntity
  8
F03_SEATING
100
AcDbPolyline
 90
5
 70
1
 10
40322.64762411096
 20
17300.77870635718
 10
40966.790680418206
 20
17300.77870635718
 10
40966.790680418206
 20
16924.71104842783
 10
40322.64762411096
 20
16924.71104842783
 10
40322.64762411096
 20
17300.77870635718
  0
LWPOLYLINE
  5
1B2
330
17
100
AcDbEntity
  8
F03_SEATING
100
AcDbPolyline
 90
5
 70
1
 10
40322.64762411096
 20
16713.172990842573
 10
40966.790680418206
 20
16713.172990842573
 10
40966.790680418206
 20
16337.10533291322
 10
40322.64762411096
 20
16337.10533291322
 10
40322.64762411096
 20
16713.172990842573
  0
LWPOLYLINE
  5
1B3
330
17
100
AcDbEntity
  8
F03_SEATING
100
AcDbPolyline
 90
5
 70
1
 10
41298.6219518492
 20
22589.230145988684
 10
41942.76500815646
 20
22589.230145988684
 10
41942.76500815646
 20
22213.162488059334
 10
41298.6219518492
 20
22213.162488059334
 10
41298.6219518492
 20
22589.230145988684
  0
LWPOLYLINE
  5
1B4
330
17
100
AcDbEntity
  8
F03_SEATING
100
AcDbPolyline
 90
5
 70
1
 10
41298.6219518492
 20
22001.624430474076
 10
41942.76500815646
 20
22001.624430474076
 10
41942.76500815646
 20
21625.55677254472
 10
41298.6219518492
 20
21625.55677254472
 10
41298.6219518492
 20
22001.624430474076
  0
LWPOLYLINE
  5
1B5
330
17
100
AcDbEntity
  8
F03_SEATING
100
AcDbPolyline
 90
5
 70
1
 10
41298.6219518492
 20
21414.01871495946
 10
41942.76500815646
 20
21414.01871495946
 10
41942.76500815646
 20
21037.951057030114
 10
41298.6219518492
 20
21037.951057030114
 10
41298.6219518492
 20
21414.01871495946
  0
LWPOLYLINE
  5
1B6
330
17
100
AcDbEntity
  8
F03_SEATING
100
AcDbPolyline
 90
5
 70
1
 10
41298.6219518492
 20
20826.412999444852
 10
41942.76500815646
 20
20826.412999444852
 10
41942.76500815646
 20
20450.3453415155
 10
41298.6219518492
 20
20450.3453415155
 10
41298.6219518492
 20
20826.412999444852
  0
LWPOLYLINE
  5
1B7
330
17
100
AcDbEntity
  8
F03_SEATING
100
AcDbPolyline
 90
5
 70
1
 10
41298.6219518492
 20
20238.80728393024
 10
41942.76500815646
 20
20238.80728393024
 10
41942.76500815646
 20
19862.73962600089
 10
41298.6219518492
 20
19862.73962600089
 10
41298.6219518492
 20
20238.80728393024
  0
LWPOLYLINE
  5
1B8
330
17
100
AcDbEntity
  8
F03_SEATING
100
AcDbPolyline
 90
5
 70
1
 10
41298.6219518492
 20
19651.201568415632
 10
41942.76500815646
 20
19651.201568415632
 10
41942.76500815646
 20
19275.13391048628
 10
41298.6219518492
 20
19275.13391048628
 10
41298.6219518492
 20
19651.201568415632
  0
LWPOLYLINE
  5
1B9
330
17
100
AcDbEntity
  8
F03_SEATING
100
AcDbPolyline
 90
5
 70
1
 10
41298.6219518492
 20
19063.595852901017
 10
41942.76500815646
 20
19063.595852901017
 10
41942.76500815646
 20
18687.528194971666
 10
41298.6219518492
 20
18687.528194971666
 10
41298.6219518492
 20
19063.595852901017
  0
LWPOLYLINE
  5
1BA
330
17
100
AcDbEntity
  8
F03_SEATING
100
AcDbPolyline
 90
5
 70
1
 10
41298.6219518492
 20
18475.990137386405
 10
41942.76500815646
 20
18475.990137386405
 10
41942.76500815646
 20
18099.922479457055
 10
41298.6219518492
 20
18099.922479457055
 10
41298.6219518492
 20
18475.990137386405
  0
LWPOLYLINE
  5
1BB
330
17
100
AcDbEntity
  8
F03_SEATING
100
AcDbPolyline
 90
5
 70
1
 10
41298.6219518492
 20
17888.384421871797
 10
41942.76500815646
 20
17888.384421871797
 10
41942.76500815646
 20
17512.316763942446
 10
41298.6219518492
 20
17512.316763942446
 10
41298.6219518492
 20
17888.384421871797
  0
LWPOLYLINE
  5
1BC
330
17
100
AcDbEntity
  8
F03_SEATING
100
AcDbPolyline
 90
5
 70
1
 10
41298.6219518492
 20
17300.77870635718
 10
41942.76500815646
 20
17300.77870635718
 10
41942.76500815646
 20
16924.71104842783
 10
41298.6219518492
 20
16924.71104842783
 10
41298.6219518492
 20
17300.77870635718
  0
LWPOLYLINE
  5
1BD
330
17
100
AcDbEntity
  8
F03_SEATING
100
AcDbPolyline
 90
5
 70
1
 10
41298.6219518492
 20
16713.172990842573
 10
41942.76500815646
 20
16713.172990842573
 10
41942.76500815646
 20
16337.10533291322
 10
41298.6219518492
 20
16337.10533291322
 10
41298.6219518492
 20
16713.172990842573
  0
LWPOLYLINE
  5
1BE
330
17
100
AcDbEntity
  8
F03_SEATING
100
AcDbPolyline
 90
5
 70
1
 10
23731.084052560815
 20
15081.846839412443
 10
24375.227108868057
 20
15081.846839412443
 10
24375.227108868057
 20
14701.533256312927
 10
23731.084052560815
 20
14701.533256312927
 10
23731.084052560815
 20
15081.846839412443
  0
LWPOLYLINE
  5
1BF
330
17
100
AcDbEntity
  8
F03_SEATING
100
AcDbPolyline
 90
5
 70
1
 10
23731.084052560815
 20
14487.606865819442
 10
24375.227108868057
 20
14487.606865819442
 10
24375.227108868057
 20
14107.29328271992
 10
23731.084052560815
 20
14107.29328271992
 10
23731.084052560815
 20
14487.606865819442
  0
LWPOLYLINE
  5
1C0
330
17
100
AcDbEntity
  8
F03_SEATING
100
AcDbPolyline
 90
5
 70
1
 10
23731.084052560815
 20
13893.366892226435
 10
24375.227108868057
 20
13893.366892226435
 10
24375.227108868057
 20
13513.053309126919
 10
23731.084052560815
 20
13513.053309126919
 10
23731.084052560815
 20
13893.366892226435
  0
LWPOLYLINE
  5
1C1
330
17
100
AcDbEntity
  8
F03_SEATING
100
AcDbPolyline
 90
5
 70
1
 10
23731.084052560815
 20
13299.126918633434
 10
24375.227108868057
 20
13299.126918633434
 10
24375.227108868057
 20
12918.813335533918
 10
23731.084052560815
 20
12918.813335533918
 10
23731.084052560815
 20
13299.126918633434
  0
LWPOLYLINE
  5
1C2
330
17
100
AcDbEntity
  8
F03_SEATING
100
AcDbPolyline
 90
5
 70
1
 10
24707.05838029906
 20
15081.846839412443
 10
25351.2014366063
 20
15081.846839412443
 10
25351.2014366063
 20
14701.533256312927
 10
24707.05838029906
 20
14701.533256312927
 10
24707.05838029906
 20
15081.846839412443
  0
LWPOLYLINE
  5
1C3
330
17
100
AcDbEntity
  8
F03_SEATING
100
AcDbPolyline
 90
5
 70
1
 10
24707.05838029906
 20
14487.606865819442
 10
25351.2014366063
 20
14487.606865819442
 10
25351.2014366063
 20
14107.29328271992
 10
24707.05838029906
 20
14107.29328271992
 10
24707.05838029906
 20
14487.606865819442
  0
LWPOLYLINE
  5
1C4
330
17
100
AcDbEntity
  8
F03_SEATING
100
AcDbPolyline
 90
5
 70
1
 10
24707.05838029906
 20
13893.366892226435
 10
25351.2014366063
 20
13893.366892226435
 10
25351.2014366063
 20
13513.053309126919
 10
24707.05838029906
 20
13513.053309126919
 10
24707.05838029906
 20
13893.366892226435
  0
LWPOLYLINE
  5
1C5
330
17
100
AcDbEntity
  8
F03_SEATING
100
AcDbPolyline
 90
5
 70
1
 10
24707.05838029906
 20
13299.126918633434
 10
25351.2014366063
 20
13299.126918633434
 10
25351.2014366063
 20
12918.813335533918
 10
24707.05838029906
 20
12918.813335533918
 10
24707.05838029906
 20
13299.126918633434
  0
LWPOLYLINE
  5
1C6
330
17
100
AcDbEntity
  8
F03_SEATING
100
AcDbPolyline
 90
5
 70
1
 10
25683.0327080373
 20
15081.846839412443
 10
26327.17576434455
 20
15081.846839412443
 10
26327.17576434455
 20
14701.533256312927
 10
25683.0327080373
 20
14701.533256312927
 10
25683.0327080373
 20
15081.846839412443
  0
LWPOLYLINE
  5
1C7
330
17
100
AcDbEntity
  8
F03_SEATING
100
AcDbPolyline
 90
5
 70
1
 10
25683.0327080373
 20
14487.606865819442
 10
26327.17576434455
 20
14487.606865819442
 10
26327.17576434455
 20
14107.29328271992
 10
25683.0327080373
 20
14107.29328271992
 10
25683.0327080373
 20
14487.606865819442
  0
LWPOLYLINE
  5
1C8
330
17
100
AcDbEntity
  8
F03_SEATING
100
AcDbPolyline
 90
5
 70
1
 10
25683.0327080373
 20
13893.366892226435
 10
26327.17576434455
 20
13893.366892226435
 10
26327.17576434455
 20
13513.053309126919
 10
25683.0327080373
 20
13513.053309126919
 10
25683.0327080373
 20
13893.366892226435
  0
LWPOLYLINE
  5
1C9
330
17
100
AcDbEntity
  8
F03_SEATING
100
AcDbPolyline
 90
5
 70
1
 10
25683.0327080373
 20
13299.126918633434
 10
26327.17576434455
 20
13299.126918633434
 10
26327.17576434455
 20
12918.813335533918
 10
25683.0327080373
 20
12918.813335533918
 10
25683.0327080373
 20
13299.126918633434
  0
LWPOLYLINE
  5
1CA
330
17
100
AcDbEntity
  8
F03_SEATING
100
AcDbPolyline
 90
5
 70
1
 10
26659.007035775543
 20
15081.846839412443
 10
27303.15009208279
 20
15081.846839412443
 10
27303.15009208279
 20
14701.533256312927
 10
26659.007035775543
 20
14701.533256312927
 10
26659.007035775543
 20
15081.846839412443
  0
LWPOLYLINE
  5
1CB
330
17
100
AcDbEntity
  8
F03_SEATING
100
AcDbPolyline
 90
5
 70
1
 10
26659.007035775543
 20
14487.606865819442
 10
27303.15009208279
 20
14487.606865819442
 10
27303.15009208279
 20
14107.29328271992
 10
26659.007035775543
 20
14107.29328271992
 10
26659.007035775543
 20
14487.606865819442
  0
LWPOLYLINE
  5
1CC
330
17
100
AcDbEntity
  8
F03_SEATING
100
AcDbPolyline
 90
5
 70
1
 10
26659.007035775543
 20
13893.366892226435
 10
27303.15009208279
 20
13893.366892226435
 10
27303.15009208279
 20
13513.053309126919
 10
26659.007035775543
 20
13513.053309126919
 10
26659.007035775543
 20
13893.366892226435
  0
LWPOLYLINE
  5
1CD
330
17
100
AcDbEntity
  8
F03_SEATING
100
AcDbPolyline
 90
5
 70
1
 10
26659.007035775543
 20
13299.126918633434
 10
27303.15009208279
 20
13299.126918633434
 10
27303.15009208279
 20
12918.813335533918
 10
26659.007035775543
 20
12918.813335533918
 10
26659.007035775543
 20
13299.126918633434
  0
LWPOLYLINE
  5
1CE
330
17
100
AcDbEntity
  8
F03_SEATING
100
AcDbPolyline
 90
5
 70
1
 10
27634.98136351379
 20
15081.846839412443
 10
28279.124419821033
 20
15081.846839412443
 10
28279.124419821033
 20
14701.533256312927
 10
27634.98136351379
 20
14701.533256312927
 10
27634.98136351379
 20
15081.846839412443
  0
LWPOLYLINE
  5
1CF
330
17
100
AcDbEntity
  8
F03_SEATING
100
AcDbPolyline
 90
5
 70
1
 10
27634.98136351379
 20
14487.606865819442
 10
28279.124419821033
 20
14487.606865819442
 10
28279.124419821033
 20
14107.29328271992
 10
27634.98136351379
 20
14107.29328271992
 10
27634.98136351379
 20
14487.606865819442
  0
LWPOLYLINE
  5
1D0
330
17
100
AcDbEntity
  8
F03_SEATING
100
AcDbPolyline
 90
5
 70
1
 10
27634.98136351379
 20
13893.366892226435
 10
28279.124419821033
 20
13893.366892226435
 10
28279.124419821033
 20
13513.053309126919
 10
27634.98136351379
 20
13513.053309126919
 10
27634.98136351379
 20
13893.366892226435
  0
LWPOLYLINE
  5
1D1
330
17
100
AcDbEntity
  8
F03_SEATING
100
AcDbPolyline
 90
5
 70
1
 10
27634.98136351379
 20
13299.126918633434
 10
28279.124419821033
 20
13299.126918633434
 10
28279.124419821033
 20
12918.813335533918
 10
27634.98136351379
 20
12918.813335533918
 10
27634.98136351379
 20
13299.126918633434
  0
LWPOLYLINE
  5
1D2
330
17
100
AcDbEntity
  8
F03_SEATING
100
AcDbPolyline
 90
5
 70
1
 10
28610.955691252035
 20
15081.846839412443
 10
29255.098747559277
 20
15081.846839412443
 10
29255.098747559277
 20
14701.533256312927
 10
28610.955691252035
 20
14701.533256312927
 10
28610.955691252035
 20
15081.846839412443
  0
LWPOLYLINE
  5
1D3
330
17
100
AcDbEntity
  8
F03_SEATING
100
AcDbPolyline
 90
5
 70
1
 10
28610.955691252035
 20
14487.606865819442
 10
29255.098747559277
 20
14487.606865819442
 10
29255.098747559277
 20
14107.29328271992
 10
28610.955691252035
 20
14107.29328271992
 10
28610.955691252035
 20
14487.606865819442
  0
LWPOLYLINE
  5
1D4
330
17
100
AcDbEntity
  8
F03_SEATING
100
AcDbPolyline
 90
5
 70
1
 10
28610.955691252035
 20
13893.366892226435
 10
29255.098747559277
 20
13893.366892226435
 10
29255.098747559277
 20
13513.053309126919
 10
28610.955691252035
 20
13513.053309126919
 10
28610.955691252035
 20
13893.366892226435
  0
LWPOLYLINE
  5
1D5
330
17
100
AcDbEntity
  8
F03_SEATING
100
AcDbPolyline
 90
5
 70
1
 10
28610.955691252035
 20
13299.126918633434
 10
29255.098747559277
 20
13299.126918633434
 10
29255.098747559277
 20
12918.813335533918
 10
28610.955691252035
 20
12918.813335533918
 10
28610.955691252035
 20
13299.126918633434
  0
LWPOLYLINE
  5
1D6
330
17
100
AcDbEntity
  8
F03_SEATING
100
AcDbPolyline
 90
5
 70
1
 10
29586.93001899028
 20
15081.846839412443
 10
30231.07307529752
 20
15081.846839412443
 10
30231.07307529752
 20
14701.533256312927
 10
29586.93001899028
 20
14701.533256312927
 10
29586.93001899028
 20
15081.846839412443
  0
LWPOLYLINE
  5
1D7
330
17
100
AcDbEntity
  8
F03_SEATING
100
AcDbPolyline
 90
5
 70
1
 10
29586.93001899028
 20
14487.606865819442
 10
30231.07307529752
 20
14487.606865819442
 10
30231.07307529752
 20
14107.29328271992
 10
29586.93001899028
 20
14107.29328271992
 10
29586.93001899028
 20
14487.606865819442
  0
LWPOLYLINE
  5
1D8
330
17
100
AcDbEntity
  8
F03_SEATING
100
AcDbPolyline
 90
5
 70
1
 10
29586.93001899028
 20
13893.366892226435
 10
30231.07307529752
 20
13893.366892226435
 10
30231.07307529752
 20
13513.053309126919
 10
29586.93001899028
 20
13513.053309126919
 10
29586.93001899028
 20
13893.366892226435
  0
LWPOLYLINE
  5
1D9
330
17
100
AcDbEntity
  8
F03_SEATING
100
AcDbPolyline
 90
5
 70
1
 10
29586.93001899028
 20
13299.126918633434
 10
30231.07307529752
 20
13299.126918633434
 10
30231.07307529752
 20
12918.813335533918
 10
29586.93001899028
 20
12918.813335533918
 10
29586.93001899028
 20
13299.126918633434
  0
LWPOLYLINE
  5
1DA
330
17
100
AcDbEntity
  8
F03_SEATING
100
AcDbPolyline
 90
5
 70
1
 10
30562.90434672852
 20
15081.846839412443
 10
31207.04740303576
 20
15081.846839412443
 10
31207.04740303576
 20
14701.533256312927
 10
30562.90434672852
 20
14701.533256312927
 10
30562.90434672852
 20
15081.846839412443
  0
LWPOLYLINE
  5
1DB
330
17
100
AcDbEntity
  8
F03_SEATING
100
AcDbPolyline
 90
5
 70
1
 10
30562.90434672852
 20
14487.606865819442
 10
31207.04740303576
 20
14487.606865819442
 10
31207.04740303576
 20
14107.29328271992
 10
30562.90434672852
 20
14107.29328271992
 10
30562.90434672852
 20
14487.606865819442
  0
LWPOLYLINE
  5
1DC
330
17
100
AcDbEntity
  8
F03_SEATING
100
AcDbPolyline
 90
5
 70
1
 10
30562.90434672852
 20
13893.366892226435
 10
31207.04740303576
 20
13893.366892226435
 10
31207.04740303576
 20
13513.053309126919
 10
30562.90434672852
 20
13513.053309126919
 10
30562.90434672852
 20
13893.366892226435
  0
LWPOLYLINE
  5
1DD
330
17
100
AcDbEntity
  8
F03_SEATING
100
AcDbPolyline
 90
5
 70
1
 10
30562.90434672852
 20
13299.126918633434
 10
31207.04740303576
 20
13299.126918633434
 10
31207.04740303576
 20
12918.813335533918
 10
30562.90434672852
 20
12918.813335533918
 10
30562.90434672852
 20
13299.126918633434
  0
LWPOLYLINE
  5
1DE
330
17
100
AcDbEntity
  8
F03_SEATING
100
AcDbPolyline
 90
5
 70
1
 10
31538.87867446677
 20
15081.846839412443
 10
32183.021730774013
 20
15081.846839412443
 10
32183.021730774013
 20
14701.533256312927
 10
31538.87867446677
 20
14701.533256312927
 10
31538.87867446677
 20
15081.846839412443
  0
LWPOLYLINE
  5
1DF
330
17
100
AcDbEntity
  8
F03_SEATING
100
AcDbPolyline
 90
5
 70
1
 10
31538.87867446677
 20
14487.606865819442
 10
32183.021730774013
 20
14487.606865819442
 10
32183.021730774013
 20
14107.29328271992
 10
31538.87867446677
 20
14107.29328271992
 10
31538.87867446677
 20
14487.606865819442
  0
LWPOLYLINE
  5
1E0
330
17
100
AcDbEntity
  8
F03_SEATING
100
AcDbPolyline
 90
5
 70
1
 10
31538.87867446677
 20
13893.366892226435
 10
32183.021730774013
 20
13893.366892226435
 10
32183.021730774013
 20
13513.053309126919
 10
31538.87867446677
 20
13513.053309126919
 10
31538.87867446677
 20
13893.366892226435
  0
LWPOLYLINE
  5
1E1
330
17
100
AcDbEntity
  8
F03_SEATING
100
AcDbPolyline
 90
5
 70
1
 10
31538.87867446677
 20
13299.126918633434
 10
32183.021730774013
 20
13299.126918633434
 10
32183.021730774013
 20
12918.813335533918
 10
31538.87867446677
 20
12918.813335533918
 10
31538.87867446677
 20
13299.126918633434
  0
LWPOLYLINE
  5
1E2
330
17
100
AcDbEntity
  8
F03_SEATING
100
AcDbPolyline
 90
5
 70
1
 10
32514.85300220501
 20
15081.846839412443
 10
33158.99605851225
 20
15081.846839412443
 10
33158.99605851225
 20
14701.533256312927
 10
32514.85300220501
 20
14701.533256312927
 10
32514.85300220501
 20
15081.846839412443
  0
LWPOLYLINE
  5
1E3
330
17
100
AcDbEntity
  8
F03_SEATING
100
AcDbPolyline
 90
5
 70
1
 10
32514.85300220501
 20
14487.606865819442
 10
33158.99605851225
 20
14487.606865819442
 10
33158.99605851225
 20
14107.29328271992
 10
32514.85300220501
 20
14107.29328271992
 10
32514.85300220501
 20
14487.606865819442
  0
LWPOLYLINE
  5
1E4
330
17
100
AcDbEntity
  8
F03_SEATING
100
AcDbPolyline
 90
5
 70
1
 10
32514.85300220501
 20
13893.366892226435
 10
33158.99605851225
 20
13893.366892226435
 10
33158.99605851225
 20
13513.053309126919
 10
32514.85300220501
 20
13513.053309126919
 10
32514.85300220501
 20
13893.366892226435
  0
LWPOLYLINE
  5
1E5
330
17
100
AcDbEntity
  8
F03_SEATING
100
AcDbPolyline
 90
5
 70
1
 10
32514.85300220501
 20
13299.126918633434
 10
33158.99605851225
 20
13299.126918633434
 10
33158.99605851225
 20
12918.813335533918
 10
32514.85300220501
 20
12918.813335533918
 10
32514.85300220501
 20
13299.126918633434
  0
LWPOLYLINE
  5
1E6
330
17
100
AcDbEntity
  8
F03_SEATING
100
AcDbPolyline
 90
5
 70
1
 10
33490.82732994325
 20
15081.846839412443
 10
34134.97038625049
 20
15081.846839412443
 10
34134.97038625049
 20
14701.533256312927
 10
33490.82732994325
 20
14701.533256312927
 10
33490.82732994325
 20
15081.846839412443
  0
LWPOLYLINE
  5
1E7
330
17
100
AcDbEntity
  8
F03_SEATING
100
AcDbPolyline
 90
5
 70
1
 10
33490.82732994325
 20
14487.606865819442
 10
34134.97038625049
 20
14487.606865819442
 10
34134.97038625049
 20
14107.29328271992
 10
33490.82732994325
 20
14107.29328271992
 10
33490.82732994325
 20
14487.606865819442
  0
LWPOLYLINE
  5
1E8
330
17
100
AcDbEntity
  8
F03_SEATING
100
AcDbPolyline
 90
5
 70
1
 10
33490.82732994325
 20
13893.366892226435
 10
34134.97038625049
 20
13893.366892226435
 10
34134.97038625049
 20
13513.053309126919
 10
33490.82732994325
 20
13513.053309126919
 10
33490.82732994325
 20
13893.366892226435
  0
LWPOLYLINE
  5
1E9
330
17
100
AcDbEntity
  8
F03_SEATING
100
AcDbPolyline
 90
5
 70
1
 10
33490.82732994325
 20
13299.126918633434
 10
34134.97038625049
 20
13299.126918633434
 10
34134.97038625049
 20
12918.813335533918
 10
33490.82732994325
 20
12918.813335533918
 10
33490.82732994325
 20
13299.126918633434
  0
LWPOLYLINE
  5
1EA
330
17
100
AcDbEntity
  8
F03_SEATING
100
AcDbPolyline
 90
5
 70
1
 10
34466.80165768149
 20
15081.846839412443
 10
35110.944713988734
 20
15081.846839412443
 10
35110.944713988734
 20
14701.533256312927
 10
34466.80165768149
 20
14701.533256312927
 10
34466.80165768149
 20
15081.846839412443
  0
LWPOLYLINE
  5
1EB
330
17
100
AcDbEntity
  8
F03_SEATING
100
AcDbPolyline
 90
5
 70
1
 10
34466.80165768149
 20
14487.606865819442
 10
35110.944713988734
 20
14487.606865819442
 10
35110.944713988734
 20
14107.29328271992
 10
34466.80165768149
 20
14107.29328271992
 10
34466.80165768149
 20
14487.606865819442
  0
LWPOLYLINE
  5
1EC
330
17
100
AcDbEntity
  8
F03_SEATING
100
AcDbPolyline
 90
5
 70
1
 10
34466.80165768149
 20
13893.366892226435
 10
35110.944713988734
 20
13893.366892226435
 10
35110.944713988734
 20
13513.053309126919
 10
34466.80165768149
 20
13513.053309126919
 10
34466.80165768149
 20
13893.366892226435
  0
LWPOLYLINE
  5
1ED
330
17
100
AcDbEntity
  8
F03_SEATING
100
AcDbPolyline
 90
5
 70
1
 10
34466.80165768149
 20
13299.126918633434
 10
35110.944713988734
 20
13299.126918633434
 10
35110.944713988734
 20
12918.813335533918
 10
34466.80165768149
 20
12918.813335533918
 10
34466.80165768149
 20
13299.126918633434
  0
LWPOLYLINE
  5
1EE
330
17
100
AcDbEntity
  8
F03_SEATING
100
AcDbPolyline
 90
5
 70
1
 10
35442.77598541974
 20
15081.846839412443
 10
36086.919041726986
 20
15081.846839412443
 10
36086.919041726986
 20
14701.533256312927
 10
35442.77598541974
 20
14701.533256312927
 10
35442.77598541974
 20
15081.846839412443
  0
LWPOLYLINE
  5
1EF
330
17
100
AcDbEntity
  8
F03_SEATING
100
AcDbPolyline
 90
5
 70
1
 10
35442.77598541974
 20
14487.606865819442
 10
36086.919041726986
 20
14487.606865819442
 10
36086.919041726986
 20
14107.29328271992
 10
35442.77598541974
 20
14107.29328271992
 10
35442.77598541974
 20
14487.606865819442
  0
LWPOLYLINE
  5
1F0
330
17
100
AcDbEntity
  8
F03_SEATING
100
AcDbPolyline
 90
5
 70
1
 10
35442.77598541974
 20
13893.366892226435
 10
36086.919041726986
 20
13893.366892226435
 10
36086.919041726986
 20
13513.053309126919
 10
35442.77598541974
 20
13513.053309126919
 10
35442.77598541974
 20
13893.366892226435
  0
LWPOLYLINE
  5
1F1
330
17
100
AcDbEntity
  8
F03_SEATING
100
AcDbPolyline
 90
5
 70
1
 10
35442.77598541974
 20
13299.126918633434
 10
36086.919041726986
 20
13299.126918633434
 10
36086.919041726986
 20
12918.813335533918
 10
35442.77598541974
 20
12918.813335533918
 10
35442.77598541974
 20
13299.126918633434
  0
LWPOLYLINE
  5
1F2
330
17
100
AcDbEntity
  8
F03_SEATING
100
AcDbPolyline
 90
5
 70
1
 10
36418.75031315799
 20
15081.846839412443
 10
37062.89336946523
 20
15081.846839412443
 10
37062.89336946523
 20
14701.533256312927
 10
36418.75031315799
 20
14701.533256312927
 10
36418.75031315799
 20
15081.846839412443
  0
LWPOLYLINE
  5
1F3
330
17
100
AcDbEntity
  8
F03_SEATING
100
AcDbPolyline
 90
5
 70
1
 10
36418.75031315799
 20
14487.606865819442
 10
37062.89336946523
 20
14487.606865819442
 10
37062.89336946523
 20
14107.29328271992
 10
36418.75031315799
 20
14107.29328271992
 10
36418.75031315799
 20
14487.606865819442
  0
LWPOLYLINE
  5
1F4
330
17
100
AcDbEntity
  8
F03_SEATING
100
AcDbPolyline
 90
5
 70
1
 10
36418.75031315799
 20
13893.366892226435
 10
37062.89336946523
 20
13893.366892226435
 10
37062.89336946523
 20
13513.053309126919
 10
36418.75031315799
 20
13513.053309126919
 10
36418.75031315799
 20
13893.366892226435
  0
LWPOLYLINE
  5
1F5
330
17
100
AcDbEntity
  8
F03_SEATING
100
AcDbPolyline
 90
5
 70
1
 10
36418.75031315799
 20
13299.126918633434
 10
37062.89336946523
 20
13299.126918633434
 10
37062.89336946523
 20
12918.813335533918
 10
36418.75031315799
 20
12918.813335533918
 10
36418.75031315799
 20
13299.126918633434
  0
LWPOLYLINE
  5
1F6
330
17
100
AcDbEntity
  8
F03_SEATING
100
AcDbPolyline
 90
5
 70
1
 10
37394.72464089623
 20
15081.846839412443
 10
38038.867697203474
 20
15081.846839412443
 10
38038.867697203474
 20
14701.533256312927
 10
37394.72464089623
 20
14701.533256312927
 10
37394.72464089623
 20
15081.846839412443
  0
LWPOLYLINE
  5
1F7
330
17
100
AcDbEntity
  8
F03_SEATING
100
AcDbPolyline
 90
5
 70
1
 10
37394.72464089623
 20
14487.606865819442
 10
38038.867697203474
 20
14487.606865819442
 10
38038.867697203474
 20
14107.29328271992
 10
37394.72464089623
 20
14107.29328271992
 10
37394.72464089623
 20
14487.606865819442
  0
LWPOLYLINE
  5
1F8
330
17
100
AcDbEntity
  8
F03_SEATING
100
AcDbPolyline
 90
5
 70
1
 10
37394.72464089623
 20
13893.366892226435
 10
38038.867697203474
 20
13893.366892226435
 10
38038.867697203474
 20
13513.053309126919
 10
37394.72464089623
 20
13513.053309126919
 10
37394.72464089623
 20
13893.366892226435
  0
LWPOLYLINE
  5
1F9
330
17
100
AcDbEntity
  8
F03_SEATING
100
AcDbPolyline
 90
5
 70
1
 10
37394.72464089623
 20
13299.126918633434
 10
38038.867697203474
 20
13299.126918633434
 10
38038.867697203474
 20
12918.813335533918
 10
37394.72464089623
 20
12918.813335533918
 10
37394.72464089623
 20
13299.126918633434
  0
LWPOLYLINE
  5
1FA
330
17
100
AcDbEntity
  8
F03_SEATING
100
AcDbPolyline
 90
5
 70
1
 10
38370.69896863447
 20
15081.846839412443
 10
39014.84202494171
 20
15081.846839412443
 10
39014.84202494171
 20
14701.533256312927
 10
38370.69896863447
 20
14701.533256312927
 10
38370.69896863447
 20
15081.846839412443
  0
LWPOLYLINE
  5
1FB
330
17
100
AcDbEntity
  8
F03_SEATING
100
AcDbPolyline
 90
5
 70
1
 10
38370.69896863447
 20
14487.606865819442
 10
39014.84202494171
 20
14487.606865819442
 10
39014.84202494171
 20
14107.29328271992
 10
38370.69896863447
 20
14107.29328271992
 10
38370.69896863447
 20
14487.606865819442
  0
LWPOLYLINE
  5
1FC
330
17
100
AcDbEntity
  8
F03_SEATING
100
AcDbPolyline
 90
5
 70
1
 10
38370.69896863447
 20
13893.366892226435
 10
39014.84202494171
 20
13893.366892226435
 10
39014.84202494171
 20
13513.053309126919
 10
38370.69896863447
 20
13513.053309126919
 10
38370.69896863447
 20
13893.366892226435
  0
LWPOLYLINE
  5
1FD
330
17
100
AcDbEntity
  8
F03_SEATING
100
AcDbPolyline
 90
5
 70
1
 10
38370.69896863447
 20
13299.126918633434
 10
39014.84202494171
 20
13299.126918633434
 10
39014.84202494171
 20
12918.813335533918
 10
38370.69896863447
 20
12918.813335533918
 10
38370.69896863447
 20
13299.126918633434
  0
LWPOLYLINE
  5
1FE
330
17
100
AcDbEntity
  8
F03_SEATING
100
AcDbPolyline
 90
5
 70
1
 10
39346.67329637271
 20
15081.846839412443
 10
39990.816352679954
 20
15081.846839412443
 10
39990.816352679954
 20
14701.533256312927
 10
39346.67329637271
 20
14701.533256312927
 10
39346.67329637271
 20
15081.846839412443
  0
LWPOLYLINE
  5
1FF
330
17
100
AcDbEntity
  8
F03_SEATING
100
AcDbPolyline
 90
5
 70
1
 10
39346.67329637271
 20
14487.606865819442
 10
39990.816352679954
 20
14487.606865819442
 10
39990.816352679954
 20
14107.29328271992
 10
39346.67329637271
 20
14107.29328271992
 10
39346.67329637271
 20
14487.606865819442
  0
LWPOLYLINE
  5
200
330
17
100
AcDbEntity
  8
F03_SEATING
100
AcDbPolyline
 90
5
 70
1
 10
39346.67329637271
 20
13893.366892226435
 10
39990.816352679954
 20
13893.366892226435
 10
39990.816352679954
 20
13513.053309126919
 10
39346.67329637271
 20
13513.053309126919
 10
39346.67329637271
 20
13893.366892226435
  0
LWPOLYLINE
  5
201
330
17
100
AcDbEntity
  8
F03_SEATING
100
AcDbPolyline
 90
5
 70
1
 10
39346.67329637271
 20
13299.126918633434
 10
39990.816352679954
 20
13299.126918633434
 10
39990.816352679954
 20
12918.813335533918
 10
39346.67329637271
 20
12918.813335533918
 10
39346.67329637271
 20
13299.126918633434
  0
LWPOLYLINE
  5
202
330
17
100
AcDbEntity
  8
F03_SEATING
100
AcDbPolyline
 90
5
 70
1
 10
40322.64762411096
 20
15081.846839412443
 10
40966.790680418206
 20
15081.846839412443
 10
40966.790680418206
 20
14701.533256312927
 10
40322.64762411096
 20
14701.533256312927
 10
40322.64762411096
 20
15081.846839412443
  0
LWPOLYLINE
  5
203
330
17
100
AcDbEntity
  8
F03_SEATING
100
AcDbPolyline
 90
5
 70
1
 10
40322.64762411096
 20
14487.606865819442
 10
40966.790680418206
 20
14487.606865819442
 10
40966.790680418206
 20
14107.29328271992
 10
40322.64762411096
 20
14107.29328271992
 10
40322.64762411096
 20
14487.606865819442
  0
LWPOLYLINE
  5
204
330
17
100
AcDbEntity
  8
F03_SEATING
100
AcDbPolyline
 90
5
 70
1
 10
40322.64762411096
 20
13893.366892226435
 10
40966.790680418206
 20
13893.366892226435
 10
40966.790680418206
 20
13513.053309126919
 10
40322.64762411096
 20
13513.053309126919
 10
40322.64762411096
 20
13893.366892226435
  0
LWPOLYLINE
  5
205
330
17
100
AcDbEntity
  8
F03_SEATING
100
AcDbPolyline
 90
5
 70
1
 10
40322.64762411096
 20
13299.126918633434
 10
40966.790680418206
 20
13299.126918633434
 10
40966.790680418206
 20
12918.813335533918
 10
40322.64762411096
 20
12918.813335533918
 10
40322.64762411096
 20
13299.126918633434
  0
LWPOLYLINE
  5
206
330
17
100
AcDbEntity
  8
F03_SEATING
100
AcDbPolyline
 90
5
 70
1
 10
41298.6219518492
 20
15081.846839412443
 10
41942.76500815646
 20
15081.846839412443
 10
41942.76500815646
 20
14701.533256312927
 10
41298.6219518492
 20
14701.533256312927
 10
41298.6219518492
 20
15081.846839412443
  0
LWPOLYLINE
  5
207
330
17
100
AcDbEntity
  8
F03_SEATING
100
AcDbPolyline
 90
5
 70
1
 10
41298.6219518492
 20
14487.606865819442
 10
41942.76500815646
 20
14487.606865819442
 10
41942.76500815646
 20
14107.29328271992
 10
41298.6219518492
 20
14107.29328271992
 10
41298.6219518492
 20
14487.606865819442
  0
LWPOLYLINE
  5
208
330
17
100
AcDbEntity
  8
F03_SEATING
100
AcDbPolyline
 90
5
 70
1
 10
41298.6219518492
 20
13893.366892226435
 10
41942.76500815646
 20
13893.366892226435
 10
41942.76500815646
 20
13513.053309126919
 10
41298.6219518492
 20
13513.053309126919
 10
41298.6219518492
 20
13893.366892226435
  0
LWPOLYLINE
  5
209
330
17
100
AcDbEntity
  8
F03_SEATING
100
AcDbPolyline
 90
5
 70
1
 10
41298.6219518492
 20
13299.126918633434
 10
41942.76500815646
 20
13299.126918633434
 10
41942.76500815646
 20
12918.813335533918
 10
41298.6219518492
 20
12918.813335533918
 10
41298.6219518492
 20
13299.126918633434
  0
LWPOLYLINE
  5
20A
330
17
100
AcDbEntity
  8
F03_SEATING
100
AcDbPolyline
 90
5
 70
1
 10
23731.084052560815
 20
10295.608736315122
 10
24375.227108868057
 20
10295.608736315122
 10
24375.227108868057
 20
9948.655993838369
 10
23731.084052560815
 20
9948.655993838369
 10
23731.084052560815
 20
10295.608736315122
  0
LWPOLYLINE
  5
20B
330
17
100
AcDbEntity
  8
F03_SEATING
100
AcDbPolyline
 90
5
 70
1
 10
23731.084052560815
 20
9753.49507619519
 10
24375.227108868057
 20
9753.49507619519
 10
24375.227108868057
 20
9406.542333718437
 10
23731.084052560815
 20
9406.542333718437
 10
23731.084052560815
 20
9753.49507619519
  0
LWPOLYLINE
  5
20C
330
17
100
AcDbEntity
  8
F03_SEATING
100
AcDbPolyline
 90
5
 70
1
 10
23731.084052560815
 20
9211.381416075257
 10
24375.227108868057
 20
9211.381416075257
 10
24375.227108868057
 20
8864.428673598504
 10
23731.084052560815
 20
8864.428673598504
 10
23731.084052560815
 20
9211.381416075257
  0
LWPOLYLINE
  5
20D
330
17
100
AcDbEntity
  8
F03_SEATING
100
AcDbPolyline
 90
5
 70
1
 10
23731.084052560815
 20
8669.267755955325
 10
24375.227108868057
 20
8669.267755955325
 10
24375.227108868057
 20
8322.315013478572
 10
23731.084052560815
 20
8322.315013478572
 10
23731.084052560815
 20
8669.267755955325
  0
LWPOLYLINE
  5
20E
330
17
100
AcDbEntity
  8
F03_SEATING
100
AcDbPolyline
 90
5
 70
1
 10
24707.05838029906
 20
10295.608736315122
 10
25351.2014366063
 20
10295.608736315122
 10
25351.2014366063
 20
9948.655993838369
 10
24707.05838029906
 20
9948.655993838369
 10
24707.05838029906
 20
10295.608736315122
  0
LWPOLYLINE
  5
20F
330
17
100
AcDbEntity
  8
F03_SEATING
100
AcDbPolyline
 90
5
 70
1
 10
24707.05838029906
 20
9753.49507619519
 10
25351.2014366063
 20
9753.49507619519
 10
25351.2014366063
 20
9406.542333718437
 10
24707.05838029906
 20
9406.542333718437
 10
24707.05838029906
 20
9753.49507619519
  0
LWPOLYLINE
  5
210
330
17
100
AcDbEntity
  8
F03_SEATING
100
AcDbPolyline
 90
5
 70
1
 10
24707.05838029906
 20
9211.381416075257
 10
25351.2014366063
 20
9211.381416075257
 10
25351.2014366063
 20
8864.428673598504
 10
24707.05838029906
 20
8864.428673598504
 10
24707.05838029906
 20
9211.381416075257
  0
LWPOLYLINE
  5
211
330
17
100
AcDbEntity
  8
F03_SEATING
100
AcDbPolyline
 90
5
 70
1
 10
24707.05838029906
 20
8669.267755955325
 10
25351.2014366063
 20
8669.267755955325
 10
25351.2014366063
 20
8322.315013478572
 10
24707.05838029906
 20
8322.315013478572
 10
24707.05838029906
 20
8669.267755955325
  0
LWPOLYLINE
  5
212
330
17
100
AcDbEntity
  8
F03_SEATING
100
AcDbPolyline
 90
5
 70
1
 10
25683.0327080373
 20
10295.608736315122
 10
26327.17576434455
 20
10295.608736315122
 10
26327.17576434455
 20
9948.655993838369
 10
25683.0327080373
 20
9948.655993838369
 10
25683.0327080373
 20
10295.608736315122
  0
LWPOLYLINE
  5
213
330
17
100
AcDbEntity
  8
F03_SEATING
100
AcDbPolyline
 90
5
 70
1
 10
25683.0327080373
 20
9753.49507619519
 10
26327.17576434455
 20
9753.49507619519
 10
26327.17576434455
 20
9406.542333718437
 10
25683.0327080373
 20
9406.542333718437
 10
25683.0327080373
 20
9753.49507619519
  0
LWPOLYLINE
  5
214
330
17
100
AcDbEntity
  8
F03_SEATING
100
AcDbPolyline
 90
5
 70
1
 10
25683.0327080373
 20
9211.381416075257
 10
26327.17576434455
 20
9211.381416075257
 10
26327.17576434455
 20
8864.428673598504
 10
25683.0327080373
 20
8864.428673598504
 10
25683.0327080373
 20
9211.381416075257
  0
LWPOLYLINE
  5
215
330
17
100
AcDbEntity
  8
F03_SEATING
100
AcDbPolyline
 90
5
 70
1
 10
25683.0327080373
 20
8669.267755955325
 10
26327.17576434455
 20
8669.267755955325
 10
26327.17576434455
 20
8322.315013478572
 10
25683.0327080373
 20
8322.315013478572
 10
25683.0327080373
 20
8669.267755955325
  0
LWPOLYLINE
  5
216
330
17
100
AcDbEntity
  8
F03_SEATING
100
AcDbPolyline
 90
5
 70
1
 10
26659.007035775543
 20
10295.608736315122
 10
27303.15009208279
 20
10295.608736315122
 10
27303.15009208279
 20
9948.655993838369
 10
26659.007035775543
 20
9948.655993838369
 10
26659.007035775543
 20
10295.608736315122
  0
LWPOLYLINE
  5
217
330
17
100
AcDbEntity
  8
F03_SEATING
100
AcDbPolyline
 90
5
 70
1
 10
26659.007035775543
 20
9753.49507619519
 10
27303.15009208279
 20
9753.49507619519
 10
27303.15009208279
 20
9406.542333718437
 10
26659.007035775543
 20
9406.542333718437
 10
26659.007035775543
 20
9753.49507619519
  0
LWPOLYLINE
  5
218
330
17
100
AcDbEntity
  8
F03_SEATING
100
AcDbPolyline
 90
5
 70
1
 10
26659.007035775543
 20
9211.381416075257
 10
27303.15009208279
 20
9211.381416075257
 10
27303.15009208279
 20
8864.428673598504
 10
26659.007035775543
 20
8864.428673598504
 10
26659.007035775543
 20
9211.381416075257
  0
LWPOLYLINE
  5
219
330
17
100
AcDbEntity
  8
F03_SEATING
100
AcDbPolyline
 90
5
 70
1
 10
26659.007035775543
 20
8669.267755955325
 10
27303.15009208279
 20
8669.267755955325
 10
27303.15009208279
 20
8322.315013478572
 10
26659.007035775543
 20
8322.315013478572
 10
26659.007035775543
 20
8669.267755955325
  0
LWPOLYLINE
  5
21A
330
17
100
AcDbEntity
  8
F03_SEATING
100
AcDbPolyline
 90
5
 70
1
 10
27634.98136351379
 20
10295.608736315122
 10
28279.124419821033
 20
10295.608736315122
 10
28279.124419821033
 20
9948.655993838369
 10
27634.98136351379
 20
9948.655993838369
 10
27634.98136351379
 20
10295.608736315122
  0
LWPOLYLINE
  5
21B
330
17
100
AcDbEntity
  8
F03_SEATING
100
AcDbPolyline
 90
5
 70
1
 10
27634.98136351379
 20
9753.49507619519
 10
28279.124419821033
 20
9753.49507619519
 10
28279.124419821033
 20
9406.542333718437
 10
27634.98136351379
 20
9406.542333718437
 10
27634.98136351379
 20
9753.49507619519
  0
LWPOLYLINE
  5
21C
330
17
100
AcDbEntity
  8
F03_SEATING
100
AcDbPolyline
 90
5
 70
1
 10
27634.98136351379
 20
9211.381416075257
 10
28279.124419821033
 20
9211.381416075257
 10
28279.124419821033
 20
8864.428673598504
 10
27634.98136351379
 20
8864.428673598504
 10
27634.98136351379
 20
9211.381416075257
  0
LWPOLYLINE
  5
21D
330
17
100
AcDbEntity
  8
F03_SEATING
100
AcDbPolyline
 90
5
 70
1
 10
27634.98136351379
 20
8669.267755955325
 10
28279.124419821033
 20
8669.267755955325
 10
28279.124419821033
 20
8322.315013478572
 10
27634.98136351379
 20
8322.315013478572
 10
27634.98136351379
 20
8669.267755955325
  0
LWPOLYLINE
  5
21E
330
17
100
AcDbEntity
  8
F03_SEATING
100
AcDbPolyline
 90
5
 70
1
 10
28610.955691252035
 20
10295.608736315122
 10
29255.098747559277
 20
10295.608736315122
 10
29255.098747559277
 20
9948.655993838369
 10
28610.955691252035
 20
9948.655993838369
 10
28610.955691252035
 20
10295.608736315122
  0
LWPOLYLINE
  5
21F
330
17
100
AcDbEntity
  8
F03_SEATING
100
AcDbPolyline
 90
5
 70
1
 10
28610.955691252035
 20
9753.49507619519
 10
29255.098747559277
 20
9753.49507619519
 10
29255.098747559277
 20
9406.542333718437
 10
28610.955691252035
 20
9406.542333718437
 10
28610.955691252035
 20
9753.49507619519
  0
LWPOLYLINE
  5
220
330
17
100
AcDbEntity
  8
F03_SEATING
100
AcDbPolyline
 90
5
 70
1
 10
28610.955691252035
 20
9211.381416075257
 10
29255.098747559277
 20
9211.381416075257
 10
29255.098747559277
 20
8864.428673598504
 10
28610.955691252035
 20
8864.428673598504
 10
28610.955691252035
 20
9211.381416075257
  0
LWPOLYLINE
  5
221
330
17
100
AcDbEntity
  8
F03_SEATING
100
AcDbPolyline
 90
5
 70
1
 10
28610.955691252035
 20
8669.267755955325
 10
29255.098747559277
 20
8669.267755955325
 10
29255.098747559277
 20
8322.315013478572
 10
28610.955691252035
 20
8322.315013478572
 10
28610.955691252035
 20
8669.267755955325
  0
LWPOLYLINE
  5
222
330
17
100
AcDbEntity
  8
F03_SEATING
100
AcDbPolyline
 90
5
 70
1
 10
29586.93001899028
 20
10295.608736315122
 10
30231.07307529752
 20
10295.608736315122
 10
30231.07307529752
 20
9948.655993838369
 10
29586.93001899028
 20
9948.655993838369
 10
29586.93001899028
 20
10295.608736315122
  0
LWPOLYLINE
  5
223
330
17
100
AcDbEntity
  8
F03_SEATING
100
AcDbPolyline
 90
5
 70
1
 10
29586.93001899028
 20
9753.49507619519
 10
30231.07307529752
 20
9753.49507619519
 10
30231.07307529752
 20
9406.542333718437
 10
29586.93001899028
 20
9406.542333718437
 10
29586.93001899028
 20
9753.49507619519
  0
LWPOLYLINE
  5
224
330
17
100
AcDbEntity
  8
F03_SEATING
100
AcDbPolyline
 90
5
 70
1
 10
29586.93001899028
 20
9211.381416075257
 10
30231.07307529752
 20
9211.381416075257
 10
30231.07307529752
 20
8864.428673598504
 10
29586.93001899028
 20
8864.428673598504
 10
29586.93001899028
 20
9211.381416075257
  0
LWPOLYLINE
  5
225
330
17
100
AcDbEntity
  8
F03_SEATING
100
AcDbPolyline
 90
5
 70
1
 10
29586.93001899028
 20
8669.267755955325
 10
30231.07307529752
 20
8669.267755955325
 10
30231.07307529752
 20
8322.315013478572
 10
29586.93001899028
 20
8322.315013478572
 10
29586.93001899028
 20
8669.267755955325
  0
LWPOLYLINE
  5
226
330
17
100
AcDbEntity
  8
F03_SEATING
100
AcDbPolyline
 90
5
 70
1
 10
30562.90434672852
 20
10295.608736315122
 10
31207.04740303576
 20
10295.608736315122
 10
31207.04740303576
 20
9948.655993838369
 10
30562.90434672852
 20
9948.655993838369
 10
30562.90434672852
 20
10295.608736315122
  0
LWPOLYLINE
  5
227
330
17
100
AcDbEntity
  8
F03_SEATING
100
AcDbPolyline
 90
5
 70
1
 10
30562.90434672852
 20
9753.49507619519
 10
31207.04740303576
 20
9753.49507619519
 10
31207.04740303576
 20
9406.542333718437
 10
30562.90434672852
 20
9406.542333718437
 10
30562.90434672852
 20
9753.49507619519
  0
LWPOLYLINE
  5
228
330
17
100
AcDbEntity
  8
F03_SEATING
100
AcDbPolyline
 90
5
 70
1
 10
30562.90434672852
 20
9211.381416075257
 10
31207.04740303576
 20
9211.381416075257
 10
31207.04740303576
 20
8864.428673598504
 10
30562.90434672852
 20
8864.428673598504
 10
30562.90434672852
 20
9211.381416075257
  0
LWPOLYLINE
  5
229
330
17
100
AcDbEntity
  8
F03_SEATING
100
AcDbPolyline
 90
5
 70
1
 10
30562.90434672852
 20
8669.267755955325
 10
31207.04740303576
 20
8669.267755955325
 10
31207.04740303576
 20
8322.315013478572
 10
30562.90434672852
 20
8322.315013478572
 10
30562.90434672852
 20
8669.267755955325
  0
LWPOLYLINE
  5
22A
330
17
100
AcDbEntity
  8
F03_SEATING
100
AcDbPolyline
 90
5
 70
1
 10
31538.87867446677
 20
10295.608736315122
 10
32183.021730774013
 20
10295.608736315122
 10
32183.021730774013
 20
9948.655993838369
 10
31538.87867446677
 20
9948.655993838369
 10
31538.87867446677
 20
10295.608736315122
  0
LWPOLYLINE
  5
22B
330
17
100
AcDbEntity
  8
F03_SEATING
100
AcDbPolyline
 90
5
 70
1
 10
31538.87867446677
 20
9753.49507619519
 10
32183.021730774013
 20
9753.49507619519
 10
32183.021730774013
 20
9406.542333718437
 10
31538.87867446677
 20
9406.542333718437
 10
31538.87867446677
 20
9753.49507619519
  0
LWPOLYLINE
  5
22C
330
17
100
AcDbEntity
  8
F03_SEATING
100
AcDbPolyline
 90
5
 70
1
 10
31538.87867446677
 20
9211.381416075257
 10
32183.021730774013
 20
9211.381416075257
 10
32183.021730774013
 20
8864.428673598504
 10
31538.87867446677
 20
8864.428673598504
 10
31538.87867446677
 20
9211.381416075257
  0
LWPOLYLINE
  5
22D
330
17
100
AcDbEntity
  8
F03_SEATING
100
AcDbPolyline
 90
5
 70
1
 10
31538.87867446677
 20
8669.267755955325
 10
32183.021730774013
 20
8669.267755955325
 10
32183.021730774013
 20
8322.315013478572
 10
31538.87867446677
 20
8322.315013478572
 10
31538.87867446677
 20
8669.267755955325
  0
LWPOLYLINE
  5
22E
330
17
100
AcDbEntity
  8
F03_SEATING
100
AcDbPolyline
 90
5
 70
1
 10
32514.85300220501
 20
10295.608736315122
 10
33158.99605851225
 20
10295.608736315122
 10
33158.99605851225
 20
9948.655993838369
 10
32514.85300220501
 20
9948.655993838369
 10
32514.85300220501
 20
10295.608736315122
  0
LWPOLYLINE
  5
22F
330
17
100
AcDbEntity
  8
F03_SEATING
100
AcDbPolyline
 90
5
 70
1
 10
32514.85300220501
 20
9753.49507619519
 10
33158.99605851225
 20
9753.49507619519
 10
33158.99605851225
 20
9406.542333718437
 10
32514.85300220501
 20
9406.542333718437
 10
32514.85300220501
 20
9753.49507619519
  0
LWPOLYLINE
  5
230
330
17
100
AcDbEntity
  8
F03_SEATING
100
AcDbPolyline
 90
5
 70
1
 10
32514.85300220501
 20
9211.381416075257
 10
33158.99605851225
 20
9211.381416075257
 10
33158.99605851225
 20
8864.428673598504
 10
32514.85300220501
 20
8864.428673598504
 10
32514.85300220501
 20
9211.381416075257
  0
LWPOLYLINE
  5
231
330
17
100
AcDbEntity
  8
F03_SEATING
100
AcDbPolyline
 90
5
 70
1
 10
32514.85300220501
 20
8669.267755955325
 10
33158.99605851225
 20
8669.267755955325
 10
33158.99605851225
 20
8322.315013478572
 10
32514.85300220501
 20
8322.315013478572
 10
32514.85300220501
 20
8669.267755955325
  0
LWPOLYLINE
  5
232
330
17
100
AcDbEntity
  8
F03_SEATING
100
AcDbPolyline
 90
5
 70
1
 10
33490.82732994325
 20
10295.608736315122
 10
34134.97038625049
 20
10295.608736315122
 10
34134.97038625049
 20
9948.655993838369
 10
33490.82732994325
 20
9948.655993838369
 10
33490.82732994325
 20
10295.608736315122
  0
LWPOLYLINE
  5
233
330
17
100
AcDbEntity
  8
F03_SEATING
100
AcDbPolyline
 90
5
 70
1
 10
33490.82732994325
 20
9753.49507619519
 10
34134.97038625049
 20
9753.49507619519
 10
34134.97038625049
 20
9406.542333718437
 10
33490.82732994325
 20
9406.542333718437
 10
33490.82732994325
 20
9753.49507619519
  0
LWPOLYLINE
  5
234
330
17
100
AcDbEntity
  8
F03_SEATING
100
AcDbPolyline
 90
5
 70
1
 10
33490.82732994325
 20
9211.381416075257
 10
34134.97038625049
 20
9211.381416075257
 10
34134.97038625049
 20
8864.428673598504
 10
33490.82732994325
 20
8864.428673598504
 10
33490.82732994325
 20
9211.381416075257
  0
LWPOLYLINE
  5
235
330
17
100
AcDbEntity
  8
F03_SEATING
100
AcDbPolyline
 90
5
 70
1
 10
33490.82732994325
 20
8669.267755955325
 10
34134.97038625049
 20
8669.267755955325
 10
34134.97038625049
 20
8322.315013478572
 10
33490.82732994325
 20
8322.315013478572
 10
33490.82732994325
 20
8669.267755955325
  0
LWPOLYLINE
  5
236
330
17
100
AcDbEntity
  8
F03_SEATING
100
AcDbPolyline
 90
5
 70
1
 10
34466.80165768149
 20
10295.608736315122
 10
35110.944713988734
 20
10295.608736315122
 10
35110.944713988734
 20
9948.655993838369
 10
34466.80165768149
 20
9948.655993838369
 10
34466.80165768149
 20
10295.608736315122
  0
LWPOLYLINE
  5
237
330
17
100
AcDbEntity
  8
F03_SEATING
100
AcDbPolyline
 90
5
 70
1
 10
34466.80165768149
 20
9753.49507619519
 10
35110.944713988734
 20
9753.49507619519
 10
35110.944713988734
 20
9406.542333718437
 10
34466.80165768149
 20
9406.542333718437
 10
34466.80165768149
 20
9753.49507619519
  0
LWPOLYLINE
  5
238
330
17
100
AcDbEntity
  8
F03_SEATING
100
AcDbPolyline
 90
5
 70
1
 10
34466.80165768149
 20
9211.381416075257
 10
35110.944713988734
 20
9211.381416075257
 10
35110.944713988734
 20
8864.428673598504
 10
34466.80165768149
 20
8864.428673598504
 10
34466.80165768149
 20
9211.381416075257
  0
LWPOLYLINE
  5
239
330
17
100
AcDbEntity
  8
F03_SEATING
100
AcDbPolyline
 90
5
 70
1
 10
34466.80165768149
 20
8669.267755955325
 10
35110.944713988734
 20
8669.267755955325
 10
35110.944713988734
 20
8322.315013478572
 10
34466.80165768149
 20
8322.315013478572
 10
34466.80165768149
 20
8669.267755955325
  0
LWPOLYLINE
  5
23A
330
17
100
AcDbEntity
  8
F03_SEATING
100
AcDbPolyline
 90
5
 70
1
 10
35442.77598541974
 20
10295.608736315122
 10
36086.919041726986
 20
10295.608736315122
 10
36086.919041726986
 20
9948.655993838369
 10
35442.77598541974
 20
9948.655993838369
 10
35442.77598541974
 20
10295.608736315122
  0
LWPOLYLINE
  5
23B
330
17
100
AcDbEntity
  8
F03_SEATING
100
AcDbPolyline
 90
5
 70
1
 10
35442.77598541974
 20
9753.49507619519
 10
36086.919041726986
 20
9753.49507619519
 10
36086.919041726986
 20
9406.542333718437
 10
35442.77598541974
 20
9406.542333718437
 10
35442.77598541974
 20
9753.49507619519
  0
LWPOLYLINE
  5
23C
330
17
100
AcDbEntity
  8
F03_SEATING
100
AcDbPolyline
 90
5
 70
1
 10
35442.77598541974
 20
9211.381416075257
 10
36086.919041726986
 20
9211.381416075257
 10
36086.919041726986
 20
8864.428673598504
 10
35442.77598541974
 20
8864.428673598504
 10
35442.77598541974
 20
9211.381416075257
  0
LWPOLYLINE
  5
23D
330
17
100
AcDbEntity
  8
F03_SEATING
100
AcDbPolyline
 90
5
 70
1
 10
35442.77598541974
 20
8669.267755955325
 10
36086.919041726986
 20
8669.267755955325
 10
36086.919041726986
 20
8322.315013478572
 10
35442.77598541974
 20
8322.315013478572
 10
35442.77598541974
 20
8669.267755955325
  0
LWPOLYLINE
  5
23E
330
17
100
AcDbEntity
  8
F03_SEATING
100
AcDbPolyline
 90
5
 70
1
 10
36418.75031315799
 20
10295.608736315122
 10
37062.89336946523
 20
10295.608736315122
 10
37062.89336946523
 20
9948.655993838369
 10
36418.75031315799
 20
9948.655993838369
 10
36418.75031315799
 20
10295.608736315122
  0
LWPOLYLINE
  5
23F
330
17
100
AcDbEntity
  8
F03_SEATING
100
AcDbPolyline
 90
5
 70
1
 10
36418.75031315799
 20
9753.49507619519
 10
37062.89336946523
 20
9753.49507619519
 10
37062.89336946523
 20
9406.542333718437
 10
36418.75031315799
 20
9406.542333718437
 10
36418.75031315799
 20
9753.49507619519
  0
LWPOLYLINE
  5
240
330
17
100
AcDbEntity
  8
F03_SEATING
100
AcDbPolyline
 90
5
 70
1
 10
36418.75031315799
 20
9211.381416075257
 10
37062.89336946523
 20
9211.381416075257
 10
37062.89336946523
 20
8864.428673598504
 10
36418.75031315799
 20
8864.428673598504
 10
36418.75031315799
 20
9211.381416075257
  0
LWPOLYLINE
  5
241
330
17
100
AcDbEntity
  8
F03_SEATING
100
AcDbPolyline
 90
5
 70
1
 10
36418.75031315799
 20
8669.267755955325
 10
37062.89336946523
 20
8669.267755955325
 10
37062.89336946523
 20
8322.315013478572
 10
36418.75031315799
 20
8322.315013478572
 10
36418.75031315799
 20
8669.267755955325
  0
LWPOLYLINE
  5
242
330
17
100
AcDbEntity
  8
F03_SEATING
100
AcDbPolyline
 90
5
 70
1
 10
37394.72464089623
 20
10295.608736315122
 10
38038.867697203474
 20
10295.608736315122
 10
38038.867697203474
 20
9948.655993838369
 10
37394.72464089623
 20
9948.655993838369
 10
37394.72464089623
 20
10295.608736315122
  0
LWPOLYLINE
  5
243
330
17
100
AcDbEntity
  8
F03_SEATING
100
AcDbPolyline
 90
5
 70
1
 10
37394.72464089623
 20
9753.49507619519
 10
38038.867697203474
 20
9753.49507619519
 10
38038.867697203474
 20
9406.542333718437
 10
37394.72464089623
 20
9406.542333718437
 10
37394.72464089623
 20
9753.49507619519
  0
LWPOLYLINE
  5
244
330
17
100
AcDbEntity
  8
F03_SEATING
100
AcDbPolyline
 90
5
 70
1
 10
37394.72464089623
 20
9211.381416075257
 10
38038.867697203474
 20
9211.381416075257
 10
38038.867697203474
 20
8864.428673598504
 10
37394.72464089623
 20
8864.428673598504
 10
37394.72464089623
 20
9211.381416075257
  0
LWPOLYLINE
  5
245
330
17
100
AcDbEntity
  8
F03_SEATING
100
AcDbPolyline
 90
5
 70
1
 10
37394.72464089623
 20
8669.267755955325
 10
38038.867697203474
 20
8669.267755955325
 10
38038.867697203474
 20
8322.315013478572
 10
37394.72464089623
 20
8322.315013478572
 10
37394.72464089623
 20
8669.267755955325
  0
LWPOLYLINE
  5
246
330
17
100
AcDbEntity
  8
F03_SEATING
100
AcDbPolyline
 90
5
 70
1
 10
38370.69896863447
 20
10295.608736315122
 10
39014.84202494171
 20
10295.608736315122
 10
39014.84202494171
 20
9948.655993838369
 10
38370.69896863447
 20
9948.655993838369
 10
38370.69896863447
 20
10295.608736315122
  0
LWPOLYLINE
  5
247
330
17
100
AcDbEntity
  8
F03_SEATING
100
AcDbPolyline
 90
5
 70
1
 10
38370.69896863447
 20
9753.49507619519
 10
39014.84202494171
 20
9753.49507619519
 10
39014.84202494171
 20
9406.542333718437
 10
38370.69896863447
 20
9406.542333718437
 10
38370.69896863447
 20
9753.49507619519
  0
LWPOLYLINE
  5
248
330
17
100
AcDbEntity
  8
F03_SEATING
100
AcDbPolyline
 90
5
 70
1
 10
38370.69896863447
 20
9211.381416075257
 10
39014.84202494171
 20
9211.381416075257
 10
39014.84202494171
 20
8864.428673598504
 10
38370.69896863447
 20
8864.428673598504
 10
38370.69896863447
 20
9211.381416075257
  0
LWPOLYLINE
  5
249
330
17
100
AcDbEntity
  8
F03_SEATING
100
AcDbPolyline
 90
5
 70
1
 10
38370.69896863447
 20
8669.267755955325
 10
39014.84202494171
 20
8669.267755955325
 10
39014.84202494171
 20
8322.315013478572
 10
38370.69896863447
 20
8322.315013478572
 10
38370.69896863447
 20
8669.267755955325
  0
LWPOLYLINE
  5
24A
330
17
100
AcDbEntity
  8
F03_SEATING
100
AcDbPolyline
 90
5
 70
1
 10
39346.67329637271
 20
10295.608736315122
 10
39990.816352679954
 20
10295.608736315122
 10
39990.816352679954
 20
9948.655993838369
 10
39346.67329637271
 20
9948.655993838369
 10
39346.67329637271
 20
10295.608736315122
  0
LWPOLYLINE
  5
24B
330
17
100
AcDbEntity
  8
F03_SEATING
100
AcDbPolyline
 90
5
 70
1
 10
39346.67329637271
 20
9753.49507619519
 10
39990.816352679954
 20
9753.49507619519
 10
39990.816352679954
 20
9406.542333718437
 10
39346.67329637271
 20
9406.542333718437
 10
39346.67329637271
 20
9753.49507619519
  0
LWPOLYLINE
  5
24C
330
17
100
AcDbEntity
  8
F03_SEATING
100
AcDbPolyline
 90
5
 70
1
 10
39346.67329637271
 20
9211.381416075257
 10
39990.816352679954
 20
9211.381416075257
 10
39990.816352679954
 20
8864.428673598504
 10
39346.67329637271
 20
8864.428673598504
 10
39346.67329637271
 20
9211.381416075257
  0
LWPOLYLINE
  5
24D
330
17
100
AcDbEntity
  8
F03_SEATING
100
AcDbPolyline
 90
5
 70
1
 10
39346.67329637271
 20
8669.267755955325
 10
39990.816352679954
 20
8669.267755955325
 10
39990.816352679954
 20
8322.315013478572
 10
39346.67329637271
 20
8322.315013478572
 10
39346.67329637271
 20
8669.267755955325
  0
LWPOLYLINE
  5
24E
330
17
100
AcDbEntity
  8
F03_SEATING
100
AcDbPolyline
 90
5
 70
1
 10
40322.64762411096
 20
10295.608736315122
 10
40966.790680418206
 20
10295.608736315122
 10
40966.790680418206
 20
9948.655993838369
 10
40322.64762411096
 20
9948.655993838369
 10
40322.64762411096
 20
10295.608736315122
  0
LWPOLYLINE
  5
24F
330
17
100
AcDbEntity
  8
F03_SEATING
100
AcDbPolyline
 90
5
 70
1
 10
40322.64762411096
 20
9753.49507619519
 10
40966.790680418206
 20
9753.49507619519
 10
40966.790680418206
 20
9406.542333718437
 10
40322.64762411096
 20
9406.542333718437
 10
40322.64762411096
 20
9753.49507619519
  0
LWPOLYLINE
  5
250
330
17
100
AcDbEntity
  8
F03_SEATING
100
AcDbPolyline
 90
5
 70
1
 10
40322.64762411096
 20
9211.381416075257
 10
40966.790680418206
 20
9211.381416075257
 10
40966.790680418206
 20
8864.428673598504
 10
40322.64762411096
 20
8864.428673598504
 10
40322.64762411096
 20
9211.381416075257
  0
LWPOLYLINE
  5
251
330
17
100
AcDbEntity
  8
F03_SEATING
100
AcDbPolyline
 90
5
 70
1
 10
40322.64762411096
 20
8669.267755955325
 10
40966.790680418206
 20
8669.267755955325
 10
40966.790680418206
 20
8322.315013478572
 10
40322.64762411096
 20
8322.315013478572
 10
40322.64762411096
 20
8669.267755955325
  0
LWPOLYLINE
  5
252
330
17
100
AcDbEntity
  8
F03_SEATING
100
AcDbPolyline
 90
5
 70
1
 10
41298.6219518492
 20
10295.608736315122
 10
41942.76500815646
 20
10295.608736315122
 10
41942.76500815646
 20
9948.655993838369
 10
41298.6219518492
 20
9948.655993838369
 10
41298.6219518492
 20
10295.608736315122
  0
LWPOLYLINE
  5
253
330
17
100
AcDbEntity
  8
F03_SEATING
100
AcDbPolyline
 90
5
 70
1
 10
41298.6219518492
 20
9753.49507619519
 10
41942.76500815646
 20
9753.49507619519
 10
41942.76500815646
 20
9406.542333718437
 10
41298.6219518492
 20
9406.542333718437
 10
41298.6219518492
 20
9753.49507619519
  0
LWPOLYLINE
  5
254
330
17
100
AcDbEntity
  8
F03_SEATING
100
AcDbPolyline
 90
5
 70
1
 10
41298.6219518492
 20
9211.381416075257
 10
41942.76500815646
 20
9211.381416075257
 10
41942.76500815646
 20
8864.428673598504
 10
41298.6219518492
 20
8864.428673598504
 10
41298.6219518492
 20
9211.381416075257
  0
LWPOLYLINE
  5
255
330
17
100
AcDbEntity
  8
F03_SEATING
100
AcDbPolyline
 90
5
 70
1
 10
41298.6219518492
 20
8669.267755955325
 10
41942.76500815646
 20
8669.267755955325
 10
41942.76500815646
 20
8322.315013478572
 10
41298.6219518492
 20
8322.315013478572
 10
41298.6219518492
 20
8669.267755955325
  0
LWPOLYLINE
  5
257
330
17
100
AcDbEntity
  8
F03_STAIRS
100
AcDbPolyline
 90
5
 70
1
 10
28044.075433305472
 20
33037.27237717995
 10
28253.37015370081
 20
33037.27237717995
 10
28253.37015370081
 20
34037.27237717995
 10
28044.075433305472
 20
34037.27237717995
 10
28044.075433305472
 20
33037.27237717995
  0
LWPOLYLINE
  5
258
330
17
100
AcDbEntity
  8
F03_STAIRS
100
AcDbPolyline
 90
5
 70
1
 10
28253.37015370081
 20
33037.27237717995
 10
28462.66487409614
 20
33037.27237717995
 10
28462.66487409614
 20
34037.27237717995
 10
28253.37015370081
 20
34037.27237717995
 10
28253.37015370081
 20
33037.27237717995
  0
LWPOLYLINE
  5
259
330
17
100
AcDbEntity
  8
F03_STAIRS
100
AcDbPolyline
 90
5
 70
1
 10
28462.66487409614
 20
33037.27237717995
 10
28671.959594491473
 20
33037.27237717995
 10
28671.959594491473
 20
34037.27237717995
 10
28462.66487409614
 20
34037.27237717995
 10
28462.66487409614
 20
33037.27237717995
  0
LWPOLYLINE
  5
25A
330
17
100
AcDbEntity
  8
F03_STAIRS
100
AcDbPolyline
 90
5
 70
1
 10
28671.959594491473
 20
33037.27237717995
 10
28881.25431488681
 20
33037.27237717995
 10
28881.25431488681
 20
34037.27237717995
 10
28671.959594491473
 20
34037.27237717995
 10
28671.959594491473
 20
33037.27237717995
  0
LWPOLYLINE
  5
25B
330
17
100
AcDbEntity
  8
F03_STAIRS
100
AcDbPolyline
 90
5
 70
1
 10
28881.25431488681
 20
33037.27237717995
 10
29090.549035282143
 20
33037.27237717995
 10
29090.549035282143
 20
34037.27237717995
 10
28881.25431488681
 20
34037.27237717995
 10
28881.25431488681
 20
33037.27237717995
  0
LWPOLYLINE
  5
25C
330
17
100
AcDbEntity
  8
F03_STAIRS
100
AcDbPolyline
 90
5
 70
1
 10
29090.549035282143
 20
33037.27237717995
 10
29299.84375567748
 20
33037.27237717995
 10
29299.84375567748
 20
34037.27237717995
 10
29090.549035282143
 20
34037.27237717995
 10
29090.549035282143
 20
33037.27237717995
  0
LWPOLYLINE
  5
25D
330
17
100
AcDbEntity
  8
F03_STAIRS
100
AcDbPolyline
 90
5
 70
1
 10
29299.84375567748
 20
33037.27237717995
 10
29509.13847607281
 20
33037.27237717995
 10
29509.13847607281
 20
34037.27237717995
 10
29299.84375567748
 20
34037.27237717995
 10
29299.84375567748
 20
33037.27237717995
  0
LWPOLYLINE
  5
25E
330
17
100
AcDbEntity
  8
F03_STAIRS
100
AcDbPolyline
 90
5
 70
1
 10
29509.13847607281
 20
33037.27237717995
 10
29718.433196468148
 20
33037.27237717995
 10
29718.433196468148
 20
34037.27237717995
 10
29509.13847607281
 20
34037.27237717995
 10
29509.13847607281
 20
33037.27237717995
  0
LWPOLYLINE
  5
25F
330
17
100
AcDbEntity
  8
F03_STAIRS
100
AcDbPolyline
 90
5
 70
1
 10
29718.433196468148
 20
33037.27237717995
 10
29927.72791686348
 20
33037.27237717995
 10
29927.72791686348
 20
34037.27237717995
 10
29718.433196468148
 20
34037.27237717995
 10
29718.433196468148
 20
33037.27237717995
  0
LWPOLYLINE
  5
260
330
17
100
AcDbEntity
  8
F03_STAIRS
100
AcDbPolyline
 90
5
 70
1
 10
29927.72791686348
 20
33037.27237717995
 10
30137.02263725882
 20
33037.27237717995
 10
30137.02263725882
 20
34037.27237717995
 10
29927.72791686348
 20
34037.27237717995
 10
29927.72791686348
 20
33037.27237717995
  0
LWPOLYLINE
  5
261
330
17
100
AcDbEntity
  8
F03_STAIRS
100
AcDbPolyline
 90
5
 70
1
 10
30137.02263725882
 20
33037.27237717995
 10
30346.317357654152
 20
33037.27237717995
 10
30346.317357654152
 20
34037.27237717995
 10
30137.02263725882
 20
34037.27237717995
 10
30137.02263725882
 20
33037.27237717995
  0
LWPOLYLINE
  5
262
330
17
100
AcDbEntity
  8
F03_STAIRS
100
AcDbPolyline
 90
5
 70
1
 10
30346.317357654152
 20
33037.27237717995
 10
30555.61207804949
 20
33037.27237717995
 10
30555.61207804949
 20
34037.27237717995
 10
30346.317357654152
 20
34037.27237717995
 10
30346.317357654152
 20
33037.27237717995
  0
LWPOLYLINE
  5
263
330
17
100
AcDbEntity
  8
F03_STAIRS
100
AcDbPolyline
 90
5
 70
1
 10
28044.075433305472
 20
1719.78324255928
 10
28253.37015370081
 20
1719.78324255928
 10
28253.37015370081
 20
2719.78324255928
 10
28044.075433305472
 20
2719.78324255928
 10
28044.075433305472
 20
1719.78324255928
  0
LWPOLYLINE
  5
264
330
17
100
AcDbEntity
  8
F03_STAIRS
100
AcDbPolyline
 90
5
 70
1
 10
28253.37015370081
 20
1719.78324255928
 10
28462.66487409614
 20
1719.78324255928
 10
28462.66487409614
 20
2719.78324255928
 10
28253.37015370081
 20
2719.78324255928
 10
28253.37015370081
 20
1719.78324255928
  0
LWPOLYLINE
  5
265
330
17
100
AcDbEntity
  8
F03_STAIRS
100
AcDbPolyline
 90
5
 70
1
 10
28462.66487409614
 20
1719.78324255928
 10
28671.959594491473
 20
1719.78324255928
 10
28671.959594491473
 20
2719.78324255928
 10
28462.66487409614
 20
2719.78324255928
 10
28462.66487409614
 20
1719.78324255928
  0
LWPOLYLINE
  5
266
330
17
100
AcDbEntity
  8
F03_STAIRS
100
AcDbPolyline
 90
5
 70
1
 10
28671.959594491473
 20
1719.78324255928
 10
28881.25431488681
 20
1719.78324255928
 10
28881.25431488681
 20
2719.78324255928
 10
28671.959594491473
 20
2719.78324255928
 10
28671.959594491473
 20
1719.78324255928
  0
LWPOLYLINE
  5
267
330
17
100
AcDbEntity
  8
F03_STAIRS
100
AcDbPolyline
 90
5
 70
1
 10
28881.25431488681
 20
1719.78324255928
 10
29090.549035282143
 20
1719.78324255928
 10
29090.549035282143
 20
2719.78324255928
 10
28881.25431488681
 20
2719.78324255928
 10
28881.25431488681
 20
1719.78324255928
  0
LWPOLYLINE
  5
268
330
17
100
AcDbEntity
  8
F03_STAIRS
100
AcDbPolyline
 90
5
 70
1
 10
29090.549035282143
 20
1719.78324255928
 10
29299.84375567748
 20
1719.78324255928
 10
29299.84375567748
 20
2719.78324255928
 10
29090.549035282143
 20
2719.78324255928
 10
29090.549035282143
 20
1719.78324255928
  0
LWPOLYLINE
  5
269
330
17
100
AcDbEntity
  8
F03_STAIRS
100
AcDbPolyline
 90
5
 70
1
 10
29299.84375567748
 20
1719.78324255928
 10
29509.13847607281
 20
1719.78324255928
 10
29509.13847607281
 20
2719.78324255928
 10
29299.84375567748
 20
2719.78324255928
 10
29299.84375567748
 20
1719.78324255928
  0
LWPOLYLINE
  5
26A
330
17
100
AcDbEntity
  8
F03_STAIRS
100
AcDbPolyline
 90
5
 70
1
 10
29509.13847607281
 20
1719.78324255928
 10
29718.433196468148
 20
1719.78324255928
 10
29718.433196468148
 20
2719.78324255928
 10
29509.13847607281
 20
2719.78324255928
 10
29509.13847607281
 20
1719.78324255928
  0
LWPOLYLINE
  5
26B
330
17
100
AcDbEntity
  8
F03_STAIRS
100
AcDbPolyline
 90
5
 70
1
 10
29718.433196468148
 20
1719.78324255928
 10
29927.72791686348
 20
1719.78324255928
 10
29927.72791686348
 20
2719.78324255928
 10
29718.433196468148
 20
2719.78324255928
 10
29718.433196468148
 20
1719.78324255928
  0
LWPOLYLINE
  5
26C
330
17
100
AcDbEntity
  8
F03_STAIRS
100
AcDbPolyline
 90
5
 70
1
 10
29927.72791686348
 20
1719.78324255928
 10
30137.02263725882
 20
1719.78324255928
 10
30137.02263725882
 20
2719.78324255928
 10
29927.72791686348
 20
2719.78324255928
 10
29927.72791686348
 20
1719.78324255928
  0
LWPOLYLINE
  5
26D
330
17
100
AcDbEntity
  8
F03_STAIRS
100
AcDbPolyline
 90
5
 70
1
 10
30137.02263725882
 20
1719.78324255928
 10
30346.317357654152
 20
1719.78324255928
 10
30346.317357654152
 20
2719.78324255928
 10
30137.02263725882
 20
2719.78324255928
 10
30137.02263725882
 20
1719.78324255928
  0
LWPOLYLINE
  5
26E
330
17
100
AcDbEntity
  8
F03_STAIRS
100
AcDbPolyline
 90
5
 70
1
 10
30346.317357654152
 20
1719.78324255928
 10
30555.61207804949
 20
1719.78324255928
 10
30555.61207804949
 20
2719.78324255928
 10
30346.317357654152
 20
2719.78324255928
 10
30346.317357654152
 20
1719.78324255928
  0
TEXT
  5
270
330
17
100
AcDbEntity
  8
F03_ROOMS
100
AcDbText
 10
13602.739726027394
 20
17774.275182923473
 30
0.0
 40
450.0
  1
舞台
  7
JAPANESE
100
AcDbText
  0
TEXT
  5
271
330
17
100
AcDbEntity
  8
F03_ROOMS
100
AcDbText
 10
32481.123505686563
 20
18316.388843043405
 30
0.0
 40
450.0
  1
客席
  7
JAPANESE
100
AcDbText
  0
TEXT
  5
272
330
17
100
AcDbEntity
  8
F03_ROOMS
100
AcDbText
 10
11970.240906943785
 20
31285.41563514331
 30
0.0
 40
450.0
  1
上手舞台袖
  7
JAPANESE
100
AcDbText
  0
TEXT
  5
273
330
17
100
AcDbEntity
  8
F03_ROOMS
100
AcDbText
 10
11844.664074706585
 20
5013.753644715853
 30
0.0
 40
450.0
  1
下手舞台袖
  7
JAPANESE
100
AcDbText
  0
TEXT
  5
274
330
17
100
AcDbEntity
  8
F03_ROOMS
100
AcDbText
 10
49350.27796955052
 20
18232.986741486493
 30
0.0
 40
450.0
  1
ホワイエ
  7
JAPANESE
100
AcDbText
  0
TEXT
  5
276
330
17
100
AcDbEntity
  8
ANNOTATION
100
AcDbText
 10
-1000.0
 20
-2500.0
 30
0.0
 40
650.0
  1
3F / SCHEMATIC / Z 9791 mm
  7
JAPANESE
100
AcDbText
  0
ENDSEC
  0
SECTION
  2
OBJECTS
  0
DICTIONARY
  5
A
330
0
100
AcDbDictionary
281
1
  3
ACAD_COLOR
350
B
  3
ACAD_GROUP
350
C
  3
ACAD_LAYOUT
350
D
  3
ACAD_MATERIAL
350
E
  3
ACAD_MLEADERSTYLE
350
F
  3
ACAD_MLINESTYLE
350
10
  3
ACAD_PLOTSETTINGS
350
11
  3
ACAD_PLOTSTYLENAME
350
12
  3
ACAD_SCALELIST
350
14
  3
ACAD_TABLESTYLE
350
15
  3
ACAD_VISUALSTYLE
350
16
  3
EZDXF_META
350
2D
  0
DICTIONARY
  5
B
330
A
100
AcDbDictionary
281
1
  0
DICTIONARY
  5
C
330
A
100
AcDbDictionary
281
1
  0
DICTIONARY
  5
D
330
A
100
AcDbDictionary
281
1
  3
Model
350
1A
  3
Layout1
350
1E
  0
DICTIONARY
  5
E
330
A
100
AcDbDictionary
281
1
  3
ByBlock
350
1F
  3
ByLayer
350
20
  3
Global
350
21
  0
DICTIONARY
  5
F
330
A
100
AcDbDictionary
281
1
  3
Standard
350
2C
  0
DICTIONARY
  5
10
330
A
100
AcDbDictionary
281
1
  3
Standard
350
22
  0
DICTIONARY
  5
11
330
A
100
AcDbDictionary
281
1
  0
ACDBDICTIONARYWDFLT
  5
12
330
A
100
AcDbDictionary
281
1
  3
Normal
350
13
100
AcDbDictionaryWithDefault
340
13
  0
ACDBPLACEHOLDER
  5
13
330
12
  0
DICTIONARY
  5
14
330
A
100
AcDbDictionary
281
1
  0
DICTIONARY
  5
15
330
A
100
AcDbDictionary
281
1
  0
DICTIONARY
  5
16
330
A
100
AcDbDictionary
281
1
  0
LAYOUT
  5
1A
330
D
100
AcDbPlotSettings
  1

  4
A3
  6

 40
7.5
 41
20.0
 42
7.5
 43
20.0
 44
420.0
 45
297.0
 46
0.0
 47
0.0
 48
0.0
 49
0.0
140
0.0
141
0.0
142
1.0
143
1.0
 70
1024
 72
1
 73
0
 74
5
  7

 75
16
 76
0
 77
2
 78
300
147
1.0
148
0.0
149
0.0
100
AcDbLayout
  1
Model
 70
1
 71
0
 10
0.0
 20
0.0
 11
420.0
 21
297.0
 12
0.0
 22
0.0
 32
0.0
 14
1e+20
 24
1e+20
 34
1e+20
 15
-1e+20
 25
-1e+20
 35
-1e+20
146
0.0
 13
0.0
 23
0.0
 33
0.0
 16
1.0
 26
0.0
 36
0.0
 17
0.0
 27
1.0
 37
0.0
 76
1
330
17
  0
LAYOUT
  5
1E
330
D
100
AcDbPlotSettings
  1

  4
A3
  6

 40
7.5
 41
20.0
 42
7.5
 43
20.0
 44
420.0
 45
297.0
 46
0.0
 47
0.0
 48
0.0
 49
0.0
140
0.0
141
0.0
142
1.0
143
1.0
 70
0
 72
1
 73
0
 74
5
  7

 75
16
 76
0
 77
2
 78
300
147
1.0
148
0.0
149
0.0
100
AcDbLayout
  1
Layout1
 70
1
 71
1
 10
0.0
 20
0.0
 11
420.0
 21
297.0
 12
0.0
 22
0.0
 32
0.0
 14
1e+20
 24
1e+20
 34
1e+20
 15
-1e+20
 25
-1e+20
 35
-1e+20
146
0.0
 13
0.0
 23
0.0
 33
0.0
 16
1.0
 26
0.0
 36
0.0
 17
0.0
 27
1.0
 37
0.0
 76
1
330
1B
  0
MATERIAL
  5
1F
102
{ACAD_REACTORS
330
E
102
}
330
E
100
AcDbMaterial
  1
ByBlock
  2

 70
0
 40
1.0
 71
1
 41
1.0
 91
-1023410177
 42
1.0
 72
1
  3

 73
1
 74
1
 75
1
 44
0.5
 73
0
 45
1.0
 46
1.0
 77
1
  4

 78
1
 79
1
170
1
 48
1.0
171
1
  6

172
1
173
1
174
1
140
1.0
141
1.0
175
1
  7

176
1
177
1
178
1
143
1.0
179
1
  8

270
1
271
1
272
1
145
1.0
146
1.0
273
1
  9

274
1
275
1
276
1
 42
1.0
 72
1
  3

 73
1
 74
1
 75
1
 94
63
  0
MATERIAL
  5
20
102
{ACAD_REACTORS
330
E
102
}
330
E
100
AcDbMaterial
  1
ByLayer
  2

 70
0
 40
1.0
 71
1
 41
1.0
 91
-1023410177
 42
1.0
 72
1
  3

 73
1
 74
1
 75
1
 44
0.5
 73
0
 45
1.0
 46
1.0
 77
1
  4

 78
1
 79
1
170
1
 48
1.0
171
1
  6

172
1
173
1
174
1
140
1.0
141
1.0
175
1
  7

176
1
177
1
178
1
143
1.0
179
1
  8

270
1
271
1
272
1
145
1.0
146
1.0
273
1
  9

274
1
275
1
276
1
 42
1.0
 72
1
  3

 73
1
 74
1
 75
1
 94
63
  0
MATERIAL
  5
21
102
{ACAD_REACTORS
330
E
102
}
330
E
100
AcDbMaterial
  1
Global
  2

 70
0
 40
1.0
 71
1
 41
1.0
 91
-1023410177
 42
1.0
 72
1
  3

 73
1
 74
1
 75
1
 44
0.5
 73
0
 45
1.0
 46
1.0
 77
1
  4

 78
1
 79
1
170
1
 48
1.0
171
1
  6

172
1
173
1
174
1
140
1.0
141
1.0
175
1
  7

176
1
177
1
178
1
143
1.0
179
1
  8

270
1
271
1
272
1
145
1.0
146
1.0
273
1
  9

274
1
275
1
276
1
 42
1.0
 72
1
  3

 73
1
 74
1
 75
1
 94
63
  0
MLINESTYLE
  5
22
102
{ACAD_REACTORS
330
10
102
}
330
10
100
AcDbMlineStyle
  2
Standard
 70
0
  3

 62
256
 51
90.0
 52
90.0
 71
2
 49
0.5
 62
256
  6
BYLAYER
 49
-0.5
 62
256
  6
BYLAYER
  0
MLEADERSTYLE
  5
2C
102
{ACAD_REACTORS
330
F
102
}
330
F
100
AcDbMLeaderStyle
179
2
170
2
171
1
172
0
 90
2
 40
0.0
 41
0.0
173
1
 91
-1056964608
 92
-2
290
1
 42
2.0
291
1
 43
8.0
  3
Standard
 44
4.0
300

342
29
174
1
175
1
176
0
178
1
 93
-1056964608
 45
4.0
292
0
297
0
 46
4.0
 94
-1056964608
 47
1.0
 49
1.0
140
1.0
294
1
141
0.0
177
0
142
1.0
295
0
296
0
143
3.75
271
0
272
9
273
9
  0
DICTIONARY
  5
2D
330
A
100
AcDbDictionary
280
1
281
1
  3
CREATED_BY_EZDXF
350
2E
  3
WRITTEN_BY_EZDXF
350
27A
  0
DICTIONARYVAR
  5
2E
330
2D
100
DictionaryVariables
280
0
  1
1.4.4 @ 2026-09-10T15:48:15.128071+00:00
  0
DICTIONARYVAR
  5
27A
330
2D
100
DictionaryVariables
280
0
  1
1.4.4 @ 2026-09-10T15:48:15.175600+00:00
  0
ENDSEC
  0
EOF
