  0
SECTION
  2
HEADER
  9
$ACADVER
  1
AC1024
  9
$ACADMAINTVER
 70
6
  9
$DWGCODEPAGE
  3
ANSI_1252
  9
$LASTSAVEDBY
  1
ezdxf
  9
$INSBASE
 10
0.0
 20
0.0
 30
0.0
  9
$EXTMIN
 10
1e+20
 20
1e+20
 30
1e+20
  9
$EXTMAX
 10
-1e+20
 20
-1e+20
 30
-1e+20
  9
$LIMMIN
 10
0.0
 20
0.0
  9
$LIMMAX
 10
420.0
 20
297.0
  9
$ORTHOMODE
 70
0
  9
$REGENMODE
 70
1
  9
$FILLMODE
 70
1
  9
$QTEXTMODE
 70
0
  9
$MIRRTEXT
 70
1
  9
$LTSCALE
 40
1.0
  9
$ATTMODE
 70
1
  9
$TEXTSIZE
 40
2.5
  9
$TRACEWID
 40
1.0
  9
$TEXTSTYLE
  7
Standard
  9
$CLAYER
  8
0
  9
$CELTYPE
  6
ByLayer
  9
$CECOLOR
 62
256
  9
$CELTSCALE
 40
1.0
  9
$DISPSILH
 70
0
  9
$DIMSCALE
 40
1.0
  9
$DIMASZ
 40
2.5
  9
$DIMEXO
 40
0.625
  9
$DIMDLI
 40
3.75
  9
$DIMRND
 40
0.0
  9
$DIMDLE
 40
0.0
  9
$DIMEXE
 40
1.25
  9
$DIMTP
 40
0.0
  9
$DIMTM
 40
0.0
  9
$DIMTXT
 40
2.5
  9
$DIMCEN
 40
2.5
  9
$DIMTSZ
 40
0.0
  9
$DIMTOL
 70
0
  9
$DIMLIM
 70
0
  9
$DIMTIH
 70
0
  9
$DIMTOH
 70
0
  9
$DIMSE1
 70
0
  9
$DIMSE2
 70
0
  9
$DIMTAD
 70
1
  9
$DIMZIN
 70
8
  9
$DIMBLK
  1

  9
$DIMASO
 70
1
  9
$DIMSHO
 70
1
  9
$DIMPOST
  1

  9
$DIMAPOST
  1

  9
$DIMALT
 70
0
  9
$DIMALTD
 70
3
  9
$DIMALTF
 40
0.03937007874
  9
$DIMLFAC
 40
1.0
  9
$DIMTOFL
 70
1
  9
$DIMTVP
 40
0.0
  9
$DIMTIX
 70
0
  9
$DIMSOXD
 70
0
  9
$DIMSAH
 70
0
  9
$DIMBLK1
  1

  9
$DIMBLK2
  1

  9
$DIMSTYLE
  2
ISO-25
  9
$DIMCLRD
 70
0
  9
$DIMCLRE
 70
0
  9
$DIMCLRT
 70
0
  9
$DIMTFAC
 40
1.0
  9
$DIMGAP
 40
0.625
  9
$DIMJUST
 70
0
  9
$DIMSD1
 70
0
  9
$DIMSD2
 70
0
  9
$DIMTOLJ
 70
0
  9
$DIMTZIN
 70
8
  9
$DIMALTZ
 70
0
  9
$DIMALTTZ
 70
0
  9
$DIMUPT
 70
0
  9
$DIMDEC
 70
2
  9
$DIMTDEC
 70
2
  9
$DIMALTU
 70
2
  9
$DIMALTTD
 70
3
  9
$DIMTXSTY
  7
Standard
  9
$DIMAUNIT
 70
0
  9
$DIMADEC
 70
0
  9
$DIMALTRND
 40
0.0
  9
$DIMAZIN
 70
0
  9
$DIMDSEP
 70
44
  9
$DIMATFIT
 70
3
  9
$DIMFRAC
 70
0
  9
$DIMLDRBLK
  1

  9
$DIMLUNIT
 70
2
  9
$DIMLWD
 70
-2
  9
$DIMLWE
 70
-2
  9
$DIMTMOVE
 70
0
  9
$DIMFXL
 40
1.0
  9
$DIMFXLON
 70
0
  9
$DIMJOGANG
 40
0.785398163397
  9
$DIMTFILL
 70
0
  9
$DIMTFILLCLR
 70
0
  9
$DIMARCSYM
 70
0
  9
$DIMLTYPE
  6

  9
$DIMLTEX1
  6

  9
$DIMLTEX2
  6

  9
$DIMTXTDIRECTION
 70
0
  9
$LUNITS
 70
2
  9
$LUPREC
 70
4
  9
$SKETCHINC
 40
1.0
  9
$FILLETRAD
 40
10.0
  9
$AUNITS
 70
0
  9
$AUPREC
 70
2
  9
$MENU
  1
.
  9
$ELEVATION
 40
0.0
  9
$PELEVATION
 40
0.0
  9
$THICKNESS
 40
0.0
  9
$LIMCHECK
 70
0
  9
$CHAMFERA
 40
0.0
  9
$CHAMFERB
 40
0.0
  9
$CHAMFERC
 40
0.0
  9
$CHAMFERD
 40
0.0
  9
$SKPOLY
 70
0
  9
$TDCREATE
 40
2461295.0335185183
  9
$TDUCREATE
 40
2458532.153996898
  9
$TDUPDATE
 40
2461295.0335185183
  9
$TDUUPDATE
 40
2458532.1544311
  9
$TDINDWG
 40
0.0
  9
$TDUSRTIMER
 40
0.0
  9
$USRTIMER
 70
1
  9
$ANGBASE
 50
0.0
  9
$ANGDIR
 70
0
  9
$PDMODE
 70
0
  9
$PDSIZE
 40
0.0
  9
$PLINEWID
 40
0.0
  9
$SPLFRAME
 70
0
  9
$SPLINETYPE
 70
6
  9
$SPLINESEGS
 70
8
  9
$HANDSEED
  5
202
  9
$SURFTAB1
 70
6
  9
$SURFTAB2
 70
6
  9
$SURFTYPE
 70
6
  9
$SURFU
 70
6
  9
$SURFV
 70
6
  9
$UCSBASE
  2

  9
$UCSNAME
  2

  9
$UCSORG
 10
0.0
 20
0.0
 30
0.0
  9
$UCSXDIR
 10
1.0
 20
0.0
 30
0.0
  9
$UCSYDIR
 10
0.0
 20
1.0
 30
0.0
  9
$UCSORTHOREF
  2

  9
$UCSORTHOVIEW
 70
0
  9
$UCSORGTOP
 10
0.0
 20
0.0
 30
0.0
  9
$UCSORGBOTTOM
 10
0.0
 20
0.0
 30
0.0
  9
$UCSORGLEFT
 10
0.0
 20
0.0
 30
0.0
  9
$UCSORGRIGHT
 10
0.0
 20
0.0
 30
0.0
  9
$UCSORGFRONT
 10
0.0
 20
0.0
 30
0.0
  9
$UCSORGBACK
 10
0.0
 20
0.0
 30
0.0
  9
$PUCSBASE
  2

  9
$PUCSNAME
  2

  9
$PUCSORG
 10
0.0
 20
0.0
 30
0.0
  9
$PUCSXDIR
 10
1.0
 20
0.0
 30
0.0
  9
$PUCSYDIR
 10
0.0
 20
1.0
 30
0.0
  9
$PUCSORTHOREF
  2

  9
$PUCSORTHOVIEW
 70
0
  9
$PUCSORGTOP
 10
0.0
 20
0.0
 30
0.0
  9
$PUCSORGBOTTOM
 10
0.0
 20
0.0
 30
0.0
  9
$PUCSORGLEFT
 10
0.0
 20
0.0
 30
0.0
  9
$PUCSORGRIGHT
 10
0.0
 20
0.0
 30
0.0
  9
$PUCSORGFRONT
 10
0.0
 20
0.0
 30
0.0
  9
$PUCSORGBACK
 10
0.0
 20
0.0
 30
0.0
  9
$USERI1
 70
0
  9
$USERI2
 70
0
  9
$USERI3
 70
0
  9
$USERI4
 70
0
  9
$USERI5
 70
0
  9
$USERR1
 40
0.0
  9
$USERR2
 40
0.0
  9
$USERR3
 40
0.0
  9
$USERR4
 40
0.0
  9
$USERR5
 40
0.0
  9
$WORLDVIEW
 70
1
  9
$SHADEDGE
 70
3
  9
$SHADEDIF
 70
70
  9
$TILEMODE
 70
1
  9
$MAXACTVP
 70
64
  9
$PINSBASE
 10
0.0
 20
0.0
 30
0.0
  9
$PLIMCHECK
 70
0
  9
$PEXTMIN
 10
1e+20
 20
1e+20
 30
1e+20
  9
$PEXTMAX
 10
-1e+20
 20
-1e+20
 30
-1e+20
  9
$PLIMMIN
 10
0.0
 20
0.0
  9
$PLIMMAX
 10
420.0
 20
297.0
  9
$UNITMODE
 70
0
  9
$VISRETAIN
 70
1
  9
$PLINEGEN
 70
0
  9
$PSLTSCALE
 70
1
  9
$TREEDEPTH
 70
3020
  9
$CMLSTYLE
  2
Standard
  9
$CMLJUST
 70
0
  9
$CMLSCALE
 40
20.0
  9
$PROXYGRAPHICS
 70
1
  9
$MEASUREMENT
 70
1
  9
$CELWEIGHT
370
-1
  9
$ENDCAPS
280
0
  9
$JOINSTYLE
280
0
  9
$LWDISPLAY
290
0
  9
$INSUNITS
 70
4
  9
$HYPERLINKBASE
  1

  9
$STYLESHEET
  1

  9
$XEDIT
290
1
  9
$CEPSNTYPE
380
0
  9
$PSTYLEMODE
290
1
  9
$FINGERPRINTGUID
  2
{7A70B838-1F02-4D91-BE99-8F61EDE6164B}
  9
$VERSIONGUID
  2
{AE12C323-F369-4361-8125-6AA4B1E78A6F}
  9
$EXTNAMES
290
1
  9
$PSVPSCALE
 40
0.0
  9
$OLESTARTUP
290
0
  9
$SORTENTS
280
127
  9
$INDEXCTL
280
0
  9
$HIDETEXT
280
1
  9
$XCLIPFRAME
280
1
  9
$HALOGAP
280
0
  9
$OBSCOLOR
 70
257
  9
$OBSLTYPE
280
0
  9
$INTERSECTIONDISPLAY
280
0
  9
$INTERSECTIONCOLOR
 70
257
  9
$DIMASSOC
280
2
  9
$PROJECTNAME
  1

  9
$CAMERADISPLAY
290
0
  9
$LENSLENGTH
 40
50.0
  9
$CAMERAHEIGHT
 40
0.0
  9
$STEPSPERSEC
 40
24.0
  9
$STEPSIZE
 40
100.0
  9
$3DDWFPREC
 40
2.0
  9
$PSOLWIDTH
 40
0.005
  9
$PSOLHEIGHT
 40
0.08
  9
$LOFTANG1
 40
1.570796326795
  9
$LOFTANG2
 40
1.570796326795
  9
$LOFTMAG1
 40
0.0
  9
$LOFTMAG2
 40
0.0
  9
$LOFTPARAM
 70
7
  9
$LOFTNORMALS
280
1
  9
$LATITUDE
 40
37.795
  9
$LONGITUDE
 40
-122.394
  9
$NORTHDIRECTION
 40
0.0
  9
$TIMEZONE
 70
-8000
  9
$LIGHTGLYPHDISPLAY
280
1
  9
$TILEMODELIGHTSYNCH
280
1
  9
$CMATERIAL
347
20
  9
$SOLIDHIST
280
0
  9
$SHOWHIST
280
1
  9
$DWFFRAME
280
2
  9
$DGNFRAME
280
2
  9
$REALWORLDSCALE
290
1
  9
$INTERFERECOLOR
 62
256
  9
$CSHADOW
280
0
  9
$SHADOWPLANELOCATION
 40
0.0
  0
ENDSEC
  0
SECTION
  2
CLASSES
  0
CLASS
  1
ACDBDICTIONARYWDFLT
  2
AcDbDictionaryWithDefault
  3
ObjectDBX Classes
 90
0
 91
0
280
0
281
0
  0
CLASS
  1
SUN
  2
AcDbSun
  3
SCENEOE
 90
1153
 91
0
280
0
281
0
  0
CLASS
  1
VISUALSTYLE
  2
AcDbVisualStyle
  3
ObjectDBX Classes
 90
4095
 91
0
280
0
281
0
  0
CLASS
  1
MATERIAL
  2
AcDbMaterial
  3
ObjectDBX Classes
 90
1153
 91
0
280
0
281
0
  0
CLASS
  1
SCALE
  2
AcDbScale
  3
ObjectDBX Classes
 90
1153
 91
0
280
0
281
0
  0
CLASS
  1
TABLESTYLE
  2
AcDbTableStyle
  3
ObjectDBX Classes
 90
4095
 91
0
280
0
281
0
  0
CLASS
  1
MLEADERSTYLE
  2
AcDbMLeaderStyle
  3
ACDB_MLEADERSTYLE_CLASS
 90
4095
 91
0
280
0
281
0
  0
CLASS
  1
DICTIONARYVAR
  2
AcDbDictionaryVar
  3
ObjectDBX Classes
 90
0
 91
0
280
0
281
0
  0
CLASS
  1
CELLSTYLEMAP
  2
AcDbCellStyleMap
  3
ObjectDBX Classes
 90
1152
 91
0
280
0
281
0
  0
CLASS
  1
MENTALRAYRENDERSETTINGS
  2
AcDbMentalRayRenderSettings
  3
SCENEOE
 90
1024
 91
0
280
0
281
0
  0
CLASS
  1
ACDBDETAILVIEWSTYLE
  2
AcDbDetailViewStyle
  3
ObjectDBX Classes
 90
1025
 91
0
280
0
281
0
  0
CLASS
  1
ACDBSECTIONVIEWSTYLE
  2
AcDbSectionViewStyle
  3
ObjectDBX Classes
 90
1025
 91
0
280
0
281
0
  0
CLASS
  1
RASTERVARIABLES
  2
AcDbRasterVariables
  3
ISM
 90
0
 91
0
280
0
281
0
  0
CLASS
  1
ACDBPLACEHOLDER
  2
AcDbPlaceHolder
  3
ObjectDBX Classes
 90
0
 91
0
280
0
281
0
  0
CLASS
  1
LAYOUT
  2
AcDbLayout
  3
ObjectDBX Classes
 90
0
 91
0
280
0
281
0
  0
ENDSEC
  0
SECTION
  2
TABLES
  0
TABLE
  2
VPORT
  5
8
330
0
100
AcDbSymbolTable
 70
1
  0
VPORT
  5
1FE
330
8
100
AcDbSymbolTableRecord
100
AcDbViewportTableRecord
  2
*Active
 70
0
 10
0.0
 20
0.0
 11
1.0
 21
1.0
 12
26000.0
 22
17000.0
 13
0.0
 23
0.0
 14
0.5
 24
0.5
 15
0.5
 25
0.5
 16
0.0
 26
0.0
 36
1.0
 17
0.0
 27
0.0
 37
0.0
 40
50000.0
 41
1.34
 42
50.0
 43
0.0
 44
0.0
 50
0.0
 51
0.0
 71
0
 72
1000
 73
1
 74
3
 75
0
 76
0
 77
0
 78
0
281
0
 65
1
110
0.0
120
0.0
130
0.0
111
1.0
121
0.0
131
0.0
112
0.0
122
1.0
132
0.0
 79
0
146
0.0
  0
ENDTAB
  0
TABLE
  2
LTYPE
  5
2
330
0
100
AcDbSymbolTable
 70
3
  0
LTYPE
  5
24
330
2
100
AcDbSymbolTableRecord
100
AcDbLinetypeTableRecord
  2
ByBlock
 70
0
  3

 72
65
 73
0
 40
0.0
  0
LTYPE
  5
25
330
2
100
AcDbSymbolTableRecord
100
AcDbLinetypeTableRecord
  2
ByLayer
 70
0
  3

 72
65
 73
0
 40
0.0
  0
LTYPE
  5
26
330
2
100
AcDbSymbolTableRecord
100
AcDbLinetypeTableRecord
  2
Continuous
 70
0
  3

 72
65
 73
0
 40
0.0
  0
ENDTAB
  0
TABLE
  2
LAYER
  5
1
330
0
100
AcDbSymbolTable
 70
5
  0
LAYER
  5
27
330
1
100
AcDbSymbolTableRecord
100
AcDbLayerTableRecord
  2
0
 70
0
 62
7
  6
Continuous
370
-3
390
13
347
21
  0
LAYER
  5
28
330
1
100
AcDbSymbolTableRecord
100
AcDbLayerTableRecord
  2
Defpoints
 70
0
 62
7
  6
Continuous
290
0
370
-3
390
13
347
21
  0
LAYER
  5
31
330
1
100
AcDbSymbolTableRecord
100
AcDbLayerTableRecord
  2
RASTER_CONTOURS
 70
0
 62
7
420
5264735
  6
Continuous
370
18
390
13
347
21
  0
LAYER
  5
1F5
330
1
100
AcDbSymbolTableRecord
100
AcDbLayerTableRecord
  2
EDITABLE_ROOM_LABELS
 70
0
 62
7
420
5264735
  6
Continuous
370
18
390
13
347
21
  0
LAYER
  5
1FC
330
1
100
AcDbSymbolTableRecord
100
AcDbLayerTableRecord
  2
ANNOTATION
 70
0
 62
7
420
5264735
  6
Continuous
370
18
390
13
347
21
  0
ENDTAB
  0
TABLE
  2
STYLE
  5
5
330
0
100
AcDbSymbolTable
 70
2
  0
STYLE
  5
29
330
5
100
AcDbSymbolTableRecord
100
AcDbTextStyleTableRecord
  2
Standard
 70
0
 40
0.0
 41
1.0
 50
0.0
 71
0
 42
2.5
  3
txt
  4

  0
STYLE
  5
2F
330
5
100
AcDbSymbolTableRecord
100
AcDbTextStyleTableRecord
  2
JAPANESE
 70
0
 40
0.0
 41
1.0
 50
0.0
 71
0
 42
2.5
  3
msgothic.ttc
  4

  0
ENDTAB
  0
TABLE
  2
VIEW
  5
7
330
0
100
AcDbSymbolTable
 70
0
  0
ENDTAB
  0
TABLE
  2
UCS
  5
6
330
0
100
AcDbSymbolTable
 70
0
  0
ENDTAB
  0
TABLE
  2
APPID
  5
3
330
0
100
AcDbSymbolTable
 70
4
  0
APPID
  5
2A
330
3
100
AcDbSymbolTableRecord
100
AcDbRegAppTableRecord
  2
ACAD
 70
0
  0
APPID
  5
30
330
3
100
AcDbSymbolTableRecord
100
AcDbRegAppTableRecord
  2
SHOCHIKUZA
 70
0
  0
APPID
  5
1FF
330
3
100
AcDbSymbolTableRecord
100
AcDbRegAppTableRecord
  2
HATCHBACKGROUNDCOLOR
 70
0
  0
APPID
  5
200
330
3
100
AcDbSymbolTableRecord
100
AcDbRegAppTableRecord
  2
EZDXF
 70
0
  0
ENDTAB
  0
TABLE
  2
DIMSTYLE
  5
4
330
0
100
AcDbSymbolTable
 70
1
100
AcDbDimStyleTable
  0
DIMSTYLE
105
2B
330
4
100
AcDbSymbolTableRecord
100
AcDbDimStyleTableRecord
  2
Standard
 70
0
 40
1.0
 41
2.5
 42
0.625
 43
3.75
 44
1.25
 45
0.0
 46
0.0
 47
0.0
 48
0.0
 49
2.5
140
2.5
141
2.5
142
0.0
143
0.03937007874
144
1.0
145
0.0
146
1.0
147
0.625
148
0.0
 69
0
 70
0
 71
0
 72
0
 73
0
 74
0
 75
0
 76
0
 77
1
 78
8
 79
3
170
0
171
3
172
1
173
0
174
0
175
0
176
0
177
0
178
0
179
2
271
2
272
2
273
2
274
3
275
0
276
0
277
2
278
44
279
0
280
0
281
0
282
0
283
0
284
8
285
0
286
0
288
0
289
3
290
0
371
-2
372
-2
  0
ENDTAB
  0
TABLE
  2
BLOCK_RECORD
  5
9
330
0
100
AcDbSymbolTable
 70
2
  0
BLOCK_RECORD
  5
17
330
9
100
AcDbSymbolTableRecord
100
AcDbBlockTableRecord
  2
*Model_Space
340
1A
 70
0
280
1
281
0
  0
BLOCK_RECORD
  5
1B
330
9
100
AcDbSymbolTableRecord
100
AcDbBlockTableRecord
  2
*Paper_Space
340
1E
 70
0
280
1
281
0
  0
ENDTAB
  0
ENDSEC
  0
SECTION
  2
BLOCKS
  0
BLOCK
  5
18
330
17
100
AcDbEntity
  8
0
100
AcDbBlockBegin
  2
*Model_Space
 70
0
 10
0.0
 20
0.0
 30
0.0
  3
*Model_Space
  1

  0
ENDBLK
  5
19
330
17
100
AcDbEntity
  8
0
100
AcDbBlockEnd
  0
BLOCK
  5
1C
330
1B
100
AcDbEntity
  8
0
100
AcDbBlockBegin
  2
*Paper_Space
 70
0
 10
0.0
 20
0.0
 30
0.0
  3
*Paper_Space
  1

  0
ENDBLK
  5
1D
330
1B
100
AcDbEntity
  8
0
100
AcDbBlockEnd
  0
ENDSEC
  0
SECTION
  2
ENTITIES
  0
LWPOLYLINE
  5
32
330
17
100
AcDbEntity
  8
RASTER_CONTOURS
100
AcDbPolyline
 90
7
 70
1
 10
5384.9904744624855
 20
-1320.5738966022207
 10
5426.154404427105
 20
-1278.4214136096539
 10
5796.629774108679
 20
-1278.4214136096539
 10
5837.7937040732995
 20
-1362.7263795947872
 10
5590.810124285583
 20
-1447.0313455799208
 10
5549.646194320963
 20
-1404.878862587354
 10
5426.154404427105
 20
-1404.878862587354
  0
LWPOLYLINE
  5
33
330
17
100
AcDbEntity
  8
RASTER_CONTOURS
100
AcDbPolyline
 90
6
 70
1
 10
8101.809852127367
 20
-1320.5738966022207
 10
8184.137712056608
 20
-1236.268930617087
 10
8389.957361879704
 20
-1236.268930617087
 10
8431.121291844323
 20
-1278.4214136096539
 10
8389.957361879704
 20
-1404.878862587354
 10
8184.137712056608
 20
-1404.878862587354
  0
LWPOLYLINE
  5
34
330
17
100
AcDbEntity
  8
RASTER_CONTOURS
100
AcDbPolyline
 90
6
 70
1
 10
5426.154404427105
 20
-1109.811481639387
 10
5467.3183343917235
 20
-1067.6589986468202
 10
5796.629774108679
 20
-1067.6589986468202
 10
5837.7937040732995
 20
-1151.9639646319538
 10
5796.629774108679
 20
-1194.1164476245203
 10
5467.3183343917235
 20
-1194.1164476245203
  0
LWPOLYLINE
  5
35
330
17
100
AcDbEntity
  8
RASTER_CONTOURS
100
AcDbPolyline
 90
6
 70
1
 10
8142.973782091986
 20
-1109.811481639387
 10
8184.137712056608
 20
-983.3540326616868
 10
8389.957361879704
 20
-983.3540326616868
 10
8431.121291844323
 20
-1025.5065156542535
 10
8348.793431915085
 20
-1151.9639646319538
 10
8184.137712056608
 20
-1151.9639646319538
  0
LWPOLYLINE
  5
36
330
17
100
AcDbEntity
  8
RASTER_CONTOURS
100
AcDbPolyline
 90
16
 70
1
 10
5302.6626145332475
 20
-983.3540326616868
 10
5261.498684568627
 20
-1067.6589986468202
 10
5302.6626145332475
 20
-1109.811481639387
 10
5302.6626145332475
 20
-1573.4887945576208
 10
5426.154404427105
 20
-1489.1838285724875
 10
5796.629774108679
 20
-1489.1838285724875
 10
5837.7937040732995
 20
-1531.336311565054
 10
5961.285493967158
 20
-1489.1838285724875
 10
5961.285493967158
 20
-1194.1164476245203
 10
5920.1215640025375
 20
-1151.9639646319538
 10
5961.285493967158
 20
-1067.6589986468202
 10
5920.1215640025375
 20
-983.3540326616868
 10
5714.301914179441
 20
-983.3540326616868
 10
5631.974054250203
 20
-899.0490666765487
 10
5549.646194320963
 20
-899.0490666765487
 10
5426.154404427105
 20
-983.3540326616868
  0
LWPOLYLINE
  5
37
330
17
100
AcDbEntity
  8
RASTER_CONTOURS
100
AcDbPolyline
 90
6
 70
1
 10
4932.1872448516715
 20
-814.7441006914153
 10
5055.67903474553
 20
-983.3540326616868
 10
4973.351174816292
 20
-1109.811481639387
 10
4891.023314887053
 20
-1067.6589986468202
 10
4891.023314887053
 20
-941.2015496691201
 10
4849.8593849224335
 20
-899.0490666765487
  0
LWPOLYLINE
  5
38
330
17
100
AcDbEntity
  8
RASTER_CONTOURS
100
AcDbPolyline
 90
10
 70
1
 10
8595.777011702801
 20
-730.4391347062818
 10
8719.26880159666
 20
-730.4391347062818
 10
8801.596661525897
 20
-856.8965836839819
 10
8801.596661525897
 20
-1320.5738966022207
 10
8719.26880159666
 20
-1404.878862587354
 10
8595.777011702801
 20
-1404.878862587354
 10
8554.613081738182
 20
-1362.7263795947872
 10
8554.613081738182
 20
-1194.1164476245203
 10
8513.44915177356
 20
-1151.9639646319538
 10
8513.44915177356
 20
-983.3540326616868
  0
LWPOLYLINE
  5
39
330
17
100
AcDbEntity
  8
RASTER_CONTOURS
100
AcDbPolyline
 90
6
 70
1
 10
8101.809852127367
 20
-814.7441006914153
 10
8184.137712056608
 20
-730.4391347062818
 10
8389.957361879704
 20
-730.4391347062818
 10
8431.121291844323
 20
-772.5916176988485
 10
8389.957361879704
 20
-899.0490666765487
 10
8184.137712056608
 20
-899.0490666765487
  0
LWPOLYLINE
  5
3A
330
17
100
AcDbEntity
  8
RASTER_CONTOURS
100
AcDbPolyline
 90
8
 70
1
 10
7895.9902023042705
 20
-730.4391347062818
 10
7937.154132268891
 20
-730.4391347062818
 10
8060.645922162748
 20
-899.0490666765487
 10
8019.481992198129
 20
-941.2015496691201
 10
8019.481992198129
 20
-1320.5738966022207
 10
7937.154132268891
 20
-1404.878862587354
 10
7813.6623423750325
 20
-1320.5738966022207
 10
7813.6623423750325
 20
-814.7441006914153
  0
LWPOLYLINE
  5
3B
330
17
100
AcDbEntity
  8
RASTER_CONTOURS
100
AcDbPolyline
 90
5
 70
1
 10
3985.416855665426
 20
-730.4391347062818
 10
4067.744715594664
 20
-1025.5065156542535
 10
3985.416855665426
 20
-1151.9639646319538
 10
3861.925065771567
 20
-1151.9639646319538
 10
3820.7611358069466
 20
-1025.5065156542535
  0
LWPOLYLINE
  5
3C
330
17
100
AcDbEntity
  8
RASTER_CONTOURS
100
AcDbPolyline
 90
5
 70
1
 10
6414.088723577971
 20
-603.9816857285816
 10
6414.088723577971
 20
-688.2866517137151
 10
6537.580513471829
 20
-856.8965836839819
 10
6578.744443436449
 20
-730.4391347062818
 10
6496.416583507211
 20
-603.9816857285816
  0
LWPOLYLINE
  5
3D
330
17
100
AcDbEntity
  8
RASTER_CONTOURS
100
AcDbPolyline
 90
13
 70
1
 10
4026.580785630045
 20
-435.3717537583148
 10
3944.2529257008055
 20
-519.6767197434482
 10
3861.925065771567
 20
-772.5916176988485
 10
3738.4332758777086
 20
-941.2015496691201
 10
3697.2693459130896
 20
-1236.268930617087
 10
3779.5972058423276
 20
-1278.4214136096539
 10
3985.416855665426
 20
-1278.4214136096539
 10
4067.744715594664
 20
-1447.0313455799208
 10
4108.908645559283
 20
-1447.0313455799208
 10
4232.400435453142
 20
-1194.1164476245203
 10
4150.072575523902
 20
-1109.811481639387
 10
4150.072575523902
 20
-519.6767197434482
 10
4108.908645559283
 20
-435.3717537583148
  0
LWPOLYLINE
  5
3E
330
17
100
AcDbEntity
  8
RASTER_CONTOURS
100
AcDbPolyline
 90
25
 70
1
 10
7690.170552481173
 20
-351.0667877731814
 10
7690.170552481173
 20
-435.3717537583148
 10
8225.301642021224
 20
-435.3717537583148
 10
8266.465571985846
 20
-477.5242367508815
 10
8266.465571985846
 20
-561.829202736015
 10
8184.137712056608
 20
-646.1341687211484
 10
7772.498412410412
 20
-646.1341687211484
 10
7731.334482445793
 20
-688.2866517137151
 10
7731.334482445793
 20
-1573.4887945576208
 10
7895.9902023042705
 20
-1489.1838285724875
 10
8719.26880159666
 20
-1489.1838285724875
 10
8760.432731561277
 20
-1531.336311565054
 10
8883.924521455136
 20
-1531.336311565054
 10
8883.924521455136
 20
-1404.878862587354
 10
8842.760591490518
 20
-1362.7263795947872
 10
8883.924521455136
 20
-1320.5738966022207
 10
8842.760591490518
 20
-1194.1164476245203
 10
8842.760591490518
 20
-814.7441006914153
 10
8883.924521455136
 20
-730.4391347062818
 10
8801.596661525897
 20
-646.1341687211484
 10
8389.957361879704
 20
-646.1341687211484
 10
8348.793431915085
 20
-603.9816857285816
 10
8472.285221808945
 20
-435.3717537583148
 10
8925.088451419757
 20
-435.3717537583148
 10
8883.924521455136
 20
-351.0667877731814
  0
LWPOLYLINE
  5
3F
330
17
100
AcDbEntity
  8
RASTER_CONTOURS
100
AcDbPolyline
 90
35
 70
1
 10
6290.5969336841135
 20
-351.0667877731814
 10
6331.760863648733
 20
-435.3717537583148
 10
6743.400163294927
 20
-435.3717537583148
 10
6825.728023224166
 20
-519.6767197434482
 10
6825.728023224166
 20
-856.8965836839819
 10
6743.400163294927
 20
-941.2015496691201
 10
6249.433003719493
 20
-941.2015496691201
 10
6208.269073754875
 20
-1025.5065156542535
 10
6290.5969336841135
 20
-1067.6589986468202
 10
6743.400163294927
 20
-1067.6589986468202
 10
6825.728023224166
 20
-1194.1164476245203
 10
6825.728023224166
 20
-1573.4887945576208
 10
6866.891953188785
 20
-1573.4887945576208
 10
6908.0558831534045
 20
-1489.1838285724875
 10
6866.891953188785
 20
-1447.0313455799208
 10
6866.891953188785
 20
-1320.5738966022207
 10
6908.0558831534045
 20
-1278.4214136096539
 10
6866.891953188785
 20
-1236.268930617087
 10
6949.219813118025
 20
-1067.6589986468202
 10
7443.1869726934565
 20
-1067.6589986468202
 10
7484.350902658077
 20
-1025.5065156542535
 10
7443.1869726934565
 20
-941.2015496691201
 10
7278.53125283498
 20
-941.2015496691201
 10
7237.367322870359
 20
-983.3540326616868
 10
7155.039462941121
 20
-899.0490666765487
 10
7319.695182799599
 20
-646.1341687211484
 10
7278.53125283498
 20
-561.829202736015
 10
7196.203392905741
 20
-603.9816857285816
 10
7072.711603011882
 20
-941.2015496691201
 10
6949.219813118025
 20
-941.2015496691201
 10
6908.0558831534045
 20
-899.0490666765487
 10
6908.0558831534045
 20
-477.5242367508815
 10
6949.219813118025
 20
-435.3717537583148
 10
7360.8591127642185
 20
-435.3717537583148
 10
7319.695182799599
 20
-351.0667877731814
  0
LWPOLYLINE
  5
40
330
17
100
AcDbEntity
  8
RASTER_CONTOURS
100
AcDbPolyline
 90
12
 70
1
 10
5673.137984214822
 20
-351.0667877731814
 10
5673.137984214822
 20
-772.5916176988485
 10
5714.301914179441
 20
-814.7441006914153
 10
5961.285493967158
 20
-814.7441006914153
 10
6043.613353896397
 20
-730.4391347062818
 10
6002.449423931777
 20
-688.2866517137151
 10
5796.629774108679
 20
-730.4391347062818
 10
5714.301914179441
 20
-646.1341687211484
 10
5755.465844144061
 20
-561.829202736015
 10
5961.285493967158
 20
-477.5242367508815
 10
5920.1215640025375
 20
-393.2192707657481
 10
5796.629774108679
 20
-435.3717537583148
  0
LWPOLYLINE
  5
41
330
17
100
AcDbEntity
  8
RASTER_CONTOURS
100
AcDbPolyline
 90
13
 70
1
 10
5343.826544497867
 20
-308.91430478061466
 10
5302.6626145332475
 20
-351.0667877731814
 10
5302.6626145332475
 20
-688.2866517137151
 10
5220.334754604008
 20
-730.4391347062818
 10
5220.334754604008
 20
-814.7441006914153
 10
5549.646194320963
 20
-772.5916176988485
 10
5508.482264356344
 20
-688.2866517137151
 10
5384.9904744624855
 20
-646.1341687211484
 10
5384.9904744624855
 20
-603.9816857285816
 10
5467.3183343917235
 20
-519.6767197434482
 10
5549.646194320963
 20
-519.6767197434482
 10
5549.646194320963
 20
-477.5242367508815
 10
5426.154404427105
 20
-435.3717537583148
  0
LWPOLYLINE
  5
42
330
17
100
AcDbEntity
  8
RASTER_CONTOURS
100
AcDbPolyline
 90
11
 70
1
 10
5138.006894674769
 20
-308.91430478061466
 10
4849.8593849224335
 20
-308.91430478061466
 10
4808.695454957813
 20
-351.0667877731814
 10
4808.695454957813
 20
-1531.336311565054
 10
4891.023314887053
 20
-1489.1838285724875
 10
4849.8593849224335
 20
-1320.5738966022207
 10
4973.351174816292
 20
-1194.1164476245203
 10
5096.842964710149
 20
-1151.9639646319538
 10
5138.006894674769
 20
-941.2015496691201
 10
5014.515104780911
 20
-646.1341687211484
 10
5096.842964710149
 20
-561.829202736015
  0
LWPOLYLINE
  5
43
330
17
100
AcDbEntity
  8
RASTER_CONTOURS
100
AcDbPolyline
 90
6
 70
1
 10
43296.96997187698
 20
-140.30437281034776
 10
43338.133901841604
 20
-98.15188981778104
 10
43543.953551664694
 20
-98.15188981778104
 10
43585.11748162931
 20
-140.30437281034776
 10
43543.953551664694
 20
-182.45685580291448
 10
43338.133901841604
 20
-182.45685580291448
  0
LWPOLYLINE
  5
44
330
17
100
AcDbEntity
  8
RASTER_CONTOURS
100
AcDbPolyline
 90
6
 70
1
 10
39592.21627506123
 20
-98.15188981778104
 10
39633.380205025845
 20
-55.99940682521432
 10
40127.347364601286
 20
-55.99940682521432
 10
40168.5112945659
 20
-98.15188981778104
 10
40127.347364601286
 20
-140.30437281034776
 10
39633.380205025845
 20
-140.30437281034776
  0
LWPOLYLINE
  5
45
330
17
100
AcDbEntity
  8
RASTER_CONTOURS
100
AcDbPolyline
 90
6
 70
1
 10
37287.03619704254
 20
-98.15188981778104
 10
37328.20012700716
 20
-55.99940682521432
 10
37822.1672865826
 20
-55.99940682521432
 10
37863.33121654721
 20
-98.15188981778104
 10
37822.1672865826
 20
-140.30437281034776
 10
37328.20012700716
 20
-140.30437281034776
  0
LWPOLYLINE
  5
46
330
17
100
AcDbEntity
  8
RASTER_CONTOURS
100
AcDbPolyline
 90
6
 70
1
 10
33788.10215004989
 20
-98.15188981778104
 10
33829.26608001451
 20
-55.99940682521432
 10
35311.16755874081
 20
-55.99940682521432
 10
35352.33148870543
 20
-98.15188981778104
 10
35311.16755874081
 20
-140.30437281034776
 10
33829.26608001451
 20
-140.30437281034776
  0
LWPOLYLINE
  5
47
330
17
100
AcDbEntity
  8
RASTER_CONTOURS
100
AcDbPolyline
 90
6
 70
1
 10
32100.381021500496
 20
-98.15188981778104
 10
32141.54495146511
 20
-55.99940682521432
 10
32347.364601288213
 20
-55.99940682521432
 10
32388.528531252832
 20
-98.15188981778104
 10
32347.364601288213
 20
-140.30437281034776
 10
32141.54495146511
 20
-140.30437281034776
  0
LWPOLYLINE
  5
48
330
17
100
AcDbEntity
  8
RASTER_CONTOURS
100
AcDbPolyline
 90
6
 70
1
 10
30042.18452326952
 20
-55.99940682521432
 10
30083.348453234143
 20
-13.846923832647605
 10
30659.643472738815
 20
-13.846923832647605
 10
30700.80740270343
 20
-55.99940682521432
 10
30659.643472738815
 20
-98.15188981778104
 10
30083.348453234143
 20
-98.15188981778104
  0
LWPOLYLINE
  5
49
330
17
100
AcDbEntity
  8
RASTER_CONTOURS
100
AcDbPolyline
 90
6
 70
1
 10
28889.59448426018
 20
-55.99940682521432
 10
28930.758414224798
 20
-13.846923832647605
 10
29630.54522362333
 20
-13.846923832647605
 10
29671.709153587944
 20
-55.99940682521432
 10
29630.54522362333
 20
-98.15188981778104
 10
28930.758414224798
 20
-98.15188981778104
  0
LWPOLYLINE
  5
4A
330
17
100
AcDbEntity
  8
RASTER_CONTOURS
100
AcDbPolyline
 90
8
 70
1
 10
27284.201215640023
 20
-98.15188981778104
 10
27325.36514560464
 20
-13.846923832647605
 10
28766.10269436632
 20
-13.846923832647605
 10
28807.266624330943
 20
-55.99940682521432
 10
28766.10269436632
 20
-98.15188981778104
 10
27983.98802503855
 20
-98.15188981778104
 10
27942.824095073935
 20
-140.30437281034776
 10
27325.36514560464
 20
-140.30437281034776
  0
LWPOLYLINE
  5
4B
330
17
100
AcDbEntity
  8
RASTER_CONTOURS
100
AcDbPolyline
 90
9
 70
1
 10
26049.28331670144
 20
-55.99940682521432
 10
26090.447246666055
 20
-13.846923832647605
 10
27160.70942574616
 20
-13.846923832647605
 10
27201.873355710784
 20
-98.15188981778104
 10
27160.70942574616
 20
-140.30437281034776
 10
26790.234056064586
 20
-140.30437281034776
 10
26749.070126099967
 20
-98.15188981778104
 10
26666.742266170728
 20
-140.30437281034776
 10
26172.775106595298
 20
-140.30437281034776
  0
LWPOLYLINE
  5
4C
330
17
100
AcDbEntity
  8
RASTER_CONTOURS
100
AcDbPolyline
 90
6
 70
1
 10
19833.529892043905
 20
-55.99940682521432
 10
19874.69382200852
 20
-13.846923832647605
 10
21150.775650911728
 20
-13.846923832647605
 10
21191.939580876344
 20
-55.99940682521432
 10
21150.775650911728
 20
-98.15188981778104
 10
19874.69382200852
 20
-98.15188981778104
  0
LWPOLYLINE
  5
4D
330
17
100
AcDbEntity
  8
RASTER_CONTOURS
100
AcDbPolyline
 90
5
 70
1
 10
35352.33148870543
 20
-98.15188981778104
 10
35516.98720856391
 20
28.305559159919113
 10
35722.806858387004
 20
-98.15188981778104
 10
35681.642928422385
 20
-140.30437281034776
 10
35393.49541867005
 20
-140.30437281034776
  0
LWPOLYLINE
  5
4E
330
17
100
AcDbEntity
  8
RASTER_CONTOURS
100
AcDbPolyline
 90
6
 70
1
 10
15881.79261544044
 20
-13.846923832647605
 10
15922.956545405059
 20
28.305559159919113
 10
16211.104055157395
 20
28.305559159919113
 10
16252.267985122015
 20
-13.846923832647605
 10
16211.104055157395
 20
-55.99940682521432
 10
15922.956545405059
 20
-55.99940682521432
  0
LWPOLYLINE
  5
4F
330
17
100
AcDbEntity
  8
RASTER_CONTOURS
100
AcDbPolyline
 90
6
 70
1
 10
12341.694638483168
 20
-13.846923832647605
 10
12382.858568447788
 20
28.305559159919113
 10
12794.497868093984
 20
28.305559159919113
 10
12835.661798058603
 20
-13.846923832647605
 10
12794.497868093984
 20
-55.99940682521432
 10
12382.858568447788
 20
-55.99940682521432
  0
LWPOLYLINE
  5
50
330
17
100
AcDbEntity
  8
RASTER_CONTOURS
100
AcDbPolyline
 90
7
 70
1
 10
11147.940669509204
 20
-55.99940682521432
 10
11189.104599473825
 20
28.305559159919113
 10
11683.071759049259
 20
28.305559159919113
 10
11724.235689013876
 20
-13.846923832647605
 10
11683.071759049259
 20
-55.99940682521432
 10
11271.432459403064
 20
-55.99940682521432
 10
11230.268529438445
 20
-98.15188981778104
  0
LWPOLYLINE
  5
51
330
17
100
AcDbEntity
  8
RASTER_CONTOURS
100
AcDbPolyline
 90
6
 70
1
 10
44861.19931053251
 20
154.76300813761927
 10
44902.363240497136
 20
196.91549113018598
 10
45190.51075024947
 20
196.91549113018598
 10
45272.83861017871
 20
70.45804215248583
 10
45231.6746802141
 20
28.305559159919113
 10
44902.363240497136
 20
28.305559159919113
  0
LWPOLYLINE
  5
52
330
17
100
AcDbEntity
  8
RASTER_CONTOURS
100
AcDbPolyline
 90
8
 70
1
 10
25925.791526807578
 20
154.76300813761927
 10
25966.9554567722
 20
196.91549113018598
 10
31482.9220720312
 20
196.91549113018598
 10
31524.086001995824
 20
154.76300813761927
 10
32676.676041005165
 20
196.91549113018598
 10
32841.33176086364
 20
112.61052514505255
 10
32800.16783089902
 20
70.45804215248583
 10
26008.119386736817
 20
70.45804215248583
  0
LWPOLYLINE
  5
53
330
17
100
AcDbEntity
  8
RASTER_CONTOURS
100
AcDbPolyline
 90
2
 70
1
 10
22673.841059602648
 20
281.22045711531945
 10
23991.086818470467
 20
281.22045711531945
  0
LWPOLYLINE
  5
54
330
17
100
AcDbEntity
  8
RASTER_CONTOURS
100
AcDbPolyline
 90
11
 70
1
 10
44243.740361063225
 20
576.2878380632865
 10
44326.06822099246
 20
534.1353550707197
 10
44531.88787081556
 20
534.1353550707197
 10
44737.70752063866
 20
449.8303890855863
 10
44737.70752063866
 20
-13.846923832647605
 10
44820.0353805679
 20
-98.15188981778104
 10
44778.87145060328
 20
-182.45685580291448
 10
44161.412501133986
 20
-182.45685580291448
 10
44120.248571169366
 20
-140.30437281034776
 10
44202.576431098605
 20
-13.846923832647605
 10
44202.576431098605
 20
534.1353550707197
  0
LWPOLYLINE
  5
55
330
17
100
AcDbEntity
  8
RASTER_CONTOURS
100
AcDbPolyline
 90
9
 70
1
 10
49265.7398167468
 20
913.5077020038202
 10
49389.23160664065
 20
913.5077020038202
 10
49471.559466569895
 20
829.2027360186868
 10
49471.559466569895
 20
407.6779060930196
 10
49389.23160664065
 20
323.37294010788617
 10
49265.7398167468
 20
323.37294010788617
 10
49224.57588678217
 20
365.5254231004529
 10
49224.57588678217
 20
787.05025302612
 10
49183.41195681755
 20
829.2027360186868
  0
LWPOLYLINE
  5
56
330
17
100
AcDbEntity
  8
RASTER_CONTOURS
100
AcDbPolyline
 90
9
 70
1
 10
49059.92016692369
 20
913.5077020038202
 10
49183.41195681755
 20
871.3552190112534
 10
49183.41195681755
 20
618.4403210558531
 10
49142.24802685294
 20
576.2878380632865
 10
49183.41195681755
 20
534.1353550707197
 10
49183.41195681755
 20
407.6779060930196
 10
49101.08409688832
 20
323.37294010788617
 10
48977.59230699446
 20
323.37294010788617
 10
48895.26444706522
 20
534.1353550707197
  0
LWPOLYLINE
  5
57
330
17
100
AcDbEntity
  8
RASTER_CONTOURS
100
AcDbPolyline
 90
7
 70
1
 10
10777.46529982763
 20
913.5077020038202
 10
10859.79315975687
 20
871.3552190112534
 10
10900.957089721489
 20
744.8977700335533
 10
10900.957089721489
 20
449.8303890855863
 10
10818.629229792252
 20
323.37294010788617
 10
10736.301369863011
 20
407.6779060930196
 10
10736.301369863011
 20
871.3552190112534
  0
LWPOLYLINE
  5
58
330
17
100
AcDbEntity
  8
RASTER_CONTOURS
100
AcDbPolyline
 90
8
 70
1
 10
49595.05125646375
 20
997.8126679889536
 10
49677.37911639299
 20
997.8126679889536
 10
49800.870906286844
 20
871.3552190112534
 10
49800.870906286844
 20
407.6779060930196
 10
49718.54304635761
 20
323.37294010788617
 10
49595.05125646375
 20
323.37294010788617
 10
49512.723396534515
 20
407.6779060930196
 10
49512.723396534515
 20
913.5077020038202
  0
LWPOLYLINE
  5
59
330
17
100
AcDbEntity
  8
RASTER_CONTOURS
100
AcDbPolyline
 90
7
 70
1
 10
48689.444797242126
 20
997.8126679889536
 10
48771.772657171365
 20
997.8126679889536
 10
48854.100517100596
 20
913.5077020038202
 10
48854.100517100596
 20
618.4403210558531
 10
48730.608727206745
 20
407.6779060930196
 10
48607.11693731289
 20
449.8303890855863
 10
48607.11693731289
 20
913.5077020038202
  0
LWPOLYLINE
  5
5A
330
17
100
AcDbEntity
  8
RASTER_CONTOURS
100
AcDbPolyline
 90
21
 70
1
 10
13370.792887598654
 20
1039.9651509815203
 10
13411.956817563274
 20
1082.117633974087
 10
14070.579696997183
 20
1082.117633974087
 10
14152.907556926424
 20
997.8126679889536
 10
14152.907556926424
 20
70.45804215248583
 10
14194.071486891044
 20
28.305559159919113
 10
15017.35008618343
 20
28.305559159919113
 10
15058.51401614805
 20
-55.99940682521432
 10
15017.35008618343
 20
-98.15188981778104
 10
14770.366506395716
 20
-98.15188981778104
 10
14729.202576431095
 20
-55.99940682521432
 10
14523.382926608
 20
-55.99940682521432
 10
14482.21899664338
 20
-98.15188981778104
 10
14235.235416855663
 20
-98.15188981778104
 10
14194.071486891044
 20
-55.99940682521432
 10
14152.907556926424
 20
-98.15188981778104
 10
13617.776467386371
 20
-98.15188981778104
 10
13494.284677492513
 20
-55.99940682521432
 10
13411.956817563274
 20
-98.15188981778104
 10
13288.465027669416
 20
-13.846923832647605
 10
13370.792887598654
 20
70.45804215248583
  0
LWPOLYLINE
  5
5B
330
17
100
AcDbEntity
  8
RASTER_CONTOURS
100
AcDbPolyline
 90
4
 70
1
 10
30618.479542774192
 20
1166.4225999592206
 10
30536.151682844957
 20
1039.9651509815203
 10
30618.479542774192
 20
871.3552190112534
 10
30700.80740270343
 20
1039.9651509815203
  0
LWPOLYLINE
  5
5C
330
17
100
AcDbEntity
  8
RASTER_CONTOURS
100
AcDbPolyline
 90
5
 70
1
 10
30042.18452326952
 20
1166.4225999592206
 10
29959.85666334028
 20
1039.9651509815203
 10
30083.348453234143
 20
955.6601849963869
 10
30124.512383198762
 20
1082.117633974087
 10
30083.348453234143
 20
1166.4225999592206
  0
LWPOLYLINE
  5
5D
330
17
100
AcDbEntity
  8
RASTER_CONTOURS
100
AcDbPolyline
 90
13
 70
1
 10
51035.788805225435
 20
1208.5750829517872
 10
50994.624875260815
 20
1208.5750829517872
 10
50994.624875260815
 20
1124.2701169666539
 10
50871.13308536696
 20
997.8126679889536
 10
50788.80522543772
 20
997.8126679889536
 10
50706.47736550847
 20
1124.2701169666539
 10
50582.98557561461
 20
997.8126679889536
 10
50706.47736550847
 20
871.3552190112534
 10
50706.47736550847
 20
491.98287207815304
 10
50706.47736550847
 20
871.3552190112534
 10
50871.13308536696
 20
997.8126679889536
 10
50994.624875260815
 20
829.2027360186868
 10
51076.95273519005
 20
955.6601849963869
  0
LWPOLYLINE
  5
5E
330
17
100
AcDbEntity
  8
RASTER_CONTOURS
100
AcDbPolyline
 90
4
 70
1
 10
47372.1990383743
 20
1250.727565944354
 10
47289.871178445064
 20
997.8126679889536
 10
47413.36296833892
 20
913.5077020038202
 10
47495.690828268154
 20
997.8126679889536
  0
LWPOLYLINE
  5
5F
330
17
100
AcDbEntity
  8
RASTER_CONTOURS
100
AcDbPolyline
 90
4
 70
1
 10
47084.05152862197
 20
1250.727565944354
 10
47001.72366869273
 20
1082.117633974087
 10
47042.88759865735
 20
913.5077020038202
 10
47166.379388551206
 20
997.8126679889536
  0
LWPOLYLINE
  5
60
330
17
100
AcDbEntity
  8
RASTER_CONTOURS
100
AcDbPolyline
 90
2
 70
1
 10
54123.08355257189
 20
1292.8800489369207
 10
54081.91962260727
 20
997.8126679889536
  0
LWPOLYLINE
  5
61
330
17
100
AcDbEntity
  8
RASTER_CONTOURS
100
AcDbPolyline
 90
22
 70
1
 10
36875.39689739635
 20
1250.727565944354
 10
36916.56082736097
 20
1292.8800489369207
 10
37328.20012700716
 20
1292.8800489369207
 10
37369.36405697178
 20
1335.0325319294875
 10
37698.67549668874
 20
1335.0325319294875
 10
37739.83942665336
 20
1292.8800489369207
 10
44037.92071124013
 20
1292.8800489369207
 10
44120.248571169366
 20
1208.5750829517872
 10
44120.248571169366
 20
323.37294010788617
 10
44037.92071124013
 20
239.0679741227527
 10
38768.937675768844
 20
239.0679741227527
 10
42144.37993286763
 20
239.0679741227527
 10
42185.54386283226
 20
196.91549113018598
 10
42350.19958269074
 20
196.91549113018598
 10
42391.363512655356
 20
239.0679741227527
 10
43914.42892134626
 20
239.0679741227527
 10
44120.248571169366
 20
112.61052514505255
 10
44037.92071124013
 20
28.305559159919113
 10
36957.72475732559
 20
28.305559159919113
 10
36875.39689739635
 20
112.61052514505255
 10
36916.56082736097
 20
196.91549113018598
 10
36875.39689739635
 20
323.37294010788617
  0
LWPOLYLINE
  5
62
330
17
100
AcDbEntity
  8
RASTER_CONTOURS
100
AcDbPolyline
 90
6
 70
1
 10
49348.06767667604
 20
1419.3374979146208
 10
49471.559466569895
 20
1335.0325319294875
 10
49471.559466569895
 20
1250.727565944354
 10
49389.23160664065
 20
1166.4225999592206
 10
49306.90374671142
 20
1208.5750829517872
 10
49306.90374671142
 20
1377.185014922054
  0
LWPOLYLINE
  5
63
330
17
100
AcDbEntity
  8
RASTER_CONTOURS
100
AcDbPolyline
 90
6
 70
1
 10
44243.740361063225
 20
1545.794946892321
 10
44284.90429102785
 20
1503.6424638997544
 10
44284.90429102785
 20
1335.0325319294875
 10
44243.740361063225
 20
1292.8800489369207
 10
44161.412501133986
 20
1377.185014922054
 10
44161.412501133986
 20
1461.4899809071876
  0
LWPOLYLINE
  5
64
330
17
100
AcDbEntity
  8
RASTER_CONTOURS
100
AcDbPolyline
 90
10
 70
1
 10
36751.90510750249
 20
1545.794946892321
 10
36875.39689739635
 20
1461.4899809071876
 10
36793.06903746711
 20
1335.0325319294875
 10
36793.06903746711
 20
-13.846923832647605
 10
36875.39689739635
 20
-98.15188981778104
 10
36834.23296743173
 20
-140.30437281034776
 10
36546.08545767939
 20
-140.30437281034776
 10
36504.921527714774
 20
-98.15188981778104
 10
36669.57724757325
 20
-13.846923832647605
 10
36669.57724757325
 20
1461.4899809071876
  0
LWPOLYLINE
  5
65
330
17
100
AcDbEntity
  8
RASTER_CONTOURS
100
AcDbPolyline
 90
5
 70
1
 10
21356.595300734825
 20
1503.6424638997544
 10
21233.103510840963
 20
1419.3374979146208
 10
21191.939580876344
 20
1335.0325319294875
 10
21233.103510840963
 20
1292.8800489369207
 10
21356.595300734825
 20
1377.185014922054
  0
LWPOLYLINE
  5
66
330
17
100
AcDbEntity
  8
RASTER_CONTOURS
100
AcDbPolyline
 90
8
 70
1
 10
53011.65744352716
 20
1672.2523958700212
 10
53093.98530345641
 20
1672.2523958700212
 10
53176.31316338564
 20
1587.9474298848877
 10
53176.31316338564
 20
997.8126679889536
 10
53093.98530345641
 20
913.5077020038202
 10
52970.49351356254
 20
955.6601849963869
 10
52970.49351356254
 20
1461.4899809071876
 10
52929.32958359793
 20
1545.794946892321
  0
LWPOLYLINE
  5
67
330
17
100
AcDbEntity
  8
RASTER_CONTOURS
100
AcDbPolyline
 90
4
 70
1
 10
47084.05152862197
 20
1672.2523958700212
 10
47042.88759865735
 20
1587.9474298848877
 10
47042.88759865735
 20
1419.3374979146208
 10
47084.05152862197
 20
1377.185014922054
  0
LWPOLYLINE
  5
68
330
17
100
AcDbEntity
  8
RASTER_CONTOURS
100
AcDbPolyline
 90
44
 70
1
 10
49636.215186428366
 20
1798.7098448477213
 10
49759.706976322224
 20
1756.5573618551546
 10
49800.870906286844
 20
1545.794946892321
 10
49842.03483625147
 20
1756.5573618551546
 10
49883.19876621609
 20
1798.7098448477213
 10
50006.69055610994
 20
1798.7098448477213
 10
50089.01841603919
 20
1714.4048788625878
 10
50089.01841603919
 20
1377.185014922054
 10
50130.1823460038
 20
1714.4048788625878
 10
50212.51020593304
 20
1798.7098448477213
 10
50294.838065862285
 20
1798.7098448477213
 10
50377.165925791516
 20
1714.4048788625878
 10
50377.165925791516
 20
1292.8800489369207
 10
50418.32985575614
 20
1166.4225999592206
 10
50294.838065862285
 20
997.8126679889536
 10
50418.32985575614
 20
871.3552190112534
 10
50418.32985575614
 20
534.1353550707197
 10
50294.838065862285
 20
323.37294010788617
 10
50171.34627596842
 20
323.37294010788617
 10
50130.1823460038
 20
365.5254231004529
 10
50089.01841603919
 20
576.2878380632865
 10
50089.01841603919
 20
407.6779060930196
 10
50006.69055610994
 20
323.37294010788617
 10
49924.36269618071
 20
323.37294010788617
 10
49800.870906286844
 20
449.8303890855863
 10
49800.870906286844
 20
871.3552190112534
 10
49924.36269618071
 20
997.8126679889536
 10
50047.85448607457
 20
913.5077020038202
 10
50130.1823460038
 20
913.5077020038202
 10
50212.51020593304
 20
997.8126679889536
 10
50130.1823460038
 20
1082.117633974087
 10
50130.1823460038
 20
1208.5750829517872
 10
50089.01841603919
 20
1250.727565944354
 10
50089.01841603919
 20
1124.2701169666539
 10
49965.52662614532
 20
997.8126679889536
 10
49842.03483625147
 20
1082.117633974087
 10
49800.870906286844
 20
1166.4225999592206
 10
49800.870906286844
 20
1461.4899809071876
 10
49759.706976322224
 20
1335.0325319294875
 10
49800.870906286844
 20
1166.4225999592206
 10
49677.37911639299
 20
997.8126679889536
 10
49553.887326499134
 20
1039.9651509815203
 10
49512.723396534515
 20
1124.2701169666539
 10
49512.723396534515
 20
1587.9474298848877
  0
LWPOLYLINE
  5
69
330
17
100
AcDbEntity
  8
RASTER_CONTOURS
100
AcDbPolyline
 90
6
 70
1
 10
49389.23160664065
 20
1798.7098448477213
 10
49471.559466569895
 20
1672.2523958700212
 10
49306.90374671142
 20
1377.185014922054
 10
49224.57588678217
 20
1461.4899809071876
 10
49224.57588678217
 20
1714.4048788625878
 10
49306.90374671142
 20
1798.7098448477213
  0
LWPOLYLINE
  5
6A
330
17
100
AcDbEntity
  8
RASTER_CONTOURS
100
AcDbPolyline
 90
20
 70
1
 10
48689.444797242126
 20
1798.7098448477213
 10
48771.772657171365
 20
1798.7098448477213
 10
48854.100517100596
 20
1714.4048788625878
 10
48854.100517100596
 20
1461.4899809071876
 10
48895.26444706522
 20
1419.3374979146208
 10
48895.26444706522
 20
1714.4048788625878
 10
48977.59230699446
 20
1798.7098448477213
 10
49101.08409688832
 20
1798.7098448477213
 10
49183.41195681755
 20
1714.4048788625878
 10
49183.41195681755
 20
1166.4225999592206
 10
49101.08409688832
 20
1039.9651509815203
 10
48977.59230699446
 20
1039.9651509815203
 10
48895.26444706522
 20
1124.2701169666539
 10
48895.26444706522
 20
1335.0325319294875
 10
48854.100517100596
 20
1335.0325319294875
 10
48854.100517100596
 20
1082.117633974087
 10
48812.93658713598
 20
1039.9651509815203
 10
48689.444797242126
 20
1039.9651509815203
 10
48607.11693731289
 20
1124.2701169666539
 10
48607.11693731289
 20
1714.4048788625878
  0
LWPOLYLINE
  5
6B
330
17
100
AcDbEntity
  8
RASTER_CONTOURS
100
AcDbPolyline
 90
2
 70
1
 10
31688.7417218543
 20
1756.5573618551546
 10
31688.7417218543
 20
1377.185014922054
  0
LWPOLYLINE
  5
6C
330
17
100
AcDbEntity
  8
RASTER_CONTOURS
100
AcDbPolyline
 90
20
 70
1
 10
30206.840243128
 20
1798.7098448477213
 10
30330.332033021856
 20
1672.2523958700212
 10
30330.332033021856
 20
1208.5750829517872
 10
30248.00417309262
 20
1082.117633974087
 10
30330.332033021856
 20
913.5077020038202
 10
30330.332033021856
 20
407.6779060930196
 10
30248.00417309262
 20
281.22045711531945
 10
30165.67631316338
 20
281.22045711531945
 10
30042.18452326952
 20
407.6779060930196
 10
30042.18452326952
 20
660.5928040484199
 10
30042.18452326952
 20
365.5254231004529
 10
29959.85666334028
 20
281.22045711531945
 10
29877.528803411045
 20
281.22045711531945
 10
29795.200943481806
 20
365.5254231004529
 10
29795.200943481806
 20
955.6601849963869
 10
29877.528803411045
 20
1039.9651509815203
 10
29795.200943481806
 20
1166.4225999592206
 10
29795.200943481806
 20
1714.4048788625878
 10
29836.364873446426
 20
1756.5573618551546
 10
30083.348453234143
 20
1714.4048788625878
  0
LWPOLYLINE
  5
6D
330
17
100
AcDbEntity
  8
RASTER_CONTOURS
100
AcDbPolyline
 90
14
 70
1
 10
25102.512927515192
 20
1756.5573618551546
 10
25472.988297196767
 20
1798.7098448477213
 10
25678.807947019865
 20
1714.4048788625878
 10
25678.807947019865
 20
1587.9474298848877
 10
25719.97187698448
 20
1545.794946892321
 10
25719.97187698448
 20
491.98287207815304
 10
25637.64401705524
 20
281.22045711531945
 10
25678.807947019865
 20
154.76300813761927
 10
25596.480087090626
 20
70.45804215248583
 10
25143.676857479808
 20
70.45804215248583
 10
25061.34899755057
 20
154.76300813761927
 10
25102.512927515192
 20
239.0679741227527
 10
25061.34899755057
 20
323.37294010788617
 10
25061.34899755057
 20
1714.4048788625878
  0
LWPOLYLINE
  5
6E
330
17
100
AcDbEntity
  8
RASTER_CONTOURS
100
AcDbPolyline
 90
23
 70
1
 10
22426.857479814928
 20
1756.5573618551546
 10
22591.51319967341
 20
1672.2523958700212
 10
22673.841059602648
 20
1798.7098448477213
 10
24279.234328222803
 20
1798.7098448477213
 10
24320.398258187422
 20
1756.5573618551546
 10
24567.38183797514
 20
1798.7098448477213
 10
24690.873627868994
 20
1714.4048788625878
 10
24773.201487798233
 20
1714.4048788625878
 10
24814.365417762856
 20
1672.2523958700212
 10
24814.365417762856
 20
407.6779060930196
 10
24690.873627868994
 20
365.5254231004529
 10
24690.873627868994
 20
281.22045711531945
 10
24814.365417762856
 20
196.91549113018598
 10
24814.365417762856
 20
112.61052514505255
 10
24773.201487798233
 20
70.45804215248583
 10
22509.185339744166
 20
70.45804215248583
 10
22426.857479814928
 20
196.91549113018598
 10
22509.185339744166
 20
281.22045711531945
 10
22591.51319967341
 20
281.22045711531945
 10
22385.69354985031
 20
449.8303890855863
 10
22385.69354985031
 20
1082.117633974087
 10
22344.52961988569
 20
1124.2701169666539
 10
22344.52961988569
 20
1630.0999128774545
  0
LWPOLYLINE
  5
6F
330
17
100
AcDbEntity
  8
RASTER_CONTOURS
100
AcDbPolyline
 90
8
 70
1
 10
22056.382110133352
 20
1798.7098448477213
 10
22262.20175995645
 20
1798.7098448477213
 10
22344.52961988569
 20
1714.4048788625878
 10
22344.52961988569
 20
1082.117633974087
 10
22221.037829991834
 20
997.8126679889536
 10
22056.382110133352
 20
997.8126679889536
 10
21974.054250204113
 20
1082.117633974087
 10
21974.054250204113
 20
1714.4048788625878
  0
LWPOLYLINE
  5
70
330
17
100
AcDbEntity
  8
RASTER_CONTOURS
100
AcDbPolyline
 90
49
 70
1
 10
21562.414950557923
 20
2009.472259810555
 10
21685.906740451777
 20
2178.0821917808216
 10
21891.726390274875
 20
2051.6247428031215
 10
21932.890320239498
 20
1925.1672938254214
 10
21891.726390274875
 20
1798.7098448477213
 10
21891.726390274875
 20
997.8126679889536
 10
22056.382110133352
 20
913.5077020038202
 10
22179.87390002721
 20
955.6601849963869
 10
22303.365689921073
 20
871.3552190112534
 10
22303.365689921073
 20
365.5254231004529
 10
22344.52961988569
 20
323.37294010788617
 10
22303.365689921073
 20
281.22045711531945
 10
22303.365689921073
 20
70.45804215248583
 10
22344.52961988569
 20
-13.846923832647605
 10
24896.693277692095
 20
-13.846923832647605
 10
24937.857207656714
 20
70.45804215248583
 10
25020.185067585953
 20
-13.846923832647605
 10
25761.135806949103
 20
-13.846923832647605
 10
25802.299736913723
 20
28.305559159919113
 10
26049.28331670144
 20
-55.99940682521432
 10
25966.9554567722
 20
-140.30437281034776
 10
24979.021137621334
 20
-140.30437281034776
 10
24937.857207656714
 20
-98.15188981778104
 10
24773.201487798233
 20
-98.15188981778104
 10
24732.037557833617
 20
-140.30437281034776
 10
24649.709697904378
 20
-98.15188981778104
 10
24485.053978045904
 20
-98.15188981778104
 10
24443.89004808128
 20
-140.30437281034776
 10
23949.922888505847
 20
-140.30437281034776
 10
23908.75895854123
 20
-98.15188981778104
 10
22920.82463939036
 20
-98.15188981778104
 10
22879.660709425745
 20
-140.30437281034776
 10
22673.841059602648
 20
-140.30437281034776
 10
22632.677129638025
 20
-98.15188981778104
 10
21233.103510840963
 20
-98.15188981778104
 10
21191.939580876344
 20
-55.99940682521432
 10
21233.103510840963
 20
-13.846923832647605
 10
21397.75923069944
 20
-13.846923832647605
 10
21438.923160664064
 20
28.305559159919113
 10
21521.2510205933
 20
-13.846923832647605
 10
21603.57888052254
 20
70.45804215248583
 10
21562.414950557923
 20
154.76300813761927
 10
21603.57888052254
 20
239.0679741227527
 10
21562.414950557923
 20
323.37294010788617
 10
21562.414950557923
 20
829.2027360186868
 10
21603.57888052254
 20
871.3552190112534
 10
21562.414950557923
 20
955.6601849963869
 10
21562.414950557923
 20
1840.8623278402881
 10
21603.57888052254
 20
1883.0148108328547
  0
LWPOLYLINE
  5
71
330
17
100
AcDbEntity
  8
RASTER_CONTOURS
100
AcDbPolyline
 90
4
 70
1
 10
44696.54359067404
 20
2473.149572728789
 10
44696.54359067404
 20
1587.9474298848877
 10
44655.37966070943
 20
1545.794946892321
 10
44696.54359067404
 20
1461.4899809071876
  0
LWPOLYLINE
  5
72
330
17
100
AcDbEntity
  8
RASTER_CONTOURS
100
AcDbPolyline
 90
2
 70
1
 10
31688.7417218543
 20
2473.149572728789
 10
31688.7417218543
 20
1840.8623278402881
  0
LWPOLYLINE
  5
73
330
17
100
AcDbEntity
  8
RASTER_CONTOURS
100
AcDbPolyline
 90
11
 70
1
 10
29136.578064047895
 20
2557.4545387139224
 10
29218.905923977134
 20
2473.149572728789
 10
29218.905923977134
 20
2262.387157765955
 10
29177.74199401252
 20
2220.2346747733886
 10
29218.905923977134
 20
2093.7772257956885
 10
29136.578064047895
 20
2009.472259810555
 10
29013.086274154037
 20
2009.472259810555
 10
28930.758414224798
 20
2135.929708788255
 10
28930.758414224798
 20
2220.2346747733886
 10
28971.922344189417
 20
2262.387157765955
 10
28971.922344189417
 20
2388.8446067436553
  0
LWPOLYLINE
  5
74
330
17
100
AcDbEntity
  8
RASTER_CONTOURS
100
AcDbPolyline
 90
6
 70
1
 10
44243.740361063225
 20
2768.2169536767606
 10
44284.90429102785
 20
2726.0644706841936
 10
44284.90429102785
 20
2515.3020557213554
 10
44243.740361063225
 20
2473.149572728789
 10
44202.576431098605
 20
2515.3020557213554
 10
44202.576431098605
 20
2726.0644706841936
  0
LWPOLYLINE
  5
75
330
17
100
AcDbEntity
  8
RASTER_CONTOURS
100
AcDbPolyline
 90
40
 70
1
 10
45396.33040007257
 20
2768.2169536767606
 10
45437.49433003718
 20
2810.369436669327
 10
45478.65826000181
 20
2768.2169536767606
 10
45478.65826000181
 20
829.2027360186868
 10
46754.740088905004
 20
239.0679741227527
 10
48524.78907738365
 20
239.0679741227527
 10
48565.95300734827
 20
196.91549113018598
 10
48689.444797242126
 20
196.91549113018598
 10
48730.608727206745
 20
239.0679741227527
 10
50624.14950557924
 20
239.0679741227527
 10
50665.31343554386
 20
196.91549113018598
 10
50788.80522543772
 20
239.0679741227527
 10
50994.624875260815
 20
239.0679741227527
 10
51035.788805225435
 20
196.91549113018598
 10
51118.11666515467
 20
239.0679741227527
 10
51241.60845504853
 20
196.91549113018598
 10
51817.9034745532
 20
196.91549113018598
 10
51859.06740451782
 20
239.0679741227527
 10
52023.723124376294
 20
239.0679741227527
 10
52106.05098430553
 20
196.91549113018598
 10
52147.21491427016
 20
239.0679741227527
 10
52311.87063412863
 20
239.0679741227527
 10
52311.87063412863
 20
618.4403210558531
 10
52394.19849405787
 20
744.8977700335533
 10
52888.16565363331
 20
829.2027360186868
 10
53052.82137349178
 20
744.8977700335533
 10
53052.82137349178
 20
576.2878380632865
 10
52929.32958359793
 20
534.1353550707197
 10
52847.00172366868
 20
365.5254231004529
 10
52847.00172366868
 20
-140.30437281034776
 10
52764.673863739445
 20
-224.6093387954812
 10
51365.10024494239
 20
-224.6093387954812
 10
51323.936314977764
 20
-182.45685580291448
 10
51159.280595119286
 20
-182.45685580291448
 10
51118.11666515467
 20
-224.6093387954812
 10
50829.96915540234
 20
-224.6093387954812
 10
50788.80522543772
 20
-182.45685580291448
 10
45355.16647010795
 20
-182.45685580291448
 10
45314.00254014333
 20
-98.15188981778104
 10
45355.16647010795
 20
-55.99940682521432
  0
LWPOLYLINE
  5
76
330
17
100
AcDbEntity
  8
RASTER_CONTOURS
100
AcDbPolyline
 90
7
 70
1
 10
49924.36269618071
 20
2852.521919661894
 10
50089.01841603919
 20
2726.0644706841936
 10
50089.01841603919
 20
2178.0821917808216
 10
50006.69055610994
 20
2093.7772257956885
 10
49883.19876621609
 20
2093.7772257956885
 10
49800.870906286844
 20
2220.2346747733886
 10
49800.870906286844
 20
2726.0644706841936
  0
LWPOLYLINE
  5
77
330
17
100
AcDbEntity
  8
RASTER_CONTOURS
100
AcDbPolyline
 90
19
 70
1
 10
48977.59230699446
 20
2852.521919661894
 10
49101.08409688832
 20
2852.521919661894
 10
49183.41195681755
 20
2768.2169536767606
 10
49306.90374671142
 20
2852.521919661894
 10
49389.23160664065
 20
2852.521919661894
 10
49471.559466569895
 20
2768.2169536767606
 10
49471.559466569895
 20
2178.0821917808216
 10
49389.23160664065
 20
2093.7772257956885
 10
49306.90374671142
 20
2093.7772257956885
 10
49224.57588678217
 20
2178.0821917808216
 10
49224.57588678217
 20
2515.3020557213554
 10
49183.41195681755
 20
2557.4545387139224
 10
49224.57588678217
 20
2683.911987691627
 10
49183.41195681755
 20
2683.911987691627
 10
49183.41195681755
 20
2220.2346747733886
 10
49059.92016692369
 20
2093.7772257956885
 10
48977.59230699446
 20
2093.7772257956885
 10
48895.26444706522
 20
2178.0821917808216
 10
48895.26444706522
 20
2768.2169536767606
  0
LWPOLYLINE
  5
78
330
17
100
AcDbEntity
  8
RASTER_CONTOURS
100
AcDbPolyline
 90
8
 70
1
 10
48689.444797242126
 20
2852.521919661894
 10
48771.772657171365
 20
2852.521919661894
 10
48854.100517100596
 20
2768.2169536767606
 10
48854.100517100596
 20
2178.0821917808216
 10
48771.772657171365
 20
2093.7772257956885
 10
48689.444797242126
 20
2093.7772257956885
 10
48607.11693731289
 20
2220.2346747733886
 10
48607.11693731289
 20
2768.2169536767606
  0
LWPOLYLINE
  5
79
330
17
100
AcDbEntity
  8
RASTER_CONTOURS
100
AcDbPolyline
 90
5
 70
1
 10
19545.38238229157
 20
2852.521919661894
 10
19421.890592397714
 20
2768.2169536767606
 10
19463.05452236233
 20
2683.911987691627
 10
19463.05452236233
 20
1798.7098448477213
 10
19545.38238229157
 20
1756.5573618551546
  0
LWPOLYLINE
  5
7A
330
17
100
AcDbEntity
  8
RASTER_CONTOURS
100
AcDbPolyline
 90
8
 70
1
 10
28107.47981493241
 20
2894.6744026544607
 10
28066.31588496779
 20
2894.6744026544607
 10
28025.15195500317
 20
2768.2169536767606
 10
28066.31588496779
 20
2683.911987691627
 10
28066.31588496779
 20
2262.387157765955
 10
28107.47981493241
 20
2304.5396407585217
 10
28066.31588496779
 20
2641.7595046990555
 10
28148.643744897032
 20
2726.0644706841936
  0
LWPOLYLINE
  5
7B
330
17
100
AcDbEntity
  8
RASTER_CONTOURS
100
AcDbPolyline
 90
4
 70
1
 10
47084.05152862197
 20
2978.979368639594
 10
46960.5597387281
 20
2852.521919661894
 10
47042.88759865735
 20
2768.2169536767606
 10
47166.379388551206
 20
2852.521919661894
  0
LWPOLYLINE
  5
7C
330
17
100
AcDbEntity
  8
RASTER_CONTOURS
100
AcDbPolyline
 90
6
 70
1
 10
30042.18452326952
 20
3021.1318516321608
 10
30042.18452326952
 20
2852.521919661894
 10
29959.85666334028
 20
2768.2169536767606
 10
30042.18452326952
 20
2641.7595046990555
 10
30124.512383198762
 20
2726.0644706841936
 10
30042.18452326952
 20
2894.6744026544607
  0
LWPOLYLINE
  5
7D
330
17
100
AcDbEntity
  8
RASTER_CONTOURS
100
AcDbPolyline
 90
6
 70
1
 10
28642.61090447246
 20
3105.4368176172943
 10
28642.61090447246
 20
2852.521919661894
 10
28519.119114578607
 20
2726.0644706841936
 10
28642.61090447246
 20
2641.7595046990555
 10
28724.9387644017
 20
2726.0644706841936
 10
28642.61090447246
 20
2852.521919661894
  0
LWPOLYLINE
  5
7E
330
17
100
AcDbEntity
  8
RASTER_CONTOURS
100
AcDbPolyline
 90
6
 70
1
 10
47989.657987843595
 20
3316.199232580128
 10
47989.657987843595
 20
2978.979368639594
 10
47866.16619794974
 20
2852.521919661894
 10
47989.657987843595
 20
2768.2169536767606
 10
48071.98584777283
 20
2852.521919661894
 10
47989.657987843595
 20
2978.979368639594
  0
LWPOLYLINE
  5
7F
330
17
100
AcDbEntity
  8
RASTER_CONTOURS
100
AcDbPolyline
 90
57
 70
1
 10
30412.659892951095
 20
3484.8091645503946
 10
30536.151682844957
 20
3484.8091645503946
 10
30618.479542774192
 20
3400.5041985652615
 10
30618.479542774192
 20
2852.521919661894
 10
30577.315612809576
 20
2810.369436669327
 10
30618.479542774192
 20
2557.4545387139224
 10
30618.479542774192
 20
2641.7595046990555
 10
30700.80740270343
 20
2726.0644706841936
 10
30618.479542774192
 20
2936.826885647027
 10
30618.479542774192
 20
3400.5041985652615
 10
30700.80740270343
 20
3484.8091645503946
 10
30824.299192597293
 20
3484.8091645503946
 10
30865.463122561912
 20
3442.656681557828
 10
30988.954912455767
 20
3484.8091645503946
 10
32882.49569082826
 20
3484.8091645503946
 10
33005.98748072212
 20
3358.3517155726945
 10
33005.98748072212
 20
787.05025302612
 10
32923.65962079288
 20
660.5928040484199
 10
32923.65962079288
 20
449.8303890855863
 10
32841.33176086364
 20
281.22045711531945
 10
32759.003900934407
 20
239.0679741227527
 10
32265.036741358974
 20
239.0679741227527
 10
32223.87281139435
 20
281.22045711531945
 10
30741.971332668054
 20
281.22045711531945
 10
30618.479542774192
 20
365.5254231004529
 10
30536.151682844957
 20
281.22045711531945
 10
30412.659892951095
 20
281.22045711531945
 10
30330.332033021856
 20
407.6779060930196
 10
30330.332033021856
 20
955.6601849963869
 10
30371.49596298648
 20
997.8126679889536
 10
30371.49596298648
 20
1124.2701169666539
 10
30330.332033021856
 20
1166.4225999592206
 10
30330.332033021856
 20
1714.4048788625878
 10
30412.659892951095
 20
1798.7098448477213
 10
30494.987752880337
 20
1798.7098448477213
 10
30618.479542774192
 20
1672.2523958700212
 10
30618.479542774192
 20
1292.8800489369207
 10
30618.479542774192
 20
1672.2523958700212
 10
30741.971332668054
 20
1798.7098448477213
 10
30947.79098249115
 20
1798.7098448477213
 10
30947.79098249115
 20
2009.472259810555
 10
30865.463122561912
 20
2135.929708788255
 10
30865.463122561912
 20
2220.2346747733886
 10
30865.463122561912
 20
2093.7772257956885
 10
30783.135262632673
 20
2009.472259810555
 10
30700.80740270343
 20
2009.472259810555
 10
30618.479542774192
 20
2093.7772257956885
 10
30618.479542774192
 20
2473.149572728789
 10
30618.479542774192
 20
2135.929708788255
 10
30494.987752880337
 20
2009.472259810555
 10
30412.659892951095
 20
2009.472259810555
 10
30330.332033021856
 20
2093.7772257956885
 10
30330.332033021856
 20
2641.7595046990555
 10
30371.49596298648
 20
2683.911987691627
 10
30371.49596298648
 20
2810.369436669327
 10
30330.332033021856
 20
2852.521919661894
 10
30330.332033021856
 20
3400.5041985652615
  0
LWPOLYLINE
  5
80
330
17
100
AcDbEntity
  8
RASTER_CONTOURS
100
AcDbPolyline
 90
45
 70
1
 10
29671.709153587944
 20
3484.8091645503946
 10
29754.03701351719
 20
3442.656681557828
 10
30001.020593304904
 20
3484.8091645503946
 10
30042.18452326952
 20
3442.656681557828
 10
30042.18452326952
 20
3274.046749587561
 10
30042.18452326952
 20
3400.5041985652615
 10
30124.512383198762
 20
3484.8091645503946
 10
30248.00417309262
 20
3484.8091645503946
 10
30330.332033021856
 20
3400.5041985652615
 10
30330.332033021856
 20
2894.6744026544607
 10
30248.00417309262
 20
2768.2169536767606
 10
30330.332033021856
 20
2599.607021706489
 10
30330.332033021856
 20
2093.7772257956885
 10
30206.840243128
 20
2009.472259810555
 10
30042.18452326952
 20
2093.7772257956885
 10
30083.348453234143
 20
2178.0821917808216
 10
30042.18452326952
 20
2178.0821917808216
 10
30042.18452326952
 20
2093.7772257956885
 10
29959.85666334028
 20
2009.472259810555
 10
29877.528803411045
 20
2009.472259810555
 10
29795.200943481806
 20
2093.7772257956885
 10
29795.200943481806
 20
2683.911987691627
 10
29877.528803411045
 20
2726.0644706841936
 10
29795.200943481806
 20
2852.521919661894
 10
29795.200943481806
 20
3063.2843346247278
 10
29712.873083552568
 20
2768.2169536767606
 10
29795.200943481806
 20
2557.4545387139224
 10
29754.03701351719
 20
2430.9970897362223
 10
29795.200943481806
 20
2388.8446067436553
 10
29754.03701351719
 20
2093.7772257956885
 10
29671.709153587944
 20
2009.472259810555
 10
29589.38129365871
 20
2009.472259810555
 10
29507.05343372947
 20
2093.7772257956885
 10
29301.233783906373
 20
2009.472259810555
 10
29218.905923977134
 20
2093.7772257956885
 10
29218.905923977134
 20
2641.7595046990555
 10
29301.233783906373
 20
2726.0644706841936
 10
29424.72557380023
 20
2726.0644706841936
 10
29465.889503764854
 20
2683.911987691627
 10
29465.889503764854
 20
2430.9970897362223
 10
29507.05343372947
 20
2388.8446067436553
 10
29507.05343372947
 20
2683.911987691627
 10
29548.21736369409
 20
2726.0644706841936
 10
29507.05343372947
 20
2810.369436669327
 10
29507.05343372947
 20
3231.8942665949944
  0
LWPOLYLINE
  5
81
330
17
100
AcDbEntity
  8
RASTER_CONTOURS
100
AcDbPolyline
 90
7
 70
1
 10
29424.72557380023
 20
3484.8091645503946
 10
29465.889503764854
 20
3442.656681557828
 10
29465.889503764854
 20
3231.8942665949944
 10
29301.233783906373
 20
2936.826885647027
 10
29218.905923977134
 20
3063.2843346247278
 10
29218.905923977134
 20
3400.5041985652615
 10
29301.233783906373
 20
3484.8091645503946
  0
LWPOLYLINE
  5
82
330
17
100
AcDbEntity
  8
RASTER_CONTOURS
100
AcDbPolyline
 90
8
 70
1
 10
29013.086274154037
 20
3484.8091645503946
 10
29136.578064047895
 20
3484.8091645503946
 10
29218.905923977134
 20
3400.5041985652615
 10
29218.905923977134
 20
2894.6744026544607
 10
29136.578064047895
 20
2810.369436669327
 10
29013.086274154037
 20
2810.369436669327
 10
28930.758414224798
 20
2936.826885647027
 10
28930.758414224798
 20
3400.5041985652615
  0
LWPOLYLINE
  5
83
330
17
100
AcDbEntity
  8
RASTER_CONTOURS
100
AcDbPolyline
 90
21
 70
1
 10
28848.43055429556
 20
3484.8091645503946
 10
28930.758414224798
 20
3400.5041985652615
 10
28930.758414224798
 20
2936.826885647027
 10
28807.266624330943
 20
2726.0644706841936
 10
28930.758414224798
 20
2557.4545387139224
 10
28930.758414224798
 20
2304.5396407585217
 10
28766.10269436632
 20
2051.6247428031215
 10
28642.61090447246
 20
2093.7772257956885
 10
28642.61090447246
 20
2220.2346747733886
 10
28601.446974507842
 20
2135.929708788255
 10
28642.61090447246
 20
2093.7772257956885
 10
28560.283044543223
 20
2009.472259810555
 10
28436.791254649368
 20
2009.472259810555
 10
28354.463394720126
 20
2135.929708788255
 10
28354.463394720126
 20
2599.607021706489
 10
28436.791254649368
 20
2726.0644706841936
 10
28354.463394720126
 20
2852.521919661894
 10
28354.463394720126
 20
3400.5041985652615
 10
28436.791254649368
 20
3484.8091645503946
 10
28560.283044543223
 20
3484.8091645503946
 10
28601.446974507842
 20
3442.656681557828
  0
LWPOLYLINE
  5
84
330
17
100
AcDbEntity
  8
RASTER_CONTOURS
100
AcDbPolyline
 90
24
 70
1
 10
27860.496235144696
 20
3484.8091645503946
 10
28025.15195500317
 20
3484.8091645503946
 10
28066.31588496779
 20
3442.656681557828
 10
28313.299464755506
 20
3484.8091645503946
 10
28354.463394720126
 20
3442.656681557828
 10
28354.463394720126
 20
2852.521919661894
 10
28272.135534790887
 20
2768.2169536767606
 10
28354.463394720126
 20
2641.7595046990555
 10
28354.463394720126
 20
2093.7772257956885
 10
28272.135534790887
 20
2009.472259810555
 10
28148.643744897032
 20
2009.472259810555
 10
28066.31588496779
 20
2093.7772257956885
 10
27983.98802503855
 20
2009.472259810555
 10
27860.496235144696
 20
2009.472259810555
 10
27778.168375215453
 20
2135.929708788255
 10
27819.332305180073
 20
2220.2346747733886
 10
27778.168375215453
 20
2599.607021706489
 10
27860.496235144696
 20
2768.2169536767606
 10
27778.168375215453
 20
2894.6744026544607
 10
27778.168375215453
 20
3105.4368176172943
 10
27819.332305180073
 20
3147.589300609861
 10
27778.168375215453
 20
3189.741783602428
 10
27819.332305180073
 20
3274.046749587561
 10
27778.168375215453
 20
3358.3517155726945
  0
LWPOLYLINE
  5
85
330
17
100
AcDbEntity
  8
RASTER_CONTOURS
100
AcDbPolyline
 90
31
 70
1
 10
48977.59230699446
 20
3569.114130535528
 10
49101.08409688832
 20
3569.114130535528
 10
49183.41195681755
 20
3484.8091645503946
 10
49306.90374671142
 20
3569.114130535528
 10
49430.39553660527
 20
3526.9616475429616
 10
49718.54304635761
 20
3569.114130535528
 10
49800.870906286844
 20
3484.8091645503946
 10
49800.870906286844
 20
2978.979368639594
 10
49718.54304635761
 20
2894.6744026544607
 10
49718.54304635761
 20
2810.369436669327
 10
49800.870906286844
 20
2726.0644706841936
 10
49800.870906286844
 20
2220.2346747733886
 10
49677.37911639299
 20
2093.7772257956885
 10
49595.05125646375
 20
2093.7772257956885
 10
49512.723396534515
 20
2178.0821917808216
 10
49512.723396534515
 20
2304.5396407585217
 10
49471.559466569895
 20
2346.6921237510887
 10
49512.723396534515
 20
2388.8446067436553
 10
49471.559466569895
 20
2430.9970897362223
 10
49471.559466569895
 20
2726.0644706841936
 10
49553.887326499134
 20
2810.369436669327
 10
49512.723396534515
 20
3021.1318516321608
 10
49471.559466569895
 20
3063.2843346247278
 10
49471.559466569895
 20
2936.826885647027
 10
49389.23160664065
 20
2852.521919661894
 10
49265.7398167468
 20
2894.6744026544607
 10
49224.57588678217
 20
3021.1318516321608
 10
49059.92016692369
 20
2852.521919661894
 10
48977.59230699446
 20
2852.521919661894
 10
48895.26444706522
 20
2978.979368639594
 10
48895.26444706522
 20
3484.8091645503946
  0
LWPOLYLINE
  5
86
330
17
100
AcDbEntity
  8
RASTER_CONTOURS
100
AcDbPolyline
 90
29
 70
1
 10
48771.772657171365
 20
3569.114130535528
 10
48895.26444706522
 20
3400.5041985652615
 10
48895.26444706522
 20
3063.2843346247278
 10
48854.100517100596
 20
2936.826885647027
 10
48730.608727206745
 20
2852.521919661894
 10
48607.11693731289
 20
2978.979368639594
 10
48607.11693731289
 20
3063.2843346247278
 10
48483.62514741902
 20
2852.521919661894
 10
48607.11693731289
 20
2726.0644706841936
 10
48565.95300734827
 20
2683.911987691627
 10
48565.95300734827
 20
2178.0821917808216
 10
48483.62514741902
 20
2093.7772257956885
 10
48360.13335752517
 20
2093.7772257956885
 10
48277.805497595924
 20
2262.387157765955
 10
48277.805497595924
 20
2388.8446067436553
 10
48318.96942756055
 20
2430.9970897362223
 10
48318.96942756055
 20
2683.911987691627
 10
48277.805497595924
 20
2726.0644706841936
 10
48401.29728748979
 20
2852.521919661894
 10
48318.96942756055
 20
2936.826885647027
 10
48318.96942756055
 20
3063.2843346247278
 10
48277.805497595924
 20
3105.4368176172943
 10
48318.96942756055
 20
3147.589300609861
 10
48318.96942756055
 20
3358.3517155726945
 10
48277.805497595924
 20
3442.656681557828
 10
48401.29728748979
 20
3569.114130535528
 10
48483.62514741902
 20
3569.114130535528
 10
48565.95300734827
 20
3484.8091645503946
 10
48689.444797242126
 20
3569.114130535528
  0
LWPOLYLINE
  5
87
330
17
100
AcDbEntity
  8
RASTER_CONTOURS
100
AcDbPolyline
 90
119
 70
1
 10
45560.98611993105
 20
3021.1318516321608
 10
45972.62541957724
 20
3274.046749587561
 10
46178.44506940033
 20
3316.199232580128
 10
46713.57615894039
 20
3569.114130535528
 10
46960.5597387281
 20
3569.114130535528
 10
47001.72366869273
 20
3526.9616475429616
 10
47125.21545858658
 20
3526.9616475429616
 10
47166.379388551206
 20
3569.114130535528
 10
47289.871178445064
 20
3569.114130535528
 10
47331.03510840968
 20
3526.9616475429616
 10
47578.0186881974
 20
3569.114130535528
 10
47619.18261816202
 20
3526.9616475429616
 10
47742.67440805588
 20
3526.9616475429616
 10
47783.8383380205
 20
3569.114130535528
 10
48071.98584777283
 20
3526.9616475429616
 10
48195.47763766669
 20
3569.114130535528
 10
48277.805497595924
 20
3484.8091645503946
 10
48277.805497595924
 20
2978.979368639594
 10
48195.47763766669
 20
2894.6744026544607
 10
48277.805497595924
 20
2768.2169536767606
 10
48277.805497595924
 20
2178.0821917808216
 10
48195.47763766669
 20
2093.7772257956885
 10
48071.98584777283
 20
2093.7772257956885
 10
47989.657987843595
 20
2178.0821917808216
 10
47989.657987843595
 20
2599.607021706489
 10
47989.657987843595
 20
2220.2346747733886
 10
47866.16619794974
 20
2093.7772257956885
 10
47783.8383380205
 20
2093.7772257956885
 10
47660.34654812664
 20
2262.387157765955
 10
47660.34654812664
 20
2768.2169536767606
 10
47742.67440805588
 20
2894.6744026544607
 10
47660.34654812664
 20
3021.1318516321608
 10
47660.34654812664
 20
3442.656681557828
 10
47660.34654812664
 20
2978.979368639594
 10
47578.0186881974
 20
2894.6744026544607
 10
47660.34654812664
 20
2768.2169536767606
 10
47660.34654812664
 20
2220.2346747733886
 10
47578.0186881974
 20
2093.7772257956885
 10
47495.690828268154
 20
2093.7772257956885
 10
47372.1990383743
 20
2262.387157765955
 10
47372.1990383743
 20
2178.0821917808216
 10
47289.871178445064
 20
2093.7772257956885
 10
47207.543318515825
 20
2093.7772257956885
 10
47084.05152862197
 20
2178.0821917808216
 10
47084.05152862197
 20
2473.149572728789
 10
47084.05152862197
 20
2220.2346747733886
 10
47001.72366869273
 20
2093.7772257956885
 10
47001.72366869273
 20
1840.8623278402881
 10
47042.88759865735
 20
1756.5573618551546
 10
47289.871178445064
 20
1798.7098448477213
 10
47372.1990383743
 20
1672.2523958700212
 10
47454.52689830354
 20
1798.7098448477213
 10
47578.0186881974
 20
1798.7098448477213
 10
47660.34654812664
 20
1714.4048788625878
 10
47660.34654812664
 20
1166.4225999592206
 10
47578.0186881974
 20
1039.9651509815203
 10
47660.34654812664
 20
871.3552190112534
 10
47660.34654812664
 20
660.5928040484199
 10
47660.34654812664
 20
871.3552190112534
 10
47742.67440805588
 20
997.8126679889536
 10
47660.34654812664
 20
1292.8800489369207
 10
47660.34654812664
 20
1714.4048788625878
 10
47742.67440805588
 20
1798.7098448477213
 10
47907.33012791435
 20
1798.7098448477213
 10
47948.494057878976
 20
1756.5573618551546
 10
48195.47763766669
 20
1798.7098448477213
 10
48277.805497595924
 20
1714.4048788625878
 10
48277.805497595924
 20
1461.4899809071876
 10
48277.805497595924
 20
1714.4048788625878
 10
48360.13335752517
 20
1798.7098448477213
 10
48483.62514741902
 20
1798.7098448477213
 10
48565.95300734827
 20
1714.4048788625878
 10
48565.95300734827
 20
1124.2701169666539
 10
48442.4612174544
 20
997.8126679889536
 10
48277.805497595924
 20
1208.5750829517872
 10
48318.96942756055
 20
1292.8800489369207
 10
48277.805497595924
 20
1377.185014922054
 10
48277.805497595924
 20
1124.2701169666539
 10
48195.47763766669
 20
1039.9651509815203
 10
48071.98584777283
 20
1039.9651509815203
 10
47989.657987843595
 20
1124.2701169666539
 10
47989.657987843595
 20
1335.0325319294875
 10
47989.657987843595
 20
1166.4225999592206
 10
47948.494057878976
 20
1082.117633974087
 10
47825.00226798512
 20
997.8126679889536
 10
47989.657987843595
 20
871.3552190112534
 10
48071.98584777283
 20
997.8126679889536
 10
48195.47763766669
 20
997.8126679889536
 10
48277.805497595924
 20
871.3552190112534
 10
48401.29728748979
 20
997.8126679889536
 10
48483.62514741902
 20
997.8126679889536
 10
48607.11693731289
 20
829.2027360186868
 10
48565.95300734827
 20
407.6779060930196
 10
48483.62514741902
 20
323.37294010788617
 10
48401.29728748979
 20
323.37294010788617
 10
48318.96942756055
 20
407.6779060930196
 10
48277.805497595924
 20
660.5928040484199
 10
48277.805497595924
 20
407.6779060930196
 10
48195.47763766669
 20
323.37294010788617
 10
48071.98584777283
 20
323.37294010788617
 10
47989.657987843595
 20
407.6779060930196
 10
47989.657987843595
 20
534.1353550707197
 10
47989.657987843595
 20
449.8303890855863
 10
47907.33012791435
 20
323.37294010788617
 10
47783.8383380205
 20
323.37294010788617
 10
47660.34654812664
 20
449.8303890855863
 10
47660.34654812664
 20
534.1353550707197
 10
47660.34654812664
 20
407.6779060930196
 10
47578.0186881974
 20
323.37294010788617
 10
47495.690828268154
 20
323.37294010788617
 10
47413.36296833892
 20
407.6779060930196
 10
47289.871178445064
 20
323.37294010788617
 10
47166.379388551206
 20
323.37294010788617
 10
47084.05152862197
 20
407.6779060930196
 10
46960.5597387281
 20
323.37294010788617
 10
46754.740088905004
 20
323.37294010788617
 10
45766.805769754144
 20
787.05025302612
 10
45684.477909824906
 20
787.05025302612
 10
45560.98611993105
 20
913.5077020038202
  0
LWPOLYLINE
  5
88
330
17
100
AcDbEntity
  8
RASTER_CONTOURS
100
AcDbPolyline
 90
6
 70
1
 10
39715.70806495509
 20
3526.9616475429616
 10
39674.544134990465
 20
3526.9616475429616
 10
39633.380205025845
 20
3442.656681557828
 10
39262.90483534427
 20
3274.046749587561
 10
39551.05234509661
 20
3274.046749587561
 10
39509.888415131994
 20
3358.3517155726945
  0
LWPOLYLINE
  5
89
330
17
100
AcDbEntity
  8
RASTER_CONTOURS
100
AcDbPolyline
 90
4
 70
1
 10
42720.674952372305
 20
3569.114130535528
 10
42597.18316247845
 20
3400.5041985652615
 10
42432.52744261997
 20
3358.3517155726945
 10
42720.674952372305
 20
3442.656681557828
  0
LWPOLYLINE
  5
8A
330
17
100
AcDbEntity
  8
RASTER_CONTOURS
100
AcDbPolyline
 90
5
 70
1
 10
41362.26526353986
 20
3569.114130535528
 10
41362.26526353986
 20
3442.656681557828
 10
41568.08491336296
 20
3358.3517155726945
 10
41691.57670325682
 20
3400.5041985652615
 10
41526.92098339834
 20
3400.5041985652615
  0
LWPOLYLINE
  5
8B
330
17
100
AcDbEntity
  8
RASTER_CONTOURS
100
AcDbPolyline
 90
28
 70
1
 10
44820.0353805679
 20
3653.4190965206617
 10
45190.51075024947
 20
3653.4190965206617
 10
45272.83861017871
 20
3569.114130535528
 10
45272.83861017871
 20
3442.656681557828
 10
45314.00254014333
 20
3400.5041985652615
 10
45314.00254014333
 20
1335.0325319294875
 10
45272.83861017871
 20
1292.8800489369207
 10
45272.83861017871
 20
1039.9651509815203
 10
45314.00254014333
 20
997.8126679889536
 10
45272.83861017871
 20
744.8977700335533
 10
45314.00254014333
 20
702.7452870409866
 10
45272.83861017871
 20
660.5928040484199
 10
45272.83861017871
 20
281.22045711531945
 10
45190.51075024947
 20
196.91549113018598
 10
45149.34682028485
 20
239.0679741227527
 10
44943.527170461755
 20
196.91549113018598
 10
44820.0353805679
 20
323.37294010788617
 10
44820.0353805679
 20
534.1353550707197
 10
44696.54359067404
 20
660.5928040484199
 10
44573.05180078018
 20
576.2878380632865
 10
44449.56001088633
 20
576.2878380632865
 10
44367.23215095708
 20
660.5928040484199
 10
44367.23215095708
 20
2852.521919661894
 10
44449.56001088633
 20
2936.826885647027
 10
44573.05180078018
 20
2936.826885647027
 10
44696.54359067404
 20
2810.369436669327
 10
44696.54359067404
 20
2641.7595046990555
 10
44737.70752063866
 20
3569.114130535528
  0
LWPOLYLINE
  5
8C
330
17
100
AcDbEntity
  8
RASTER_CONTOURS
100
AcDbPolyline
 90
23
 70
1
 10
36710.74117753787
 20
3653.4190965206617
 10
36793.06903746711
 20
3569.114130535528
 10
36793.06903746711
 20
2430.9970897362223
 10
36751.90510750249
 20
2388.8446067436553
 10
36669.57724757325
 20
2430.9970897362223
 10
36669.57724757325
 20
3442.656681557828
 10
36587.24938764401
 20
3526.9616475429616
 10
35640.478998457766
 20
3526.9616475429616
 10
35599.315068493146
 20
3400.5041985652615
 10
35599.315068493146
 20
196.91549113018598
 10
35558.15113852853
 20
154.76300813761927
 10
35516.98720856391
 20
196.91549113018598
 10
35516.98720856391
 20
3442.656681557828
 10
35434.65934863467
 20
3526.9616475429616
 10
34899.528259094615
 20
3526.9616475429616
 10
34817.20039916538
 20
3611.2666135280947
 10
34858.364329129996
 20
3653.4190965206617
 10
35105.34790891771
 20
3653.4190965206617
 10
35146.51183888233
 20
3611.2666135280947
 10
35270.00362877619
 20
3653.4190965206617
 10
35805.13471831624
 20
3653.4190965206617
 10
35846.29864828086
 20
3611.2666135280947
 10
35887.46257824548
 20
3653.4190965206617
  0
LWPOLYLINE
  5
8D
330
17
100
AcDbEntity
  8
RASTER_CONTOURS
100
AcDbPolyline
 90
26
 70
1
 10
33088.31534065136
 20
3653.4190965206617
 10
33870.43000997913
 20
3653.4190965206617
 10
33911.59393994375
 20
3611.2666135280947
 10
33829.26608001451
 20
3526.9616475429616
 10
33623.44643019141
 20
3526.9616475429616
 10
33582.28250022679
 20
3484.8091645503946
 10
33582.28250022679
 20
3021.1318516321608
 10
33458.790710332934
 20
2852.521919661894
 10
33335.298920439076
 20
2894.6744026544607
 10
33252.97106050984
 20
2852.521919661894
 10
33211.80713054522
 20
2768.2169536767606
 10
33211.80713054522
 20
618.4403210558531
 10
33252.97106050984
 20
576.2878380632865
 10
33417.626780368315
 20
576.2878380632865
 10
33541.11857026217
 20
491.98287207815304
 10
33582.28250022679
 20
365.5254231004529
 10
33541.11857026217
 20
112.61052514505255
 10
33623.44643019141
 20
-55.99940682521432
 10
33582.28250022679
 20
-140.30437281034776
 10
32964.8235507575
 20
-140.30437281034776
 10
32923.65962079288
 20
-98.15188981778104
 10
32964.8235507575
 20
28.305559159919113
 10
32964.8235507575
 20
449.8303890855863
 10
33088.31534065136
 20
660.5928040484199
 10
33088.31534065136
 20
3526.9616475429616
 10
33047.15141068674
 20
3569.114130535528
  0
LWPOLYLINE
  5
8E
330
17
100
AcDbEntity
  8
RASTER_CONTOURS
100
AcDbPolyline
 90
7
 70
1
 10
40456.65880431824
 20
3695.5715795132282
 10
40497.822734282854
 20
3737.7240625057952
 10
40827.13417399982
 20
3737.7240625057952
 10
40909.46203392905
 20
3611.2666135280947
 10
40827.13417399982
 20
3526.9616475429616
 10
40497.822734282854
 20
3526.9616475429616
 10
40456.65880431824
 20
3569.114130535528
  0
LWPOLYLINE
  5
8F
330
17
100
AcDbEntity
  8
RASTER_CONTOURS
100
AcDbPolyline
 90
6
 70
1
 10
28436.791254649368
 20
3611.2666135280947
 10
28601.446974507842
 20
3737.7240625057952
 10
28683.77483443708
 20
3737.7240625057952
 10
28766.10269436632
 20
3653.4190965206617
 10
28724.9387644017
 20
3569.114130535528
 10
28477.955184613984
 20
3569.114130535528
  0
LWPOLYLINE
  5
90
330
17
100
AcDbEntity
  8
RASTER_CONTOURS
100
AcDbPolyline
 90
43
 70
1
 10
22838.496779461122
 20
4327.858824401729
 10
22879.660709425745
 20
4285.706341409163
 10
22797.332849496503
 20
4201.401375424029
 10
22715.004989567264
 20
4201.401375424029
 10
22262.20175995645
 20
3948.4864774686284
 10
22262.20175995645
 20
3484.8091645503946
 10
22138.70997006259
 20
3400.5041985652615
 10
21932.890320239498
 20
3400.5041985652615
 10
21850.56246031026
 20
3316.199232580128
 10
21644.74281048716
 20
3316.199232580128
 10
21603.57888052254
 20
3358.3517155726945
 10
21603.57888052254
 20
3611.2666135280947
 10
21480.08709062868
 20
3695.5715795132282
 10
21397.75923069944
 20
3653.4190965206617
 10
19092.579152680755
 20
3695.5715795132282
 10
19010.251292751516
 20
3611.2666135280947
 10
19010.251292751516
 20
70.45804215248583
 10
19051.415222716136
 20
-13.846923832647605
 10
18927.923432822274
 20
-98.15188981778104
 10
18845.595572893042
 20
-13.846923832647605
 10
18927.923432822274
 20
281.22045711531945
 10
18886.759502857658
 20
323.37294010788617
 10
18886.759502857658
 20
3400.5041985652615
 10
18927.923432822274
 20
3442.656681557828
 10
18886.759502857658
 20
3779.876545498362
 10
18927.923432822274
 20
3822.0290284909283
 10
20821.46421119477
 20
3822.0290284909283
 10
20862.62814115939
 20
3779.876545498362
 10
21274.267440805586
 20
3779.876545498362
 10
21315.431370770202
 20
3822.0290284909283
 10
21438.923160664064
 20
3779.876545498362
 10
21480.08709062868
 20
3822.0290284909283
 10
21562.414950557923
 20
3779.876545498362
 10
21644.74281048716
 20
3822.0290284909283
 10
21644.74281048716
 20
4412.163790386862
 10
21685.906740451777
 20
4454.316273379429
 10
21768.234600381016
 20
4412.163790386862
 10
21768.234600381016
 20
4159.248892431462
 10
21850.56246031026
 20
4117.0964094388955
 10
22056.382110133352
 20
4117.0964094388955
 10
22097.546040097975
 20
4159.248892431462
 10
22344.52961988569
 20
4117.0964094388955
 10
22550.349269708786
 20
4243.553858416596
  0
LWPOLYLINE
  5
91
330
17
100
AcDbEntity
  8
RASTER_CONTOURS
100
AcDbPolyline
 90
5
 70
1
 10
32223.87281139435
 20
4833.68862031253
 10
32182.708881429735
 20
4791.536137319963
 10
32182.708881429735
 20
4538.621239364563
 10
32223.87281139435
 20
4538.621239364563
 10
32306.20067132359
 20
4665.0786883422625
  0
LWPOLYLINE
  5
92
330
17
100
AcDbEntity
  8
RASTER_CONTOURS
100
AcDbPolyline
 90
4
 70
1
 10
44778.87145060328
 20
4875.841103305096
 10
44778.87145060328
 20
4496.468756371996
 10
44820.0353805679
 20
4496.468756371996
 10
44778.87145060328
 20
4538.621239364563
  0
LWPOLYLINE
  5
93
330
17
100
AcDbEntity
  8
RASTER_CONTOURS
100
AcDbPolyline
 90
7
 70
1
 10
41403.42919350449
 20
4875.841103305096
 10
41362.26526353986
 20
4833.68862031253
 10
41032.953823822914
 20
4833.68862031253
 10
40991.78989385829
 20
4749.3836543273965
 10
41032.953823822914
 20
4707.23117133483
 10
41321.10133357524
 20
4707.23117133483
 10
41403.42919350449
 20
4665.0786883422625
  0
LWPOLYLINE
  5
94
330
17
100
AcDbEntity
  8
RASTER_CONTOURS
100
AcDbPolyline
 90
6
 70
1
 10
38151.47872629955
 20
4917.993586297664
 10
38110.31479633493
 20
4749.3836543273965
 10
38192.64265626417
 20
4580.773722357129
 10
38192.64265626417
 20
4707.23117133483
 10
38274.97051619341
 20
4791.536137319963
 10
38192.64265626417
 20
4917.993586297664
  0
LWPOLYLINE
  5
95
330
17
100
AcDbEntity
  8
RASTER_CONTOURS
100
AcDbPolyline
 90
41
 70
1
 10
50541.821645649994
 20
4791.536137319963
 10
50459.49378572076
 20
4538.621239364563
 10
50459.49378572076
 20
3737.7240625057952
 10
50336.0019958269
 20
3611.2666135280947
 10
50253.674135897665
 20
3653.4190965206617
 10
49636.215186428366
 20
3653.4190965206617
 10
49595.05125646375
 20
3611.2666135280947
 10
49471.559466569895
 20
3653.4190965206617
 10
49348.06767667604
 20
3611.2666135280947
 10
49306.90374671142
 20
3653.4190965206617
 10
48812.93658713598
 20
3653.4190965206617
 10
48771.772657171365
 20
3611.2666135280947
 10
48689.444797242126
 20
3653.4190965206617
 10
46754.740088905004
 20
3653.4190965206617
 10
46301.9368592942
 20
3484.8091645503946
 10
46013.789349541854
 20
3316.199232580128
 10
45890.297559648
 20
3316.199232580128
 10
45766.805769754144
 20
3231.8942665949944
 10
45684.477909824906
 20
3231.8942665949944
 10
45478.65826000181
 20
3063.2843346247278
 10
45437.49433003718
 20
2936.826885647027
 10
45355.16647010795
 20
3189.741783602428
 10
45355.16647010795
 20
3653.4190965206617
 10
45314.00254014333
 20
3695.5715795132282
 10
44696.54359067404
 20
3695.5715795132282
 10
44655.37966070943
 20
3653.4190965206617
 10
44655.37966070943
 20
3105.4368176172943
 10
44573.05180078018
 20
3021.1318516321608
 10
44408.3960809217
 20
3021.1318516321608
 10
44243.740361063225
 20
2936.826885647027
 10
44202.576431098605
 20
2978.979368639594
 10
44202.576431098605
 20
3864.1815114834953
 10
44161.412501133986
 20
3906.333994476062
 10
44202.576431098605
 20
3990.6389604611954
 10
49018.756236959074
 20
3990.6389604611954
 10
49059.92016692369
 20
3948.4864774686284
 10
49348.06767667604
 20
3948.4864774686284
 10
49595.05125646375
 20
4032.791443453762
 10
49595.05125646375
 20
4917.993586297664
 10
49677.37911639299
 20
5002.298552282797
 10
50418.32985575614
 20
5002.298552282797
  0
LWPOLYLINE
  5
96
330
17
100
AcDbEntity
  8
RASTER_CONTOURS
100
AcDbPolyline
 90
28
 70
1
 10
20656.80849133629
 20
5086.60351826793
 10
20615.644561371675
 20
5044.451035275363
 10
20615.644561371675
 20
4875.841103305096
 10
20656.80849133629
 20
4833.68862031253
 10
20780.300281230153
 20
4875.841103305096
 10
20862.62814115939
 20
4791.536137319963
 10
20739.13635126553
 20
4749.3836543273965
 10
20739.13635126553
 20
4622.926205349696
 10
20780.300281230153
 20
4580.773722357129
 10
20739.13635126553
 20
4496.468756371996
 10
20780.300281230153
 20
4454.316273379429
 10
20697.972421300914
 20
4412.163790386862
 10
20656.80849133629
 20
4327.858824401729
 10
20739.13635126553
 20
4285.706341409163
 10
20862.62814115939
 20
4327.858824401729
 10
21397.75923069944
 20
4285.706341409163
 10
21438.923160664064
 20
4327.858824401729
 10
21274.267440805586
 20
4454.316273379429
 10
21315.431370770202
 20
4496.468756371996
 10
21315.431370770202
 20
4749.3836543273965
 10
21274.267440805586
 20
4833.68862031253
 10
21315.431370770202
 20
4875.841103305096
 10
21397.75923069944
 20
4833.68862031253
 10
21438.923160664064
 20
4875.841103305096
 10
21438.923160664064
 20
5044.451035275363
 10
21397.75923069944
 20
5086.60351826793
 10
21150.775650911728
 20
5086.60351826793
 10
21109.611720947105
 20
5128.756001260497
  0
LWPOLYLINE
  5
97
330
17
100
AcDbEntity
  8
RASTER_CONTOURS
100
AcDbPolyline
 90
57
 70
1
 10
18722.10378299918
 20
4960.14606929023
 10
18804.43164292842
 20
4833.68862031253
 10
18804.43164292842
 20
4749.3836543273965
 10
18680.93985303456
 20
4622.926205349696
 10
18804.43164292842
 20
4496.468756371996
 10
18722.10378299918
 20
4370.011307394296
 10
18763.2677129638
 20
4285.706341409163
 10
18845.595572893042
 20
4327.858824401729
 10
18927.923432822274
 20
4580.773722357129
 10
19051.415222716136
 20
4496.468756371996
 10
18969.087362786897
 20
4370.011307394296
 10
19010.251292751516
 20
4327.858824401729
 10
19051.415222716136
 20
4370.011307394296
 10
19257.234872539233
 20
4327.858824401729
 10
19339.562732468472
 20
4412.163790386862
 10
19463.05452236233
 20
4327.858824401729
 10
19504.218452326946
 20
4370.011307394296
 10
19463.05452236233
 20
4496.468756371996
 10
19545.38238229157
 20
4580.773722357129
 10
19463.05452236233
 20
4665.0786883422625
 10
19586.54631225619
 20
4791.536137319963
 10
19668.874172185428
 20
4791.536137319963
 10
19792.365962079282
 20
4707.23117133483
 10
19792.365962079282
 20
4327.858824401729
 10
19874.69382200852
 20
4370.011307394296
 10
19874.69382200852
 20
4791.536137319963
 10
20080.51347183162
 20
4875.841103305096
 10
20121.67740179624
 20
4833.68862031253
 10
20121.67740179624
 20
4370.011307394296
 10
20204.00526172548
 20
4327.858824401729
 10
20286.33312165472
 20
4496.468756371996
 10
20450.988841513194
 20
4496.468756371996
 10
20450.988841513194
 20
4580.773722357129
 10
20327.49705161934
 20
4580.773722357129
 10
20245.1691916901
 20
4665.0786883422625
 10
20450.988841513194
 20
4749.3836543273965
 10
20450.988841513194
 20
4791.536137319963
 10
20286.33312165472
 20
4875.841103305096
 10
20492.152771477817
 20
4960.14606929023
 10
20245.1691916901
 20
5002.298552282797
 10
20121.67740179624
 20
5128.756001260497
 10
20039.349541867003
 20
5128.756001260497
 10
19998.185611902383
 20
5002.298552282797
 10
19957.021681937764
 20
5128.756001260497
 10
19874.69382200852
 20
5128.756001260497
 10
19792.365962079282
 20
4960.14606929023
 10
19627.710242220808
 20
4791.536137319963
 10
19463.05452236233
 20
4960.14606929023
 10
19463.05452236233
 20
5086.60351826793
 10
19298.39880250385
 20
5170.908484253064
 10
19133.74308264537
 20
5170.908484253064
 10
19051.415222716136
 20
5086.60351826793
 10
19051.415222716136
 20
4960.14606929023
 10
19010.251292751516
 20
4917.993586297664
 10
18886.759502857658
 20
5002.298552282797
 10
18886.759502857658
 20
5128.756001260497
 10
18845.595572893042
 20
5128.756001260497
  0
LWPOLYLINE
  5
98
330
17
100
AcDbEntity
  8
RASTER_CONTOURS
100
AcDbPolyline
 90
18
 70
1
 10
52558.854213916355
 20
5297.365933230763
 10
52600.01814388097
 20
5339.51841622333
 10
54040.755692642655
 20
5339.51841622333
 10
54081.91962260727
 20
5297.365933230763
 10
54081.91962260727
 20
4960.14606929023
 10
54123.08355257189
 20
4917.993586297664
 10
54123.08355257189
 20
4496.468756371996
 10
54040.755692642655
 20
4243.553858416596
 10
53999.59176267803
 20
4201.401375424029
 10
53876.09997278418
 20
4243.553858416596
 10
53793.77211285493
 20
4201.401375424029
 10
53629.11639299645
 20
4285.706341409163
 10
53052.82137349178
 20
4285.706341409163
 10
52888.16565363331
 20
4370.011307394296
 10
52600.01814388097
 20
4370.011307394296
 10
52517.690283951735
 20
4496.468756371996
 10
52517.690283951735
 20
5128.756001260497
 10
52558.854213916355
 20
5170.908484253064
  0
LWPOLYLINE
  5
99
330
17
100
AcDbEntity
  8
RASTER_CONTOURS
100
AcDbPolyline
 90
2
 70
1
 10
32223.87281139435
 20
5297.365933230763
 10
32223.87281139435
 20
5002.298552282797
  0
LWPOLYLINE
  5
9A
330
17
100
AcDbEntity
  8
RASTER_CONTOURS
100
AcDbPolyline
 90
8
 70
1
 10
27037.217635852303
 20
5550.280831186164
 10
27160.70942574616
 20
5550.280831186164
 10
27201.873355710784
 20
5508.128348193597
 10
27201.873355710784
 20
5213.06096724563
 10
27160.70942574616
 20
5170.908484253064
 10
27078.381565816926
 20
5170.908484253064
 10
26996.053705887687
 20
5255.213450238197
 10
26996.053705887687
 20
5508.128348193597
  0
LWPOLYLINE
  5
9B
330
17
100
AcDbEntity
  8
RASTER_CONTOURS
100
AcDbPolyline
 90
4
 70
1
 10
42885.33067223078
 20
5929.653178119264
 10
42803.00281230154
 20
5803.195729141565
 10
42803.00281230154
 20
5676.738280163864
 10
42885.33067223078
 20
5718.890763156431
  0
LWPOLYLINE
  5
9C
330
17
100
AcDbEntity
  8
RASTER_CONTOURS
100
AcDbPolyline
 90
6
 70
1
 10
33746.93822008527
 20
6013.958144104397
 10
33788.10215004989
 20
6056.110627096965
 10
33993.92179987299
 20
6056.110627096965
 10
34035.08572983761
 20
5971.805661111831
 10
33952.75786990837
 20
5887.500695126698
 10
33829.26608001451
 20
5887.500695126698
  0
LWPOLYLINE
  5
9D
330
17
100
AcDbEntity
  8
RASTER_CONTOURS
100
AcDbPolyline
 90
7
 70
1
 10
32594.348181075926
 20
6098.263110089531
 10
32635.51211104055
 20
6056.110627096965
 10
32759.003900934407
 20
6056.110627096965
 10
32841.33176086364
 20
5929.653178119264
 10
32676.676041005165
 20
5803.195729141565
 10
32553.18425111131
 20
5803.195729141565
 10
32470.85639118207
 20
5929.653178119264
  0
LWPOLYLINE
  5
9E
330
17
100
AcDbEntity
  8
RASTER_CONTOURS
100
AcDbPolyline
 90
8
 70
1
 10
39304.0687653089
 20
5887.500695126698
 10
39304.0687653089
 20
6393.330491037503
 10
39386.39662523813
 20
6477.635457022637
 10
41650.412773292206
 20
6477.635457022637
 10
41732.74063322144
 20
6393.330491037503
 10
41650.412773292206
 20
6013.958144104397
 10
41485.75705343372
 20
5803.195729141565
 10
39386.39662523813
 20
5803.195729141565
  0
LWPOLYLINE
  5
9F
330
17
100
AcDbEntity
  8
RASTER_CONTOURS
100
AcDbPolyline
 90
9
 70
1
 10
34199.741449696085
 20
6477.635457022637
 10
34240.905379660704
 20
6435.482974030069
 10
34240.905379660704
 20
6266.8730420597985
 10
34323.23323958994
 20
6182.5680760746645
 10
34323.23323958994
 20
6056.110627096965
 10
34364.39716955456
 20
6013.958144104397
 10
34240.905379660704
 20
5887.500695126698
 10
34117.413589766846
 20
5971.805661111831
 10
34117.413589766846
 20
6351.178008044936
  0
LWPOLYLINE
  5
A0
330
17
100
AcDbEntity
  8
RASTER_CONTOURS
100
AcDbPolyline
 90
78
 70
1
 10
32223.87281139435
 20
5676.738280163864
 10
32265.036741358974
 20
5887.500695126698
 10
32347.364601288213
 20
6013.958144104397
 10
32347.364601288213
 20
6140.415593082098
 10
32429.692461217448
 20
6266.8730420597985
 10
32470.85639118207
 20
6224.720559067231
 10
32470.85639118207
 20
6098.263110089531
 10
32388.528531252832
 20
5803.195729141565
 10
32429.692461217448
 20
5761.043246148997
 10
32841.33176086364
 20
5761.043246148997
 10
32882.49569082826
 20
5845.348212134131
 10
32882.49569082826
 20
5971.805661111831
 10
32841.33176086364
 20
6013.958144104397
 10
32882.49569082826
 20
6056.110627096965
 10
32882.49569082826
 20
6435.482974030069
 10
32964.8235507575
 20
6519.787940015203
 10
33582.28250022679
 20
6519.787940015203
 10
33664.61036015603
 20
6435.482974030069
 10
33664.61036015603
 20
6056.110627096965
 10
33705.77429012065
 20
6013.958144104397
 10
33664.61036015603
 20
5887.500695126698
 10
33705.77429012065
 20
5845.348212134131
 10
34076.249659802226
 20
5845.348212134131
 10
34117.413589766846
 20
5803.195729141565
 10
34240.905379660704
 20
5845.348212134131
 10
34364.39716955456
 20
5803.195729141565
 10
34405.56109951918
 20
5845.348212134131
 10
34817.20039916538
 20
5845.348212134131
 10
34858.364329129996
 20
5803.195729141565
 10
34981.856119023854
 20
5803.195729141565
 10
35023.020048988474
 20
5845.348212134131
 10
35434.65934863467
 20
5845.348212134131
 10
35475.82327859929
 20
5803.195729141565
 10
35640.478998457766
 20
5803.195729141565
 10
35681.642928422385
 20
5845.348212134131
 10
35805.13471831624
 20
5803.195729141565
 10
35887.46257824548
 20
5845.348212134131
 10
35969.79043817472
 20
5803.195729141565
 10
36257.93794792706
 20
5803.195729141565
 10
36299.10187789168
 20
5845.348212134131
 10
36340.265807856296
 20
5803.195729141565
 10
36381.429737820916
 20
5845.348212134131
 10
36504.921527714774
 20
5803.195729141565
 10
36669.57724757325
 20
5803.195729141565
 10
36710.74117753787
 20
5845.348212134131
 10
36998.8886872902
 20
5845.348212134131
 10
37040.05261725483
 20
5803.195729141565
 10
37163.544407148685
 20
5803.195729141565
 10
37204.708337113305
 20
5845.348212134131
 10
37451.69191690102
 20
5845.348212134131
 10
37492.85584686564
 20
5803.195729141565
 10
37781.00335661798
 20
5803.195729141565
 10
37822.1672865826
 20
5845.348212134131
 10
37904.495146511836
 20
5803.195729141565
 10
38316.13444615802
 20
5803.195729141565
 10
38398.46230608727
 20
5845.348212134131
 10
38398.46230608727
 20
6435.482974030069
 10
38480.79016601651
 20
6519.787940015203
 10
38521.95409598112
 20
6477.635457022637
 10
39180.57697541503
 20
6477.635457022637
 10
39221.74090537966
 20
6435.482974030069
 10
39221.74090537966
 20
5803.195729141565
 10
39304.0687653089
 20
5718.890763156431
 10
41609.24884332759
 20
5718.890763156431
 10
41773.90456318606
 20
6224.720559067231
 10
41773.90456318606
 20
6351.178008044936
 10
41856.232423115296
 20
6435.482974030069
 10
41979.72421300916
 20
6393.330491037503
 10
41815.068493150684
 20
5676.738280163864
 10
41732.74063322144
 20
5550.280831186164
 10
33211.80713054522
 20
5550.280831186164
 10
33170.6432005806
 20
5592.433314178731
 10
33088.31534065136
 20
5550.280831186164
 10
32923.65962079288
 20
5550.280831186164
 10
32882.49569082826
 20
5592.433314178731
 10
32676.676041005165
 20
5550.280831186164
 10
32635.51211104055
 20
5592.433314178731
 10
32306.20067132359
 20
5592.433314178731
  0
LWPOLYLINE
  5
A1
330
17
100
AcDbEntity
  8
RASTER_CONTOURS
100
AcDbPolyline
 90
9
 70
1
 10
49965.52662614532
 20
6561.94042300777
 10
49965.52662614532
 20
6098.263110089531
 10
49842.03483625147
 20
5971.805661111831
 10
49718.54304635761
 20
5971.805661111831
 10
49595.05125646375
 20
5803.195729141565
 10
49759.706976322224
 20
5803.195729141565
 10
49800.870906286844
 20
5845.348212134131
 10
49924.36269618071
 20
5803.195729141565
 10
49965.52662614532
 20
5845.348212134131
  0
LWPOLYLINE
  5
A2
330
17
100
AcDbEntity
  8
RASTER_CONTOURS
100
AcDbPolyline
 90
52
 70
1
 10
34240.905379660704
 20
6772.7028379706035
 10
34240.905379660704
 20
6730.550354978037
 10
34282.06930962532
 20
6772.7028379706035
 10
34405.56109951918
 20
6772.7028379706035
 10
34446.7250294838
 20
6730.550354978037
 10
34570.21681937766
 20
6730.550354978037
 10
34611.38074934228
 20
6772.7028379706035
 10
34734.87253923614
 20
6646.245388992903
 10
34776.03646920076
 20
6646.245388992903
 10
34817.20039916538
 20
6730.550354978037
 10
35187.67576884695
 20
6730.550354978037
 10
35270.00362877619
 20
6604.092906000336
 10
35270.00362877619
 20
6519.787940015203
 10
35270.00362877619
 20
6604.092906000336
 10
35352.33148870543
 20
6730.550354978037
 10
35722.806858387004
 20
6730.550354978037
 10
35805.13471831624
 20
6604.092906000336
 10
35846.29864828086
 20
6604.092906000336
 10
35928.6265082101
 20
6730.550354978037
 10
36257.93794792706
 20
6730.550354978037
 10
36340.265807856296
 20
6646.245388992903
 10
36463.757597750155
 20
6730.550354978037
 10
36834.23296743173
 20
6730.550354978037
 10
36875.39689739635
 20
6646.245388992903
 10
36998.8886872902
 20
6730.550354978037
 10
37328.20012700716
 20
6730.550354978037
 10
37451.69191690102
 20
6561.94042300777
 10
37534.01977683026
 20
6688.39787198547
 10
37863.33121654721
 20
6730.550354978037
 10
37945.65907647645
 20
6646.245388992903
 10
37945.65907647645
 20
6561.94042300777
 10
37945.65907647645
 20
6814.85532096317
 10
37616.3476367595
 20
6814.85532096317
 10
37575.18370679487
 20
6772.7028379706035
 10
37410.5279869364
 20
6772.7028379706035
 10
37369.36405697178
 20
6814.85532096317
 10
37163.544407148685
 20
6814.85532096317
 10
37122.380477184066
 20
6772.7028379706035
 10
36587.24938764401
 20
6814.85532096317
 10
36422.593667785535
 20
6730.550354978037
 10
36299.10187789168
 20
6814.85532096317
 10
35969.79043817472
 20
6814.85532096317
 10
35928.6265082101
 20
6772.7028379706035
 10
35846.29864828086
 20
6814.85532096317
 10
35475.82327859929
 20
6814.85532096317
 10
35434.65934863467
 20
6772.7028379706035
 10
35311.16755874081
 20
6772.7028379706035
 10
35270.00362877619
 20
6814.85532096317
 10
34899.528259094615
 20
6814.85532096317
 10
34858.364329129996
 20
6772.7028379706035
 10
34446.7250294838
 20
6814.85532096317
 10
34405.56109951918
 20
6772.7028379706035
  0
LWPOLYLINE
  5
A3
330
17
100
AcDbEntity
  8
RASTER_CONTOURS
100
AcDbPolyline
 90
24
 70
1
 10
28477.955184613984
 20
6772.7028379706035
 10
28766.10269436632
 20
6772.7028379706035
 10
28848.43055429556
 20
6646.245388992903
 10
28930.758414224798
 20
6772.7028379706035
 10
29260.069853941754
 20
6772.7028379706035
 10
29342.397713870992
 20
6730.550354978037
 10
29383.56164383561
 20
6646.245388992903
 10
29465.889503764854
 20
6730.550354978037
 10
29589.38129365871
 20
6730.550354978037
 10
29630.54522362333
 20
6772.7028379706035
 10
29836.364873446426
 20
6772.7028379706035
 10
29959.85666334028
 20
6688.39787198547
 10
30001.020593304904
 20
6772.7028379706035
 10
30165.67631316338
 20
6730.550354978037
 10
30453.823822915718
 20
6814.85532096317
 10
30371.49596298648
 20
6857.007803955737
 10
30248.00417309262
 20
6857.007803955737
 10
30206.840243128
 20
6814.85532096317
 10
29671.709153587944
 20
6857.007803955737
 10
29507.05343372947
 20
6772.7028379706035
 10
29342.397713870992
 20
6857.007803955737
 10
29218.905923977134
 20
6857.007803955737
 10
29177.74199401252
 20
6814.85532096317
 10
28477.955184613984
 20
6814.85532096317
  0
LWPOLYLINE
  5
A4
330
17
100
AcDbEntity
  8
RASTER_CONTOURS
100
AcDbPolyline
 90
49
 70
1
 10
23908.75895854123
 20
4749.3836543273965
 10
23949.922888505847
 20
4833.68862031253
 10
24114.57860836432
 20
4875.841103305096
 10
24320.398258187422
 20
5044.451035275363
 10
24979.021137621334
 20
5044.451035275363
 10
25020.185067585953
 20
5002.298552282797
 10
25061.34899755057
 20
5044.451035275363
 10
25267.16864737367
 20
5044.451035275363
 10
25308.33257733829
 20
5002.298552282797
 10
25349.496507302905
 20
5044.451035275363
 10
26913.72584595845
 20
5044.451035275363
 10
26954.889775923064
 20
5002.298552282797
 10
27201.873355710784
 20
5002.298552282797
 10
27284.201215640023
 20
5086.60351826793
 10
27284.201215640023
 20
6857.007803955737
 10
27243.0372856754
 20
6899.160286948304
 10
27284.201215640023
 20
6941.312769940871
 10
27531.184795427736
 20
6899.160286948304
 10
28148.643744897032
 20
6477.635457022637
 10
28148.643744897032
 20
5887.500695126698
 10
28189.807674861648
 20
5845.348212134131
 10
28272.135534790887
 20
5887.500695126698
 10
28313.299464755506
 20
5845.348212134131
 10
30700.80740270343
 20
5845.348212134131
 10
30824.299192597293
 20
6013.958144104397
 10
30906.627052526528
 20
6393.330491037503
 10
31071.28277238501
 20
6519.787940015203
 10
31153.61063231425
 20
6435.482974030069
 10
31153.61063231425
 20
6224.720559067231
 10
31071.28277238501
 20
6098.263110089531
 10
31030.11884242039
 20
5803.195729141565
 10
30906.627052526528
 20
5592.433314178731
 10
30289.16810305724
 20
5592.433314178731
 10
30248.00417309262
 20
5550.280831186164
 10
30124.512383198762
 20
5592.433314178731
 10
30042.18452326952
 20
5550.280831186164
 10
30001.020593304904
 20
5297.365933230763
 10
29918.692733375665
 20
5213.06096724563
 10
28766.10269436632
 20
5213.06096724563
 10
28766.10269436632
 20
4917.993586297664
 10
28642.61090447246
 20
4749.3836543273965
 10
28519.119114578607
 20
4875.841103305096
 10
25061.34899755057
 20
4875.841103305096
 10
25020.185067585953
 20
4917.993586297664
 10
24937.857207656714
 20
4875.841103305096
 10
24567.38183797514
 20
4917.993586297664
 10
24526.21790801052
 20
4875.841103305096
 10
24320.398258187422
 20
4875.841103305096
 10
23991.086818470467
 20
4707.23117133483
  0
LWPOLYLINE
  5
A5
330
17
100
AcDbEntity
  8
RASTER_CONTOURS
100
AcDbPolyline
 90
107
 70
1
 10
23785.26716864737
 20
4707.23117133483
 10
23908.75895854123
 20
4538.621239364563
 10
23991.086818470467
 20
4665.0786883422625
 10
24073.414678399706
 20
4665.0786883422625
 10
24402.726118116658
 20
4833.68862031253
 10
27448.856935498497
 20
4833.68862031253
 10
27572.34872539236
 20
4707.23117133483
 10
27654.6765853216
 20
4749.3836543273965
 10
28766.10269436632
 20
4707.23117133483
 10
28807.266624330943
 20
4749.3836543273965
 10
28807.266624330943
 20
5044.451035275363
 10
28889.59448426018
 20
5170.908484253064
 10
30042.18452326952
 20
5170.908484253064
 10
30083.348453234143
 20
5213.06096724563
 10
30083.348453234143
 20
5423.823382208464
 10
30165.67631316338
 20
5508.128348193597
 10
30906.627052526528
 20
5508.128348193597
 10
30988.954912455767
 20
5465.9758652010305
 10
31071.28277238501
 20
5634.585797171298
 10
31071.28277238501
 20
5803.195729141565
 10
31153.61063231425
 20
5971.805661111831
 10
31153.61063231425
 20
6098.263110089531
 10
31318.266352172726
 20
6393.330491037503
 10
31318.266352172726
 20
6519.787940015203
 10
31235.938492243487
 20
6604.092906000336
 10
31030.11884242039
 20
6561.94042300777
 10
30947.79098249115
 20
6646.245388992903
 10
30865.463122561912
 20
6519.787940015203
 10
30783.135262632673
 20
6098.263110089531
 10
30659.643472738815
 20
5929.653178119264
 10
30124.512383198762
 20
5971.805661111831
 10
30042.18452326952
 20
6098.263110089531
 10
30001.020593304904
 20
6098.263110089531
 10
30001.020593304904
 20
5971.805661111831
 10
29959.85666334028
 20
5929.653178119264
 10
29877.528803411045
 20
5971.805661111831
 10
29630.54522362333
 20
5971.805661111831
 10
29465.889503764854
 20
6140.415593082098
 10
29507.05343372947
 20
6013.958144104397
 10
29465.889503764854
 20
5971.805661111831
 10
29054.250204118656
 20
5971.805661111831
 10
28971.922344189417
 20
6098.263110089531
 10
28807.266624330943
 20
5971.805661111831
 10
28766.10269436632
 20
6013.958144104397
 10
28724.9387644017
 20
5971.805661111831
 10
28436.791254649368
 20
5971.805661111831
 10
28272.135534790887
 20
5887.500695126698
 10
28189.807674861648
 20
6182.5680760746645
 10
28230.97160482627
 20
6477.635457022637
 10
28313.299464755506
 20
6604.092906000336
 10
28272.135534790887
 20
6688.39787198547
 10
28107.47981493241
 20
6646.245388992903
 10
28025.15195500317
 20
6730.550354978037
 10
27983.98802503855
 20
6688.39787198547
 10
27860.496235144696
 20
6814.85532096317
 10
27737.004445250834
 20
6814.85532096317
 10
27572.34872539236
 20
6983.465252933437
 10
27366.529075569262
 20
6983.465252933437
 10
27284.201215640023
 20
7067.77021891857
 10
27160.70942574616
 20
7067.77021891857
 10
26996.053705887687
 20
7152.075184903704
 10
26831.39798602921
 20
7152.075184903704
 10
26749.070126099967
 20
7067.77021891857
 10
26790.234056064586
 20
6983.465252933437
 10
27119.545495781545
 20
6899.160286948304
 10
27201.873355710784
 20
6814.85532096317
 10
27201.873355710784
 20
5718.890763156431
 10
27119.545495781545
 20
5634.585797171298
 10
26996.053705887687
 20
5634.585797171298
 10
26954.889775923064
 20
5592.433314178731
 10
26954.889775923064
 20
5339.51841622333
 10
26913.72584595845
 20
5297.365933230763
 10
26954.889775923064
 20
5213.06096724563
 10
26872.561915993825
 20
5086.60351826793
 10
25761.135806949103
 20
5086.60351826793
 10
25719.97187698448
 20
5128.756001260497
 10
25555.316157126006
 20
5128.756001260497
 10
25514.152227161387
 20
5086.60351826793
 10
25267.16864737367
 20
5128.756001260497
 10
25143.676857479808
 20
5086.60351826793
 10
25061.34899755057
 20
5170.908484253064
 10
25061.34899755057
 20
5423.823382208464
 10
25184.84078744443
 20
5550.280831186164
 10
25308.33257733829
 20
5381.670899215897
 10
25472.988297196767
 20
5465.9758652010305
 10
25637.64401705524
 20
5465.9758652010305
 10
25637.64401705524
 20
5634.585797171298
 10
25431.824367232144
 20
5592.433314178731
 10
25308.33257733829
 20
5676.738280163864
 10
25267.16864737367
 20
5592.433314178731
 10
25143.676857479808
 20
5550.280831186164
 10
25061.34899755057
 20
5634.585797171298
 10
25061.34899755057
 20
5971.805661111831
 10
24979.021137621334
 20
5971.805661111831
 10
25061.34899755057
 20
5761.043246148997
 10
25061.34899755057
 20
5634.585797171298
 10
24979.021137621334
 20
5508.128348193597
 10
25061.34899755057
 20
5381.670899215897
 10
25061.34899755057
 20
5170.908484253064
 10
24937.857207656714
 20
5086.60351826793
 10
24485.053978045904
 20
5086.60351826793
 10
24443.89004808128
 20
5128.756001260497
 10
24073.414678399706
 20
5086.60351826793
 10
24114.57860836432
 20
5002.298552282797
 10
24032.250748435086
 20
4917.993586297664
 10
23867.59502857661
 20
4875.841103305096
 10
23785.26716864737
 20
4791.536137319963
  0
LWPOLYLINE
  5
A6
330
17
100
AcDbEntity
  8
RASTER_CONTOURS
100
AcDbPolyline
 90
10
 70
1
 10
40333.16701442438
 20
7447.142565851671
 10
40415.494874353615
 20
7447.142565851671
 10
40538.98666424748
 20
7320.68511687397
 10
40538.98666424748
 20
6857.007803955737
 10
40497.822734282854
 20
6814.85532096317
 10
40538.98666424748
 20
6646.245388992903
 10
40456.65880431824
 20
6561.94042300777
 10
40333.16701442438
 20
6561.94042300777
 10
40250.839154495145
 20
6646.245388992903
 10
40250.839154495145
 20
7362.837599866538
  0
LWPOLYLINE
  5
A7
330
17
100
AcDbEntity
  8
RASTER_CONTOURS
100
AcDbPolyline
 90
9
 70
1
 10
45931.46148961262
 20
7531.447531836804
 10
46054.95327950648
 20
7447.142565851671
 10
46054.95327950648
 20
7236.380150888837
 10
46096.1172094711
 20
7194.227667896271
 10
46096.1172094711
 20
6772.7028379706035
 10
46013.789349541854
 20
6646.245388992903
 10
45849.13362968338
 20
6646.245388992903
 10
45807.96969971876
 20
6688.39787198547
 10
45807.96969971876
 20
7447.142565851671
  0
LWPOLYLINE
  5
A8
330
17
100
AcDbEntity
  8
RASTER_CONTOURS
100
AcDbPolyline
 90
6
 70
1
 10
39098.24911548579
 20
7489.2950488442375
 10
39098.24911548579
 20
7404.990082859104
 10
39262.90483534427
 20
7404.990082859104
 10
39304.0687653089
 20
7320.68511687397
 10
39386.39662523813
 20
7320.68511687397
 10
39468.72448516737
 20
7404.990082859104
  0
LWPOLYLINE
  5
A9
330
17
100
AcDbEntity
  8
RASTER_CONTOURS
100
AcDbPolyline
 90
6
 70
1
 10
44326.06822099246
 20
7531.447531836804
 10
44161.412501133986
 20
7362.837599866538
 10
44079.084641204754
 20
7362.837599866538
 10
44037.92071124013
 20
7278.532633881404
 10
44161.412501133986
 20
7236.380150888837
 10
44367.23215095708
 20
7404.990082859104
  0
LWPOLYLINE
  5
AA
330
17
100
AcDbEntity
  8
RASTER_CONTOURS
100
AcDbPolyline
 90
17
 70
1
 10
22179.87390002721
 20
7573.6000148293715
 10
22221.037829991834
 20
7615.752497821938
 10
22344.52961988569
 20
7447.142565851671
 10
22591.51319967341
 20
7320.68511687397
 10
22797.332849496503
 20
7278.532633881404
 10
23003.1524993196
 20
7109.922701911138
 10
23085.48035924884
 20
7109.922701911138
 10
23702.93930871813
 20
6519.787940015203
 10
23949.922888505847
 20
6561.94042300777
 10
24032.250748435086
 20
6477.635457022637
 10
24073.414678399706
 20
6266.8730420597985
 10
23991.086818470467
 20
6182.5680760746645
 10
22591.51319967341
 20
6182.5680760746645
 10
22509.185339744166
 20
6266.8730420597985
 10
22509.185339744166
 20
6477.635457022637
 10
22262.20175995645
 20
6519.787940015203
 10
22179.87390002721
 20
6604.092906000336
  0
LWPOLYLINE
  5
AB
330
17
100
AcDbEntity
  8
RASTER_CONTOURS
100
AcDbPolyline
 90
52
 70
1
 10
4973.351174816292
 20
7615.752497821938
 10
5014.515104780911
 20
7573.6000148293715
 10
5014.515104780911
 20
6561.94042300777
 10
5055.67903474553
 20
6519.787940015203
 10
5055.67903474553
 20
5381.670899215897
 10
5096.842964710149
 20
5339.51841622333
 10
5055.67903474553
 20
5297.365933230763
 10
5096.842964710149
 20
5255.213450238197
 10
5096.842964710149
 20
5128.756001260497
 10
5714.301914179441
 20
5086.60351826793
 10
5796.629774108679
 20
5002.298552282797
 10
5796.629774108679
 20
4032.791443453762
 10
5755.465844144061
 20
3990.6389604611954
 10
5796.629774108679
 20
3737.7240625057952
 10
6084.777283861015
 20
3484.8091645503946
 10
6125.941213825635
 20
3400.5041985652615
 10
8719.26880159666
 20
1124.2701169666539
 10
8801.596661525897
 20
1082.117633974087
 10
10612.809579969153
 20
1082.117633974087
 10
10695.137439898392
 20
997.8126679889536
 10
10653.973509933772
 20
955.6601849963869
 10
10695.137439898392
 20
913.5077020038202
 10
10653.973509933772
 20
829.2027360186868
 10
10653.973509933772
 20
491.98287207815304
 10
10695.137439898392
 20
449.8303890855863
 10
10653.973509933772
 20
365.5254231004529
 10
10653.973509933772
 20
154.76300813761927
 10
10736.301369863011
 20
28.305559159919113
 10
10900.957089721489
 20
28.305559159919113
 10
10942.121019686108
 20
70.45804215248583
 10
11106.776739544584
 20
28.305559159919113
 10
11147.940669509204
 20
-13.846923832647605
 10
11065.612809579967
 20
-98.15188981778104
 10
9954.186700535243
 20
-98.15188981778104
 10
9830.694910641383
 20
-55.99940682521432
 10
8266.465571985846
 20
1377.185014922054
 10
7360.8591127642185
 20
2135.929708788255
 10
6949.219813118025
 20
2557.4545387139224
 10
6661.072303365689
 20
2768.2169536767606
 10
6578.744443436449
 20
2894.6744026544607
 10
5384.9904744624855
 20
3906.333994476062
 10
5014.515104780911
 20
4285.706341409163
 10
5014.515104780911
 20
4496.468756371996
 10
4973.351174816292
 20
4538.621239364563
 10
4973.351174816292
 20
5255.213450238197
 10
4932.1872448516715
 20
5297.365933230763
 10
4973.351174816292
 20
5423.823382208464
 10
4973.351174816292
 20
5761.043246148997
 10
4932.1872448516715
 20
5803.195729141565
 10
4932.1872448516715
 20
7152.075184903704
 10
4891.023314887053
 20
7194.227667896271
 10
4891.023314887053
 20
7531.447531836804
  0
LWPOLYLINE
  5
AC
330
17
100
AcDbEntity
  8
RASTER_CONTOURS
100
AcDbPolyline
 90
33
 70
1
 10
21974.054250204113
 20
7868.667395777338
 10
22015.218180168737
 20
7910.819878769905
 10
22097.546040097975
 20
7868.667395777338
 10
22097.546040097975
 20
6519.787940015203
 10
22385.69354985031
 20
6435.482974030069
 10
22468.021409779547
 20
6140.415593082098
 10
22550.349269708786
 20
6098.263110089531
 10
24114.57860836432
 20
6098.263110089531
 10
24155.742538328945
 20
6140.415593082098
 10
24155.742538328945
 20
6309.02552505237
 10
24073.414678399706
 20
6561.94042300777
 10
24155.742538328945
 20
6646.245388992903
 10
24238.070398258184
 20
6561.94042300777
 10
24238.070398258184
 20
6393.330491037503
 10
24361.562188152042
 20
6013.958144104397
 10
24320.398258187422
 20
5971.805661111831
 10
24196.906468293568
 20
5971.805661111831
 10
24155.742538328945
 20
6013.958144104397
 10
22509.185339744166
 20
6013.958144104397
 10
22426.857479814928
 20
5887.500695126698
 10
22426.857479814928
 20
5718.890763156431
 10
22385.69354985031
 20
5676.738280163864
 10
22097.546040097975
 20
5676.738280163864
 10
22056.382110133352
 20
5634.585797171298
 10
21850.56246031026
 20
5676.738280163864
 10
21727.0706704164
 20
5592.433314178731
 10
21644.74281048716
 20
5592.433314178731
 10
21603.57888052254
 20
5634.585797171298
 10
21644.74281048716
 20
5718.890763156431
 10
21644.74281048716
 20
6393.330491037503
 10
21768.234600381016
 20
6477.635457022637
 10
21932.890320239498
 20
6477.635457022637
 10
21974.054250204113
 20
6519.787940015203
  0
LWPOLYLINE
  5
AD
330
17
100
AcDbEntity
  8
RASTER_CONTOURS
100
AcDbPolyline
 90
9
 70
1
 10
42020.88814297378
 20
8374.497191688139
 10
41979.72421300916
 20
7573.6000148293715
 10
42062.05207293839
 20
7531.447531836804
 10
42103.21600290301
 20
7573.6000148293715
 10
42020.88814297378
 20
7657.904980814505
 10
42020.88814297378
 20
7995.124844755038
 10
42144.37993286763
 20
8037.277327747605
 10
42144.37993286763
 20
8079.429810740172
 10
42020.88814297378
 20
8163.734776725305
  0
LWPOLYLINE
  5
AE
330
17
100
AcDbEntity
  8
RASTER_CONTOURS
100
AcDbPolyline
 90
6
 70
1
 10
54164.247482536506
 20
8711.717055628673
 10
54205.411412501126
 20
8669.564572636105
 10
54205.411412501126
 20
7447.142565851671
 10
54164.247482536506
 20
7404.990082859104
 10
54123.08355257189
 20
7447.142565851671
 10
54123.08355257189
 20
8669.564572636105
  0
LWPOLYLINE
  5
AF
330
17
100
AcDbEntity
  8
RASTER_CONTOURS
100
AcDbPolyline
 90
30
 70
1
 10
50006.69055610994
 20
8711.717055628673
 10
50089.01841603919
 20
8627.41208964354
 10
50089.01841603919
 20
8205.887259717872
 10
50006.69055610994
 20
8121.582293732738
 10
49800.870906286844
 20
8121.582293732738
 10
49718.54304635761
 20
8079.429810740172
 10
49718.54304635761
 20
7194.227667896271
 10
49595.05125646375
 20
7067.77021891857
 10
49348.06767667604
 20
6941.312769940871
 10
49224.57588678217
 20
6941.312769940871
 10
48812.93658713598
 20
6730.550354978037
 10
48524.78907738365
 20
6688.39787198547
 10
48483.62514741902
 20
6730.550354978037
 10
48483.62514741902
 20
7067.77021891857
 10
48442.4612174544
 20
7109.922701911138
 10
48442.4612174544
 20
7447.142565851671
 10
48483.62514741902
 20
7489.2950488442375
 10
48483.62514741902
 20
7657.904980814505
 10
48442.4612174544
 20
7700.057463807071
 10
48442.4612174544
 20
7868.667395777338
 10
48483.62514741902
 20
7910.819878769905
 10
48483.62514741902
 20
8669.564572636105
 10
48565.95300734827
 20
8753.869538621238
 10
48771.772657171365
 20
8753.869538621238
 10
48812.93658713598
 20
8711.717055628673
 10
49677.37911639299
 20
8711.717055628673
 10
49718.54304635761
 20
8753.869538621238
 10
49800.870906286844
 20
8711.717055628673
 10
49842.03483625147
 20
8753.869538621238
 10
49883.19876621609
 20
8711.717055628673
  0
LWPOLYLINE
  5
B0
330
17
100
AcDbEntity
  8
RASTER_CONTOURS
100
AcDbPolyline
 90
6
 70
1
 10
43008.82246212464
 20
8711.717055628673
 10
43008.82246212464
 20
8205.887259717872
 10
43049.98639208926
 20
8332.344708695571
 10
43008.82246212464
 20
8374.497191688139
 10
43008.82246212464
 20
8500.95464066584
 10
43091.15032205388
 20
8585.259606650972
  0
LWPOLYLINE
  5
B1
330
17
100
AcDbEntity
  8
RASTER_CONTOURS
100
AcDbPolyline
 90
17
 70
1
 10
50130.1823460038
 20
8796.022021613806
 10
48854.100517100596
 20
8796.022021613806
 10
48812.93658713598
 20
8838.174504606373
 10
48524.78907738365
 20
8838.174504606373
 10
48401.29728748979
 20
8753.869538621238
 10
48401.29728748979
 20
6561.94042300777
 10
48565.95300734827
 20
6561.94042300777
 10
48689.444797242126
 20
6646.245388992903
 10
49389.23160664065
 20
6899.160286948304
 10
49471.559466569895
 20
6983.465252933437
 10
49595.05125646375
 20
6983.465252933437
 10
49759.706976322224
 20
7109.922701911138
 10
49759.706976322224
 20
7910.819878769905
 10
49883.19876621609
 20
8037.277327747605
 10
50130.1823460038
 20
8037.277327747605
 10
50171.34627596842
 20
8121.582293732738
 10
50171.34627596842
 20
8711.717055628673
  0
LWPOLYLINE
  5
B2
330
17
100
AcDbEntity
  8
RASTER_CONTOURS
100
AcDbPolyline
 90
8
 70
1
 10
52147.21491427016
 20
8922.479470591506
 10
52394.19849405787
 20
8627.41208964354
 10
52517.690283951735
 20
8627.41208964354
 10
52682.346003810206
 20
8711.717055628673
 10
52682.346003810206
 20
8880.326987598939
 10
52476.52635398711
 20
9006.78443657664
 10
52394.19849405787
 20
8964.631953584072
 10
52188.37884423478
 20
8964.631953584072
  0
LWPOLYLINE
  5
B3
330
17
100
AcDbEntity
  8
RASTER_CONTOURS
100
AcDbPolyline
 90
10
 70
1
 10
39880.36378481357
 20
9301.851817524606
 10
39839.19985484894
 20
9217.546851539473
 10
39880.36378481357
 20
8753.869538621238
 10
39674.544134990465
 20
8627.41208964354
 10
39715.70806495509
 20
8500.95464066584
 10
39633.380205025845
 20
8416.649674680706
 10
39798.03592488433
 20
8290.192225703006
 10
39798.03592488433
 20
8374.497191688139
 10
39715.70806495509
 20
8500.95464066584
 10
39880.36378481357
 20
8627.41208964354
  0
LWPOLYLINE
  5
B4
330
17
100
AcDbEntity
  8
RASTER_CONTOURS
100
AcDbPolyline
 90
9
 70
1
 10
42020.88814297378
 20
9344.004300517174
 10
42020.88814297378
 20
8500.95464066584
 10
42062.05207293839
 20
8500.95464066584
 10
42103.21600290301
 20
8585.259606650972
 10
42062.05207293839
 20
8711.717055628673
 10
42062.05207293839
 20
9048.936919569207
 10
42103.21600290301
 20
9175.394368546906
 10
42062.05207293839
 20
9217.546851539473
 10
42062.05207293839
 20
9344.004300517174
  0
LWPOLYLINE
  5
B5
330
17
100
AcDbEntity
  8
RASTER_CONTOURS
100
AcDbPolyline
 90
5
 70
1
 10
42062.05207293839
 20
9765.529130442841
 10
42020.88814297378
 20
9723.376647450274
 10
42062.05207293839
 20
9428.309266502307
 10
42062.05207293839
 20
9596.919198472573
 10
42103.21600290301
 20
9639.07168146514
  0
LWPOLYLINE
  5
B6
330
17
100
AcDbEntity
  8
RASTER_CONTOURS
100
AcDbPolyline
 90
6
 70
1
 10
41815.068493150684
 20
9765.529130442841
 10
41732.74063322144
 20
9681.224164457708
 10
41815.068493150684
 20
9596.919198472573
 10
41815.068493150684
 20
9428.309266502307
 10
41815.068493150684
 20
9639.07168146514
 10
41856.232423115296
 20
9681.224164457708
  0
LWPOLYLINE
  5
B7
330
17
100
AcDbEntity
  8
RASTER_CONTOURS
100
AcDbPolyline
 90
33
 70
1
 10
42803.00281230154
 20
9849.834096427974
 10
42761.83888233693
 20
9723.376647450274
 10
42803.00281230154
 20
9259.69933453204
 10
42720.674952372305
 20
9175.394368546906
 10
42803.00281230154
 20
9006.78443657664
 10
42803.00281230154
 20
8753.869538621238
 10
42679.511022407685
 20
8627.41208964354
 10
42226.70779279687
 20
8627.41208964354
 10
42226.70779279687
 20
8585.259606650972
 10
42597.18316247845
 20
8585.259606650972
 10
42803.00281230154
 20
8458.802157673272
 10
42761.83888233693
 20
8416.649674680706
 10
42803.00281230154
 20
8374.497191688139
 10
42761.83888233693
 20
8332.344708695571
 10
42761.83888233693
 20
8121.582293732738
 10
42638.347092443066
 20
8037.277327747605
 10
42761.83888233693
 20
7952.972361762471
 10
42761.83888233693
 20
7657.904980814505
 10
42679.511022407685
 20
7531.447531836804
 10
42803.00281230154
 20
7531.447531836804
 10
42761.83888233693
 20
7657.904980814505
 10
42885.33067223078
 20
7784.362429792205
 10
42803.00281230154
 20
7868.667395777338
 10
42803.00281230154
 20
8121.582293732738
 10
42761.83888233693
 20
8163.734776725305
 10
42803.00281230154
 20
8205.887259717872
 10
42803.00281230154
 20
9091.089402561773
 10
42844.16674226616
 20
9133.24188555434
 10
42803.00281230154
 20
9217.546851539473
 10
42803.00281230154
 20
9428.309266502307
 10
42844.16674226616
 20
9470.461749494874
 10
42803.00281230154
 20
9554.766715480007
 10
42844.16674226616
 20
9596.919198472573
  0
LWPOLYLINE
  5
B8
330
17
100
AcDbEntity
  8
RASTER_CONTOURS
100
AcDbPolyline
 90
6
 70
1
 10
38768.937675768844
 20
9849.834096427974
 10
38768.937675768844
 20
9048.936919569207
 10
38727.773745804225
 20
9006.78443657664
 10
38727.773745804225
 20
8711.717055628673
 10
38727.773745804225
 20
8880.326987598939
 10
38768.937675768844
 20
8922.479470591506
  0
LWPOLYLINE
  5
B9
330
17
100
AcDbEntity
  8
RASTER_CONTOURS
100
AcDbPolyline
 90
19
 70
1
 10
47454.52689830354
 20
9891.986579420545
 10
47413.36296833892
 20
9807.681613435407
 10
47413.36296833892
 20
7615.752497821938
 10
47454.52689830354
 20
7573.6000148293715
 10
47413.36296833892
 20
7615.752497821938
 10
47413.36296833892
 20
7952.972361762471
 10
47495.690828268154
 20
8037.277327747605
 10
47413.36296833892
 20
8205.887259717872
 10
47413.36296833892
 20
8374.497191688139
 10
47495.690828268154
 20
8585.259606650972
 10
47495.690828268154
 20
8669.564572636105
 10
47413.36296833892
 20
8753.869538621238
 10
47454.52689830354
 20
8838.174504606373
 10
47454.52689830354
 20
9048.936919569207
 10
47495.690828268154
 20
9091.089402561773
 10
47454.52689830354
 20
9175.394368546906
 10
47454.52689830354
 20
9428.309266502307
 10
47413.36296833892
 20
9470.461749494874
 10
47495.690828268154
 20
9639.07168146514
  0
LWPOLYLINE
  5
BA
330
17
100
AcDbEntity
  8
RASTER_CONTOURS
100
AcDbPolyline
 90
6
 70
1
 10
43008.82246212464
 20
9891.986579420545
 10
43008.82246212464
 20
8796.022021613806
 10
43008.82246212464
 20
9048.936919569207
 10
43049.98639208926
 20
9091.089402561773
 10
43008.82246212464
 20
9428.309266502307
 10
43091.15032205388
 20
9639.07168146514
  0
LWPOLYLINE
  5
BB
330
17
100
AcDbEntity
  8
RASTER_CONTOURS
100
AcDbPolyline
 90
2
 70
1
 10
38563.11802594575
 20
9891.986579420545
 10
38563.11802594575
 20
8880.326987598939
  0
LWPOLYLINE
  5
BC
330
17
100
AcDbEntity
  8
RASTER_CONTOURS
100
AcDbPolyline
 90
28
 70
1
 10
40086.18343463667
 20
9934.139062413113
 10
40086.18343463667
 20
8543.107123658405
 10
40333.16701442438
 20
8585.259606650972
 10
40374.330944388996
 20
8543.107123658405
 10
40744.80631407057
 20
8500.95464066584
 10
40785.97024403519
 20
8458.802157673272
 10
40785.97024403519
 20
8205.887259717872
 10
40827.13417399982
 20
8290.192225703006
 10
40827.13417399982
 20
8500.95464066584
 10
40785.97024403519
 20
8543.107123658405
 10
40868.29810396444
 20
8669.564572636105
 10
40868.29810396444
 20
9428.309266502307
 10
40785.97024403519
 20
9091.089402561773
 10
40868.29810396444
 20
9006.78443657664
 10
40827.13417399982
 20
8922.479470591506
 10
40827.13417399982
 20
8711.717055628673
 10
40744.80631407057
 20
8627.41208964354
 10
40538.98666424748
 20
8627.41208964354
 10
40497.822734282854
 20
8669.564572636105
 10
40292.003084459764
 20
8627.41208964354
 10
40250.839154495145
 20
8669.564572636105
 10
40127.347364601286
 20
8669.564572636105
 10
40086.18343463667
 20
8711.717055628673
 10
40086.18343463667
 20
9048.936919569207
 10
40127.347364601286
 20
9091.089402561773
 10
40086.18343463667
 20
9554.766715480007
 10
40168.5112945659
 20
9639.07168146514
 10
40086.18343463667
 20
9765.529130442841
  0
LWPOLYLINE
  5
BD
330
17
100
AcDbEntity
  8
RASTER_CONTOURS
100
AcDbPolyline
 90
4
 70
1
 10
50047.85448607457
 20
9934.139062413113
 10
50089.01841603919
 20
9891.986579420545
 10
50253.674135897665
 20
9891.986579420545
 10
50294.838065862285
 20
9976.291545405678
  0
LWPOLYLINE
  5
BE
330
17
100
AcDbEntity
  8
RASTER_CONTOURS
100
AcDbPolyline
 90
6
 70
1
 10
42844.16674226616
 20
10187.053960368512
 10
42803.00281230154
 20
10271.358926353645
 10
42679.511022407685
 20
10187.053960368512
 10
42597.18316247845
 20
10187.053960368512
 10
42679.511022407685
 20
10187.053960368512
 10
42803.00281230154
 20
10102.748994383379
  0
LWPOLYLINE
  5
BF
330
17
100
AcDbEntity
  8
RASTER_CONTOURS
100
AcDbPolyline
 90
26
 70
1
 10
39139.41304545042
 20
10313.511409346213
 10
39098.24911548579
 20
10229.20644336108
 10
39139.41304545042
 20
10144.901477375946
 10
39139.41304545042
 20
9765.529130442841
 10
39098.24911548579
 20
9723.376647450274
 10
39139.41304545042
 20
9596.919198472573
 10
39139.41304545042
 20
9259.69933453204
 10
39098.24911548579
 20
9217.546851539473
 10
39139.41304545042
 20
8711.717055628673
 10
39098.24911548579
 20
8585.259606650972
 10
39139.41304545042
 20
8543.107123658405
 10
39221.74090537966
 20
8585.259606650972
 10
39509.888415131994
 20
8500.95464066584
 10
39551.05234509661
 20
8627.41208964354
 10
39221.74090537966
 20
8627.41208964354
 10
39139.41304545042
 20
8711.717055628673
 10
39139.41304545042
 20
9048.936919569207
 10
39180.57697541503
 20
9091.089402561773
 10
39180.57697541503
 20
9217.546851539473
 10
39139.41304545042
 20
9259.69933453204
 10
39139.41304545042
 20
9596.919198472573
 10
39180.57697541503
 20
9639.07168146514
 10
39139.41304545042
 20
9765.529130442841
 10
39139.41304545042
 20
10102.748994383379
 10
39180.57697541503
 20
10144.901477375946
 10
39180.57697541503
 20
10271.358926353645
  0
LWPOLYLINE
  5
C0
330
17
100
AcDbEntity
  8
RASTER_CONTOURS
100
AcDbPolyline
 90
10
 70
1
 10
39880.36378481357
 20
10355.66389233878
 10
39756.871994919704
 20
10187.053960368512
 10
39715.70806495509
 20
10229.20644336108
 10
39715.70806495509
 20
10187.053960368512
 10
39798.03592488433
 20
10187.053960368512
 10
39880.36378481357
 20
10102.748994383379
 10
39880.36378481357
 20
9765.529130442841
 10
39798.03592488433
 20
9681.224164457708
 10
39880.36378481357
 20
9596.919198472573
 10
39880.36378481357
 20
9428.309266502307
  0
LWPOLYLINE
  5
C1
330
17
100
AcDbEntity
  8
RASTER_CONTOURS
100
AcDbPolyline
 90
2
 70
1
 10
38563.11802594575
 20
10397.816375331346
 10
38563.11802594575
 20
10018.444028398246
  0
LWPOLYLINE
  5
C2
330
17
100
AcDbEntity
  8
RASTER_CONTOURS
100
AcDbPolyline
 90
5
 70
1
 10
40127.347364601286
 20
10777.188722264447
 10
40086.18343463667
 20
10777.188722264447
 10
40086.18343463667
 20
10102.748994383379
 10
40209.67522453052
 20
10187.053960368512
 10
40086.18343463667
 20
10313.511409346213
  0
LWPOLYLINE
  5
C3
330
17
100
AcDbEntity
  8
RASTER_CONTOURS
100
AcDbPolyline
 90
12
 70
1
 10
40827.13417399982
 20
10819.341205257013
 10
40785.97024403519
 20
10735.03623927188
 10
40868.29810396444
 20
10608.57879029418
 10
40868.29810396444
 20
10355.66389233878
 10
40785.97024403519
 20
10187.053960368512
 10
40868.29810396444
 20
10060.596511390811
 10
40827.13417399982
 20
9976.291545405678
 10
40868.29810396444
 20
9934.139062413113
 10
40868.29810396444
 20
9807.681613435407
 10
40785.97024403519
 20
9639.07168146514
 10
40868.29810396444
 20
9596.919198472573
 10
40868.29810396444
 20
10819.341205257013
  0
LWPOLYLINE
  5
C4
330
17
100
AcDbEntity
  8
RASTER_CONTOURS
100
AcDbPolyline
 90
44
 70
1
 10
47166.379388551206
 20
10945.798654234713
 10
47166.379388551206
 20
10777.188722264447
 10
47125.21545858658
 20
10735.03623927188
 10
47166.379388551206
 20
10608.57879029418
 10
47166.379388551206
 20
10229.20644336108
 10
47125.21545858658
 20
10187.053960368512
 10
47166.379388551206
 20
10144.901477375946
 10
47166.379388551206
 20
9681.224164457708
 10
47125.21545858658
 20
9639.07168146514
 10
47166.379388551206
 20
9554.766715480007
 10
47166.379388551206
 20
9175.394368546906
 10
47125.21545858658
 20
9133.24188555434
 10
47166.379388551206
 20
9048.936919569207
 10
47166.379388551206
 20
8711.717055628673
 10
47084.05152862197
 20
8627.41208964354
 10
47166.379388551206
 20
8543.107123658405
 10
47166.379388551206
 20
8121.582293732738
 10
47125.21545858658
 20
8079.429810740172
 10
47166.379388551206
 20
7995.124844755038
 10
47166.379388551206
 20
7573.6000148293715
 10
47166.379388551206
 20
7826.514912784772
 10
47207.543318515825
 20
7868.667395777338
 10
47166.379388551206
 20
7910.819878769905
 10
47207.543318515825
 20
7952.972361762471
 10
47207.543318515825
 20
8121.582293732738
 10
47166.379388551206
 20
8163.734776725305
 10
47207.543318515825
 20
8248.039742710438
 10
47207.543318515825
 20
8374.497191688139
 10
47166.379388551206
 20
8416.649674680706
 10
47207.543318515825
 20
8543.107123658405
 10
47207.543318515825
 20
8711.717055628673
 10
47166.379388551206
 20
8753.869538621238
 10
47166.379388551206
 20
9006.78443657664
 10
47207.543318515825
 20
9048.936919569207
 10
47207.543318515825
 20
9175.394368546906
 10
47166.379388551206
 20
9217.546851539473
 10
47166.379388551206
 20
9428.309266502307
 10
47207.543318515825
 20
9470.461749494874
 10
47207.543318515825
 20
9723.376647450274
 10
47166.379388551206
 20
9765.529130442841
 10
47166.379388551206
 20
9891.986579420545
 10
47207.543318515825
 20
9934.139062413113
 10
47207.543318515825
 20
10777.188722264447
 10
47166.379388551206
 20
10819.341205257013
  0
LWPOLYLINE
  5
C5
330
17
100
AcDbEntity
  8
RASTER_CONTOURS
100
AcDbPolyline
 90
4
 70
1
 10
39139.41304545042
 20
10987.951137227281
 10
39139.41304545042
 20
10650.731273286747
 10
39221.74090537966
 20
10735.03623927188
 10
39139.41304545042
 20
10861.49368824958
  0
LWPOLYLINE
  5
C6
330
17
100
AcDbEntity
  8
RASTER_CONTOURS
100
AcDbPolyline
 90
7
 70
1
 10
45149.34682028485
 20
11198.713552190113
 10
45108.18289032023
 20
11156.561069197547
 10
45108.18289032023
 20
10018.444028398246
 10
45149.34682028485
 20
9976.291545405678
 10
45108.18289032023
 20
9934.139062413113
 10
45108.18289032023
 20
9554.766715480007
 10
45149.34682028485
 20
9512.61423248744
  0
LWPOLYLINE
  5
C7
330
17
100
AcDbEntity
  8
RASTER_CONTOURS
100
AcDbPolyline
 90
5
 70
1
 10
40827.13417399982
 20
11325.171001167813
 10
40785.97024403519
 20
11240.86603518268
 10
40868.29810396444
 20
11114.40858620498
 10
40868.29810396444
 20
11030.103620219847
 10
40868.29810396444
 20
11325.171001167813
  0
LWPOLYLINE
  5
C8
330
17
100
AcDbEntity
  8
RASTER_CONTOURS
100
AcDbPolyline
 90
7
 70
1
 10
39839.19985484894
 20
11325.171001167813
 10
39798.03592488433
 20
11240.86603518268
 10
39880.36378481357
 20
11156.561069197547
 10
39880.36378481357
 20
10819.341205257013
 10
39798.03592488433
 20
10735.03623927188
 10
39880.36378481357
 20
10608.57879029418
 10
39880.36378481357
 20
11325.171001167813
  0
LWPOLYLINE
  5
C9
330
17
100
AcDbEntity
  8
RASTER_CONTOURS
100
AcDbPolyline
 90
6
 70
1
 10
42803.00281230154
 20
11409.475967152946
 10
42720.674952372305
 20
11240.86603518268
 10
42803.00281230154
 20
11114.40858620498
 10
42803.00281230154
 20
10987.951137227281
 10
42803.00281230154
 20
11156.561069197547
 10
42844.16674226616
 20
11198.713552190113
  0
LWPOLYLINE
  5
CA
330
17
100
AcDbEntity
  8
RASTER_CONTOURS
100
AcDbPolyline
 90
139
 70
1
 10
55193.345731652
 20
11873.153280071181
 10
55275.67359158123
 20
11620.23838211578
 10
55440.32931143971
 20
11704.543348100915
 10
55810.804681121284
 20
11493.780933138081
 10
55810.804681121284
 20
11283.018518175248
 10
55769.64075115667
 20
11240.86603518268
 10
55769.64075115667
 20
11030.103620219847
 10
55810.804681121284
 20
10987.951137227281
 10
55810.804681121284
 20
10861.49368824958
 10
55769.64075115667
 20
10819.341205257013
 10
55769.64075115667
 20
10608.57879029418
 10
55810.804681121284
 20
10566.426307301614
 10
55769.64075115667
 20
10144.901477375946
 10
55810.804681121284
 20
10102.748994383379
 10
55769.64075115667
 20
10018.444028398246
 10
55604.98503129819
 20
9891.986579420545
 10
55604.98503129819
 20
9596.919198472573
 10
55687.312891227426
 20
9639.07168146514
 10
55769.64075115667
 20
9596.919198472573
 10
55810.804681121284
 20
9470.461749494874
 10
55769.64075115667
 20
9344.004300517174
 10
56016.62433094438
 20
9344.004300517174
 10
56098.95219087362
 20
9217.546851539473
 10
56304.77184069672
 20
9091.089402561773
 10
56387.09970062596
 20
8711.717055628673
 10
56345.93577066133
 20
8585.259606650972
 10
55975.460400979755
 20
8248.039742710438
 10
55851.968611085904
 20
8248.039742710438
 10
55687.312891227426
 20
8332.344708695571
 10
55522.65717136895
 20
8205.887259717872
 10
55275.67359158123
 20
8205.887259717872
 10
55193.345731652
 20
8248.039742710438
 10
55152.18180168737
 20
8163.734776725305
 10
55152.18180168737
 20
6814.85532096317
 10
55111.01787172275
 20
6772.7028379706035
 10
55152.18180168737
 20
6730.550354978037
 10
55152.18180168737
 20
5929.653178119264
 10
55111.01787172275
 20
5887.500695126698
 10
55152.18180168737
 20
5761.043246148997
 10
55152.18180168737
 20
5508.128348193597
 10
55111.01787172275
 20
5465.9758652010305
 10
55111.01787172275
 20
5339.51841622333
 10
55152.18180168737
 20
5297.365933230763
 10
55152.18180168737
 20
5002.298552282797
 10
55111.01787172275
 20
4960.14606929023
 10
55152.18180168737
 20
4833.68862031253
 10
55152.18180168737
 20
4580.773722357129
 10
55111.01787172275
 20
4538.621239364563
 10
55111.01787172275
 20
4412.163790386862
 10
55152.18180168737
 20
4370.011307394296
 10
55152.18180168737
 20
4117.0964094388955
 10
55111.01787172275
 20
4074.943926446329
 10
55111.01787172275
 20
3906.333994476062
 10
55152.18180168737
 20
3864.1815114834953
 10
55152.18180168737
 20
3653.4190965206617
 10
55111.01787172275
 20
3611.2666135280947
 10
55152.18180168737
 20
3274.046749587561
 10
55069.853941758134
 20
3189.741783602428
 10
54946.362151864276
 20
3189.741783602428
 10
54864.03429193504
 20
3274.046749587561
 10
54699.37857207656
 20
3189.741783602428
 10
54493.55892225346
 20
3189.741783602428
 10
54452.394992288835
 20
3231.8942665949944
 10
54246.57534246575
 20
3231.8942665949944
 10
54205.411412501126
 20
3189.741783602428
 10
54081.91962260727
 20
3231.8942665949944
 10
54040.755692642655
 20
3189.741783602428
 10
53958.42783271341
 20
3274.046749587561
 10
53834.93604281955
 20
3274.046749587561
 10
53793.77211285493
 20
3231.8942665949944
 10
53587.952463031834
 20
3231.8942665949944
 10
53546.788533067214
 20
3274.046749587561
 10
53135.14923342103
 20
3231.8942665949944
 10
53011.65744352716
 20
3316.199232580128
 10
52929.32958359793
 20
3442.656681557828
 10
52929.32958359793
 20
3569.114130535528
 10
53011.65744352716
 20
3695.5715795132282
 10
53217.47709335026
 20
3695.5715795132282
 10
53299.804953279505
 20
3611.2666135280947
 10
53464.46067313798
 20
3695.5715795132282
 10
53752.60818289031
 20
3611.2666135280947
 10
53876.09997278418
 20
3695.5715795132282
 10
54123.08355257189
 20
3695.5715795132282
 10
54246.57534246575
 20
3611.2666135280947
 10
54370.0671323596
 20
3695.5715795132282
 10
54452.394992288835
 20
3653.4190965206617
 10
54699.37857207656
 20
3737.7240625057952
 10
54699.37857207656
 20
4243.553858416596
 10
54658.21464211194
 20
4285.706341409163
 10
54699.37857207656
 20
4412.163790386862
 10
54699.37857207656
 20
4707.23117133483
 10
54658.21464211194
 20
4749.3836543273965
 10
54658.21464211194
 20
4875.841103305096
 10
54699.37857207656
 20
4917.993586297664
 10
54699.37857207656
 20
5213.06096724563
 10
54658.21464211194
 20
5255.213450238197
 10
54699.37857207656
 20
5381.670899215897
 10
54699.37857207656
 20
6056.110627096965
 10
54658.21464211194
 20
6098.263110089531
 10
54699.37857207656
 20
6519.787940015203
 10
54658.21464211194
 20
6561.94042300777
 10
54658.21464211194
 20
6730.550354978037
 10
54740.54250204118
 20
6899.160286948304
 10
54658.21464211194
 20
7025.617735926004
 10
54658.21464211194
 20
7236.380150888837
 10
54699.37857207656
 20
7278.532633881404
 10
54658.21464211194
 20
7657.904980814505
 10
54740.54250204118
 20
7784.362429792205
 10
54699.37857207656
 20
7910.819878769905
 10
54699.37857207656
 20
8248.039742710438
 10
54740.54250204118
 20
8290.192225703006
 10
54699.37857207656
 20
8416.649674680706
 10
54699.37857207656
 20
8669.564572636105
 10
54740.54250204118
 20
8711.717055628673
 10
54699.37857207656
 20
8838.174504606373
 10
54699.37857207656
 20
9175.394368546906
 10
54740.54250204118
 20
9217.546851539473
 10
54699.37857207656
 20
9301.851817524606
 10
54699.37857207656
 20
9596.919198472573
 10
54740.54250204118
 20
9639.07168146514
 10
54740.54250204118
 20
9765.529130442841
 10
54699.37857207656
 20
9807.681613435407
 10
54699.37857207656
 20
10060.596511390811
 10
54740.54250204118
 20
10102.748994383379
 10
54740.54250204118
 20
10229.20644336108
 10
54699.37857207656
 20
10271.358926353645
 10
54699.37857207656
 20
10566.426307301614
 10
54740.54250204118
 20
10608.57879029418
 10
54699.37857207656
 20
10692.883756279312
 10
54699.37857207656
 20
11030.103620219847
 10
54740.54250204118
 20
11072.256103212414
 10
54699.37857207656
 20
11198.713552190113
 10
54699.37857207656
 20
11451.628450145514
 10
54740.54250204118
 20
11493.780933138081
 10
54699.37857207656
 20
11831.000797078614
 10
54781.7064320058
 20
11915.305763063749
 10
54905.198221899656
 20
11915.305763063749
 10
54987.5260818289
 20
11788.848314086048
 10
55069.853941758134
 20
11873.153280071181
  0
LWPOLYLINE
  5
CB
330
17
100
AcDbEntity
  8
RASTER_CONTOURS
100
AcDbPolyline
 90
55
 70
1
 10
54575.8867821827
 20
11915.305763063749
 10
54617.05071214733
 20
11873.153280071181
 10
54617.05071214733
 20
7573.6000148293715
 10
54575.8867821827
 20
7531.447531836804
 10
54617.05071214733
 20
7404.990082859104
 10
54617.05071214733
 20
3864.1815114834953
 10
54452.394992288835
 20
3737.7240625057952
 10
54328.903202394984
 20
3737.7240625057952
 10
54287.739272430365
 20
3779.876545498362
 10
53958.42783271341
 20
3779.876545498362
 10
53917.26390274879
 20
3737.7240625057952
 10
53670.28032296108
 20
3779.876545498362
 10
53629.11639299645
 20
3737.7240625057952
 10
53546.788533067214
 20
3779.876545498362
 10
52888.16565363331
 20
3737.7240625057952
 10
52888.16565363331
 20
3189.741783602428
 10
52929.32958359793
 20
3147.589300609861
 10
53093.98530345641
 20
3147.589300609861
 10
53176.31316338564
 20
3063.2843346247278
 10
53176.31316338564
 20
2599.607021706489
 10
53135.14923342103
 20
2557.4545387139224
 10
53176.31316338564
 20
2473.149572728789
 10
53135.14923342103
 20
2430.9970897362223
 10
53135.14923342103
 20
1840.8623278402881
 10
53052.82137349178
 20
1756.5573618551546
 10
52805.837793704064
 20
1756.5573618551546
 10
52682.346003810206
 20
1840.8623278402881
 10
52682.346003810206
 20
2978.979368639594
 10
52641.182073845586
 20
3021.1318516321608
 10
52435.36242402249
 20
3021.1318516321608
 10
52270.70670416401
 20
3147.589300609861
 10
52270.70670416401
 20
3569.114130535528
 10
52353.03456409326
 20
3695.5715795132282
 10
52353.03456409326
 20
3948.4864774686284
 10
52394.19849405787
 20
3990.6389604611954
 10
52353.03456409326
 20
4074.943926446329
 10
52394.19849405787
 20
4496.468756371996
 10
52270.70670416401
 20
4707.23117133483
 10
52270.70670416401
 20
5423.823382208464
 10
52353.03456409326
 20
5508.128348193597
 10
52476.52635398711
 20
5423.823382208464
 10
52476.52635398711
 20
4327.858824401729
 10
52517.690283951735
 20
4285.706341409163
 10
52764.673863739445
 20
4285.706341409163
 10
52847.00172366868
 20
4243.553858416596
 10
52929.32958359793
 20
4117.0964094388955
 10
54123.08355257189
 20
4117.0964094388955
 10
54164.247482536506
 20
4159.248892431462
 10
54123.08355257189
 20
7152.075184903704
 10
54287.739272430365
 20
7320.68511687397
 10
54287.739272430365
 20
8796.022021613806
 10
54246.57534246575
 20
8880.326987598939
 10
54164.247482536506
 20
8922.479470591506
 10
54164.247482536506
 20
11873.153280071181
 10
54205.411412501126
 20
11915.305763063749
  0
LWPOLYLINE
  5
CC
330
17
100
AcDbEntity
  8
RASTER_CONTOURS
100
AcDbPolyline
 90
6
 70
1
 10
43008.82246212464
 20
11831.000797078614
 10
43049.98639208926
 20
11704.543348100915
 10
43132.31425201851
 20
11788.848314086048
 10
43214.64211194774
 20
11788.848314086048
 10
43132.31425201851
 20
11788.848314086048
 10
43049.98639208926
 20
11873.153280071181
  0
LWPOLYLINE
  5
CD
330
17
100
AcDbEntity
  8
RASTER_CONTOURS
100
AcDbPolyline
 90
5
 70
1
 10
42062.05207293839
 20
11873.153280071181
 10
42020.88814297378
 20
11831.000797078614
 10
42062.05207293839
 20
11662.390865108347
 10
42062.05207293839
 20
11704.543348100915
 10
42185.54386283226
 20
11788.848314086048
  0
LWPOLYLINE
  5
CE
330
17
100
AcDbEntity
  8
RASTER_CONTOURS
100
AcDbPolyline
 90
7
 70
1
 10
39880.36378481357
 20
11915.305763063749
 10
39880.36378481357
 20
11873.153280071181
 10
39798.03592488433
 20
11831.000797078614
 10
39880.36378481357
 20
11704.543348100915
 10
39880.36378481357
 20
11493.780933138081
 10
39880.36378481357
 20
11746.69583109348
 10
39921.52771477819
 20
11788.848314086048
  0
LWPOLYLINE
  5
CF
330
17
100
AcDbEntity
  8
RASTER_CONTOURS
100
AcDbPolyline
 90
229
 70
1
 10
41074.117753787534
 20
11957.458246056314
 10
41074.117753787534
 20
11283.018518175248
 10
41032.953823822914
 20
11240.86603518268
 10
41074.117753787534
 20
11198.713552190113
 10
41074.117753787534
 20
9723.376647450274
 10
41032.953823822914
 20
9681.224164457708
 10
41074.117753787534
 20
9596.919198472573
 10
41074.117753787534
 20
8627.41208964354
 10
41032.953823822914
 20
8585.259606650972
 10
41074.117753787534
 20
8500.95464066584
 10
41032.953823822914
 20
8458.802157673272
 10
41032.953823822914
 20
8121.582293732738
 10
40991.78989385829
 20
8079.429810740172
 10
41032.953823822914
 20
7952.972361762471
 10
40991.78989385829
 20
7910.819878769905
 10
40991.78989385829
 20
7742.209946799638
 10
41032.953823822914
 20
7742.209946799638
 10
41032.953823822914
 20
7995.124844755038
 10
41115.281683752146
 20
8079.429810740172
 10
41032.953823822914
 20
8205.887259717872
 10
41032.953823822914
 20
8374.497191688139
 10
41115.281683752146
 20
8585.259606650972
 10
41650.412773292206
 20
8585.259606650972
 10
41815.068493150684
 20
8458.802157673272
 10
41773.90456318606
 20
8163.734776725305
 10
41609.24884332759
 20
8037.277327747605
 10
41691.57670325682
 20
8037.277327747605
 10
41773.90456318606
 20
7952.972361762471
 10
41732.74063322144
 20
7868.667395777338
 10
41732.74063322144
 20
7573.6000148293715
 10
41691.57670325682
 20
7531.447531836804
 10
41403.42919350449
 20
7531.447531836804
 10
41362.26526353986
 20
7573.6000148293715
 10
41238.77347364601
 20
7531.447531836804
 10
41321.10133357524
 20
7404.990082859104
 10
41321.10133357524
 20
7109.922701911138
 10
41321.10133357524
 20
7404.990082859104
 10
41444.59312346911
 20
7489.2950488442375
 10
41609.24884332759
 20
7404.990082859104
 10
41609.24884332759
 20
6604.092906000336
 10
41568.08491336296
 20
6561.94042300777
 10
41362.26526353986
 20
6561.94042300777
 10
41321.10133357524
 20
6604.092906000336
 10
41032.953823822914
 20
6519.787940015203
 10
40991.78989385829
 20
6561.94042300777
 10
40621.31452417671
 20
6561.94042300777
 10
40538.98666424748
 20
6646.245388992903
 10
40538.98666424748
 20
7362.837599866538
 10
40662.47845414134
 20
7447.142565851671
 10
40703.64238410596
 20
7531.447531836804
 10
40744.80631407057
 20
8079.429810740172
 10
40621.31452417671
 20
7995.124844755038
 10
40744.80631407057
 20
7868.667395777338
 10
40662.47845414134
 20
7531.447531836804
 10
40621.31452417671
 20
7489.2950488442375
 10
40209.67522453052
 20
7531.447531836804
 10
40250.839154495145
 20
7447.142565851671
 10
40250.839154495145
 20
6646.245388992903
 10
40168.5112945659
 20
6561.94042300777
 10
39427.560555202755
 20
6561.94042300777
 10
39345.23269527352
 20
6646.245388992903
 10
39345.23269527352
 20
6730.550354978037
 10
39262.90483534427
 20
6561.94042300777
 10
39139.41304545042
 20
6561.94042300777
 10
39057.08518552118
 20
6646.245388992903
 10
39057.08518552118
 20
7278.532633881404
 10
39057.08518552118
 20
6646.245388992903
 10
38974.75732559194
 20
6561.94042300777
 10
38686.609815839605
 20
6561.94042300777
 10
38645.445885874986
 20
6519.787940015203
 10
38604.28195591036
 20
6561.94042300777
 10
38439.62623605189
 20
6561.94042300777
 10
38316.13444615802
 20
6646.245388992903
 10
38316.13444615802
 20
5971.805661111831
 10
38233.806586228784
 20
5887.500695126698
 10
38110.31479633493
 20
5887.500695126698
 10
38069.15086637031
 20
5929.653178119264
 10
38069.15086637031
 20
6266.8730420597985
 10
38069.15086637031
 20
6098.263110089531
 10
37986.823006441075
 20
5971.805661111831
 10
37739.83942665336
 20
5971.805661111831
 10
37698.67549668874
 20
5929.653178119264
 10
37575.18370679487
 20
5971.805661111831
 10
37575.18370679487
 20
6098.263110089531
 10
37534.01977683026
 20
6140.415593082098
 10
37451.69191690102
 20
5929.653178119264
 10
37369.36405697178
 20
5971.805661111831
 10
37081.21654721945
 20
5971.805661111831
 10
37040.05261725483
 20
6056.110627096965
 10
36998.8886872902
 20
6056.110627096965
 10
36957.72475732559
 20
5971.805661111831
 10
36546.08545767939
 20
5971.805661111831
 10
36422.593667785535
 20
6056.110627096965
 10
36381.429737820916
 20
5971.805661111831
 10
36175.61008799782
 20
5971.805661111831
 10
36134.4461580332
 20
5929.653178119264
 10
35969.79043817472
 20
5971.805661111831
 10
35928.6265082101
 20
6056.110627096965
 10
35846.29864828086
 20
5929.653178119264
 10
35681.642928422385
 20
5929.653178119264
 10
35640.478998457766
 20
5971.805661111831
 10
35475.82327859929
 20
5971.805661111831
 10
35393.49541867005
 20
6098.263110089531
 10
35311.16755874081
 20
5929.653178119264
 10
35187.67576884695
 20
5971.805661111831
 10
35146.51183888233
 20
5929.653178119264
 10
35105.34790891771
 20
5971.805661111831
 10
34981.856119023854
 20
5929.653178119264
 10
34858.364329129996
 20
6098.263110089531
 10
34776.03646920076
 20
6056.110627096965
 10
34858.364329129996
 20
6013.958144104397
 10
34817.20039916538
 20
5929.653178119264
 10
34652.5446793069
 20
5929.653178119264
 10
34611.38074934228
 20
5971.805661111831
 10
34405.56109951918
 20
5971.805661111831
 10
34323.23323958994
 20
6056.110627096965
 10
34240.905379660704
 20
6561.94042300777
 10
34158.577519731465
 20
6519.787940015203
 10
34035.08572983761
 20
6646.245388992903
 10
33952.75786990837
 20
6561.94042300777
 10
33417.626780368315
 20
6561.94042300777
 10
33376.462850403695
 20
6519.787940015203
 10
33335.298920439076
 20
6561.94042300777
 10
32470.85639118207
 20
6561.94042300777
 10
32265.036741358974
 20
6224.720559067231
 10
32141.54495146511
 20
6182.5680760746645
 10
32141.54495146511
 20
6140.415593082098
 10
32223.87281139435
 20
6098.263110089531
 10
32223.87281139435
 20
5887.500695126698
 10
32141.54495146511
 20
5803.195729141565
 10
32100.381021500496
 20
5550.280831186164
 10
32182.708881429735
 20
5423.823382208464
 10
32306.20067132359
 20
5508.128348193597
 10
32429.692461217448
 20
5508.128348193597
 10
32512.020321146687
 20
5423.823382208464
 10
32635.51211104055
 20
5508.128348193597
 10
32717.839970969784
 20
5508.128348193597
 10
32800.16783089902
 20
5423.823382208464
 10
32800.16783089902
 20
4833.68862031253
 10
32717.839970969784
 20
4707.23117133483
 10
32800.16783089902
 20
4538.621239364563
 10
32800.16783089902
 20
4285.706341409163
 10
32841.33176086364
 20
4538.621239364563
 10
32923.65962079288
 20
4622.926205349696
 10
33047.15141068674
 20
4622.926205349696
 10
33088.31534065136
 20
4580.773722357129
 10
33129.47927061598
 20
4665.0786883422625
 10
33088.31534065136
 20
4833.68862031253
 10
33005.98748072212
 20
4749.3836543273965
 10
32923.65962079288
 20
4749.3836543273965
 10
32800.16783089902
 20
4917.993586297664
 10
32841.33176086364
 20
4960.14606929023
 10
32841.33176086364
 20
5255.213450238197
 10
32800.16783089902
 20
5339.51841622333
 10
32923.65962079288
 20
5508.128348193597
 10
33005.98748072212
 20
5508.128348193597
 10
33088.31534065136
 20
5381.670899215897
 10
33170.6432005806
 20
5508.128348193597
 10
37534.01977683026
 20
5508.128348193597
 10
37575.18370679487
 20
5465.9758652010305
 10
37657.51156672412
 20
5508.128348193597
 10
38027.986936405694
 20
5508.128348193597
 10
38110.31479633493
 20
5465.9758652010305
 10
38151.47872629955
 20
5381.670899215897
 10
38233.806586228784
 20
5465.9758652010305
 10
38480.79016601651
 20
5465.9758652010305
 10
38521.95409598112
 20
5508.128348193597
 10
38645.445885874986
 20
5465.9758652010305
 10
41321.10133357524
 20
5465.9758652010305
 10
41403.42919350449
 20
5381.670899215897
 10
41444.59312346911
 20
5465.9758652010305
 10
41732.74063322144
 20
5465.9758652010305
 10
41773.90456318606
 20
5339.51841622333
 10
41856.232423115296
 20
5339.51841622333
 10
41815.068493150684
 20
5465.9758652010305
 10
41938.560283044535
 20
5803.195729141565
 10
41938.560283044535
 20
5929.653178119264
 10
42020.88814297378
 20
6182.5680760746645
 10
42144.37993286763
 20
6351.178008044936
 10
42144.37993286763
 20
6519.787940015203
 10
42103.21600290301
 20
6561.94042300777
 10
41856.232423115296
 20
6519.787940015203
 10
41815.068493150684
 20
6561.94042300777
 10
41691.57670325682
 20
6561.94042300777
 10
41609.24884332759
 20
6646.245388992903
 10
41650.412773292206
 20
6688.39787198547
 10
41609.24884332759
 20
6814.85532096317
 10
41609.24884332759
 20
7362.837599866538
 10
41650.412773292206
 20
7447.142565851671
 10
41732.74063322144
 20
7489.2950488442375
 10
41732.74063322144
 20
7615.752497821938
 10
41773.90456318606
 20
7657.904980814505
 10
41773.90456318606
 20
7995.124844755038
 10
41815.068493150684
 20
8037.277327747605
 10
41773.90456318606
 20
8163.734776725305
 10
41815.068493150684
 20
8205.887259717872
 10
41815.068493150684
 20
8543.107123658405
 10
41856.232423115296
 20
8585.259606650972
 10
41856.232423115296
 20
8711.717055628673
 10
41815.068493150684
 20
8753.869538621238
 10
41856.232423115296
 20
8796.022021613806
 10
41856.232423115296
 20
8964.631953584072
 10
41815.068493150684
 20
9006.78443657664
 10
41856.232423115296
 20
9048.936919569207
 10
41856.232423115296
 20
9175.394368546906
 10
41815.068493150684
 20
9259.69933453204
 10
41773.90456318606
 20
9217.546851539473
 10
41773.90456318606
 20
9048.936919569207
 10
41815.068493150684
 20
9006.78443657664
 10
41815.068493150684
 20
8711.717055628673
 10
41691.57670325682
 20
8627.41208964354
 10
41156.445613716765
 20
8627.41208964354
 10
41074.117753787534
 20
8753.869538621238
 10
41074.117753787534
 20
9048.936919569207
 10
41115.281683752146
 20
9091.089402561773
 10
41115.281683752146
 20
9217.546851539473
 10
41074.117753787534
 20
9259.69933453204
 10
41074.117753787534
 20
9554.766715480007
 10
41115.281683752146
 20
9596.919198472573
 10
41074.117753787534
 20
10102.748994383379
 10
41156.445613716765
 20
10229.20644336108
 10
41074.117753787534
 20
10313.511409346213
 10
41074.117753787534
 20
10650.731273286747
 10
41115.281683752146
 20
10692.883756279312
 10
41074.117753787534
 20
11114.40858620498
 10
41156.445613716765
 20
11240.86603518268
 10
41074.117753787534
 20
11367.32348416038
 10
41074.117753787534
 20
11704.543348100915
 10
41115.281683752146
 20
11746.69583109348
  0
LWPOLYLINE
  5
D0
330
17
100
AcDbEntity
  8
RASTER_CONTOURS
100
AcDbPolyline
 90
2
 70
1
 10
38768.937675768844
 20
11999.610729048882
 10
38768.937675768844
 20
10271.358926353645
  0
LWPOLYLINE
  5
D1
330
17
100
AcDbEntity
  8
RASTER_CONTOURS
100
AcDbPolyline
 90
8
 70
1
 10
41856.232423115296
 20
12041.763212041447
 10
41815.068493150684
 20
11999.610729048882
 10
41815.068493150684
 20
11873.153280071181
 10
41732.74063322144
 20
11788.848314086048
 10
41650.412773292206
 20
11788.848314086048
 10
41732.74063322144
 20
11788.848314086048
 10
41815.068493150684
 20
11704.543348100915
 10
41856.232423115296
 20
11746.69583109348
  0
LWPOLYLINE
  5
D2
330
17
100
AcDbEntity
  8
RASTER_CONTOURS
100
AcDbPolyline
 90
5
 70
1
 10
41773.90456318606
 20
12378.983075981982
 10
41773.90456318606
 20
12252.525627004281
 10
41815.068493150684
 20
12168.220661019148
 10
41856.232423115296
 20
12168.220661019148
 10
41856.232423115296
 20
12421.135558974549
  0
LWPOLYLINE
  5
D3
330
17
100
AcDbEntity
  8
RASTER_CONTOURS
100
AcDbPolyline
 90
4
 70
1
 10
41074.117753787534
 20
12421.135558974549
 10
41074.117753787534
 20
12252.525627004281
 10
41238.77347364601
 20
12336.830592989416
 10
41115.281683752146
 20
12336.830592989416
  0
LWPOLYLINE
  5
D4
330
17
100
AcDbEntity
  8
RASTER_CONTOURS
100
AcDbPolyline
 90
4
 70
1
 10
40086.18343463667
 20
12421.135558974549
 10
40086.18343463667
 20
12252.525627004281
 10
40456.65880431824
 20
12336.830592989416
 10
40168.5112945659
 20
12336.830592989416
  0
LWPOLYLINE
  5
D5
330
17
100
AcDbEntity
  8
RASTER_CONTOURS
100
AcDbPolyline
 90
4
 70
1
 10
39880.36378481357
 20
12463.288041967115
 10
39798.03592488433
 20
12336.830592989416
 10
39880.36378481357
 20
12210.373144011715
 10
39921.52771477819
 20
12336.830592989416
  0
LWPOLYLINE
  5
D6
330
17
100
AcDbEntity
  8
RASTER_CONTOURS
100
AcDbPolyline
 90
15
 70
1
 10
39139.41304545042
 20
12463.288041967115
 10
39098.24911548579
 20
12336.830592989416
 10
39139.41304545042
 20
12252.525627004281
 10
39139.41304545042
 20
11367.32348416038
 10
39098.24911548579
 20
11325.171001167813
 10
39139.41304545042
 20
11114.40858620498
 10
39262.90483534427
 20
11283.018518175248
 10
39304.0687653089
 20
11240.86603518268
 10
39139.41304545042
 20
11367.32348416038
 10
39139.41304545042
 20
11704.543348100915
 10
39180.57697541503
 20
11746.69583109348
 10
39180.57697541503
 20
11873.153280071181
 10
39139.41304545042
 20
11915.305763063749
 10
39139.41304545042
 20
12252.525627004281
 10
39180.57697541503
 20
12378.983075981982
  0
LWPOLYLINE
  5
D7
330
17
100
AcDbEntity
  8
RASTER_CONTOURS
100
AcDbPolyline
 90
14
 70
1
 10
47207.543318515825
 20
12589.745490944815
 10
47166.379388551206
 20
12547.593007952248
 10
47207.543318515825
 20
12463.288041967115
 10
47125.21545858658
 20
12336.830592989416
 10
47125.21545858658
 20
12252.525627004281
 10
47207.543318515825
 20
12168.220661019148
 10
47207.543318515825
 20
12041.763212041447
 10
47166.379388551206
 20
11999.610729048882
 10
47207.543318515825
 20
11915.305763063749
 10
47125.21545858658
 20
11788.848314086048
 10
47166.379388551206
 20
11704.543348100915
 10
47166.379388551206
 20
11283.018518175248
 10
47125.21545858658
 20
11198.713552190113
 10
47207.543318515825
 20
11072.256103212414
  0
LWPOLYLINE
  5
D8
330
17
100
AcDbEntity
  8
RASTER_CONTOURS
100
AcDbPolyline
 90
57
 70
1
 10
48318.96942756055
 20
12758.355422915081
 10
48360.13335752517
 20
12716.202939922516
 10
48360.13335752517
 20
8964.631953584072
 10
48401.29728748979
 20
8922.479470591506
 10
49800.870906286844
 20
8922.479470591506
 10
49883.19876621609
 20
9006.78443657664
 10
49965.52662614532
 20
8964.631953584072
 10
50336.0019958269
 20
8964.631953584072
 10
50377.165925791516
 20
8922.479470591506
 10
50377.165925791516
 20
7152.075184903704
 10
50212.51020593304
 20
7025.617735926004
 10
50130.1823460038
 20
7025.617735926004
 10
50006.69055610994
 20
6941.312769940871
 10
49883.19876621609
 20
6941.312769940871
 10
49800.870906286844
 20
6857.007803955737
 10
49595.05125646375
 20
6814.85532096317
 10
48977.59230699446
 20
6519.787940015203
 10
48854.100517100596
 20
6519.787940015203
 10
48236.64156763131
 20
6224.720559067231
 10
47701.51047809125
 20
6056.110627096965
 10
47331.03510840968
 20
5845.348212134131
 10
46878.23187879887
 20
5718.890763156431
 10
46548.92043908191
 20
5550.280831186164
 10
46260.77292932958
 20
5550.280831186164
 10
46219.60899936496
 20
5592.433314178731
 10
46219.60899936496
 20
6224.720559067231
 10
46178.44506940033
 20
6266.8730420597985
 10
44902.363240497136
 20
6266.8730420597985
 10
44861.19931053251
 20
6182.5680760746645
 10
44861.19931053251
 20
5592.433314178731
 10
44820.0353805679
 20
5550.280831186164
 10
44243.740361063225
 20
5550.280831186164
 10
44202.576431098605
 20
5508.128348193597
 10
44079.084641204754
 20
5550.280831186164
 10
43955.59285131089
 20
5508.128348193597
 10
43790.93713145241
 20
5634.585797171298
 10
43873.26499138165
 20
5803.195729141565
 10
43955.59285131089
 20
6266.8730420597985
 10
44037.92071124013
 20
6435.482974030069
 10
44367.23215095708
 20
6435.482974030069
 10
44408.3960809217
 20
6477.635457022637
 10
44655.37966070943
 20
6477.635457022637
 10
44696.54359067404
 20
6435.482974030069
 10
44778.87145060328
 20
6477.635457022637
 10
44984.691100426375
 20
6477.635457022637
 10
45025.855030391
 20
6435.482974030069
 10
48030.821917808214
 20
6435.482974030069
 10
48236.64156763131
 20
6561.94042300777
 10
48236.64156763131
 20
6730.550354978037
 10
48277.805497595924
 20
6772.7028379706035
 10
48277.805497595924
 20
6983.465252933437
 10
48236.64156763131
 20
7025.617735926004
 10
48277.805497595924
 20
7152.075184903704
 10
48277.805497595924
 20
7573.6000148293715
 10
48236.64156763131
 20
7615.752497821938
 10
48277.805497595924
 20
7657.904980814505
 10
48277.805497595924
 20
12716.202939922516
  0
LWPOLYLINE
  5
D9
330
17
100
AcDbEntity
  8
RASTER_CONTOURS
100
AcDbPolyline
 90
6
 70
1
 10
40827.13417399982
 20
12884.812871892782
 10
40785.97024403519
 20
12800.507905907649
 10
40868.29810396444
 20
12674.050456929948
 10
40827.13417399982
 20
12589.745490944815
 10
40868.29810396444
 20
12547.593007952248
 10
40868.29810396444
 20
12884.812871892782
  0
LWPOLYLINE
  5
DA
330
17
100
AcDbEntity
  8
RASTER_CONTOURS
100
AcDbPolyline
 90
6
 70
1
 10
41815.068493150684
 20
12926.96535488535
 10
41773.90456318606
 20
12800.507905907649
 10
41815.068493150684
 20
12758.355422915081
 10
41815.068493150684
 20
12547.593007952248
 10
41856.232423115296
 20
12547.593007952248
 10
41856.232423115296
 20
12884.812871892782
  0
LWPOLYLINE
  5
DB
330
17
100
AcDbEntity
  8
RASTER_CONTOURS
100
AcDbPolyline
 90
10
 70
1
 10
45149.34682028485
 20
12969.117837877915
 10
45149.34682028485
 20
12505.440524959682
 10
45108.18289032023
 20
12463.288041967115
 10
45149.34682028485
 20
12378.983075981982
 10
45149.34682028485
 20
12126.068178026582
 10
45108.18289032023
 20
12083.915695034015
 10
45149.34682028485
 20
11662.390865108347
 10
45108.18289032023
 20
11620.23838211578
 10
45108.18289032023
 20
11283.018518175248
 10
45149.34682028485
 20
11283.018518175248
  0
LWPOLYLINE
  5
DC
330
17
100
AcDbEntity
  8
RASTER_CONTOURS
100
AcDbPolyline
 90
11
 70
1
 10
54740.54250204118
 20
13053.42280386305
 10
54822.870361970425
 20
13011.270320870482
 10
54822.870361970425
 20
12674.050456929948
 10
54864.03429193504
 20
12631.897973937383
 10
54864.03429193504
 20
12168.220661019148
 10
54781.7064320058
 20
11999.610729048882
 10
54699.37857207656
 20
12083.915695034015
 10
54699.37857207656
 20
12294.678109996848
 10
54658.21464211194
 20
12336.830592989416
 10
54699.37857207656
 20
12463.288041967115
 10
54699.37857207656
 20
13011.270320870482
  0
LWPOLYLINE
  5
DD
330
17
100
AcDbEntity
  8
RASTER_CONTOURS
100
AcDbPolyline
 90
29
 70
1
 10
4973.351174816292
 20
13053.42280386305
 10
5096.842964710149
 20
12969.117837877915
 10
5179.170824639389
 20
13011.270320870482
 10
5261.498684568627
 20
12926.96535488535
 10
5302.6626145332475
 20
10229.20644336108
 10
5343.826544497867
 20
10187.053960368512
 10
5343.826544497867
 20
8543.107123658405
 10
5384.9904744624855
 20
8500.95464066584
 10
5384.9904744624855
 20
7278.532633881404
 10
5426.154404427105
 20
7236.380150888837
 10
5426.154404427105
 20
6140.415593082098
 10
5467.3183343917235
 20
6098.263110089531
 10
5467.3183343917235
 20
5255.213450238197
 10
5426.154404427105
 20
5213.06096724563
 10
5179.170824639389
 20
5213.06096724563
 10
5138.006894674769
 20
5255.213450238197
 10
5096.842964710149
 20
7278.532633881404
 10
5055.67903474553
 20
7320.68511687397
 10
5055.67903474553
 20
7447.142565851671
 10
5096.842964710149
 20
7489.2950488442375
 10
5096.842964710149
 20
7657.904980814505
 10
5055.67903474553
 20
7700.057463807071
 10
5055.67903474553
 20
9006.78443657664
 10
5014.515104780911
 20
9048.936919569207
 10
5014.515104780911
 20
10271.358926353645
 10
4973.351174816292
 20
10313.511409346213
 10
4973.351174816292
 20
11620.23838211578
 10
4932.1872448516715
 20
11662.390865108347
 10
4932.1872448516715
 20
13011.270320870482
  0
LWPOLYLINE
  5
DE
330
17
100
AcDbEntity
  8
RASTER_CONTOURS
100
AcDbPolyline
 90
10
 70
1
 10
55028.69001179351
 20
13095.575286855616
 10
55111.01787172275
 20
13095.575286855616
 10
55193.345731652
 20
13011.270320870482
 10
55193.345731652
 20
12083.915695034015
 10
55111.01787172275
 20
11999.610729048882
 10
55028.69001179351
 20
11999.610729048882
 10
54946.362151864276
 20
12083.915695034015
 10
54946.362151864276
 20
12210.373144011715
 10
54905.198221899656
 20
12252.525627004281
 10
54905.198221899656
 20
12969.117837877915
  0
LWPOLYLINE
  5
DF
330
17
100
AcDbEntity
  8
RASTER_CONTOURS
100
AcDbPolyline
 90
10
 70
1
 10
41074.117753787534
 20
13137.727769848183
 10
41074.117753787534
 20
12884.812871892782
 10
41032.953823822914
 20
12842.660388900216
 10
41074.117753787534
 20
12800.507905907649
 10
41074.117753787534
 20
12547.593007952248
 10
41074.117753787534
 20
12758.355422915081
 10
41156.445613716765
 20
12842.660388900216
 10
41279.937403610624
 20
12842.660388900216
 10
41156.445613716765
 20
12842.660388900216
 10
41074.117753787534
 20
12926.96535488535
  0
LWPOLYLINE
  5
E0
330
17
100
AcDbEntity
  8
RASTER_CONTOURS
100
AcDbPolyline
 90
5
 70
1
 10
39139.41304545042
 20
13179.880252840749
 10
39139.41304545042
 20
12926.96535488535
 10
39098.24911548579
 20
12884.812871892782
 10
39139.41304545042
 20
12716.202939922516
 10
39180.57697541503
 20
12800.507905907649
  0
LWPOLYLINE
  5
E1
330
17
100
AcDbEntity
  8
RASTER_CONTOURS
100
AcDbPolyline
 90
41
 70
1
 10
48977.59230699446
 20
13264.185218825884
 10
48977.59230699446
 20
13095.575286855616
 10
48895.26444706522
 20
13011.270320870482
 10
48895.26444706522
 20
12926.96535488535
 10
49018.756236959074
 20
12842.660388900216
 10
48977.59230699446
 20
12716.202939922516
 10
49018.756236959074
 20
12589.745490944815
 10
49018.756236959074
 20
12421.135558974549
 10
48977.59230699446
 20
12378.983075981982
 10
49018.756236959074
 20
12168.220661019148
 10
48936.42837702984
 20
12083.915695034015
 10
48936.42837702984
 20
12041.763212041447
 10
49018.756236959074
 20
11999.610729048882
 10
49018.756236959074
 20
11873.153280071181
 10
48895.26444706522
 20
11788.848314086048
 10
48895.26444706522
 20
11746.69583109348
 10
49018.756236959074
 20
11662.390865108347
 10
49018.756236959074
 20
11493.780933138081
 10
48977.59230699446
 20
11451.628450145514
 10
49018.756236959074
 20
11409.475967152946
 10
49018.756236959074
 20
11283.018518175248
 10
48895.26444706522
 20
11156.561069197547
 10
48812.93658713598
 20
11156.561069197547
 10
49101.08409688832
 20
11114.40858620498
 10
49142.24802685294
 20
11198.713552190113
 10
49059.92016692369
 20
11283.018518175248
 10
49101.08409688832
 20
11409.475967152946
 10
49059.92016692369
 20
11662.390865108347
 10
49142.24802685294
 20
11746.69583109348
 10
49059.92016692369
 20
11831.000797078614
 10
49059.92016692369
 20
11957.458246056314
 10
49101.08409688832
 20
11999.610729048882
 10
49101.08409688832
 20
12126.068178026582
 10
49059.92016692369
 20
12168.220661019148
 10
49101.08409688832
 20
12421.135558974549
 10
49059.92016692369
 20
12547.593007952248
 10
49142.24802685294
 20
12674.050456929948
 10
49059.92016692369
 20
12800.507905907649
 10
49183.41195681755
 20
12969.117837877915
 10
49101.08409688832
 20
13095.575286855616
 10
49101.08409688832
 20
13264.185218825884
  0
LWPOLYLINE
  5
E2
330
17
100
AcDbEntity
  8
RASTER_CONTOURS
100
AcDbPolyline
 90
43
 70
1
 10
43379.297831806216
 20
13432.79515079615
 10
43338.133901841604
 20
13348.490184811017
 10
43420.461761770835
 20
13306.33770181845
 10
43585.11748162931
 20
13348.490184811017
 10
43749.77320148779
 20
13264.185218825884
 10
43749.77320148779
 20
12884.812871892782
 10
43708.60927152318
 20
12842.660388900216
 10
43749.77320148779
 20
12758.355422915081
 10
43749.77320148779
 20
11831.000797078614
 10
43708.60927152318
 20
11788.848314086048
 10
43749.77320148779
 20
11704.543348100915
 10
43749.77320148779
 20
11283.018518175248
 10
43708.60927152318
 20
11240.86603518268
 10
43749.77320148779
 20
11156.561069197547
 10
43749.77320148779
 20
10735.03623927188
 10
43708.60927152318
 20
10692.883756279312
 10
43749.77320148779
 20
10650.731273286747
 10
43749.77320148779
 20
10271.358926353645
 10
43667.44534155855
 20
10187.053960368512
 10
43585.11748162931
 20
10187.053960368512
 10
43667.44534155855
 20
10187.053960368512
 10
43749.77320148779
 20
10102.748994383379
 10
43749.77320148779
 20
9681.224164457708
 10
43708.60927152318
 20
9639.07168146514
 10
43749.77320148779
 20
9596.919198472573
 10
43749.77320148779
 20
8669.564572636105
 10
43708.60927152318
 20
8627.41208964354
 10
43749.77320148779
 20
8543.107123658405
 10
43749.77320148779
 20
8163.734776725305
 10
43626.28141159393
 20
8079.429810740172
 10
43502.78962170008
 20
8079.429810740172
 10
43461.625691735455
 20
8121.582293732738
 10
43420.461761770835
 20
8079.429810740172
 10
43255.80604191236
 20
8079.429810740172
 10
43255.80604191236
 20
8037.277327747605
 10
43379.297831806216
 20
7952.972361762471
 10
43749.77320148779
 20
7910.819878769905
 10
43914.42892134626
 20
7995.124844755038
 10
43914.42892134626
 20
13306.33770181845
 10
43873.26499138165
 20
13348.490184811017
 10
43749.77320148779
 20
13348.490184811017
 10
43667.44534155855
 20
13432.79515079615
 10
43585.11748162931
 20
13390.642667803582
  0
LWPOLYLINE
  5
E3
330
17
100
AcDbEntity
  8
RASTER_CONTOURS
100
AcDbPolyline
 90
7
 70
1
 10
40374.330944388996
 20
13390.642667803582
 10
40374.330944388996
 20
13348.490184811017
 10
40744.80631407057
 20
13348.490184811017
 10
40868.29810396444
 20
13306.33770181845
 10
40744.80631407057
 20
13474.947633788717
 10
40662.47845414134
 20
13432.79515079615
 10
40456.65880431824
 20
13474.947633788717
  0
LWPOLYLINE
  5
E4
330
17
100
AcDbEntity
  8
RASTER_CONTOURS
100
AcDbPolyline
 90
6
 70
1
 10
52435.36242402249
 20
13517.100116781288
 10
52311.87063412863
 20
13432.79515079615
 10
52311.87063412863
 20
13179.880252840749
 10
52394.19849405787
 20
13095.575286855616
 10
52517.690283951735
 20
13179.880252840749
 10
52517.690283951735
 20
13432.79515079615
  0
LWPOLYLINE
  5
E5
330
17
100
AcDbEntity
  8
RASTER_CONTOURS
100
AcDbPolyline
 90
9
 70
1
 10
42350.19958269074
 20
13432.79515079615
 10
42350.19958269074
 20
13306.33770181845
 10
42514.85530254921
 20
13306.33770181845
 10
42556.019232513834
 20
13348.490184811017
 10
42803.00281230154
 20
13306.33770181845
 10
42679.511022407685
 20
13517.100116781288
 10
42679.511022407685
 20
13474.947633788717
 10
42556.019232513834
 20
13390.642667803582
 10
42391.363512655356
 20
13517.100116781288
  0
LWPOLYLINE
  5
E6
330
17
100
AcDbEntity
  8
RASTER_CONTOURS
100
AcDbPolyline
 90
9
 70
1
 10
39345.23269527352
 20
13390.642667803582
 10
39386.39662523813
 20
13348.490184811017
 10
39839.19985484894
 20
13348.490184811017
 10
39756.871994919704
 20
13432.79515079615
 10
39756.871994919704
 20
13517.100116781288
 10
39674.544134990465
 20
13432.79515079615
 10
39551.05234509661
 20
13432.79515079615
 10
39468.72448516737
 20
13559.252599773854
 10
39468.72448516737
 20
13474.947633788717
  0
LWPOLYLINE
  5
E7
330
17
100
AcDbEntity
  8
RASTER_CONTOURS
100
AcDbPolyline
 90
22
 70
1
 10
47454.52689830354
 20
13685.710048751554
 10
47454.52689830354
 20
13517.100116781288
 10
47413.36296833892
 20
13474.947633788717
 10
47413.36296833892
 20
11999.610729048882
 10
47454.52689830354
 20
11957.458246056314
 10
47413.36296833892
 20
11915.305763063749
 10
47413.36296833892
 20
10018.444028398246
 10
47454.52689830354
 20
10018.444028398246
 10
47495.690828268154
 20
10144.901477375946
 10
47454.52689830354
 20
10229.20644336108
 10
47454.52689830354
 20
11746.69583109348
 10
47495.690828268154
 20
11788.848314086048
 10
47454.52689830354
 20
11831.000797078614
 10
47454.52689830354
 20
12210.373144011715
 10
47495.690828268154
 20
12252.525627004281
 10
47454.52689830354
 20
12336.830592989416
 10
47454.52689830354
 20
12758.355422915081
 10
47495.690828268154
 20
12800.507905907649
 10
47454.52689830354
 20
12842.660388900216
 10
47454.52689830354
 20
13264.185218825884
 10
47495.690828268154
 20
13306.33770181845
 10
47454.52689830354
 20
13390.642667803582
  0
LWPOLYLINE
  5
E8
330
17
100
AcDbEntity
  8
RASTER_CONTOURS
100
AcDbPolyline
 90
6
 70
1
 10
48318.96942756055
 20
13770.015014736688
 10
48360.13335752517
 20
13727.862531744122
 10
48360.13335752517
 20
13179.880252840749
 10
48318.96942756055
 20
13137.727769848183
 10
48277.805497595924
 20
13179.880252840749
 10
48277.805497595924
 20
13727.862531744122
  0
LWPOLYLINE
  5
E9
330
17
100
AcDbEntity
  8
RASTER_CONTOURS
100
AcDbPolyline
 90
4
 70
1
 10
47207.543318515825
 20
13727.862531744122
 10
47207.543318515825
 20
13432.79515079615
 10
47125.21545858658
 20
13348.490184811017
 10
47207.543318515825
 20
13137.727769848183
  0
LWPOLYLINE
  5
EA
330
17
100
AcDbEntity
  8
RASTER_CONTOURS
100
AcDbPolyline
 90
66
 70
1
 10
46260.77292932958
 20
13770.015014736688
 10
46219.60899936496
 20
13727.862531744122
 10
46219.60899936496
 20
13432.79515079615
 10
46178.44506940033
 20
13390.642667803582
 10
46219.60899936496
 20
13264.185218825884
 10
46219.60899936496
 20
12884.812871892782
 10
46178.44506940033
 20
12842.660388900216
 10
46219.60899936496
 20
12716.202939922516
 10
46219.60899936496
 20
12378.983075981982
 10
46178.44506940033
 20
12336.830592989416
 10
46219.60899936496
 20
12210.373144011715
 10
46219.60899936496
 20
11831.000797078614
 10
46178.44506940033
 20
11788.848314086048
 10
46219.60899936496
 20
11704.543348100915
 10
46219.60899936496
 20
11325.171001167813
 10
46178.44506940033
 20
11283.018518175248
 10
46178.44506940033
 20
11156.561069197547
 10
46219.60899936496
 20
11114.40858620498
 10
46219.60899936496
 20
10777.188722264447
 10
46178.44506940033
 20
10735.03623927188
 10
46219.60899936496
 20
10608.57879029418
 10
46219.60899936496
 20
10271.358926353645
 10
46137.28113943572
 20
10187.053960368512
 10
46219.60899936496
 20
10102.748994383379
 10
46219.60899936496
 20
9765.529130442841
 10
46137.28113943572
 20
9639.07168146514
 10
46219.60899936496
 20
9554.766715480007
 10
46219.60899936496
 20
9259.69933453204
 10
46096.1172094711
 20
9133.24188555434
 10
46219.60899936496
 20
9006.78443657664
 10
46219.60899936496
 20
8753.869538621238
 10
46137.28113943572
 20
8627.41208964354
 10
46219.60899936496
 20
8500.95464066584
 10
46219.60899936496
 20
8163.734776725305
 10
46137.28113943572
 20
8079.429810740172
 10
46219.60899936496
 20
7826.514912784772
 10
46260.77292932958
 20
8079.429810740172
 10
46219.60899936496
 20
8121.582293732738
 10
46219.60899936496
 20
8543.107123658405
 10
46260.77292932958
 20
8585.259606650972
 10
46260.77292932958
 20
8880.326987598939
 10
46219.60899936496
 20
8922.479470591506
 10
46260.77292932958
 20
9048.936919569207
 10
46260.77292932958
 20
9259.69933453204
 10
46219.60899936496
 20
9301.851817524606
 10
46219.60899936496
 20
9554.766715480007
 10
46260.77292932958
 20
9596.919198472573
 10
46219.60899936496
 20
9723.376647450274
 10
46219.60899936496
 20
9976.291545405678
 10
46260.77292932958
 20
10018.444028398246
 10
46260.77292932958
 20
10229.20644336108
 10
46219.60899936496
 20
10271.358926353645
 10
46219.60899936496
 20
10608.57879029418
 10
46260.77292932958
 20
10650.731273286747
 10
46260.77292932958
 20
10861.49368824958
 10
46219.60899936496
 20
10903.646171242146
 10
46219.60899936496
 20
11114.40858620498
 10
46260.77292932958
 20
11156.561069197547
 10
46260.77292932958
 20
11283.018518175248
 10
46219.60899936496
 20
11325.171001167813
 10
46260.77292932958
 20
11409.475967152946
 10
46260.77292932958
 20
12884.812871892782
 10
46219.60899936496
 20
12926.96535488535
 10
46260.77292932958
 20
13011.270320870482
 10
46219.60899936496
 20
13095.575286855616
 10
46260.77292932958
 20
13222.032735833316
  0
LWPOLYLINE
  5
EB
330
17
100
AcDbEntity
  8
RASTER_CONTOURS
100
AcDbPolyline
 90
60
 70
1
 10
46466.592579152675
 20
13812.167497729255
 10
46466.592579152675
 20
13390.642667803582
 10
46425.428649188056
 20
13348.490184811017
 10
46466.592579152675
 20
13264.185218825884
 10
46466.592579152675
 20
12378.983075981982
 10
46425.428649188056
 20
12336.830592989416
 10
46466.592579152675
 20
12210.373144011715
 10
46466.592579152675
 20
11325.171001167813
 10
46425.428649188056
 20
11283.018518175248
 10
46425.428649188056
 20
11156.561069197547
 10
46466.592579152675
 20
11114.40858620498
 10
46466.592579152675
 20
10777.188722264447
 10
46425.428649188056
 20
10735.03623927188
 10
46466.592579152675
 20
10650.731273286747
 10
46466.592579152675
 20
10271.358926353645
 10
46425.428649188056
 20
10229.20644336108
 10
46466.592579152675
 20
10102.748994383379
 10
46466.592579152675
 20
9723.376647450274
 10
46425.428649188056
 20
9681.224164457708
 10
46425.428649188056
 20
9554.766715480007
 10
46466.592579152675
 20
9512.61423248744
 10
46425.428649188056
 20
9428.309266502307
 10
46425.428649188056
 20
9091.089402561773
 10
46466.592579152675
 20
9048.936919569207
 10
46466.592579152675
 20
7573.6000148293715
 10
46466.592579152675
 20
7995.124844755038
 10
46507.756509117295
 20
8037.277327747605
 10
46466.592579152675
 20
8121.582293732738
 10
46466.592579152675
 20
8543.107123658405
 10
46548.92043908191
 20
8627.41208964354
 10
46466.592579152675
 20
8711.717055628673
 10
46466.592579152675
 20
9048.936919569207
 10
46548.92043908191
 20
9133.24188555434
 10
46466.592579152675
 20
9217.546851539473
 10
46466.592579152675
 20
9554.766715480007
 10
46507.756509117295
 20
9596.919198472573
 10
46466.592579152675
 20
9723.376647450274
 10
46466.592579152675
 20
10102.748994383379
 10
46590.08436904653
 20
10187.053960368512
 10
46466.592579152675
 20
10271.358926353645
 10
46466.592579152675
 20
10608.57879029418
 10
46548.92043908191
 20
10692.883756279312
 10
46466.592579152675
 20
10819.341205257013
 10
46466.592579152675
 20
11114.40858620498
 10
46507.756509117295
 20
11156.561069197547
 10
46507.756509117295
 20
11283.018518175248
 10
46466.592579152675
 20
11325.171001167813
 10
46466.592579152675
 20
11662.390865108347
 10
46507.756509117295
 20
11704.543348100915
 10
46507.756509117295
 20
11831.000797078614
 10
46466.592579152675
 20
11873.153280071181
 10
46466.592579152675
 20
12168.220661019148
 10
46507.756509117295
 20
12210.373144011715
 10
46507.756509117295
 20
12421.135558974549
 10
46466.592579152675
 20
12463.288041967115
 10
46466.592579152675
 20
12716.202939922516
 10
46507.756509117295
 20
12758.355422915081
 10
46466.592579152675
 20
13179.880252840749
 10
46548.92043908191
 20
13348.490184811017
 10
46466.592579152675
 20
13432.79515079615
  0
LWPOLYLINE
  5
EC
330
17
100
AcDbEntity
  8
RASTER_CONTOURS
100
AcDbPolyline
 90
159
 70
1
 10
48401.29728748979
 20
13938.624946706956
 10
48154.31370770207
 20
13896.472463714388
 10
48154.31370770207
 20
13432.79515079615
 10
48113.149777737446
 20
13390.642667803582
 10
48154.31370770207
 20
13264.185218825884
 10
48154.31370770207
 20
12926.96535488535
 10
48113.149777737446
 20
12884.812871892782
 10
48113.149777737446
 20
12758.355422915081
 10
48154.31370770207
 20
12716.202939922516
 10
48154.31370770207
 20
12378.983075981982
 10
48113.149777737446
 20
12336.830592989416
 10
48154.31370770207
 20
12210.373144011715
 10
48154.31370770207
 20
11831.000797078614
 10
48113.149777737446
 20
11788.848314086048
 10
48154.31370770207
 20
11704.543348100915
 10
48154.31370770207
 20
11325.171001167813
 10
48071.98584777283
 20
11240.86603518268
 10
47989.657987843595
 20
11240.86603518268
 10
48154.31370770207
 20
11114.40858620498
 10
48154.31370770207
 20
10819.341205257013
 10
48113.149777737446
 20
10777.188722264447
 10
48113.149777737446
 20
10608.57879029418
 10
48154.31370770207
 20
10566.426307301614
 10
48154.31370770207
 20
10271.358926353645
 10
48113.149777737446
 20
10229.20644336108
 10
48113.149777737446
 20
10102.748994383379
 10
48154.31370770207
 20
10060.596511390811
 10
48154.31370770207
 20
9765.529130442841
 10
48113.149777737446
 20
9723.376647450274
 10
48113.149777737446
 20
9596.919198472573
 10
48154.31370770207
 20
9554.766715480007
 10
48154.31370770207
 20
9259.69933453204
 10
48113.149777737446
 20
9217.546851539473
 10
48113.149777737446
 20
9048.936919569207
 10
48154.31370770207
 20
9006.78443657664
 10
48154.31370770207
 20
8711.717055628673
 10
48113.149777737446
 20
8669.564572636105
 10
48113.149777737446
 20
8543.107123658405
 10
48154.31370770207
 20
8500.95464066584
 10
48154.31370770207
 20
8163.734776725305
 10
48113.149777737446
 20
8121.582293732738
 10
48154.31370770207
 20
7700.057463807071
 10
48113.149777737446
 20
7657.904980814505
 10
48113.149777737446
 20
7531.447531836804
 10
48195.47763766669
 20
7404.990082859104
 10
48195.47763766669
 20
6688.39787198547
 10
48030.821917808214
 20
6519.787940015203
 10
47907.33012791435
 20
6604.092906000336
 10
47207.543318515825
 20
6604.092906000336
 10
47125.21545858658
 20
6646.245388992903
 10
47042.88759865735
 20
6772.7028379706035
 10
47042.88759865735
 20
6730.550354978037
 10
46878.23187879887
 20
6604.092906000336
 10
46754.740088905004
 20
6730.550354978037
 10
46754.740088905004
 20
7404.990082859104
 10
46837.06794883425
 20
7489.2950488442375
 10
46960.5597387281
 20
7489.2950488442375
 10
47042.88759865735
 20
7404.990082859104
 10
47084.05152862197
 20
7531.447531836804
 10
46837.06794883425
 20
7531.447531836804
 10
46754.740088905004
 20
7573.6000148293715
 10
46713.57615894039
 20
7531.447531836804
 10
46754.740088905004
 20
7447.142565851671
 10
46754.740088905004
 20
6730.550354978037
 10
46631.24829901115
 20
6604.092906000336
 10
46507.756509117295
 20
6646.245388992903
 10
46301.9368592942
 20
6646.245388992903
 10
46219.60899936496
 20
6604.092906000336
 10
46096.1172094711
 20
6730.550354978037
 10
46096.1172094711
 20
7489.2950488442375
 10
46219.60899936496
 20
7573.6000148293715
 10
46219.60899936496
 20
7700.057463807071
 10
46137.28113943572
 20
7531.447531836804
 10
46096.1172094711
 20
7573.6000148293715
 10
46013.789349541854
 20
7531.447531836804
 10
45766.805769754144
 20
7531.447531836804
 10
45807.96969971876
 20
7404.990082859104
 10
45807.96969971876
 20
6814.85532096317
 10
45725.641839789525
 20
6646.245388992903
 10
45643.313979860286
 20
6646.245388992903
 10
45560.98611993105
 20
6730.550354978037
 10
45560.98611993105
 20
7278.532633881404
 10
45560.98611993105
 20
6814.85532096317
 10
45437.49433003718
 20
6604.092906000336
 10
45396.33040007257
 20
6646.245388992903
 10
45355.16647010795
 20
6604.092906000336
 10
45149.34682028485
 20
6604.092906000336
 10
45025.855030391
 20
6772.7028379706035
 10
45025.855030391
 20
6983.465252933437
 10
45025.855030391
 20
6730.550354978037
 10
44902.363240497136
 20
6604.092906000336
 10
44778.87145060328
 20
6688.39787198547
 10
44737.70752063866
 20
6857.007803955737
 10
44737.70752063866
 20
6688.39787198547
 10
44614.2157307448
 20
6604.092906000336
 10
44449.56001088633
 20
6814.85532096317
 10
44449.56001088633
 20
6688.39787198547
 10
44367.23215095708
 20
6604.092906000336
 10
44284.90429102785
 20
6604.092906000336
 10
44161.412501133986
 20
6688.39787198547
 10
44079.084641204754
 20
6561.94042300777
 10
43955.59285131089
 20
6519.787940015203
 10
43955.59285131089
 20
6351.178008044936
 10
43749.77320148779
 20
5929.653178119264
 10
43708.60927152318
 20
5423.823382208464
 10
43790.93713145241
 20
5465.9758652010305
 10
44655.37966070943
 20
5465.9758652010305
 10
44696.54359067404
 20
5423.823382208464
 10
44902.363240497136
 20
5465.9758652010305
 10
44943.527170461755
 20
5508.128348193597
 10
44943.527170461755
 20
6140.415593082098
 10
44984.691100426375
 20
6182.5680760746645
 10
46096.1172094711
 20
6182.5680760746645
 10
46178.44506940033
 20
6013.958144104397
 10
46178.44506940033
 20
5634.585797171298
 10
46054.95327950648
 20
5508.128348193597
 10
45807.96969971876
 20
5550.280831186164
 10
45766.805769754144
 20
5423.823382208464
 10
46548.92043908191
 20
5465.9758652010305
 10
47866.16619794974
 20
6056.110627096965
 10
48936.42837702984
 20
6435.482974030069
 10
49018.756236959074
 20
6519.787940015203
 10
49183.41195681755
 20
6519.787940015203
 10
49348.06767667604
 20
6646.245388992903
 10
49553.887326499134
 20
6688.39787198547
 10
49677.37911639299
 20
6772.7028379706035
 10
49883.19876621609
 20
6814.85532096317
 10
49965.52662614532
 20
6730.550354978037
 10
50089.01841603919
 20
6941.312769940871
 10
50377.165925791516
 20
7025.617735926004
 10
50459.49378572076
 20
7109.922701911138
 10
50459.49378572076
 20
9006.78443657664
 10
50500.65771568538
 20
9091.089402561773
 10
49842.03483625147
 20
9133.24188555434
 10
49677.37911639299
 20
9006.78443657664
 10
48524.78907738365
 20
9006.78443657664
 10
48442.4612174544
 20
9091.089402561773
 10
48442.4612174544
 20
11114.40858620498
 10
48483.62514741902
 20
11156.561069197547
 10
48442.4612174544
 20
11198.713552190113
 10
48442.4612174544
 20
11367.32348416038
 10
48483.62514741902
 20
11409.475967152946
 10
48442.4612174544
 20
11535.933416130647
 10
48442.4612174544
 20
11704.543348100915
 10
48483.62514741902
 20
11746.69583109348
 10
48442.4612174544
 20
11999.610729048882
 10
48483.62514741902
 20
12041.763212041447
 10
48442.4612174544
 20
12126.068178026582
 10
48442.4612174544
 20
12252.525627004281
 10
48483.62514741902
 20
12294.678109996848
 10
48483.62514741902
 20
12421.135558974549
 10
48442.4612174544
 20
12463.288041967115
 10
48483.62514741902
 20
12716.202939922516
 10
48442.4612174544
 20
12758.355422915081
 10
48483.62514741902
 20
13053.42280386305
 10
48442.4612174544
 20
13137.727769848183
 10
48524.78907738365
 20
13264.185218825884
 10
48442.4612174544
 20
13348.490184811017
 10
48442.4612174544
 20
13896.472463714388
  0
LWPOLYLINE
  5
ED
330
17
100
AcDbEntity
  8
RASTER_CONTOURS
100
AcDbPolyline
 90
9
 70
1
 10
45766.805769754144
 20
13938.624946706956
 10
45807.96969971876
 20
13854.31998072182
 10
45972.62541957724
 20
13854.31998072182
 10
46013.789349541854
 20
13896.472463714388
 10
46137.28113943572
 20
13854.31998072182
 10
46096.1172094711
 20
13980.777429699521
 10
46054.95327950648
 20
13938.624946706956
 10
45890.297559648
 20
13938.624946706956
 10
45849.13362968338
 20
13980.777429699521
  0
LWPOLYLINE
  5
EE
330
17
100
AcDbEntity
  8
RASTER_CONTOURS
100
AcDbPolyline
 90
19
 70
1
 10
49883.19876621609
 20
14065.082395684654
 10
50006.69055610994
 20
14065.082395684654
 10
50089.01841603919
 20
13980.777429699521
 10
50089.01841603919
 20
11493.780933138081
 10
50006.69055610994
 20
11409.475967152946
 10
49883.19876621609
 20
11409.475967152946
 10
49842.03483625147
 20
11451.628450145514
 10
49842.03483625147
 20
11999.610729048882
 10
49800.870906286844
 20
12041.763212041447
 10
49842.03483625147
 20
12168.220661019148
 10
49842.03483625147
 20
12716.202939922516
 10
49800.870906286844
 20
12758.355422915081
 10
49800.870906286844
 20
13222.032735833316
 10
49842.03483625147
 20
13264.185218825884
 10
49800.870906286844
 20
13390.642667803582
 10
49842.03483625147
 20
13432.79515079615
 10
49842.03483625147
 20
13643.557565758989
 10
49800.870906286844
 20
13685.710048751554
 10
49800.870906286844
 20
13938.624946706956
  0
LWPOLYLINE
  5
EF
330
17
100
AcDbEntity
  8
RASTER_CONTOURS
100
AcDbPolyline
 90
60
 70
1
 10
45560.98611993105
 20
14022.929912692089
 10
45478.65826000181
 20
13896.472463714388
 10
45519.82218996643
 20
13812.167497729255
 10
45519.82218996643
 20
9217.546851539473
 10
45478.65826000181
 20
9175.394368546906
 10
45519.82218996643
 20
9048.936919569207
 10
45519.82218996643
 20
8627.41208964354
 10
45478.65826000181
 20
8585.259606650972
 10
45519.82218996643
 20
8500.95464066584
 10
45519.82218996643
 20
8163.734776725305
 10
45478.65826000181
 20
8121.582293732738
 10
45519.82218996643
 20
7995.124844755038
 10
45519.82218996643
 20
7657.904980814505
 10
45478.65826000181
 20
7615.752497821938
 10
45478.65826000181
 20
7489.2950488442375
 10
45519.82218996643
 20
7447.142565851671
 10
45602.150049895674
 20
7489.2950488442375
 10
45519.82218996643
 20
7657.904980814505
 10
45519.82218996643
 20
7995.124844755038
 10
45560.98611993105
 20
8037.277327747605
 10
45519.82218996643
 20
8163.734776725305
 10
45519.82218996643
 20
8500.95464066584
 10
45560.98611993105
 20
8543.107123658405
 10
45560.98611993105
 20
8669.564572636105
 10
45519.82218996643
 20
8711.717055628673
 10
45519.82218996643
 20
9048.936919569207
 10
45560.98611993105
 20
9091.089402561773
 10
45560.98611993105
 20
9259.69933453204
 10
45519.82218996643
 20
9301.851817524606
 10
45519.82218996643
 20
9554.766715480007
 10
45560.98611993105
 20
9596.919198472573
 10
45519.82218996643
 20
9723.376647450274
 10
45519.82218996643
 20
10060.596511390811
 10
45602.150049895674
 20
10187.053960368512
 10
45519.82218996643
 20
10397.816375331346
 10
45519.82218996643
 20
10566.426307301614
 10
45560.98611993105
 20
10608.57879029418
 10
45560.98611993105
 20
10777.188722264447
 10
45519.82218996643
 20
10819.341205257013
 10
45519.82218996643
 20
11114.40858620498
 10
45560.98611993105
 20
11156.561069197547
 10
45560.98611993105
 20
11325.171001167813
 10
45519.82218996643
 20
11367.32348416038
 10
45519.82218996643
 20
11662.390865108347
 10
45560.98611993105
 20
11704.543348100915
 10
45560.98611993105
 20
11831.000797078614
 10
45519.82218996643
 20
11873.153280071181
 10
45519.82218996643
 20
12168.220661019148
 10
45560.98611993105
 20
12210.373144011715
 10
45560.98611993105
 20
12378.983075981982
 10
45519.82218996643
 20
12421.135558974549
 10
45519.82218996643
 20
12716.202939922516
 10
45560.98611993105
 20
12758.355422915081
 10
45560.98611993105
 20
12884.812871892782
 10
45519.82218996643
 20
12926.96535488535
 10
45519.82218996643
 20
13222.032735833316
 10
45560.98611993105
 20
13264.185218825884
 10
45519.82218996643
 20
13770.015014736688
 10
45602.150049895674
 20
13854.31998072182
 10
45602.150049895674
 20
13980.777429699521
  0
LWPOLYLINE
  5
F0
330
17
100
AcDbEntity
  8
RASTER_CONTOURS
100
AcDbPolyline
 90
5
 70
1
 10
42350.19958269074
 20
14360.149776632623
 10
42391.363512655356
 20
14275.844810647488
 10
42597.18316247845
 20
14317.997293640055
 10
42679.511022407685
 20
14191.539844662355
 10
42761.83888233693
 20
14360.149776632623
  0
LWPOLYLINE
  5
F1
330
17
100
AcDbEntity
  8
RASTER_CONTOURS
100
AcDbPolyline
 90
20
 70
1
 10
41403.42919350449
 20
14402.302259625189
 10
41321.10133357524
 20
14360.149776632623
 10
41403.42919350449
 20
14275.844810647488
 10
41403.42919350449
 20
13474.947633788717
 10
41279.937403610624
 20
13348.490184811017
 10
41650.412773292206
 20
13348.490184811017
 10
41815.068493150684
 20
13264.185218825884
 10
41815.068493150684
 20
13137.727769848183
 10
41856.232423115296
 20
13137.727769848183
 10
41856.232423115296
 20
13306.33770181845
 10
41691.57670325682
 20
13474.947633788717
 10
41650.412773292206
 20
13432.79515079615
 10
41485.75705343372
 20
13432.79515079615
 10
41403.42919350449
 20
13517.100116781288
 10
41403.42919350449
 20
14233.692327654922
 10
41485.75705343372
 20
14317.997293640055
 10
41732.74063322144
 20
14275.844810647488
 10
41815.068493150684
 20
14402.302259625189
 10
41691.57670325682
 20
14360.149776632623
 10
41485.75705343372
 20
14360.149776632623
  0
LWPOLYLINE
  5
F2
330
17
100
AcDbEntity
  8
RASTER_CONTOURS
100
AcDbPolyline
 90
7
 70
1
 10
40785.97024403519
 20
14402.302259625189
 10
40744.80631407057
 20
14360.149776632623
 10
40333.16701442438
 20
14360.149776632623
 10
40333.16701442438
 20
14317.997293640055
 10
40415.494874353615
 20
14275.844810647488
 10
40497.822734282854
 20
14317.997293640055
 10
40744.80631407057
 20
14275.844810647488
  0
LWPOLYLINE
  5
F3
330
17
100
AcDbEntity
  8
RASTER_CONTOURS
100
AcDbPolyline
 90
7
 70
1
 10
39798.03592488433
 20
14360.149776632623
 10
39715.70806495509
 20
14402.302259625189
 10
39674.544134990465
 20
14360.149776632623
 10
39386.39662523813
 20
14360.149776632623
 10
39386.39662523813
 20
14317.997293640055
 10
39674.544134990465
 20
14317.997293640055
 10
39756.871994919704
 20
14275.844810647488
  0
LWPOLYLINE
  5
F4
330
17
100
AcDbEntity
  8
RASTER_CONTOURS
100
AcDbPolyline
 90
10
 70
1
 10
46795.90401886963
 20
14486.607225610322
 10
46795.90401886963
 20
14022.929912692089
 10
46713.57615894039
 20
13896.472463714388
 10
46754.740088905004
 20
13854.31998072182
 10
46878.23187879887
 20
13896.472463714388
 10
47125.21545858658
 20
13854.31998072182
 10
47084.05152862197
 20
14022.929912692089
 10
47042.88759865735
 20
14022.929912692089
 10
46960.5597387281
 20
13896.472463714388
 10
46795.90401886963
 20
13980.777429699521
  0
LWPOLYLINE
  5
F5
330
17
100
AcDbEntity
  8
RASTER_CONTOURS
100
AcDbPolyline
 90
8
 70
1
 10
54987.5260818289
 20
14570.912191595457
 10
55111.01787172275
 20
14570.912191595457
 10
55193.345731652
 20
14486.607225610322
 10
55193.345731652
 20
13474.947633788717
 10
55111.01787172275
 20
13390.642667803582
 10
54987.5260818289
 20
13390.642667803582
 10
54905.198221899656
 20
13474.947633788717
 10
54905.198221899656
 20
14444.454742617756
  0
LWPOLYLINE
  5
F6
330
17
100
AcDbEntity
  8
RASTER_CONTOURS
100
AcDbPolyline
 90
9
 70
1
 10
54740.54250204118
 20
14570.912191595457
 10
54822.870361970425
 20
14486.607225610322
 10
54822.870361970425
 20
14360.149776632623
 10
54864.03429193504
 20
14317.997293640055
 10
54822.870361970425
 20
14233.692327654922
 10
54822.870361970425
 20
13474.947633788717
 10
54781.7064320058
 20
13432.79515079615
 10
54658.21464211194
 20
13517.100116781288
 10
54658.21464211194
 20
14486.607225610322
  0
LWPOLYLINE
  5
F7
330
17
100
AcDbEntity
  8
RASTER_CONTOURS
100
AcDbPolyline
 90
16
 70
1
 10
54328.903202394984
 20
14697.369640573155
 10
54534.72285221808
 20
14697.369640573155
 10
54617.05071214733
 20
14613.064674588022
 10
54617.05071214733
 20
14191.539844662355
 10
54658.21464211194
 20
14149.38736166979
 10
54617.05071214733
 20
14065.082395684654
 10
54617.05071214733
 20
13517.100116781288
 10
54658.21464211194
 20
13474.947633788717
 10
54617.05071214733
 20
13432.79515079615
 10
54617.05071214733
 20
13137.727769848183
 10
54658.21464211194
 20
13095.575286855616
 10
54658.21464211194
 20
12083.915695034015
 10
54575.8867821827
 20
11999.610729048882
 10
54287.739272430365
 20
11999.610729048882
 10
54205.411412501126
 20
12083.915695034015
 10
54205.411412501126
 20
14528.759708602889
  0
LWPOLYLINE
  5
F8
330
17
100
AcDbEntity
  8
RASTER_CONTOURS
100
AcDbPolyline
 90
6
 70
1
 10
49842.03483625147
 20
14781.67460655829
 10
49883.19876621609
 20
14823.827089550856
 10
50047.85448607457
 20
14823.827089550856
 10
50089.01841603919
 20
14697.369640573155
 10
49965.52662614532
 20
14570.912191595457
 10
49842.03483625147
 20
14655.21715758059
  0
LWPOLYLINE
  5
F9
330
17
100
AcDbEntity
  8
RASTER_CONTOURS
100
AcDbPolyline
 90
9
 70
1
 10
40868.29810396444
 20
14950.284538528556
 10
40785.97024403519
 20
14908.132055535989
 10
40827.13417399982
 20
14823.827089550856
 10
40827.13417399982
 20
14570.912191595457
 10
40868.29810396444
 20
14613.064674588022
 10
40827.13417399982
 20
14655.21715758059
 10
40868.29810396444
 20
14739.522123565723
 10
40827.13417399982
 20
14781.67460655829
 10
40868.29810396444
 20
14823.827089550856
  0
LWPOLYLINE
  5
FA
330
17
100
AcDbEntity
  8
RASTER_CONTOURS
100
AcDbPolyline
 90
7
 70
1
 10
40127.347364601286
 20
14950.284538528556
 10
40086.18343463667
 20
14908.132055535989
 10
40127.347364601286
 20
14360.149776632623
 10
40127.347364601286
 20
14486.607225610322
 10
40086.18343463667
 20
14528.759708602889
 10
40086.18343463667
 20
14781.67460655829
 10
40168.5112945659
 20
14865.979572543423
  0
LWPOLYLINE
  5
FB
330
17
100
AcDbEntity
  8
RASTER_CONTOURS
100
AcDbPolyline
 90
4
 70
1
 10
39139.41304545042
 20
14992.437021521124
 10
39139.41304545042
 20
14402.302259625189
 10
39139.41304545042
 20
14823.827089550856
 10
39180.57697541503
 20
14865.979572543423
  0
LWPOLYLINE
  5
FC
330
17
100
AcDbEntity
  8
RASTER_CONTOURS
100
AcDbPolyline
 90
12
 70
1
 10
46260.77292932958
 20
15034.58950451369
 10
46219.60899936496
 20
15034.58950451369
 10
46219.60899936496
 20
14908.132055535989
 10
46178.44506940033
 20
14865.979572543423
 10
46137.28113943572
 20
14908.132055535989
 10
46054.95327950648
 20
14865.979572543423
 10
45766.805769754144
 20
14865.979572543423
 10
45766.805769754144
 20
14781.67460655829
 10
45849.13362968338
 20
14739.522123565723
 10
45931.46148961262
 20
14823.827089550856
 10
46013.789349541854
 20
14823.827089550856
 10
46096.1172094711
 20
14697.369640573155
  0
LWPOLYLINE
  5
FD
330
17
100
AcDbEntity
  8
RASTER_CONTOURS
100
AcDbPolyline
 90
5
 70
1
 10
41074.117753787534
 20
15118.894470498823
 10
41074.117753787534
 20
14781.67460655829
 10
41074.117753787534
 20
14823.827089550856
 10
41156.445613716765
 20
14865.979572543423
 10
41074.117753787534
 20
14992.437021521124
  0
LWPOLYLINE
  5
FE
330
17
100
AcDbEntity
  8
RASTER_CONTOURS
100
AcDbPolyline
 90
6
 70
1
 10
49924.36269618071
 20
15329.656885461656
 10
49965.52662614532
 20
15329.656885461656
 10
50047.85448607457
 20
15203.199436483957
 10
49965.52662614532
 20
15118.894470498823
 10
49842.03483625147
 20
15161.04695349139
 10
49842.03483625147
 20
15245.351919476523
  0
LWPOLYLINE
  5
FF
330
17
100
AcDbEntity
  8
RASTER_CONTOURS
100
AcDbPolyline
 90
8
 70
1
 10
47454.52689830354
 20
15456.114334439357
 10
47619.18261816202
 20
15456.114334439357
 10
47701.51047809125
 20
15371.809368454224
 10
47701.51047809125
 20
15203.199436483957
 10
47619.18261816202
 20
15076.741987506257
 10
47454.52689830354
 20
15076.741987506257
 10
47413.36296833892
 20
15118.894470498823
 10
47413.36296833892
 20
15413.96185144679
  0
LWPOLYLINE
  5
100
330
17
100
AcDbEntity
  8
RASTER_CONTOURS
100
AcDbPolyline
 90
2
 70
1
 10
5055.67903474553
 20
15413.96185144679
 10
5055.67903474553
 20
14697.369640573155
  0
LWPOLYLINE
  5
101
330
17
100
AcDbEntity
  8
RASTER_CONTOURS
100
AcDbPolyline
 90
8
 70
1
 10
45519.82218996643
 20
15498.266817431924
 10
45519.82218996643
 20
14950.284538528556
 10
45478.65826000181
 20
14823.827089550856
 10
45560.98611993105
 20
14739.522123565723
 10
45602.150049895674
 20
14865.979572543423
 10
45519.82218996643
 20
14992.437021521124
 10
45519.82218996643
 20
15245.351919476523
 10
45602.150049895674
 20
15413.96185144679
  0
LWPOLYLINE
  5
102
330
17
100
AcDbEntity
  8
RASTER_CONTOURS
100
AcDbPolyline
 90
10
 70
1
 10
40868.29810396444
 20
15456.114334439357
 10
40827.13417399982
 20
15498.266817431924
 10
40744.80631407057
 20
15413.96185144679
 10
40168.5112945659
 20
15413.96185144679
 10
40086.18343463667
 20
15456.114334439357
 10
40086.18343463667
 20
15371.809368454224
 10
40127.347364601286
 20
15329.656885461656
 10
40209.67522453052
 20
15413.96185144679
 10
40744.80631407057
 20
15413.96185144679
 10
40827.13417399982
 20
15329.656885461656
  0
LWPOLYLINE
  5
103
330
17
100
AcDbEntity
  8
RASTER_CONTOURS
100
AcDbPolyline
 90
5
 70
1
 10
39880.36378481357
 20
15498.266817431924
 10
39798.03592488433
 20
15413.96185144679
 10
39345.23269527352
 20
15413.96185144679
 10
39798.03592488433
 20
15413.96185144679
 10
39880.36378481357
 20
15371.809368454224
  0
LWPOLYLINE
  5
104
330
17
100
AcDbEntity
  8
RASTER_CONTOURS
100
AcDbPolyline
 90
4
 70
1
 10
45149.34682028485
 20
15582.571783417057
 10
45149.34682028485
 20
15287.50440246909
 10
45108.18289032023
 20
15245.351919476523
 10
45149.34682028485
 20
15118.894470498823
  0
LWPOLYLINE
  5
105
330
17
100
AcDbEntity
  8
RASTER_CONTOURS
100
AcDbPolyline
 90
8
 70
1
 10
54328.903202394984
 20
15793.334198379891
 10
54534.72285221808
 20
15793.334198379891
 10
54617.05071214733
 20
15709.029232394758
 10
54617.05071214733
 20
14823.827089550856
 10
54575.8867821827
 20
14781.67460655829
 10
54328.903202394984
 20
14781.67460655829
 10
54246.57534246575
 20
14865.979572543423
 10
54246.57534246575
 20
15709.029232394758
  0
LWPOLYLINE
  5
106
330
17
100
AcDbEntity
  8
RASTER_CONTOURS
100
AcDbPolyline
 90
17
 70
1
 10
54781.7064320058
 20
15877.639164365024
 10
55111.01787172275
 20
15877.639164365024
 10
55152.18180168737
 20
15835.486681372457
 10
55152.18180168737
 20
15709.029232394758
 10
55234.50966161661
 20
15624.724266409623
 10
55481.49324140433
 20
15624.724266409623
 10
55563.821101333575
 20
15540.41930042449
 10
55563.821101333575
 20
15329.656885461656
 10
55522.65717136895
 20
15287.50440246909
 10
55563.821101333575
 20
15034.58950451369
 10
55481.49324140433
 20
14908.132055535989
 10
55193.345731652
 20
14950.284538528556
 10
55111.01787172275
 20
14655.21715758059
 10
55028.69001179351
 20
14697.369640573155
 10
54781.7064320058
 20
14655.21715758059
 10
54699.37857207656
 20
14739.522123565723
 10
54699.37857207656
 20
15793.334198379891
  0
LWPOLYLINE
  5
107
330
17
100
AcDbEntity
  8
RASTER_CONTOURS
100
AcDbPolyline
 90
5
 70
1
 10
40086.18343463667
 20
15961.944130350157
 10
40127.347364601286
 20
15877.639164365024
 10
40168.5112945659
 20
15919.791647357592
 10
40662.47845414134
 20
15919.791647357592
 10
40209.67522453052
 20
15919.791647357592
  0
LWPOLYLINE
  5
108
330
17
100
AcDbEntity
  8
RASTER_CONTOURS
100
AcDbPolyline
 90
8
 70
1
 10
46466.592579152675
 20
16004.096613342725
 10
46466.592579152675
 20
15329.656885461656
 10
46507.756509117295
 20
15329.656885461656
 10
46548.92043908191
 20
15413.96185144679
 10
46466.592579152675
 20
15498.266817431924
 10
46466.592579152675
 20
15793.334198379891
 10
46548.92043908191
 20
15919.791647357592
 10
46507.756509117295
 20
16004.096613342725
  0
LWPOLYLINE
  5
109
330
17
100
AcDbEntity
  8
RASTER_CONTOURS
100
AcDbPolyline
 90
8
 70
1
 10
39098.24911548579
 20
15961.944130350157
 10
39139.41304545042
 20
15877.639164365024
 10
39221.74090537966
 20
15919.791647357592
 10
39880.36378481357
 20
15919.791647357592
 10
39880.36378481357
 20
15961.944130350157
 10
39756.871994919704
 20
15919.791647357592
 10
39221.74090537966
 20
15919.791647357592
 10
39139.41304545042
 20
16004.096613342725
  0
LWPOLYLINE
  5
10A
330
17
100
AcDbEntity
  8
RASTER_CONTOURS
100
AcDbPolyline
 90
3
 70
1
 10
45519.82218996643
 20
16172.70654531299
 10
45519.82218996643
 20
15751.181715387323
 10
45560.98611993105
 20
15835.486681372457
  0
LWPOLYLINE
  5
10B
330
17
100
AcDbEntity
  8
RASTER_CONTOURS
100
AcDbPolyline
 90
2
 70
1
 10
45149.34682028485
 20
16299.163994290691
 10
45149.34682028485
 20
15919.791647357592
  0
LWPOLYLINE
  5
10C
330
17
100
AcDbEntity
  8
RASTER_CONTOURS
100
AcDbPolyline
 90
40
 70
1
 10
44984.691100426375
 20
16341.316477283259
 10
44984.691100426375
 20
14908.132055535989
 10
45108.18289032023
 20
14697.369640573155
 10
45108.18289032023
 20
14191.539844662355
 10
45067.018960355614
 20
14149.38736166979
 10
45108.18289032023
 20
14065.082395684654
 10
44943.527170461755
 20
13770.015014736688
 10
44943.527170461755
 20
13559.252599773854
 10
44984.691100426375
 20
13517.100116781288
 10
44943.527170461755
 20
7573.6000148293715
 10
45025.855030391
 20
7447.142565851671
 10
45025.855030391
 20
7067.77021891857
 10
45025.855030391
 20
7404.990082859104
 10
45149.34682028485
 20
7531.447531836804
 10
45149.34682028485
 20
8079.429810740172
 10
45108.18289032023
 20
8121.582293732738
 10
45108.18289032023
 20
8290.192225703006
 10
45149.34682028485
 20
8332.344708695571
 10
45108.18289032023
 20
8585.259606650972
 10
45149.34682028485
 20
8627.41208964354
 10
45149.34682028485
 20
9386.15678350974
 10
45108.18289032023
 20
9386.15678350974
 10
45108.18289032023
 20
7615.752497821938
 10
45025.855030391
 20
7573.6000148293715
 10
44984.691100426375
 20
7615.752497821938
 10
44984.691100426375
 20
13812.167497729255
 10
45025.855030391
 20
13854.31998072182
 10
45108.18289032023
 20
13770.015014736688
 10
45108.18289032023
 20
13390.642667803582
 10
45149.34682028485
 20
13264.185218825884
 10
45149.34682028485
 20
13685.710048751554
 10
45108.18289032023
 20
13727.862531744122
 10
45190.51075024947
 20
13896.472463714388
 10
45108.18289032023
 20
13980.777429699521
 10
45108.18289032023
 20
14739.522123565723
 10
45190.51075024947
 20
14865.979572543423
 10
45149.34682028485
 20
14992.437021521124
 10
45025.855030391
 20
15034.58950451369
 10
45025.855030391
 20
15161.04695349139
 10
44984.691100426375
 20
15203.199436483957
  0
LWPOLYLINE
  5
10D
330
17
100
AcDbEntity
  8
RASTER_CONTOURS
100
AcDbPolyline
 90
4
 70
1
 10
39386.39662523813
 20
16425.621443268392
 10
39798.03592488433
 20
16425.621443268392
 10
39880.36378481357
 20
16383.468960275824
 10
39880.36378481357
 20
16467.773926260958
  0
LWPOLYLINE
  5
10E
330
17
100
AcDbEntity
  8
RASTER_CONTOURS
100
AcDbPolyline
 90
16
 70
1
 10
46219.60899936496
 20
16509.926409253523
 10
46178.44506940033
 20
16425.621443268392
 10
46219.60899936496
 20
16341.316477283259
 10
46219.60899936496
 20
16004.096613342725
 10
46178.44506940033
 20
15961.944130350157
 10
46219.60899936496
 20
15835.486681372457
 10
46219.60899936496
 20
15456.114334439357
 10
46096.1172094711
 20
15371.809368454224
 10
46013.789349541854
 20
15371.809368454224
 10
46137.28113943572
 20
15371.809368454224
 10
46219.60899936496
 20
15287.50440246909
 10
46219.60899936496
 20
15161.04695349139
 10
46260.77292932958
 20
15161.04695349139
 10
46260.77292932958
 20
16004.096613342725
 10
46219.60899936496
 20
16046.24909633529
 10
46260.77292932958
 20
16467.773926260958
  0
LWPOLYLINE
  5
10F
330
17
100
AcDbEntity
  8
RASTER_CONTOURS
100
AcDbPolyline
 90
5
 70
1
 10
42062.05207293839
 20
16509.926409253523
 10
42020.88814297378
 20
16467.773926260958
 10
42062.05207293839
 20
16257.011511298124
 10
42062.05207293839
 20
16341.316477283259
 10
42185.54386283226
 20
16425.621443268392
  0
LWPOLYLINE
  5
110
330
17
100
AcDbEntity
  8
RASTER_CONTOURS
100
AcDbPolyline
 90
5
 70
1
 10
41074.117753787534
 20
16509.926409253523
 10
41074.117753787534
 20
16383.468960275824
 10
41156.445613716765
 20
16425.621443268392
 10
41485.75705343372
 20
16425.621443268392
 10
41197.609543681385
 20
16425.621443268392
  0
LWPOLYLINE
  5
111
330
17
100
AcDbEntity
  8
RASTER_CONTOURS
100
AcDbPolyline
 90
15
 70
1
 10
51241.60845504853
 20
16762.841307208924
 10
51200.44452508391
 20
16678.536341223793
 10
51323.936314977764
 20
16678.536341223793
 10
51406.26417490701
 20
16594.231375238658
 10
51406.26417490701
 20
16341.316477283259
 10
51323.936314977764
 20
16257.011511298124
 10
51159.280595119286
 20
16257.011511298124
 10
51159.280595119286
 20
16172.70654531299
 10
51735.57561462396
 20
16172.70654531299
 10
51694.41168465934
 20
16257.011511298124
 10
51570.91989476549
 20
16257.011511298124
 10
51488.59203483624
 20
16383.468960275824
 10
51529.75596480086
 20
16636.383858231224
 10
51694.41168465934
 20
16720.68882421636
 10
51653.24775469472
 20
16762.841307208924
  0
LWPOLYLINE
  5
112
330
17
100
AcDbEntity
  8
RASTER_CONTOURS
100
AcDbPolyline
 90
2
 70
1
 10
5014.515104780911
 20
16847.14627319406
 10
5014.515104780911
 20
16341.316477283259
  0
LWPOLYLINE
  5
113
330
17
100
AcDbEntity
  8
RASTER_CONTOURS
100
AcDbPolyline
 90
14
 70
1
 10
49430.39553660527
 20
17226.518620127164
 10
49265.7398167468
 20
16762.841307208924
 10
49265.7398167468
 20
16594.231375238658
 10
49348.06767667604
 20
16552.078892246092
 10
49512.723396534515
 20
16636.383858231224
 10
49636.215186428366
 20
16552.078892246092
 10
49677.37911639299
 20
16678.536341223793
 10
49595.05125646375
 20
16889.298756186625
 10
49512.723396534515
 20
16889.298756186625
 10
49471.559466569895
 20
16762.841307208924
 10
49430.39553660527
 20
16804.993790201494
 10
49430.39553660527
 20
17015.756205164325
 10
49471.559466569895
 20
17057.90868815689
 10
49471.559466569895
 20
17226.518620127164
  0
LWPOLYLINE
  5
114
330
17
100
AcDbEntity
  8
RASTER_CONTOURS
100
AcDbPolyline
 90
15
 70
1
 10
48401.29728748979
 20
17184.3661371346
 10
48360.13335752517
 20
16636.383858231224
 10
48483.62514741902
 20
16720.68882421636
 10
48565.95300734827
 20
16636.383858231224
 10
48648.2808672775
 20
16636.383858231224
 10
48730.608727206745
 20
16762.841307208924
 10
48854.100517100596
 20
16847.14627319406
 10
49183.41195681755
 20
16847.14627319406
 10
49183.41195681755
 20
16931.45123917919
 10
48854.100517100596
 20
16931.45123917919
 10
48812.93658713598
 20
16973.60372217176
 10
48689.444797242126
 20
16931.45123917919
 10
48607.11693731289
 20
17015.756205164325
 10
48607.11693731289
 20
17184.3661371346
 10
48565.95300734827
 20
17226.518620127164
  0
LWPOLYLINE
  5
115
330
17
100
AcDbEntity
  8
RASTER_CONTOURS
100
AcDbPolyline
 90
5
 70
1
 10
28889.59448426018
 20
17226.518620127164
 10
29054.250204118656
 20
17310.823586112296
 10
29136.578064047895
 20
17226.518620127164
 10
29095.414134083272
 20
17184.3661371346
 10
28930.758414224798
 20
17184.3661371346
  0
LWPOLYLINE
  5
116
330
17
100
AcDbEntity
  8
RASTER_CONTOURS
100
AcDbPolyline
 90
7
 70
1
 10
12629.842148235504
 20
17352.976069104865
 10
12753.333938129363
 20
17437.281035089996
 10
12794.497868093984
 20
17395.12855209743
 10
12959.15358795246
 20
17395.12855209743
 10
13000.31751791708
 20
17310.823586112296
 10
12917.98965798784
 20
17226.518620127164
 10
12712.170008164743
 20
17226.518620127164
  0
LWPOLYLINE
  5
117
330
17
100
AcDbEntity
  8
RASTER_CONTOURS
100
AcDbPolyline
 90
5
 70
1
 10
14976.186156218811
 20
17521.58600107513
 10
15099.67794611267
 20
17395.12855209743
 10
15017.35008618343
 20
17268.67110311973
 10
14935.022226254192
 20
17310.823586112296
 10
14935.022226254192
 20
17479.433518082566
  0
LWPOLYLINE
  5
118
330
17
100
AcDbEntity
  8
RASTER_CONTOURS
100
AcDbPolyline
 90
10
 70
1
 10
46219.60899936496
 20
17563.738484067697
 10
46178.44506940033
 20
17521.58600107513
 10
46219.60899936496
 20
17395.12855209743
 10
46219.60899936496
 20
17015.756205164325
 10
46178.44506940033
 20
16931.45123917919
 10
46219.60899936496
 20
16847.14627319406
 10
46260.77292932958
 20
16889.298756186625
 10
46260.77292932958
 20
17015.756205164325
 10
46219.60899936496
 20
17057.90868815689
 10
46260.77292932958
 20
17521.58600107513
  0
LWPOLYLINE
  5
119
330
17
100
AcDbEntity
  8
RASTER_CONTOURS
100
AcDbPolyline
 90
10
 70
1
 10
51653.24775469472
 20
17774.500899030532
 10
51159.280595119286
 20
17437.281035089996
 10
51159.280595119286
 20
17395.12855209743
 10
51365.10024494239
 20
17437.281035089996
 10
51447.42810487162
 20
17352.976069104865
 10
51447.42810487162
 20
17057.90868815689
 10
51488.59203483624
 20
17057.90868815689
 10
51529.75596480086
 20
17142.21365414203
 10
51529.75596480086
 20
17563.738484067697
 10
51653.24775469472
 20
17690.195933045397
  0
LWPOLYLINE
  5
11A
330
17
100
AcDbEntity
  8
RASTER_CONTOURS
100
AcDbPolyline
 90
17
 70
1
 10
30824.299192597293
 20
17858.805865015664
 10
30824.299192597293
 20
17268.67110311973
 10
30741.971332668054
 20
17184.3661371346
 10
30536.151682844957
 20
17184.3661371346
 10
30494.987752880337
 20
17142.21365414203
 10
30536.151682844957
 20
17100.061171149464
 10
31277.102422208103
 20
17100.061171149464
 10
31277.102422208103
 20
17184.3661371346
 10
30988.954912455767
 20
17184.3661371346
 10
30906.627052526528
 20
17268.67110311973
 10
30906.627052526528
 20
17437.281035089996
 10
30988.954912455767
 20
17521.58600107513
 10
31194.774562278864
 20
17521.58600107513
 10
31194.774562278864
 20
17605.890967060262
 10
30947.79098249115
 20
17648.04345005283
 10
30906.627052526528
 20
17690.195933045397
 10
30906.627052526528
 20
17900.958348008233
  0
LWPOLYLINE
  5
11B
330
17
100
AcDbEntity
  8
RASTER_CONTOURS
100
AcDbPolyline
 90
22
 70
1
 10
42432.52744261997
 20
17858.805865015664
 10
42432.52744261997
 20
17437.281035089996
 10
42350.19958269074
 20
17142.21365414203
 10
42473.69137258459
 20
17142.21365414203
 10
42514.85530254921
 20
17184.3661371346
 10
42597.18316247845
 20
17100.061171149464
 10
42638.347092443066
 20
17142.21365414203
 10
42638.347092443066
 20
17268.67110311973
 10
42720.674952372305
 20
17310.823586112296
 10
42803.00281230154
 20
17100.061171149464
 10
42967.65853216003
 20
17142.21365414203
 10
43049.98639208926
 20
17057.90868815689
 10
43173.47818198312
 20
17226.518620127164
 10
43132.31425201851
 20
17268.67110311973
 10
43132.31425201851
 20
17395.12855209743
 10
43091.15032205388
 20
17395.12855209743
 10
43008.82246212464
 20
17521.58600107513
 10
43132.31425201851
 20
17605.890967060262
 10
43173.47818198312
 20
17858.805865015664
 10
43049.98639208926
 20
17858.805865015664
 10
42844.16674226616
 20
17943.1108310008
 10
42597.18316247845
 20
17858.805865015664
  0
LWPOLYLINE
  5
11C
330
17
100
AcDbEntity
  8
RASTER_CONTOURS
100
AcDbPolyline
 90
23
 70
1
 10
41403.42919350449
 20
17858.805865015664
 10
41403.42919350449
 20
17690.195933045397
 10
41526.92098339834
 20
17563.738484067697
 10
41485.75705343372
 20
17310.823586112296
 10
41568.08491336296
 20
17184.3661371346
 10
41568.08491336296
 20
17100.061171149464
 10
41609.24884332759
 20
17057.90868815689
 10
41732.74063322144
 20
17100.061171149464
 10
41979.72421300916
 20
17100.061171149464
 10
42062.05207293839
 20
17057.90868815689
 10
42103.21600290301
 20
17142.21365414203
 10
42062.05207293839
 20
17226.518620127164
 10
42185.54386283226
 20
17310.823586112296
 10
42226.70779279687
 20
17395.12855209743
 10
42185.54386283226
 20
17437.281035089996
 10
42062.05207293839
 20
17437.281035089996
 10
41979.72421300916
 20
17563.738484067697
 10
42103.21600290301
 20
17732.348416037963
 10
42226.70779279687
 20
17690.195933045397
 10
42267.87172276149
 20
17816.653382023098
 10
42185.54386283226
 20
17900.958348008233
 10
41938.560283044535
 20
17900.958348008233
 10
41897.396353079916
 20
17943.1108310008
  0
LWPOLYLINE
  5
11D
330
17
100
AcDbEntity
  8
RASTER_CONTOURS
100
AcDbPolyline
 90
20
 70
1
 10
31482.9220720312
 20
17816.653382023098
 10
31524.086001995824
 20
17690.195933045397
 10
31482.9220720312
 20
17648.04345005283
 10
31482.9220720312
 20
17521.58600107513
 10
31524.086001995824
 20
17479.433518082566
 10
31482.9220720312
 20
17395.12855209743
 10
31482.9220720312
 20
17142.21365414203
 10
31524.086001995824
 20
17100.061171149464
 10
31853.397441712776
 20
17100.061171149464
 10
31894.5613716774
 20
17142.21365414203
 10
31976.889231606638
 20
17100.061171149464
 10
32182.708881429735
 20
17100.061171149464
 10
32306.20067132359
 20
17268.67110311973
 10
32182.708881429735
 20
17563.738484067697
 10
32265.036741358974
 20
17732.348416037963
 10
32265.036741358974
 20
17858.805865015664
 10
32223.87281139435
 20
17900.958348008233
 10
32018.053161571253
 20
17900.958348008233
 10
31894.5613716774
 20
17816.653382023098
 10
31688.7417218543
 20
17943.1108310008
  0
LWPOLYLINE
  5
11E
330
17
100
AcDbEntity
  8
RASTER_CONTOURS
100
AcDbPolyline
 90
22
 70
1
 10
30330.332033021856
 20
17858.805865015664
 10
30083.348453234143
 20
17858.805865015664
 10
29959.85666334028
 20
17943.1108310008
 10
29795.200943481806
 20
17858.805865015664
 10
29630.54522362333
 20
17858.805865015664
 10
29589.38129365871
 20
17816.653382023098
 10
29548.21736369409
 20
17142.21365414203
 10
29671.709153587944
 20
17226.518620127164
 10
29795.200943481806
 20
17142.21365414203
 10
29795.200943481806
 20
17226.518620127164
 10
29918.692733375665
 20
17268.67110311973
 10
30001.020593304904
 20
17100.061171149464
 10
30124.512383198762
 20
17310.823586112296
 10
30165.67631316338
 20
17268.67110311973
 10
30165.67631316338
 20
17142.21365414203
 10
30248.00417309262
 20
17100.061171149464
 10
30330.332033021856
 20
17226.518620127164
 10
30289.16810305724
 20
17352.976069104865
 10
30165.67631316338
 20
17479.433518082566
 10
30206.840243128
 20
17563.738484067697
 10
30330.332033021856
 20
17648.04345005283
 10
30248.00417309262
 20
17690.195933045397
  0
LWPOLYLINE
  5
11F
330
17
100
AcDbEntity
  8
RASTER_CONTOURS
100
AcDbPolyline
 90
29
 70
1
 10
29342.397713870992
 20
17900.958348008233
 10
29301.233783906373
 20
17858.805865015664
 10
29095.414134083272
 20
17858.805865015664
 10
28971.922344189417
 20
17943.1108310008
 10
28848.43055429556
 20
17858.805865015664
 10
28724.9387644017
 20
17900.958348008233
 10
28560.283044543223
 20
17816.653382023098
 10
28560.283044543223
 20
17690.195933045397
 10
28683.77483443708
 20
17605.890967060262
 10
28683.77483443708
 20
17521.58600107513
 10
28766.10269436632
 20
17563.738484067697
 10
28848.43055429556
 20
17521.58600107513
 10
28642.61090447246
 20
17395.12855209743
 10
28642.61090447246
 20
17310.823586112296
 10
28724.9387644017
 20
17226.518620127164
 10
28724.9387644017
 20
17100.061171149464
 10
28807.266624330943
 20
17057.90868815689
 10
28848.43055429556
 20
17100.061171149464
 10
29218.905923977134
 20
17100.061171149464
 10
29260.069853941754
 20
17268.67110311973
 10
29342.397713870992
 20
17310.823586112296
 10
29342.397713870992
 20
17395.12855209743
 10
29301.233783906373
 20
17437.281035089996
 10
29177.74199401252
 20
17437.281035089996
 10
29136.578064047895
 20
17563.738484067697
 10
29218.905923977134
 20
17648.04345005283
 10
29177.74199401252
 20
17690.195933045397
 10
29218.905923977134
 20
17732.348416037963
 10
29424.72557380023
 20
17732.348416037963
  0
LWPOLYLINE
  5
120
330
17
100
AcDbEntity
  8
RASTER_CONTOURS
100
AcDbPolyline
 90
22
 70
1
 10
14399.891136714139
 20
17900.958348008233
 10
14358.72720674952
 20
17816.653382023098
 10
14399.891136714139
 20
17648.04345005283
 10
14317.563276784902
 20
17563.738484067697
 10
14399.891136714139
 20
17479.433518082566
 10
14358.72720674952
 20
17395.12855209743
 10
14358.72720674952
 20
17142.21365414203
 10
14399.891136714139
 20
17100.061171149464
 10
14523.382926608
 20
17142.21365414203
 10
14729.202576431095
 20
17100.061171149464
 10
14811.530436360335
 20
17226.518620127164
 10
14893.858296289574
 20
17100.061171149464
 10
15140.841876077291
 20
17184.3661371346
 10
15182.00580604191
 20
17352.976069104865
 10
15058.51401614805
 20
17563.738484067697
 10
15058.51401614805
 20
17648.04345005283
 10
15140.841876077291
 20
17774.500899030532
 10
15140.841876077291
 20
17900.958348008233
 10
14976.186156218811
 20
17900.958348008233
 10
14935.022226254192
 20
17943.1108310008
 10
14811.530436360335
 20
17858.805865015664
 10
14605.710786537238
 20
17943.1108310008
  0
LWPOLYLINE
  5
121
330
17
100
AcDbEntity
  8
RASTER_CONTOURS
100
AcDbPolyline
 90
20
 70
1
 10
13741.268257280228
 20
17943.1108310008
 10
13700.10432731561
 20
17900.958348008233
 10
13700.10432731561
 20
17310.823586112296
 10
13535.448607457132
 20
17184.3661371346
 10
13411.956817563274
 20
17226.518620127164
 10
13370.792887598654
 20
17142.21365414203
 10
13411.956817563274
 20
17100.061171149464
 10
14070.579696997183
 20
17100.061171149464
 10
14194.071486891044
 20
17142.21365414203
 10
14194.071486891044
 20
17184.3661371346
 10
14111.743626961805
 20
17226.518620127164
 10
13864.760047174088
 20
17226.518620127164
 10
13782.432187244847
 20
17310.823586112296
 10
13782.432187244847
 20
17479.433518082566
 10
13905.923977138707
 20
17563.738484067697
 10
14070.579696997183
 20
17563.738484067697
 10
14070.579696997183
 20
17648.04345005283
 10
13864.760047174088
 20
17648.04345005283
 10
13782.432187244847
 20
17732.348416037963
 10
13782.432187244847
 20
17900.958348008233
  0
LWPOLYLINE
  5
122
330
17
100
AcDbEntity
  8
RASTER_CONTOURS
100
AcDbPolyline
 90
27
 70
1
 10
12753.333938129363
 20
17985.263313993364
 10
12671.006078200124
 20
17858.805865015664
 10
12424.022498412407
 20
17648.04345005283
 10
12465.186428377026
 20
17563.738484067697
 10
12588.678218270887
 20
17521.58600107513
 10
12506.350358341648
 20
17395.12855209743
 10
12547.514288306267
 20
17310.823586112296
 10
12547.514288306267
 20
17100.061171149464
 10
12629.842148235504
 20
17142.21365414203
 10
13000.31751791708
 20
17142.21365414203
 10
13082.645377846318
 20
17100.061171149464
 10
13123.809307810938
 20
17142.21365414203
 10
13123.809307810938
 20
17437.281035089996
 10
13041.481447881699
 20
17521.58600107513
 10
12794.497868093984
 20
17521.58600107513
 10
12753.333938129363
 20
17563.738484067697
 10
12794.497868093984
 20
17605.890967060262
 10
13123.809307810938
 20
17605.890967060262
 10
13206.137167740177
 20
17563.738484067697
 10
13206.137167740177
 20
17648.04345005283
 10
13000.31751791708
 20
17858.805865015664
 10
12959.15358795246
 20
17858.805865015664
 10
12917.98965798784
 20
17732.348416037963
 10
12794.497868093984
 20
17690.195933045397
 10
12712.170008164743
 20
17774.500899030532
 10
12794.497868093984
 20
17858.805865015664
 10
12794.497868093984
 20
17985.263313993364
  0
LWPOLYLINE
  5
123
330
17
100
AcDbEntity
  8
RASTER_CONTOURS
100
AcDbPolyline
 90
21
 70
1
 10
11559.5799691554
 20
17943.1108310008
 10
11477.252109226161
 20
17774.500899030532
 10
11559.5799691554
 20
17605.890967060262
 10
11559.5799691554
 20
17479.433518082566
 10
11477.252109226161
 20
17395.12855209743
 10
11518.41603919078
 20
17268.67110311973
 10
11477.252109226161
 20
17184.3661371346
 10
11600.74389912002
 20
17142.21365414203
 10
11683.071759049259
 20
17226.518620127164
 10
11930.055338836975
 20
17226.518620127164
 10
12012.383198766212
 20
17142.21365414203
 10
12094.711058695451
 20
17142.21365414203
 10
12218.202848589312
 20
17268.67110311973
 10
12177.038918624692
 20
17310.823586112296
 10
12177.038918624692
 20
17648.04345005283
 10
12259.366778553931
 20
17732.348416037963
 10
12177.038918624692
 20
17816.653382023098
 10
12177.038918624692
 20
17900.958348008233
 10
12094.711058695451
 20
17943.1108310008
 10
11724.235689013876
 20
17943.1108310008
 10
11683.071759049259
 20
17985.263313993364
  0
LWPOLYLINE
  5
124
330
17
100
AcDbEntity
  8
RASTER_CONTOURS
100
AcDbPolyline
 90
5
 70
1
 10
46260.77292932958
 20
18027.41579698593
 10
46178.44506940033
 20
17985.263313993364
 10
46219.60899936496
 20
17900.958348008233
 10
46219.60899936496
 20
17648.04345005283
 10
46260.77292932958
 20
17690.195933045397
  0
LWPOLYLINE
  5
125
330
17
100
AcDbEntity
  8
RASTER_CONTOURS
100
AcDbPolyline
 90
5
 70
1
 10
49759.706976322224
 20
18027.41579698593
 10
49718.54304635761
 20
18069.5682799785
 10
49389.23160664065
 20
17774.500899030532
 10
49389.23160664065
 20
17690.195933045397
 10
49512.723396534515
 20
17732.348416037963
  0
LWPOLYLINE
  5
126
330
17
100
AcDbEntity
  8
RASTER_CONTOURS
100
AcDbPolyline
 90
7
 70
1
 10
46507.756509117295
 20
18069.5682799785
 10
46466.592579152675
 20
18069.5682799785
 10
46466.592579152675
 20
17352.976069104865
 10
46548.92043908191
 20
17437.281035089996
 10
46466.592579152675
 20
17605.890967060262
 10
46466.592579152675
 20
17900.958348008233
 10
46548.92043908191
 20
17943.1108310008
  0
LWPOLYLINE
  5
127
330
17
100
AcDbEntity
  8
RASTER_CONTOURS
100
AcDbPolyline
 90
8
 70
1
 10
55028.69001179351
 20
18196.0257289562
 10
55152.18180168737
 20
18196.0257289562
 10
55234.50966161661
 20
17985.263313993364
 10
55234.50966161661
 20
17352.976069104865
 10
55152.18180168737
 20
17226.518620127164
 10
55069.853941758134
 20
17226.518620127164
 10
54946.362151864276
 20
17310.823586112296
 10
54946.362151864276
 20
18111.720762971065
  0
LWPOLYLINE
  5
128
330
17
100
AcDbEntity
  8
RASTER_CONTOURS
100
AcDbPolyline
 90
14
 70
1
 10
49265.7398167468
 20
18027.41579698593
 10
49224.57588678217
 20
18069.5682799785
 10
48936.42837702984
 20
18069.5682799785
 10
48854.100517100596
 20
18027.41579698593
 10
48812.93658713598
 20
18069.5682799785
 10
48812.93658713598
 20
18280.33069494133
 10
48771.772657171365
 20
18364.635660926466
 10
48689.444797242126
 20
18322.4831779339
 10
48689.444797242126
 20
17943.1108310008
 10
48565.95300734827
 20
17690.195933045397
 10
48607.11693731289
 20
17648.04345005283
 10
48689.444797242126
 20
17690.195933045397
 10
48812.93658713598
 20
17985.263313993364
 10
49224.57588678217
 20
17943.1108310008
  0
LWPOLYLINE
  5
129
330
17
100
AcDbEntity
  8
RASTER_CONTOURS
100
AcDbPolyline
 90
6
 70
1
 10
48483.62514741902
 20
18364.635660926466
 10
48442.4612174544
 20
18280.33069494133
 10
48483.62514741902
 20
18238.178211948765
 10
48483.62514741902
 20
17943.1108310008
 10
48565.95300734827
 20
17943.1108310008
 10
48565.95300734827
 20
18322.4831779339
  0
LWPOLYLINE
  5
12A
330
17
100
AcDbEntity
  8
RASTER_CONTOURS
100
AcDbPolyline
 90
14
 70
1
 10
47742.67440805588
 20
18364.635660926466
 10
47660.34654812664
 20
18364.635660926466
 10
47536.854758232774
 20
18196.0257289562
 10
47536.854758232774
 20
18069.5682799785
 10
47578.0186881974
 20
18027.41579698593
 10
47701.51047809125
 20
18196.0257289562
 10
47783.8383380205
 20
18153.87324596363
 10
47742.67440805588
 20
17943.1108310008
 10
47619.18261816202
 20
17774.500899030532
 10
47619.18261816202
 20
17648.04345005283
 10
47742.67440805588
 20
17732.348416037963
 10
47866.16619794974
 20
17985.263313993364
 10
47866.16619794974
 20
18153.87324596363
 10
47907.33012791435
 20
18238.178211948765
  0
LWPOLYLINE
  5
12B
330
17
100
AcDbEntity
  8
RASTER_CONTOURS
100
AcDbPolyline
 90
3
 70
1
 10
4932.1872448516715
 20
18533.245592896732
 10
4973.351174816292
 20
18238.178211948765
 10
4973.351174816292
 20
18533.245592896732
  0
LWPOLYLINE
  5
12C
330
17
100
AcDbEntity
  8
RASTER_CONTOURS
100
AcDbPolyline
 90
6
 70
1
 10
46219.60899936496
 20
18617.550558881867
 10
46096.1172094711
 20
18533.245592896732
 10
46178.44506940033
 20
18491.093109904166
 10
46219.60899936496
 20
18406.78814391903
 10
46260.77292932958
 20
18448.940626911597
 10
46260.77292932958
 20
18575.398075889298
  0
LWPOLYLINE
  5
12D
330
17
100
AcDbEntity
  8
RASTER_CONTOURS
100
AcDbPolyline
 90
16
 70
1
 10
51776.739544588585
 20
18701.855524866998
 10
51159.280595119286
 20
18701.855524866998
 10
51159.280595119286
 20
18575.398075889298
 10
51118.11666515467
 20
18533.245592896732
 10
51159.280595119286
 20
18406.78814391903
 10
51241.60845504853
 20
18448.940626911597
 10
51241.60845504853
 20
18575.398075889298
 10
51282.772385013144
 20
18617.550558881867
 10
51612.08382473011
 20
18617.550558881867
 10
51694.41168465934
 20
18533.245592896732
 10
51653.24775469472
 20
18322.4831779339
 10
51406.26417490701
 20
18111.720762971065
 10
51365.10024494239
 20
18027.41579698593
 10
51447.42810487162
 20
17985.263313993364
 10
51694.41168465934
 20
18238.178211948765
 10
51817.9034745532
 20
18617.550558881867
  0
LWPOLYLINE
  5
12E
330
17
100
AcDbEntity
  8
RASTER_CONTOURS
100
AcDbPolyline
 90
5
 70
1
 10
40868.29810396444
 20
18828.3129738447
 10
40868.29810396444
 20
18701.855524866998
 10
40785.97024403519
 20
18575.398075889298
 10
40827.13417399982
 20
18448.940626911597
 10
40868.29810396444
 20
18448.940626911597
  0
LWPOLYLINE
  5
12F
330
17
100
AcDbEntity
  8
RASTER_CONTOURS
100
AcDbPolyline
 90
9
 70
1
 10
54246.57534246575
 20
19081.2278718001
 10
54246.57534246575
 20
17985.263313993364
 10
54164.247482536506
 20
17900.958348008233
 10
54246.57534246575
 20
17732.348416037963
 10
54246.57534246575
 20
16383.468960275824
 10
54246.57534246575
 20
17690.195933045397
 10
54287.739272430365
 20
17732.348416037963
 10
54287.739272430365
 20
17900.958348008233
 10
54246.57534246575
 20
17943.1108310008
  0
LWPOLYLINE
  5
130
330
17
100
AcDbEntity
  8
RASTER_CONTOURS
100
AcDbPolyline
 90
3
 70
1
 10
46260.77292932958
 20
19123.380354792665
 10
46178.44506940033
 20
19123.380354792665
 10
46219.60899936496
 20
18870.465456837264
  0
LWPOLYLINE
  5
131
330
17
100
AcDbEntity
  8
RASTER_CONTOURS
100
AcDbPolyline
 90
4
 70
1
 10
46466.592579152675
 20
19249.837803770366
 10
46466.592579152675
 20
18954.7704228224
 10
46507.756509117295
 20
18954.7704228224
 10
46548.92043908191
 20
19081.2278718001
  0
LWPOLYLINE
  5
132
330
17
100
AcDbEntity
  8
RASTER_CONTOURS
100
AcDbPolyline
 90
5
 70
1
 10
51282.772385013144
 20
19334.1427697555
 10
51241.60845504853
 20
19334.1427697555
 10
51118.11666515467
 20
19165.53283778523
 10
51159.280595119286
 20
19123.380354792665
 10
51323.936314977764
 20
19249.837803770366
  0
LWPOLYLINE
  5
133
330
17
100
AcDbEntity
  8
RASTER_CONTOURS
100
AcDbPolyline
 90
2
 70
1
 10
45149.34682028485
 20
19671.362633696033
 10
45149.34682028485
 20
19249.837803770366
  0
LWPOLYLINE
  5
134
330
17
100
AcDbEntity
  8
RASTER_CONTOURS
100
AcDbPolyline
 90
2
 70
1
 10
44984.691100426375
 20
19671.362633696033
 10
44984.691100426375
 20
19123.380354792665
  0
LWPOLYLINE
  5
135
330
17
100
AcDbEntity
  8
RASTER_CONTOURS
100
AcDbPolyline
 90
21
 70
1
 10
51488.59203483624
 20
19713.5151166886
 10
51406.26417490701
 20
19587.0576677109
 10
51159.280595119286
 20
19544.905184718333
 10
51200.44452508391
 20
19460.6002187332
 10
51282.772385013144
 20
19418.447735740632
 10
51323.936314977764
 20
19460.6002187332
 10
51447.42810487162
 20
19376.295252748067
 10
51447.42810487162
 20
19165.53283778523
 10
51365.10024494239
 20
19039.075388807534
 10
51406.26417490701
 20
18954.7704228224
 10
51488.59203483624
 20
18996.922905814965
 10
51529.75596480086
 20
19081.2278718001
 10
51529.75596480086
 20
19291.99028676293
 10
51570.91989476549
 20
19334.1427697555
 10
51694.41168465934
 20
19165.53283778523
 10
51776.739544588585
 20
19165.53283778523
 10
51776.739544588585
 20
19249.837803770366
 10
51570.91989476549
 20
19376.295252748067
 10
51776.739544588585
 20
19502.752701725767
 10
51735.57561462396
 20
19544.905184718333
 10
51612.08382473011
 20
19544.905184718333
  0
LWPOLYLINE
  5
136
330
17
100
AcDbEntity
  8
RASTER_CONTOURS
100
AcDbPolyline
 90
4
 70
1
 10
46466.592579152675
 20
19713.5151166886
 10
46466.592579152675
 20
19418.447735740632
 10
46507.756509117295
 20
19460.6002187332
 10
46507.756509117295
 20
19671.362633696033
  0
LWPOLYLINE
  5
137
330
17
100
AcDbEntity
  8
RASTER_CONTOURS
100
AcDbPolyline
 90
4
 70
1
 10
41856.232423115296
 20
19755.66759968117
 10
41773.90456318606
 20
19629.210150703468
 10
41815.068493150684
 20
19502.752701725767
 10
41856.232423115296
 20
19502.752701725767
  0
LWPOLYLINE
  5
138
330
17
100
AcDbEntity
  8
RASTER_CONTOURS
100
AcDbPolyline
 90
8
 70
1
 10
47495.690828268154
 20
19882.12504865887
 10
47619.18261816202
 20
19882.12504865887
 10
47701.51047809125
 20
19797.820082673737
 10
47701.51047809125
 20
19587.0576677109
 10
47578.0186881974
 20
19460.6002187332
 10
47495.690828268154
 20
19460.6002187332
 10
47413.36296833892
 20
19544.905184718333
 10
47413.36296833892
 20
19797.820082673737
  0
LWPOLYLINE
  5
139
330
17
100
AcDbEntity
  8
RASTER_CONTOURS
100
AcDbPolyline
 90
3
 70
1
 10
41115.281683752146
 20
20177.192429606836
 10
41074.117753787534
 20
20177.192429606836
 10
41074.117753787534
 20
19839.972565666303
  0
LWPOLYLINE
  5
13A
330
17
100
AcDbEntity
  8
RASTER_CONTOURS
100
AcDbPolyline
 90
7
 70
1
 10
46219.60899936496
 20
20050.734980629135
 10
46096.1172094711
 20
20219.344912599405
 10
45972.62541957724
 20
20135.03994661427
 10
45890.297559648
 20
20177.192429606836
 10
45725.641839789525
 20
20135.03994661427
 10
45766.805769754144
 20
20092.887463621704
 10
46178.44506940033
 20
20092.887463621704
  0
LWPOLYLINE
  5
13B
330
17
100
AcDbEntity
  8
RASTER_CONTOURS
100
AcDbPolyline
 90
8
 70
1
 10
49924.36269618071
 20
20345.8023615771
 10
50006.69055610994
 20
20345.8023615771
 10
50089.01841603919
 20
20261.49739559197
 10
50089.01841603919
 20
20177.192429606836
 10
50006.69055610994
 20
20092.887463621704
 10
49924.36269618071
 20
20092.887463621704
 10
49842.03483625147
 20
20177.192429606836
 10
49842.03483625147
 20
20261.49739559197
  0
LWPOLYLINE
  5
13C
330
17
100
AcDbEntity
  8
RASTER_CONTOURS
100
AcDbPolyline
 90
5
 70
1
 10
45108.18289032023
 20
20303.649878584536
 10
45025.855030391
 20
20050.734980629135
 10
45149.34682028485
 20
20008.58249763657
 10
45190.51075024947
 20
20135.03994661427
 10
45108.18289032023
 20
20219.344912599405
  0
LWPOLYLINE
  5
13D
330
17
100
AcDbEntity
  8
RASTER_CONTOURS
100
AcDbPolyline
 90
4
 70
1
 10
39880.36378481357
 20
20472.259810554802
 10
39880.36378481357
 20
20219.344912599405
 10
39839.19985484894
 20
20177.192429606836
 10
39880.36378481357
 20
20008.58249763657
  0
LWPOLYLINE
  5
13E
330
17
100
AcDbEntity
  8
RASTER_CONTOURS
100
AcDbPolyline
 90
8
 70
1
 10
54411.23106232422
 20
20725.174708510203
 10
54617.05071214733
 20
20725.174708510203
 10
54699.37857207656
 20
20640.869742525072
 10
54699.37857207656
 20
19797.820082673737
 10
54534.72285221808
 20
19671.362633696033
 10
54411.23106232422
 20
19671.362633696033
 10
54328.903202394984
 20
19755.66759968117
 10
54328.903202394984
 20
20640.869742525072
  0
LWPOLYLINE
  5
13F
330
17
100
AcDbEntity
  8
RASTER_CONTOURS
100
AcDbPolyline
 90
50
 70
1
 10
43708.60927152318
 20
20725.174708510203
 10
43626.28141159393
 20
20725.174708510203
 10
43543.953551664694
 20
20640.869742525072
 10
43379.297831806216
 20
20725.174708510203
 10
43379.297831806216
 20
20640.869742525072
 10
43667.44534155855
 20
20640.869742525072
 10
43790.93713145241
 20
20514.41229354737
 10
43790.93713145241
 20
20219.344912599405
 10
43749.77320148779
 20
20177.192429606836
 10
43749.77320148779
 20
20008.58249763657
 10
43790.93713145241
 20
19966.430014644004
 10
43790.93713145241
 20
19671.362633696033
 10
43749.77320148779
 20
19629.210150703468
 10
43790.93713145241
 20
19165.53283778523
 10
43708.60927152318
 20
19039.075388807534
 10
43790.93713145241
 20
18912.617939829834
 10
43790.93713145241
 20
18659.703041874433
 10
43708.60927152318
 20
18533.245592896732
 10
43790.93713145241
 20
18364.635660926466
 10
43790.93713145241
 20
18153.87324596363
 10
43708.60927152318
 20
17985.263313993364
 10
43790.93713145241
 20
17858.805865015664
 10
43790.93713145241
 20
17605.890967060262
 10
43749.77320148779
 20
17563.738484067697
 10
43790.93713145241
 20
17100.061171149464
 10
43708.60927152318
 20
16973.60372217176
 10
43790.93713145241
 20
16804.993790201494
 10
43790.93713145241
 20
16594.231375238658
 10
43708.60927152318
 20
16425.621443268392
 10
43790.93713145241
 20
16299.163994290691
 10
43790.93713145241
 20
16088.401579327858
 10
43708.60927152318
 20
15961.944130350157
 10
43790.93713145241
 20
15666.87674940219
 10
43708.60927152318
 20
15371.809368454224
 10
43790.93713145241
 20
15203.199436483957
 10
43790.93713145241
 20
15034.58950451369
 10
43749.77320148779
 20
14992.437021521124
 10
43749.77320148779
 20
14613.064674588022
 10
43790.93713145241
 20
14486.607225610322
 10
43708.60927152318
 20
14360.149776632623
 10
43379.297831806216
 20
14360.149776632623
 10
43338.133901841604
 20
14317.997293640055
 10
43379.297831806216
 20
14275.844810647488
 10
43379.297831806216
 20
13517.100116781288
 10
43379.297831806216
 20
14191.539844662355
 10
43461.625691735455
 20
14317.997293640055
 10
43667.44534155855
 20
14275.844810647488
 10
43749.77320148779
 20
14360.149776632623
 10
43914.42892134626
 20
14360.149776632623
 10
43914.42892134626
 20
20598.717259532503
  0
LWPOLYLINE
  5
140
330
17
100
AcDbEntity
  8
RASTER_CONTOURS
100
AcDbPolyline
 90
7
 70
1
 10
41362.26526353986
 20
20683.022225517638
 10
41403.42919350449
 20
20640.869742525072
 10
41773.90456318606
 20
20640.869742525072
 10
41815.068493150684
 20
20598.717259532503
 10
41732.74063322144
 20
20725.174708510203
 10
41650.412773292206
 20
20683.022225517638
 10
41403.42919350449
 20
20725.174708510203
  0
LWPOLYLINE
  5
141
330
17
100
AcDbEntity
  8
RASTER_CONTOURS
100
AcDbPolyline
 90
5
 70
1
 10
40333.16701442438
 20
20640.869742525072
 10
40827.13417399982
 20
20640.869742525072
 10
40744.80631407057
 20
20725.174708510203
 10
40621.31452417671
 20
20683.022225517638
 10
40415.494874353615
 20
20725.174708510203
  0
LWPOLYLINE
  5
142
330
17
100
AcDbEntity
  8
RASTER_CONTOURS
100
AcDbPolyline
 90
9
 70
1
 10
39386.39662523813
 20
20683.022225517638
 10
39386.39662523813
 20
20640.869742525072
 10
39798.03592488433
 20
20640.869742525072
 10
39880.36378481357
 20
20556.564776539937
 10
39880.36378481357
 20
20640.869742525072
 10
39756.871994919704
 20
20725.174708510203
 10
39674.544134990465
 20
20683.022225517638
 10
39551.05234509661
 20
20683.022225517638
 10
39509.888415131994
 20
20725.174708510203
  0
LWPOLYLINE
  5
143
330
17
100
AcDbEntity
  8
RASTER_CONTOURS
100
AcDbPolyline
 90
21
 70
1
 10
54864.03429193504
 20
20809.47967449534
 10
55111.01787172275
 20
20809.47967449534
 10
55152.18180168737
 20
20683.022225517638
 10
55275.67359158123
 20
20556.564776539937
 10
55399.16538147508
 20
20556.564776539937
 10
55604.98503129819
 20
20472.259810554802
 10
55604.98503129819
 20
19882.12504865887
 10
55522.65717136895
 20
19797.820082673737
 10
55234.50966161661
 20
19839.972565666303
 10
55152.18180168737
 20
19587.0576677109
 10
55028.69001179351
 20
19629.210150703468
 10
54987.5260818289
 20
19587.0576677109
 10
54822.870361970425
 20
19587.0576677109
 10
54781.7064320058
 20
19629.210150703468
 10
54781.7064320058
 20
19966.430014644004
 10
54740.54250204118
 20
20008.58249763657
 10
54740.54250204118
 20
20219.344912599405
 10
54781.7064320058
 20
20261.49739559197
 10
54740.54250204118
 20
20598.717259532503
 10
54781.7064320058
 20
20640.869742525072
 10
54740.54250204118
 20
20683.022225517638
  0
LWPOLYLINE
  5
144
330
17
100
AcDbEntity
  8
RASTER_CONTOURS
100
AcDbPolyline
 90
7
 70
1
 10
42350.19958269074
 20
20683.022225517638
 10
42391.363512655356
 20
20640.869742525072
 10
42720.674952372305
 20
20640.869742525072
 10
42679.511022407685
 20
20767.32719150277
 10
42514.85530254921
 20
20640.869742525072
 10
42432.52744261997
 20
20767.32719150277
 10
42391.363512655356
 20
20767.32719150277
  0
LWPOLYLINE
  5
145
330
17
100
AcDbEntity
  8
RASTER_CONTOURS
100
AcDbPolyline
 90
9
 70
1
 10
45766.805769754144
 20
21104.5470554433
 10
45807.96969971876
 20
21020.24208945817
 10
45890.297559648
 20
21020.24208945817
 10
45972.62541957724
 20
21104.5470554433
 10
46096.1172094711
 20
20978.089606465604
 10
46096.1172094711
 20
20851.632157487904
 10
46096.1172094711
 20
20978.089606465604
 10
46178.44506940033
 20
21062.39457245074
 10
46178.44506940033
 20
21104.5470554433
  0
LWPOLYLINE
  5
146
330
17
100
AcDbEntity
  8
RASTER_CONTOURS
100
AcDbPolyline
 90
2
 70
1
 10
38768.937675768844
 20
21146.699538435874
 10
38768.937675768844
 20
20809.47967449534
  0
LWPOLYLINE
  5
147
330
17
100
AcDbEntity
  8
RASTER_CONTOURS
100
AcDbPolyline
 90
24
 70
1
 10
4767.531524993194
 20
21188.852021428436
 10
4973.351174816292
 20
21146.699538435874
 10
5055.67903474553
 20
20893.78464048047
 10
5014.515104780911
 20
20767.32719150277
 10
5014.515104780911
 20
20430.107327562237
 10
5055.67903474553
 20
20387.95484456967
 10
5055.67903474553
 20
19081.2278718001
 10
5096.842964710149
 20
19039.075388807534
 10
5138.006894674769
 20
16552.078892246092
 10
5179.170824639389
 20
16509.926409253523
 10
5179.170824639389
 20
14655.21715758059
 10
5220.334754604008
 20
14613.064674588022
 10
5220.334754604008
 20
14065.082395684654
 10
5179.170824639389
 20
14022.929912692089
 10
4973.351174816292
 20
14022.929912692089
 10
4891.023314887053
 20
14107.234878677222
 10
4849.8593849224335
 20
16341.316477283259
 10
4808.695454957813
 20
16383.468960275824
 10
4767.531524993194
 20
19544.905184718333
 10
4726.367595028575
 20
19587.0576677109
 10
4726.367595028575
 20
20893.78464048047
 10
4685.203665063956
 20
20935.93712347304
 10
4726.367595028575
 20
20978.089606465604
 10
4685.203665063956
 20
21062.39457245074
  0
LWPOLYLINE
  5
148
330
17
100
AcDbEntity
  8
RASTER_CONTOURS
100
AcDbPolyline
 90
5
 70
1
 10
45519.82218996643
 20
21315.30947040614
 10
45478.65826000181
 20
21062.39457245074
 10
45560.98611993105
 20
20978.089606465604
 10
45643.313979860286
 20
21104.5470554433
 10
45519.82218996643
 20
21231.004504421006
  0
LWPOLYLINE
  5
149
330
17
100
AcDbEntity
  8
RASTER_CONTOURS
100
AcDbPolyline
 90
11
 70
1
 10
53340.96888324412
 20
21483.919402376407
 10
53299.804953279505
 20
21399.614436391275
 10
53299.804953279505
 20
21020.24208945817
 10
53340.96888324412
 20
20978.089606465604
 10
53340.96888324412
 20
20598.717259532503
 10
53299.804953279505
 20
20556.564776539937
 10
53299.804953279505
 20
20387.95484456967
 10
53340.96888324412
 20
20345.8023615771
 10
53340.96888324412
 20
19671.362633696033
 10
53299.804953279505
 20
19629.210150703468
 10
53340.96888324412
 20
19081.2278718001
  0
LWPOLYLINE
  5
14A
330
17
100
AcDbEntity
  8
RASTER_CONTOURS
100
AcDbPolyline
 90
6
 70
1
 10
48318.96942756055
 20
21652.529334346673
 10
48360.13335752517
 20
21610.376851354107
 10
48360.13335752517
 20
21399.614436391275
 10
48318.96942756055
 20
21357.461953398702
 10
48277.805497595924
 20
21399.614436391275
 10
48277.805497595924
 20
21610.376851354107
  0
LWPOLYLINE
  5
14B
330
17
100
AcDbEntity
  8
RASTER_CONTOURS
100
AcDbPolyline
 90
6
 70
1
 10
42391.363512655356
 20
21652.529334346673
 10
42391.363512655356
 20
21568.22436836154
 10
42514.85530254921
 20
21610.376851354107
 10
42638.347092443066
 20
21568.22436836154
 10
42679.511022407685
 20
21441.766919383837
 10
42720.674952372305
 20
21652.529334346673
  0
LWPOLYLINE
  5
14C
330
17
100
AcDbEntity
  8
RASTER_CONTOURS
100
AcDbPolyline
 90
7
 70
1
 10
47454.52689830354
 20
21736.834300331808
 10
47413.36296833892
 20
21694.681817339242
 10
47413.36296833892
 20
21357.461953398702
 10
47454.52689830354
 20
21357.461953398702
 10
47454.52689830354
 20
21526.07188536897
 10
47495.690828268154
 20
21568.22436836154
 10
47495.690828268154
 20
21694.681817339242
  0
LWPOLYLINE
  5
14D
330
17
100
AcDbEntity
  8
RASTER_CONTOURS
100
AcDbPolyline
 90
14
 70
1
 10
47207.543318515825
 20
21778.986783324373
 10
47125.21545858658
 20
21652.529334346673
 10
47207.543318515825
 20
21483.919402376407
 10
47207.543318515825
 20
21188.852021428436
 10
47125.21545858658
 20
21104.5470554433
 10
46754.740088905004
 20
21104.5470554433
 10
46795.90401886963
 20
21020.24208945817
 10
46837.06794883425
 20
21062.39457245074
 10
47084.05152862197
 20
21020.24208945817
 10
47207.543318515825
 20
21104.5470554433
 10
47207.543318515825
 20
21273.156987413568
 10
47248.707248480445
 20
21315.30947040614
 10
47207.543318515825
 20
21441.766919383837
 10
47248.707248480445
 20
21483.919402376407
  0
LWPOLYLINE
  5
14E
330
17
100
AcDbEntity
  8
RASTER_CONTOURS
100
AcDbPolyline
 90
16
 70
1
 10
40868.29810396444
 20
21863.29174930951
 10
40868.29810396444
 20
21736.834300331808
 10
40827.13417399982
 20
21694.681817339242
 10
40621.31452417671
 20
21694.681817339242
 10
40580.15059421209
 20
21652.529334346673
 10
40456.65880431824
 20
21694.681817339242
 10
40374.330944388996
 20
21652.529334346673
 10
40374.330944388996
 20
21610.376851354107
 10
40456.65880431824
 20
21526.07188536897
 10
40538.98666424748
 20
21610.376851354107
 10
40621.31452417671
 20
21610.376851354107
 10
40703.64238410596
 20
21526.07188536897
 10
40703.64238410596
 20
21399.614436391275
 10
40744.80631407057
 20
21441.766919383837
 10
40744.80631407057
 20
21568.22436836154
 10
40868.29810396444
 20
21736.834300331808
  0
LWPOLYLINE
  5
14F
330
17
100
AcDbEntity
  8
RASTER_CONTOURS
100
AcDbPolyline
 90
3
 70
1
 10
45519.82218996643
 20
21947.59671529464
 10
45519.82218996643
 20
21526.07188536897
 10
45560.98611993105
 20
21568.22436836154
  0
LWPOLYLINE
  5
150
330
17
100
AcDbEntity
  8
RASTER_CONTOURS
100
AcDbPolyline
 90
10
 70
1
 10
39880.36378481357
 20
21947.59671529464
 10
39880.36378481357
 20
21736.834300331808
 10
39839.19985484894
 20
21694.681817339242
 10
39468.72448516737
 20
21694.681817339242
 10
39386.39662523813
 20
21652.529334346673
 10
39427.560555202755
 20
21568.22436836154
 10
39551.05234509661
 20
21610.376851354107
 10
39756.871994919704
 20
21568.22436836154
 10
39798.03592488433
 20
21652.529334346673
 10
39880.36378481357
 20
21694.681817339242
  0
LWPOLYLINE
  5
151
330
17
100
AcDbEntity
  8
RASTER_CONTOURS
100
AcDbPolyline
 90
2
 70
1
 10
53340.96888324412
 20
22116.20664726491
 10
53340.96888324412
 20
21610.376851354107
  0
LWPOLYLINE
  5
152
330
17
100
AcDbEntity
  8
RASTER_CONTOURS
100
AcDbPolyline
 90
6
 70
1
 10
54781.7064320058
 20
22242.664096242606
 10
54822.870361970425
 20
22284.816579235176
 10
55152.18180168737
 20
22284.816579235176
 10
55193.345731652
 20
22200.51161325004
 10
55152.18180168737
 20
22158.359130257475
 10
54864.03429193504
 20
22158.359130257475
  0
LWPOLYLINE
  5
153
330
17
100
AcDbEntity
  8
RASTER_CONTOURS
100
AcDbPolyline
 90
5
 70
1
 10
40127.347364601286
 20
22284.816579235176
 10
40086.18343463667
 20
22242.664096242606
 10
40127.347364601286
 20
21905.444232302074
 10
40127.347364601286
 20
22116.20664726491
 10
40168.5112945659
 20
22158.359130257475
  0
LWPOLYLINE
  5
154
330
17
100
AcDbEntity
  8
RASTER_CONTOURS
100
AcDbPolyline
 90
5
 70
1
 10
39139.41304545042
 20
22284.816579235176
 10
39139.41304545042
 20
21947.59671529464
 10
39139.41304545042
 20
22074.05416427234
 10
39180.57697541503
 20
22116.20664726491
 10
39180.57697541503
 20
22242.664096242606
  0
LWPOLYLINE
  5
155
330
17
100
AcDbEntity
  8
RASTER_CONTOURS
100
AcDbPolyline
 90
8
 70
1
 10
46260.77292932958
 20
22326.96906222774
 10
46219.60899936496
 20
22284.816579235176
 10
46219.60899936496
 20
21736.834300331808
 10
46178.44506940033
 20
21694.681817339242
 10
46219.60899936496
 20
21526.07188536897
 10
46260.77292932958
 20
21568.22436836154
 10
46260.77292932958
 20
21736.834300331808
 10
46219.60899936496
 20
21778.986783324373
  0
LWPOLYLINE
  5
156
330
17
100
AcDbEntity
  8
RASTER_CONTOURS
100
AcDbPolyline
 90
4
 70
1
 10
41074.117753787534
 20
22326.96906222774
 10
41074.117753787534
 20
21778.986783324373
 10
41074.117753787534
 20
22074.05416427234
 10
41156.445613716765
 20
22158.359130257475
  0
LWPOLYLINE
  5
157
330
17
100
AcDbEntity
  8
RASTER_CONTOURS
100
AcDbPolyline
 90
5
 70
1
 10
40868.29810396444
 20
22411.274028212876
 10
40868.29810396444
 20
22284.816579235176
 10
40785.97024403519
 20
22200.51161325004
 10
40868.29810396444
 20
22074.05416427234
 10
40868.29810396444
 20
21947.59671529464
  0
LWPOLYLINE
  5
158
330
17
100
AcDbEntity
  8
RASTER_CONTOURS
100
AcDbPolyline
 90
7
 70
1
 10
39880.36378481357
 20
22411.274028212876
 10
39880.36378481357
 20
22242.664096242606
 10
39798.03592488433
 20
22158.359130257475
 10
39880.36378481357
 20
22116.20664726491
 10
39880.36378481357
 20
22031.901681279774
 10
39921.52771477819
 20
22158.359130257475
 10
39880.36378481357
 20
22200.51161325004
  0
LWPOLYLINE
  5
159
330
17
100
AcDbEntity
  8
RASTER_CONTOURS
100
AcDbPolyline
 90
6
 70
1
 10
47207.543318515825
 20
22453.42651120544
 10
47207.543318515825
 20
22284.816579235176
 10
47125.21545858658
 20
22158.359130257475
 10
47207.543318515825
 20
22031.901681279774
 10
47248.707248480445
 20
22158.359130257475
 10
47207.543318515825
 20
22242.664096242606
  0
LWPOLYLINE
  5
15A
330
17
100
AcDbEntity
  8
RASTER_CONTOURS
100
AcDbPolyline
 90
9
 70
1
 10
46466.592579152675
 20
22495.578994198007
 10
46466.592579152675
 20
21273.156987413568
 10
46507.756509117295
 20
21188.852021428436
 10
46466.592579152675
 20
21273.156987413568
 10
46466.592579152675
 20
21483.919402376407
 10
46548.92043908191
 20
21652.529334346673
 10
46466.592579152675
 20
21821.13926631694
 10
46466.592579152675
 20
21989.74919828721
 10
46548.92043908191
 20
22116.20664726491
  0
LWPOLYLINE
  5
15B
330
17
100
AcDbEntity
  8
RASTER_CONTOURS
100
AcDbPolyline
 90
4
 70
1
 10
42062.05207293839
 20
22495.578994198007
 10
42062.05207293839
 20
22116.20664726491
 10
42103.21600290301
 20
22158.359130257475
 10
42062.05207293839
 20
22242.664096242606
  0
LWPOLYLINE
  5
15C
330
17
100
AcDbEntity
  8
RASTER_CONTOURS
100
AcDbPolyline
 90
14
 70
1
 10
41856.232423115296
 20
22495.578994198007
 10
41815.068493150684
 20
22369.121545220307
 10
41815.068493150684
 20
22074.05416427234
 10
41856.232423115296
 20
22031.901681279774
 10
41815.068493150684
 20
21694.681817339242
 10
41773.90456318606
 20
21652.529334346673
 10
41362.26526353986
 20
21652.529334346673
 10
41403.42919350449
 20
21441.766919383837
 10
41526.92098339834
 20
21610.376851354107
 10
41609.24884332759
 20
21610.376851354107
 10
41691.57670325682
 20
21526.07188536897
 10
41691.57670325682
 20
21231.004504421006
 10
41732.74063322144
 20
21568.22436836154
 10
41856.232423115296
 20
21736.834300331808
  0
LWPOLYLINE
  5
15D
330
17
100
AcDbEntity
  8
RASTER_CONTOURS
100
AcDbPolyline
 90
5
 70
1
 10
39880.36378481357
 20
22790.646375145974
 10
39839.19985484894
 20
22748.49389215341
 10
39880.36378481357
 20
22495.578994198007
 10
39880.36378481357
 20
22622.036443175708
 10
39921.52771477819
 20
22664.188926168274
  0
LWPOLYLINE
  5
15E
330
17
100
AcDbEntity
  8
RASTER_CONTOURS
100
AcDbPolyline
 90
5
 70
1
 10
42803.00281230154
 20
22832.798858138543
 10
42761.83888233693
 20
22664.188926168274
 10
42844.16674226616
 20
22495.578994198007
 10
42803.00281230154
 20
22622.036443175708
 10
42844.16674226616
 20
22832.798858138543
  0
LWPOLYLINE
  5
15F
330
17
100
AcDbEntity
  8
RASTER_CONTOURS
100
AcDbPolyline
 90
5
 70
1
 10
47207.543318515825
 20
22959.256307116244
 10
47207.543318515825
 20
22790.646375145974
 10
47125.21545858658
 20
22706.341409160843
 10
47207.543318515825
 20
22537.731477190577
 10
47248.707248480445
 20
22579.883960183142
  0
LWPOLYLINE
  5
160
330
17
100
AcDbEntity
  8
RASTER_CONTOURS
100
AcDbPolyline
 90
6
 70
1
 10
46260.77292932958
 20
22959.256307116244
 10
46219.60899936496
 20
22959.256307116244
 10
46219.60899936496
 20
22790.646375145974
 10
46178.44506940033
 20
22748.49389215341
 10
46219.60899936496
 20
22537.731477190577
 10
46260.77292932958
 20
22579.883960183142
  0
LWPOLYLINE
  5
161
330
17
100
AcDbEntity
  8
RASTER_CONTOURS
100
AcDbPolyline
 90
3
 70
1
 10
45519.82218996643
 20
22959.256307116244
 10
45519.82218996643
 20
22453.42651120544
 10
45560.98611993105
 20
22579.883960183142
  0
LWPOLYLINE
  5
162
330
17
100
AcDbEntity
  8
RASTER_CONTOURS
100
AcDbPolyline
 90
4
 70
1
 10
42062.05207293839
 20
22959.256307116244
 10
42062.05207293839
 20
22622.036443175708
 10
42103.21600290301
 20
22664.188926168274
 10
42062.05207293839
 20
22748.49389215341
  0
LWPOLYLINE
  5
163
330
17
100
AcDbEntity
  8
RASTER_CONTOURS
100
AcDbPolyline
 90
2
 70
1
 10
54287.739272430365
 20
23001.40879010881
 10
54287.739272430365
 20
22116.20664726491
  0
LWPOLYLINE
  5
164
330
17
100
AcDbEntity
  8
RASTER_CONTOURS
100
AcDbPolyline
 90
6
 70
1
 10
47207.543318515825
 20
23380.781137041915
 10
47125.21545858658
 20
23254.32368806421
 10
47207.543318515825
 20
23127.86623908651
 10
47207.543318515825
 20
23043.561273101375
 10
47207.543318515825
 20
23170.018722079076
 10
47248.707248480445
 20
23212.17120507164
  0
LWPOLYLINE
  5
165
330
17
100
AcDbEntity
  8
RASTER_CONTOURS
100
AcDbPolyline
 90
95
 70
1
 10
52805.837793704064
 20
23465.086103027046
 10
52682.346003810206
 20
23338.628654049342
 10
52682.346003810206
 20
22874.95134113111
 10
52517.690283951735
 20
22706.341409160843
 10
52476.52635398711
 20
22495.578994198007
 10
52353.03456409326
 20
22411.274028212876
 10
52353.03456409326
 20
22116.20664726491
 10
52517.690283951735
 20
21947.59671529464
 10
52517.690283951735
 20
19039.075388807534
 10
52476.52635398711
 20
18996.922905814965
 10
52476.52635398711
 20
18828.3129738447
 10
52517.690283951735
 20
18786.160490852133
 10
52517.690283951735
 20
18111.720762971065
 10
52476.52635398711
 20
17985.263313993364
 10
52311.87063412863
 20
17858.805865015664
 10
52229.54277419939
 20
17858.805865015664
 10
52147.21491427016
 20
17732.348416037963
 10
52188.37884423478
 20
17648.04345005283
 10
52270.70670416401
 20
17648.04345005283
 10
52517.690283951735
 20
17479.433518082566
 10
52517.690283951735
 20
14065.082395684654
 10
52682.346003810206
 20
13938.624946706956
 10
52682.346003810206
 20
13643.557565758989
 10
52641.182073845586
 20
13559.252599773854
 10
52723.50993377483
 20
13390.642667803582
 10
52888.16565363331
 20
13348.490184811017
 10
52970.49351356254
 20
13432.79515079615
 10
53011.65744352716
 20
13770.015014736688
 10
53093.98530345641
 20
13896.472463714388
 10
53011.65744352716
 20
14065.082395684654
 10
53011.65744352716
 20
14275.844810647488
 10
53052.82137349178
 20
14317.997293640055
 10
53052.82137349178
 20
18406.78814391903
 10
53135.14923342103
 20
18491.093109904166
 10
53217.47709335026
 20
18491.093109904166
 10
53299.804953279505
 20
18364.635660926466
 10
53299.804953279505
 20
17268.67110311973
 10
53340.96888324412
 20
17226.518620127164
 10
53299.804953279505
 20
16130.554062320425
 10
53340.96888324412
 20
16046.24909633529
 10
53299.804953279505
 20
16004.096613342725
 10
53299.804953279505
 20
14360.149776632623
 10
53217.47709335026
 20
14191.539844662355
 10
53258.64102331488
 20
13896.472463714388
 10
53299.804953279505
 20
13854.31998072182
 10
53382.13281320874
 20
13896.472463714388
 10
53382.13281320874
 20
14233.692327654922
 10
53299.804953279505
 20
14360.149776632623
 10
53340.96888324412
 20
14402.302259625189
 10
53340.96888324412
 20
18111.720762971065
 10
53423.296743173356
 20
18196.0257289562
 10
53505.6246031026
 20
18196.0257289562
 10
53629.11639299645
 20
18069.5682799785
 10
53629.11639299645
 20
14275.844810647488
 10
53587.952463031834
 20
14233.692327654922
 10
53587.952463031834
 20
13980.777429699521
 10
53505.6246031026
 20
13896.472463714388
 10
53629.11639299645
 20
13770.015014736688
 10
53670.28032296108
 20
13390.642667803582
 10
53711.44425292569
 20
13306.33770181845
 10
53958.42783271341
 20
13432.79515079615
 10
53999.59176267803
 20
13517.100116781288
 10
53999.59176267803
 20
17816.653382023098
 10
54040.755692642655
 20
17858.805865015664
 10
54040.755692642655
 20
17985.263313993364
 10
53999.59176267803
 20
18027.41579698593
 10
53999.59176267803
 20
23338.628654049342
 10
53834.93604281955
 20
23465.086103027046
 10
53752.60818289031
 20
23465.086103027046
 10
53670.28032296108
 20
23338.628654049342
 10
53629.11639299645
 20
23043.561273101375
 10
53546.788533067214
 20
22959.256307116244
 10
53587.952463031834
 20
22874.95134113111
 10
53587.952463031834
 20
22664.188926168274
 10
53629.11639299645
 20
22622.036443175708
 10
53629.11639299645
 20
21441.766919383837
 10
53587.952463031834
 20
21399.614436391275
 10
53587.952463031834
 20
21231.004504421006
 10
53629.11639299645
 20
21188.852021428436
 10
53629.11639299645
 20
18364.635660926466
 10
53546.788533067214
 20
18280.33069494133
 10
53464.46067313798
 20
18280.33069494133
 10
53382.13281320874
 20
18364.635660926466
 10
53382.13281320874
 20
18659.703041874433
 10
53423.296743173356
 20
18701.855524866998
 10
53340.96888324412
 20
18870.465456837264
 10
53258.64102331488
 20
18828.3129738447
 10
53258.64102331488
 20
18744.008007859567
 10
53135.14923342103
 20
18575.398075889298
 10
53052.82137349178
 20
18617.550558881867
 10
53052.82137349178
 20
22874.95134113111
 10
53093.98530345641
 20
22959.256307116244
 10
53011.65744352716
 20
23085.71375609394
 10
52970.49351356254
 20
23422.933620034477
 10
52929.32958359793
 20
23465.086103027046
  0
LWPOLYLINE
  5
166
330
17
100
AcDbEntity
  8
RASTER_CONTOURS
100
AcDbPolyline
 90
13
 70
1
 10
49924.36269618071
 20
23549.39106901218
 10
50006.69055610994
 20
23549.39106901218
 10
50089.01841603919
 20
23465.086103027046
 10
50089.01841603919
 20
22579.883960183142
 10
50130.1823460038
 20
22537.731477190577
 10
50089.01841603919
 20
22326.96906222774
 10
50130.1823460038
 20
22200.51161325004
 10
50089.01841603919
 20
22158.359130257475
 10
50089.01841603919
 20
20935.93712347304
 10
50047.85448607457
 20
20893.78464048047
 10
49924.36269618071
 20
20893.78464048047
 10
49842.03483625147
 20
20978.089606465604
 10
49842.03483625147
 20
23465.086103027046
  0
LWPOLYLINE
  5
167
330
17
100
AcDbEntity
  8
RASTER_CONTOURS
100
AcDbPolyline
 90
7
 70
1
 10
39880.36378481357
 20
23591.543552004743
 10
39880.36378481357
 20
23338.628654049342
 10
39798.03592488433
 20
23254.32368806421
 10
39880.36378481357
 20
23170.018722079076
 10
39880.36378481357
 20
23043.561273101375
 10
39880.36378481357
 20
23170.018722079076
 10
39921.52771477819
 20
23212.17120507164
  0
LWPOLYLINE
  5
168
330
17
100
AcDbEntity
  8
RASTER_CONTOURS
100
AcDbPolyline
 90
39
 70
1
 10
49018.756236959074
 20
23886.610932952713
 10
48977.59230699446
 20
23844.458449960144
 10
48854.100517100596
 20
23844.458449960144
 10
48854.100517100596
 20
23802.305966967582
 10
48936.42837702984
 20
23802.305966967582
 10
49018.756236959074
 20
23718.001000982447
 10
48977.59230699446
 20
23507.23858601961
 10
49059.92016692369
 20
23380.781137041915
 10
48977.59230699446
 20
23212.17120507164
 10
49059.92016692369
 20
23085.71375609394
 10
48977.59230699446
 20
22959.256307116244
 10
48977.59230699446
 20
22874.95134113111
 10
49059.92016692369
 20
22790.646375145974
 10
48977.59230699446
 20
22579.883960183142
 10
49059.92016692369
 20
22453.42651120544
 10
48977.59230699446
 20
22369.121545220307
 10
49018.756236959074
 20
22116.20664726491
 10
48895.26444706522
 20
22031.901681279774
 10
48977.59230699446
 20
21947.59671529464
 10
48977.59230699446
 20
21736.834300331808
 10
49101.08409688832
 20
21694.681817339242
 10
49142.24802685294
 20
21736.834300331808
 10
49142.24802685294
 20
21947.59671529464
 10
49224.57588678217
 20
22031.901681279774
 10
49101.08409688832
 20
22158.359130257475
 10
49101.08409688832
 20
22242.664096242606
 10
49183.41195681755
 20
22326.96906222774
 10
49101.08409688832
 20
22411.274028212876
 10
49101.08409688832
 20
22537.731477190577
 10
49142.24802685294
 20
22579.883960183142
 10
49101.08409688832
 20
22832.798858138543
 10
49142.24802685294
 20
22917.103824123675
 10
49059.92016692369
 20
23043.561273101375
 10
49142.24802685294
 20
23170.018722079076
 10
49142.24802685294
 20
23254.32368806421
 10
49059.92016692369
 20
23380.781137041915
 10
49142.24802685294
 20
23507.23858601961
 10
49101.08409688832
 20
23718.001000982447
 10
49183.41195681755
 20
23844.458449960144
  0
LWPOLYLINE
  5
169
330
17
100
AcDbEntity
  8
RASTER_CONTOURS
100
AcDbPolyline
 90
19
 70
1
 10
47454.52689830354
 20
23886.610932952713
 10
47413.36296833892
 20
23802.305966967582
 10
47454.52689830354
 20
23675.848517989878
 10
47454.52689830354
 20
23338.628654049342
 10
47413.36296833892
 20
23296.476171056776
 10
47413.36296833892
 20
22874.95134113111
 10
47454.52689830354
 20
22832.798858138543
 10
47413.36296833892
 20
22790.646375145974
 10
47413.36296833892
 20
22622.036443175708
 10
47454.52689830354
 20
22579.883960183142
 10
47454.52689830354
 20
22411.274028212876
 10
47454.52689830354
 20
22579.883960183142
 10
47495.690828268154
 20
22622.036443175708
 10
47495.690828268154
 20
22748.49389215341
 10
47454.52689830354
 20
22790.646375145974
 10
47454.52689830354
 20
23127.86623908651
 10
47495.690828268154
 20
23170.018722079076
 10
47454.52689830354
 20
23675.848517989878
 10
47536.854758232774
 20
23760.15348397501
  0
LWPOLYLINE
  5
16A
330
17
100
AcDbEntity
  8
RASTER_CONTOURS
100
AcDbPolyline
 90
6
 70
1
 10
47207.543318515825
 20
23886.610932952713
 10
47125.21545858658
 20
23802.305966967582
 10
47207.543318515825
 20
23633.696034997316
 10
47207.543318515825
 20
23507.23858601961
 10
47207.543318515825
 20
23633.696034997316
 10
47248.707248480445
 20
23675.848517989878
  0
LWPOLYLINE
  5
16B
330
17
100
AcDbEntity
  8
RASTER_CONTOURS
100
AcDbPolyline
 90
9
 70
1
 10
45560.98611993105
 20
23970.91589893785
 10
45519.82218996643
 20
23928.763415945275
 10
45560.98611993105
 20
23886.610932952713
 10
45519.82218996643
 20
23844.458449960144
 10
45519.82218996643
 20
23127.86623908651
 10
45560.98611993105
 20
23170.018722079076
 10
45560.98611993105
 20
23465.086103027046
 10
45519.82218996643
 20
23549.39106901218
 10
45602.150049895674
 20
23718.001000982447
  0
LWPOLYLINE
  5
16C
330
17
100
AcDbEntity
  8
RASTER_CONTOURS
100
AcDbPolyline
 90
4
 70
1
 10
43049.98639208926
 20
24013.06838193041
 10
43049.98639208926
 20
23633.696034997316
 10
43091.15032205388
 20
23718.001000982447
 10
43091.15032205388
 20
23928.763415945275
  0
LWPOLYLINE
  5
16D
330
17
100
AcDbEntity
  8
RASTER_CONTOURS
100
AcDbPolyline
 90
44
 70
1
 10
50294.838065862285
 20
24097.373347915545
 10
50418.32985575614
 20
24013.06838193041
 10
50418.32985575614
 20
11578.085899123214
 10
50377.165925791516
 20
11535.933416130647
 10
50377.165925791516
 20
10945.798654234713
 10
50336.0019958269
 20
10903.646171242146
 10
49924.36269618071
 20
10903.646171242146
 10
49883.19876621609
 20
10861.49368824958
 10
49800.870906286844
 20
11030.103620219847
 10
49800.870906286844
 20
11240.86603518268
 10
49883.19876621609
 20
11325.171001167813
 10
50130.1823460038
 20
11325.171001167813
 10
50171.34627596842
 20
11409.475967152946
 10
50171.34627596842
 20
14107.234878677222
 10
50089.01841603919
 20
14149.38736166979
 10
49883.19876621609
 20
14149.38736166979
 10
49842.03483625147
 20
14191.539844662355
 10
49842.03483625147
 20
14444.454742617756
 10
49924.36269618071
 20
14528.759708602889
 10
50130.1823460038
 20
14528.759708602889
 10
50171.34627596842
 20
14570.912191595457
 10
50171.34627596842
 20
17226.518620127164
 10
50130.1823460038
 20
17268.67110311973
 10
49924.36269618071
 20
17268.67110311973
 10
49842.03483625147
 20
17352.976069104865
 10
49842.03483625147
 20
17563.738484067697
 10
49924.36269618071
 20
17648.04345005283
 10
50130.1823460038
 20
17648.04345005283
 10
50171.34627596842
 20
17690.195933045397
 10
50171.34627596842
 20
20387.95484456967
 10
50130.1823460038
 20
20430.107327562237
 10
49924.36269618071
 20
20430.107327562237
 10
49842.03483625147
 20
20514.41229354737
 10
49842.03483625147
 20
20725.174708510203
 10
49924.36269618071
 20
20809.47967449534
 10
50130.1823460038
 20
20809.47967449534
 10
50171.34627596842
 20
20851.632157487904
 10
50171.34627596842
 20
23591.543552004743
 10
49924.36269618071
 20
23633.696034997316
 10
49842.03483625147
 20
23718.001000982447
 10
49842.03483625147
 20
24013.06838193041
 10
49924.36269618071
 20
24097.373347915545
 10
50047.85448607457
 20
24055.220864922983
 10
50089.01841603919
 20
24097.373347915545
  0
LWPOLYLINE
  5
16E
330
17
100
AcDbEntity
  8
RASTER_CONTOURS
100
AcDbPolyline
 90
170
 70
1
 10
50047.85448607457
 20
24223.83079689325
 10
49842.03483625147
 20
24223.83079689325
 10
49636.215186428366
 20
23844.458449960144
 10
49677.37911639299
 20
23591.543552004743
 10
49595.05125646375
 20
23507.23858601961
 10
49677.37911639299
 20
23422.933620034477
 10
49677.37911639299
 20
23296.476171056776
 10
49636.215186428366
 20
23254.32368806421
 10
49677.37911639299
 20
23001.40879010881
 10
49595.05125646375
 20
22917.103824123675
 10
49430.39553660527
 20
22917.103824123675
 10
49595.05125646375
 20
22917.103824123675
 10
49677.37911639299
 20
22832.798858138543
 10
49677.37911639299
 20
22706.341409160843
 10
49595.05125646375
 20
22622.036443175708
 10
49595.05125646375
 20
22579.883960183142
 10
49677.37911639299
 20
22537.731477190577
 10
49677.37911639299
 20
22411.274028212876
 10
49595.05125646375
 20
22326.96906222774
 10
49677.37911639299
 20
22242.664096242606
 10
49677.37911639299
 20
22116.20664726491
 10
49636.215186428366
 20
22074.05416427234
 10
49677.37911639299
 20
21821.13926631694
 10
49636.215186428366
 20
21694.681817339242
 10
49759.706976322224
 20
21483.919402376407
 10
49759.706976322224
 20
20177.192429606836
 10
49677.37911639299
 20
20092.887463621704
 10
47207.543318515825
 20
20092.887463621704
 10
47125.21545858658
 20
20135.03994661427
 10
47084.05152862197
 20
20219.344912599405
 10
46960.5597387281
 20
20135.03994661427
 10
46960.5597387281
 20
20092.887463621704
 10
47125.21545858658
 20
20092.887463621704
 10
47207.543318515825
 20
19966.430014644004
 10
47207.543318515825
 20
19713.5151166886
 10
47125.21545858658
 20
19544.905184718333
 10
47166.379388551206
 20
19502.752701725767
 10
47166.379388551206
 20
19123.380354792665
 10
47125.21545858658
 20
19081.2278718001
 10
47166.379388551206
 20
18954.7704228224
 10
47166.379388551206
 20
18575.398075889298
 10
47125.21545858658
 20
18491.093109904166
 10
47207.543318515825
 20
18280.33069494133
 10
47207.543318515825
 20
18153.87324596363
 10
47125.21545858658
 20
17985.263313993364
 10
47166.379388551206
 20
17900.958348008233
 10
47166.379388551206
 20
17310.823586112296
 10
47207.543318515825
 20
17268.67110311973
 10
47125.21545858658
 20
16973.60372217176
 10
47166.379388551206
 20
16889.298756186625
 10
47166.379388551206
 20
16467.773926260958
 10
47125.21545858658
 20
16425.621443268392
 10
47166.379388551206
 20
16341.316477283259
 10
47166.379388551206
 20
15961.944130350157
 10
47125.21545858658
 20
15919.791647357592
 10
47166.379388551206
 20
15835.486681372457
 10
47166.379388551206
 20
15456.114334439357
 10
47125.21545858658
 20
15413.96185144679
 10
47166.379388551206
 20
15329.656885461656
 10
47166.379388551206
 20
14950.284538528556
 10
47084.05152862197
 20
14865.979572543423
 10
46713.57615894039
 20
14865.979572543423
 10
46754.740088905004
 20
14697.369640573155
 10
46795.90401886963
 20
14697.369640573155
 10
46878.23187879887
 20
14823.827089550856
 10
46960.5597387281
 20
14823.827089550856
 10
47084.05152862197
 20
14697.369640573155
 10
47042.88759865735
 20
14655.21715758059
 10
47084.05152862197
 20
14528.759708602889
 10
47042.88759865735
 20
14655.21715758059
 10
47166.379388551206
 20
14865.979572543423
 10
48689.444797242126
 20
14865.979572543423
 10
48854.100517100596
 20
14739.522123565723
 10
48854.100517100596
 20
14992.437021521124
 10
48812.93658713598
 20
15034.58950451369
 10
48195.47763766669
 20
15034.58950451369
 10
48154.31370770207
 20
15076.741987506257
 10
47948.494057878976
 20
15076.741987506257
 10
47907.33012791435
 20
15118.894470498823
 10
47907.33012791435
 20
15624.724266409623
 10
47825.00226798512
 20
15666.87674940219
 10
47454.52689830354
 20
15666.87674940219
 10
47372.1990383743
 20
15793.334198379891
 10
47372.1990383743
 20
17648.04345005283
 10
47413.36296833892
 20
17690.195933045397
 10
47372.1990383743
 20
17816.653382023098
 10
47372.1990383743
 20
17985.263313993364
 10
47413.36296833892
 20
18027.41579698593
 10
47372.1990383743
 20
19123.380354792665
 10
47454.52689830354
 20
19249.837803770366
 10
47866.16619794974
 20
19291.99028676293
 10
47907.33012791435
 20
19334.1427697555
 10
47907.33012791435
 20
19797.820082673737
 10
48030.821917808214
 20
19882.12504865887
 10
48195.47763766669
 20
19882.12504865887
 10
48236.64156763131
 20
19924.277531651434
 10
49430.39553660527
 20
19924.277531651434
 10
49553.887326499134
 20
19882.12504865887
 10
49636.215186428366
 20
19755.66759968117
 10
49595.05125646375
 20
19629.210150703468
 10
49636.215186428366
 20
19587.0576677109
 10
49636.215186428366
 20
19291.99028676293
 10
49718.54304635761
 20
19249.837803770366
 10
50047.85448607457
 20
19249.837803770366
 10
50089.01841603919
 20
19207.6853207778
 10
50089.01841603919
 20
18533.245592896732
 10
50130.1823460038
 20
18491.093109904166
 10
50130.1823460038
 20
18364.635660926466
 10
50089.01841603919
 20
18322.4831779339
 10
50089.01841603919
 20
17774.500899030532
 10
49965.52662614532
 20
17690.195933045397
 10
49800.870906286844
 20
17690.195933045397
 10
49759.706976322224
 20
17605.890967060262
 10
49759.706976322224
 20
17268.67110311973
 10
49924.36269618071
 20
17184.3661371346
 10
50047.85448607457
 20
17184.3661371346
 10
50130.1823460038
 20
17057.90868815689
 10
50130.1823460038
 20
16889.298756186625
 10
50089.01841603919
 20
16847.14627319406
 10
50089.01841603919
 20
16214.859028305558
 10
50130.1823460038
 20
16172.70654531299
 10
50130.1823460038
 20
16046.24909633529
 10
50089.01841603919
 20
16004.096613342725
 10
50089.01841603919
 20
15498.266817431924
 10
49965.52662614532
 20
15413.96185144679
 10
49883.19876621609
 20
15413.96185144679
 10
49718.54304635761
 20
15245.351919476523
 10
49718.54304635761
 20
15076.741987506257
 10
49677.37911639299
 20
15034.58950451369
 10
49677.37911639299
 20
14107.234878677222
 10
49636.215186428366
 20
14022.929912692089
 10
49677.37911639299
 20
14022.929912692089
 10
49759.706976322224
 20
13896.472463714388
 10
49759.706976322224
 20
13643.557565758989
 10
49718.54304635761
 20
13601.405082766421
 10
49718.54304635761
 20
13432.79515079615
 10
49636.215186428366
 20
13306.33770181845
 10
49636.215186428366
 20
13179.880252840749
 10
49677.37911639299
 20
13137.727769848183
 10
49636.215186428366
 20
12884.812871892782
 10
49677.37911639299
 20
12758.355422915081
 10
49595.05125646375
 20
12631.897973937383
 10
49677.37911639299
 20
12547.593007952248
 10
49677.37911639299
 20
12463.288041967115
 10
49553.887326499134
 20
12336.830592989416
 10
49677.37911639299
 20
12252.525627004281
 10
49595.05125646375
 20
12083.915695034015
 10
49636.215186428366
 20
11999.610729048882
 10
49636.215186428366
 20
11831.000797078614
 10
49595.05125646375
 20
11788.848314086048
 10
49636.215186428366
 20
11704.543348100915
 10
49636.215186428366
 20
11493.780933138081
 10
49595.05125646375
 20
11451.628450145514
 10
49677.37911639299
 20
11283.018518175248
 10
49595.05125646375
 20
11156.561069197547
 10
49842.03483625147
 20
10735.03623927188
 10
49965.52662614532
 20
10777.188722264447
 10
50500.65771568538
 20
10777.188722264447
 10
50459.49378572076
 20
10861.49368824958
 10
50459.49378572076
 20
11409.475967152946
 10
50500.65771568538
 20
11451.628450145514
 10
50459.49378572076
 20
11578.085899123214
 10
50459.49378572076
 20
14233.692327654922
 10
50500.65771568538
 20
14275.844810647488
 10
50500.65771568538
 20
14992.437021521124
 10
50459.49378572076
 20
15034.58950451369
 10
50459.49378572076
 20
15287.50440246909
 10
50500.65771568538
 20
15329.656885461656
 10
50500.65771568538
 20
24181.678313900677
 10
50089.01841603919
 20
24181.678313900677
  0
LWPOLYLINE
  5
16F
330
17
100
AcDbEntity
  8
RASTER_CONTOURS
100
AcDbPolyline
 90
5
 70
1
 10
47207.543318515825
 20
24518.89817784121
 10
47207.543318515825
 20
24392.440728863516
 10
47166.379388551206
 20
24350.288245870943
 10
47166.379388551206
 20
24223.83079689325
 10
47207.543318515825
 20
24181.678313900677
  0
LWPOLYLINE
  5
170
330
17
100
AcDbEntity
  8
RASTER_CONTOURS
100
AcDbPolyline
 90
11
 70
1
 10
39880.36378481357
 20
24603.203143826344
 10
39880.36378481357
 20
24392.440728863516
 10
39798.03592488433
 20
24308.13576287838
 10
39880.36378481357
 20
24181.678313900677
 10
39880.36378481357
 20
23886.610932952713
 10
39839.19985484894
 20
23844.458449960144
 10
39880.36378481357
 20
23675.848517989878
 10
39921.52771477819
 20
23760.15348397501
 10
39880.36378481357
 20
23886.610932952713
 10
39880.36378481357
 20
24223.83079689325
 10
39921.52771477819
 20
24265.98327988581
  0
LWPOLYLINE
  5
171
330
17
100
AcDbEntity
  8
RASTER_CONTOURS
100
AcDbPolyline
 90
17
 70
1
 10
46466.592579152675
 20
24898.270524774314
 10
46466.592579152675
 20
22622.036443175708
 10
46507.756509117295
 20
22622.036443175708
 10
46548.92043908191
 20
22706.341409160843
 10
46466.592579152675
 20
22832.798858138543
 10
46507.756509117295
 20
22874.95134113111
 10
46466.592579152675
 20
23043.561273101375
 10
46548.92043908191
 20
23296.476171056776
 10
46466.592579152675
 20
23380.781137041915
 10
46466.592579152675
 20
23591.543552004743
 10
46548.92043908191
 20
23802.305966967582
 10
46507.756509117295
 20
23844.458449960144
 10
46507.756509117295
 20
24434.593211856078
 10
46466.592579152675
 20
24476.745694848647
 10
46507.756509117295
 20
24518.89817784121
 10
46507.756509117295
 20
24771.81307579661
 10
46548.92043908191
 20
24856.118041781745
  0
LWPOLYLINE
  5
172
330
17
100
AcDbEntity
  8
RASTER_CONTOURS
100
AcDbPolyline
 90
4
 70
1
 10
40127.347364601286
 20
25024.72797375201
 10
40086.18343463667
 20
24771.81307579661
 10
40127.347364601286
 20
24729.660592804048
 10
40168.5112945659
 20
24813.965558789183
  0
LWPOLYLINE
  5
173
330
17
100
AcDbEntity
  8
RASTER_CONTOURS
100
AcDbPolyline
 90
7
 70
1
 10
50294.838065862285
 20
25066.880456744584
 10
50212.51020593304
 20
25109.032939737146
 10
50171.34627596842
 20
25066.880456744584
 10
50047.85448607457
 20
25066.880456744584
 10
50047.85448607457
 20
25024.72797375201
 10
50212.51020593304
 20
25024.72797375201
 10
50253.674135897665
 20
24982.57549075945
  0
LWPOLYLINE
  5
174
330
17
100
AcDbEntity
  8
RASTER_CONTOURS
100
AcDbPolyline
 90
10
 70
1
 10
45519.82218996643
 20
25109.032939737146
 10
45519.82218996643
 20
24223.83079689325
 10
45560.98611993105
 20
24181.678313900677
 10
45519.82218996643
 20
24097.373347915545
 10
45560.98611993105
 20
24097.373347915545
 10
45560.98611993105
 20
24223.83079689325
 10
45602.150049895674
 20
24265.98327988581
 10
45560.98611993105
 20
24350.288245870943
 10
45560.98611993105
 20
24729.660592804048
 10
45602.150049895674
 20
24856.118041781745
  0
LWPOLYLINE
  5
175
330
17
100
AcDbEntity
  8
RASTER_CONTOURS
100
AcDbPolyline
 90
7
 70
1
 10
48318.96942756055
 20
25319.79535469998
 10
48401.29728748979
 20
25235.49038871485
 10
48360.13335752517
 20
25151.185422729715
 10
48360.13335752517
 20
24687.50810981148
 10
48318.96942756055
 20
24645.355626818917
 10
48277.805497595924
 20
24687.50810981148
 10
48277.805497595924
 20
25277.642871707416
  0
LWPOLYLINE
  5
176
330
17
100
AcDbEntity
  8
RASTER_CONTOURS
100
AcDbPolyline
 90
13
 70
1
 10
41074.117753787534
 20
25446.252803677682
 10
41074.117753787534
 20
23718.001000982447
 10
41115.281683752146
 20
23718.001000982447
 10
41156.445613716765
 20
23802.305966967582
 10
41074.117753787534
 20
23886.610932952713
 10
41074.117753787534
 20
24181.678313900677
 10
41115.281683752146
 20
24223.83079689325
 10
41074.117753787534
 20
24729.660592804048
 10
41156.445613716765
 20
24856.118041781745
 10
41115.281683752146
 20
24898.270524774314
 10
41115.281683752146
 20
25193.337905722285
 10
41074.117753787534
 20
25277.642871707416
 10
41156.445613716765
 20
25404.100320685116
  0
LWPOLYLINE
  5
177
330
17
100
AcDbEntity
  8
RASTER_CONTOURS
100
AcDbPolyline
 90
7
 70
1
 10
39880.36378481357
 20
25488.40528667025
 10
39839.19985484894
 20
25446.252803677682
 10
39880.36378481357
 20
25193.337905722285
 10
39921.52771477819
 20
25235.49038871485
 10
39880.36378481357
 20
25277.642871707416
 10
39921.52771477819
 20
25319.79535469998
 10
39921.52771477819
 20
25446.252803677682
  0
LWPOLYLINE
  5
178
330
17
100
AcDbEntity
  8
RASTER_CONTOURS
100
AcDbPolyline
 90
10
 70
1
 10
40868.29810396444
 20
25614.862735647952
 10
40827.13417399982
 20
25488.40528667025
 10
40827.13417399982
 20
25319.79535469998
 10
40868.29810396444
 20
25277.642871707416
 10
40868.29810396444
 20
24940.423007766876
 10
40827.13417399982
 20
24898.270524774314
 10
40868.29810396444
 20
24392.440728863516
 10
40827.13417399982
 20
24350.288245870943
 10
40827.13417399982
 20
24223.83079689325
 10
40868.29810396444
 20
24181.678313900677
  0
LWPOLYLINE
  5
179
330
17
100
AcDbEntity
  8
RASTER_CONTOURS
100
AcDbPolyline
 90
9
 70
1
 10
39880.36378481357
 20
26247.14998053645
 10
39880.36378481357
 20
26036.387565573616
 10
39839.19985484894
 20
25994.23508258105
 10
39880.36378481357
 20
25657.015218640518
 10
39880.36378481357
 20
25783.472667618218
 10
39921.52771477819
 20
25825.625150610784
 10
39921.52771477819
 20
25994.23508258105
 10
39880.36378481357
 20
26036.387565573616
 10
39921.52771477819
 20
26162.845014551316
  0
LWPOLYLINE
  5
17A
330
17
100
AcDbEntity
  8
RASTER_CONTOURS
100
AcDbPolyline
 90
5
 70
1
 10
41074.117753787534
 20
26289.302463529017
 10
41074.117753787534
 20
25825.625150610784
 10
41115.281683752146
 20
25825.625150610784
 10
41156.445613716765
 20
25952.082599588484
 10
41074.117753787534
 20
26078.540048566185
  0
LWPOLYLINE
  5
17B
330
17
100
AcDbEntity
  8
RASTER_CONTOURS
100
AcDbPolyline
 90
2
 70
1
 10
38563.11802594575
 20
26373.60742951415
 10
38563.11802594575
 20
20514.41229354737
  0
LWPOLYLINE
  5
17C
330
17
100
AcDbEntity
  8
RASTER_CONTOURS
100
AcDbPolyline
 90
8
 70
1
 10
52188.37884423478
 20
26120.69253155875
 10
52517.690283951735
 20
26078.540048566185
 10
52723.50993377483
 20
26204.997497543885
 10
52764.673863739445
 20
26289.302463529017
 10
52641.182073845586
 20
26415.759912506717
 10
52394.19849405787
 20
26457.912395499283
 10
52311.87063412863
 20
26289.302463529017
 10
52188.37884423478
 20
26204.997497543885
  0
LWPOLYLINE
  5
17D
330
17
100
AcDbEntity
  8
RASTER_CONTOURS
100
AcDbPolyline
 90
9
 70
1
 10
38727.773745804225
 20
26500.064878491852
 10
38727.773745804225
 20
26331.454946521586
 10
38768.937675768844
 20
26289.302463529017
 10
38768.937675768844
 20
21652.529334346673
 10
38727.773745804225
 20
21610.376851354107
 10
38727.773745804225
 20
21399.614436391275
 10
38768.937675768844
 20
21273.156987413568
 10
38768.937675768844
 20
26289.302463529017
 10
38727.773745804225
 20
26331.454946521586
  0
LWPOLYLINE
  5
17E
330
17
100
AcDbEntity
  8
RASTER_CONTOURS
100
AcDbPolyline
 90
30
 70
1
 10
39098.24911548579
 20
26584.369844476983
 10
39139.41304545042
 20
26500.064878491852
 10
39139.41304545042
 20
22411.274028212876
 10
39180.57697541503
 20
22495.578994198007
 10
39139.41304545042
 20
22537.731477190577
 10
39221.74090537966
 20
22706.341409160843
 10
39139.41304545042
 20
22874.95134113111
 10
39139.41304545042
 20
23127.86623908651
 10
39221.74090537966
 20
23254.32368806421
 10
39139.41304545042
 20
23422.933620034477
 10
39180.57697541503
 20
23465.086103027046
 10
39139.41304545042
 20
23507.23858601961
 10
39139.41304545042
 20
23675.848517989878
 10
39180.57697541503
 20
23718.001000982447
 10
39180.57697541503
 20
23886.610932952713
 10
39139.41304545042
 20
23928.763415945275
 10
39139.41304545042
 20
24139.525830908115
 10
39180.57697541503
 20
24181.678313900677
 10
39180.57697541503
 20
24434.593211856078
 10
39139.41304545042
 20
24476.745694848647
 10
39180.57697541503
 20
24603.203143826344
 10
39180.57697541503
 20
25867.77763360335
 10
39262.90483534427
 20
25952.082599588484
 10
39180.57697541503
 20
25994.23508258105
 10
39180.57697541503
 20
26247.14998053645
 10
39139.41304545042
 20
26289.302463529017
 10
39262.90483534427
 20
26457.912395499283
 10
39427.560555202755
 20
26457.912395499283
 10
39468.72448516737
 20
26542.217361484418
 10
39221.74090537966
 20
26500.064878491852
  0
LWPOLYLINE
  5
17F
330
17
100
AcDbEntity
  8
RASTER_CONTOURS
100
AcDbPolyline
 90
15
 70
1
 10
40086.18343463667
 20
26668.67481046212
 10
40086.18343463667
 20
26415.759912506717
 10
40127.347364601286
 20
26373.60742951415
 10
40086.18343463667
 20
26289.302463529017
 10
40127.347364601286
 20
26289.302463529017
 10
40127.347364601286
 20
26373.60742951415
 10
40209.67522453052
 20
26457.912395499283
 10
40785.97024403519
 20
26457.912395499283
 10
40868.29810396444
 20
26373.60742951415
 10
40868.29810396444
 20
26036.387565573616
 10
40785.97024403519
 20
25952.082599588484
 10
40868.29810396444
 20
25783.472667618218
 10
40868.29810396444
 20
26457.912395499283
 10
40827.13417399982
 20
26584.369844476983
 10
40168.5112945659
 20
26500.064878491852
  0
LWPOLYLINE
  5
180
330
17
100
AcDbEntity
  8
RASTER_CONTOURS
100
AcDbPolyline
 90
2
 70
1
 10
38027.986936405694
 20
26668.67481046212
 10
38027.986936405694
 20
26289.302463529017
  0
LWPOLYLINE
  5
181
330
17
100
AcDbEntity
  8
RASTER_CONTOURS
100
AcDbPolyline
 90
12
 70
1
 10
45560.98611993105
 20
26795.13225943982
 10
45519.82218996643
 20
26752.979776447253
 10
45519.82218996643
 20
26331.454946521586
 10
45560.98611993105
 20
26289.302463529017
 10
45519.82218996643
 20
26204.997497543885
 10
45519.82218996643
 20
25193.337905722285
 10
45560.98611993105
 20
25193.337905722285
 10
45519.82218996643
 20
25235.49038871485
 10
45560.98611993105
 20
25277.642871707416
 10
45560.98611993105
 20
25867.77763360335
 10
45602.150049895674
 20
25909.93011659592
 10
45560.98611993105
 20
25994.23508258105
  0
LWPOLYLINE
  5
182
330
17
100
AcDbEntity
  8
RASTER_CONTOURS
100
AcDbPolyline
 90
22
 70
1
 10
43091.15032205388
 20
26963.742191410085
 10
43008.82246212464
 20
26921.58970841752
 10
43049.98639208926
 20
26795.13225943982
 10
43049.98639208926
 20
24898.270524774314
 10
43008.82246212464
 20
24856.118041781745
 10
43049.98639208926
 20
24771.81307579661
 10
43049.98639208926
 20
24181.678313900677
 10
43091.15032205388
 20
24265.98327988581
 10
43049.98639208926
 20
24392.440728863516
 10
43049.98639208926
 20
24729.660592804048
 10
43091.15032205388
 20
24771.81307579661
 10
43091.15032205388
 20
24898.270524774314
 10
43049.98639208926
 20
24940.423007766876
 10
43049.98639208926
 20
25277.642871707416
 10
43091.15032205388
 20
25319.79535469998
 10
43049.98639208926
 20
25446.252803677682
 10
43049.98639208926
 20
25825.625150610784
 10
43132.31425201851
 20
25909.93011659592
 10
43049.98639208926
 20
25994.23508258105
 10
43049.98639208926
 20
26331.454946521586
 10
43091.15032205388
 20
26373.60742951415
 10
43049.98639208926
 20
26837.284742432385
  0
LWPOLYLINE
  5
183
330
17
100
AcDbEntity
  8
RASTER_CONTOURS
100
AcDbPolyline
 90
11
 70
1
 10
39756.871994919704
 20
27005.89467440265
 10
39798.03592488433
 20
26752.979776447253
 10
39633.380205025845
 20
26626.522327469553
 10
39715.70806495509
 20
26542.217361484418
 10
39715.70806495509
 20
26457.912395499283
 10
39756.871994919704
 20
26415.759912506717
 10
39798.03592488433
 20
26457.912395499283
 10
39880.36378481357
 20
26331.454946521586
 10
39921.52771477819
 20
26415.759912506717
 10
39756.871994919704
 20
26542.217361484418
 10
39839.19985484894
 20
26752.979776447253
  0
LWPOLYLINE
  5
184
330
17
100
AcDbEntity
  8
RASTER_CONTOURS
100
AcDbPolyline
 90
47
 70
1
 10
43749.77320148779
 20
27174.50460637292
 10
43626.28141159393
 20
27090.199640387786
 10
43379.297831806216
 20
27090.199640387786
 10
43338.133901841604
 20
27048.047157395224
 10
43379.297831806216
 20
26963.742191410085
 10
43708.60927152318
 20
26963.742191410085
 10
43790.93713145241
 20
26879.43722542495
 10
43790.93713145241
 20
26542.217361484418
 10
43749.77320148779
 20
26500.064878491852
 10
43749.77320148779
 20
26373.60742951415
 10
43790.93713145241
 20
26331.454946521586
 10
43790.93713145241
 20
25994.23508258105
 10
43749.77320148779
 20
25952.082599588484
 10
43790.93713145241
 20
25825.625150610784
 10
43790.93713145241
 20
25488.40528667025
 10
43749.77320148779
 20
25446.252803677682
 10
43749.77320148779
 20
25319.79535469998
 10
43790.93713145241
 20
25277.642871707416
 10
43790.93713145241
 20
24940.423007766876
 10
43749.77320148779
 20
24898.270524774314
 10
43749.77320148779
 20
24771.81307579661
 10
43790.93713145241
 20
24729.660592804048
 10
43790.93713145241
 20
24392.440728863516
 10
43749.77320148779
 20
24350.288245870943
 10
43790.93713145241
 20
23886.610932952713
 10
43708.60927152318
 20
23760.15348397501
 10
43790.93713145241
 20
23633.696034997316
 10
43790.93713145241
 20
23380.781137041915
 10
43708.60927152318
 20
23254.32368806421
 10
43790.93713145241
 20
23127.86623908651
 10
43790.93713145241
 20
22832.798858138543
 10
43708.60927152318
 20
22706.341409160843
 10
43790.93713145241
 20
22579.883960183142
 10
43790.93713145241
 20
22326.96906222774
 10
43708.60927152318
 20
22200.51161325004
 10
43790.93713145241
 20
22074.05416427234
 10
43790.93713145241
 20
21778.986783324373
 10
43708.60927152318
 20
21652.529334346673
 10
43379.297831806216
 20
21652.529334346673
 10
43338.133901841604
 20
21610.376851354107
 10
43379.297831806216
 20
21483.919402376407
 10
43461.625691735455
 20
21568.22436836154
 10
43626.28141159393
 20
21568.22436836154
 10
43667.44534155855
 20
21483.919402376407
 10
43749.77320148779
 20
21610.376851354107
 10
43914.42892134626
 20
21652.529334346673
 10
43955.59285131089
 20
27048.047157395224
  0
LWPOLYLINE
  5
185
330
17
100
AcDbEntity
  8
RASTER_CONTOURS
100
AcDbPolyline
 90
25
 70
1
 10
42062.05207293839
 20
27174.50460637292
 10
42062.05207293839
 20
24898.270524774314
 10
42020.88814297378
 20
24856.118041781745
 10
42062.05207293839
 20
24813.965558789183
 10
42062.05207293839
 20
23970.91589893785
 10
42062.05207293839
 20
24181.678313900677
 10
42103.21600290301
 20
24223.83079689325
 10
42103.21600290301
 20
24350.288245870943
 10
42062.05207293839
 20
24392.440728863516
 10
42062.05207293839
 20
24729.660592804048
 10
42103.21600290301
 20
24771.81307579661
 10
42103.21600290301
 20
24898.270524774314
 10
42062.05207293839
 20
24940.423007766876
 10
42062.05207293839
 20
25277.642871707416
 10
42103.21600290301
 20
25319.79535469998
 10
42103.21600290301
 20
25446.252803677682
 10
42062.05207293839
 20
25488.40528667025
 10
42062.05207293839
 20
25825.625150610784
 10
42103.21600290301
 20
25867.77763360335
 10
42103.21600290301
 20
25994.23508258105
 10
42062.05207293839
 20
26036.387565573616
 10
42062.05207293839
 20
26331.454946521586
 10
42103.21600290301
 20
26373.60742951415
 10
42062.05207293839
 20
26921.58970841752
 10
42103.21600290301
 20
27048.047157395224
  0
LWPOLYLINE
  5
186
330
17
100
AcDbEntity
  8
RASTER_CONTOURS
100
AcDbPolyline
 90
5
 70
1
 10
40003.85557470743
 20
27174.50460637292
 10
40003.85557470743
 20
27005.89467440265
 10
40045.01950467204
 20
26879.43722542495
 10
40086.18343463667
 20
26879.43722542495
 10
40086.18343463667
 20
27048.047157395224
  0
LWPOLYLINE
  5
187
330
17
100
AcDbEntity
  8
RASTER_CONTOURS
100
AcDbPolyline
 90
4
 70
1
 10
38892.429465662695
 20
27216.65708936549
 10
39015.92125555656
 20
26837.284742432385
 10
39015.92125555656
 20
27005.89467440265
 10
38892.429465662695
 20
27132.352123380355
  0
LWPOLYLINE
  5
188
330
17
100
AcDbEntity
  8
RASTER_CONTOURS
100
AcDbPolyline
 90
6
 70
1
 10
45519.82218996643
 20
27258.80957235805
 10
45519.82218996643
 20
26963.742191410085
 10
45560.98611993105
 20
26879.43722542495
 10
45602.150049895674
 20
27048.047157395224
 10
45560.98611993105
 20
27090.199640387786
 10
45560.98611993105
 20
27258.80957235805
  0
LWPOLYLINE
  5
189
330
17
100
AcDbEntity
  8
RASTER_CONTOURS
100
AcDbPolyline
 90
17
 70
1
 10
47454.52689830354
 20
27300.962055350625
 10
47454.52689830354
 20
24729.660592804048
 10
47495.690828268154
 20
24771.81307579661
 10
47454.52689830354
 20
24898.270524774314
 10
47454.52689830354
 20
25277.642871707416
 10
47495.690828268154
 20
25319.79535469998
 10
47495.690828268154
 20
25488.40528667025
 10
47454.52689830354
 20
25530.557769662817
 10
47454.52689830354
 20
25825.625150610784
 10
47495.690828268154
 20
25867.77763360335
 10
47495.690828268154
 20
25994.23508258105
 10
47454.52689830354
 20
26036.387565573616
 10
47454.52689830354
 20
26373.60742951415
 10
47495.690828268154
 20
26415.759912506717
 10
47454.52689830354
 20
26500.064878491852
 10
47454.52689830354
 20
26879.43722542495
 10
47495.690828268154
 20
26921.58970841752
  0
LWPOLYLINE
  5
18A
330
17
100
AcDbEntity
  8
RASTER_CONTOURS
100
AcDbPolyline
 90
10
 70
1
 10
44984.691100426375
 20
27385.267021335756
 10
44984.691100426375
 20
21526.07188536897
 10
44984.691100426375
 20
22158.359130257475
 10
45025.855030391
 20
22200.51161325004
 10
44984.691100426375
 20
22284.816579235176
 10
44984.691100426375
 20
25614.862735647952
 10
45025.855030391
 20
25657.015218640518
 10
45025.855030391
 20
26078.540048566185
 10
44984.691100426375
 20
26120.69253155875
 10
45025.855030391
 20
27300.962055350625
  0
LWPOLYLINE
  5
18B
330
17
100
AcDbEntity
  8
RASTER_CONTOURS
100
AcDbPolyline
 90
41
 70
1
 10
41032.953823822914
 20
27385.267021335756
 10
41074.117753787534
 20
26373.60742951415
 10
41238.77347364601
 20
26457.912395499283
 10
41732.74063322144
 20
26457.912395499283
 10
41856.232423115296
 20
26247.14998053645
 10
41815.068493150684
 20
26120.69253155875
 10
41856.232423115296
 20
26078.540048566185
 10
41815.068493150684
 20
25994.23508258105
 10
41732.74063322144
 20
25952.082599588484
 10
41815.068493150684
 20
25825.625150610784
 10
41815.068493150684
 20
25404.100320685116
 10
41773.90456318606
 20
25361.94783769255
 10
41856.232423115296
 20
25193.337905722285
 10
41856.232423115296
 20
25066.880456744584
 10
41773.90456318606
 20
24856.118041781745
 10
41856.232423115296
 20
24603.203143826344
 10
41815.068493150684
 20
24518.89817784121
 10
41856.232423115296
 20
24476.745694848647
 10
41773.90456318606
 20
24308.13576287838
 10
41815.068493150684
 20
24265.98327988581
 10
41815.068493150684
 20
23844.458449960144
 10
41773.90456318606
 20
23802.305966967582
 10
41856.232423115296
 20
23675.848517989878
 10
41856.232423115296
 20
23338.628654049342
 10
41773.90456318606
 20
23212.17120507164
 10
41856.232423115296
 20
23085.71375609394
 10
41856.232423115296
 20
22959.256307116244
 10
41856.232423115296
 20
27048.047157395224
 10
41815.068493150684
 20
27090.199640387786
 10
41815.068493150684
 20
27216.65708936549
 10
41773.90456318606
 20
27005.89467440265
 10
41856.232423115296
 20
26837.284742432385
 10
41856.232423115296
 20
26668.67481046212
 10
41773.90456318606
 20
26542.217361484418
 10
41485.75705343372
 20
26500.064878491852
 10
41444.59312346911
 20
26457.912395499283
 10
41197.609543681385
 20
26457.912395499283
 10
41074.117753787534
 20
26584.369844476983
 10
41074.117753787534
 20
26921.58970841752
 10
41115.281683752146
 20
27048.047157395224
 10
41074.117753787534
 20
27090.199640387786
  0
LWPOLYLINE
  5
18C
330
17
100
AcDbEntity
  8
RASTER_CONTOURS
100
AcDbPolyline
 90
6
 70
1
 10
40744.80631407057
 20
27385.267021335756
 10
40744.80631407057
 20
27132.352123380355
 10
40703.64238410596
 20
27090.199640387786
 10
40785.97024403519
 20
27005.89467440265
 10
40785.97024403519
 20
26879.43722542495
 10
40827.13417399982
 20
26837.284742432385
  0
LWPOLYLINE
  5
18D
330
17
100
AcDbEntity
  8
RASTER_CONTOURS
100
AcDbPolyline
 90
26
 70
1
 10
46507.756509117295
 20
27469.57198732089
 10
46466.592579152675
 20
27343.114538343187
 10
46507.756509117295
 20
27300.962055350625
 10
46507.756509117295
 20
27132.352123380355
 10
46466.592579152675
 20
27090.199640387786
 10
46466.592579152675
 20
26879.43722542495
 10
46507.756509117295
 20
26837.284742432385
 10
46466.592579152675
 20
26795.13225943982
 10
46466.592579152675
 20
26626.522327469553
 10
46507.756509117295
 20
26584.369844476983
 10
46466.592579152675
 20
26542.217361484418
 10
46466.592579152675
 20
25783.472667618218
 10
46507.756509117295
 20
25741.32018462565
 10
46466.592579152675
 20
25657.015218640518
 10
46466.592579152675
 20
25319.79535469998
 10
46548.92043908191
 20
25361.94783769255
 10
46507.756509117295
 20
25446.252803677682
 10
46507.756509117295
 20
25867.77763360335
 10
46548.92043908191
 20
25909.93011659592
 10
46507.756509117295
 20
25994.23508258105
 10
46507.756509117295
 20
26373.60742951415
 10
46548.92043908191
 20
26415.759912506717
 10
46507.756509117295
 20
26457.912395499283
 10
46507.756509117295
 20
26879.43722542495
 10
46548.92043908191
 20
26921.58970841752
 10
46507.756509117295
 20
27048.047157395224
  0
LWPOLYLINE
  5
18E
330
17
100
AcDbEntity
  8
RASTER_CONTOURS
100
AcDbPolyline
 90
30
 70
1
 10
42844.16674226616
 20
27553.876953306022
 10
42720.674952372305
 20
27511.724470313453
 10
42803.00281230154
 20
27427.419504328318
 10
42803.00281230154
 20
27090.199640387786
 10
42761.83888233693
 20
26963.742191410085
 10
42844.16674226616
 20
26710.827293454684
 10
42803.00281230154
 20
26584.369844476983
 10
42679.511022407685
 20
26457.912395499283
 10
42597.18316247845
 20
26457.912395499283
 10
42761.83888233693
 20
26415.759912506717
 10
42844.16674226616
 20
26331.454946521586
 10
42844.16674226616
 20
26036.387565573616
 10
42803.00281230154
 20
25994.23508258105
 10
42844.16674226616
 20
25530.557769662817
 10
42761.83888233693
 20
25404.100320685116
 10
42844.16674226616
 20
25235.49038871485
 10
42844.16674226616
 20
25024.72797375201
 10
42761.83888233693
 20
24856.118041781745
 10
42844.16674226616
 20
24687.50810981148
 10
42844.16674226616
 20
24434.593211856078
 10
42803.00281230154
 20
24392.440728863516
 10
42844.16674226616
 20
23928.763415945275
 10
42761.83888233693
 20
23802.305966967582
 10
42803.00281230154
 20
23675.848517989878
 10
42844.16674226616
 20
23718.001000982447
 10
42844.16674226616
 20
23844.458449960144
 10
42803.00281230154
 20
23886.610932952713
 10
42844.16674226616
 20
23928.763415945275
 10
42844.16674226616
 20
27385.267021335756
 10
42803.00281230154
 20
27427.419504328318
  0
LWPOLYLINE
  5
18F
330
17
100
AcDbEntity
  8
RASTER_CONTOURS
100
AcDbPolyline
 90
4
 70
1
 10
44079.084641204754
 20
27806.791851261423
 10
44326.06822099246
 20
27511.724470313453
 10
44408.3960809217
 20
27680.33440228372
 10
44202.576431098605
 20
27806.791851261423
  0
LWPOLYLINE
  5
190
330
17
100
AcDbEntity
  8
RASTER_CONTOURS
100
AcDbPolyline
 90
30
 70
1
 10
46795.90401886963
 20
28144.01171520196
 10
46795.90401886963
 20
27596.029436298584
 10
46754.740088905004
 20
27511.724470313453
 10
46960.5597387281
 20
27511.724470313453
 10
47001.72366869273
 20
27469.57198732089
 10
47084.05152862197
 20
27511.724470313453
 10
47207.543318515825
 20
27427.419504328318
 10
47207.543318515825
 20
27048.047157395224
 10
47166.379388551206
 20
27005.89467440265
 10
47207.543318515825
 20
26879.43722542495
 10
47207.543318515825
 20
26500.064878491852
 10
47166.379388551206
 20
26457.912395499283
 10
47207.543318515825
 20
26373.60742951415
 10
47207.543318515825
 20
25994.23508258105
 10
47166.379388551206
 20
25952.082599588484
 10
47207.543318515825
 20
25825.625150610784
 10
47207.543318515825
 20
25488.40528667025
 10
47125.21545858658
 20
25404.100320685116
 10
47207.543318515825
 20
25235.49038871485
 10
47248.707248480445
 20
25361.94783769255
 10
47207.543318515825
 20
25488.40528667025
 10
47248.707248480445
 20
25572.710252655383
 10
47248.707248480445
 20
27427.419504328318
 10
47207.543318515825
 20
27511.724470313453
 10
47125.21545858658
 20
27553.876953306022
 10
47084.05152862197
 20
27848.944334253985
 10
47084.05152862197
 20
27638.181919291157
 10
47001.72366869273
 20
27553.876953306022
 10
46919.39580876349
 20
27553.876953306022
 10
46795.90401886963
 20
27680.33440228372
  0
LWPOLYLINE
  5
191
330
17
100
AcDbEntity
  8
RASTER_CONTOURS
100
AcDbPolyline
 90
13
 70
1
 10
40580.15059421209
 20
28144.01171520196
 10
40580.15059421209
 20
27891.09681724656
 10
40538.98666424748
 20
27848.944334253985
 10
40538.98666424748
 20
27722.486885276292
 10
40456.65880431824
 20
27638.181919291157
 10
40374.330944388996
 20
27638.181919291157
 10
40292.003084459764
 20
27722.486885276292
 10
40292.003084459764
 20
28017.55426622425
 10
40292.003084459764
 20
27638.181919291157
 10
40250.839154495145
 20
27553.876953306022
 10
40333.16701442438
 20
27596.029436298584
 10
40662.47845414134
 20
27596.029436298584
 10
40580.15059421209
 20
27722.486885276292
  0
LWPOLYLINE
  5
192
330
17
100
AcDbEntity
  8
RASTER_CONTOURS
100
AcDbPolyline
 90
23
 70
1
 10
48565.95300734827
 20
28396.926613157357
 10
48771.772657171365
 20
28354.774130164787
 10
48936.42837702984
 20
28228.31668118709
 10
49142.24802685294
 20
28186.16419819452
 10
49224.57588678217
 20
28101.859232209386
 10
49430.39553660527
 20
28059.706749216824
 10
49677.37911639299
 20
27933.24930023912
 10
49718.54304635761
 20
27848.944334253985
 10
49718.54304635761
 20
27385.267021335756
 10
49759.706976322224
 20
27343.114538343187
 10
49718.54304635761
 20
27300.962055350625
 10
49718.54304635761
 20
27005.89467440265
 10
49800.870906286844
 20
26921.58970841752
 10
50006.69055610994
 20
26921.58970841752
 10
50130.1823460038
 20
26795.13225943982
 10
50130.1823460038
 20
26542.217361484418
 10
50047.85448607457
 20
26289.302463529017
 10
48607.11693731289
 20
26289.302463529017
 10
48524.78907738365
 20
26373.60742951415
 10
48483.62514741902
 20
26500.064878491852
 10
48483.62514741902
 20
27806.791851261423
 10
48524.78907738365
 20
27848.944334253985
 10
48524.78907738365
 20
28354.774130164787
  0
LWPOLYLINE
  5
193
330
17
100
AcDbEntity
  8
RASTER_CONTOURS
100
AcDbPolyline
 90
10
 70
1
 10
45931.46148961262
 20
28439.07909614992
 10
46054.95327950648
 20
28439.07909614992
 10
46096.1172094711
 20
28396.926613157357
 10
46096.1172094711
 20
27891.09681724656
 10
46137.28113943572
 20
27806.791851261423
 10
46096.1172094711
 20
27764.639368268854
 10
46096.1172094711
 20
27638.181919291157
 10
46013.789349541854
 20
27553.876953306022
 10
45849.13362968338
 20
27680.33440228372
 10
45849.13362968338
 20
28354.774130164787
  0
LWPOLYLINE
  5
194
330
17
100
AcDbEntity
  8
RASTER_CONTOURS
100
AcDbPolyline
 90
17
 70
1
 10
37081.21654721945
 20
28396.926613157357
 10
37081.21654721945
 20
28354.774130164787
 10
37204.708337113305
 20
28312.621647172225
 10
37410.5279869364
 20
28312.621647172225
 10
37451.69191690102
 20
28354.774130164787
 10
37822.1672865826
 20
28312.621647172225
 10
37863.33121654721
 20
28354.774130164787
 10
37986.823006441075
 20
28354.774130164787
 10
37986.823006441075
 20
28396.926613157357
 10
37781.00335661798
 20
28396.926613157357
 10
37739.83942665336
 20
28439.07909614992
 10
37575.18370679487
 20
28396.926613157357
 10
37492.85584686564
 20
28481.23157914249
 10
37451.69191690102
 20
28481.23157914249
 10
37410.5279869364
 20
28396.926613157357
 10
37245.872267077924
 20
28396.926613157357
 10
37204.708337113305
 20
28439.07909614992
  0
LWPOLYLINE
  5
195
330
17
100
AcDbEntity
  8
RASTER_CONTOURS
100
AcDbPolyline
 90
6
 70
1
 10
36957.72475732559
 20
28481.23157914249
 10
36834.23296743173
 20
28396.926613157357
 10
36546.08545767939
 20
28439.07909614992
 10
36504.921527714774
 20
28354.774130164787
 10
36834.23296743173
 20
28312.621647172225
 10
36916.56082736097
 20
28354.774130164787
  0
LWPOLYLINE
  5
196
330
17
100
AcDbEntity
  8
RASTER_CONTOURS
100
AcDbPolyline
 90
17
 70
1
 10
48483.62514741902
 20
28523.384062135054
 10
48442.4612174544
 20
28481.23157914249
 10
48442.4612174544
 20
26247.14998053645
 10
48524.78907738365
 20
26204.997497543885
 10
50130.1823460038
 20
26204.997497543885
 10
50212.51020593304
 20
26331.454946521586
 10
50212.51020593304
 20
26457.912395499283
 10
50171.34627596842
 20
26500.064878491852
 10
50171.34627596842
 20
26963.742191410085
 10
50089.01841603919
 20
27005.89467440265
 10
50047.85448607457
 20
26963.742191410085
 10
50006.69055610994
 20
27005.89467440265
 10
49883.19876621609
 20
27005.89467440265
 10
49800.870906286844
 20
27090.199640387786
 10
49800.870906286844
 20
27933.24930023912
 10
49636.215186428366
 20
28059.706749216824
 10
49430.39553660527
 20
28101.859232209386
  0
LWPOLYLINE
  5
197
330
17
100
AcDbEntity
  8
RASTER_CONTOURS
100
AcDbPolyline
 90
7
 70
1
 10
41568.08491336296
 20
28565.536545127627
 10
41650.412773292206
 20
28481.23157914249
 10
41650.412773292206
 20
27722.486885276292
 10
41444.59312346911
 20
27596.029436298584
 10
41362.26526353986
 20
27680.33440228372
 10
41362.26526353986
 20
28481.23157914249
 10
41444.59312346911
 20
28565.536545127627
  0
LWPOLYLINE
  5
198
330
17
100
AcDbEntity
  8
RASTER_CONTOURS
100
AcDbPolyline
 90
16
 70
1
 10
35516.98720856391
 20
28396.926613157357
 10
35681.642928422385
 20
28312.621647172225
 10
35805.13471831624
 20
28354.774130164787
 10
36175.61008799782
 20
28354.774130164787
 10
36299.10187789168
 20
28312.621647172225
 10
36422.593667785535
 20
28396.926613157357
 10
36422.593667785535
 20
28481.23157914249
 10
36299.10187789168
 20
28396.926613157357
 10
36093.28222806858
 20
28396.926613157357
 10
36052.11829810396
 20
28439.07909614992
 10
35928.6265082101
 20
28439.07909614992
 10
35887.46257824548
 20
28523.384062135054
 10
35846.29864828086
 20
28523.384062135054
 10
35763.970788351624
 20
28396.926613157357
 10
35681.642928422385
 20
28439.07909614992
 10
35558.15113852853
 20
28439.07909614992
  0
LWPOLYLINE
  5
199
330
17
100
AcDbEntity
  8
RASTER_CONTOURS
100
AcDbPolyline
 90
14
 70
1
 10
34446.7250294838
 20
28396.926613157357
 10
34487.88895944842
 20
28354.774130164787
 10
34734.87253923614
 20
28354.774130164787
 10
34776.03646920076
 20
28439.07909614992
 10
34858.364329129996
 20
28439.07909614992
 10
34981.856119023854
 20
28354.774130164787
 10
35228.83969881157
 20
28312.621647172225
 10
35352.33148870543
 20
28396.926613157357
 10
35352.33148870543
 20
28481.23157914249
 10
35064.18397895309
 20
28396.926613157357
 10
35023.020048988474
 20
28439.07909614992
 10
34858.364329129996
 20
28439.07909614992
 10
34776.03646920076
 20
28523.384062135054
 10
34693.70860927152
 20
28396.926613157357
  0
LWPOLYLINE
  5
19A
330
17
100
AcDbEntity
  8
RASTER_CONTOURS
100
AcDbPolyline
 90
22
 70
1
 10
28436.791254649368
 20
28396.926613157357
 10
28477.955184613984
 20
28354.774130164787
 10
28807.266624330943
 20
28354.774130164787
 10
28889.59448426018
 20
28439.07909614992
 10
28971.922344189417
 20
28439.07909614992
 10
29095.414134083272
 20
28354.774130164787
 10
29342.397713870992
 20
28354.774130164787
 10
29383.56164383561
 20
28396.926613157357
 10
29548.21736369409
 20
28396.926613157357
 10
29589.38129365871
 20
28354.774130164787
 10
29918.692733375665
 20
28354.774130164787
 10
29959.85666334028
 20
28396.926613157357
 10
30083.348453234143
 20
28354.774130164787
 10
30453.823822915718
 20
28354.774130164787
 10
30412.659892951095
 20
28439.07909614992
 10
30124.512383198762
 20
28439.07909614992
 10
30083.348453234143
 20
28396.926613157357
 10
29959.85666334028
 20
28481.23157914249
 10
29877.528803411045
 20
28439.07909614992
 10
29507.05343372947
 20
28439.07909614992
 10
29424.72557380023
 20
28523.384062135054
 10
29342.397713870992
 20
28439.07909614992
  0
LWPOLYLINE
  5
19B
330
17
100
AcDbEntity
  8
RASTER_CONTOURS
100
AcDbPolyline
 90
24
 70
1
 10
4520.547945205478
 20
28691.99399410532
 10
4602.875805134716
 20
28649.841511112758
 10
4726.367595028575
 20
28691.99399410532
 10
4808.695454957813
 20
28607.68902812019
 10
4808.695454957813
 20
27511.724470313453
 10
4849.8593849224335
 20
27469.57198732089
 10
4849.8593849224335
 20
26415.759912506717
 10
4891.023314887053
 20
26373.60742951415
 10
4849.8593849224335
 20
26204.997497543885
 10
4891.023314887053
 20
26162.845014551316
 10
4891.023314887053
 20
25066.880456744584
 10
4932.1872448516715
 20
25024.72797375201
 10
4891.023314887053
 20
24687.50810981148
 10
4932.1872448516715
 20
24645.355626818917
 10
4973.351174816292
 20
22242.664096242606
 10
4767.531524993194
 20
22158.359130257475
 10
4644.039735099336
 20
22242.664096242606
 10
4644.039735099336
 20
23127.86623908651
 10
4602.875805134716
 20
23170.018722079076
 10
4602.875805134716
 20
24940.423007766876
 10
4561.711875170097
 20
24982.57549075945
 10
4520.547945205478
 20
27300.962055350625
 10
4479.3840152408575
 20
27343.114538343187
 10
4479.3840152408575
 20
28649.841511112758
  0
LWPOLYLINE
  5
19C
330
17
100
AcDbEntity
  8
RASTER_CONTOURS
100
AcDbPolyline
 90
6
 70
1
 10
33788.10215004989
 20
29197.823790016126
 10
33870.43000997913
 20
29282.12875600126
 10
34035.08572983761
 20
29282.12875600126
 10
34076.249659802226
 20
29239.97627300869
 10
34035.08572983761
 20
29113.51882403099
 10
33829.26608001451
 20
29113.51882403099
  0
LWPOLYLINE
  5
19D
330
17
100
AcDbEntity
  8
RASTER_CONTOURS
100
AcDbPolyline
 90
20
 70
1
 10
39345.23269527352
 20
29239.97627300869
 10
39427.560555202755
 20
29324.281238993826
 10
41568.08491336296
 20
29324.281238993826
 10
41650.412773292206
 20
29239.97627300869
 10
41650.412773292206
 20
29113.51882403099
 10
41773.90456318606
 20
28734.146477097893
 10
41568.08491336296
 20
28607.68902812019
 10
41526.92098339834
 20
28649.841511112758
 10
41485.75705343372
 20
28607.68902812019
 10
41444.59312346911
 20
28649.841511112758
 10
40991.78989385829
 20
28649.841511112758
 10
40950.62596389367
 20
28607.68902812019
 10
40909.46203392905
 20
28649.841511112758
 10
40868.29810396444
 20
28607.68902812019
 10
40827.13417399982
 20
28649.841511112758
 10
40497.822734282854
 20
28649.841511112758
 10
40456.65880431824
 20
28607.68902812019
 10
40374.330944388996
 20
28649.841511112758
 10
39427.560555202755
 20
28649.841511112758
 10
39345.23269527352
 20
28734.146477097893
  0
LWPOLYLINE
  5
19E
330
17
100
AcDbEntity
  8
RASTER_CONTOURS
100
AcDbPolyline
 90
6
 70
1
 10
32512.020321146687
 20
29282.12875600126
 10
32594.348181075926
 20
29366.433721986392
 10
32717.839970969784
 20
29366.433721986392
 10
32841.33176086364
 20
29197.823790016126
 10
32759.003900934407
 20
29113.51882403099
 10
32594.348181075926
 20
29113.51882403099
  0
LWPOLYLINE
  5
19F
330
17
100
AcDbEntity
  8
RASTER_CONTOURS
100
AcDbPolyline
 90
72
 70
1
 10
43873.26499138165
 20
29535.043653956658
 10
43914.42892134626
 20
29577.196136949227
 10
44861.19931053251
 20
29577.196136949227
 10
44902.363240497136
 20
29535.043653956658
 10
44902.363240497136
 20
28902.75640906816
 10
44943.527170461755
 20
28818.451443083024
 10
46260.77292932958
 20
28818.451443083024
 10
46260.77292932958
 20
29492.891170964092
 10
46343.10078925882
 20
29577.196136949227
 10
46548.92043908191
 20
29577.196136949227
 10
46672.41222897577
 20
29492.891170964092
 10
46878.23187879887
 20
29450.738687971527
 10
47125.21545858658
 20
29282.12875600126
 10
47248.707248480445
 20
29282.12875600126
 10
47825.00226798512
 20
28987.061375053294
 10
48071.98584777283
 20
28944.908892060725
 10
48524.78907738365
 20
28691.99399410532
 10
48812.93658713598
 20
28607.68902812019
 10
49018.756236959074
 20
28481.23157914249
 10
49265.7398167468
 20
28439.07909614992
 10
49348.06767667604
 20
28354.774130164787
 10
49430.39553660527
 20
28354.774130164787
 10
49718.54304635761
 20
28186.16419819452
 10
49842.03483625147
 20
28186.16419819452
 10
49924.36269618071
 20
28101.859232209386
 10
50377.165925791516
 20
27933.24930023912
 10
50418.32985575614
 20
27891.09681724656
 10
50418.32985575614
 20
26078.540048566185
 10
50377.165925791516
 20
26036.387565573616
 10
49965.52662614532
 20
26036.387565573616
 10
49883.19876621609
 20
25994.23508258105
 10
49800.870906286844
 20
26078.540048566185
 10
48607.11693731289
 20
26078.540048566185
 10
48483.62514741902
 20
26120.69253155875
 10
48401.29728748979
 20
26036.387565573616
 10
48401.29728748979
 20
25909.93011659592
 10
48360.13335752517
 20
25867.77763360335
 10
48277.805497595924
 20
25952.082599588484
 10
48318.96942756055
 20
25994.23508258105
 10
48318.96942756055
 20
26162.845014551316
 10
48277.805497595924
 20
26204.997497543885
 10
48277.805497595924
 20
28186.16419819452
 10
48318.96942756055
 20
28312.621647172225
 10
48277.805497595924
 20
28354.774130164787
 10
48277.805497595924
 20
28481.23157914249
 10
48195.47763766669
 20
28565.536545127627
 10
48071.98584777283
 20
28607.68902812019
 10
46260.77292932958
 20
28607.68902812019
 10
46219.60899936496
 20
28649.841511112758
 10
46013.789349541854
 20
28649.841511112758
 10
45972.62541957724
 20
28607.68902812019
 10
45931.46148961262
 20
28649.841511112758
 10
45890.297559648
 20
28607.68902812019
 10
45766.805769754144
 20
28607.68902812019
 10
45725.641839789525
 20
28649.841511112758
 10
45684.477909824906
 20
28607.68902812019
 10
45602.150049895674
 20
28649.841511112758
 10
45519.82218996643
 20
28607.68902812019
 10
45478.65826000181
 20
28649.841511112758
 10
45355.16647010795
 20
28649.841511112758
 10
45314.00254014333
 20
28607.68902812019
 10
45025.855030391
 20
28607.68902812019
 10
44984.691100426375
 20
28649.841511112758
 10
44861.19931053251
 20
28607.68902812019
 10
44820.0353805679
 20
28649.841511112758
 10
44778.87145060328
 20
28607.68902812019
 10
44737.70752063866
 20
28649.841511112758
 10
44655.37966070943
 20
28607.68902812019
 10
44120.248571169366
 20
28649.841511112758
 10
43996.75678127551
 20
28818.451443083024
 10
43996.75678127551
 20
28987.061375053294
 10
43873.26499138165
 20
29324.281238993826
  0
LWPOLYLINE
  5
1A0
330
17
100
AcDbEntity
  8
RASTER_CONTOURS
100
AcDbPolyline
 90
57
 70
1
 10
32223.87281139435
 20
29535.043653956658
 10
32306.20067132359
 20
29619.348619941793
 10
39345.23269527352
 20
29619.348619941793
 10
39386.39662523813
 20
29577.196136949227
 10
41732.74063322144
 20
29577.196136949227
 10
41856.232423115296
 20
29450.738687971527
 10
42020.88814297378
 20
28734.146477097893
 10
41938.560283044535
 20
28649.841511112758
 10
41856.232423115296
 20
28691.99399410532
 10
41691.57670325682
 20
29324.281238993826
 10
41485.75705343372
 20
29408.58620497896
 10
39304.0687653089
 20
29408.58620497896
 10
39262.90483534427
 20
29324.281238993826
 10
39262.90483534427
 20
28734.146477097893
 10
39180.57697541503
 20
28649.841511112758
 10
38480.79016601651
 20
28649.841511112758
 10
38439.62623605189
 20
28691.99399410532
 10
38439.62623605189
 20
29239.97627300869
 10
38398.46230608727
 20
29324.281238993826
 10
37163.544407148685
 20
29324.281238993826
 10
37122.380477184066
 20
29366.433721986392
 10
36998.8886872902
 20
29324.281238993826
 10
36628.41331760863
 20
29324.281238993826
 10
36587.24938764401
 20
29366.433721986392
 10
36463.757597750155
 20
29324.281238993826
 10
36257.93794792706
 20
29324.281238993826
 10
36216.77401796244
 20
29366.433721986392
 10
35969.79043817472
 20
29366.433721986392
 10
35928.6265082101
 20
29324.281238993826
 10
35722.806858387004
 20
29324.281238993826
 10
35681.642928422385
 20
29366.433721986392
 10
35270.00362877619
 20
29366.433721986392
 10
35228.83969881157
 20
29324.281238993826
 10
35187.67576884695
 20
29366.433721986392
 10
34693.70860927152
 20
29366.433721986392
 10
34652.5446793069
 20
29324.281238993826
 10
34611.38074934228
 20
29366.433721986392
 10
34076.249659802226
 20
29366.433721986392
 10
34035.08572983761
 20
29324.281238993826
 10
33993.92179987299
 20
29366.433721986392
 10
33788.10215004989
 20
29366.433721986392
 10
33705.77429012065
 20
29282.12875600126
 10
33705.77429012065
 20
28776.29896009046
 10
33623.44643019141
 20
28691.99399410532
 10
32964.8235507575
 20
28691.99399410532
 10
32882.49569082826
 20
28818.451443083024
 10
32882.49569082826
 20
29408.58620497896
 10
32759.003900934407
 20
29450.738687971527
 10
32717.839970969784
 20
29408.58620497896
 10
32594.348181075926
 20
29408.58620497896
 10
32553.18425111131
 20
29450.738687971527
 10
32429.692461217448
 20
29408.58620497896
 10
32470.85639118207
 20
29071.366341038425
 10
32512.020321146687
 20
29029.21385804586
 10
32470.85639118207
 20
28902.75640906816
 10
32388.528531252832
 20
29029.21385804586
 10
32347.364601288213
 20
29282.12875600126
  0
LWPOLYLINE
  5
1A1
330
17
100
AcDbEntity
  8
RASTER_CONTOURS
100
AcDbPolyline
 90
6
 70
1
 10
42967.65853216003
 20
29661.50110293436
 10
42926.49460219541
 20
29661.50110293436
 10
42926.49460219541
 20
29492.891170964092
 10
42844.16674226616
 20
29408.58620497896
 10
42926.49460219541
 20
29155.67130702356
 10
42926.49460219541
 20
29535.043653956658
  0
LWPOLYLINE
  5
1A2
330
17
100
AcDbEntity
  8
RASTER_CONTOURS
100
AcDbPolyline
 90
108
 70
1
 10
32141.54495146511
 20
29619.348619941793
 10
32141.54495146511
 20
29492.891170964092
 10
32265.036741358974
 20
29239.97627300869
 10
32223.87281139435
 20
28987.061375053294
 10
32388.528531252832
 20
28818.451443083024
 10
32512.020321146687
 20
28607.68902812019
 10
33952.75786990837
 20
28607.68902812019
 10
33993.92179987299
 20
28565.536545127627
 10
34240.905379660704
 20
28607.68902812019
 10
34282.06930962532
 20
28776.29896009046
 10
34240.905379660704
 20
28691.99399410532
 10
34158.577519731465
 20
28776.29896009046
 10
34158.577519731465
 20
29197.823790016126
 10
34240.905379660704
 20
29282.12875600126
 10
34364.39716955456
 20
29282.12875600126
 10
34570.21681937766
 20
29197.823790016126
 10
34693.70860927152
 20
29197.823790016126
 10
34734.87253923614
 20
29239.97627300869
 10
34776.03646920076
 20
29155.67130702356
 10
34899.528259094615
 20
29113.51882403099
 10
34940.692189059235
 20
29197.823790016126
 10
35064.18397895309
 20
29197.823790016126
 10
35105.34790891771
 20
29239.97627300869
 10
35270.00362877619
 20
29239.97627300869
 10
35311.16755874081
 20
29155.67130702356
 10
35434.65934863467
 20
29113.51882403099
 10
35558.15113852853
 20
29239.97627300869
 10
35599.315068493146
 20
29197.823790016126
 10
35763.970788351624
 20
29197.823790016126
 10
35887.46257824548
 20
29282.12875600126
 10
35928.6265082101
 20
29155.67130702356
 10
36052.11829810396
 20
29239.97627300869
 10
36175.61008799782
 20
29239.97627300869
 10
36216.77401796244
 20
29197.823790016126
 10
36340.265807856296
 20
29197.823790016126
 10
36504.921527714774
 20
29071.366341038425
 10
36587.24938764401
 20
29197.823790016126
 10
36875.39689739635
 20
29197.823790016126
 10
36916.56082736097
 20
29239.97627300869
 10
36998.8886872902
 20
29071.366341038425
 10
37040.05261725483
 20
29071.366341038425
 10
37122.380477184066
 20
29197.823790016126
 10
37369.36405697178
 20
29197.823790016126
 10
37575.18370679487
 20
29071.366341038425
 10
37616.3476367595
 20
29197.823790016126
 10
37863.33121654721
 20
29197.823790016126
 10
37945.65907647645
 20
29155.67130702356
 10
38027.986936405694
 20
29239.97627300869
 10
38151.47872629955
 20
29239.97627300869
 10
38192.64265626417
 20
29282.12875600126
 10
38357.29837612265
 20
29197.823790016126
 10
38357.29837612265
 20
28734.146477097893
 10
38316.13444615802
 20
28691.99399410532
 10
38357.29837612265
 20
28481.23157914249
 10
38480.79016601651
 20
28565.536545127627
 10
38727.773745804225
 20
28565.536545127627
 10
38768.937675768844
 20
28607.68902812019
 10
38892.429465662695
 20
28607.68902812019
 10
39057.08518552118
 20
28523.384062135054
 10
39304.0687653089
 20
28565.536545127627
 10
39386.39662523813
 20
28481.23157914249
 10
39386.39662523813
 20
27806.791851261423
 10
39304.0687653089
 20
27722.486885276292
 10
39180.57697541503
 20
27722.486885276292
 10
39180.57697541503
 20
27638.181919291157
 10
39509.888415131994
 20
27680.33440228372
 10
39386.39662523813
 20
27848.944334253985
 10
39386.39662523813
 20
28481.23157914249
 10
39468.72448516737
 20
28565.536545127627
 10
40209.67522453052
 20
28565.536545127627
 10
40292.003084459764
 20
28481.23157914249
 10
40415.494874353615
 20
28607.68902812019
 10
40538.98666424748
 20
28439.07909614992
 10
40621.31452417671
 20
28565.536545127627
 10
41279.937403610624
 20
28565.536545127627
 10
41362.26526353986
 20
28481.23157914249
 10
41362.26526353986
 20
27680.33440228372
 10
41279.937403610624
 20
27553.876953306022
 10
41691.57670325682
 20
27553.876953306022
 10
41650.412773292206
 20
27680.33440228372
 10
41691.57670325682
 20
27764.639368268854
 10
41650.412773292206
 20
27806.791851261423
 10
41650.412773292206
 20
28439.07909614992
 10
41732.74063322144
 20
28565.536545127627
 10
42062.05207293839
 20
28565.536545127627
 10
42103.21600290301
 20
28523.384062135054
 10
42185.54386283226
 20
28607.68902812019
 10
42185.54386283226
 20
28776.29896009046
 10
42062.05207293839
 20
28902.75640906816
 10
41938.560283044535
 20
29492.891170964092
 10
41815.068493150684
 20
29703.653585926928
 10
41609.24884332759
 20
29619.348619941793
 10
41485.75705343372
 20
29703.653585926928
 10
41362.26526353986
 20
29661.50110293436
 10
37698.67549668874
 20
29661.50110293436
 10
37534.01977683026
 20
29745.806068919494
 10
37410.5279869364
 20
29661.50110293436
 10
35846.29864828086
 20
29661.50110293436
 10
35805.13471831624
 20
29703.653585926928
 10
33211.80713054522
 20
29703.653585926928
 10
33170.6432005806
 20
29745.806068919494
 10
32923.65962079288
 20
29703.653585926928
 10
32882.49569082826
 20
29745.806068919494
 10
32800.16783089902
 20
29703.653585926928
 10
32635.51211104055
 20
29703.653585926928
 10
32594.348181075926
 20
29745.806068919494
 10
32347.364601288213
 20
29703.653585926928
 10
32223.87281139435
 20
29745.806068919494
  0
LWPOLYLINE
  5
1A3
330
17
100
AcDbEntity
  8
RASTER_CONTOURS
100
AcDbPolyline
 90
48
 70
1
 10
22015.218180168737
 20
27300.962055350625
 10
22015.218180168737
 20
27553.876953306022
 10
21974.054250204113
 20
27596.029436298584
 10
21974.054250204113
 20
28565.536545127627
 10
22015.218180168737
 20
28649.841511112758
 10
21932.890320239498
 20
28734.146477097893
 10
21727.0706704164
 20
28734.146477097893
 10
21644.74281048716
 20
28860.603926075593
 10
21644.74281048716
 20
29492.891170964092
 10
21809.39853034564
 20
29619.348619941793
 10
21809.39853034564
 20
29787.95855191206
 10
21850.56246031026
 20
29830.11103490463
 10
21932.890320239498
 20
29787.95855191206
 10
21932.890320239498
 20
29619.348619941793
 10
21974.054250204113
 20
29577.196136949227
 10
22303.365689921073
 20
29577.196136949227
 10
22468.021409779547
 20
29450.738687971527
 10
22468.021409779547
 20
29239.97627300869
 10
22591.51319967341
 20
29155.67130702356
 10
22632.677129638025
 20
29197.823790016126
 10
22756.168919531883
 20
29197.823790016126
 10
22797.332849496503
 20
29155.67130702356
 10
23044.31642928422
 20
29197.823790016126
 10
23126.64428921346
 20
29155.67130702356
 10
23167.80821917808
 20
29197.823790016126
 10
24320.398258187422
 20
29197.823790016126
 10
24361.562188152042
 20
29239.97627300869
 10
24485.053978045904
 20
29197.823790016126
 10
24485.053978045904
 20
29155.67130702356
 10
24361.562188152042
 20
29071.366341038425
 10
24196.906468293568
 20
28607.68902812019
 10
24114.57860836432
 20
28649.841511112758
 10
24155.742538328945
 20
28734.146477097893
 10
24155.742538328945
 20
29029.21385804586
 10
24114.57860836432
 20
29071.366341038425
 10
22509.185339744166
 20
29071.366341038425
 10
22426.857479814928
 20
28987.061375053294
 10
22426.857479814928
 20
28818.451443083024
 10
22303.365689921073
 20
28734.146477097893
 10
22138.70997006259
 20
28734.146477097893
 10
22097.546040097975
 20
28649.841511112758
 10
22138.70997006259
 20
28523.384062135054
 10
22097.546040097975
 20
28481.23157914249
 10
22097.546040097975
 20
27764.639368268854
 10
22138.70997006259
 20
27722.486885276292
 10
22097.546040097975
 20
27469.57198732089
 10
22138.70997006259
 20
27427.419504328318
 10
22056.382110133352
 20
27258.80957235805
  0
LWPOLYLINE
  5
1A4
330
17
100
AcDbEntity
  8
RASTER_CONTOURS
100
AcDbPolyline
 90
10
 70
1
 10
26008.119386736817
 20
29830.11103490463
 10
25966.9554567722
 20
29745.806068919494
 10
25966.9554567722
 20
29619.348619941793
 10
26008.119386736817
 20
29577.196136949227
 10
26090.447246666055
 20
29577.196136949227
 10
26213.939036559914
 20
29661.50110293436
 10
26296.266896489153
 20
29619.348619941793
 10
26337.430826453776
 20
29745.806068919494
 10
26172.775106595298
 20
29745.806068919494
 10
26090.447246666055
 20
29830.11103490463
  0
LWPOLYLINE
  5
1A5
330
17
100
AcDbEntity
  8
RASTER_CONTOURS
100
AcDbPolyline
 90
5
 70
1
 10
25761.135806949103
 20
29830.11103490463
 10
25719.97187698448
 20
29745.806068919494
 10
25719.97187698448
 20
29619.348619941793
 10
25761.135806949103
 20
29577.196136949227
 10
25843.463666878342
 20
29703.653585926928
  0
LWPOLYLINE
  5
1A6
330
17
100
AcDbEntity
  8
RASTER_CONTOURS
100
AcDbPolyline
 90
6
 70
1
 10
27119.545495781545
 20
29956.568483882325
 10
27201.873355710784
 20
29872.263517897194
 10
27201.873355710784
 20
29577.196136949227
 10
27119.545495781545
 20
29535.043653956658
 10
26996.053705887687
 20
29703.653585926928
 10
27037.217635852303
 20
29872.263517897194
  0
LWPOLYLINE
  5
1A7
330
17
100
AcDbEntity
  8
RASTER_CONTOURS
100
AcDbPolyline
 90
79
 70
1
 10
4314.7282953823815
 20
30167.33089884516
 10
4355.892225347
 20
30125.178415852595
 10
4355.892225347
 20
29703.653585926928
 10
4397.0561553116195
 20
29619.348619941793
 10
4973.351174816292
 20
29619.348619941793
 10
5096.842964710149
 20
29492.891170964092
 10
5096.842964710149
 20
28987.061375053294
 10
5055.67903474553
 20
28860.603926075593
 10
4973.351174816292
 20
28776.29896009046
 10
4849.8593849224335
 20
28818.451443083024
 10
4808.695454957813
 20
28776.29896009046
 10
4438.220085276239
 20
28776.29896009046
 10
4397.0561553116195
 20
28734.146477097893
 10
4438.220085276239
 20
26668.67481046212
 10
4479.3840152408575
 20
26626.522327469553
 10
4479.3840152408575
 20
25109.032939737146
 10
4520.547945205478
 20
25066.880456744584
 10
4520.547945205478
 20
23549.39106901218
 10
4561.711875170097
 20
23507.23858601961
 10
4561.711875170097
 20
22326.96906222774
 10
4644.039735099336
 20
22074.05416427234
 10
5179.170824639389
 20
22074.05416427234
 10
5302.6626145332475
 20
21947.59671529464
 10
5302.6626145332475
 20
21399.614436391275
 10
5261.498684568627
 20
21315.30947040614
 10
5014.515104780911
 20
21231.004504421006
 10
4891.023314887053
 20
21273.156987413568
 10
4644.039735099336
 20
21231.004504421006
 10
4644.039735099336
 20
19713.5151166886
 10
4685.203665063956
 20
19671.362633696033
 10
4726.367595028575
 20
16720.68882421636
 10
4767.531524993194
 20
16678.536341223793
 10
4767.531524993194
 20
15498.266817431924
 10
4808.695454957813
 20
15456.114334439357
 10
4808.695454957813
 20
14065.082395684654
 10
4849.8593849224335
 20
13938.624946706956
 10
5426.154404427105
 20
13938.624946706956
 10
5508.482264356344
 20
13854.31998072182
 10
5508.482264356344
 20
13179.880252840749
 10
5467.3183343917235
 20
13137.727769848183
 10
4932.1872448516715
 20
13137.727769848183
 10
4849.8593849224335
 20
13095.575286855616
 10
4891.023314887053
 20
10397.816375331346
 10
4932.1872448516715
 20
10355.66389233878
 10
4973.351174816292
 20
7910.819878769905
 10
5014.515104780911
 20
7868.667395777338
 10
5014.515104780911
 20
7700.057463807071
 10
4973.351174816292
 20
7657.904980814505
 10
4891.023314887053
 20
7700.057463807071
 10
4891.023314887053
 20
8290.192225703006
 10
4849.8593849224335
 20
8332.344708695571
 10
4808.695454957813
 20
11451.628450145514
 10
4767.531524993194
 20
11493.780933138081
 10
4767.531524993194
 20
12589.745490944815
 10
4726.367595028575
 20
12631.897973937383
 10
4726.367595028575
 20
13685.710048751554
 10
4685.203665063956
 20
13727.862531744122
 10
4644.039735099336
 20
16931.45123917919
 10
4602.875805134716
 20
16973.60372217176
 10
4602.875805134716
 20
18196.0257289562
 10
4561.711875170097
 20
18238.178211948765
 10
4561.711875170097
 20
19418.447735740632
 10
4520.547945205478
 20
19460.6002187332
 10
4520.547945205478
 20
20809.47967449534
 10
4479.3840152408575
 20
20851.632157487904
 10
4479.3840152408575
 20
21020.24208945817
 10
4520.547945205478
 20
21062.39457245074
 10
4479.3840152408575
 20
21104.5470554433
 10
4479.3840152408575
 20
21947.59671529464
 10
4438.220085276239
 20
21989.74919828721
 10
4438.220085276239
 20
23844.458449960144
 10
4397.0561553116195
 20
23886.610932952713
 10
4355.892225347
 20
26415.759912506717
 10
4314.7282953823815
 20
26457.912395499283
 10
4314.7282953823815
 20
28059.706749216824
 10
4273.564365417761
 20
28101.859232209386
 10
4273.564365417761
 20
29492.891170964092
 10
4232.400435453142
 20
29535.043653956658
 10
4232.400435453142
 20
29956.568483882325
  0
LWPOLYLINE
  5
1A8
330
17
100
AcDbEntity
  8
RASTER_CONTOURS
100
AcDbPolyline
 90
2
 70
1
 10
44820.0353805679
 20
30335.940830815427
 10
44820.0353805679
 20
29998.720966874895
  0
LWPOLYLINE
  5
1A9
330
17
100
AcDbEntity
  8
RASTER_CONTOURS
100
AcDbPolyline
 90
55
 70
1
 10
25802.299736913723
 20
30251.635864830292
 10
25843.463666878342
 20
30293.78834782286
 10
26625.578336206112
 20
30293.78834782286
 10
26666.742266170728
 20
30335.940830815427
 10
26749.070126099967
 20
30293.78834782286
 10
26790.234056064586
 20
30335.940830815427
 10
26913.72584595845
 20
30335.940830815427
 10
26954.889775923064
 20
30293.78834782286
 10
28436.791254649368
 20
30293.78834782286
 10
28683.77483443708
 20
30420.245796800562
 10
28766.10269436632
 20
30335.940830815427
 10
28766.10269436632
 20
29956.568483882325
 10
28848.43055429556
 20
29872.263517897194
 10
29013.086274154037
 20
29872.263517897194
 10
29054.250204118656
 20
29914.41600088976
 10
29095.414134083272
 20
29872.263517897194
 10
29177.74199401252
 20
29914.41600088976
 10
29301.233783906373
 20
29872.263517897194
 10
29959.85666334028
 20
29872.263517897194
 10
30124.512383198762
 20
29619.348619941793
 10
30289.16810305724
 20
29619.348619941793
 10
30330.332033021856
 20
29661.50110293436
 10
30412.659892951095
 20
29619.348619941793
 10
30906.627052526528
 20
29619.348619941793
 10
31030.11884242039
 20
29450.738687971527
 10
31194.774562278864
 20
28734.146477097893
 10
31153.61063231425
 20
28691.99399410532
 10
31030.11884242039
 20
28691.99399410532
 10
30947.79098249115
 20
28776.29896009046
 10
30824.299192597293
 20
29239.97627300869
 10
30741.971332668054
 20
29366.433721986392
 10
30042.18452326952
 20
29366.433721986392
 10
30001.020593304904
 20
29324.281238993826
 10
29836.364873446426
 20
29324.281238993826
 10
29795.200943481806
 20
29366.433721986392
 10
28601.446974507842
 20
29324.281238993826
 10
28477.955184613984
 20
29366.433721986392
 10
28436.791254649368
 20
29324.281238993826
 10
28189.807674861648
 20
29324.281238993826
 10
28148.643744897032
 20
29282.12875600126
 10
28148.643744897032
 20
28691.99399410532
 10
27695.840515286214
 20
28354.774130164787
 10
27325.36514560464
 20
28228.31668118709
 10
27284.201215640023
 20
28270.469164179653
 10
27284.201215640023
 20
30125.178415852595
 10
27160.70942574616
 20
30209.483381837726
 10
26790.234056064586
 20
30209.483381837726
 10
26749.070126099967
 20
30167.33089884516
 10
26625.578336206112
 20
30209.483381837726
 10
26502.08654631225
 20
30167.33089884516
 10
26378.59475641839
 20
30209.483381837726
 10
26213.939036559914
 20
30209.483381837726
 10
26172.775106595298
 20
30167.33089884516
 10
25925.791526807578
 20
30209.483381837726
 10
25884.62759684296
 20
30167.33089884516
  0
LWPOLYLINE
  5
1AA
330
17
100
AcDbEntity
  8
RASTER_CONTOURS
100
AcDbPolyline
 90
74
 70
1
 10
25678.807947019865
 20
30378.093313807993
 10
25678.807947019865
 20
30125.178415852595
 10
25719.97187698448
 20
30083.025932860026
 10
25925.791526807578
 20
30125.178415852595
 10
26049.28331670144
 20
30040.87344986746
 10
26172.775106595298
 20
30125.178415852595
 10
26255.102966524537
 20
30083.025932860026
 10
26378.59475641839
 20
30083.025932860026
 10
26419.758686383015
 20
30125.178415852595
 10
26913.72584595845
 20
30125.178415852595
 10
26996.053705887687
 20
30040.87344986746
 10
26954.889775923064
 20
29956.568483882325
 10
26954.889775923064
 20
29535.043653956658
 10
27037.217635852303
 20
29450.738687971527
 10
27160.70942574616
 20
29450.738687971527
 10
27243.0372856754
 20
29324.281238993826
 10
27243.0372856754
 20
28439.07909614992
 10
27160.70942574616
 20
28270.469164179653
 10
26831.39798602921
 20
28186.16419819452
 10
26749.070126099967
 20
28101.859232209386
 10
26790.234056064586
 20
28017.55426622425
 10
27078.381565816926
 20
28017.55426622425
 10
27407.693005533878
 20
28186.16419819452
 10
27572.34872539236
 20
28186.16419819452
 10
27654.6765853216
 20
28312.621647172225
 10
27860.496235144696
 20
28354.774130164787
 10
28066.31588496779
 20
28481.23157914249
 10
28107.47981493241
 20
28565.536545127627
 10
28272.135534790887
 20
28481.23157914249
 10
28313.299464755506
 20
28523.384062135054
 10
28313.299464755506
 20
28691.99399410532
 10
28230.97160482627
 20
28776.29896009046
 10
28230.97160482627
 20
29239.97627300869
 10
28272.135534790887
 20
29282.12875600126
 10
28395.627324684745
 20
29282.12875600126
 10
28436.791254649368
 20
29239.97627300869
 10
28848.43055429556
 20
29239.97627300869
 10
28971.922344189417
 20
29113.51882403099
 10
28971.922344189417
 20
29155.67130702356
 10
29095.414134083272
 20
29239.97627300869
 10
29342.397713870992
 20
29239.97627300869
 10
29383.56164383561
 20
29282.12875600126
 10
29507.05343372947
 20
29197.823790016126
 10
29507.05343372947
 20
29113.51882403099
 10
29630.54522362333
 20
29239.97627300869
 10
29959.85666334028
 20
29239.97627300869
 10
30001.020593304904
 20
29155.67130702356
 10
30042.18452326952
 20
29155.67130702356
 10
30124.512383198762
 20
29239.97627300869
 10
30659.643472738815
 20
29282.12875600126
 10
30783.135262632673
 20
29155.67130702356
 10
30947.79098249115
 20
28523.384062135054
 10
31030.11884242039
 20
28607.68902812019
 10
31318.266352172726
 20
28607.68902812019
 10
31318.266352172726
 20
28818.451443083024
 10
31235.938492243487
 20
28944.908892060725
 10
31030.11884242039
 20
29703.653585926928
 10
30206.840243128
 20
29703.653585926928
 10
30124.512383198762
 20
29787.95855191206
 10
30124.512383198762
 20
29872.263517897194
 10
30001.020593304904
 20
29956.568483882325
 10
29877.528803411045
 20
29956.568483882325
 10
29836.364873446426
 20
29914.41600088976
 10
29630.54522362333
 20
29914.41600088976
 10
29589.38129365871
 20
29956.568483882325
 10
28889.59448426018
 20
29956.568483882325
 10
28848.43055429556
 20
29998.720966874895
 10
28848.43055429556
 20
30378.093313807993
 10
28807.266624330943
 20
30462.398279793128
 10
27531.184795427736
 20
30420.245796800562
 10
27490.02086546312
 20
30378.093313807993
 10
27243.0372856754
 20
30378.093313807993
 10
27201.873355710784
 20
30335.940830815427
 10
25802.299736913723
 20
30335.940830815427
  0
LWPOLYLINE
  5
1AB
330
17
100
AcDbEntity
  8
RASTER_CONTOURS
100
AcDbPolyline
 90
9
 70
1
 10
41444.59312346911
 20
30251.635864830292
 10
41444.59312346911
 20
30462.398279793128
 10
41403.42919350449
 20
30504.550762785693
 10
41279.937403610624
 20
30420.245796800562
 10
41197.609543681385
 20
30462.398279793128
 10
41074.117753787534
 20
30378.093313807993
 10
41156.445613716765
 20
30293.78834782286
 10
41279.937403610624
 20
30293.78834782286
 10
41321.10133357524
 20
30335.940830815427
  0
LWPOLYLINE
  5
1AC
330
17
100
AcDbEntity
  8
RASTER_CONTOURS
100
AcDbPolyline
 90
5
 70
1
 10
37575.18370679487
 20
30546.703245778262
 10
37534.01977683026
 20
30462.398279793128
 10
37534.01977683026
 20
30335.940830815427
 10
37575.18370679487
 20
30293.78834782286
 10
37657.51156672412
 20
30420.245796800562
  0
LWPOLYLINE
  5
1AD
330
17
100
AcDbEntity
  8
RASTER_CONTOURS
100
AcDbPolyline
 90
11
 70
1
 10
32223.87281139435
 20
30631.008211763394
 10
32223.87281139435
 20
30504.550762785693
 10
32265.036741358974
 20
30462.398279793128
 10
32347.364601288213
 20
30546.703245778262
 10
32429.692461217448
 20
30546.703245778262
 10
32553.18425111131
 20
30462.398279793128
 10
32635.51211104055
 20
30546.703245778262
 10
32553.18425111131
 20
30673.16069475596
 10
32553.18425111131
 20
30631.008211763394
 10
32429.692461217448
 20
30546.703245778262
 10
32265.036741358974
 20
30673.16069475596
  0
LWPOLYLINE
  5
1AE
330
17
100
AcDbEntity
  8
RASTER_CONTOURS
100
AcDbPolyline
 90
9
 70
1
 10
32841.33176086364
 20
30757.465660741094
 10
32717.839970969784
 20
30546.703245778262
 10
32841.33176086364
 20
30420.245796800562
 10
32841.33176086364
 20
30335.940830815427
 10
32964.8235507575
 20
30504.550762785693
 10
33129.47927061598
 20
30504.550762785693
 10
33129.47927061598
 20
30631.008211763394
 10
33088.31534065136
 20
30588.855728770828
 10
32964.8235507575
 20
30588.855728770828
  0
LWPOLYLINE
  5
1AF
330
17
100
AcDbEntity
  8
RASTER_CONTOURS
100
AcDbPolyline
 90
44
 70
1
 10
45972.62541957724
 20
31010.380558696495
 10
46054.95327950648
 20
31094.685524681627
 10
49018.756236959074
 20
31094.685524681627
 10
49101.08409688832
 20
31052.533041689065
 10
49183.41195681755
 20
30926.07559271136
 10
49183.41195681755
 20
30420.245796800562
 10
49224.57588678217
 20
30378.093313807993
 10
49224.57588678217
 20
30504.550762785693
 10
49183.41195681755
 20
30546.703245778262
 10
49183.41195681755
 20
30968.22807570393
 10
49348.06767667604
 20
31094.685524681627
 10
49471.559466569895
 20
31094.685524681627
 10
49553.887326499134
 20
31010.380558696495
 10
49553.887326499134
 20
30378.093313807993
 10
49512.723396534515
 20
30335.940830815427
 10
49553.887326499134
 20
30083.025932860026
 10
49595.05125646375
 20
30040.87344986746
 10
49924.36269618071
 20
29998.720966874895
 10
50006.69055610994
 20
29914.41600088976
 10
49965.52662614532
 20
29239.97627300869
 10
49924.36269618071
 20
29197.823790016126
 10
49800.870906286844
 20
29282.12875600126
 10
49677.37911639299
 20
29239.97627300869
 10
49718.54304635761
 20
29113.51882403099
 10
49965.52662614532
 20
29029.21385804586
 10
49965.52662614532
 20
28270.469164179653
 10
49924.36269618071
 20
28228.31668118709
 10
49800.870906286844
 20
28228.31668118709
 10
49183.41195681755
 20
28523.384062135054
 10
49059.92016692369
 20
28523.384062135054
 10
48977.59230699446
 20
28607.68902812019
 10
48689.444797242126
 20
28691.99399410532
 10
48401.29728748979
 20
28860.603926075593
 10
48195.47763766669
 20
28902.75640906816
 10
47619.18261816202
 20
29197.823790016126
 10
46878.23187879887
 20
29450.738687971527
 10
46713.57615894039
 20
29577.196136949227
 10
46425.428649188056
 20
29619.348619941793
 10
46384.26471922343
 20
29661.50110293436
 10
46178.44506940033
 20
29661.50110293436
 10
46137.28113943572
 20
29619.348619941793
 10
45972.62541957724
 20
29703.653585926928
 10
45972.62541957724
 20
30673.16069475596
 10
46013.789349541854
 20
30715.31317774853
  0
LWPOLYLINE
  5
1B0
330
17
100
AcDbEntity
  8
RASTER_CONTOURS
100
AcDbPolyline
 90
14
 70
1
 10
53834.93604281955
 20
31347.600422637028
 10
54081.91962260727
 20
31389.7529056296
 10
54205.411412501126
 20
31263.295456651897
 10
54164.247482536506
 20
31094.685524681627
 10
54123.08355257189
 20
31052.533041689065
 10
53999.59176267803
 20
31052.533041689065
 10
54164.247482536506
 20
30968.22807570393
 10
54123.08355257189
 20
30883.923109718795
 10
53999.59176267803
 20
30883.923109718795
 10
53958.42783271341
 20
30841.77062672623
 10
53834.93604281955
 20
30926.07559271136
 10
53876.09997278418
 20
31052.533041689065
 10
53793.77211285493
 20
31136.8380076742
 10
53793.77211285493
 20
31305.447939644466
  0
LWPOLYLINE
  5
1B1
330
17
100
AcDbEntity
  8
RASTER_CONTOURS
100
AcDbPolyline
 90
7
 70
1
 10
37369.36405697178
 20
31389.7529056296
 10
37410.5279869364
 20
31431.905388622163
 10
37492.85584686564
 20
31305.447939644466
 10
37616.3476367595
 20
31263.295456651897
 10
37575.18370679487
 20
31221.142973659335
 10
37410.5279869364
 20
31221.142973659335
 10
37369.36405697178
 20
31263.295456651897
  0
LWPOLYLINE
  5
1B2
330
17
100
AcDbEntity
  8
RASTER_CONTOURS
100
AcDbPolyline
 90
5
 70
1
 10
43832.10106141703
 20
31558.362837599867
 10
43790.93713145241
 20
31642.667803585002
 10
43749.77320148779
 20
31600.51532059243
 10
43502.78962170008
 20
31600.51532059243
 10
43543.953551664694
 20
31516.210354607294
  0
LWPOLYLINE
  5
1B3
330
17
100
AcDbEntity
  8
RASTER_CONTOURS
100
AcDbPolyline
 90
5
 70
1
 10
42350.19958269074
 20
31642.667803585002
 10
42391.363512655356
 20
31516.210354607294
 10
42638.347092443066
 20
31516.210354607294
 10
42679.511022407685
 20
31600.51532059243
 10
42432.52744261997
 20
31600.51532059243
  0
LWPOLYLINE
  5
1B4
330
17
100
AcDbEntity
  8
RASTER_CONTOURS
100
AcDbPolyline
 90
5
 70
1
 10
41197.609543681385
 20
31558.362837599867
 10
41238.77347364601
 20
31516.210354607294
 10
41526.92098339834
 20
31516.210354607294
 10
41568.08491336296
 20
31558.362837599867
 10
41279.937403610624
 20
31642.667803585002
  0
LWPOLYLINE
  5
1B5
330
17
100
AcDbEntity
  8
RASTER_CONTOURS
100
AcDbPolyline
 90
9
 70
1
 10
40127.347364601286
 20
31600.51532059243
 10
40127.347364601286
 20
31516.210354607294
 10
40415.494874353615
 20
31516.210354607294
 10
40456.65880431824
 20
31558.362837599867
 10
40415.494874353615
 20
31600.51532059243
 10
40456.65880431824
 20
31642.667803585002
 10
40374.330944388996
 20
31600.51532059243
 10
40209.67522453052
 20
31600.51532059243
 10
40168.5112945659
 20
31642.667803585002
  0
LWPOLYLINE
  5
1B6
330
17
100
AcDbEntity
  8
RASTER_CONTOURS
100
AcDbPolyline
 90
5
 70
1
 10
28477.955184613984
 20
31642.667803585002
 10
28560.283044543223
 20
31684.820286577564
 10
28724.9387644017
 20
31600.51532059243
 10
28601.446974507842
 20
31516.210354607294
 10
28519.119114578607
 20
31558.362837599867
  0
LWPOLYLINE
  5
1B7
330
17
100
AcDbEntity
  8
RASTER_CONTOURS
100
AcDbPolyline
 90
2
 70
1
 10
4561.711875170097
 20
31937.73518453297
 10
4561.711875170097
 20
31389.7529056296
  0
LWPOLYLINE
  5
1B8
330
17
100
AcDbEntity
  8
RASTER_CONTOURS
100
AcDbPolyline
 90
11
 70
1
 10
22344.52961988569
 20
32022.0401505181
 10
22426.857479814928
 20
32106.345116503235
 10
24238.070398258184
 20
32106.345116503235
 10
24279.234328222803
 20
32064.19263351067
 10
24279.234328222803
 20
31474.057871614732
 10
24155.742538328945
 20
31389.7529056296
 10
23497.119658895033
 20
31389.7529056296
 10
23455.955728930414
 20
31431.905388622163
 10
22591.51319967341
 20
31431.905388622163
 10
22468.021409779547
 20
31389.7529056296
 10
22344.52961988569
 20
31516.210354607294
  0
LWPOLYLINE
  5
1B9
330
17
100
AcDbEntity
  8
RASTER_CONTOURS
100
AcDbPolyline
 90
19
 70
1
 10
4438.220085276239
 20
32106.345116503235
 10
4520.547945205478
 20
32064.19263351067
 10
4644.039735099336
 20
32106.345116503235
 10
4726.367595028575
 20
32022.0401505181
 10
4726.367595028575
 20
30715.31317774853
 10
4767.531524993194
 20
30673.16069475596
 10
4767.531524993194
 20
29745.806068919494
 10
4726.367595028575
 20
29703.653585926928
 10
4644.039735099336
 20
29787.95855191206
 10
4644.039735099336
 20
29872.263517897194
 10
4520.547945205478
 20
29703.653585926928
 10
4438.220085276239
 20
29787.95855191206
 10
4438.220085276239
 20
29956.568483882325
 10
4397.0561553116195
 20
29998.720966874895
 10
4438.220085276239
 20
30040.87344986746
 10
4438.220085276239
 20
30462.398279793128
 10
4397.0561553116195
 20
30504.550762785693
 10
4397.0561553116195
 20
31937.73518453297
 10
4355.892225347
 20
32022.0401505181
  0
LWPOLYLINE
  5
1BA
330
17
100
AcDbEntity
  8
RASTER_CONTOURS
100
AcDbPolyline
 90
5
 70
1
 10
42597.18316247845
 20
32106.345116503235
 10
42267.87172276149
 20
32064.19263351067
 10
42391.363512655356
 20
31979.887667525534
 10
42473.69137258459
 20
32064.19263351067
 10
42597.18316247845
 20
32064.19263351067
  0
LWPOLYLINE
  5
1BB
330
17
100
AcDbEntity
  8
RASTER_CONTOURS
100
AcDbPolyline
 90
9
 70
1
 10
39962.6916447428
 20
32148.4975994958
 10
39962.6916447428
 20
32106.345116503235
 10
40086.18343463667
 20
32064.19263351067
 10
40127.347364601286
 20
31979.887667525534
 10
40333.16701442438
 20
32106.345116503235
 10
40333.16701442438
 20
32148.4975994958
 10
40250.839154495145
 20
32148.4975994958
 10
40045.01950467204
 20
32064.19263351067
 10
40003.85557470743
 20
32148.4975994958
  0
LWPOLYLINE
  5
1BC
330
17
100
AcDbEntity
  8
RASTER_CONTOURS
100
AcDbPolyline
 90
11
 70
1
 10
22262.20175995645
 20
32148.4975994958
 10
22262.20175995645
 20
31979.887667525534
 10
22303.365689921073
 20
31937.73518453297
 10
22303.365689921073
 20
31389.7529056296
 10
22344.52961988569
 20
31347.600422637028
 10
24320.398258187422
 20
31347.600422637028
 10
24361.562188152042
 20
31389.7529056296
 10
24361.562188152042
 20
32106.345116503235
 10
24320.398258187422
 20
32148.4975994958
 10
22385.69354985031
 20
32148.4975994958
 10
22344.52961988569
 20
32190.650082488366
  0
LWPOLYLINE
  5
1BD
330
17
100
AcDbEntity
  8
RASTER_CONTOURS
100
AcDbPolyline
 90
119
 70
1
 10
52888.16565363331
 20
32401.4124974512
 10
53052.82137349178
 20
32401.4124974512
 10
53093.98530345641
 20
32443.564980443767
 10
53176.31316338564
 20
32317.107531466067
 10
53217.47709335026
 20
32317.107531466067
 10
53382.13281320874
 20
32443.564980443767
 10
53546.788533067214
 20
32443.564980443767
 10
53629.11639299645
 20
32317.107531466067
 10
53793.77211285493
 20
32443.564980443767
 10
54040.755692642655
 20
32443.564980443767
 10
54081.91962260727
 20
32401.4124974512
 10
54987.5260818289
 20
32443.564980443767
 10
55152.18180168737
 20
32317.107531466067
 10
55152.18180168737
 20
32022.0401505181
 10
55111.01787172275
 20
31979.887667525534
 10
55152.18180168737
 20
31853.43021854783
 10
55152.18180168737
 20
31516.210354607294
 10
55111.01787172275
 20
31474.057871614732
 10
55152.18180168737
 20
31389.7529056296
 10
55152.18180168737
 20
31052.533041689065
 10
55111.01787172275
 20
30968.22807570393
 10
55152.18180168737
 20
30926.07559271136
 10
55152.18180168737
 20
30504.550762785693
 10
55193.345731652
 20
30462.398279793128
 10
55193.345731652
 20
28691.99399410532
 10
55152.18180168737
 20
28607.68902812019
 10
55193.345731652
 20
28565.536545127627
 10
55193.345731652
 20
27596.029436298584
 10
55234.50966161661
 20
27553.876953306022
 10
55234.50966161661
 20
27343.114538343187
 10
55358.00145151047
 20
27385.267021335756
 10
55481.49324140433
 20
27343.114538343187
 10
55563.821101333575
 20
27385.267021335756
 10
55646.14896126281
 20
27258.80957235805
 10
55934.29647101514
 20
27300.962055350625
 10
55975.460400979755
 20
27216.65708936549
 10
56140.11612083825
 20
27216.65708936549
 10
56345.93577066133
 20
27005.89467440265
 10
56428.263630590576
 20
26752.979776447253
 10
56304.77184069672
 20
26584.369844476983
 10
56304.77184069672
 20
26457.912395499283
 10
56098.95219087362
 20
26247.14998053645
 10
55934.29647101514
 20
26204.997497543885
 10
55851.968611085904
 20
26120.69253155875
 10
55810.804681121284
 20
25952.082599588484
 10
55687.312891227426
 20
25867.77763360335
 10
55687.312891227426
 20
25614.862735647952
 10
55893.13254105052
 20
25446.252803677682
 10
55851.968611085904
 20
25109.032939737146
 10
55934.29647101514
 20
24982.57549075945
 10
55893.13254105052
 20
24940.423007766876
 10
55893.13254105052
 20
23928.763415945275
 10
55769.64075115667
 20
23844.458449960144
 10
55646.14896126281
 20
23844.458449960144
 10
55604.98503129819
 20
23886.610932952713
 10
55275.67359158123
 20
23718.001000982447
 10
55069.853941758134
 20
23718.001000982447
 10
55028.69001179351
 20
23844.458449960144
 10
54864.03429193504
 20
23718.001000982447
 10
54781.7064320058
 20
23802.305966967582
 10
54781.7064320058
 20
23928.763415945275
 10
54864.03429193504
 20
24139.525830908115
 10
54781.7064320058
 20
24265.98327988581
 10
54781.7064320058
 20
24476.745694848647
 10
54822.870361970425
 20
24518.89817784121
 10
54781.7064320058
 20
24645.355626818917
 10
54781.7064320058
 20
24982.57549075945
 10
54864.03429193504
 20
25109.032939737146
 10
54781.7064320058
 20
25151.185422729715
 10
54781.7064320058
 20
25783.472667618218
 10
54740.54250204118
 20
25825.625150610784
 10
54781.7064320058
 20
25867.77763360335
 10
54781.7064320058
 20
26036.387565573616
 10
54740.54250204118
 20
26078.540048566185
 10
54781.7064320058
 20
26120.69253155875
 10
54781.7064320058
 20
26584.369844476983
 10
54740.54250204118
 20
26626.522327469553
 10
54740.54250204118
 20
26837.284742432385
 10
54781.7064320058
 20
26879.43722542495
 10
54781.7064320058
 20
27005.89467440265
 10
54740.54250204118
 20
27048.047157395224
 10
54740.54250204118
 20
27258.80957235805
 10
54781.7064320058
 20
27300.962055350625
 10
54781.7064320058
 20
27427.419504328318
 10
54740.54250204118
 20
27469.57198732089
 10
54740.54250204118
 20
28270.469164179653
 10
54781.7064320058
 20
28354.774130164787
 10
54740.54250204118
 20
28396.926613157357
 10
54740.54250204118
 20
28944.908892060725
 10
54699.37857207656
 20
28987.061375053294
 10
54781.7064320058
 20
29282.12875600126
 10
54699.37857207656
 20
29450.738687971527
 10
54740.54250204118
 20
29535.043653956658
 10
54740.54250204118
 20
30251.635864830292
 10
54699.37857207656
 20
30293.78834782286
 10
54699.37857207656
 20
30588.855728770828
 10
54740.54250204118
 20
30631.008211763394
 10
54699.37857207656
 20
30757.465660741094
 10
54699.37857207656
 20
31010.380558696495
 10
54740.54250204118
 20
31052.533041689065
 10
54699.37857207656
 20
31474.057871614732
 10
54740.54250204118
 20
31516.210354607294
 10
54740.54250204118
 20
31642.667803585002
 10
54699.37857207656
 20
31684.820286577564
 10
54699.37857207656
 20
31937.73518453297
 10
54658.21464211194
 20
31979.887667525534
 10
54452.394992288835
 20
31979.887667525534
 10
54411.23106232422
 20
31937.73518453297
 10
54287.739272430365
 20
32022.0401505181
 10
54205.411412501126
 20
31979.887667525534
 10
53876.09997278418
 20
31979.887667525534
 10
53793.77211285493
 20
32022.0401505181
 10
53629.11639299645
 20
31937.73518453297
 10
53423.296743173356
 20
31937.73518453297
 10
53340.96888324412
 20
32022.0401505181
 10
53176.31316338564
 20
31937.73518453297
 10
52970.49351356254
 20
31937.73518453297
 10
52847.00172366868
 20
32106.345116503235
 10
52847.00172366868
 20
32359.260014458636
  0
LWPOLYLINE
  5
1BE
330
17
100
AcDbEntity
  8
RASTER_CONTOURS
100
AcDbPolyline
 90
8
 70
1
 10
37451.69191690102
 20
32485.717463436336
 10
37492.85584686564
 20
32443.564980443767
 10
37451.69191690102
 20
32359.260014458636
 10
37451.69191690102
 20
31811.277735555268
 10
37492.85584686564
 20
31726.972769570133
 10
37410.5279869364
 20
31600.51532059243
 10
37369.36405697178
 20
31642.667803585002
 10
37369.36405697178
 20
32443.564980443767
  0
LWPOLYLINE
  5
1BF
330
17
100
AcDbEntity
  8
RASTER_CONTOURS
100
AcDbPolyline
 90
10
 70
1
 10
49883.19876621609
 20
33075.852225332266
 10
50006.69055610994
 20
33033.699742339704
 10
50089.01841603919
 20
32907.242293362004
 10
50089.01841603919
 20
32485.717463436336
 10
49965.52662614532
 20
32274.9550484735
 10
49883.19876621609
 20
32274.9550484735
 10
49800.870906286844
 20
32359.260014458636
 10
49800.870906286844
 20
32485.717463436336
 10
49759.706976322224
 20
32527.869946428902
 10
49800.870906286844
 20
32991.547259347135
  0
LWPOLYLINE
  5
1C0
330
17
100
AcDbEntity
  8
RASTER_CONTOURS
100
AcDbPolyline
 90
22
 70
1
 10
49595.05125646375
 20
33075.852225332266
 10
49759.706976322224
 20
32991.547259347135
 10
49759.706976322224
 20
32359.260014458636
 10
49677.37911639299
 20
32274.9550484735
 10
49718.54304635761
 20
32190.650082488366
 10
49800.870906286844
 20
32148.4975994958
 10
49883.19876621609
 20
32274.9550484735
 10
49965.52662614532
 20
32274.9550484735
 10
50047.85448607457
 20
32190.650082488366
 10
50089.01841603919
 20
31726.972769570133
 10
50006.69055610994
 20
31558.362837599867
 10
49842.03483625147
 20
31558.362837599867
 10
49759.706976322224
 20
31642.667803585002
 10
49759.706976322224
 20
31937.73518453297
 10
49759.706976322224
 20
31642.667803585002
 10
49677.37911639299
 20
31558.362837599867
 10
49553.887326499134
 20
31558.362837599867
 10
49471.559466569895
 20
31684.820286577564
 10
49471.559466569895
 20
32106.345116503235
 10
49553.887326499134
 20
32274.9550484735
 10
49471.559466569895
 20
32443.564980443767
 10
49471.559466569895
 20
32907.242293362004
  0
LWPOLYLINE
  5
1C1
330
17
100
AcDbEntity
  8
RASTER_CONTOURS
100
AcDbPolyline
 90
13
 70
1
 10
49265.7398167468
 20
33075.852225332266
 10
49471.559466569895
 20
32991.547259347135
 10
49471.559466569895
 20
32359.260014458636
 10
49389.23160664065
 20
32274.9550484735
 10
49471.559466569895
 20
32190.650082488366
 10
49471.559466569895
 20
31642.667803585002
 10
49389.23160664065
 20
31558.362837599867
 10
49265.7398167468
 20
31558.362837599867
 10
49183.41195681755
 20
31642.667803585002
 10
49183.41195681755
 20
32190.650082488366
 10
49265.7398167468
 20
32274.9550484735
 10
49183.41195681755
 20
32359.260014458636
 10
49183.41195681755
 20
32991.547259347135
  0
LWPOLYLINE
  5
1C2
330
17
100
AcDbEntity
  8
RASTER_CONTOURS
100
AcDbPolyline
 90
18
 70
1
 10
48977.59230699446
 20
33075.852225332266
 10
49059.92016692369
 20
33075.852225332266
 10
49142.24802685294
 20
32991.547259347135
 10
49142.24802685294
 20
32443.564980443767
 10
49183.41195681755
 20
32401.4124974512
 10
49101.08409688832
 20
32317.107531466067
 10
49142.24802685294
 20
32232.802565480935
 10
49142.24802685294
 20
31642.667803585002
 10
49059.92016692369
 20
31558.362837599867
 10
48936.42837702984
 20
31558.362837599867
 10
48895.26444706522
 20
31600.51532059243
 10
48895.26444706522
 20
32190.650082488366
 10
48936.42837702984
 20
32317.107531466067
 10
48895.26444706522
 20
32359.260014458636
 10
48895.26444706522
 20
32738.632361391734
 10
48854.100517100596
 20
32822.937327376865
 10
48895.26444706522
 20
32865.089810369434
 10
48895.26444706522
 20
32991.547259347135
  0
LWPOLYLINE
  5
1C3
330
17
100
AcDbEntity
  8
RASTER_CONTOURS
100
AcDbPolyline
 90
16
 70
1
 10
48689.444797242126
 20
33075.852225332266
 10
48854.100517100596
 20
32991.547259347135
 10
48854.100517100596
 20
32359.260014458636
 10
48812.93658713598
 20
32317.107531466067
 10
48854.100517100596
 20
32190.650082488366
 10
48854.100517100596
 20
31642.667803585002
 10
48771.772657171365
 20
31558.362837599867
 10
48648.2808672775
 20
31558.362837599867
 10
48565.95300734827
 20
31642.667803585002
 10
48565.95300734827
 20
32148.4975994958
 10
48607.11693731289
 20
32190.650082488366
 10
48607.11693731289
 20
32317.107531466067
 10
48565.95300734827
 20
32359.260014458636
 10
48565.95300734827
 20
32907.242293362004
 10
48607.11693731289
 20
32949.394776354566
 10
48565.95300734827
 20
32991.547259347135
  0
LWPOLYLINE
  5
1C4
330
17
100
AcDbEntity
  8
RASTER_CONTOURS
100
AcDbPolyline
 90
17
 70
1
 10
48401.29728748979
 20
33075.852225332266
 10
48524.78907738365
 20
32991.547259347135
 10
48565.95300734827
 20
32738.632361391734
 10
48524.78907738365
 20
32696.47987839917
 10
48565.95300734827
 20
32401.4124974512
 10
48483.62514741902
 20
32317.107531466067
 10
48565.95300734827
 20
32106.345116503235
 10
48565.95300734827
 20
31895.5827015404
 10
48524.78907738365
 20
31853.43021854783
 10
48524.78907738365
 20
31642.667803585002
 10
48442.4612174544
 20
31558.362837599867
 10
48360.13335752517
 20
31558.362837599867
 10
48277.805497595924
 20
31642.667803585002
 10
48277.805497595924
 20
32148.4975994958
 10
48360.13335752517
 20
32232.802565480935
 10
48277.805497595924
 20
32401.4124974512
 10
48277.805497595924
 20
32991.547259347135
  0
LWPOLYLINE
  5
1C5
330
17
100
AcDbEntity
  8
RASTER_CONTOURS
100
AcDbPolyline
 90
16
 70
1
 10
48113.149777737446
 20
33075.852225332266
 10
48195.47763766669
 20
33075.852225332266
 10
48277.805497595924
 20
32991.547259347135
 10
48277.805497595924
 20
32527.869946428902
 10
48195.47763766669
 20
32274.9550484735
 10
48277.805497595924
 20
32190.650082488366
 10
48277.805497595924
 20
31684.820286577564
 10
48154.31370770207
 20
31558.362837599867
 10
48071.98584777283
 20
31558.362837599867
 10
47948.494057878976
 20
31684.820286577564
 10
47948.494057878976
 20
32148.4975994958
 10
48030.821917808214
 20
32274.9550484735
 10
47948.494057878976
 20
32401.4124974512
 10
47948.494057878976
 20
32822.937327376865
 10
47989.657987843595
 20
32865.089810369434
 10
47989.657987843595
 20
32991.547259347135
  0
LWPOLYLINE
  5
1C6
330
17
100
AcDbEntity
  8
RASTER_CONTOURS
100
AcDbPolyline
 90
18
 70
1
 10
47742.67440805588
 20
33075.852225332266
 10
47866.16619794974
 20
33075.852225332266
 10
47948.494057878976
 20
32991.547259347135
 10
47948.494057878976
 20
32359.260014458636
 10
47907.33012791435
 20
32317.107531466067
 10
47948.494057878976
 20
32190.650082488366
 10
47948.494057878976
 20
31642.667803585002
 10
47825.00226798512
 20
31558.362837599867
 10
47660.34654812664
 20
31684.820286577564
 10
47660.34654812664
 20
32148.4975994958
 10
47701.51047809125
 20
32190.650082488366
 10
47701.51047809125
 20
32443.564980443767
 10
47660.34654812664
 20
32485.717463436336
 10
47660.34654812664
 20
32654.327395406603
 10
47701.51047809125
 20
32696.47987839917
 10
47660.34654812664
 20
32738.632361391734
 10
47701.51047809125
 20
32780.7848443843
 10
47701.51047809125
 20
33033.699742339704
  0
LWPOLYLINE
  5
1C7
330
17
100
AcDbEntity
  8
RASTER_CONTOURS
100
AcDbPolyline
 90
17
 70
1
 10
47454.52689830354
 20
33075.852225332266
 10
47536.854758232774
 20
33075.852225332266
 10
47660.34654812664
 20
32949.394776354566
 10
47660.34654812664
 20
32401.4124974512
 10
47619.18261816202
 20
32359.260014458636
 10
47619.18261816202
 20
32232.802565480935
 10
47660.34654812664
 20
32190.650082488366
 10
47660.34654812664
 20
31684.820286577564
 10
47536.854758232774
 20
31558.362837599867
 10
47454.52689830354
 20
31558.362837599867
 10
47372.1990383743
 20
31642.667803585002
 10
47372.1990383743
 20
31853.43021854783
 10
47331.03510840968
 20
31895.5827015404
 10
47331.03510840968
 20
32106.345116503235
 10
47413.36296833892
 20
32274.9550484735
 10
47331.03510840968
 20
32443.564980443767
 10
47331.03510840968
 20
32907.242293362004
  0
LWPOLYLINE
  5
1C8
330
17
100
AcDbEntity
  8
RASTER_CONTOURS
100
AcDbPolyline
 90
70
 70
1
 10
52600.01814388097
 20
33370.91960628024
 10
52929.32958359793
 20
33370.91960628024
 10
52970.49351356254
 20
33328.76712328767
 10
53011.65744352716
 20
32612.174912414033
 10
52929.32958359793
 20
32485.717463436336
 10
52805.837793704064
 20
32485.717463436336
 10
52764.673863739445
 20
32401.4124974512
 10
52764.673863739445
 20
31937.73518453297
 10
52847.00172366868
 20
31853.43021854783
 10
53052.82137349178
 20
31853.43021854783
 10
53093.98530345641
 20
31895.5827015404
 10
53258.64102331488
 20
31895.5827015404
 10
53299.804953279505
 20
31853.43021854783
 10
53423.296743173356
 20
31895.5827015404
 10
54534.72285221808
 20
31895.5827015404
 10
54617.05071214733
 20
31811.277735555268
 10
54658.21464211194
 20
27680.33440228372
 10
54699.37857207656
 20
27638.181919291157
 10
54699.37857207656
 20
27511.724470313453
 10
54658.21464211194
 20
27469.57198732089
 10
54658.21464211194
 20
27300.962055350625
 10
54699.37857207656
 20
27258.80957235805
 10
54658.21464211194
 20
27132.352123380355
 10
54699.37857207656
 20
27005.89467440265
 10
54658.21464211194
 20
26795.13225943982
 10
54699.37857207656
 20
26752.979776447253
 10
54699.37857207656
 20
25277.642871707416
 10
54740.54250204118
 20
25235.49038871485
 10
54699.37857207656
 20
25193.337905722285
 10
54740.54250204118
 20
23802.305966967582
 10
54617.05071214733
 20
23675.848517989878
 10
54328.903202394984
 20
23675.848517989878
 10
54164.247482536506
 20
23802.305966967582
 10
54164.247482536506
 20
26078.540048566185
 10
54246.57534246575
 20
26247.14998053645
 10
54246.57534246575
 20
27174.50460637292
 10
54287.739272430365
 20
27216.65708936549
 10
54246.57534246575
 20
27596.029436298584
 10
54287.739272430365
 20
27638.181919291157
 10
54164.247482536506
 20
27891.09681724656
 10
54123.08355257189
 20
28987.061375053294
 10
54040.755692642655
 20
29029.21385804586
 10
52723.50993377483
 20
29029.21385804586
 10
52682.346003810206
 20
29071.366341038425
 10
52723.50993377483
 20
29155.67130702356
 10
54246.57534246575
 20
29155.67130702356
 10
54287.739272430365
 20
29197.823790016126
 10
54287.739272430365
 20
30715.31317774853
 10
54246.57534246575
 20
30757.465660741094
 10
54246.57534246575
 20
31221.142973659335
 10
54287.739272430365
 20
31305.447939644466
 10
54246.57534246575
 20
31431.905388622163
 10
53752.60818289031
 20
31431.905388622163
 10
53711.44425292569
 20
31389.7529056296
 10
53629.11639299645
 20
31474.057871614732
 10
53546.788533067214
 20
31431.905388622163
 10
52805.837793704064
 20
31431.905388622163
 10
52805.837793704064
 20
30673.16069475596
 10
52723.50993377483
 20
30504.550762785693
 10
52311.87063412863
 20
30504.550762785693
 10
52270.70670416401
 20
30546.703245778262
 10
52270.70670416401
 20
31136.8380076742
 10
52311.87063412863
 20
31178.99049066676
 10
52311.87063412863
 20
31305.447939644466
 10
52188.37884423478
 20
31516.210354607294
 10
52188.37884423478
 20
31811.277735555268
 10
52270.70670416401
 20
31895.5827015404
 10
52517.690283951735
 20
31895.5827015404
 10
52558.854213916355
 20
31979.887667525534
 10
52558.854213916355
 20
33328.76712328767
  0
LWPOLYLINE
  5
1C9
330
17
100
AcDbEntity
  8
RASTER_CONTOURS
100
AcDbPolyline
 90
13
 70
1
 10
21809.39853034564
 20
33665.9869872282
 10
21562.414950557923
 20
33665.9869872282
 10
21521.2510205933
 20
33708.13947022077
 10
21150.775650911728
 20
33665.9869872282
 10
21068.44779098249
 20
33539.5295382505
 10
21068.44779098249
 20
33160.157191317405
 10
20986.11993105325
 20
32949.394776354566
 10
21027.283861017866
 20
32907.242293362004
 10
21109.611720947105
 20
32949.394776354566
 10
21356.595300734825
 20
32949.394776354566
 10
21480.08709062868
 20
32865.089810369434
 10
21603.57888052254
 20
32949.394776354566
 10
21809.39853034564
 20
32949.394776354566
  0
LWPOLYLINE
  5
1CA
330
17
100
AcDbEntity
  8
RASTER_CONTOURS
100
AcDbPolyline
 90
17
 70
1
 10
20080.51347183162
 20
33497.37705525794
 10
20080.51347183162
 20
33455.22457226537
 10
20204.00526172548
 20
33370.91960628024
 10
20204.00526172548
 20
33118.004708324836
 10
20121.67740179624
 20
33033.699742339704
 10
20162.841331760857
 20
32907.242293362004
 10
20286.33312165472
 20
32907.242293362004
 10
20327.49705161934
 20
32865.089810369434
 10
20450.988841513194
 20
32907.242293362004
 10
20780.300281230153
 20
32865.089810369434
 10
20821.46421119477
 20
32907.242293362004
 10
20780.300281230153
 20
33413.072089272806
 10
20862.62814115939
 20
33455.22457226537
 10
20862.62814115939
 20
33539.5295382505
 10
20450.988841513194
 20
33750.29195321334
 10
20327.49705161934
 20
33623.83450423564
 10
20245.1691916901
 20
33623.83450423564
  0
LWPOLYLINE
  5
1CB
330
17
100
AcDbEntity
  8
RASTER_CONTOURS
100
AcDbPolyline
 90
6
 70
1
 10
41856.232423115296
 20
33792.4444362059
 10
41897.396353079916
 20
33834.59691919847
 10
43214.64211194774
 20
33834.59691919847
 10
43255.80604191236
 20
33792.4444362059
 10
43214.64211194774
 20
33750.29195321334
 10
41897.396353079916
 20
33750.29195321334
  0
LWPOLYLINE
  5
1CC
330
17
100
AcDbEntity
  8
RASTER_CONTOURS
100
AcDbPolyline
 90
2
 70
1
 10
49759.706976322224
 20
33834.59691919847
 10
49759.706976322224
 20
33497.37705525794
  0
LWPOLYLINE
  5
1CD
330
17
100
AcDbEntity
  8
RASTER_CONTOURS
100
AcDbPolyline
 90
7
 70
1
 10
49018.756236959074
 20
33876.74940219104
 10
49183.41195681755
 20
33750.29195321334
 10
49142.24802685294
 20
33413.072089272806
 10
49101.08409688832
 20
33370.91960628024
 10
48936.42837702984
 20
33370.91960628024
 10
48895.26444706522
 20
33413.072089272806
 10
48895.26444706522
 20
33581.68202124307
  0
LWPOLYLINE
  5
1CE
330
17
100
AcDbEntity
  8
RASTER_CONTOURS
100
AcDbPolyline
 90
2
 70
1
 10
53876.09997278418
 20
34003.20685116874
 10
53876.09997278418
 20
33708.13947022077
  0
LWPOLYLINE
  5
1CF
330
17
100
AcDbEntity
  8
RASTER_CONTOURS
100
AcDbPolyline
 90
7
 70
1
 10
49265.7398167468
 20
34087.51181715387
 10
49389.23160664065
 20
34087.51181715387
 10
49471.559466569895
 20
34003.20685116874
 10
49471.559466569895
 20
33413.072089272806
 10
49348.06767667604
 20
33328.76712328767
 10
49183.41195681755
 20
33455.22457226537
 10
49183.41195681755
 20
34003.20685116874
  0
LWPOLYLINE
  5
1D0
330
17
100
AcDbEntity
  8
RASTER_CONTOURS
100
AcDbPolyline
 90
6
 70
1
 10
48936.42837702984
 20
34087.51181715387
 10
49018.756236959074
 20
34003.20685116874
 10
49018.756236959074
 20
33918.9018851836
 10
48936.42837702984
 20
33834.59691919847
 10
48895.26444706522
 20
33876.74940219104
 10
48895.26444706522
 20
34045.3593341613
  0
LWPOLYLINE
  5
1D1
330
17
100
AcDbEntity
  8
RASTER_CONTOURS
100
AcDbPolyline
 90
13
 70
1
 10
50171.34627596842
 20
34129.66430014644
 10
50294.838065862285
 20
34129.66430014644
 10
50377.165925791516
 20
34045.3593341613
 10
50459.49378572076
 20
34129.66430014644
 10
50624.14950557924
 20
34129.66430014644
 10
50665.31343554386
 20
34087.51181715387
 10
50665.31343554386
 20
33413.072089272806
 10
50500.65771568538
 20
33328.76712328767
 10
50377.165925791516
 20
33497.37705525794
 10
50377.165925791516
 20
33455.22457226537
 10
50212.51020593304
 20
33328.76712328767
 10
50089.01841603919
 20
33455.22457226537
 10
50089.01841603919
 20
34045.3593341613
  0
LWPOLYLINE
  5
1D2
330
17
100
AcDbEntity
  8
RASTER_CONTOURS
100
AcDbPolyline
 90
14
 70
1
 10
5096.842964710149
 20
33876.74940219104
 10
5179.170824639389
 20
33918.9018851836
 10
5384.9904744624855
 20
34171.816783139
 10
5920.1215640025375
 20
34171.816783139
 10
5961.285493967158
 20
34129.66430014644
 10
6043.613353896397
 20
34171.816783139
 10
6825.728023224166
 20
34171.816783139
 10
6990.383743082643
 20
34045.3593341613
 10
6990.383743082643
 20
33623.83450423564
 10
6908.0558831534045
 20
33539.5295382505
 10
5302.6626145332475
 20
33539.5295382505
 10
5220.334754604008
 20
33623.83450423564
 10
5220.334754604008
 20
33750.29195321334
 10
5179.170824639389
 20
33750.29195321334
  0
LWPOLYLINE
  5
1D3
330
17
100
AcDbEntity
  8
RASTER_CONTOURS
100
AcDbPolyline
 90
8
 70
1
 10
53999.59176267803
 20
34171.816783139
 10
53958.42783271341
 20
34129.66430014644
 10
54040.755692642655
 20
34003.20685116874
 10
53999.59176267803
 20
33876.74940219104
 10
54040.755692642655
 20
33792.4444362059
 10
53999.59176267803
 20
33750.29195321334
 10
54040.755692642655
 20
33708.13947022077
 10
54040.755692642655
 20
34045.3593341613
  0
LWPOLYLINE
  5
1D4
330
17
100
AcDbEntity
  8
RASTER_CONTOURS
100
AcDbPolyline
 90
8
 70
1
 10
52888.16565363331
 20
34256.12174912413
 10
53011.65744352716
 20
34256.12174912413
 10
53093.98530345641
 20
34171.816783139
 10
53093.98530345641
 20
33539.5295382505
 10
53011.65744352716
 20
33455.22457226537
 10
52888.16565363331
 20
33455.22457226537
 10
52847.00172366868
 20
33497.37705525794
 10
52847.00172366868
 20
34213.96926613157
  0
LWPOLYLINE
  5
1D5
330
17
100
AcDbEntity
  8
RASTER_CONTOURS
100
AcDbPolyline
 90
4
 70
1
 10
50953.46094529619
 20
34256.12174912413
 10
50829.96915540234
 20
34129.66430014644
 10
50994.624875260815
 20
34003.20685116874
 10
51035.788805225435
 20
34213.96926613157
  0
LWPOLYLINE
  5
1D6
330
17
100
AcDbEntity
  8
RASTER_CONTOURS
100
AcDbPolyline
 90
7
 70
1
 10
35105.34790891771
 20
34340.42671510927
 10
35064.18397895309
 20
34424.7316810944
 10
34940.692189059235
 20
34382.579198101834
 10
34240.905379660704
 20
34382.579198101834
 10
34199.741449696085
 20
34340.42671510927
 10
34282.06930962532
 20
34298.2742321167
 10
35064.18397895309
 20
34298.2742321167
  0
LWPOLYLINE
  5
1D7
330
17
100
AcDbEntity
  8
RASTER_CONTOURS
100
AcDbPolyline
 90
8
 70
1
 10
29342.397713870992
 20
34298.2742321167
 10
29301.233783906373
 20
34382.579198101834
 10
29218.905923977134
 20
34424.7316810944
 10
29136.578064047895
 20
34340.42671510927
 10
28971.922344189417
 20
34340.42671510927
 10
28971.922344189417
 20
34213.96926613157
 10
29136.578064047895
 20
34213.96926613157
 10
29260.069853941754
 20
34129.66430014644
  0
LWPOLYLINE
  5
1D8
330
17
100
AcDbEntity
  8
RASTER_CONTOURS
100
AcDbPolyline
 90
6
 70
1
 10
49759.706976322224
 20
34509.036647079534
 10
49759.706976322224
 20
34256.12174912413
 10
49718.54304635761
 20
34213.96926613157
 10
49718.54304635761
 20
34087.51181715387
 10
49759.706976322224
 20
34045.3593341613
 10
49842.03483625147
 20
34129.66430014644
  0
LWPOLYLINE
  5
1D9
330
17
100
AcDbEntity
  8
RASTER_CONTOURS
100
AcDbPolyline
 90
7
 70
1
 10
47660.34654812664
 20
34719.79906204237
 10
47660.34654812664
 20
34256.12174912413
 10
47619.18261816202
 20
34213.96926613157
 10
47619.18261816202
 20
34087.51181715387
 10
47742.67440805588
 20
34129.66430014644
 10
47660.34654812664
 20
34298.2742321167
 10
47701.51047809125
 20
34424.7316810944
  0
LWPOLYLINE
  5
1DA
330
17
100
AcDbEntity
  8
RASTER_CONTOURS
100
AcDbPolyline
 90
22
 70
1
 10
49965.52662614532
 20
34888.40899401264
 10
50089.01841603919
 20
34761.951545034935
 10
50089.01841603919
 20
34340.42671510927
 10
50047.85448607457
 20
34298.2742321167
 10
50089.01841603919
 20
34256.12174912413
 10
50006.69055610994
 20
34171.816783139
 10
50089.01841603919
 20
34045.3593341613
 10
50089.01841603919
 20
33455.22457226537
 10
50006.69055610994
 20
33370.91960628024
 10
49842.03483625147
 20
33370.91960628024
 10
49800.870906286844
 20
33413.072089272806
 10
49553.887326499134
 20
33370.91960628024
 10
49471.559466569895
 20
33497.37705525794
 10
49471.559466569895
 20
33792.4444362059
 10
49512.723396534515
 20
33834.59691919847
 10
49471.559466569895
 20
33876.74940219104
 10
49553.887326499134
 20
34045.3593341613
 10
49512.723396534515
 20
34677.646579049804
 10
49636.215186428366
 20
34846.256511020074
 10
49718.54304635761
 20
34846.256511020074
 10
49759.706976322224
 20
34761.951545034935
 10
49883.19876621609
 20
34888.40899401264
  0
LWPOLYLINE
  5
1DB
330
17
100
AcDbEntity
  8
RASTER_CONTOURS
100
AcDbPolyline
 90
6
 70
1
 10
49348.06767667604
 20
34888.40899401264
 10
49471.559466569895
 20
34804.10402802751
 10
49471.559466569895
 20
34677.646579049804
 10
49265.7398167468
 20
34256.12174912413
 10
49183.41195681755
 20
34466.88416408697
 10
49183.41195681755
 20
34804.10402802751
  0
LWPOLYLINE
  5
1DC
330
17
100
AcDbEntity
  8
RASTER_CONTOURS
100
AcDbPolyline
 90
12
 70
1
 10
48977.59230699446
 20
34888.40899401264
 10
49059.92016692369
 20
34888.40899401264
 10
49183.41195681755
 20
34761.951545034935
 10
49183.41195681755
 20
34551.1891300721
 10
49142.24802685294
 20
34509.036647079534
 10
49183.41195681755
 20
34466.88416408697
 10
49142.24802685294
 20
34340.42671510927
 10
49183.41195681755
 20
34256.12174912413
 10
49101.08409688832
 20
34171.816783139
 10
48936.42837702984
 20
34171.816783139
 10
48895.26444706522
 20
34213.96926613157
 10
48895.26444706522
 20
34804.10402802751
  0
LWPOLYLINE
  5
1DD
330
17
100
AcDbEntity
  8
RASTER_CONTOURS
100
AcDbPolyline
 90
101
 70
1
 10
48771.772657171365
 20
34888.40899401264
 10
48854.100517100596
 20
34804.10402802751
 10
48854.100517100596
 20
34213.96926613157
 10
48771.772657171365
 20
34171.816783139
 10
48854.100517100596
 20
34087.51181715387
 10
48895.26444706522
 20
33876.74940219104
 10
48854.100517100596
 20
33834.59691919847
 10
48812.93658713598
 20
33497.37705525794
 10
48689.444797242126
 20
33370.91960628024
 10
48565.95300734827
 20
33455.22457226537
 10
48565.95300734827
 20
33750.29195321334
 10
48565.95300734827
 20
33497.37705525794
 10
48483.62514741902
 20
33370.91960628024
 10
48360.13335752517
 20
33370.91960628024
 10
48277.805497595924
 20
33455.22457226537
 10
48277.805497595924
 20
33961.05436817617
 10
48277.805497595924
 20
33455.22457226537
 10
48195.47763766669
 20
33370.91960628024
 10
48030.821917808214
 20
33370.91960628024
 10
47948.494057878976
 20
33497.37705525794
 10
47948.494057878976
 20
33623.83450423564
 10
47948.494057878976
 20
33455.22457226537
 10
47866.16619794974
 20
33370.91960628024
 10
47742.67440805588
 20
33370.91960628024
 10
47660.34654812664
 20
33497.37705525794
 10
47660.34654812664
 20
33792.4444362059
 10
47660.34654812664
 20
33455.22457226537
 10
47578.0186881974
 20
33370.91960628024
 10
47454.52689830354
 20
33370.91960628024
 10
47331.03510840968
 20
33497.37705525794
 10
47248.707248480445
 20
33370.91960628024
 10
47166.379388551206
 20
33370.91960628024
 10
47084.05152862197
 20
33455.22457226537
 10
47001.72366869273
 20
33413.072089272806
 10
46960.5597387281
 20
33160.157191317405
 10
47042.88759865735
 20
32991.547259347135
 10
47042.88759865735
 20
32359.260014458636
 10
47001.72366869273
 20
32317.107531466067
 10
47042.88759865735
 20
32190.650082488366
 10
47084.05152862197
 20
32190.650082488366
 10
47084.05152862197
 20
32991.547259347135
 10
47166.379388551206
 20
33075.852225332266
 10
47248.707248480445
 20
33075.852225332266
 10
47331.03510840968
 20
32991.547259347135
 10
47331.03510840968
 20
32359.260014458636
 10
47289.871178445064
 20
32317.107531466067
 10
47331.03510840968
 20
32232.802565480935
 10
47331.03510840968
 20
31642.667803585002
 10
47248.707248480445
 20
31558.362837599867
 10
47166.379388551206
 20
31558.362837599867
 10
47084.05152862197
 20
31642.667803585002
 10
47042.88759865735
 20
31979.887667525534
 10
47042.88759865735
 20
31642.667803585002
 10
46960.5597387281
 20
31558.362837599867
 10
46631.24829901115
 20
31558.362837599867
 10
46301.9368592942
 20
31726.972769570133
 10
46013.789349541854
 20
31811.277735555268
 10
45931.46148961262
 20
31895.5827015404
 10
45725.641839789525
 20
31937.73518453297
 10
45560.98611993105
 20
32064.19263351067
 10
45519.82218996643
 20
32148.4975994958
 10
45519.82218996643
 20
34509.036647079534
 10
45643.313979860286
 20
34635.49409605724
 10
46219.60899936496
 20
34761.951545034935
 10
46384.26471922343
 20
34846.256511020074
 10
46590.08436904653
 20
34846.256511020074
 10
46631.24829901115
 20
34888.40899401264
 10
46960.5597387281
 20
34888.40899401264
 10
47084.05152862197
 20
34804.10402802751
 10
47166.379388551206
 20
34888.40899401264
 10
47248.707248480445
 20
34888.40899401264
 10
47331.03510840968
 20
34804.10402802751
 10
47454.52689830354
 20
34888.40899401264
 10
47536.854758232774
 20
34888.40899401264
 10
47660.34654812664
 20
34804.10402802751
 10
47742.67440805588
 20
34888.40899401264
 10
47866.16619794974
 20
34888.40899401264
 10
47948.494057878976
 20
34804.10402802751
 10
47948.494057878976
 20
34256.12174912413
 10
47866.16619794974
 20
34171.816783139
 10
47948.494057878976
 20
34045.3593341613
 10
48030.821917808214
 20
34129.66430014644
 10
47948.494057878976
 20
34298.2742321167
 10
47948.494057878976
 20
34804.10402802751
 10
48030.821917808214
 20
34888.40899401264
 10
48195.47763766669
 20
34888.40899401264
 10
48277.805497595924
 20
34804.10402802751
 10
48277.805497595924
 20
34509.036647079534
 10
48277.805497595924
 20
34761.951545034935
 10
48401.29728748979
 20
34888.40899401264
 10
48483.62514741902
 20
34888.40899401264
 10
48565.95300734827
 20
34804.10402802751
 10
48565.95300734827
 20
34256.12174912413
 10
48483.62514741902
 20
34171.816783139
 10
48565.95300734827
 20
34045.3593341613
 10
48565.95300734827
 20
33834.59691919847
 10
48565.95300734827
 20
34045.3593341613
 10
48648.2808672775
 20
34129.66430014644
 10
48565.95300734827
 20
34256.12174912413
 10
48565.95300734827
 20
34804.10402802751
 10
48689.444797242126
 20
34888.40899401264
  0
LWPOLYLINE
  5
1DE
330
17
100
AcDbEntity
  8
RASTER_CONTOURS
100
AcDbPolyline
 90
38
 70
1
 10
35228.83969881157
 20
32359.260014458636
 10
35311.16755874081
 20
32443.564980443767
 10
35640.478998457766
 20
32443.564980443767
 10
35681.642928422385
 20
32485.717463436336
 10
35681.642928422385
 20
33918.9018851836
 10
35722.806858387004
 20
33961.05436817617
 10
35681.642928422385
 20
34087.51181715387
 10
35681.642928422385
 20
34256.12174912413
 10
35722.806858387004
 20
34298.2742321167
 10
35722.806858387004
 20
34888.40899401264
 10
35681.642928422385
 20
34930.561477005205
 10
35763.970788351624
 20
35057.018925982906
 10
35805.13471831624
 20
35014.86644299034
 10
35805.13471831624
 20
33918.9018851836
 10
35887.46257824548
 20
33876.74940219104
 10
36010.95436813934
 20
33918.9018851836
 10
36052.11829810396
 20
33876.74940219104
 10
37698.67549668874
 20
33876.74940219104
 10
37739.83942665336
 20
33834.59691919847
 10
37863.33121654721
 20
33876.74940219104
 10
38192.64265626417
 20
33876.74940219104
 10
38233.806586228784
 20
33834.59691919847
 10
41568.08491336296
 20
33834.59691919847
 10
41691.57670325682
 20
33918.9018851836
 10
41732.74063322144
 20
33834.59691919847
 10
41856.232423115296
 20
33792.4444362059
 10
41773.90456318606
 20
33708.13947022077
 10
41732.74063322144
 20
33750.29195321334
 10
41650.412773292206
 20
33708.13947022077
 10
41609.24884332759
 20
33750.29195321334
 10
36834.23296743173
 20
33750.29195321334
 10
36793.06903746711
 20
33792.4444362059
 10
36751.90510750249
 20
33750.29195321334
 10
36257.93794792706
 20
33750.29195321334
 10
36216.77401796244
 20
33708.13947022077
 10
36216.77401796244
 20
32359.260014458636
 10
36134.4461580332
 20
32274.9550484735
 10
35311.16755874081
 20
32274.9550484735
  0
LWPOLYLINE
  5
1DF
330
17
100
AcDbEntity
  8
RASTER_CONTOURS
100
AcDbPolyline
 90
1529
 70
1
 10
5055.67903474553
 20
33286.614640295105
 10
5138.006894674769
 20
33370.91960628024
 10
5673.137984214822
 20
33370.91960628024
 10
5920.1215640025375
 20
33286.614640295105
 10
5961.285493967158
 20
33328.76712328767
 10
7113.875532976501
 20
33328.76712328767
 10
7155.039462941121
 20
33370.91960628024
 10
7155.039462941121
 20
35014.86644299034
 10
7237.367322870359
 20
35099.17140897547
 10
7360.8591127642185
 20
35057.018925982906
 10
7978.31806223351
 20
35057.018925982906
 10
8019.481992198129
 20
35099.17140897547
 10
10077.6784904291
 20
35099.17140897547
 10
10118.84242039372
 20
35057.018925982906
 10
10283.498140252197
 20
35057.018925982906
 10
10324.662070216817
 20
35099.17140897547
 10
13206.137167740177
 20
35099.17140897547
 10
13329.628957634035
 20
34972.713959997775
 10
13288.465027669416
 20
34888.40899401264
 10
13329.628957634035
 20
34761.951545034935
 10
13288.465027669416
 20
34719.79906204237
 10
13329.628957634035
 20
34677.646579049804
 10
13329.628957634035
 20
34298.2742321167
 10
13370.792887598654
 20
34256.12174912413
 10
13494.284677492513
 20
34298.2742321167
 10
13576.612537421752
 20
34256.12174912413
 10
13617.776467386371
 20
34298.2742321167
 10
13905.923977138707
 20
34298.2742321167
 10
13947.087907103327
 20
34256.12174912413
 10
14194.071486891044
 20
34298.2742321167
 10
14235.235416855663
 20
34340.42671510927
 10
14235.235416855663
 20
35014.86644299034
 10
14358.72720674952
 20
35099.17140897547
 10
17075.546584414402
 20
35057.018925982906
 10
17157.87444434364
 20
34972.713959997775
 10
17157.87444434364
 20
31895.5827015404
 10
17199.03837430826
 20
31853.43021854783
 10
18186.972693459127
 20
31853.43021854783
 10
18228.136623423747
 20
31811.277735555268
 10
20492.152771477817
 20
31811.277735555268
 10
20574.480631407056
 20
31684.820286577564
 10
20574.480631407056
 20
29492.891170964092
 10
20615.644561371675
 20
29450.738687971527
 10
21438.923160664064
 20
29450.738687971527
 10
21603.57888052254
 20
29197.823790016126
 10
21603.57888052254
 20
28734.146477097893
 10
21644.74281048716
 20
28691.99399410532
 10
21809.39853034564
 20
28691.99399410532
 10
21932.890320239498
 20
28565.536545127627
 10
21932.890320239498
 20
27638.181919291157
 10
21850.56246031026
 20
27469.57198732089
 10
21644.74281048716
 20
27300.962055350625
 10
21521.2510205933
 20
27132.352123380355
 10
21603.57888052254
 20
27048.047157395224
 10
22426.857479814928
 20
27048.047157395224
 10
22509.185339744166
 20
27132.352123380355
 10
22468.021409779547
 20
27258.80957235805
 10
22509.185339744166
 20
27680.33440228372
 10
22591.51319967341
 20
27764.639368268854
 10
22879.660709425745
 20
27891.09681724656
 10
23126.64428921346
 20
28101.859232209386
 10
22961.988569354984
 20
27975.40178323169
 10
22715.004989567264
 20
27848.944334253985
 10
22632.677129638025
 20
27848.944334253985
 10
22550.349269708786
 20
27764.639368268854
 10
22344.52961988569
 20
27722.486885276292
 10
22262.20175995645
 20
27511.724470313453
 10
22179.87390002721
 20
27596.029436298584
 10
22179.87390002721
 20
28565.536545127627
 10
22262.20175995645
 20
28691.99399410532
 10
22468.021409779547
 20
28691.99399410532
 10
22509.185339744166
 20
28734.146477097893
 10
22509.185339744166
 20
28902.75640906816
 10
22591.51319967341
 20
29029.21385804586
 10
23991.086818470467
 20
29029.21385804586
 10
24073.414678399706
 20
28944.908892060725
 10
24073.414678399706
 20
28776.29896009046
 10
23991.086818470467
 20
28649.841511112758
 10
23908.75895854123
 20
28607.68902812019
 10
23867.59502857661
 20
28649.841511112758
 10
23702.93930871813
 20
28649.841511112758
 10
23291.300009071936
 20
28186.16419819452
 10
23414.791798965794
 20
28354.774130164787
 10
23744.10323868275
 20
28607.68902812019
 10
23867.59502857661
 20
28607.68902812019
 10
24114.57860836432
 20
28439.07909614992
 10
24279.234328222803
 20
28439.07909614992
 10
24361.562188152042
 20
28902.75640906816
 10
24526.21790801052
 20
29029.21385804586
 10
24608.54576793976
 20
29239.97627300869
 10
24443.89004808128
 20
29366.433721986392
 10
24361.562188152042
 20
29324.281238993826
 10
23826.431098611985
 20
29324.281238993826
 10
23785.26716864737
 20
29366.433721986392
 10
23661.77537875351
 20
29366.433721986392
 10
23620.61144878889
 20
29324.281238993826
 10
23455.955728930414
 20
29324.281238993826
 10
23373.627869001175
 20
29239.97627300869
 10
23044.31642928422
 20
29239.97627300869
 10
23003.1524993196
 20
29282.12875600126
 10
22673.841059602648
 20
29239.97627300869
 10
22509.185339744166
 20
29366.433721986392
 10
22509.185339744166
 20
29577.196136949227
 10
22468.021409779547
 20
29619.348619941793
 10
22056.382110133352
 20
29619.348619941793
 10
22015.218180168737
 20
29661.50110293436
 10
21974.054250204113
 20
29998.720966874895
 10
21932.890320239498
 20
30040.87344986746
 10
21891.726390274875
 20
29998.720966874895
 10
21768.234600381016
 20
29998.720966874895
 10
21768.234600381016
 20
29745.806068919494
 10
21644.74281048716
 20
29619.348619941793
 10
20862.62814115939
 20
29619.348619941793
 10
20739.13635126553
 20
29745.806068919494
 10
20739.13635126553
 20
31642.667803585002
 10
20780.300281230153
 20
31684.820286577564
 10
20739.13635126553
 20
31726.972769570133
 10
20780.300281230153
 20
31811.277735555268
 10
20739.13635126553
 20
32022.0401505181
 10
20656.80849133629
 20
32064.19263351067
 10
20450.988841513194
 20
32064.19263351067
 10
20409.824911548578
 20
32022.0401505181
 10
20327.49705161934
 20
32064.19263351067
 10
20080.51347183162
 20
32064.19263351067
 10
20039.349541867003
 20
32022.0401505181
 10
19874.69382200852
 20
32106.345116503235
 10
19874.69382200852
 20
32359.260014458636
 10
19833.529892043905
 20
32401.4124974512
 10
19833.529892043905
 20
32612.174912414033
 10
19874.69382200852
 20
32654.327395406603
 10
19833.529892043905
 20
32738.632361391734
 10
19874.69382200852
 20
32780.7848443843
 10
19874.69382200852
 20
33413.072089272806
 10
19833.529892043905
 20
33455.22457226537
 10
19874.69382200852
 20
33581.68202124307
 10
19874.69382200852
 20
33918.9018851836
 10
19833.529892043905
 20
34003.20685116874
 10
19874.69382200852
 20
34045.3593341613
 10
19874.69382200852
 20
34509.036647079534
 10
20039.349541867003
 20
34593.34161306467
 10
20245.1691916901
 20
34593.34161306467
 10
20286.33312165472
 20
34551.1891300721
 10
21974.054250204113
 20
34551.1891300721
 10
22056.382110133352
 20
34466.88416408697
 10
22056.382110133352
 20
32232.802565480935
 10
21932.890320239498
 20
32106.345116503235
 10
21809.39853034564
 20
32106.345116503235
 10
21768.234600381016
 20
32064.19263351067
 10
21768.234600381016
 20
30883.923109718795
 10
21809.39853034564
 20
30841.77062672623
 10
21932.890320239498
 20
30841.77062672623
 10
21974.054250204113
 20
30883.923109718795
 10
21974.054250204113
 20
31052.533041689065
 10
22097.546040097975
 20
31178.99049066676
 10
24196.906468293568
 20
31178.99049066676
 10
24279.234328222803
 20
31094.685524681627
 10
24279.234328222803
 20
30462.398279793128
 10
24320.398258187422
 20
30420.245796800562
 10
24279.234328222803
 20
30167.33089884516
 10
24361.562188152042
 20
30125.178415852595
 10
24690.873627868994
 20
30167.33089884516
 10
24732.037557833617
 20
30293.78834782286
 10
24690.873627868994
 20
30420.245796800562
 10
24567.38183797514
 20
30462.398279793128
 10
24567.38183797514
 20
32401.4124974512
 10
24526.21790801052
 20
32443.564980443767
 10
24567.38183797514
 20
32527.869946428902
 10
24567.38183797514
 20
32822.937327376865
 10
24690.873627868994
 20
32907.242293362004
 10
25678.807947019865
 20
32907.242293362004
 10
25802.299736913723
 20
32822.937327376865
 10
25925.791526807578
 20
32822.937327376865
 10
26008.119386736817
 20
32907.242293362004
 10
25966.9554567722
 20
32949.394776354566
 10
25966.9554567722
 20
34930.561477005205
 10
26131.61117663068
 20
35057.018925982906
 10
28848.43055429556
 20
35057.018925982906
 10
28971.922344189417
 20
34972.713959997775
 10
29054.250204118656
 20
35057.018925982906
 10
29301.233783906373
 20
35014.86644299034
 10
29342.397713870992
 20
35057.018925982906
 10
29589.38129365871
 20
35014.86644299034
 10
29712.873083552568
 20
35057.018925982906
 10
29795.200943481806
 20
34972.713959997775
 10
29918.692733375665
 20
35057.018925982906
 10
30001.020593304904
 20
35057.018925982906
 10
30083.348453234143
 20
34972.713959997775
 10
30165.67631316338
 20
35057.018925982906
 10
30289.16810305724
 20
35057.018925982906
 10
30330.332033021856
 20
35014.86644299034
 10
30577.315612809576
 20
35057.018925982906
 10
30618.479542774192
 20
35014.86644299034
 10
30741.971332668054
 20
35057.018925982906
 10
32841.33176086364
 20
35057.018925982906
 10
32964.8235507575
 20
34972.713959997775
 10
32964.8235507575
 20
34677.646579049804
 10
33047.15141068674
 20
34593.34161306467
 10
33047.15141068674
 20
31853.43021854783
 10
32964.8235507575
 20
31769.125252562695
 10
31030.11884242039
 20
31769.125252562695
 10
30906.627052526528
 20
31853.43021854783
 10
30824.299192597293
 20
31769.125252562695
 10
30700.80740270343
 20
31811.277735555268
 10
30453.823822915718
 20
31769.125252562695
 10
30371.49596298648
 20
31853.43021854783
 10
30248.00417309262
 20
31769.125252562695
 10
30165.67631316338
 20
31769.125252562695
 10
30083.348453234143
 20
31853.43021854783
 10
30083.348453234143
 20
31937.73518453297
 10
30083.348453234143
 20
31853.43021854783
 10
30001.020593304904
 20
31769.125252562695
 10
29877.528803411045
 20
31769.125252562695
 10
29836.364873446426
 20
31811.277735555268
 10
29754.03701351719
 20
31769.125252562695
 10
29589.38129365871
 20
31769.125252562695
 10
29548.21736369409
 20
31811.277735555268
 10
29465.889503764854
 20
31769.125252562695
 10
29301.233783906373
 20
31769.125252562695
 10
29260.069853941754
 20
31811.277735555268
 10
29013.086274154037
 20
31769.125252562695
 10
28971.922344189417
 20
31811.277735555268
 10
28971.922344189417
 20
31979.887667525534
 10
29013.086274154037
 20
32022.0401505181
 10
29054.250204118656
 20
32317.107531466067
 10
29095.414134083272
 20
32359.260014458636
 10
29218.905923977134
 20
32274.9550484735
 10
29218.905923977134
 20
32359.260014458636
 10
29301.233783906373
 20
32485.717463436336
 10
29424.72557380023
 20
32527.869946428902
 10
29507.05343372947
 20
32443.564980443767
 10
29589.38129365871
 20
32527.869946428902
 10
29507.05343372947
 20
32654.327395406603
 10
29507.05343372947
 20
32822.937327376865
 10
29548.21736369409
 20
32865.089810369434
 10
29548.21736369409
 20
33075.852225332266
 10
29712.873083552568
 20
33286.614640295105
 10
29795.200943481806
 20
33244.462157302536
 10
30042.18452326952
 20
33286.614640295105
 10
30083.348453234143
 20
33244.462157302536
 10
30248.00417309262
 20
33328.76712328767
 10
30289.16810305724
 20
33286.614640295105
 10
30618.479542774192
 20
33286.614640295105
 10
30659.643472738815
 20
33244.462157302536
 10
30824.299192597293
 20
33328.76712328767
 10
30947.79098249115
 20
33244.462157302536
 10
30988.954912455767
 20
33286.614640295105
 10
30988.954912455767
 20
33497.37705525794
 10
30783.135262632673
 20
33497.37705525794
 10
30659.643472738815
 20
33581.68202124307
 10
30536.151682844957
 20
33497.37705525794
 10
30453.823822915718
 20
33497.37705525794
 10
30371.49596298648
 20
33581.68202124307
 10
30248.00417309262
 20
33497.37705525794
 10
30165.67631316338
 20
33497.37705525794
 10
30083.348453234143
 20
33581.68202124307
 10
30001.020593304904
 20
33497.37705525794
 10
29918.692733375665
 20
33497.37705525794
 10
29836.364873446426
 20
33581.68202124307
 10
29671.709153587944
 20
33497.37705525794
 10
29589.38129365871
 20
33539.5295382505
 10
29465.889503764854
 20
33539.5295382505
 10
29424.72557380023
 20
33497.37705525794
 10
29177.74199401252
 20
33539.5295382505
 10
29136.578064047895
 20
33497.37705525794
 10
29013.086274154037
 20
33497.37705525794
 10
28971.922344189417
 20
33539.5295382505
 10
28889.59448426018
 20
33497.37705525794
 10
27531.184795427736
 20
33497.37705525794
 10
27490.02086546312
 20
33370.91960628024
 10
27572.34872539236
 20
33244.462157302536
 10
27654.6765853216
 20
33328.76712328767
 10
27737.004445250834
 20
33328.76712328767
 10
27860.496235144696
 20
33244.462157302536
 10
27983.98802503855
 20
33370.91960628024
 10
28107.47981493241
 20
33244.462157302536
 10
28148.643744897032
 20
33244.462157302536
 10
28189.807674861648
 20
33328.76712328767
 10
28272.135534790887
 20
33328.76712328767
 10
28354.463394720126
 20
33244.462157302536
 10
28519.119114578607
 20
33328.76712328767
 10
28560.283044543223
 20
33286.614640295105
 10
28724.9387644017
 20
33286.614640295105
 10
28766.10269436632
 20
33328.76712328767
 10
28889.59448426018
 20
33286.614640295105
 10
29301.233783906373
 20
33286.614640295105
 10
29424.72557380023
 20
33328.76712328767
 10
29507.05343372947
 20
33244.462157302536
 10
29507.05343372947
 20
32991.547259347135
 10
29424.72557380023
 20
32822.937327376865
 10
29260.069853941754
 20
32696.47987839917
 10
29218.905923977134
 20
32612.174912414033
 10
29095.414134083272
 20
32570.022429421468
 10
28971.922344189417
 20
32696.47987839917
 10
28889.59448426018
 20
32654.327395406603
 10
28848.43055429556
 20
32527.869946428902
 10
28971.922344189417
 20
32317.107531466067
 10
28971.922344189417
 20
32106.345116503235
 10
28889.59448426018
 20
31895.5827015404
 10
28766.10269436632
 20
31769.125252562695
 10
28724.9387644017
 20
31811.277735555268
 10
28601.446974507842
 20
31769.125252562695
 10
28436.791254649368
 20
31769.125252562695
 10
28395.627324684745
 20
31811.277735555268
 10
28148.643744897032
 20
31769.125252562695
 10
28107.47981493241
 20
31811.277735555268
 10
28066.31588496779
 20
31769.125252562695
 10
27325.36514560464
 20
31769.125252562695
 10
27284.201215640023
 20
31726.972769570133
 10
27119.545495781545
 20
31726.972769570133
 10
26913.72584595845
 20
31811.277735555268
 10
26790.234056064586
 20
31769.125252562695
 10
26090.447246666055
 20
31769.125252562695
 10
25925.791526807578
 20
31895.5827015404
 10
25843.463666878342
 20
31895.5827015404
 10
25719.97187698448
 20
31811.277735555268
 10
25719.97187698448
 20
31558.362837599867
 10
25761.135806949103
 20
31516.210354607294
 10
28107.47981493241
 20
31516.210354607294
 10
28313.299464755506
 20
31431.905388622163
 10
28766.10269436632
 20
31431.905388622163
 10
28930.758414224798
 20
31516.210354607294
 10
32018.053161571253
 20
31516.210354607294
 10
32223.87281139435
 20
31389.7529056296
 10
32470.85639118207
 20
31389.7529056296
 10
32512.020321146687
 20
31347.600422637028
 10
32635.51211104055
 20
31347.600422637028
 10
32676.676041005165
 20
31389.7529056296
 10
32800.16783089902
 20
31347.600422637028
 10
32882.49569082826
 20
31389.7529056296
 10
33088.31534065136
 20
31389.7529056296
 10
33129.47927061598
 20
31347.600422637028
 10
33294.13499047446
 20
31474.057871614732
 10
33623.44643019141
 20
31516.210354607294
 10
33664.61036015603
 20
31558.362837599867
 10
33664.61036015603
 20
32064.19263351067
 10
33788.10215004989
 20
32148.4975994958
 10
34076.249659802226
 20
32148.4975994958
 10
34158.577519731465
 20
32106.345116503235
 10
34240.905379660704
 20
32190.650082488366
 10
34240.905379660704
 20
32443.564980443767
 10
34323.23323958994
 20
32527.869946428902
 10
34529.05288941304
 20
32527.869946428902
 10
34570.21681937766
 20
32485.717463436336
 10
35023.020048988474
 20
32527.869946428902
 10
35146.51183888233
 20
32443.564980443767
 10
35146.51183888233
 20
32232.802565480935
 10
35228.83969881157
 20
32148.4975994958
 10
36052.11829810396
 20
32148.4975994958
 10
36093.28222806858
 20
32106.345116503235
 10
36257.93794792706
 20
32148.4975994958
 10
36257.93794792706
 20
33581.68202124307
 10
36381.429737820916
 20
33708.13947022077
 10
36422.593667785535
 20
33665.9869872282
 10
36463.757597750155
 20
33708.13947022077
 10
38151.47872629955
 20
33708.13947022077
 10
38192.64265626417
 20
33665.9869872282
 10
44079.084641204754
 20
33665.9869872282
 10
44161.412501133986
 20
33581.68202124307
 10
44161.412501133986
 20
33413.072089272806
 10
44202.576431098605
 20
33370.91960628024
 10
44202.576431098605
 20
32822.937327376865
 10
44037.92071124013
 20
32696.47987839917
 10
44037.92071124013
 20
32612.174912414033
 10
44161.412501133986
 20
32570.022429421468
 10
44202.576431098605
 20
32274.9550484735
 10
44161.412501133986
 20
32232.802565480935
 10
44161.412501133986
 20
31600.51532059243
 10
44120.248571169366
 20
31558.362837599867
 10
44161.412501133986
 20
31431.905388622163
 10
44037.92071124013
 20
31305.447939644466
 10
43914.42892134626
 20
31347.600422637028
 10
43790.93713145241
 20
31305.447939644466
 10
43667.44534155855
 20
31347.600422637028
 10
43214.64211194774
 20
31347.600422637028
 10
43173.47818198312
 20
31389.7529056296
 10
43173.47818198312
 20
31600.51532059243
 10
43132.31425201851
 20
31642.667803585002
 10
43132.31425201851
 20
32527.869946428902
 10
43214.64211194774
 20
32654.327395406603
 10
43296.96997187698
 20
32654.327395406603
 10
43379.297831806216
 20
32570.022429421468
 10
43379.297831806216
 20
32064.19263351067
 10
43502.78962170008
 20
31895.5827015404
 10
43626.28141159393
 20
32064.19263351067
 10
43708.60927152318
 20
32064.19263351067
 10
43708.60927152318
 20
32106.345116503235
 10
43502.78962170008
 20
32064.19263351067
 10
43379.297831806216
 20
32190.650082488366
 10
43379.297831806216
 20
32654.327395406603
 10
43296.96997187698
 20
32696.47987839917
 10
42926.49460219541
 20
32696.47987839917
 10
42885.33067223078
 20
32612.174912414033
 10
43008.82246212464
 20
32612.174912414033
 10
43049.98639208926
 20
32570.022429421468
 10
43049.98639208926
 20
31642.667803585002
 10
43008.82246212464
 20
31600.51532059243
 10
43008.82246212464
 20
31389.7529056296
 10
42885.33067223078
 20
31305.447939644466
 10
42473.69137258459
 20
31305.447939644466
 10
42432.52744261997
 20
31347.600422637028
 10
42267.87172276149
 20
31305.447939644466
 10
42020.88814297378
 20
31389.7529056296
 10
42020.88814297378
 20
31600.51532059243
 10
41979.72421300916
 20
31642.667803585002
 10
41979.72421300916
 20
32485.717463436336
 10
42062.05207293839
 20
32612.174912414033
 10
42185.54386283226
 20
32612.174912414033
 10
42226.70779279687
 20
32570.022429421468
 10
42267.87172276149
 20
32612.174912414033
 10
42226.70779279687
 20
32696.47987839917
 10
41732.74063322144
 20
32696.47987839917
 10
41732.74063322144
 20
32612.174912414033
 10
41856.232423115296
 20
32612.174912414033
 10
41938.560283044535
 20
32527.869946428902
 10
41938.560283044535
 20
31937.73518453297
 10
41897.396353079916
 20
31895.5827015404
 10
41938.560283044535
 20
31853.43021854783
 10
41897.396353079916
 20
31811.277735555268
 10
41897.396353079916
 20
31600.51532059243
 10
41856.232423115296
 20
31558.362837599867
 10
41897.396353079916
 20
31389.7529056296
 10
41856.232423115296
 20
31347.600422637028
 10
40950.62596389367
 20
31347.600422637028
 10
40909.46203392905
 20
31389.7529056296
 10
40909.46203392905
 20
31558.362837599867
 10
40868.29810396444
 20
31600.51532059243
 10
40868.29810396444
 20
32527.869946428902
 10
40950.62596389367
 20
32654.327395406603
 10
41115.281683752146
 20
32612.174912414033
 10
41115.281683752146
 20
32696.47987839917
 10
40621.31452417671
 20
32696.47987839917
 10
40580.15059421209
 20
32612.174912414033
 10
40744.80631407057
 20
32612.174912414033
 10
40785.97024403519
 20
32570.022429421468
 10
40785.97024403519
 20
31600.51532059243
 10
40744.80631407057
 20
31558.362837599867
 10
40785.97024403519
 20
31389.7529056296
 10
40662.47845414134
 20
31305.447939644466
 10
40538.98666424748
 20
31347.600422637028
 10
39839.19985484894
 20
31347.600422637028
 10
39756.871994919704
 20
31431.905388622163
 10
39798.03592488433
 20
31474.057871614732
 10
39756.871994919704
 20
31600.51532059243
 10
39756.871994919704
 20
32527.869946428902
 10
39880.36378481357
 20
32612.174912414033
 10
39962.6916447428
 20
32527.869946428902
 10
39962.6916447428
 20
32359.260014458636
 10
40003.85557470743
 20
32654.327395406603
 10
39962.6916447428
 20
32696.47987839917
 10
39633.380205025845
 20
32738.632361391734
 10
39592.21627506123
 20
32696.47987839917
 10
39592.21627506123
 20
32106.345116503235
 10
39551.05234509661
 20
32064.19263351067
 10
39592.21627506123
 20
31431.905388622163
 10
39509.888415131994
 20
31347.600422637028
 10
39098.24911548579
 20
31347.600422637028
 10
39057.08518552118
 20
31389.7529056296
 10
38892.429465662695
 20
31389.7529056296
 10
38851.26553569808
 20
31347.600422637028
 10
38274.97051619341
 20
31347.600422637028
 10
38233.806586228784
 20
31389.7529056296
 10
37739.83942665336
 20
31347.600422637028
 10
37698.67549668874
 20
31389.7529056296
 10
37575.18370679487
 20
31389.7529056296
 10
37534.01977683026
 20
31431.905388622163
 10
37534.01977683026
 20
31895.5827015404
 10
37575.18370679487
 20
31937.73518453297
 10
37534.01977683026
 20
32064.19263351067
 10
37534.01977683026
 20
32570.022429421468
 10
37492.85584686564
 20
32612.174912414033
 10
37328.20012700716
 20
32612.174912414033
 10
37287.03619704254
 20
32570.022429421468
 10
37287.03619704254
 20
31178.99049066676
 10
37328.20012700716
 20
31136.8380076742
 10
37451.69191690102
 20
31136.8380076742
 10
37575.18370679487
 20
31010.380558696495
 10
37575.18370679487
 20
30757.465660741094
 10
37575.18370679487
 20
31052.533041689065
 10
37698.67549668874
 20
31136.8380076742
 10
38480.79016601651
 20
31136.8380076742
 10
38521.95409598112
 20
31094.685524681627
 10
38604.28195591036
 20
31136.8380076742
 10
41362.26526353986
 20
31094.685524681627
 10
41444.59312346911
 20
31010.380558696495
 10
41526.92098339834
 20
31094.685524681627
 10
45849.13362968338
 20
31094.685524681627
 10
45931.46148961262
 20
31010.380558696495
 10
45931.46148961262
 20
30673.16069475596
 10
45972.62541957724
 20
30631.008211763394
 10
45972.62541957724
 20
29745.806068919494
 10
45890.297559648
 20
29661.50110293436
 10
45807.96969971876
 20
29703.653585926928
 10
45807.96969971876
 20
29619.348619941793
 10
45849.13362968338
 20
29577.196136949227
 10
46137.28113943572
 20
29577.196136949227
 10
46219.60899936496
 20
29492.891170964092
 10
46219.60899936496
 20
29029.21385804586
 10
46137.28113943572
 20
28902.75640906816
 10
45025.855030391
 20
28902.75640906816
 10
44984.691100426375
 20
28944.908892060725
 10
44984.691100426375
 20
29577.196136949227
 10
44820.0353805679
 20
29703.653585926928
 10
44820.0353805679
 20
29872.263517897194
 10
44778.87145060328
 20
29703.653585926928
 10
44655.37966070943
 20
29619.348619941793
 10
43873.26499138165
 20
29619.348619941793
 10
43749.77320148779
 20
29661.50110293436
 10
43790.93713145241
 20
29324.281238993826
 10
43832.10106141703
 20
29282.12875600126
 10
43832.10106141703
 20
29029.21385804586
 10
43873.26499138165
 20
29029.21385804586
 10
43955.59285131089
 20
28902.75640906816
 10
43996.75678127551
 20
28565.536545127627
 10
44037.92071124013
 20
28565.536545127627
 10
44202.576431098605
 20
28354.774130164787
 10
44284.90429102785
 20
28439.07909614992
 10
44449.56001088633
 20
28439.07909614992
 10
44490.723940850934
 20
28312.621647172225
 10
44614.2157307448
 20
28439.07909614992
 10
44696.54359067404
 20
28439.07909614992
 10
44778.87145060328
 20
28354.774130164787
 10
44778.87145060328
 20
28186.16419819452
 10
44861.19931053251
 20
28439.07909614992
 10
44984.691100426375
 20
28439.07909614992
 10
45067.018960355614
 20
28354.774130164787
 10
45067.018960355614
 20
27638.181919291157
 10
45025.855030391
 20
27596.029436298584
 10
45025.855030391
 20
27469.57198732089
 10
45067.018960355614
 20
27511.724470313453
 10
45149.34682028485
 20
27427.419504328318
 10
45149.34682028485
 20
25193.337905722285
 10
45108.18289032023
 20
25151.185422729715
 10
45108.18289032023
 20
24771.81307579661
 10
45149.34682028485
 20
24729.660592804048
 10
45149.34682028485
 20
22158.359130257475
 10
45108.18289032023
 20
22116.20664726491
 10
45108.18289032023
 20
21736.834300331808
 10
45149.34682028485
 20
21694.681817339242
 10
45149.34682028485
 20
21357.461953398702
 10
45067.018960355614
 20
21231.004504421006
 10
45025.855030391
 20
21231.004504421006
 10
44984.691100426375
 20
21315.30947040614
 10
44984.691100426375
 20
21104.5470554433
 10
45108.18289032023
 20
20935.93712347304
 10
45190.51075024947
 20
21062.39457245074
 10
45190.51075024947
 20
21188.852021428436
 10
45149.34682028485
 20
21231.004504421006
 10
45149.34682028485
 20
27427.419504328318
 10
45190.51075024947
 20
27511.724470313453
 10
45108.18289032023
 20
27596.029436298584
 10
45108.18289032023
 20
28396.926613157357
 10
45149.34682028485
 20
28439.07909614992
 10
45478.65826000181
 20
28439.07909614992
 10
45560.98611993105
 20
28354.774130164787
 10
45560.98611993105
 20
27638.181919291157
 10
45519.82218996643
 20
27596.029436298584
 10
45519.82218996643
 20
27469.57198732089
 10
45602.150049895674
 20
27469.57198732089
 10
45643.313979860286
 20
27553.876953306022
 10
45602.150049895674
 20
27596.029436298584
 10
45602.150049895674
 20
28396.926613157357
 10
45643.313979860286
 20
28439.07909614992
 10
45766.805769754144
 20
28439.07909614992
 10
45849.13362968338
 20
28270.469164179653
 10
45849.13362968338
 20
27638.181919291157
 10
45807.96969971876
 20
27511.724470313453
 10
46054.95327950648
 20
27511.724470313453
 10
46219.60899936496
 20
27427.419504328318
 10
46219.60899936496
 20
27005.89467440265
 10
46178.44506940033
 20
26963.742191410085
 10
46219.60899936496
 20
26921.58970841752
 10
46260.77292932958
 20
26078.540048566185
 10
46178.44506940033
 20
25909.93011659592
 10
46260.77292932958
 20
25741.32018462565
 10
46260.77292932958
 20
25488.40528667025
 10
46178.44506940033
 20
25404.100320685116
 10
46219.60899936496
 20
25319.79535469998
 10
46219.60899936496
 20
24898.270524774314
 10
46178.44506940033
 20
24856.118041781745
 10
46219.60899936496
 20
24771.81307579661
 10
46219.60899936496
 20
24350.288245870943
 10
46178.44506940033
 20
24308.13576287838
 10
46219.60899936496
 20
24265.98327988581
 10
46219.60899936496
 20
23844.458449960144
 10
46178.44506940033
 20
23802.305966967582
 10
46219.60899936496
 20
23760.15348397501
 10
46219.60899936496
 20
23296.476171056776
 10
46178.44506940033
 20
23254.32368806421
 10
46260.77292932958
 20
23085.71375609394
 10
46260.77292932958
 20
27469.57198732089
 10
46137.28113943572
 20
27596.029436298584
 10
46137.28113943572
 20
28354.774130164787
 10
46219.60899936496
 20
28439.07909614992
 10
46713.57615894039
 20
28439.07909614992
 10
46754.740088905004
 20
28354.774130164787
 10
46878.23187879887
 20
28439.07909614992
 10
47001.72366869273
 20
28439.07909614992
 10
47084.05152862197
 20
28354.774130164787
 10
47084.05152862197
 20
28186.16419819452
 10
47125.21545858658
 20
28186.16419819452
 10
47125.21545858658
 20
28396.926613157357
 10
47166.379388551206
 20
28439.07909614992
 10
47907.33012791435
 20
28439.07909614992
 10
48030.821917808214
 20
28523.384062135054
 10
48113.149777737446
 20
28523.384062135054
 10
48236.64156763131
 20
28396.926613157357
 10
48236.64156763131
 20
27638.181919291157
 10
48195.47763766669
 20
27553.876953306022
 10
48113.149777737446
 20
27511.724470313453
 10
48195.47763766669
 20
27385.267021335756
 10
48195.47763766669
 20
27090.199640387786
 10
48113.149777737446
 20
26963.742191410085
 10
48195.47763766669
 20
26837.284742432385
 10
48195.47763766669
 20
26542.217361484418
 10
48113.149777737446
 20
26415.759912506717
 10
48195.47763766669
 20
26289.302463529017
 10
48195.47763766669
 20
26036.387565573616
 10
48113.149777737446
 20
25909.93011659592
 10
48195.47763766669
 20
25783.472667618218
 10
48195.47763766669
 20
25488.40528667025
 10
48113.149777737446
 20
25361.94783769255
 10
48195.47763766669
 20
25235.49038871485
 10
48195.47763766669
 20
24940.423007766876
 10
48113.149777737446
 20
24813.965558789183
 10
48154.31370770207
 20
24771.81307579661
 10
48154.31370770207
 20
23844.458449960144
 10
48113.149777737446
 20
23760.15348397501
 10
48195.47763766669
 20
23591.543552004743
 10
48154.31370770207
 20
23507.23858601961
 10
48154.31370770207
 20
23296.476171056776
 10
48113.149777737446
 20
23254.32368806421
 10
48154.31370770207
 20
23170.018722079076
 10
48154.31370770207
 20
22748.49389215341
 10
48113.149777737446
 20
22706.341409160843
 10
48154.31370770207
 20
22622.036443175708
 10
48154.31370770207
 20
22200.51161325004
 10
48113.149777737446
 20
22116.20664726491
 10
48195.47763766669
 20
21989.74919828721
 10
48154.31370770207
 20
21947.59671529464
 10
48195.47763766669
 20
21821.13926631694
 10
48113.149777737446
 20
21652.529334346673
 10
48154.31370770207
 20
21568.22436836154
 10
48154.31370770207
 20
21146.699538435874
 10
48113.149777737446
 20
21104.5470554433
 10
48277.805497595924
 20
21020.24208945817
 10
48401.29728748979
 20
21020.24208945817
 10
48483.62514741902
 20
21146.699538435874
 10
48442.4612174544
 20
21188.852021428436
 10
48483.62514741902
 20
22242.664096242606
 10
48565.95300734827
 20
22326.96906222774
 10
48771.772657171365
 20
22326.96906222774
 10
48730.608727206745
 20
22369.121545220307
 10
48607.11693731289
 20
22326.96906222774
 10
48483.62514741902
 20
22411.274028212876
 10
48483.62514741902
 20
22537.731477190577
 10
48524.78907738365
 20
22579.883960183142
 10
48483.62514741902
 20
22664.188926168274
 10
48524.78907738365
 20
22959.256307116244
 10
48483.62514741902
 20
23001.40879010881
 10
48483.62514741902
 20
23296.476171056776
 10
48442.4612174544
 20
23338.628654049342
 10
48524.78907738365
 20
23507.23858601961
 10
48483.62514741902
 20
23549.39106901218
 10
48524.78907738365
 20
23844.458449960144
 10
48483.62514741902
 20
23886.610932952713
 10
48483.62514741902
 20
24476.745694848647
 10
48442.4612174544
 20
24518.89817784121
 10
48442.4612174544
 20
24813.965558789183
 10
48483.62514741902
 20
24856.118041781745
 10
48483.62514741902
 20
24982.57549075945
 10
48442.4612174544
 20
25024.72797375201
 10
48483.62514741902
 20
25657.015218640518
 10
48442.4612174544
 20
25741.32018462565
 10
48483.62514741902
 20
25783.472667618218
 10
48483.62514741902
 20
25952.082599588484
 10
48524.78907738365
 20
25994.23508258105
 10
49718.54304635761
 20
25994.23508258105
 10
49800.870906286844
 20
25909.93011659592
 10
50171.34627596842
 20
25909.93011659592
 10
50212.51020593304
 20
25867.77763360335
 10
50253.674135897665
 20
25909.93011659592
 10
50336.0019958269
 20
25867.77763360335
 10
50500.65771568538
 20
25909.93011659592
 10
50500.65771568538
 20
27891.09681724656
 10
50418.32985575614
 20
27975.40178323169
 10
50006.69055610994
 20
28186.16419819452
 10
50006.69055610994
 20
29956.568483882325
 10
50047.85448607457
 20
29998.720966874895
 10
50582.98557561461
 20
29998.720966874895
 10
50624.14950557924
 20
30040.87344986746
 10
50624.14950557924
 20
31516.210354607294
 10
50582.98557561461
 20
31558.362837599867
 10
50500.65771568538
 20
31516.210354607294
 10
50377.165925791516
 20
31642.667803585002
 10
50377.165925791516
 20
32064.19263351067
 10
50377.165925791516
 20
31642.667803585002
 10
50294.838065862285
 20
31558.362837599867
 10
50171.34627596842
 20
31558.362837599867
 10
50089.01841603919
 20
31642.667803585002
 10
50089.01841603919
 20
32106.345116503235
 10
50171.34627596842
 20
32190.650082488366
 10
50336.0019958269
 20
32190.650082488366
 10
50377.165925791516
 20
32148.4975994958
 10
50377.165925791516
 20
32485.717463436336
 10
50294.838065862285
 20
32317.107531466067
 10
50212.51020593304
 20
32317.107531466067
 10
50089.01841603919
 20
32443.564980443767
 10
50089.01841603919
 20
32991.547259347135
 10
50212.51020593304
 20
33075.852225332266
 10
50377.165925791516
 20
32991.547259347135
 10
50377.165925791516
 20
32612.174912414033
 10
50377.165925791516
 20
32991.547259347135
 10
50500.65771568538
 20
33075.852225332266
 10
50829.96915540234
 20
33075.852225332266
 10
50953.46094529619
 20
33033.699742339704
 10
51076.95273519005
 20
33118.004708324836
 10
51076.95273519005
 20
33286.614640295105
 10
50994.624875260815
 20
33413.072089272806
 10
50871.13308536696
 20
33328.76712328767
 10
50788.80522543772
 20
33328.76712328767
 10
50706.47736550847
 20
33413.072089272806
 10
50706.47736550847
 20
34045.3593341613
 10
50747.64129547309
 20
34087.51181715387
 10
50706.47736550847
 20
34213.96926613157
 10
50706.47736550847
 20
34635.49409605724
 10
50665.31343554386
 20
34213.96926613157
 10
50624.14950557924
 20
34171.816783139
 10
50459.49378572076
 20
34171.816783139
 10
50377.165925791516
 20
34256.12174912413
 10
50377.165925791516
 20
34382.579198101834
 10
50377.165925791516
 20
34256.12174912413
 10
50212.51020593304
 20
34129.66430014644
 10
50089.01841603919
 20
34256.12174912413
 10
50089.01841603919
 20
34804.10402802751
 10
50130.1823460038
 20
34846.256511020074
 10
50336.0019958269
 20
34846.256511020074
 10
50377.165925791516
 20
34804.10402802751
 10
50377.165925791516
 20
34635.49409605724
 10
50377.165925791516
 20
34761.951545034935
 10
50459.49378572076
 20
34846.256511020074
 10
50624.14950557924
 20
34846.256511020074
 10
50665.31343554386
 20
34804.10402802751
 10
50747.64129547309
 20
34846.256511020074
 10
50994.624875260815
 20
34804.10402802751
 10
51282.772385013144
 20
34888.40899401264
 10
51447.42810487162
 20
34888.40899401264
 10
51488.59203483624
 20
34846.256511020074
 10
52147.21491427016
 20
34846.256511020074
 10
52188.37884423478
 20
34804.10402802751
 10
52188.37884423478
 20
34593.34161306467
 10
52229.54277419939
 20
34551.1891300721
 10
52394.19849405787
 20
34551.1891300721
 10
52517.690283951735
 20
34382.579198101834
 10
52558.854213916355
 20
33876.74940219104
 10
52558.854213916355
 20
34213.96926613157
 10
52682.346003810206
 20
34256.12174912413
 10
52764.673863739445
 20
34171.816783139
 10
52764.673863739445
 20
33497.37705525794
 10
52723.50993377483
 20
33455.22457226537
 10
52517.690283951735
 20
33497.37705525794
 10
52476.52635398711
 20
33370.91960628024
 10
52476.52635398711
 20
32064.19263351067
 10
52394.19849405787
 20
31979.887667525534
 10
52229.54277419939
 20
31979.887667525534
 10
52147.21491427016
 20
31895.5827015404
 10
52147.21491427016
 20
31474.057871614732
 10
52106.05098430553
 20
31431.905388622163
 10
52147.21491427016
 20
31347.600422637028
 10
52147.21491427016
 20
30462.398279793128
 10
52188.37884423478
 20
30420.245796800562
 10
52600.01814388097
 20
30420.245796800562
 10
52641.182073845586
 20
30378.093313807993
 10
52847.00172366868
 20
30420.245796800562
 10
52847.00172366868
 20
31263.295456651897
 10
52970.49351356254
 20
31389.7529056296
 10
53423.296743173356
 20
31389.7529056296
 10
53546.788533067214
 20
31347.600422637028
 10
53629.11639299645
 20
31178.99049066676
 10
53587.952463031834
 20
30715.31317774853
 10
53670.28032296108
 20
30631.008211763394
 10
53711.44425292569
 20
30673.16069475596
 10
54123.08355257189
 20
30673.16069475596
 10
54205.411412501126
 20
30588.855728770828
 10
54205.411412501126
 20
29324.281238993826
 10
54123.08355257189
 20
29239.97627300869
 10
53711.44425292569
 20
29239.97627300869
 10
53670.28032296108
 20
29282.12875600126
 10
53629.11639299645
 20
29239.97627300869
 10
52641.182073845586
 20
29239.97627300869
 10
52600.01814388097
 20
29197.823790016126
 10
52600.01814388097
 20
28987.061375053294
 10
52641.182073845586
 20
28944.908892060725
 10
53999.59176267803
 20
28944.908892060725
 10
54081.91962260727
 20
28860.603926075593
 10
54081.91962260727
 20
26921.58970841752
 10
54123.08355257189
 20
26879.43722542495
 10
54081.91962260727
 20
26752.979776447253
 10
54123.08355257189
 20
26626.522327469553
 10
54081.91962260727
 20
26500.064878491852
 10
54081.91962260727
 20
26120.69253155875
 10
54123.08355257189
 20
26078.540048566185
 10
54123.08355257189
 20
24434.593211856078
 10
54081.91962260727
 20
24392.440728863516
 10
54081.91962260727
 20
23886.610932952713
 10
54123.08355257189
 20
23844.458449960144
 10
54123.08355257189
 20
23633.696034997316
 10
54287.739272430365
 20
23549.39106901218
 10
54617.05071214733
 20
23633.696034997316
 10
54740.54250204118
 20
23549.39106901218
 10
54740.54250204118
 20
22959.256307116244
 10
54781.7064320058
 20
23549.39106901218
 10
54822.870361970425
 20
23591.543552004743
 10
54905.198221899656
 20
23549.39106901218
 10
54905.198221899656
 20
22495.578994198007
 10
54822.870361970425
 20
22411.274028212876
 10
54740.54250204118
 20
22453.42651120544
 10
54740.54250204118
 20
22706.341409160843
 10
54740.54250204118
 20
22495.578994198007
 10
54699.37857207656
 20
22453.42651120544
 10
54699.37857207656
 20
22031.901681279774
 10
54740.54250204118
 20
21989.74919828721
 10
54781.7064320058
 20
22031.901681279774
 10
54905.198221899656
 20
21989.74919828721
 10
54905.198221899656
 20
21020.24208945817
 10
54822.870361970425
 20
20935.93712347304
 10
54781.7064320058
 20
20935.93712347304
 10
54740.54250204118
 20
21020.24208945817
 10
54617.05071214733
 20
20809.47967449534
 10
54370.0671323596
 20
20809.47967449534
 10
54287.739272430365
 20
20893.78464048047
 10
54287.739272430365
 20
21863.29174930951
 10
54246.57534246575
 20
21821.13926631694
 10
54246.57534246575
 20
21273.156987413568
 10
54287.739272430365
 20
21231.004504421006
 10
54287.739272430365
 20
20893.78464048047
 10
54246.57534246575
 20
20851.632157487904
 10
54246.57534246575
 20
19587.0576677109
 10
54287.739272430365
 20
19502.752701725767
 10
54246.57534246575
 20
19460.6002187332
 10
54246.57534246575
 20
19334.1427697555
 10
54287.739272430365
 20
19334.1427697555
 10
54287.739272430365
 20
19502.752701725767
 10
54411.23106232422
 20
19629.210150703468
 10
54575.8867821827
 20
19629.210150703468
 10
54699.37857207656
 20
19544.905184718333
 10
54699.37857207656
 20
18744.008007859567
 10
54740.54250204118
 20
19418.447735740632
 10
54822.870361970425
 20
19460.6002187332
 10
54905.198221899656
 20
19376.295252748067
 10
54864.03429193504
 20
18575.398075889298
 10
54822.870361970425
 20
18533.245592896732
 10
54699.37857207656
 20
18575.398075889298
 10
54658.21464211194
 20
18491.093109904166
 10
54699.37857207656
 20
18111.720762971065
 10
54740.54250204118
 20
18111.720762971065
 10
54781.7064320058
 20
18196.0257289562
 10
54864.03429193504
 20
18153.87324596363
 10
54905.198221899656
 20
17816.653382023098
 10
54864.03429193504
 20
17774.500899030532
 10
54864.03429193504
 20
17310.823586112296
 10
54822.870361970425
 20
17268.67110311973
 10
54699.37857207656
 20
17310.823586112296
 10
54699.37857207656
 20
17648.04345005283
 10
54699.37857207656
 20
17521.58600107513
 10
54658.21464211194
 20
17479.433518082566
 10
54658.21464211194
 20
16931.45123917919
 10
54699.37857207656
 20
16847.14627319406
 10
54740.54250204118
 20
16931.45123917919
 10
54864.03429193504
 20
16847.14627319406
 10
54864.03429193504
 20
16214.859028305558
 10
54822.870361970425
 20
16172.70654531299
 10
54822.870361970425
 20
16046.24909633529
 10
54740.54250204118
 20
16004.096613342725
 10
54658.21464211194
 20
16088.401579327858
 10
54699.37857207656
 20
16678.536341223793
 10
54658.21464211194
 20
16552.078892246092
 10
54658.21464211194
 20
16004.096613342725
 10
54575.8867821827
 20
15877.639164365024
 10
54287.739272430365
 20
15877.639164365024
 10
54205.411412501126
 20
15961.944130350157
 10
54205.411412501126
 20
16172.70654531299
 10
54205.411412501126
 20
15793.334198379891
 10
54164.247482536506
 20
15751.181715387323
 10
54164.247482536506
 20
14739.522123565723
 10
54205.411412501126
 20
14697.369640573155
 10
54205.411412501126
 20
12083.915695034015
 10
54081.91962260727
 20
11873.153280071181
 10
54081.91962260727
 20
8880.326987598939
 10
54040.755692642655
 20
8838.174504606373
 10
54081.91962260727
 20
8711.717055628673
 10
54081.91962260727
 20
7362.837599866538
 10
54040.755692642655
 20
7320.68511687397
 10
54081.91962260727
 20
7236.380150888837
 10
54081.91962260727
 20
5676.738280163864
 10
53999.59176267803
 20
5550.280831186164
 10
52270.70670416401
 20
5550.280831186164
 10
52229.54277419939
 20
5508.128348193597
 10
52229.54277419939
 20
3737.7240625057952
 10
52188.37884423478
 20
3695.5715795132282
 10
52229.54277419939
 20
3021.1318516321608
 10
52270.70670416401
 20
2978.979368639594
 10
52517.690283951735
 20
2978.979368639594
 10
52600.01814388097
 20
2894.6744026544607
 10
52600.01814388097
 20
1714.4048788625878
 10
52641.182073845586
 20
1630.0999128774545
 10
52805.837793704064
 20
1672.2523958700212
 10
52888.16565363331
 20
1587.9474298848877
 10
52888.16565363331
 20
997.8126679889536
 10
52805.837793704064
 20
913.5077020038202
 10
52682.346003810206
 20
955.6601849963869
 10
52641.182073845586
 20
1039.9651509815203
 10
52682.346003810206
 20
1166.4225999592206
 10
52641.182073845586
 20
1461.4899809071876
 10
52641.182073845586
 20
955.6601849963869
 10
52558.854213916355
 20
871.3552190112534
 10
52353.03456409326
 20
871.3552190112534
 10
52270.70670416401
 20
829.2027360186868
 10
52270.70670416401
 20
407.6779060930196
 10
52147.21491427016
 20
281.22045711531945
 10
51488.59203483624
 20
281.22045711531945
 10
51447.42810487162
 20
323.37294010788617
 10
51159.280595119286
 20
281.22045711531945
 10
51035.788805225435
 20
407.6779060930196
 10
51035.788805225435
 20
618.4403210558531
 10
50994.624875260815
 20
576.2878380632865
 10
50994.624875260815
 20
407.6779060930196
 10
50912.29701533157
 20
323.37294010788617
 10
50788.80522543772
 20
323.37294010788617
 10
50706.47736550847
 20
407.6779060930196
 10
50624.14950557924
 20
323.37294010788617
 10
50500.65771568538
 20
323.37294010788617
 10
50418.32985575614
 20
449.8303890855863
 10
50418.32985575614
 20
871.3552190112534
 10
50500.65771568538
 20
997.8126679889536
 10
50418.32985575614
 20
1082.117633974087
 10
50418.32985575614
 20
1672.2523958700212
 10
50541.821645649994
 20
1798.7098448477213
 10
50706.47736550847
 20
1672.2523958700212
 10
50665.31343554386
 20
1587.9474298848877
 10
50706.47736550847
 20
1503.6424638997544
 10
50706.47736550847
 20
1292.8800489369207
 10
50706.47736550847
 20
1672.2523958700212
 10
50829.96915540234
 20
1798.7098448477213
 10
50912.29701533157
 20
1798.7098448477213
 10
50994.624875260815
 20
1714.4048788625878
 10
50994.624875260815
 20
1335.0325319294875
 10
51035.788805225435
 20
1292.8800489369207
 10
51035.788805225435
 20
1714.4048788625878
 10
51118.11666515467
 20
1798.7098448477213
 10
51241.60845504853
 20
1798.7098448477213
 10
51282.772385013144
 20
1840.8623278402881
 10
51282.772385013144
 20
2009.472259810555
 10
51159.280595119286
 20
2093.7772257956885
 10
51118.11666515467
 20
2051.6247428031215
 10
51035.788805225435
 20
2093.7772257956885
 10
50953.46094529619
 20
2051.6247428031215
 10
50788.80522543772
 20
2051.6247428031215
 10
50747.64129547309
 20
2093.7772257956885
 10
50582.98557561461
 20
2051.6247428031215
 10
50377.165925791516
 20
2178.0821917808216
 10
50336.0019958269
 20
2093.7772257956885
 10
50171.34627596842
 20
2093.7772257956885
 10
50089.01841603919
 20
2220.2346747733886
 10
50089.01841603919
 20
2599.607021706489
 10
50130.1823460038
 20
2726.0644706841936
 10
50294.838065862285
 20
2810.369436669327
 10
50418.32985575614
 20
2683.911987691627
 10
50418.32985575614
 20
3021.1318516321608
 10
50336.0019958269
 20
2936.826885647027
 10
50212.51020593304
 20
2936.826885647027
 10
50089.01841603919
 20
3147.589300609861
 10
50047.85448607457
 20
2936.826885647027
 10
49924.36269618071
 20
2852.521919661894
 10
49800.870906286844
 20
3021.1318516321608
 10
49800.870906286844
 20
3316.199232580128
 10
49842.03483625147
 20
3358.3517155726945
 10
49800.870906286844
 20
3442.656681557828
 10
49924.36269618071
 20
3569.114130535528
 10
50006.69055610994
 20
3569.114130535528
 10
50089.01841603919
 20
3484.8091645503946
 10
50212.51020593304
 20
3569.114130535528
 10
50294.838065862285
 20
3569.114130535528
 10
50418.32985575614
 20
3484.8091645503946
 10
50377.165925791516
 20
3358.3517155726945
 10
50418.32985575614
 20
3274.046749587561
 10
50418.32985575614
 20
3484.8091645503946
 10
50500.65771568538
 20
3526.9616475429616
 10
50624.14950557924
 20
3695.5715795132282
 10
50582.98557561461
 20
3737.7240625057952
 10
50582.98557561461
 20
5002.298552282797
 10
50541.821645649994
 20
5044.451035275363
 10
50089.01841603919
 20
5044.451035275363
 10
50006.69055610994
 20
5086.60351826793
 10
49965.52662614532
 20
5170.908484253064
 10
49883.19876621609
 20
5086.60351826793
 10
49553.887326499134
 20
5044.451035275363
 10
49512.723396534515
 20
5002.298552282797
 10
49512.723396534515
 20
4749.3836543273965
 10
49471.559466569895
 20
4707.23117133483
 10
49512.723396534515
 20
4622.926205349696
 10
49512.723396534515
 20
4117.0964094388955
 10
49389.23160664065
 20
4032.791443453762
 10
49142.24802685294
 20
4117.0964094388955
 10
48936.42837702984
 20
4032.791443453762
 10
48401.29728748979
 20
4032.791443453762
 10
48360.13335752517
 20
4074.943926446329
 10
48236.64156763131
 20
4032.791443453762
 10
47619.18261816202
 20
4032.791443453762
 10
47578.0186881974
 20
4074.943926446329
 10
47125.21545858658
 20
4074.943926446329
 10
47084.05152862197
 20
4032.791443453762
 10
46919.39580876349
 20
4032.791443453762
 10
46878.23187879887
 20
4074.943926446329
 10
46013.789349541854
 20
4074.943926446329
 10
45931.46148961262
 20
4159.248892431462
 10
45931.46148961262
 20
4243.553858416596
 10
46013.789349541854
 20
4370.011307394296
 10
45931.46148961262
 20
4496.468756371996
 10
45890.297559648
 20
4496.468756371996
 10
45849.13362968338
 20
4412.163790386862
 10
45890.297559648
 20
4159.248892431462
 10
45807.96969971876
 20
4074.943926446329
 10
41485.75705343372
 20
4074.943926446329
 10
41444.59312346911
 20
4117.0964094388955
 10
41321.10133357524
 20
4117.0964094388955
 10
41279.937403610624
 20
4074.943926446329
 10
38274.97051619341
 20
4074.943926446329
 10
38192.64265626417
 20
4201.401375424029
 10
38192.64265626417
 20
4159.248892431462
 10
38069.15086637031
 20
4074.943926446329
 10
37863.33121654721
 20
4074.943926446329
 10
37781.00335661798
 20
3948.4864774686284
 10
37781.00335661798
 20
2683.911987691627
 10
37863.33121654721
 20
2557.4545387139224
 10
38027.986936405694
 20
2599.607021706489
 10
38027.986936405694
 20
3189.741783602428
 10
38069.15086637031
 20
3231.8942665949944
 10
38027.986936405694
 20
3274.046749587561
 10
38027.986936405694
 20
3779.876545498362
 10
38110.31479633493
 20
3864.1815114834953
 10
38563.11802594575
 20
3864.1815114834953
 10
38604.28195591036
 20
3822.0290284909283
 10
38645.445885874986
 20
3864.1815114834953
 10
39880.36378481357
 20
3864.1815114834953
 10
39962.6916447428
 20
3779.876545498362
 10
39962.6916447428
 20
3316.199232580128
 10
39880.36378481357
 20
3231.8942665949944
 10
39962.6916447428
 20
3147.589300609861
 10
39962.6916447428
 20
2810.369436669327
 10
40045.01950467204
 20
2726.0644706841936
 10
40168.5112945659
 20
2768.2169536767606
 10
40168.5112945659
 20
3063.2843346247278
 10
40292.003084459764
 20
3189.741783602428
 10
40292.003084459764
 20
3358.3517155726945
 10
40374.330944388996
 20
3442.656681557828
 10
40497.822734282854
 20
3442.656681557828
 10
40703.64238410596
 20
3316.199232580128
 10
40785.97024403519
 20
3400.5041985652615
 10
40950.62596389367
 20
3442.656681557828
 10
41074.117753787534
 20
3358.3517155726945
 10
41074.117753787534
 20
3189.741783602428
 10
41115.281683752146
 20
3147.589300609861
 10
41156.445613716765
 20
3189.741783602428
 10
41156.445613716765
 20
3653.4190965206617
 10
41238.77347364601
 20
3737.7240625057952
 10
41362.26526353986
 20
3653.4190965206617
 10
41444.59312346911
 20
3737.7240625057952
 10
41732.74063322144
 20
3737.7240625057952
 10
41815.068493150684
 20
3611.2666135280947
 10
41856.232423115296
 20
3611.2666135280947
 10
41938.560283044535
 20
3737.7240625057952
 10
42062.05207293839
 20
3779.876545498362
 10
42226.70779279687
 20
3653.4190965206617
 10
42226.70779279687
 20
3484.8091645503946
 10
42309.03565272611
 20
3400.5041985652615
 10
42226.70779279687
 20
3653.4190965206617
 10
42350.19958269074
 20
3779.876545498362
 10
42432.52744261997
 20
3737.7240625057952
 10
42638.347092443066
 20
3779.876545498362
 10
42720.674952372305
 20
3653.4190965206617
 10
42761.83888233693
 20
3653.4190965206617
 10
42803.00281230154
 20
3737.7240625057952
 10
42926.49460219541
 20
3695.5715795132282
 10
42926.49460219541
 20
3316.199232580128
 10
42967.65853216003
 20
3274.046749587561
 10
42926.49460219541
 20
2304.5396407585217
 10
42885.33067223078
 20
2262.387157765955
 10
42926.49460219541
 20
2220.2346747733886
 10
43008.82246212464
 20
2304.5396407585217
 10
43008.82246212464
 20
3653.4190965206617
 10
43132.31425201851
 20
3779.876545498362
 10
43214.64211194774
 20
3737.7240625057952
 10
44037.92071124013
 20
3737.7240625057952
 10
44120.248571169366
 20
3653.4190965206617
 10
44120.248571169366
 20
1630.0999128774545
 10
44037.92071124013
 20
1545.794946892321
 10
43543.953551664694
 20
1545.794946892321
 10
43502.78962170008
 20
1503.6424638997544
 10
43461.625691735455
 20
1545.794946892321
 10
43091.15032205388
 20
1545.794946892321
 10
42967.65853216003
 20
1672.2523958700212
 10
42473.69137258459
 20
1672.2523958700212
 10
42391.363512655356
 20
1714.4048788625878
 10
42432.52744261997
 20
1630.0999128774545
 10
42803.00281230154
 20
1630.0999128774545
 10
42844.16674226616
 20
1587.9474298848877
 10
42803.00281230154
 20
1545.794946892321
 10
42391.363512655356
 20
1545.794946892321
 10
42350.19958269074
 20
1503.6424638997544
 10
42309.03565272611
 20
1545.794946892321
 10
37575.18370679487
 20
1545.794946892321
 10
37451.69191690102
 20
1756.5573618551546
 10
37369.36405697178
 20
1630.0999128774545
 10
36875.39689739635
 20
1630.0999128774545
 10
36834.23296743173
 20
1672.2523958700212
 10
36669.57724757325
 20
1672.2523958700212
 10
36587.24938764401
 20
1545.794946892321
 10
36587.24938764401
 20
112.61052514505255
 10
36504.921527714774
 20
28.305559159919113
 10
35846.29864828086
 20
28.305559159919113
 10
35681.642928422385
 20
112.61052514505255
 10
35681.642928422385
 20
3274.046749587561
 10
35722.806858387004
 20
3316.199232580128
 10
35887.46257824548
 20
3274.046749587561
 10
35928.6265082101
 20
3358.3517155726945
 10
36340.265807856296
 20
3358.3517155726945
 10
36463.757597750155
 20
3231.8942665949944
 10
36463.757597750155
 20
3274.046749587561
 10
36546.08545767939
 20
3316.199232580128
 10
36587.24938764401
 20
3274.046749587561
 10
36587.24938764401
 20
2388.8446067436553
 10
36628.41331760863
 20
2262.387157765955
 10
36875.39689739635
 20
2262.387157765955
 10
36916.56082736097
 20
2304.5396407585217
 10
36875.39689739635
 20
2346.6921237510887
 10
36875.39689739635
 20
3653.4190965206617
 10
36834.23296743173
 20
3695.5715795132282
 10
35681.642928422385
 20
3695.5715795132282
 10
35640.478998457766
 20
3737.7240625057952
 10
35516.98720856391
 20
3737.7240625057952
 10
35475.82327859929
 20
3695.5715795132282
 10
35352.33148870543
 20
3695.5715795132282
 10
35311.16755874081
 20
3737.7240625057952
 10
34899.528259094615
 20
3737.7240625057952
 10
34817.20039916538
 20
3695.5715795132282
 10
34734.87253923614
 20
3737.7240625057952
 10
34693.70860927152
 20
3653.4190965206617
 10
34776.03646920076
 20
3442.656681557828
 10
35352.33148870543
 20
3442.656681557828
 10
35434.65934863467
 20
3358.3517155726945
 10
35434.65934863467
 20
154.76300813761927
 10
35228.83969881157
 20
28.305559159919113
 10
33788.10215004989
 20
28.305559159919113
 10
33623.44643019141
 20
154.76300813761927
 10
33623.44643019141
 20
576.2878380632865
 10
33582.28250022679
 20
618.4403210558531
 10
33376.462850403695
 20
618.4403210558531
 10
33294.13499047446
 20
744.8977700335533
 10
33294.13499047446
 20
2726.0644706841936
 10
33376.462850403695
 20
2810.369436669327
 10
33582.28250022679
 20
2810.369436669327
 10
33623.44643019141
 20
2852.521919661894
 10
33623.44643019141
 20
3400.5041985652615
 10
33788.10215004989
 20
3484.8091645503946
 10
33870.43000997913
 20
3442.656681557828
 10
33993.92179987299
 20
3484.8091645503946
 10
34035.08572983761
 20
3569.114130535528
 10
33993.92179987299
 20
3906.333994476062
 10
33993.92179987299
 20
3822.0290284909283
 10
33911.59393994375
 20
3737.7240625057952
 10
33335.298920439076
 20
3737.7240625057952
 10
33170.6432005806
 20
3822.0290284909283
 10
33088.31534065136
 20
3948.4864774686284
 10
33005.98748072212
 20
3822.0290284909283
 10
32841.33176086364
 20
3906.333994476062
 10
32717.839970969784
 20
3822.0290284909283
 10
32635.51211104055
 20
3822.0290284909283
 10
32512.020321146687
 20
3990.6389604611954
 10
32512.020321146687
 20
4538.621239364563
 10
32594.348181075926
 20
4665.0786883422625
 10
32512.020321146687
 20
4917.993586297664
 10
32512.020321146687
 20
4749.3836543273965
 10
32429.692461217448
 20
4707.23117133483
 10
32512.020321146687
 20
4580.773722357129
 10
32512.020321146687
 20
3906.333994476062
 10
32388.528531252832
 20
3822.0290284909283
 10
32306.20067132359
 20
3822.0290284909283
 10
32223.87281139435
 20
3948.4864774686284
 10
32223.87281139435
 20
4032.791443453762
 10
32182.708881429735
 20
4032.791443453762
 10
32182.708881429735
 20
3864.1815114834953
 10
32018.053161571253
 20
3737.7240625057952
 10
29918.692733375665
 20
3737.7240625057952
 10
29877.528803411045
 20
3779.876545498362
 10
29671.709153587944
 20
3779.876545498362
 10
29630.54522362333
 20
3737.7240625057952
 10
28889.59448426018
 20
3737.7240625057952
 10
28848.43055429556
 20
3779.876545498362
 10
28107.47981493241
 20
3822.0290284909283
 10
28025.15195500317
 20
3737.7240625057952
 10
25761.135806949103
 20
3737.7240625057952
 10
25719.97187698448
 20
3695.5715795132282
 10
25719.97187698448
 20
3358.3517155726945
 10
26090.447246666055
 20
3400.5041985652615
 10
26131.61117663068
 20
3358.3517155726945
 10
26831.39798602921
 20
3358.3517155726945
 10
26872.561915993825
 20
3316.199232580128
 10
26913.72584595845
 20
3358.3517155726945
 10
26872.561915993825
 20
3400.5041985652615
 10
26954.889775923064
 20
3484.8091645503946
 10
27448.856935498497
 20
3484.8091645503946
 10
27531.184795427736
 20
3358.3517155726945
 10
27531.184795427736
 20
2894.6744026544607
 10
27490.02086546312
 20
2852.521919661894
 10
27531.184795427736
 20
2220.2346747733886
 10
27531.184795427736
 20
2641.7595046990555
 10
27613.512655356975
 20
2726.0644706841936
 10
27531.184795427736
 20
2852.521919661894
 10
27531.184795427736
 20
3400.5041985652615
 10
27613.512655356975
 20
3484.8091645503946
 10
27737.004445250834
 20
3484.8091645503946
 10
27778.168375215453
 20
3442.656681557828
 10
27778.168375215453
 20
2810.369436669327
 10
27695.840515286214
 20
2768.2169536767606
 10
27695.840515286214
 20
2726.0644706841936
 10
27778.168375215453
 20
2641.7595046990555
 10
27778.168375215453
 20
2093.7772257956885
 10
27695.840515286214
 20
2009.472259810555
 10
27613.512655356975
 20
2009.472259810555
 10
27531.184795427736
 20
2135.929708788255
 10
27448.856935498497
 20
1967.3197768179882
 10
27448.856935498497
 20
1798.7098448477213
 10
27695.840515286214
 20
1798.7098448477213
 10
27737.004445250834
 20
1756.5573618551546
 10
27778.168375215453
 20
1798.7098448477213
 10
28436.791254649368
 20
1798.7098448477213
 10
28477.955184613984
 20
1756.5573618551546
 10
28724.9387644017
 20
1756.5573618551546
 10
28766.10269436632
 20
1798.7098448477213
 10
28930.758414224798
 20
1672.2523958700212
 10
29054.250204118656
 20
1798.7098448477213
 10
29136.578064047895
 20
1798.7098448477213
 10
29218.905923977134
 20
1672.2523958700212
 10
29218.905923977134
 20
1250.727565944354
 10
29136.578064047895
 20
1124.2701169666539
 10
28930.758414224798
 20
1124.2701169666539
 10
28930.758414224798
 20
997.8126679889536
 10
29177.74199401252
 20
913.5077020038202
 10
29218.905923977134
 20
829.2027360186868
 10
29218.905923977134
 20
618.4403210558531
 10
29260.069853941754
 20
955.6601849963869
 10
29342.397713870992
 20
1039.9651509815203
 10
29424.72557380023
 20
1039.9651509815203
 10
29507.05343372947
 20
913.5077020038202
 10
29548.21736369409
 20
997.8126679889536
 10
29507.05343372947
 20
1250.727565944354
 10
29383.56164383561
 20
1039.9651509815203
 10
29301.233783906373
 20
1082.117633974087
 10
29218.905923977134
 20
1208.5750829517872
 10
29218.905923977134
 20
1714.4048788625878
 10
29301.233783906373
 20
1798.7098448477213
 10
29383.56164383561
 20
1798.7098448477213
 10
29507.05343372947
 20
1630.0999128774545
 10
29507.05343372947
 20
1419.3374979146208
 10
29507.05343372947
 20
1714.4048788625878
 10
29589.38129365871
 20
1798.7098448477213
 10
29671.709153587944
 20
1798.7098448477213
 10
29795.200943481806
 20
1587.9474298848877
 10
29754.03701351719
 20
1545.794946892321
 10
29795.200943481806
 20
1377.185014922054
 10
29712.873083552568
 20
1082.117633974087
 10
29795.200943481806
 20
913.5077020038202
 10
29795.200943481806
 20
787.05025302612
 10
29754.03701351719
 20
744.8977700335533
 10
29795.200943481806
 20
702.7452870409866
 10
29795.200943481806
 20
534.1353550707197
 10
29754.03701351719
 20
491.98287207815304
 10
29754.03701351719
 20
365.5254231004529
 10
29671.709153587944
 20
281.22045711531945
 10
29589.38129365871
 20
281.22045711531945
 10
29507.05343372947
 20
365.5254231004529
 10
29383.56164383561
 20
281.22045711531945
 10
29301.233783906373
 20
281.22045711531945
 10
29218.905923977134
 20
365.5254231004529
 10
29218.905923977134
 20
491.98287207815304
 10
29218.905923977134
 20
365.5254231004529
 10
29136.578064047895
 20
281.22045711531945
 10
29054.250204118656
 20
281.22045711531945
 10
28971.922344189417
 20
365.5254231004529
 10
28848.43055429556
 20
281.22045711531945
 10
25966.9554567722
 20
281.22045711531945
 10
25925.791526807578
 20
323.37294010788617
 10
25925.791526807578
 20
2304.5396407585217
 10
25966.9554567722
 20
2430.9970897362223
 10
25761.135806949103
 20
2430.9970897362223
 10
25719.97187698448
 20
2388.8446067436553
 10
25719.97187698448
 20
2178.0821917808216
 10
25596.480087090626
 20
1967.3197768179882
 10
23373.627869001175
 20
1967.3197768179882
 10
23332.463939036556
 20
2009.472259810555
 10
23291.300009071936
 20
1967.3197768179882
 10
22838.496779461122
 20
1967.3197768179882
 10
22797.332849496503
 20
2009.472259810555
 10
22468.021409779547
 20
2009.472259810555
 10
22426.857479814928
 20
1967.3197768179882
 10
22385.69354985031
 20
2009.472259810555
 10
22344.52961988569
 20
1967.3197768179882
 10
22221.037829991834
 20
2009.472259810555
 10
22138.70997006259
 20
1967.3197768179882
 10
21974.054250204113
 20
2093.7772257956885
 10
21932.890320239498
 20
2220.2346747733886
 10
21562.414950557923
 20
2220.2346747733886
 10
21480.08709062868
 20
2135.929708788255
 10
21438.923160664064
 20
2178.0821917808216
 10
21397.75923069944
 20
2599.607021706489
 10
21562.414950557923
 20
2726.0644706841936
 10
21356.595300734825
 20
2852.521919661894
 10
21274.267440805586
 20
2726.0644706841936
 10
21315.431370770202
 20
2641.7595046990555
 10
21315.431370770202
 20
2051.6247428031215
 10
21356.595300734825
 20
2009.472259810555
 10
21356.595300734825
 20
1840.8623278402881
 10
21397.75923069944
 20
2093.7772257956885
 10
21438.923160664064
 20
2135.929708788255
 10
21521.2510205933
 20
2051.6247428031215
 10
21521.2510205933
 20
1545.794946892321
 10
21480.08709062868
 20
1503.6424638997544
 10
21521.2510205933
 20
1419.3374979146208
 10
21521.2510205933
 20
407.6779060930196
 10
21480.08709062868
 20
365.5254231004529
 10
21480.08709062868
 20
154.76300813761927
 10
21397.75923069944
 20
70.45804215248583
 10
19133.74308264537
 20
112.61052514505255
 10
19092.579152680755
 20
154.76300813761927
 10
19092.579152680755
 20
3569.114130535528
 10
19133.74308264537
 20
3611.2666135280947
 10
21397.75923069944
 20
3611.2666135280947
 10
21521.2510205933
 20
3484.8091645503946
 10
21480.08709062868
 20
3400.5041985652615
 10
21521.2510205933
 20
3189.741783602428
 10
21603.57888052254
 20
3231.8942665949944
 10
21891.726390274875
 20
3231.8942665949944
 10
22056.382110133352
 20
3358.3517155726945
 10
22303.365689921073
 20
3358.3517155726945
 10
22344.52961988569
 20
3400.5041985652615
 10
22344.52961988569
 20
3906.333994476062
 10
22797.332849496503
 20
4159.248892431462
 10
23003.1524993196
 20
4201.401375424029
 10
23003.1524993196
 20
4285.706341409163
 10
22879.660709425745
 20
4454.316273379429
 10
22303.365689921073
 20
4201.401375424029
 10
21932.890320239498
 20
4201.401375424029
 10
21850.56246031026
 20
4285.706341409163
 10
21850.56246031026
 20
4496.468756371996
 10
21891.726390274875
 20
4538.621239364563
 10
21850.56246031026
 20
4580.773722357129
 10
21644.74281048716
 20
4580.773722357129
 10
21562.414950557923
 20
4538.621239364563
 10
21562.414950557923
 20
4412.163790386862
 10
21603.57888052254
 20
4370.011307394296
 10
21562.414950557923
 20
4327.858824401729
 10
21603.57888052254
 20
4285.706341409163
 10
21562.414950557923
 20
4243.553858416596
 10
21562.414950557923
 20
3948.4864774686284
 10
21480.08709062868
 20
3864.1815114834953
 10
18722.10378299918
 20
3864.1815114834953
 10
18557.448063140702
 20
3948.4864774686284
 10
18516.284133176083
 20
4370.011307394296
 10
18475.120203211463
 20
4243.553858416596
 10
18392.792343282224
 20
4412.163790386862
 10
18433.956273246844
 20
4707.23117133483
 10
18475.120203211463
 20
4749.3836543273965
 10
18516.284133176083
 20
4707.23117133483
 10
18557.448063140702
 20
4833.68862031253
 10
18557.448063140702
 20
5508.128348193597
 10
18598.61199310532
 20
5550.280831186164
 10
20862.62814115939
 20
5550.280831186164
 10
20903.79207112401
 20
5508.128348193597
 10
21027.283861017866
 20
5550.280831186164
 10
21521.2510205933
 20
5550.280831186164
 10
21685.906740451777
 20
5465.9758652010305
 10
21809.39853034564
 20
5508.128348193597
 10
22509.185339744166
 20
5508.128348193597
 10
22468.021409779547
 20
5592.433314178731
 10
22509.185339744166
 20
5634.585797171298
 10
22509.185339744166
 20
5887.500695126698
 10
22550.349269708786
 20
5929.653178119264
 10
24402.726118116658
 20
5887.500695126698
 10
24485.053978045904
 20
5971.805661111831
 10
24320.398258187422
 20
6351.178008044936
 10
24320.398258187422
 20
6477.635457022637
 10
24279.234328222803
 20
6519.787940015203
 10
24361.562188152042
 20
6604.092906000336
 10
24279.234328222803
 20
6730.550354978037
 10
24114.57860836432
 20
6730.550354978037
 10
23867.59502857661
 20
6604.092906000336
 10
23702.93930871813
 20
6604.092906000336
 10
23044.31642928422
 20
7194.227667896271
 10
22673.841059602648
 20
7404.990082859104
 10
22591.51319967341
 20
7404.990082859104
 10
22468.021409779547
 20
7573.6000148293715
 10
22468.021409779547
 20
8121.582293732738
 10
21603.57888052254
 20
8121.582293732738
 10
21521.2510205933
 20
8079.429810740172
 10
21521.2510205933
 20
7995.124844755038
 10
21727.0706704164
 20
7826.514912784772
 10
21891.726390274875
 20
7615.752497821938
 10
21891.726390274875
 20
6604.092906000336
 10
21809.39853034564
 20
6519.787940015203
 10
21603.57888052254
 20
6519.787940015203
 10
21562.414950557923
 20
6477.635457022637
 10
21562.414950557923
 20
5803.195729141565
 10
21480.08709062868
 20
5718.890763156431
 10
21068.44779098249
 20
5718.890763156431
 10
21027.283861017866
 20
5761.043246148997
 10
20903.79207112401
 20
5761.043246148997
 10
20862.62814115939
 20
5718.890763156431
 10
20409.824911548578
 20
5718.890763156431
 10
20368.660981583955
 20
5761.043246148997
 10
18886.759502857658
 20
5761.043246148997
 10
18845.595572893042
 20
5718.890763156431
 10
18722.10378299918
 20
5718.890763156431
 10
18680.93985303456
 20
5761.043246148997
 10
18475.120203211463
 20
5761.043246148997
 10
18392.792343282224
 20
5718.890763156431
 10
18351.628413317605
 20
5634.585797171298
 10
18351.628413317605
 20
4749.3836543273965
 10
18433.956273246844
 20
4622.926205349696
 10
18392.792343282224
 20
4538.621239364563
 10
18392.792343282224
 20
4285.706341409163
 10
18351.628413317605
 20
4201.401375424029
 10
18269.300553388366
 20
4159.248892431462
 10
18351.628413317605
 20
4074.943926446329
 10
18351.628413317605
 20
3737.7240625057952
 10
18392.792343282224
 20
3695.5715795132282
 10
18557.448063140702
 20
3695.5715795132282
 10
18639.775923069945
 20
3569.114130535528
 10
18722.10378299918
 20
3695.5715795132282
 10
18804.43164292842
 20
3611.2666135280947
 10
18804.43164292842
 20
3316.199232580128
 10
18845.595572893042
 20
3274.046749587561
 10
18845.595572893042
 20
2557.4545387139224
 10
18804.43164292842
 20
2515.3020557213554
 10
18804.43164292842
 20
2135.929708788255
 10
18763.2677129638
 20
2093.7772257956885
 10
18680.93985303456
 20
2135.929708788255
 10
18680.93985303456
 20
2262.387157765955
 10
18639.775923069945
 20
2304.5396407585217
 10
18639.775923069945
 20
2683.911987691627
 10
18516.284133176083
 20
2599.607021706489
 10
18598.61199310532
 20
2388.8446067436553
 10
18598.61199310532
 20
2051.6247428031215
 10
18639.775923069945
 20
2009.472259810555
 10
18598.61199310532
 20
1630.0999128774545
 10
18639.775923069945
 20
1545.794946892321
 10
18639.775923069945
 20
1967.3197768179882
 10
18680.93985303456
 20
2009.472259810555
 10
18763.2677129638
 20
1967.3197768179882
 10
18763.2677129638
 20
1840.8623278402881
 10
18804.43164292842
 20
1798.7098448477213
 10
18804.43164292842
 20
365.5254231004529
 10
18722.10378299918
 20
281.22045711531945
 10
18639.775923069945
 20
365.5254231004529
 10
18639.775923069945
 20
1419.3374979146208
 10
18639.775923069945
 20
1292.8800489369207
 10
18598.61199310532
 20
1250.727565944354
 10
18639.775923069945
 20
576.2878380632865
 10
18598.61199310532
 20
534.1353550707197
 10
18598.61199310532
 20
407.6779060930196
 10
18516.284133176083
 20
323.37294010788617
 10
14317.563276784902
 20
323.37294010788617
 10
14235.235416855663
 20
407.6779060930196
 10
14235.235416855663
 20
576.2878380632865
 10
14194.071486891044
 20
618.4403210558531
 10
14235.235416855663
 20
660.5928040484199
 10
14194.071486891044
 20
744.8977700335533
 10
14194.071486891044
 20
1124.2701169666539
 10
14152.907556926424
 20
1166.4225999592206
 10
14070.579696997183
 20
1124.2701169666539
 10
13988.251837067946
 20
1166.4225999592206
 10
13905.923977138707
 20
1124.2701169666539
 10
13494.284677492513
 20
1124.2701169666539
 10
13370.792887598654
 20
1166.4225999592206
 10
13288.465027669416
 20
1082.117633974087
 10
13288.465027669416
 20
407.6779060930196
 10
13206.137167740177
 20
323.37294010788617
 10
11189.104599473825
 20
323.37294010788617
 10
11065.612809579967
 20
449.8303890855863
 10
11065.612809579967
 20
1124.2701169666539
 10
10983.284949650728
 20
1166.4225999592206
 10
9130.908101242852
 20
1166.4225999592206
 10
8019.481992198129
 20
2093.7772257956885
 10
5837.7937040732995
 20
4074.943926446329
 10
5837.7937040732995
 20
5170.908484253064
 10
5631.974054250203
 20
5297.365933230763
 10
5549.646194320963
 20
9639.07168146514
 10
5508.482264356344
 20
9681.224164457708
 10
5508.482264356344
 20
10903.646171242146
 10
5467.3183343917235
 20
10945.798654234713
 10
5467.3183343917235
 20
12800.507905907649
 10
5426.154404427105
 20
12842.660388900216
 10
5426.154404427105
 20
12969.117837877915
 10
5590.810124285583
 20
13095.575286855616
 10
5590.810124285583
 20
13938.624946706956
 10
5384.9904744624855
 20
14107.234878677222
 10
5384.9904744624855
 20
15540.41930042449
 10
5343.826544497867
 20
15582.571783417057
 10
5302.6626145332475
 20
18196.0257289562
 10
5261.498684568627
 20
18238.178211948765
 10
5261.498684568627
 20
20050.734980629135
 10
5220.334754604008
 20
20092.887463621704
 10
5220.334754604008
 20
21104.5470554433
 10
5343.826544497867
 20
21231.004504421006
 10
5343.826544497867
 20
22074.05416427234
 10
5179.170824639389
 20
22242.664096242606
 10
5179.170824639389
 20
22453.42651120544
 10
5138.006894674769
 20
22495.578994198007
 10
5096.842964710149
 20
25699.167701633083
 10
5055.67903474553
 20
25741.32018462565
 10
5055.67903474553
 20
27174.50460637292
 10
5014.515104780911
 20
27216.65708936549
 10
5014.515104780911
 20
28649.841511112758
 10
5138.006894674769
 20
28776.29896009046
 10
5138.006894674769
 20
29619.348619941793
 10
4973.351174816292
 20
29787.95855191206
 10
4973.351174816292
 20
30462.398279793128
 10
4932.1872448516715
 20
30504.550762785693
 10
4932.1872448516715
 20
32064.19263351067
 10
5055.67903474553
 20
32190.650082488366
  0
LWPOLYLINE
  5
1E0
330
17
100
AcDbEntity
  8
RASTER_CONTOURS
100
AcDbPolyline
 90
28
 70
1
 10
45149.34682028485
 20
35225.628857953176
 10
45231.6746802141
 20
35141.323891968044
 10
45231.6746802141
 20
34930.561477005205
 10
45272.83861017871
 20
34888.40899401264
 10
45272.83861017871
 20
31642.667803585002
 10
45190.51075024947
 20
31516.210354607294
 10
44861.19931053251
 20
31474.057871614732
 10
44778.87145060328
 20
31558.362837599867
 10
44737.70752063866
 20
32106.345116503235
 10
44696.54359067404
 20
31979.887667525534
 10
44531.88787081556
 20
31937.73518453297
 10
44449.56001088633
 20
32022.0401505181
 10
44449.56001088633
 20
32232.802565480935
 10
44408.3960809217
 20
32274.9550484735
 10
44408.3960809217
 20
33370.91960628024
 10
44449.56001088633
 20
33413.072089272806
 10
44449.56001088633
 20
34087.51181715387
 10
44408.3960809217
 20
34129.66430014644
 10
44449.56001088633
 20
34340.42671510927
 10
44408.3960809217
 20
34466.88416408697
 10
44531.88787081556
 20
34635.49409605724
 10
44655.37966070943
 20
34635.49409605724
 10
44778.87145060328
 20
34551.1891300721
 10
44902.363240497136
 20
34719.79906204237
 10
44861.19931053251
 20
34761.951545034935
 10
44902.363240497136
 20
34846.256511020074
 10
44902.363240497136
 20
35141.323891968044
 10
44984.691100426375
 20
35225.628857953176
  0
LWPOLYLINE
  5
1E1
330
17
100
AcDbEntity
  8
RASTER_CONTOURS
100
AcDbPolyline
 90
29
 70
1
 10
41815.068493150684
 20
35141.323891968044
 10
42062.05207293839
 20
35225.628857953176
 10
44079.084641204754
 20
35225.628857953176
 10
44161.412501133986
 20
35141.323891968044
 10
44161.412501133986
 20
35057.018925982906
 10
44037.92071124013
 20
34972.713959997775
 10
44037.92071124013
 20
34930.561477005205
 10
44161.412501133986
 20
34846.256511020074
 10
44202.576431098605
 20
34719.79906204237
 10
44202.576431098605
 20
34424.7316810944
 10
44161.412501133986
 20
34382.579198101834
 10
44202.576431098605
 20
34340.42671510927
 10
44161.412501133986
 20
34256.12174912413
 10
44202.576431098605
 20
34129.66430014644
 10
44079.084641204754
 20
33961.05436817617
 10
43214.64211194774
 20
33918.9018851836
 10
43173.47818198312
 20
33876.74940219104
 10
43049.98639208926
 20
33918.9018851836
 10
42967.65853216003
 20
33876.74940219104
 10
42926.49460219541
 20
33918.9018851836
 10
42144.37993286763
 20
33918.9018851836
 10
42103.21600290301
 20
33961.05436817617
 10
41856.232423115296
 20
33961.05436817617
 10
41773.90456318606
 20
34045.3593341613
 10
41773.90456318606
 20
34804.10402802751
 10
41856.232423115296
 20
34930.561477005205
 10
41979.72421300916
 20
34930.561477005205
 10
41979.72421300916
 20
34972.713959997775
 10
41856.232423115296
 20
35014.86644299034
  0
LWPOLYLINE
  5
1E2
330
17
100
AcDbEntity
  8
RASTER_CONTOURS
100
AcDbPolyline
 90
30
 70
1
 10
33705.77429012065
 20
35225.628857953176
 10
33788.10215004989
 20
35267.78134094574
 10
35393.49541867005
 20
35267.78134094574
 10
35599.315068493146
 20
35183.476374960606
 10
35558.15113852853
 20
35014.86644299034
 10
35640.478998457766
 20
34930.561477005205
 10
35640.478998457766
 20
33792.4444362059
 10
35599.315068493146
 20
33750.29195321334
 10
35640.478998457766
 20
32696.47987839917
 10
35516.98720856391
 20
32527.869946428902
 10
35434.65934863467
 20
32570.022429421468
 10
35393.49541867005
 20
32696.47987839917
 10
35270.00362877619
 20
32612.174912414033
 10
34776.03646920076
 20
32612.174912414033
 10
34734.87253923614
 20
32654.327395406603
 10
33993.92179987299
 20
32612.174912414033
 10
33870.43000997913
 20
32780.7848443843
 10
33870.43000997913
 20
32612.174912414033
 10
33788.10215004989
 20
32527.869946428902
 10
33664.61036015603
 20
32570.022429421468
 10
33417.626780368315
 20
32527.869946428902
 10
33335.298920439076
 20
32612.174912414033
 10
33335.298920439076
 20
34593.34161306467
 10
33417.626780368315
 20
34677.646579049804
 10
33582.28250022679
 20
34677.646579049804
 10
33623.44643019141
 20
34635.49409605724
 10
33664.61036015603
 20
34677.646579049804
 10
33664.61036015603
 20
34972.713959997775
 10
33746.93822008527
 20
35014.86644299034
 10
33664.61036015603
 20
35141.323891968044
  0
LWPOLYLINE
  5
1E3
330
17
100
AcDbEntity
  8
RASTER_CONTOURS
100
AcDbPolyline
 90
31
 70
1
 10
26008.119386736817
 20
35183.476374960606
 10
26131.61117663068
 20
35267.78134094574
 10
26913.72584595845
 20
35267.78134094574
 10
26954.889775923064
 20
35225.628857953176
 10
28025.15195500317
 20
35225.628857953176
 10
28066.31588496779
 20
35267.78134094574
 10
29918.692733375665
 20
35267.78134094574
 10
29959.85666334028
 20
35225.628857953176
 10
30124.512383198762
 20
35225.628857953176
 10
30165.67631316338
 20
35267.78134094574
 10
30289.16810305724
 20
35225.628857953176
 10
31194.774562278864
 20
35267.78134094574
 10
31235.938492243487
 20
35225.628857953176
 10
32018.053161571253
 20
35225.628857953176
 10
32059.217091535873
 20
35267.78134094574
 10
32306.20067132359
 20
35267.78134094574
 10
32347.364601288213
 20
35225.628857953176
 10
32841.33176086364
 20
35225.628857953176
 10
32882.49569082826
 20
35183.476374960606
 10
32717.839970969784
 20
35099.17140897547
 10
32553.18425111131
 20
35099.17140897547
 10
32512.020321146687
 20
35141.323891968044
 10
32265.036741358974
 20
35141.323891968044
 10
32223.87281139435
 20
35099.17140897547
 10
31976.889231606638
 20
35099.17140897547
 10
31935.725301642015
 20
35141.323891968044
 10
31400.594212101965
 20
35141.323891968044
 10
31359.430282137342
 20
35099.17140897547
 10
30947.79098249115
 20
35099.17140897547
 10
30906.627052526528
 20
35141.323891968044
 10
26090.447246666055
 20
35099.17140897547
  0
LWPOLYLINE
  5
1E4
330
17
100
AcDbEntity
  8
RASTER_CONTOURS
100
AcDbPolyline
 90
22
 70
1
 10
24649.709697904378
 20
35267.78134094574
 10
24896.693277692095
 20
35267.78134094574
 10
24937.857207656714
 20
35225.628857953176
 10
24979.021137621334
 20
35267.78134094574
 10
25637.64401705524
 20
35267.78134094574
 10
25761.135806949103
 20
35141.323891968044
 10
25719.97187698448
 20
35057.018925982906
 10
25719.97187698448
 20
34804.10402802751
 10
25761.135806949103
 20
34761.951545034935
 10
25761.135806949103
 20
33413.072089272806
 10
25719.97187698448
 20
33370.91960628024
 10
25719.97187698448
 20
33244.462157302536
 10
25637.64401705524
 20
33160.157191317405
 10
24690.873627868994
 20
33160.157191317405
 10
24526.21790801052
 20
33413.072089272806
 10
24567.38183797514
 20
33539.5295382505
 10
24567.38183797514
 20
34466.88416408697
 10
24526.21790801052
 20
34509.036647079534
 10
24526.21790801052
 20
34635.49409605724
 10
24608.54576793976
 20
34846.256511020074
 10
24608.54576793976
 20
35099.17140897547
 10
24567.38183797514
 20
35183.476374960606
  0
LWPOLYLINE
  5
1E5
330
17
100
AcDbEntity
  8
RASTER_CONTOURS
100
AcDbPolyline
 90
19
 70
1
 10
22550.349269708786
 20
35267.78134094574
 10
24155.742538328945
 20
35267.78134094574
 10
24279.234328222803
 20
35183.476374960606
 10
24279.234328222803
 20
35057.018925982906
 10
24238.070398258184
 20
35014.86644299034
 10
24320.398258187422
 20
34888.40899401264
 10
24320.398258187422
 20
33750.29195321334
 10
24279.234328222803
 20
33708.13947022077
 10
24320.398258187422
 20
32738.632361391734
 10
24279.234328222803
 20
32696.47987839917
 10
24279.234328222803
 20
32443.564980443767
 10
24196.906468293568
 20
32359.260014458636
 10
22426.857479814928
 20
32359.260014458636
 10
22303.365689921073
 20
32443.564980443767
 10
22303.365689921073
 20
34593.34161306467
 10
22385.69354985031
 20
34677.646579049804
 10
22385.69354985031
 20
34804.10402802751
 10
22426.857479814928
 20
34846.256511020074
 10
22426.857479814928
 20
35141.323891968044
  0
LWPOLYLINE
  5
1E6
330
17
100
AcDbEntity
  8
RASTER_CONTOURS
100
AcDbPolyline
 90
10
 70
1
 10
19874.69382200852
 20
35183.476374960606
 10
19957.021681937764
 20
35267.78134094574
 10
21603.57888052254
 20
35267.78134094574
 10
21685.906740451777
 20
35183.476374960606
 10
21685.906740451777
 20
34804.10402802751
 10
21644.74281048716
 20
34761.951545034935
 10
19957.021681937764
 20
34761.951545034935
 10
19874.69382200852
 20
34846.256511020074
 10
19874.69382200852
 20
35014.86644299034
 10
19915.857751973144
 20
35057.018925982906
  0
LWPOLYLINE
  5
1E7
330
17
100
AcDbEntity
  8
RASTER_CONTOURS
100
AcDbPolyline
 90
28
 70
1
 10
35887.46257824548
 20
35183.476374960606
 10
36093.28222806858
 20
35267.78134094574
 10
36134.4461580332
 20
35225.628857953176
 10
36834.23296743173
 20
35225.628857953176
 10
36998.8886872902
 20
35309.93382393831
 10
37781.00335661798
 20
35309.93382393831
 10
37863.33121654721
 20
35225.628857953176
 10
39921.52771477819
 20
35225.628857953176
 10
39962.6916447428
 20
35183.476374960606
 10
40209.67522453052
 20
35183.476374960606
 10
40250.839154495145
 20
35225.628857953176
 10
40374.330944388996
 20
35183.476374960606
 10
41279.937403610624
 20
35225.628857953176
 10
41321.10133357524
 20
35183.476374960606
 10
41444.59312346911
 20
35183.476374960606
 10
41526.92098339834
 20
35099.17140897547
 10
41526.92098339834
 20
34888.40899401264
 10
41568.08491336296
 20
34846.256511020074
 10
41568.08491336296
 20
34171.816783139
 10
41526.92098339834
 20
34129.66430014644
 10
41526.92098339834
 20
34003.20685116874
 10
41444.59312346911
 20
33918.9018851836
 10
37410.5279869364
 20
33918.9018851836
 10
37369.36405697178
 20
33961.05436817617
 10
35928.6265082101
 20
33961.05436817617
 10
35887.46257824548
 20
34003.20685116874
 10
35887.46257824548
 20
34972.713959997775
 10
35928.6265082101
 20
35014.86644299034
  0
LWPOLYLINE
  5
1E8
330
17
100
AcDbEntity
  8
RASTER_CONTOURS
100
AcDbPolyline
 90
22
 70
1
 10
17569.513743989835
 20
35309.93382393831
 10
17857.66125374217
 20
35309.93382393831
 10
17898.82518370679
 20
35267.78134094574
 10
18845.595572893042
 20
35267.78134094574
 10
18886.759502857658
 20
35309.93382393831
 10
19174.907012609994
 20
35309.93382393831
 10
19216.070942574617
 20
35267.78134094574
 10
19545.38238229157
 20
35267.78134094574
 10
19586.54631225619
 20
35225.628857953176
 10
19586.54631225619
 20
34930.561477005205
 10
19627.710242220808
 20
34888.40899401264
 10
19627.710242220808
 20
34256.12174912413
 10
19586.54631225619
 20
34213.96926613157
 10
19627.710242220808
 20
32317.107531466067
 10
19586.54631225619
 20
32274.9550484735
 10
19586.54631225619
 20
32148.4975994958
 10
19504.218452326946
 20
32064.19263351067
 10
17651.841603919074
 20
32064.19263351067
 10
17404.85802413136
 20
32148.4975994958
 10
17404.85802413136
 20
34930.561477005205
 10
17446.021954095977
 20
34972.713959997775
 10
17446.021954095977
 20
35225.628857953176
  0
LWPOLYLINE
  5
1E9
330
17
100
AcDbEntity
  8
RASTER_CONTOURS
100
AcDbPolyline
 90
6
 70
1
 10
41815.068493150684
 20
35309.93382393831
 10
41856.232423115296
 20
35352.086306930876
 10
42103.21600290301
 20
35352.086306930876
 10
42144.37993286763
 20
35309.93382393831
 10
42103.21600290301
 20
35267.78134094574
 10
41856.232423115296
 20
35267.78134094574
  0
LWPOLYLINE
  5
1EA
330
17
100
AcDbEntity
  8
RASTER_CONTOURS
100
AcDbPolyline
 90
12
 70
1
 10
22385.69354985031
 20
35309.93382393831
 10
22344.52961988569
 20
35225.628857953176
 10
22344.52961988569
 20
34804.10402802751
 10
22221.037829991834
 20
34635.49409605724
 10
22221.037829991834
 20
32443.564980443767
 10
22262.20175995645
 20
32317.107531466067
 10
24073.414678399706
 20
32317.107531466067
 10
24114.57860836432
 20
32274.9550484735
 10
24320.398258187422
 20
32317.107531466067
 10
24361.562188152042
 20
32359.260014458636
 10
24361.562188152042
 20
35267.78134094574
 10
24320.398258187422
 20
35309.93382393831
  0
LWPOLYLINE
  5
1EB
330
17
100
AcDbEntity
  8
RASTER_CONTOURS
100
AcDbPolyline
 90
97
 70
1
 10
44202.576431098605
 20
31221.142973659335
 10
44243.740361063225
 20
31305.447939644466
 10
44243.740361063225
 20
32274.9550484735
 10
44284.90429102785
 20
32317.107531466067
 10
44367.23215095708
 20
32274.9550484735
 10
44367.23215095708
 20
31937.73518453297
 10
44490.723940850934
 20
31853.43021854783
 10
44655.37966070943
 20
31853.43021854783
 10
44696.54359067404
 20
31811.277735555268
 10
44696.54359067404
 20
31516.210354607294
 10
44778.87145060328
 20
31431.905388622163
 10
45272.83861017871
 20
31431.905388622163
 10
45314.00254014333
 20
31474.057871614732
 10
45314.00254014333
 20
31600.51532059243
 10
45355.16647010795
 20
31642.667803585002
 10
45314.00254014333
 20
31726.972769570133
 10
45314.00254014333
 20
32022.0401505181
 10
45355.16647010795
 20
32064.19263351067
 10
45355.16647010795
 20
35225.628857953176
 10
45231.6746802141
 20
35352.086306930876
 10
45272.83861017871
 20
35394.238789923445
 10
49718.54304635761
 20
35394.238789923445
 10
49842.03483625147
 20
35267.78134094574
 10
49965.52662614532
 20
35394.238789923445
 10
50541.821645649994
 20
35394.238789923445
 10
50582.98557561461
 20
35352.086306930876
 10
52723.50993377483
 20
35352.086306930876
 10
52764.673863739445
 20
35309.93382393831
 10
52764.673863739445
 20
34719.79906204237
 10
52805.837793704064
 20
34635.49409605724
 10
52970.49351356254
 20
34551.1891300721
 10
52970.49351356254
 20
34424.7316810944
 10
52888.16565363331
 20
34340.42671510927
 10
52641.182073845586
 20
34340.42671510927
 10
52558.854213916355
 20
34424.7316810944
 10
52558.854213916355
 20
34551.1891300721
 10
52517.690283951735
 20
34593.34161306467
 10
52353.03456409326
 20
34593.34161306467
 10
52229.54277419939
 20
34719.79906204237
 10
52270.70670416401
 20
34761.951545034935
 10
52188.37884423478
 20
34930.561477005205
 10
49800.870906286844
 20
34930.561477005205
 10
49718.54304635761
 20
35057.018925982906
 10
49553.887326499134
 20
34930.561477005205
 10
49183.41195681755
 20
34930.561477005205
 10
49142.24802685294
 20
34972.713959997775
 10
49101.08409688832
 20
34930.561477005205
 10
47454.52689830354
 20
34930.561477005205
 10
47413.36296833892
 20
34972.713959997775
 10
47331.03510840968
 20
34930.561477005205
 10
47125.21545858658
 20
34930.561477005205
 10
47084.05152862197
 20
34972.713959997775
 10
47042.88759865735
 20
34930.561477005205
 10
46548.92043908191
 20
34930.561477005205
 10
46507.756509117295
 20
34888.40899401264
 10
46178.44506940033
 20
34846.256511020074
 10
46013.789349541854
 20
34761.951545034935
 10
45849.13362968338
 20
34761.951545034935
 10
45478.65826000181
 20
34635.49409605724
 10
45478.65826000181
 20
34509.036647079534
 10
45437.49433003718
 20
34466.88416408697
 10
45478.65826000181
 20
34382.579198101834
 10
45437.49433003718
 20
32148.4975994958
 10
45519.82218996643
 20
31979.887667525534
 10
45684.477909824906
 20
31937.73518453297
 10
46054.95327950648
 20
31726.972769570133
 10
46178.44506940033
 20
31726.972769570133
 10
46466.592579152675
 20
31558.362837599867
 10
46754.740088905004
 20
31516.210354607294
 10
46795.90401886963
 20
31474.057871614732
 10
47125.21545858658
 20
31474.057871614732
 10
47166.379388551206
 20
31516.210354607294
 10
47289.871178445064
 20
31516.210354607294
 10
47331.03510840968
 20
31474.057871614732
 10
47454.52689830354
 20
31516.210354607294
 10
47578.0186881974
 20
31474.057871614732
 10
50294.838065862285
 20
31474.057871614732
 10
50336.0019958269
 20
31431.905388622163
 10
50459.49378572076
 20
31474.057871614732
 10
50500.65771568538
 20
31431.905388622163
 10
50500.65771568538
 20
30588.855728770828
 10
50582.98557561461
 20
30420.245796800562
 10
50582.98557561461
 20
30209.483381837726
 10
50500.65771568538
 20
30083.025932860026
 10
49718.54304635761
 20
30083.025932860026
 10
49636.215186428366
 20
30167.33089884516
 10
49636.215186428366
 20
31094.685524681627
 10
49595.05125646375
 20
31136.8380076742
 10
48854.100517100596
 20
31136.8380076742
 10
48812.93658713598
 20
31178.99049066676
 10
48771.772657171365
 20
31136.8380076742
 10
46096.1172094711
 20
31136.8380076742
 10
46054.95327950648
 20
31178.99049066676
 10
45931.46148961262
 20
31178.99049066676
 10
45890.297559648
 20
31136.8380076742
 10
44326.06822099246
 20
31178.99049066676
 10
44284.90429102785
 20
31136.8380076742
  0
LWPOLYLINE
  5
1EC
330
17
100
AcDbEntity
  8
RASTER_CONTOURS
100
AcDbPolyline
 90
29
 70
1
 10
44861.19931053251
 20
35394.238789923445
 10
44902.363240497136
 20
35309.93382393831
 10
44820.0353805679
 20
35225.628857953176
 10
44820.0353805679
 20
34761.951545034935
 10
44655.37966070943
 20
34677.646579049804
 10
44408.3960809217
 20
34677.646579049804
 10
44367.23215095708
 20
34635.49409605724
 10
44367.23215095708
 20
32527.869946428902
 10
44326.06822099246
 20
32485.717463436336
 10
44284.90429102785
 20
32527.869946428902
 10
44284.90429102785
 20
32822.937327376865
 10
44243.740361063225
 20
32865.089810369434
 10
44284.90429102785
 20
32949.394776354566
 10
44284.90429102785
 20
33497.37705525794
 10
44243.740361063225
 20
33539.5295382505
 10
44243.740361063225
 20
33708.13947022077
 10
44202.576431098605
 20
33750.29195321334
 10
43502.78962170008
 20
33750.29195321334
 10
43461.625691735455
 20
33792.4444362059
 10
43502.78962170008
 20
33834.59691919847
 10
44202.576431098605
 20
33834.59691919847
 10
44243.740361063225
 20
33876.74940219104
 10
44243.740361063225
 20
34045.3593341613
 10
44284.90429102785
 20
34087.51181715387
 10
44284.90429102785
 20
34635.49409605724
 10
44243.740361063225
 20
34677.646579049804
 10
44243.740361063225
 20
35225.628857953176
 10
44161.412501133986
 20
35352.086306930876
 10
44202.576431098605
 20
35394.238789923445
  0
LWPOLYLINE
  5
1ED
330
17
100
AcDbEntity
  8
RASTER_CONTOURS
100
AcDbPolyline
 90
6
 70
1
 10
43379.297831806216
 20
35352.086306930876
 10
43420.461761770835
 20
35394.238789923445
 10
43955.59285131089
 20
35394.238789923445
 10
43996.75678127551
 20
35352.086306930876
 10
43955.59285131089
 20
35309.93382393831
 10
43420.461761770835
 20
35309.93382393831
  0
LWPOLYLINE
  5
1EE
330
17
100
AcDbEntity
  8
RASTER_CONTOURS
100
AcDbPolyline
 90
6
 70
1
 10
42803.00281230154
 20
35352.086306930876
 10
42844.16674226616
 20
35394.238789923445
 10
43296.96997187698
 20
35394.238789923445
 10
43338.133901841604
 20
35352.086306930876
 10
43296.96997187698
 20
35309.93382393831
 10
42844.16674226616
 20
35309.93382393831
  0
LWPOLYLINE
  5
1EF
330
17
100
AcDbEntity
  8
RASTER_CONTOURS
100
AcDbPolyline
 90
10
 70
1
 10
38686.609815839605
 20
35352.086306930876
 10
38727.773745804225
 20
35394.238789923445
 10
39304.0687653089
 20
35394.238789923445
 10
39345.23269527352
 20
35352.086306930876
 10
39468.72448516737
 20
35394.238789923445
 10
39551.05234509661
 20
35309.93382393831
 10
39509.888415131994
 20
35267.78134094574
 10
39304.0687653089
 20
35267.78134094574
 10
39262.90483534427
 20
35309.93382393831
 10
38851.26553569808
 20
35267.78134094574
  0
LWPOLYLINE
  5
1F0
330
17
100
AcDbEntity
  8
RASTER_CONTOURS
100
AcDbPolyline
 90
6
 70
1
 10
38027.986936405694
 20
35352.086306930876
 10
38069.15086637031
 20
35394.238789923445
 10
38357.29837612265
 20
35394.238789923445
 10
38398.46230608727
 20
35352.086306930876
 10
38357.29837612265
 20
35309.93382393831
 10
38069.15086637031
 20
35309.93382393831
  0
LWPOLYLINE
  5
1F1
330
17
100
AcDbEntity
  8
RASTER_CONTOURS
100
AcDbPolyline
 90
13
 70
1
 10
17404.85802413136
 20
35352.086306930876
 10
17363.694094166738
 20
35309.93382393831
 10
17363.694094166738
 20
32064.19263351067
 10
17446.021954095977
 20
32022.0401505181
 10
19463.05452236233
 20
32022.0401505181
 10
19504.218452326946
 20
31979.887667525534
 10
19627.710242220808
 20
32022.0401505181
 10
19668.874172185428
 20
32148.4975994958
 10
19668.874172185428
 20
35267.78134094574
 10
19586.54631225619
 20
35352.086306930876
 10
19545.38238229157
 20
35309.93382393831
 10
19051.415222716136
 20
35309.93382393831
 10
19010.251292751516
 20
35352.086306930876
  0
LWPOLYLINE
  5
1F2
330
17
100
AcDbEntity
  8
RASTER_CONTOURS
100
AcDbPolyline
 90
66
 70
1
 10
27201.873355710784
 20
35394.238789923445
 10
27243.0372856754
 20
35436.39127291601
 10
35516.98720856391
 20
35436.39127291601
 10
35558.15113852853
 20
35394.238789923445
 10
35640.478998457766
 20
35436.39127291601
 10
35846.29864828086
 20
35436.39127291601
 10
35887.46257824548
 20
35394.238789923445
 10
36669.57724757325
 20
35394.238789923445
 10
36710.74117753787
 20
35352.086306930876
 10
36669.57724757325
 20
35309.93382393831
 10
35846.29864828086
 20
35309.93382393831
 10
35763.970788351624
 20
35057.018925982906
 10
35722.806858387004
 20
35099.17140897547
 10
35722.806858387004
 20
35225.628857953176
 10
35640.478998457766
 20
35309.93382393831
 10
33870.43000997913
 20
35309.93382393831
 10
33788.10215004989
 20
35352.086306930876
 10
33623.44643019141
 20
35267.78134094574
 10
33623.44643019141
 20
34846.256511020074
 10
33458.790710332934
 20
34719.79906204237
 10
33294.13499047446
 20
34719.79906204237
 10
33294.13499047446
 20
34340.42671510927
 10
33252.97106050984
 20
34298.2742321167
 10
33252.97106050984
 20
34171.816783139
 10
33294.13499047446
 20
34129.66430014644
 10
33252.97106050984
 20
34045.3593341613
 10
33252.97106050984
 20
33918.9018851836
 10
33294.13499047446
 20
33876.74940219104
 10
33252.97106050984
 20
32822.937327376865
 10
33294.13499047446
 20
32696.47987839917
 10
33252.97106050984
 20
32654.327395406603
 10
33335.298920439076
 20
32443.564980443767
 10
33458.790710332934
 20
32485.717463436336
 10
33870.43000997913
 20
32443.564980443767
 10
33911.59393994375
 20
32485.717463436336
 10
33952.75786990837
 20
32443.564980443767
 10
34076.249659802226
 20
32443.564980443767
 10
34158.577519731465
 20
32359.260014458636
 10
34158.577519731465
 20
32274.9550484735
 10
34076.249659802226
 20
32190.650082488366
 10
33664.61036015603
 20
32190.650082488366
 10
33623.44643019141
 20
32148.4975994958
 10
33623.44643019141
 20
31726.972769570133
 10
33499.954640297554
 20
31558.362837599867
 10
33129.47927061598
 20
31558.362837599867
 10
33047.15141068674
 20
31642.667803585002
 10
33129.47927061598
 20
31726.972769570133
 10
33129.47927061598
 20
34677.646579049804
 10
33005.98748072212
 20
34846.256511020074
 10
33005.98748072212
 20
35309.93382393831
 10
32882.49569082826
 20
35309.93382393831
 10
32841.33176086364
 20
35352.086306930876
 10
32717.839970969784
 20
35352.086306930876
 10
32676.676041005165
 20
35309.93382393831
 10
32059.217091535873
 20
35309.93382393831
 10
32018.053161571253
 20
35352.086306930876
 10
31853.397441712776
 20
35352.086306930876
 10
31812.23351174816
 20
35309.93382393831
 10
31771.069581783537
 20
35352.086306930876
 10
29959.85666334028
 20
35352.086306930876
 10
29918.692733375665
 20
35309.93382393831
 10
29013.086274154037
 20
35352.086306930876
 10
28971.922344189417
 20
35309.93382393831
 10
28107.47981493241
 20
35309.93382393831
 10
28066.31588496779
 20
35352.086306930876
 10
27243.0372856754
 20
35352.086306930876
  0
LWPOLYLINE
  5
1F3
330
17
100
AcDbEntity
  8
RASTER_CONTOURS
100
AcDbPolyline
 90
152
 70
1
 10
4232.400435453142
 20
30209.483381837726
 10
4232.400435453142
 20
31094.685524681627
 10
4191.236505488522
 20
31136.8380076742
 10
4232.400435453142
 20
31263.295456651897
 10
4191.236505488522
 20
31305.447939644466
 10
4191.236505488522
 20
32190.650082488366
 10
4150.072575523902
 20
32232.802565480935
 10
4191.236505488522
 20
32527.869946428902
 10
4150.072575523902
 20
32570.022429421468
 10
4150.072575523902
 20
33033.699742339704
 10
5837.7937040732995
 20
35014.86644299034
 10
6002.449423931777
 20
35141.323891968044
 10
6290.5969336841135
 20
35478.54375590858
 10
6537.580513471829
 20
35478.54375590858
 10
6578.744443436449
 20
35520.696238901146
 10
6661.072303365689
 20
35478.54375590858
 10
6949.219813118025
 20
35478.54375590858
 10
6990.383743082643
 20
35520.696238901146
 10
7072.711603011882
 20
35478.54375590858
 10
13617.776467386371
 20
35478.54375590858
 10
13658.94039735099
 20
35520.696238901146
 10
13988.251837067946
 20
35520.696238901146
 10
14029.415767032564
 20
35478.54375590858
 10
18145.808763494508
 20
35478.54375590858
 10
18186.972693459127
 20
35436.39127291601
 10
18269.300553388366
 20
35478.54375590858
 10
18310.464483352986
 20
35436.39127291601
 10
22385.69354985031
 20
35436.39127291601
 10
22426.857479814928
 20
35394.238789923445
 10
22632.677129638025
 20
35394.238789923445
 10
22673.841059602648
 20
35436.39127291601
 10
22756.168919531883
 20
35394.238789923445
 10
22838.496779461122
 20
35436.39127291601
 10
25431.824367232144
 20
35436.39127291601
 10
25472.988297196767
 20
35394.238789923445
 10
25514.152227161387
 20
35436.39127291601
 10
25678.807947019865
 20
35436.39127291601
 10
25719.97187698448
 20
35394.238789923445
 10
25761.135806949103
 20
35436.39127291601
 10
26996.053705887687
 20
35436.39127291601
 10
27037.217635852303
 20
35394.238789923445
 10
26913.72584595845
 20
35309.93382393831
 10
25966.9554567722
 20
35309.93382393831
 10
25925.791526807578
 20
35267.78134094574
 10
25802.299736913723
 20
35309.93382393831
 10
24567.38183797514
 20
35309.93382393831
 10
24485.053978045904
 20
35225.628857953176
 10
24485.053978045904
 20
34846.256511020074
 10
24526.21790801052
 20
34804.10402802751
 10
24485.053978045904
 20
34761.951545034935
 10
24485.053978045904
 20
33202.30967430997
 10
24526.21790801052
 20
33118.004708324836
 10
25843.463666878342
 20
33118.004708324836
 10
25884.62759684296
 20
33075.852225332266
 10
25843.463666878342
 20
32949.394776354566
 10
24526.21790801052
 20
32949.394776354566
 10
24526.21790801052
 20
32822.937327376865
 10
24485.053978045904
 20
32780.7848443843
 10
24485.053978045904
 20
30757.465660741094
 10
24526.21790801052
 20
30715.31317774853
 10
24485.053978045904
 20
30673.16069475596
 10
24485.053978045904
 20
30420.245796800562
 10
24526.21790801052
 20
30378.093313807993
 10
24526.21790801052
 20
30251.635864830292
 10
24443.89004808128
 20
30209.483381837726
 10
24361.562188152042
 20
30335.940830815427
 10
24361.562188152042
 20
31178.99049066676
 10
24279.234328222803
 20
31221.142973659335
 10
22838.496779461122
 20
31221.142973659335
 10
22797.332849496503
 20
31263.295456651897
 10
22673.841059602648
 20
31263.295456651897
 10
22632.677129638025
 20
31221.142973659335
 10
21974.054250204113
 20
31221.142973659335
 10
21891.726390274875
 20
31010.380558696495
 10
21809.39853034564
 20
31094.685524681627
 10
21809.39853034564
 20
31979.887667525534
 10
21932.890320239498
 20
32064.19263351067
 10
22097.546040097975
 20
32064.19263351067
 10
22138.70997006259
 20
32148.4975994958
 10
22097.546040097975
 20
32190.650082488366
 10
22097.546040097975
 20
32317.107531466067
 10
22138.70997006259
 20
32359.260014458636
 10
22138.70997006259
 20
34551.1891300721
 10
21768.234600381016
 20
34677.646579049804
 10
21768.234600381016
 20
35267.78134094574
 10
21727.0706704164
 20
35309.93382393831
 10
19833.529892043905
 20
35309.93382393831
 10
19792.365962079282
 20
35267.78134094574
 10
19792.365962079282
 20
34761.951545034935
 10
19833.529892043905
 20
34719.79906204237
 10
19833.529892043905
 20
34593.34161306467
 10
19792.365962079282
 20
34551.1891300721
 10
19792.365962079282
 20
32064.19263351067
 10
19874.69382200852
 20
31979.887667525534
 10
19915.857751973144
 20
32022.0401505181
 10
20039.349541867003
 20
32022.0401505181
 10
20080.51347183162
 20
31979.887667525534
 10
20327.49705161934
 20
31979.887667525534
 10
20409.824911548578
 20
32022.0401505181
 10
20615.644561371675
 20
31937.73518453297
 10
20409.824911548578
 20
31853.43021854783
 10
19792.365962079282
 20
31853.43021854783
 10
19751.202032114667
 20
31895.5827015404
 10
19627.710242220808
 20
31853.43021854783
 10
19586.54631225619
 20
31895.5827015404
 10
17281.3662342375
 20
31895.5827015404
 10
17199.03837430826
 20
31979.887667525534
 10
17199.03837430826
 20
32190.650082488366
 10
17240.20230427288
 20
32232.802565480935
 10
17240.20230427288
 20
35309.93382393831
 10
17199.03837430826
 20
35352.086306930876
 10
14482.21899664338
 20
35352.086306930876
 10
14441.055066678759
 20
35394.238789923445
 10
14194.071486891044
 20
35352.086306930876
 10
14194.071486891044
 20
35183.476374960606
 10
14152.907556926424
 20
35141.323891968044
 10
14194.071486891044
 20
35057.018925982906
 10
14152.907556926424
 20
34382.579198101834
 10
13988.251837067946
 20
34298.2742321167
 10
13535.448607457132
 20
34298.2742321167
 10
13370.792887598654
 20
34424.7316810944
 10
13370.792887598654
 20
35309.93382393831
 10
13329.628957634035
 20
35394.238789923445
 10
7360.8591127642185
 20
35394.238789923445
 10
7319.695182799599
 20
35352.086306930876
 10
7278.53125283498
 20
35394.238789923445
 10
7237.367322870359
 20
35352.086306930876
 10
7155.039462941121
 20
35394.238789923445
 10
7072.711603011882
 20
35225.628857953176
 10
7072.711603011882
 20
35057.018925982906
 10
7113.875532976501
 20
35014.86644299034
 10
7113.875532976501
 20
34888.40899401264
 10
7072.711603011882
 20
34846.256511020074
 10
7072.711603011882
 20
34424.7316810944
 10
7113.875532976501
 20
34340.42671510927
 10
6990.383743082643
 20
34171.816783139
 10
5426.154404427105
 20
34171.816783139
 10
5384.9904744624855
 20
34213.96926613157
 10
5302.6626145332475
 20
34171.816783139
 10
4973.351174816292
 20
33750.29195321334
 10
4973.351174816292
 20
33581.68202124307
 10
5014.515104780911
 20
33539.5295382505
 10
5014.515104780911
 20
33328.76712328767
 10
4973.351174816292
 20
33286.614640295105
 10
4973.351174816292
 20
32274.9550484735
 10
4849.8593849224335
 20
32190.650082488366
 10
4355.892225347
 20
32190.650082488366
 10
4314.7282953823815
 20
32148.4975994958
 10
4314.7282953823815
 20
30715.31317774853
 10
4355.892225347
 20
30673.16069475596
 10
4355.892225347
 20
30209.483381837726
 10
4314.7282953823815
 20
30167.33089884516
  0
LWPOLYLINE
  5
1F4
330
17
100
AcDbEntity
  8
RASTER_CONTOURS
100
AcDbPolyline
 90
303
 70
1
 10
4067.744715594664
 20
33160.157191317405
 10
4026.580785630045
 20
33033.699742339704
 10
4026.580785630045
 20
32485.717463436336
 10
4067.744715594664
 20
32443.564980443767
 10
4026.580785630045
 20
32232.802565480935
 10
4067.744715594664
 20
32190.650082488366
 10
4108.908645559283
 20
29535.043653956658
 10
4150.072575523902
 20
29492.891170964092
 10
4150.072575523902
 20
27680.33440228372
 10
4191.236505488522
 20
27638.181919291157
 10
4191.236505488522
 20
26500.064878491852
 10
4232.400435453142
 20
26457.912395499283
 10
4273.564365417761
 20
23296.476171056776
 10
4314.7282953823815
 20
23254.32368806421
 10
4314.7282953823815
 20
21989.74919828721
 10
4355.892225347
 20
21947.59671529464
 10
4355.892225347
 20
20809.47967449534
 10
4397.0561553116195
 20
20767.32719150277
 10
4397.0561553116195
 20
19039.075388807534
 10
4438.220085276239
 20
18996.922905814965
 10
4438.220085276239
 20
17732.348416037963
 10
4479.3840152408575
 20
17690.195933045397
 10
4479.3840152408575
 20
16467.773926260958
 10
4520.547945205478
 20
16425.621443268392
 10
4561.711875170097
 20
13601.405082766421
 10
4602.875805134716
 20
13559.252599773854
 10
4561.711875170097
 20
13390.642667803582
 10
4602.875805134716
 20
13348.490184811017
 10
4602.875805134716
 20
12336.830592989416
 10
4644.039735099336
 20
12294.678109996848
 10
4602.875805134716
 20
12252.525627004281
 10
4602.875805134716
 20
12126.068178026582
 10
4644.039735099336
 20
12083.915695034015
 10
4644.039735099336
 20
10650.731273286747
 10
4685.203665063956
 20
10608.57879029418
 10
4685.203665063956
 20
9596.919198472573
 10
4726.367595028575
 20
9554.766715480007
 10
4726.367595028575
 20
7910.819878769905
 10
4767.531524993194
 20
7868.667395777338
 10
4767.531524993194
 20
6519.787940015203
 10
4808.695454957813
 20
6477.635457022637
 10
4849.8593849224335
 20
4327.858824401729
 10
4891.023314887053
 20
4201.401375424029
 10
5384.9904744624855
 20
3779.876545498362
 10
5467.3183343917235
 20
3653.4190965206617
 10
6002.449423931777
 20
3231.8942665949944
 10
6414.088723577971
 20
2810.369436669327
 10
7031.547673047263
 20
2304.5396407585217
 10
8554.613081738182
 20
913.5077020038202
 10
8842.760591490518
 20
702.7452870409866
 10
9830.694910641383
 20
-224.6093387954812
 10
9913.022770570624
 20
-266.76182178804794
 10
12506.350358341648
 20
-266.76182178804794
 10
12547.514288306267
 20
-224.6093387954812
 10
12671.006078200124
 20
-224.6093387954812
 10
12712.170008164743
 20
-266.76182178804794
 10
13329.628957634035
 20
-266.76182178804794
 10
13370.792887598654
 20
-224.6093387954812
 10
14111.743626961805
 20
-224.6093387954812
 10
14152.907556926424
 20
-266.76182178804794
 10
14194.071486891044
 20
-224.6093387954812
 10
14276.399346820283
 20
-266.76182178804794
 10
14441.055066678759
 20
-266.76182178804794
 10
14482.21899664338
 20
-224.6093387954812
 10
14729.202576431095
 20
-224.6093387954812
 10
14770.366506395716
 20
-266.76182178804794
 10
15058.51401614805
 20
-266.76182178804794
 10
15099.67794611267
 20
-224.6093387954812
 10
15305.497595935767
 20
-224.6093387954812
 10
15346.661525900387
 20
-266.76182178804794
 10
15634.809035652723
 20
-266.76182178804794
 10
15675.972965617342
 20
-224.6093387954812
 10
16910.890864555924
 20
-224.6093387954812
 10
17034.382654449782
 20
-266.76182178804794
 10
17075.546584414402
 20
-224.6093387954812
 10
17199.03837430826
 20
-224.6093387954812
 10
17240.20230427288
 20
-266.76182178804794
 10
22426.857479814928
 20
-266.76182178804794
 10
22468.021409779547
 20
-308.91430478061466
 10
22591.51319967341
 20
-266.76182178804794
 10
22838.496779461122
 20
-266.76182178804794
 10
22879.660709425745
 20
-308.91430478061466
 10
28930.758414224798
 20
-308.91430478061466
 10
28971.922344189417
 20
-266.76182178804794
 10
30042.18452326952
 20
-266.76182178804794
 10
30083.348453234143
 20
-308.91430478061466
 10
30371.49596298648
 20
-308.91430478061466
 10
30412.659892951095
 20
-266.76182178804794
 10
30700.80740270343
 20
-266.76182178804794
 10
30741.971332668054
 20
-308.91430478061466
 10
37904.495146511836
 20
-308.91430478061466
 10
37945.65907647645
 20
-351.0667877731814
 10
48812.93658713598
 20
-351.0667877731814
 10
48854.100517100596
 20
-393.2192707657481
 10
48977.59230699446
 20
-351.0667877731814
 10
49059.92016692369
 20
-393.2192707657481
 10
49718.54304635761
 20
-393.2192707657481
 10
49800.870906286844
 20
-351.0667877731814
 10
49842.03483625147
 20
-393.2192707657481
 10
52970.49351356254
 20
-393.2192707657481
 10
53011.65744352716
 20
-351.0667877731814
 10
53011.65744352716
 20
-13.846923832647605
 10
53093.98530345641
 20
196.91549113018598
 10
53052.82137349178
 20
281.22045711531945
 10
53217.47709335026
 20
365.5254231004529
 10
53217.47709335026
 20
997.8126679889536
 10
53176.31316338564
 20
1039.9651509815203
 10
53176.31316338564
 20
1419.3374979146208
 10
53217.47709335026
 20
1545.794946892321
 10
53176.31316338564
 20
1587.9474298848877
 10
53217.47709335026
 20
1630.0999128774545
 10
53217.47709335026
 20
2051.6247428031215
 10
53299.804953279505
 20
2135.929708788255
 10
53258.64102331488
 20
2262.387157765955
 10
53299.804953279505
 20
2304.5396407585217
 10
53217.47709335026
 20
2430.9970897362223
 10
53217.47709335026
 20
3063.2843346247278
 10
53299.804953279505
 20
3147.589300609861
 10
55193.345731652
 20
3147.589300609861
 10
55234.50966161661
 20
3189.741783602428
 10
55234.50966161661
 20
6477.635457022637
 10
55193.345731652
 20
6519.787940015203
 10
55234.50966161661
 20
6561.94042300777
 10
55234.50966161661
 20
7447.142565851671
 10
55193.345731652
 20
7489.2950488442375
 10
55234.50966161661
 20
7573.6000148293715
 10
55234.50966161661
 20
8037.277327747605
 10
55316.83752154585
 20
8121.582293732738
 10
55893.13254105052
 20
8163.734776725305
 10
56222.44398076748
 20
8332.344708695571
 10
56222.44398076748
 20
8374.497191688139
 10
56345.93577066133
 20
8458.802157673272
 10
56428.263630590576
 20
8669.564572636105
 10
56428.263630590576
 20
9006.78443657664
 10
56222.44398076748
 20
9301.851817524606
 10
55893.13254105052
 20
9470.461749494874
 10
55851.968611085904
 20
9681.224164457708
 10
55728.476821192045
 20
9765.529130442841
 10
55893.13254105052
 20
9976.291545405678
 10
55893.13254105052
 20
10102.748994383379
 10
55851.968611085904
 20
10144.901477375946
 10
55851.968611085904
 20
10439.968858323913
 10
55893.13254105052
 20
10482.121341316479
 10
55851.968611085904
 20
10524.273824309046
 10
55893.13254105052
 20
10650.731273286747
 10
55851.968611085904
 20
10777.188722264447
 10
55851.968611085904
 20
11114.40858620498
 10
55893.13254105052
 20
11156.561069197547
 10
55851.968611085904
 20
11240.86603518268
 10
55851.968611085904
 20
11662.390865108347
 10
55646.14896126281
 20
11704.543348100915
 10
55522.65717136895
 20
11788.848314086048
 10
55399.16538147508
 20
11788.848314086048
 10
55193.345731652
 20
12083.915695034015
 10
55193.345731652
 20
13011.270320870482
 10
55234.50966161661
 20
13053.42280386305
 10
55193.345731652
 20
14317.997293640055
 10
55234.50966161661
 20
14360.149776632623
 10
55234.50966161661
 20
14697.369640573155
 10
55316.83752154585
 20
14823.827089550856
 10
55440.32931143971
 20
14865.979572543423
 10
55563.821101333575
 20
14823.827089550856
 10
55646.14896126281
 20
14908.132055535989
 10
55646.14896126281
 20
15666.87674940219
 10
55604.98503129819
 20
15709.029232394758
 10
55358.00145151047
 20
15709.029232394758
 10
55234.50966161661
 20
15835.486681372457
 10
55234.50966161661
 20
16172.70654531299
 10
55152.18180168737
 20
16004.096613342725
 10
54987.5260818289
 20
16004.096613342725
 10
54905.198221899656
 20
16088.401579327858
 10
54946.362151864276
 20
16847.14627319406
 10
55028.69001179351
 20
16931.45123917919
 10
55152.18180168737
 20
16931.45123917919
 10
55234.50966161661
 20
16762.841307208924
 10
55234.50966161661
 20
16552.078892246092
 10
55234.50966161661
 20
17057.90868815689
 10
55275.67359158123
 20
17100.061171149464
 10
55275.67359158123
 20
17226.518620127164
 10
55234.50966161661
 20
17268.67110311973
 10
55275.67359158123
 20
18575.398075889298
 10
55234.50966161661
 20
18617.550558881867
 10
55234.50966161661
 20
18575.398075889298
 10
55111.01787172275
 20
18491.093109904166
 10
54987.5260818289
 20
18575.398075889298
 10
54946.362151864276
 20
18659.703041874433
 10
54946.362151864276
 20
18954.7704228224
 10
54987.5260818289
 20
18996.922905814965
 10
54987.5260818289
 20
19418.447735740632
 10
55069.853941758134
 20
19502.752701725767
 10
55193.345731652
 20
19502.752701725767
 10
55234.50966161661
 20
19460.6002187332
 10
55275.67359158123
 20
19502.752701725767
 10
55275.67359158123
 20
19629.210150703468
 10
55358.00145151047
 20
19713.5151166886
 10
55646.14896126281
 20
19755.66759968117
 10
55687.312891227426
 20
19839.972565666303
 10
55687.312891227426
 20
20556.564776539937
 10
55604.98503129819
 20
20640.869742525072
 10
55358.00145151047
 20
20640.869742525072
 10
55316.83752154585
 20
20683.022225517638
 10
55275.67359158123
 20
21104.5470554433
 10
55234.50966161661
 20
21146.699538435874
 10
55234.50966161661
 20
20978.089606465604
 10
55111.01787172275
 20
20893.78464048047
 10
54987.5260818289
 20
21020.24208945817
 10
54987.5260818289
 20
21989.74919828721
 10
55069.853941758134
 20
22074.05416427234
 10
55193.345731652
 20
22074.05416427234
 10
55275.67359158123
 20
21989.74919828721
 10
55316.83752154585
 20
22074.05416427234
 10
55275.67359158123
 20
23127.86623908651
 10
55275.67359158123
 20
22495.578994198007
 10
55152.18180168737
 20
22369.121545220307
 10
54987.5260818289
 20
22495.578994198007
 10
54987.5260818289
 20
23507.23858601961
 10
55111.01787172275
 20
23633.696034997316
 10
55275.67359158123
 20
23549.39106901218
 10
55275.67359158123
 20
23254.32368806421
 10
55275.67359158123
 20
23549.39106901218
 10
55358.00145151047
 20
23633.696034997316
 10
55522.65717136895
 20
23718.001000982447
 10
55687.312891227426
 20
23718.001000982447
 10
55975.460400979755
 20
23802.305966967582
 10
55975.460400979755
 20
25193.337905722285
 10
55934.29647101514
 20
25235.49038871485
 10
55934.29647101514
 20
25614.862735647952
 10
55769.64075115667
 20
25741.32018462565
 10
55934.29647101514
 20
25867.77763360335
 10
55934.29647101514
 20
26036.387565573616
 10
56140.11612083825
 20
26162.845014551316
 10
56387.09970062596
 20
26415.759912506717
 10
56469.427560555196
 20
26584.369844476983
 10
56469.427560555196
 20
26921.58970841752
 10
56428.263630590576
 20
27048.047157395224
 10
56181.28005080286
 20
27300.962055350625
 10
55975.460400979755
 20
27385.267021335756
 10
55728.476821192045
 20
27385.267021335756
 10
55604.98503129819
 20
27469.57198732089
 10
55481.49324140433
 20
27469.57198732089
 10
55440.32931143971
 20
27427.419504328318
 10
55275.67359158123
 20
27553.876953306022
 10
55234.50966161661
 20
32485.717463436336
 10
55193.345731652
 20
32527.869946428902
 10
54493.55892225346
 20
32527.869946428902
 10
54452.394992288835
 20
32485.717463436336
 10
54287.739272430365
 20
32485.717463436336
 10
54246.57534246575
 20
32527.869946428902
 10
54164.247482536506
 20
32485.717463436336
 10
53505.6246031026
 20
32527.869946428902
 10
53464.46067313798
 20
32485.717463436336
 10
53217.47709335026
 20
32485.717463436336
 10
53135.14923342103
 20
32570.022429421468
 10
53176.31316338564
 20
32738.632361391734
 10
53258.64102331488
 20
32780.7848443843
 10
53176.31316338564
 20
32822.937327376865
 10
53135.14923342103
 20
33497.37705525794
 10
53093.98530345641
 20
33539.5295382505
 10
53093.98530345641
 20
34213.96926613157
 10
53135.14923342103
 20
34256.12174912413
 10
53176.31316338564
 20
34804.10402802751
 10
53052.82137349178
 20
34804.10402802751
 10
52970.49351356254
 20
34888.40899401264
 10
53011.65744352716
 20
34972.713959997775
 10
52929.32958359793
 20
35099.17140897547
 10
52929.32958359793
 20
35478.54375590858
 10
52888.16565363331
 20
35520.696238901146
 10
50171.34627596842
 20
35520.696238901146
 10
50130.1823460038
 20
35562.84872189371
 10
49924.36269618071
 20
35562.84872189371
 10
49883.19876621609
 20
35520.696238901146
 10
49595.05125646375
 20
35520.696238901146
 10
49553.887326499134
 20
35562.84872189371
 10
37863.33121654721
 20
35562.84872189371
 10
37739.83942665336
 20
35436.39127291601
 10
37698.67549668874
 20
35478.54375590858
 10
37657.51156672412
 20
35436.39127291601
 10
37410.5279869364
 20
35436.39127291601
 10
37369.36405697178
 20
35478.54375590858
 10
37081.21654721945
 20
35478.54375590858
 10
36998.8886872902
 20
35436.39127291601
 10
36875.39689739635
 20
35562.84872189371
 10
36628.41331760863
 20
35562.84872189371
 10
36587.24938764401
 20
35605.00120488628
 10
36381.429737820916
 20
35605.00120488628
 10
36340.265807856296
 20
35562.84872189371
 10
36134.4461580332
 20
35562.84872189371
 10
36093.28222806858
 20
35605.00120488628
 10
35969.79043817472
 20
35605.00120488628
 10
35928.6265082101
 20
35562.84872189371
 10
35846.29864828086
 20
35605.00120488628
 10
26337.430826453776
 20
35605.00120488628
 10
26296.266896489153
 20
35562.84872189371
 10
22468.021409779547
 20
35562.84872189371
 10
22426.857479814928
 20
35605.00120488628
 10
21727.0706704164
 20
35605.00120488628
 10
21685.906740451777
 20
35562.84872189371
 10
21562.414950557923
 20
35562.84872189371
 10
21521.2510205933
 20
35605.00120488628
 10
17446.021954095977
 20
35605.00120488628
 10
17404.85802413136
 20
35647.15368787885
 10
6290.5969336841135
 20
35647.15368787885
 10
6084.777283861015
 20
35478.54375590858
  0
TEXT
  5
1F6
330
17
100
AcDbEntity
  8
EDITABLE_ROOM_LABELS
100
AcDbText
 10
13329.628957634035
 20
17437.281035089996
 30
0.0
 40
400.0
  1
舞台上部・吹抜
  7
JAPANESE
100
AcDbText
  0
TEXT
  5
1F7
330
17
100
AcDbEntity
  8
EDITABLE_ROOM_LABELS
100
AcDbText
 10
30494.987752880337
 20
17395.12855209743
 30
0.0
 40
400.0
  1
客席上部・吹抜
  7
JAPANESE
100
AcDbText
  0
TEXT
  5
1F8
330
17
100
AcDbEntity
  8
EDITABLE_ROOM_LABELS
100
AcDbText
 10
41897.396353079916
 20
17437.281035089996
 30
0.0
 40
400.0
  1
客席
  7
JAPANESE
100
AcDbText
  0
TEXT
  5
1F9
330
17
100
AcDbEntity
  8
EDITABLE_ROOM_LABELS
100
AcDbText
 10
51282.772385013144
 20
17395.12855209743
 30
0.0
 40
400.0
  1
ホワイエ
  7
JAPANESE
100
AcDbText
  0
TEXT
  5
1FA
330
17
100
AcDbEntity
  8
EDITABLE_ROOM_LABELS
100
AcDbText
 10
19915.857751973144
 20
4496.468756371996
 30
0.0
 40
400.0
  1
操作室
  7
JAPANESE
100
AcDbText
  0
TEXT
  5
1FB
330
17
100
AcDbEntity
  8
EDITABLE_ROOM_LABELS
100
AcDbText
 10
20944.956001088627
 20
33202.30967430997
 30
0.0
 40
400.0
  1
倉庫
  7
JAPANESE
100
AcDbText
  0
TEXT
  5
1FD
330
17
100
AcDbEntity
  8
ANNOTATION
100
AcDbText
 10
-1000.0
 20
-4000.0
 30
0.0
 40
600.0
  1
RASTER REFERENCE / UNCALIBRATED
  7
JAPANESE
100
AcDbText
  0
ENDSEC
  0
SECTION
  2
OBJECTS
  0
DICTIONARY
  5
A
330
0
100
AcDbDictionary
281
1
  3
ACAD_COLOR
350
B
  3
ACAD_GROUP
350
C
  3
ACAD_LAYOUT
350
D
  3
ACAD_MATERIAL
350
E
  3
ACAD_MLEADERSTYLE
350
F
  3
ACAD_MLINESTYLE
350
10
  3
ACAD_PLOTSETTINGS
350
11
  3
ACAD_PLOTSTYLENAME
350
12
  3
ACAD_SCALELIST
350
14
  3
ACAD_TABLESTYLE
350
15
  3
ACAD_VISUALSTYLE
350
16
  3
EZDXF_META
350
2D
  0
DICTIONARY
  5
B
330
A
100
AcDbDictionary
281
1
  0
DICTIONARY
  5
C
330
A
100
AcDbDictionary
281
1
  0
DICTIONARY
  5
D
330
A
100
AcDbDictionary
281
1
  3
Model
350
1A
  3
Layout1
350
1E
  0
DICTIONARY
  5
E
330
A
100
AcDbDictionary
281
1
  3
ByBlock
350
1F
  3
ByLayer
350
20
  3
Global
350
21
  0
DICTIONARY
  5
F
330
A
100
AcDbDictionary
281
1
  3
Standard
350
2C
  0
DICTIONARY
  5
10
330
A
100
AcDbDictionary
281
1
  3
Standard
350
22
  0
DICTIONARY
  5
11
330
A
100
AcDbDictionary
281
1
  0
ACDBDICTIONARYWDFLT
  5
12
330
A
100
AcDbDictionary
281
1
  3
Normal
350
13
100
AcDbDictionaryWithDefault
340
13
  0
ACDBPLACEHOLDER
  5
13
330
12
  0
DICTIONARY
  5
14
330
A
100
AcDbDictionary
281
1
  0
DICTIONARY
  5
15
330
A
100
AcDbDictionary
281
1
  0
DICTIONARY
  5
16
330
A
100
AcDbDictionary
281
1
  0
LAYOUT
  5
1A
330
D
100
AcDbPlotSettings
  1

  4
A3
  6

 40
7.5
 41
20.0
 42
7.5
 43
20.0
 44
420.0
 45
297.0
 46
0.0
 47
0.0
 48
0.0
 49
0.0
140
0.0
141
0.0
142
1.0
143
1.0
 70
1024
 72
1
 73
0
 74
5
  7

 75
16
 76
0
 77
2
 78
300
147
1.0
148
0.0
149
0.0
100
AcDbLayout
  1
Model
 70
1
 71
0
 10
0.0
 20
0.0
 11
420.0
 21
297.0
 12
0.0
 22
0.0
 32
0.0
 14
1e+20
 24
1e+20
 34
1e+20
 15
-1e+20
 25
-1e+20
 35
-1e+20
146
0.0
 13
0.0
 23
0.0
 33
0.0
 16
1.0
 26
0.0
 36
0.0
 17
0.0
 27
1.0
 37
0.0
 76
1
330
17
  0
LAYOUT
  5
1E
330
D
100
AcDbPlotSettings
  1

  4
A3
  6

 40
7.5
 41
20.0
 42
7.5
 43
20.0
 44
420.0
 45
297.0
 46
0.0
 47
0.0
 48
0.0
 49
0.0
140
0.0
141
0.0
142
1.0
143
1.0
 70
0
 72
1
 73
0
 74
5
  7

 75
16
 76
0
 77
2
 78
300
147
1.0
148
0.0
149
0.0
100
AcDbLayout
  1
Layout1
 70
1
 71
1
 10
0.0
 20
0.0
 11
420.0
 21
297.0
 12
0.0
 22
0.0
 32
0.0
 14
1e+20
 24
1e+20
 34
1e+20
 15
-1e+20
 25
-1e+20
 35
-1e+20
146
0.0
 13
0.0
 23
0.0
 33
0.0
 16
1.0
 26
0.0
 36
0.0
 17
0.0
 27
1.0
 37
0.0
 76
1
330
1B
  0
MATERIAL
  5
1F
102
{ACAD_REACTORS
330
E
102
}
330
E
100
AcDbMaterial
  1
ByBlock
  2

 70
0
 40
1.0
 71
1
 41
1.0
 91
-1023410177
 42
1.0
 72
1
  3

 73
1
 74
1
 75
1
 44
0.5
 73
0
 45
1.0
 46
1.0
 77
1
  4

 78
1
 79
1
170
1
 48
1.0
171
1
  6

172
1
173
1
174
1
140
1.0
141
1.0
175
1
  7

176
1
177
1
178
1
143
1.0
179
1
  8

270
1
271
1
272
1
145
1.0
146
1.0
273
1
  9

274
1
275
1
276
1
 42
1.0
 72
1
  3

 73
1
 74
1
 75
1
 94
63
  0
MATERIAL
  5
20
102
{ACAD_REACTORS
330
E
102
}
330
E
100
AcDbMaterial
  1
ByLayer
  2

 70
0
 40
1.0
 71
1
 41
1.0
 91
-1023410177
 42
1.0
 72
1
  3

 73
1
 74
1
 75
1
 44
0.5
 73
0
 45
1.0
 46
1.0
 77
1
  4

 78
1
 79
1
170
1
 48
1.0
171
1
  6

172
1
173
1
174
1
140
1.0
141
1.0
175
1
  7

176
1
177
1
178
1
143
1.0
179
1
  8

270
1
271
1
272
1
145
1.0
146
1.0
273
1
  9

274
1
275
1
276
1
 42
1.0
 72
1
  3

 73
1
 74
1
 75
1
 94
63
  0
MATERIAL
  5
21
102
{ACAD_REACTORS
330
E
102
}
330
E
100
AcDbMaterial
  1
Global
  2

 70
0
 40
1.0
 71
1
 41
1.0
 91
-1023410177
 42
1.0
 72
1
  3

 73
1
 74
1
 75
1
 44
0.5
 73
0
 45
1.0
 46
1.0
 77
1
  4

 78
1
 79
1
170
1
 48
1.0
171
1
  6

172
1
173
1
174
1
140
1.0
141
1.0
175
1
  7

176
1
177
1
178
1
143
1.0
179
1
  8

270
1
271
1
272
1
145
1.0
146
1.0
273
1
  9

274
1
275
1
276
1
 42
1.0
 72
1
  3

 73
1
 74
1
 75
1
 94
63
  0
MLINESTYLE
  5
22
102
{ACAD_REACTORS
330
10
102
}
330
10
100
AcDbMlineStyle
  2
Standard
 70
0
  3

 62
256
 51
90.0
 52
90.0
 71
2
 49
0.5
 62
256
  6
BYLAYER
 49
-0.5
 62
256
  6
BYLAYER
  0
MLEADERSTYLE
  5
2C
102
{ACAD_REACTORS
330
F
102
}
330
F
100
AcDbMLeaderStyle
179
2
170
2
171
1
172
0
 90
2
 40
0.0
 41
0.0
173
1
 91
-1056964608
 92
-2
290
1
 42
2.0
291
1
 43
8.0
  3
Standard
 44
4.0
300

342
29
174
1
175
1
176
0
178
1
 93
-1056964608
 45
4.0
292
0
297
0
 46
4.0
 94
-1056964608
 47
1.0
 49
1.0
140
1.0
294
1
141
0.0
177
0
142
1.0
295
0
296
0
143
3.75
271
0
272
9
273
9
  0
DICTIONARY
  5
2D
330
A
100
AcDbDictionary
280
1
281
1
  3
CREATED_BY_EZDXF
350
2E
  3
WRITTEN_BY_EZDXF
350
201
  0
DICTIONARYVAR
  5
2E
330
2D
100
DictionaryVariables
280
0
  1
1.4.4 @ 2026-09-10T15:48:16.104274+00:00
  0
DICTIONARYVAR
  5
201
330
2D
100
DictionaryVariables
280
0
  1
1.4.4 @ 2026-09-10T15:48:16.216959+00:00
  0
ENDSEC
  0
EOF
