  0
SECTION
  2
HEADER
  9
$ACADVER
  1
AC1024
  9
$ACADMAINTVER
 70
6
  9
$DWGCODEPAGE
  3
ANSI_1252
  9
$LASTSAVEDBY
  1
ezdxf
  9
$INSBASE
 10
0.0
 20
0.0
 30
0.0
  9
$EXTMIN
 10
1e+20
 20
1e+20
 30
1e+20
  9
$EXTMAX
 10
-1e+20
 20
-1e+20
 30
-1e+20
  9
$LIMMIN
 10
0.0
 20
0.0
  9
$LIMMAX
 10
420.0
 20
297.0
  9
$ORTHOMODE
 70
0
  9
$REGENMODE
 70
1
  9
$FILLMODE
 70
1
  9
$QTEXTMODE
 70
0
  9
$MIRRTEXT
 70
1
  9
$LTSCALE
 40
1.0
  9
$ATTMODE
 70
1
  9
$TEXTSIZE
 40
2.5
  9
$TRACEWID
 40
1.0
  9
$TEXTSTYLE
  7
Standard
  9
$CLAYER
  8
0
  9
$CELTYPE
  6
ByLayer
  9
$CECOLOR
 62
256
  9
$CELTSCALE
 40
1.0
  9
$DISPSILH
 70
0
  9
$DIMSCALE
 40
1.0
  9
$DIMASZ
 40
2.5
  9
$DIMEXO
 40
0.625
  9
$DIMDLI
 40
3.75
  9
$DIMRND
 40
0.0
  9
$DIMDLE
 40
0.0
  9
$DIMEXE
 40
1.25
  9
$DIMTP
 40
0.0
  9
$DIMTM
 40
0.0
  9
$DIMTXT
 40
2.5
  9
$DIMCEN
 40
2.5
  9
$DIMTSZ
 40
0.0
  9
$DIMTOL
 70
0
  9
$DIMLIM
 70
0
  9
$DIMTIH
 70
0
  9
$DIMTOH
 70
0
  9
$DIMSE1
 70
0
  9
$DIMSE2
 70
0
  9
$DIMTAD
 70
1
  9
$DIMZIN
 70
8
  9
$DIMBLK
  1

  9
$DIMASO
 70
1
  9
$DIMSHO
 70
1
  9
$DIMPOST
  1

  9
$DIMAPOST
  1

  9
$DIMALT
 70
0
  9
$DIMALTD
 70
3
  9
$DIMALTF
 40
0.03937007874
  9
$DIMLFAC
 40
1.0
  9
$DIMTOFL
 70
1
  9
$DIMTVP
 40
0.0
  9
$DIMTIX
 70
0
  9
$DIMSOXD
 70
0
  9
$DIMSAH
 70
0
  9
$DIMBLK1
  1

  9
$DIMBLK2
  1

  9
$DIMSTYLE
  2
ISO-25
  9
$DIMCLRD
 70
0
  9
$DIMCLRE
 70
0
  9
$DIMCLRT
 70
0
  9
$DIMTFAC
 40
1.0
  9
$DIMGAP
 40
0.625
  9
$DIMJUST
 70
0
  9
$DIMSD1
 70
0
  9
$DIMSD2
 70
0
  9
$DIMTOLJ
 70
0
  9
$DIMTZIN
 70
8
  9
$DIMALTZ
 70
0
  9
$DIMALTTZ
 70
0
  9
$DIMUPT
 70
0
  9
$DIMDEC
 70
2
  9
$DIMTDEC
 70
2
  9
$DIMALTU
 70
2
  9
$DIMALTTD
 70
3
  9
$DIMTXSTY
  7
Standard
  9
$DIMAUNIT
 70
0
  9
$DIMADEC
 70
0
  9
$DIMALTRND
 40
0.0
  9
$DIMAZIN
 70
0
  9
$DIMDSEP
 70
44
  9
$DIMATFIT
 70
3
  9
$DIMFRAC
 70
0
  9
$DIMLDRBLK
  1

  9
$DIMLUNIT
 70
2
  9
$DIMLWD
 70
-2
  9
$DIMLWE
 70
-2
  9
$DIMTMOVE
 70
0
  9
$DIMFXL
 40
1.0
  9
$DIMFXLON
 70
0
  9
$DIMJOGANG
 40
0.785398163397
  9
$DIMTFILL
 70
0
  9
$DIMTFILLCLR
 70
0
  9
$DIMARCSYM
 70
0
  9
$DIMLTYPE
  6

  9
$DIMLTEX1
  6

  9
$DIMLTEX2
  6

  9
$DIMTXTDIRECTION
 70
0
  9
$LUNITS
 70
2
  9
$LUPREC
 70
4
  9
$SKETCHINC
 40
1.0
  9
$FILLETRAD
 40
10.0
  9
$AUNITS
 70
0
  9
$AUPREC
 70
2
  9
$MENU
  1
.
  9
$ELEVATION
 40
0.0
  9
$PELEVATION
 40
0.0
  9
$THICKNESS
 40
0.0
  9
$LIMCHECK
 70
0
  9
$CHAMFERA
 40
0.0
  9
$CHAMFERB
 40
0.0
  9
$CHAMFERC
 40
0.0
  9
$CHAMFERD
 40
0.0
  9
$SKPOLY
 70
0
  9
$TDCREATE
 40
2461295.0335069443
  9
$TDUCREATE
 40
2458532.153996898
  9
$TDUPDATE
 40
2461295.0335069443
  9
$TDUUPDATE
 40
2458532.1544311
  9
$TDINDWG
 40
0.0
  9
$TDUSRTIMER
 40
0.0
  9
$USRTIMER
 70
1
  9
$ANGBASE
 50
0.0
  9
$ANGDIR
 70
0
  9
$PDMODE
 70
0
  9
$PDSIZE
 40
0.0
  9
$PLINEWID
 40
0.0
  9
$SPLFRAME
 70
0
  9
$SPLINETYPE
 70
6
  9
$SPLINESEGS
 70
8
  9
$HANDSEED
  5
26D
  9
$SURFTAB1
 70
6
  9
$SURFTAB2
 70
6
  9
$SURFTYPE
 70
6
  9
$SURFU
 70
6
  9
$SURFV
 70
6
  9
$UCSBASE
  2

  9
$UCSNAME
  2

  9
$UCSORG
 10
0.0
 20
0.0
 30
0.0
  9
$UCSXDIR
 10
1.0
 20
0.0
 30
0.0
  9
$UCSYDIR
 10
0.0
 20
1.0
 30
0.0
  9
$UCSORTHOREF
  2

  9
$UCSORTHOVIEW
 70
0
  9
$UCSORGTOP
 10
0.0
 20
0.0
 30
0.0
  9
$UCSORGBOTTOM
 10
0.0
 20
0.0
 30
0.0
  9
$UCSORGLEFT
 10
0.0
 20
0.0
 30
0.0
  9
$UCSORGRIGHT
 10
0.0
 20
0.0
 30
0.0
  9
$UCSORGFRONT
 10
0.0
 20
0.0
 30
0.0
  9
$UCSORGBACK
 10
0.0
 20
0.0
 30
0.0
  9
$PUCSBASE
  2

  9
$PUCSNAME
  2

  9
$PUCSORG
 10
0.0
 20
0.0
 30
0.0
  9
$PUCSXDIR
 10
1.0
 20
0.0
 30
0.0
  9
$PUCSYDIR
 10
0.0
 20
1.0
 30
0.0
  9
$PUCSORTHOREF
  2

  9
$PUCSORTHOVIEW
 70
0
  9
$PUCSORGTOP
 10
0.0
 20
0.0
 30
0.0
  9
$PUCSORGBOTTOM
 10
0.0
 20
0.0
 30
0.0
  9
$PUCSORGLEFT
 10
0.0
 20
0.0
 30
0.0
  9
$PUCSORGRIGHT
 10
0.0
 20
0.0
 30
0.0
  9
$PUCSORGFRONT
 10
0.0
 20
0.0
 30
0.0
  9
$PUCSORGBACK
 10
0.0
 20
0.0
 30
0.0
  9
$USERI1
 70
0
  9
$USERI2
 70
0
  9
$USERI3
 70
0
  9
$USERI4
 70
0
  9
$USERI5
 70
0
  9
$USERR1
 40
0.0
  9
$USERR2
 40
0.0
  9
$USERR3
 40
0.0
  9
$USERR4
 40
0.0
  9
$USERR5
 40
0.0
  9
$WORLDVIEW
 70
1
  9
$SHADEDGE
 70
3
  9
$SHADEDIF
 70
70
  9
$TILEMODE
 70
1
  9
$MAXACTVP
 70
64
  9
$PINSBASE
 10
0.0
 20
0.0
 30
0.0
  9
$PLIMCHECK
 70
0
  9
$PEXTMIN
 10
1e+20
 20
1e+20
 30
1e+20
  9
$PEXTMAX
 10
-1e+20
 20
-1e+20
 30
-1e+20
  9
$PLIMMIN
 10
0.0
 20
0.0
  9
$PLIMMAX
 10
420.0
 20
297.0
  9
$UNITMODE
 70
0
  9
$VISRETAIN
 70
1
  9
$PLINEGEN
 70
0
  9
$PSLTSCALE
 70
1
  9
$TREEDEPTH
 70
3020
  9
$CMLSTYLE
  2
Standard
  9
$CMLJUST
 70
0
  9
$CMLSCALE
 40
20.0
  9
$PROXYGRAPHICS
 70
1
  9
$MEASUREMENT
 70
1
  9
$CELWEIGHT
370
-1
  9
$ENDCAPS
280
0
  9
$JOINSTYLE
280
0
  9
$LWDISPLAY
290
0
  9
$INSUNITS
 70
4
  9
$HYPERLINKBASE
  1

  9
$STYLESHEET
  1

  9
$XEDIT
290
1
  9
$CEPSNTYPE
380
0
  9
$PSTYLEMODE
290
1
  9
$FINGERPRINTGUID
  2
{3B95081D-563E-423C-8CD8-500AC44DF885}
  9
$VERSIONGUID
  2
{6FCFFD97-4376-42F0-8091-D08DDDC298BE}
  9
$EXTNAMES
290
1
  9
$PSVPSCALE
 40
0.0
  9
$OLESTARTUP
290
0
  9
$SORTENTS
280
127
  9
$INDEXCTL
280
0
  9
$HIDETEXT
280
1
  9
$XCLIPFRAME
280
1
  9
$HALOGAP
280
0
  9
$OBSCOLOR
 70
257
  9
$OBSLTYPE
280
0
  9
$INTERSECTIONDISPLAY
280
0
  9
$INTERSECTIONCOLOR
 70
257
  9
$DIMASSOC
280
2
  9
$PROJECTNAME
  1

  9
$CAMERADISPLAY
290
0
  9
$LENSLENGTH
 40
50.0
  9
$CAMERAHEIGHT
 40
0.0
  9
$STEPSPERSEC
 40
24.0
  9
$STEPSIZE
 40
100.0
  9
$3DDWFPREC
 40
2.0
  9
$PSOLWIDTH
 40
0.005
  9
$PSOLHEIGHT
 40
0.08
  9
$LOFTANG1
 40
1.570796326795
  9
$LOFTANG2
 40
1.570796326795
  9
$LOFTMAG1
 40
0.0
  9
$LOFTMAG2
 40
0.0
  9
$LOFTPARAM
 70
7
  9
$LOFTNORMALS
280
1
  9
$LATITUDE
 40
37.795
  9
$LONGITUDE
 40
-122.394
  9
$NORTHDIRECTION
 40
0.0
  9
$TIMEZONE
 70
-8000
  9
$LIGHTGLYPHDISPLAY
280
1
  9
$TILEMODELIGHTSYNCH
280
1
  9
$CMATERIAL
347
20
  9
$SOLIDHIST
280
0
  9
$SHOWHIST
280
1
  9
$DWFFRAME
280
2
  9
$DGNFRAME
280
2
  9
$REALWORLDSCALE
290
1
  9
$INTERFERECOLOR
 62
256
  9
$CSHADOW
280
0
  9
$SHADOWPLANELOCATION
 40
0.0
  0
ENDSEC
  0
SECTION
  2
CLASSES
  0
CLASS
  1
ACDBDICTIONARYWDFLT
  2
AcDbDictionaryWithDefault
  3
ObjectDBX Classes
 90
0
 91
0
280
0
281
0
  0
CLASS
  1
SUN
  2
AcDbSun
  3
SCENEOE
 90
1153
 91
0
280
0
281
0
  0
CLASS
  1
VISUALSTYLE
  2
AcDbVisualStyle
  3
ObjectDBX Classes
 90
4095
 91
0
280
0
281
0
  0
CLASS
  1
MATERIAL
  2
AcDbMaterial
  3
ObjectDBX Classes
 90
1153
 91
0
280
0
281
0
  0
CLASS
  1
SCALE
  2
AcDbScale
  3
ObjectDBX Classes
 90
1153
 91
0
280
0
281
0
  0
CLASS
  1
TABLESTYLE
  2
AcDbTableStyle
  3
ObjectDBX Classes
 90
4095
 91
0
280
0
281
0
  0
CLASS
  1
MLEADERSTYLE
  2
AcDbMLeaderStyle
  3
ACDB_MLEADERSTYLE_CLASS
 90
4095
 91
0
280
0
281
0
  0
CLASS
  1
DICTIONARYVAR
  2
AcDbDictionaryVar
  3
ObjectDBX Classes
 90
0
 91
0
280
0
281
0
  0
CLASS
  1
CELLSTYLEMAP
  2
AcDbCellStyleMap
  3
ObjectDBX Classes
 90
1152
 91
0
280
0
281
0
  0
CLASS
  1
MENTALRAYRENDERSETTINGS
  2
AcDbMentalRayRenderSettings
  3
SCENEOE
 90
1024
 91
0
280
0
281
0
  0
CLASS
  1
ACDBDETAILVIEWSTYLE
  2
AcDbDetailViewStyle
  3
ObjectDBX Classes
 90
1025
 91
0
280
0
281
0
  0
CLASS
  1
ACDBSECTIONVIEWSTYLE
  2
AcDbSectionViewStyle
  3
ObjectDBX Classes
 90
1025
 91
0
280
0
281
0
  0
CLASS
  1
RASTERVARIABLES
  2
AcDbRasterVariables
  3
ISM
 90
0
 91
0
280
0
281
0
  0
CLASS
  1
ACDBPLACEHOLDER
  2
AcDbPlaceHolder
  3
ObjectDBX Classes
 90
0
 91
0
280
0
281
0
  0
CLASS
  1
LAYOUT
  2
AcDbLayout
  3
ObjectDBX Classes
 90
0
 91
0
280
0
281
0
  0
ENDSEC
  0
SECTION
  2
TABLES
  0
TABLE
  2
VPORT
  5
8
330
0
100
AcDbSymbolTable
 70
1
  0
VPORT
  5
269
330
8
100
AcDbSymbolTableRecord
100
AcDbViewportTableRecord
  2
*Active
 70
0
 10
0.0
 20
0.0
 11
1.0
 21
1.0
 12
26000.0
 22
17000.0
 13
0.0
 23
0.0
 14
0.5
 24
0.5
 15
0.5
 25
0.5
 16
0.0
 26
0.0
 36
1.0
 17
0.0
 27
0.0
 37
0.0
 40
50000.0
 41
1.34
 42
50.0
 43
0.0
 44
0.0
 50
0.0
 51
0.0
 71
0
 72
1000
 73
1
 74
3
 75
0
 76
0
 77
0
 78
0
281
0
 65
1
110
0.0
120
0.0
130
0.0
111
1.0
121
0.0
131
0.0
112
0.0
122
1.0
132
0.0
 79
0
146
0.0
  0
ENDTAB
  0
TABLE
  2
LTYPE
  5
2
330
0
100
AcDbSymbolTable
 70
3
  0
LTYPE
  5
24
330
2
100
AcDbSymbolTableRecord
100
AcDbLinetypeTableRecord
  2
ByBlock
 70
0
  3

 72
65
 73
0
 40
0.0
  0
LTYPE
  5
25
330
2
100
AcDbSymbolTableRecord
100
AcDbLinetypeTableRecord
  2
ByLayer
 70
0
  3

 72
65
 73
0
 40
0.0
  0
LTYPE
  5
26
330
2
100
AcDbSymbolTableRecord
100
AcDbLinetypeTableRecord
  2
Continuous
 70
0
  3

 72
65
 73
0
 40
0.0
  0
ENDTAB
  0
TABLE
  2
LAYER
  5
1
330
0
100
AcDbSymbolTable
 70
5
  0
LAYER
  5
27
330
1
100
AcDbSymbolTableRecord
100
AcDbLayerTableRecord
  2
0
 70
0
 62
7
  6
Continuous
370
-3
390
13
347
21
  0
LAYER
  5
28
330
1
100
AcDbSymbolTableRecord
100
AcDbLayerTableRecord
  2
Defpoints
 70
0
 62
7
  6
Continuous
290
0
370
-3
390
13
347
21
  0
LAYER
  5
31
330
1
100
AcDbSymbolTableRecord
100
AcDbLayerTableRecord
  2
RASTER_CONTOURS
 70
0
 62
7
420
5264735
  6
Continuous
370
18
390
13
347
21
  0
LAYER
  5
261
330
1
100
AcDbSymbolTableRecord
100
AcDbLayerTableRecord
  2
EDITABLE_ROOM_LABELS
 70
0
 62
7
420
5264735
  6
Continuous
370
18
390
13
347
21
  0
LAYER
  5
267
330
1
100
AcDbSymbolTableRecord
100
AcDbLayerTableRecord
  2
ANNOTATION
 70
0
 62
7
420
5264735
  6
Continuous
370
18
390
13
347
21
  0
ENDTAB
  0
TABLE
  2
STYLE
  5
5
330
0
100
AcDbSymbolTable
 70
2
  0
STYLE
  5
29
330
5
100
AcDbSymbolTableRecord
100
AcDbTextStyleTableRecord
  2
Standard
 70
0
 40
0.0
 41
1.0
 50
0.0
 71
0
 42
2.5
  3
txt
  4

  0
STYLE
  5
2F
330
5
100
AcDbSymbolTableRecord
100
AcDbTextStyleTableRecord
  2
JAPANESE
 70
0
 40
0.0
 41
1.0
 50
0.0
 71
0
 42
2.5
  3
msgothic.ttc
  4

  0
ENDTAB
  0
TABLE
  2
VIEW
  5
7
330
0
100
AcDbSymbolTable
 70
0
  0
ENDTAB
  0
TABLE
  2
UCS
  5
6
330
0
100
AcDbSymbolTable
 70
0
  0
ENDTAB
  0
TABLE
  2
APPID
  5
3
330
0
100
AcDbSymbolTable
 70
4
  0
APPID
  5
2A
330
3
100
AcDbSymbolTableRecord
100
AcDbRegAppTableRecord
  2
ACAD
 70
0
  0
APPID
  5
30
330
3
100
AcDbSymbolTableRecord
100
AcDbRegAppTableRecord
  2
SHOCHIKUZA
 70
0
  0
APPID
  5
26A
330
3
100
AcDbSymbolTableRecord
100
AcDbRegAppTableRecord
  2
HATCHBACKGROUNDCOLOR
 70
0
  0
APPID
  5
26B
330
3
100
AcDbSymbolTableRecord
100
AcDbRegAppTableRecord
  2
EZDXF
 70
0
  0
ENDTAB
  0
TABLE
  2
DIMSTYLE
  5
4
330
0
100
AcDbSymbolTable
 70
1
100
AcDbDimStyleTable
  0
DIMSTYLE
105
2B
330
4
100
AcDbSymbolTableRecord
100
AcDbDimStyleTableRecord
  2
Standard
 70
0
 40
1.0
 41
2.5
 42
0.625
 43
3.75
 44
1.25
 45
0.0
 46
0.0
 47
0.0
 48
0.0
 49
2.5
140
2.5
141
2.5
142
0.0
143
0.03937007874
144
1.0
145
0.0
146
1.0
147
0.625
148
0.0
 69
0
 70
0
 71
0
 72
0
 73
0
 74
0
 75
0
 76
0
 77
1
 78
8
 79
3
170
0
171
3
172
1
173
0
174
0
175
0
176
0
177
0
178
0
179
2
271
2
272
2
273
2
274
3
275
0
276
0
277
2
278
44
279
0
280
0
281
0
282
0
283
0
284
8
285
0
286
0
288
0
289
3
290
0
371
-2
372
-2
  0
ENDTAB
  0
TABLE
  2
BLOCK_RECORD
  5
9
330
0
100
AcDbSymbolTable
 70
2
  0
BLOCK_RECORD
  5
17
330
9
100
AcDbSymbolTableRecord
100
AcDbBlockTableRecord
  2
*Model_Space
340
1A
 70
0
280
1
281
0
  0
BLOCK_RECORD
  5
1B
330
9
100
AcDbSymbolTableRecord
100
AcDbBlockTableRecord
  2
*Paper_Space
340
1E
 70
0
280
1
281
0
  0
ENDTAB
  0
ENDSEC
  0
SECTION
  2
BLOCKS
  0
BLOCK
  5
18
330
17
100
AcDbEntity
  8
0
100
AcDbBlockBegin
  2
*Model_Space
 70
0
 10
0.0
 20
0.0
 30
0.0
  3
*Model_Space
  1

  0
ENDBLK
  5
19
330
17
100
AcDbEntity
  8
0
100
AcDbBlockEnd
  0
BLOCK
  5
1C
330
1B
100
AcDbEntity
  8
0
100
AcDbBlockBegin
  2
*Paper_Space
 70
0
 10
0.0
 20
0.0
 30
0.0
  3
*Paper_Space
  1

  0
ENDBLK
  5
1D
330
1B
100
AcDbEntity
  8
0
100
AcDbBlockEnd
  0
ENDSEC
  0
SECTION
  2
ENTITIES
  0
LWPOLYLINE
  5
32
330
17
100
AcDbEntity
  8
RASTER_CONTOURS
100
AcDbPolyline
 90
6
 70
1
 10
5189.091966134949
 20
-657.5892611542043
 10
5230.950910214016
 20
-615.8882103757462
 10
5565.822462846551
 20
-615.8882103757462
 10
5649.540351004684
 20
-699.2903119326625
 10
5565.822462846551
 20
-782.6924134895739
 10
5272.809854293083
 20
-782.6924134895739
  0
LWPOLYLINE
  5
33
330
17
100
AcDbEntity
  8
RASTER_CONTOURS
100
AcDbPolyline
 90
6
 70
1
 10
7951.782275353364
 20
-699.2903119326625
 10
8077.359107590565
 20
-574.1871595972927
 10
8202.935939827763
 20
-574.1871595972927
 10
8286.653827985898
 20
-657.5892611542043
 10
8202.935939827763
 20
-782.6924134895739
 10
8035.500163511498
 20
-782.6924134895739
  0
LWPOLYLINE
  5
34
330
17
100
AcDbEntity
  8
RASTER_CONTOURS
100
AcDbPolyline
 90
7
 70
1
 10
5189.091966134949
 20
-490.78505804038116
 10
5272.809854293083
 20
-407.3829564834649
 10
5607.681406925619
 20
-407.3829564834649
 10
5649.540351004684
 20
-449.08400726192303
 10
5607.681406925619
 20
-532.4861088188346
 10
5440.24563060935
 20
-532.4861088188346
 10
5398.386686530283
 20
-574.1871595972927
  0
LWPOLYLINE
  5
35
330
17
100
AcDbEntity
  8
RASTER_CONTOURS
100
AcDbPolyline
 90
6
 70
1
 10
7993.64121943243
 20
-407.3829564834649
 10
8077.359107590565
 20
-323.9808549265533
 10
8244.79488390683
 20
-365.68190570501145
 10
8286.653827985898
 20
-449.08400726192303
 10
8202.935939827763
 20
-532.4861088188346
 10
8077.359107590565
 20
-532.4861088188346
  0
LWPOLYLINE
  5
36
330
17
100
AcDbEntity
  8
RASTER_CONTOURS
100
AcDbPolyline
 90
21
 70
1
 10
5063.515133897749
 20
-449.08400726192303
 10
5105.374077976815
 20
-574.1871595972927
 10
5063.515133897749
 20
-824.3934642680274
 10
5105.374077976815
 20
-907.7955658249437
 10
5272.809854293083
 20
-824.3934642680274
 10
5398.386686530283
 20
-824.3934642680274
 10
5440.24563060935
 20
-866.0945150464855
 10
5482.104574688417
 20
-824.3934642680274
 10
5565.822462846551
 20
-866.0945150464855
 10
5733.258239162818
 20
-866.0945150464855
 10
5775.117183241886
 20
-824.3934642680274
 10
5733.258239162818
 20
-699.2903119326625
 10
5775.117183241886
 20
-615.8882103757462
 10
5733.258239162818
 20
-532.4861088188346
 10
5775.117183241886
 20
-407.3829564834649
 10
5733.258239162818
 20
-365.68190570501145
 10
5482.104574688417
 20
-323.9808549265533
 10
5440.24563060935
 20
-240.57875336964176
 10
5356.527742451217
 20
-240.57875336964176
 10
5272.809854293083
 20
-323.9808549265533
 10
5147.2330220558815
 20
-323.9808549265533
  0
LWPOLYLINE
  5
37
330
17
100
AcDbEntity
  8
RASTER_CONTOURS
100
AcDbPolyline
 90
8
 70
1
 10
4686.784637186147
 20
-157.1766518127302
 10
4770.502525344281
 20
-157.1766518127302
 10
4854.220413502414
 20
-282.2798041480999
 10
4854.220413502414
 20
-365.68190570501145
 10
4770.502525344281
 20
-449.08400726192303
 10
4728.6435812652135
 20
-449.08400726192303
 10
4644.9256931070795
 20
-323.9808549265533
 10
4644.9256931070795
 20
-198.87770259118366
  0
LWPOLYLINE
  5
38
330
17
100
AcDbEntity
  8
RASTER_CONTOURS
100
AcDbPolyline
 90
8
 70
1
 10
8454.089604302166
 20
-115.47560103427207
 10
8579.666436539368
 20
-115.47560103427207
 10
8663.384324697501
 20
-198.87770259118366
 10
8663.384324697501
 20
-657.5892611542043
 10
8579.666436539368
 20
-782.6924134895739
 10
8454.089604302166
 20
-782.6924134895739
 10
8370.371716144033
 20
-699.2903119326625
 10
8370.371716144033
 20
-198.87770259118366
  0
LWPOLYLINE
  5
39
330
17
100
AcDbEntity
  8
RASTER_CONTOURS
100
AcDbPolyline
 90
6
 70
1
 10
7993.64121943243
 20
-157.1766518127302
 10
8035.500163511498
 20
-115.47560103427207
 10
8244.79488390683
 20
-115.47560103427207
 10
8286.653827985898
 20
-198.87770259118366
 10
8161.076995748699
 20
-282.2798041480999
 10
8077.359107590565
 20
-282.2798041480999
  0
LWPOLYLINE
  5
3A
330
17
100
AcDbEntity
  8
RASTER_CONTOURS
100
AcDbPolyline
 90
8
 70
1
 10
7700.628610878963
 20
-115.47560103427207
 10
7826.205443116163
 20
-115.47560103427207
 10
7909.923331274296
 20
-240.57875336964176
 10
7868.064387195231
 20
-323.9808549265533
 10
7868.064387195231
 20
-699.2903119326625
 10
7784.346499037097
 20
-782.6924134895739
 10
7658.769666799895
 20
-699.2903119326625
 10
7658.769666799895
 20
-157.1766518127302
  0
LWPOLYLINE
  5
3B
330
17
100
AcDbEntity
  8
RASTER_CONTOURS
100
AcDbPolyline
 90
4
 70
1
 10
6235.565568111621
 20
51.32860207955106
 10
6277.424512190688
 20
-157.1766518127302
 10
6403.001344427889
 20
-198.87770259118366
 10
6403.001344427889
 20
-73.77455025581862
  0
LWPOLYLINE
  5
3C
330
17
100
AcDbEntity
  8
RASTER_CONTOURS
100
AcDbPolyline
 90
23
 70
1
 10
3598.4520911304076
 20
218.13280519337886
 10
3472.875258893206
 20
93.02965285800919
 10
3514.7342029722736
 20
9.62755130109761
 10
3724.0289233676076
 20
134.7307036364673
 10
3891.464699683876
 20
9.62755130109761
 10
3891.464699683876
 20
-73.77455025581862
 10
3682.1699792885415
 20
-240.57875336964176
 10
3682.1699792885415
 20
-282.2798041480999
 10
3891.464699683876
 20
-449.08400726192303
 10
3891.464699683876
 20
-615.8882103757462
 10
3807.7468115257416
 20
-699.2903119326625
 10
3640.3110352094745
 20
-699.2903119326625
 10
3514.7342029722736
 20
-574.1871595972927
 10
3472.875258893206
 20
-699.2903119326625
 10
3556.5931470513406
 20
-782.6924134895739
 10
3765.8878674466746
 20
-824.3934642680274
 10
3891.464699683876
 20
-782.6924134895739
 10
4017.0415319210756
 20
-615.8882103757462
 10
4017.0415319210756
 20
-449.08400726192303
 10
3891.464699683876
 20
-282.2798041480999
 10
3975.1825878420086
 20
-157.1766518127302
 10
3975.1825878420086
 20
93.02965285800919
 10
3849.6057556048086
 20
218.13280519337886
  0
LWPOLYLINE
  5
3D
330
17
100
AcDbEntity
  8
RASTER_CONTOURS
100
AcDbPolyline
 90
24
 70
1
 10
7491.333890483628
 20
218.13280519337886
 10
7575.051778641762
 20
176.43175441492076
 10
7784.346499037097
 20
176.43175441492076
 10
7826.205443116163
 20
218.13280519337886
 10
7951.782275353364
 20
176.43175441492076
 10
7993.64121943243
 20
218.13280519337886
 10
8119.218051669632
 20
93.02965285800919
 10
8035.500163511498
 20
-32.073499477360514
 10
7575.051778641762
 20
-32.073499477360514
 10
7575.051778641762
 20
-907.7955658249437
 10
7700.628610878963
 20
-866.0945150464855
 10
8579.666436539368
 20
-866.0945150464855
 10
8705.243268776569
 20
-907.7955658249437
 10
8705.243268776569
 20
-323.9808549265533
 10
8747.102212855636
 20
-282.2798041480999
 10
8705.243268776569
 20
-240.57875336964176
 10
8705.243268776569
 20
-32.073499477360514
 10
8370.371716144033
 20
-32.073499477360514
 10
8202.935939827763
 20
51.32860207955106
 10
8286.653827985898
 20
176.43175441492076
 10
8747.102212855636
 20
176.43175441492076
 10
8788.961156934703
 20
218.13280519337886
 10
8747.102212855636
 20
259.8338559718323
 10
7533.192834562696
 20
259.8338559718323
  0
LWPOLYLINE
  5
3E
330
17
100
AcDbEntity
  8
RASTER_CONTOURS
100
AcDbPolyline
 90
13
 70
1
 10
29132.40797936121
 20
259.8338559718323
 10
29174.26692344028
 20
301.5349067502904
 10
30932.342574761085
 20
301.5349067502904
 10
30974.201518840153
 20
343.23595752874854
 10
31099.778351077355
 20
343.23595752874854
 10
31141.637295156423
 20
301.5349067502904
 10
32355.546673449364
 20
301.5349067502904
 10
32397.405617528428
 20
343.23595752874854
 10
32899.71294647723
 20
301.5349067502904
 10
32941.5718905563
 20
343.23595752874854
 10
33025.28977871443
 20
259.8338559718323
 10
32983.430834635365
 20
218.13280519337886
 10
29174.26692344028
 20
218.13280519337886
  0
LWPOLYLINE
  5
3F
330
17
100
AcDbEntity
  8
RASTER_CONTOURS
100
AcDbPolyline
 90
44
 70
1
 10
6193.706624032555
 20
301.5349067502904
 10
6109.988735874421
 20
259.8338559718323
 10
6109.988735874421
 20
218.13280519337886
 10
6235.565568111621
 20
176.43175441492076
 10
6319.283456269755
 20
218.13280519337886
 10
6528.578176665089
 20
218.13280519337886
 10
6654.15500890229
 20
93.02965285800919
 10
6654.15500890229
 20
-240.57875336964176
 10
6570.437120744156
 20
-323.9808549265533
 10
6026.270847716287
 20
-323.9808549265533
 10
6068.129791795353
 20
-407.3829564834649
 10
6570.437120744156
 20
-407.3829564834649
 10
6654.15500890229
 20
-490.78505804038116
 10
6612.296064823224
 20
-866.0945150464855
 10
6696.013952981358
 20
-907.7955658249437
 10
6696.013952981358
 20
-782.6924134895739
 10
6737.872897060424
 20
-740.9913627111158
 10
6696.013952981358
 20
-699.2903119326625
 10
6696.013952981358
 20
-532.4861088188346
 10
6779.731841139491
 20
-407.3829564834649
 10
7282.039170088294
 20
-407.3829564834649
 10
7323.898114167361
 20
-365.68190570501145
 10
7282.039170088294
 20
-323.9808549265533
 10
7030.885505613893
 20
-323.9808549265533
 10
6989.026561534826
 20
-282.2798041480999
 10
6989.026561534826
 20
-198.87770259118366
 10
7072.744449692958
 20
-157.1766518127302
 10
7156.462337851093
 20
-32.073499477360514
 10
7114.603393772026
 20
51.32860207955106
 10
7072.744449692958
 20
51.32860207955106
 10
6947.167617455759
 20
-115.47560103427207
 10
6989.026561534826
 20
-240.57875336964176
 10
6905.308673376691
 20
-323.9808549265533
 10
6779.731841139491
 20
-323.9808549265533
 10
6696.013952981358
 20
-198.87770259118366
 10
6737.872897060424
 20
134.7307036364673
 10
6779.731841139491
 20
176.43175441492076
 10
7072.744449692958
 20
176.43175441492076
 10
7198.32128193016
 20
218.13280519337886
 10
7198.32128193016
 20
259.8338559718323
 10
6779.731841139491
 20
259.8338559718323
 10
6737.872897060424
 20
301.5349067502904
 10
6361.142400348822
 20
259.8338559718323
 10
6319.283456269755
 20
301.5349067502904
  0
LWPOLYLINE
  5
40
330
17
100
AcDbEntity
  8
RASTER_CONTOURS
100
AcDbPolyline
 90
14
 70
1
 10
5482.104574688417
 20
301.5349067502904
 10
5440.24563060935
 20
176.43175441492076
 10
5482.104574688417
 20
-157.1766518127302
 10
5565.822462846551
 20
-198.87770259118366
 10
5816.976127320952
 20
-157.1766518127302
 10
5858.83507140002
 20
-115.47560103427207
 10
5816.976127320952
 20
-32.073499477360514
 10
5691.399295083751
 20
-115.47560103427207
 10
5565.822462846551
 20
-32.073499477360514
 10
5565.822462846551
 20
51.32860207955106
 10
5775.117183241886
 20
218.13280519337886
 10
5649.540351004684
 20
218.13280519337886
 10
5607.681406925619
 20
176.43175441492076
 10
5523.963518767484
 20
301.5349067502904
  0
LWPOLYLINE
  5
41
330
17
100
AcDbEntity
  8
RASTER_CONTOURS
100
AcDbPolyline
 90
9
 70
1
 10
5105.374077976815
 20
301.5349067502904
 10
5105.374077976815
 20
-32.073499477360514
 10
5021.656189818682
 20
-157.1766518127302
 10
5356.527742451217
 20
-115.47560103427207
 10
5314.66879837215
 20
-32.073499477360514
 10
5189.091966134949
 20
9.62755130109761
 10
5230.950910214016
 20
93.02965285800919
 10
5314.66879837215
 20
93.02965285800919
 10
5314.66879837215
 20
176.43175441492076
  0
LWPOLYLINE
  5
42
330
17
100
AcDbEntity
  8
RASTER_CONTOURS
100
AcDbPolyline
 90
14
 70
1
 10
4896.0793575814805
 20
343.23595752874854
 10
4644.9256931070795
 20
343.23595752874854
 10
4603.066749028012
 20
301.5349067502904
 10
4603.066749028012
 20
-740.9913627111158
 10
4561.2078049489455
 20
-782.6924134895739
 10
4603.066749028012
 20
-866.0945150464855
 10
4644.9256931070795
 20
-866.0945150464855
 10
4644.9256931070795
 20
-657.5892611542043
 10
4854.220413502414
 20
-532.4861088188346
 10
4937.938301660548
 20
-407.3829564834649
 10
4896.0793575814805
 20
-157.1766518127302
 10
4812.3614694233465
 20
-73.77455025581862
 10
4812.3614694233465
 20
9.62755130109761
 10
4937.938301660548
 20
218.13280519337886
  0
LWPOLYLINE
  5
43
330
17
100
AcDbEntity
  8
RASTER_CONTOURS
100
AcDbPolyline
 90
6
 70
1
 10
29216.125867519346
 20
468.3391098641136
 10
29257.984811598413
 20
510.0401606425717
 10
30848.624686602954
 20
510.0401606425717
 10
30890.483630682018
 20
426.63805908566013
 10
30848.624686602954
 20
384.937008307202
 10
29257.984811598413
 20
384.937008307202
  0
LWPOLYLINE
  5
44
330
17
100
AcDbEntity
  8
RASTER_CONTOURS
100
AcDbPolyline
 90
6
 70
1
 10
26118.56400566839
 20
468.3391098641136
 10
26160.42294974746
 20
510.0401606425717
 10
29048.69009120308
 20
510.0401606425717
 10
29090.549035282143
 20
468.3391098641136
 10
29006.831147124012
 20
384.937008307202
 10
26202.281893826526
 20
384.937008307202
  0
LWPOLYLINE
  5
45
330
17
100
AcDbEntity
  8
RASTER_CONTOURS
100
AcDbPolyline
 90
8
 70
1
 10
31225.355183314558
 20
426.63805908566013
 10
31267.21412739362
 20
510.0401606425717
 10
31392.790959630824
 20
510.0401606425717
 10
31434.64990370989
 20
551.7412114210298
 10
33025.28977871443
 20
551.7412114210298
 10
33109.00766687257
 20
468.3391098641136
 10
32983.430834635365
 20
384.937008307202
 10
31267.21412739362
 20
384.937008307202
  0
LWPOLYLINE
  5
46
330
17
100
AcDbEntity
  8
RASTER_CONTOURS
100
AcDbPolyline
 90
2
 70
1
 10
42359.83430834635
 20
593.4422621994833
 10
43071.43635769048
 20
593.4422621994833
  0
LWPOLYLINE
  5
47
330
17
100
AcDbEntity
  8
RASTER_CONTOURS
100
AcDbPolyline
 90
2
 70
1
 10
39639.002943207
 20
593.4422621994833
 10
41564.51437084408
 20
593.4422621994833
  0
LWPOLYLINE
  5
48
330
17
100
AcDbEntity
  8
RASTER_CONTOURS
100
AcDbPolyline
 90
5
 70
1
 10
39555.28505504887
 20
593.4422621994833
 10
39011.118782020996
 20
593.4422621994833
 10
38969.25983794193
 20
635.1433129779414
 10
38927.40089386286
 20
593.4422621994833
 10
37964.645180044325
 20
593.4422621994833
  0
LWPOLYLINE
  5
49
330
17
100
AcDbEntity
  8
RASTER_CONTOURS
100
AcDbPolyline
 90
12
 70
1
 10
10630.754696413644
 20
1052.153820762504
 10
10798.190472729912
 20
1052.153820762504
 10
10881.908360888046
 20
885.3496176486761
 10
10840.049416808979
 20
426.63805908566013
 10
10798.190472729912
 20
384.937008307202
 10
10672.613640492711
 20
384.937008307202
 10
10630.754696413644
 20
426.63805908566013
 10
10630.754696413644
 20
676.8443637563948
 10
10588.895752334576
 20
718.545414534853
 10
10630.754696413644
 20
843.6485668702227
 10
10588.895752334576
 20
885.3496176486761
 10
10588.895752334576
 20
1010.4527699840457
  0
LWPOLYLINE
  5
4A
330
17
100
AcDbEntity
  8
RASTER_CONTOURS
100
AcDbPolyline
 90
10
 70
1
 10
49810.72635442025
 20
1302.3601254332432
 10
49936.30318665746
 20
1302.3601254332432
 10
50020.021074815595
 20
1177.2569730978737
 10
50020.021074815595
 20
801.9475160917646
 10
49936.30318665746
 20
718.545414534853
 10
49810.72635442025
 20
718.545414534853
 10
49727.008466262116
 20
801.9475160917646
 10
49768.86741034119
 20
927.0506684271343
 10
49727.008466262116
 20
1010.4527699840457
 10
49727.008466262116
 20
1218.958023876327
  0
LWPOLYLINE
  5
4B
330
17
100
AcDbEntity
  8
RASTER_CONTOURS
100
AcDbPolyline
 90
8
 70
1
 10
49643.29057810398
 20
1344.0611762116966
 10
49727.008466262116
 20
1260.6590746547852
 10
49727.008466262116
 20
801.9475160917646
 10
49643.29057810398
 20
718.545414534853
 10
49475.85480178771
 20
718.545414534853
 10
49433.99585770866
 20
760.2464653133111
 10
49433.99585770866
 20
1093.8548715409574
 10
49517.713745866786
 20
1260.6590746547852
  0
LWPOLYLINE
  5
4C
330
17
100
AcDbEntity
  8
RASTER_CONTOURS
100
AcDbPolyline
 90
11
 70
1
 10
51024.63573271321
 20
1385.7622269901549
 10
51192.07150902947
 20
1385.7622269901549
 10
51275.789397187604
 20
1260.6590746547852
 10
51233.93045310853
 20
1177.2569730978737
 10
51233.93045310853
 20
1052.153820762504
 10
51275.789397187604
 20
1010.4527699840457
 10
51233.93045310853
 20
885.3496176486761
 10
51275.789397187604
 20
801.9475160917646
 10
51108.353620871334
 20
676.8443637563948
 10
50982.776788634124
 20
760.2464653133111
 10
50982.776788634124
 20
1344.0611762116966
  0
LWPOLYLINE
  5
4D
330
17
100
AcDbEntity
  8
RASTER_CONTOURS
100
AcDbPolyline
 90
7
 70
1
 10
49392.136913629576
 20
1385.7622269901549
 10
49433.99585770866
 20
1344.0611762116966
 10
49433.99585770866
 20
1093.8548715409574
 10
49308.41902547144
 20
885.3496176486761
 10
49224.70113731331
 20
1010.4527699840457
 10
49224.70113731331
 20
1302.3601254332432
 10
49308.41902547144
 20
1385.7622269901549
  0
LWPOLYLINE
  5
4E
330
17
100
AcDbEntity
  8
RASTER_CONTOURS
100
AcDbPolyline
 90
8
 70
1
 10
28085.93437738454
 20
1385.7622269901549
 10
28002.216489226405
 20
1510.8653793255246
 10
27960.35754514734
 20
1510.8653793255246
 10
27876.639656989206
 20
1427.4632777686084
 10
27667.34493659387
 20
1427.4632777686084
 10
27667.34493659387
 20
1302.3601254332432
 10
27876.639656989206
 20
1302.3601254332432
 10
28002.216489226405
 20
1218.958023876327
  0
LWPOLYLINE
  5
4F
330
17
100
AcDbEntity
  8
RASTER_CONTOURS
100
AcDbPolyline
 90
14
 70
1
 10
29802.15108462628
 20
1552.566430103978
 10
29760.29214054721
 20
1510.8653793255246
 10
29718.433196468148
 20
1552.566430103978
 10
29592.856364230945
 20
1385.7622269901549
 10
29425.420587914683
 20
1385.7622269901549
 10
29383.561643835616
 20
1427.4632777686084
 10
29299.84375567748
 20
1385.7622269901549
 10
29383.561643835616
 20
1260.6590746547852
 10
29383.561643835616
 20
968.7517192055924
 10
29341.702699756548
 20
927.0506684271343
 10
29383.561643835616
 20
885.3496176486761
 10
29509.13847607281
 20
1093.8548715409574
 10
29509.13847607281
 20
1260.6590746547852
 10
29844.010028705346
 20
1469.1643285470664
  0
LWPOLYLINE
  5
50
330
17
100
AcDbEntity
  8
RASTER_CONTOURS
100
AcDbPolyline
 90
14
 70
1
 10
37211.184186621125
 20
1552.566430103978
 10
37294.90207477926
 20
1677.6695824393478
 10
44117.909959667166
 20
1677.6695824393478
 10
44159.768903746226
 20
1635.9685316608895
 10
44285.345735983436
 20
1677.6695824393478
 10
44536.49940045783
 20
1594.267480882436
 10
44536.49940045783
 20
676.8443637563948
 10
44494.64045637876
 20
635.1433129779414
 10
44536.49940045783
 20
468.3391098641136
 10
44452.781512299705
 20
384.937008307202
 10
37336.76101885833
 20
384.937008307202
 10
37253.04313070019
 20
468.3391098641136
 10
37294.90207477926
 20
635.1433129779414
 10
37211.184186621125
 20
718.545414534853
  0
LWPOLYLINE
  5
51
330
17
100
AcDbEntity
  8
RASTER_CONTOURS
100
AcDbPolyline
 90
22
 70
1
 10
37169.32524254206
 20
1719.3706332178058
 10
37169.32524254206
 20
384.937008307202
 10
37211.184186621125
 20
343.23595752874854
 10
37964.645180044325
 20
343.23595752874854
 10
38006.50412412339
 20
301.5349067502904
 10
38592.52934123033
 20
301.5349067502904
 10
38634.3882853094
 20
343.23595752874854
 10
38718.10617346753
 20
301.5349067502904
 10
44578.35834453689
 20
301.5349067502904
 10
44620.21728861597
 20
343.23595752874854
 10
44620.21728861597
 20
1677.6695824393478
 10
44578.35834453689
 20
1719.3706332178058
 10
38969.25983794193
 20
1719.3706332178058
 10
38927.40089386286
 20
1761.0716839962593
 10
38843.68300570473
 20
1719.3706332178058
 10
38466.95250899313
 20
1719.3706332178058
 10
38425.09356491407
 20
1761.0716839962593
 10
38090.22201228153
 20
1761.0716839962593
 10
38048.36306820246
 20
1719.3706332178058
 10
37420.478907016455
 20
1719.3706332178058
 10
37336.76101885833
 20
1761.0716839962593
 10
37294.90207477926
 20
1719.3706332178058
  0
LWPOLYLINE
  5
52
330
17
100
AcDbEntity
  8
RASTER_CONTOURS
100
AcDbPolyline
 90
7
 70
1
 10
49936.30318665746
 20
1844.4737855531707
 10
50020.021074815595
 20
1761.0716839962593
 10
50020.021074815595
 20
1594.267480882436
 10
49936.30318665746
 20
1510.8653793255246
 10
49852.585298499325
 20
1510.8653793255246
 10
49810.72635442025
 20
1552.566430103978
 10
49810.72635442025
 20
1677.6695824393478
  0
LWPOLYLINE
  5
53
330
17
100
AcDbEntity
  8
RASTER_CONTOURS
100
AcDbPolyline
 90
3
 70
1
 10
54582.64597943387
 20
1886.174836331629
 10
54582.64597943387
 20
1427.4632777686084
 10
54624.504923512955
 20
1552.566430103978
  0
LWPOLYLINE
  5
54
330
17
100
AcDbEntity
  8
RASTER_CONTOURS
100
AcDbPolyline
 90
10
 70
1
 10
53661.74920969442
 20
2094.68009022391
 10
53787.326041931614
 20
2011.2779886669987
 10
53787.326041931614
 20
1802.7727347747173
 10
53829.18498601067
 20
1761.0716839962593
 10
53787.326041931614
 20
1719.3706332178058
 10
53787.326041931614
 20
1344.0611762116966
 10
53745.46709785253
 20
1302.3601254332432
 10
53661.74920969442
 20
1302.3601254332432
 10
53578.031321536284
 20
1385.7622269901549
 10
53578.031321536284
 20
2011.2779886669987
  0
LWPOLYLINE
  5
55
330
17
100
AcDbEntity
  8
RASTER_CONTOURS
100
AcDbPolyline
 90
17
 70
1
 10
25281.385124087057
 20
2094.68009022391
 10
25825.551397114927
 20
2094.68009022391
 10
25909.26928527306
 20
2011.2779886669987
 10
25867.410341193994
 20
1927.875887110087
 10
25909.26928527306
 20
1886.174836331629
 10
25867.410341193994
 20
1761.0716839962593
 10
25909.26928527306
 20
718.545414534853
 10
25825.551397114927
 20
593.4422621994833
 10
25909.26928527306
 20
468.3391098641136
 10
25825.551397114927
 20
384.937008307202
 10
25323.244068166125
 20
384.937008307202
 10
25239.52618000799
 20
468.3391098641136
 10
25281.385124087057
 20
593.4422621994833
 10
25197.667235928922
 20
843.6485668702227
 10
25197.667235928922
 20
1802.7727347747173
 10
25239.52618000799
 20
1844.4737855531707
 10
25197.667235928922
 20
1886.174836331629
  0
LWPOLYLINE
  5
56
330
17
100
AcDbEntity
  8
RASTER_CONTOURS
100
AcDbPolyline
 90
26
 70
1
 10
22058.246429998908
 20
2052.979039445452
 10
22100.10537407797
 20
2094.68009022391
 10
22393.117982631444
 20
2094.68009022391
 10
22434.97692671051
 20
2052.979039445452
 10
22686.130591184912
 20
2052.979039445452
 10
22727.989535263976
 20
2094.68009022391
 10
24779.077795138255
 20
2094.68009022391
 10
24904.654627375457
 20
2052.979039445452
 10
24988.372515533585
 20
1969.5769378885404
 10
24988.372515533585
 20
718.545414534853
 10
24862.79568329639
 20
676.8443637563948
 10
24862.79568329639
 20
593.4422621994833
 10
24988.372515533585
 20
510.0401606425717
 10
24988.372515533585
 20
426.63805908566013
 10
24946.513571454525
 20
384.937008307202
 10
22560.55375894771
 20
384.937008307202
 10
22518.694814868642
 20
426.63805908566013
 10
22518.694814868642
 20
551.7412114210298
 10
22644.271647105845
 20
593.4422621994833
 10
22644.271647105845
 20
635.1433129779414
 10
22476.835870789575
 20
760.2464653133111
 10
22476.835870789575
 20
1302.3601254332432
 10
22434.97692671051
 20
1344.0611762116966
 10
22393.117982631444
 20
1302.3601254332432
 10
22141.96431815704
 20
1302.3601254332432
 10
22058.246429998908
 20
1385.7622269901549
  0
LWPOLYLINE
  5
57
330
17
100
AcDbEntity
  8
RASTER_CONTOURS
100
AcDbPolyline
 90
6
 70
1
 10
54666.36386759201
 20
2094.68009022391
 10
54750.08175575014
 20
1969.5769378885404
 10
54750.08175575014
 20
1427.4632777686084
 10
54791.94069982922
 20
1761.0716839962593
 10
54750.08175575014
 20
1802.7727347747173
 10
54708.22281167108
 20
2094.68009022391
  0
LWPOLYLINE
  5
58
330
17
100
AcDbEntity
  8
RASTER_CONTOURS
100
AcDbPolyline
 90
21
 70
1
 10
51024.63573271321
 20
2178.0821917808216
 10
51192.07150902947
 20
2178.0821917808216
 10
51233.93045310853
 20
2136.381141002368
 10
51526.94306166199
 20
2178.0821917808216
 10
51568.80200574107
 20
2136.381141002368
 10
51568.80200574107
 20
1510.8653793255246
 10
51443.22517350387
 20
1427.4632777686084
 10
51443.22517350387
 20
1385.7622269901549
 10
51568.80200574107
 20
1302.3601254332432
 10
51568.80200574107
 20
760.2464653133111
 10
51443.22517350387
 20
676.8443637563948
 10
51401.3662294248
 20
718.545414534853
 10
51359.50728534574
 20
676.8443637563948
 10
51275.789397187604
 20
760.2464653133111
 10
51275.789397187604
 20
1344.0611762116966
 10
51317.648341266664
 20
1385.7622269901549
 10
51275.789397187604
 20
1927.875887110087
 10
51233.93045310853
 20
1510.8653793255246
 10
51108.353620871334
 20
1385.7622269901549
 10
50982.776788634124
 20
1469.1643285470664
 10
50982.776788634124
 20
2136.381141002368
  0
LWPOLYLINE
  5
59
330
17
100
AcDbEntity
  8
RASTER_CONTOURS
100
AcDbPolyline
 90
15
 70
1
 10
50731.62312415973
 20
2178.0821917808216
 10
50899.05890047599
 20
2178.0821917808216
 10
50940.91784455507
 20
2136.381141002368
 10
50940.91784455507
 20
1469.1643285470664
 10
50857.19995639694
 20
1427.4632777686084
 10
50940.91784455507
 20
1344.0611762116966
 10
50940.91784455507
 20
1052.153820762504
 10
50982.776788634124
 20
968.7517192055924
 10
50899.05890047599
 20
718.545414534853
 10
50731.62312415973
 20
718.545414534853
 10
50647.90523600159
 20
885.3496176486761
 10
50647.90523600159
 20
1302.3601254332432
 10
50731.62312415973
 20
1385.7622269901549
 10
50647.90523600159
 20
1510.8653793255246
 10
50647.90523600159
 20
2094.68009022391
  0
LWPOLYLINE
  5
5A
330
17
100
AcDbEntity
  8
RASTER_CONTOURS
100
AcDbPolyline
 90
14
 70
1
 10
50438.61051560626
 20
2178.0821917808216
 10
50564.18734784346
 20
2178.0821917808216
 10
50647.90523600159
 20
2052.979039445452
 10
50606.04629192253
 20
1469.1643285470664
 10
50564.18734784346
 20
1427.4632777686084
 10
50606.04629192253
 20
1344.0611762116966
 10
50606.04629192253
 20
760.2464653133111
 10
50564.18734784346
 20
718.545414534853
 10
50438.61051560626
 20
718.545414534853
 10
50354.89262744813
 20
801.9475160917646
 10
50354.89262744813
 20
1302.3601254332432
 10
50438.61051560626
 20
1385.7622269901549
 10
50354.89262744813
 20
1510.8653793255246
 10
50354.89262744813
 20
2094.68009022391
  0
LWPOLYLINE
  5
5B
330
17
100
AcDbEntity
  8
RASTER_CONTOURS
100
AcDbPolyline
 90
19
 70
1
 10
50145.59790705278
 20
2178.0821917808216
 10
50271.17473928999
 20
2178.0821917808216
 10
50313.03368336905
 20
2136.381141002368
 10
50313.03368336905
 20
1886.174836331629
 10
50354.89262744813
 20
1844.4737855531707
 10
50313.03368336905
 20
1469.1643285470664
 10
50187.456851131865
 20
1427.4632777686084
 10
50187.456851131865
 20
1385.7622269901549
 10
50271.17473928999
 20
1385.7622269901549
 10
50354.89262744813
 20
1260.6590746547852
 10
50354.89262744813
 20
801.9475160917646
 10
50271.17473928999
 20
718.545414534853
 10
50103.73896297373
 20
718.545414534853
 10
50020.021074815595
 20
843.6485668702227
 10
50020.021074815595
 20
1093.8548715409574
 10
50103.73896297373
 20
1385.7622269901549
 10
50020.021074815595
 20
1552.566430103978
 10
50061.88001889465
 20
1635.9685316608895
 10
50061.88001889465
 20
2094.68009022391
  0
LWPOLYLINE
  5
5C
330
17
100
AcDbEntity
  8
RASTER_CONTOURS
100
AcDbPolyline
 90
10
 70
1
 10
49601.43163402492
 20
2178.0821917808216
 10
49727.008466262116
 20
2178.0821917808216
 10
49810.72635442025
 20
2094.68009022391
 10
49810.72635442025
 20
1719.3706332178058
 10
49768.86741034119
 20
1677.6695824393478
 10
49768.86741034119
 20
1552.566430103978
 10
49685.149522183056
 20
1469.1643285470664
 10
49559.572689945846
 20
1469.1643285470664
 10
49517.713745866786
 20
1510.8653793255246
 10
49517.713745866786
 20
2094.68009022391
  0
LWPOLYLINE
  5
5D
330
17
100
AcDbEntity
  8
RASTER_CONTOURS
100
AcDbPolyline
 90
48
 70
1
 10
48680.534864285444
 20
2178.0821917808216
 10
48806.11169652266
 20
2178.0821917808216
 10
48889.82958468079
 20
2052.979039445452
 10
48973.54747283892
 20
2178.0821917808216
 10
49140.98324915519
 20
2178.0821917808216
 10
49224.70113731331
 20
2094.68009022391
 10
49224.70113731331
 20
1886.174836331629
 10
49224.70113731331
 20
2094.68009022391
 10
49308.41902547144
 20
2178.0821917808216
 10
49433.99585770866
 20
2178.0821917808216
 10
49475.85480178771
 20
2136.381141002368
 10
49475.85480178771
 20
1761.0716839962593
 10
49517.713745866786
 20
1719.3706332178058
 10
49475.85480178771
 20
1510.8653793255246
 10
49392.136913629576
 20
1427.4632777686084
 10
49308.41902547144
 20
1427.4632777686084
 10
49224.70113731331
 20
1510.8653793255246
 10
49224.70113731331
 20
1802.7727347747173
 10
49224.70113731331
 20
1552.566430103978
 10
49099.12430507612
 20
1427.4632777686084
 10
49099.12430507612
 20
1385.7622269901549
 10
49224.70113731331
 20
1302.3601254332432
 10
49224.70113731331
 20
1177.2569730978737
 10
49182.84219323425
 20
1135.5559223194155
 10
49224.70113731331
 20
927.0506684271343
 10
49140.98324915519
 20
718.545414534853
 10
48973.54747283892
 20
718.545414534853
 10
48889.82958468079
 20
801.9475160917646
 10
48931.68852875985
 20
885.3496176486761
 10
48889.82958468079
 20
1260.6590746547852
 10
48973.54747283892
 20
1385.7622269901549
 10
48889.82958468079
 20
1552.566430103978
 10
48889.82958468079
 20
1969.5769378885404
 10
48889.82958468079
 20
1510.8653793255246
 10
48806.11169652266
 20
1385.7622269901549
 10
48889.82958468079
 20
1302.3601254332432
 10
48889.82958468079
 20
801.9475160917646
 10
48806.11169652266
 20
718.545414534853
 10
48680.534864285444
 20
718.545414534853
 10
48638.67592020639
 20
760.2464653133111
 10
48638.67592020639
 20
1177.2569730978737
 10
48596.81697612732
 20
1260.6590746547852
 10
48722.393808364526
 20
1427.4632777686084
 10
48680.534864285444
 20
1427.4632777686084
 10
48596.81697612732
 20
1552.566430103978
 10
48596.81697612732
 20
1719.3706332178058
 10
48638.67592020639
 20
1761.0716839962593
 10
48638.67592020639
 20
2136.381141002368
  0
LWPOLYLINE
  5
5E
330
17
100
AcDbEntity
  8
RASTER_CONTOURS
100
AcDbPolyline
 90
14
 70
1
 10
48387.52225573199
 20
2178.0821917808216
 10
48513.09908796918
 20
2178.0821917808216
 10
48596.81697612732
 20
2094.68009022391
 10
48596.81697612732
 20
1510.8653793255246
 10
48513.09908796918
 20
1427.4632777686084
 10
48596.81697612732
 20
1302.3601254332432
 10
48596.81697612732
 20
801.9475160917646
 10
48513.09908796918
 20
718.545414534853
 10
48345.66331165291
 20
718.545414534853
 10
48303.80436757385
 20
760.2464653133111
 10
48303.80436757385
 20
1344.0611762116966
 10
48345.66331165291
 20
1385.7622269901549
 10
48303.80436757385
 20
1469.1643285470664
 10
48303.80436757385
 20
2094.68009022391
  0
LWPOLYLINE
  5
5F
330
17
100
AcDbEntity
  8
RASTER_CONTOURS
100
AcDbPolyline
 90
8
 70
1
 10
16700.301587878344
 20
2803.5979534576654
 10
16700.301587878344
 20
2678.4948011223005
 10
16742.160531957412
 20
2636.7937503438425
 10
16700.301587878344
 20
2595.0926995653845
 10
16700.301587878344
 20
2469.989547230019
 10
16784.019476036476
 20
2511.6905980084725
 10
16784.019476036476
 20
2720.195851900754
 10
16742.160531957412
 20
2803.5979534576654
  0
LWPOLYLINE
  5
60
330
17
100
AcDbEntity
  8
RASTER_CONTOURS
100
AcDbPolyline
 90
4
 70
1
 10
15402.67432142727
 20
2803.5979534576654
 10
15360.815377348204
 20
2761.896902679212
 10
15360.815377348204
 20
2511.6905980084725
 10
15402.67432142727
 20
2511.6905980084725
  0
LWPOLYLINE
  5
61
330
17
100
AcDbEntity
  8
RASTER_CONTOURS
100
AcDbPolyline
 90
8
 70
1
 10
19546.70978525489
 20
3095.505308906863
 10
19462.99189709676
 20
3053.804258128405
 10
19504.850841175823
 20
2970.4021565714934
 10
19504.850841175823
 20
2219.78324255928
 10
19462.99189709676
 20
2136.381141002368
 10
19504.850841175823
 20
2094.68009022391
 10
19588.568729333958
 20
2094.68009022391
 10
19588.568729333958
 20
3053.804258128405
  0
LWPOLYLINE
  5
62
330
17
100
AcDbEntity
  8
RASTER_CONTOURS
100
AcDbPolyline
 90
7
 70
1
 10
50229.31579521092
 20
3178.907410463775
 10
50396.75157152719
 20
3178.907410463775
 10
50438.61051560626
 20
3137.2063596853163
 10
50438.61051560626
 20
2595.0926995653845
 10
50354.89262744813
 20
2511.6905980084725
 10
50145.59790705278
 20
2595.0926995653845
 10
50145.59790705278
 20
3095.505308906863
  0
LWPOLYLINE
  5
63
330
17
100
AcDbEntity
  8
RASTER_CONTOURS
100
AcDbPolyline
 90
5
 70
1
 10
27667.34493659387
 20
3178.907410463775
 10
27625.4859925148
 20
3095.505308906863
 10
27667.34493659387
 20
2928.7011057930354
 10
27751.062824752004
 20
3012.103207349947
 10
27751.062824752004
 20
3095.505308906863
  0
LWPOLYLINE
  5
64
330
17
100
AcDbEntity
  8
RASTER_CONTOURS
100
AcDbPolyline
 90
7
 70
1
 10
30764.90679844482
 20
3262.3095120206863
 10
30681.188910286684
 20
3095.505308906863
 10
30764.90679844482
 20
2928.7011057930354
 10
30890.483630682018
 20
3012.103207349947
 10
31057.919406998288
 20
3012.103207349947
 10
31057.919406998288
 20
3137.2063596853163
 10
30890.483630682018
 20
3137.2063596853163
  0
LWPOLYLINE
  5
65
330
17
100
AcDbEntity
  8
RASTER_CONTOURS
100
AcDbPolyline
 90
4
 70
1
 10
47675.92020638784
 20
3345.7116135775977
 10
47592.202318229705
 20
3262.3095120206863
 10
47675.92020638784
 20
3095.505308906863
 10
47717.779150466915
 20
3220.6084612422283
  0
LWPOLYLINE
  5
66
330
17
100
AcDbEntity
  8
RASTER_CONTOURS
100
AcDbPolyline
 90
24
 70
1
 10
45248.101449801965
 20
3387.4126643560558
 10
45708.54983467169
 20
3387.4126643560558
 10
45750.408778750774
 20
3345.7116135775977
 10
45750.408778750774
 20
676.8443637563948
 10
45708.54983467169
 20
635.1433129779414
 10
45750.408778750774
 20
468.3391098641136
 10
45666.69089059264
 20
384.937008307202
 10
45373.67828203916
 20
384.937008307202
 10
45289.960393881025
 20
468.3391098641136
 10
45331.8193379601
 20
593.4422621994833
 10
45248.101449801965
 20
718.545414534853
 10
45248.101449801965
 20
927.0506684271343
 10
45122.524617564755
 20
1052.153820762504
 10
45122.524617564755
 20
1135.5559223194155
 10
45122.524617564755
 20
1052.153820762504
 10
45038.80672940662
 20
968.7517192055924
 10
44913.22989716943
 20
968.7517192055924
 10
44787.65306493222
 20
1052.153820762504
 10
44787.65306493222
 20
2803.5979534576654
 10
44871.37095309035
 20
2887.000055014582
 10
45038.80672940662
 20
2887.000055014582
 10
45122.524617564755
 20
2761.896902679212
 10
45164.38356164383
 20
2887.000055014582
 10
45164.38356164383
 20
3304.0105627991443
  0
LWPOLYLINE
  5
67
330
17
100
AcDbEntity
  8
RASTER_CONTOURS
100
AcDbPolyline
 90
15
 70
1
 10
7826.205443116163
 20
3554.216867469879
 10
7826.205443116163
 20
3470.8147659129672
 10
7951.782275353364
 20
3470.8147659129672
 10
8035.500163511498
 20
3387.4126643560558
 10
7993.64121943243
 20
3304.0105627991443
 10
8077.359107590565
 20
3220.6084612422283
 10
8161.076995748699
 20
3220.6084612422283
 10
8286.653827985898
 20
3137.2063596853163
 10
8328.512772064965
 20
3178.907410463775
 10
8202.935939827763
 20
3345.7116135775977
 10
8202.935939827763
 20
3429.113715134509
 10
8077.359107590565
 20
3429.113715134509
 10
8035.500163511498
 20
3387.4126643560558
 10
7951.782275353364
 20
3470.8147659129672
 10
7951.782275353364
 20
3554.216867469879
  0
LWPOLYLINE
  5
68
330
17
100
AcDbEntity
  8
RASTER_CONTOURS
100
AcDbPolyline
 90
6
 70
1
 10
34992.66015043058
 20
3595.917918248337
 10
35034.51909450965
 20
3637.618969026795
 10
35453.10853530031
 20
3637.618969026795
 10
35494.967479379375
 20
3595.917918248337
 10
35453.10853530031
 20
3554.216867469879
 10
35034.51909450965
 20
3554.216867469879
  0
LWPOLYLINE
  5
69
330
17
100
AcDbEntity
  8
RASTER_CONTOURS
100
AcDbPolyline
 90
6
 70
1
 10
49517.713745866786
 20
3721.0210705837067
 10
49517.713745866786
 20
3429.113715134509
 10
49433.99585770866
 20
3262.3095120206863
 10
49517.713745866786
 20
3137.2063596853163
 10
49601.43163402492
 20
3220.6084612422283
 10
49517.713745866786
 20
3345.7116135775977
  0
LWPOLYLINE
  5
6A
330
17
100
AcDbEntity
  8
RASTER_CONTOURS
100
AcDbPolyline
 90
4
 70
1
 10
32020.675120816824
 20
3846.1242229190766
 10
32146.251953054027
 20
3721.0210705837067
 10
32104.39300897496
 20
3637.618969026795
 10
31936.957232658693
 20
3762.72212136216
  0
LWPOLYLINE
  5
6B
330
17
100
AcDbEntity
  8
RASTER_CONTOURS
100
AcDbPolyline
 90
108
 70
1
 10
48596.81697612732
 20
3846.1242229190766
 10
48596.81697612732
 20
3345.7116135775977
 10
48513.09908796918
 20
3304.0105627991443
 10
48513.09908796918
 20
3220.6084612422283
 10
48596.81697612732
 20
3178.907410463775
 10
48596.81697612732
 20
2553.391648786931
 10
48513.09908796918
 20
2469.989547230019
 10
48387.52225573199
 20
2469.989547230019
 10
48303.80436757385
 20
2553.391648786931
 10
48303.80436757385
 20
3178.907410463775
 10
48345.66331165291
 20
3304.0105627991443
 10
48303.80436757385
 20
3429.113715134509
 10
48261.94542349478
 20
3429.113715134509
 10
48261.94542349478
 20
3345.7116135775977
 10
48178.22753533664
 20
3262.3095120206863
 10
48261.94542349478
 20
3178.907410463775
 10
48261.94542349478
 20
2511.6905980084725
 10
48220.08647941572
 20
2469.989547230019
 10
48052.650703099454
 20
2469.989547230019
 10
47968.93281494132
 20
2636.7937503438425
 10
47968.93281494132
 20
2553.391648786931
 10
47885.214926783185
 20
2469.989547230019
 10
47759.638094545975
 20
2469.989547230019
 10
47675.92020638784
 20
2595.0926995653845
 10
47508.48443007157
 20
2469.989547230019
 10
47466.62548599251
 20
2386.587445673103
 10
47466.62548599251
 20
2261.4842933377336
 10
47592.202318229705
 20
2178.0821917808216
 10
47675.92020638784
 20
2052.979039445452
 10
47675.92020638784
 20
1677.6695824393478
 10
47675.92020638784
 20
2094.68009022391
 10
47759.638094545975
 20
2178.0821917808216
 10
47927.07387086224
 20
2178.0821917808216
 10
48010.79175902037
 20
2052.979039445452
 10
48052.650703099454
 20
2178.0821917808216
 10
48220.08647941572
 20
2178.0821917808216
 10
48261.94542349478
 20
2136.381141002368
 10
48261.94542349478
 20
1469.1643285470664
 10
48178.22753533664
 20
1385.7622269901549
 10
48094.50964717851
 20
1385.7622269901549
 10
48010.79175902037
 20
1469.1643285470664
 10
48010.79175902037
 20
1677.6695824393478
 10
47885.214926783185
 20
1385.7622269901549
 10
47968.93281494132
 20
1344.0611762116966
 10
47968.93281494132
 20
885.3496176486761
 10
48010.79175902037
 20
927.0506684271343
 10
48010.79175902037
 20
1344.0611762116966
 10
48052.650703099454
 20
1385.7622269901549
 10
48220.08647941572
 20
1385.7622269901549
 10
48261.94542349478
 20
1344.0611762116966
 10
48261.94542349478
 20
801.9475160917646
 10
48178.22753533664
 20
718.545414534853
 10
48052.650703099454
 20
718.545414534853
 10
48010.79175902037
 20
801.9475160917646
 10
47927.07387086224
 20
718.545414534853
 10
47717.779150466915
 20
718.545414534853
 10
47675.92020638784
 20
760.2464653133111
 10
47675.92020638784
 20
1344.0611762116966
 10
47717.779150466915
 20
1385.7622269901549
 10
47675.92020638784
 20
1552.566430103978
 10
47592.202318229705
 20
1427.4632777686084
 10
47675.92020638784
 20
1302.3601254332432
 10
47675.92020638784
 20
801.9475160917646
 10
47592.202318229705
 20
718.545414534853
 10
47089.894989280896
 20
718.545414534853
 10
46922.45921296465
 20
801.9475160917646
 10
46755.02343664838
 20
801.9475160917646
 10
46587.587660332116
 20
885.3496176486761
 10
46127.13927546237
 20
968.7517192055924
 10
46001.56244322517
 20
1093.8548715409574
 10
46001.56244322517
 20
1218.958023876327
 10
46043.42138730423
 20
1260.6590746547852
 10
46001.56244322517
 20
1302.3601254332432
 10
46001.56244322517
 20
3095.505308906863
 10
46043.42138730423
 20
3137.2063596853163
 10
46043.42138730423
 20
3304.0105627991443
 10
46001.56244322517
 20
3345.7116135775977
 10
46043.42138730423
 20
3429.113715134509
 10
46294.57505177864
 20
3595.917918248337
 10
46713.1644925693
 20
3721.0210705837067
 10
47131.75393335998
 20
3929.526324475988
 10
47592.202318229705
 20
3929.526324475988
 10
47634.06126230878
 20
3887.82527369753
 10
47634.06126230878
 20
3762.72212136216
 10
47675.92020638784
 20
3762.72212136216
 10
47634.06126230878
 20
3846.1242229190766
 10
47759.638094545975
 20
3971.2273752544415
 10
47843.3559827041
 20
3971.2273752544415
 10
47968.93281494132
 20
3887.82527369753
 10
47968.93281494132
 20
3345.7116135775977
 10
47843.3559827041
 20
3262.3095120206863
 10
48010.79175902037
 20
3095.505308906863
 10
48052.650703099454
 20
3304.0105627991443
 10
48010.79175902037
 20
3345.7116135775977
 10
48010.79175902037
 20
3595.917918248337
 10
47968.93281494132
 20
3637.618969026795
 10
48010.79175902037
 20
3679.3200198052486
 10
47968.93281494132
 20
3721.0210705837067
 10
48010.79175902037
 20
3804.4231721406186
 10
47968.93281494132
 20
3846.1242229190766
 10
48094.50964717851
 20
3971.2273752544415
 10
48261.94542349478
 20
3887.82527369753
 10
48261.94542349478
 20
3554.216867469879
 10
48303.80436757385
 20
3554.216867469879
 10
48261.94542349478
 20
3637.618969026795
 10
48303.80436757385
 20
3679.3200198052486
 10
48303.80436757385
 20
3887.82527369753
 10
48429.38119981105
 20
3971.2273752544415
  0
LWPOLYLINE
  5
6C
330
17
100
AcDbEntity
  8
RASTER_CONTOURS
100
AcDbPolyline
 90
11
 70
1
 10
7993.64121943243
 20
4096.330527589811
 10
7993.64121943243
 20
4012.9284260328996
 10
8077.359107590565
 20
4012.9284260328996
 10
8202.935939827763
 20
3846.1242229190766
 10
8286.653827985898
 20
3846.1242229190766
 10
8454.089604302166
 20
3637.618969026795
 10
8579.666436539368
 20
3554.216867469879
 10
8663.384324697501
 20
3554.216867469879
 10
8454.089604302166
 20
3804.4231721406186
 10
8328.512772064965
 20
3846.1242229190766
 10
8077.359107590565
 20
4096.330527589811
  0
LWPOLYLINE
  5
6D
330
17
100
AcDbEntity
  8
RASTER_CONTOURS
100
AcDbPolyline
 90
6
 70
1
 10
12723.70190036699
 20
4888.650492380483
 10
12807.419788525125
 20
4972.052593937395
 10
13058.573452999524
 20
4972.052593937395
 10
13142.29134115766
 20
4846.949441602024
 10
13016.714508920457
 20
4763.547340045113
 10
12765.560844446058
 20
4805.248390823571
  0
LWPOLYLINE
  5
6E
330
17
100
AcDbEntity
  8
RASTER_CONTOURS
100
AcDbPolyline
 90
5
 70
1
 10
12849.278732604189
 20
5097.155746272764
 10
12891.137676683256
 20
5138.856797051218
 10
13184.150285236725
 20
5138.856797051218
 10
13226.009229315792
 20
5097.155746272764
 10
13100.432397078592
 20
5013.753644715853
  0
LWPOLYLINE
  5
6F
330
17
100
AcDbEntity
  8
RASTER_CONTOURS
100
AcDbPolyline
 90
187
 70
1
 10
53703.60815377348
 20
1135.5559223194155
 10
53703.60815377348
 20
1010.4527699840457
 10
53494.31343337815
 20
885.3496176486761
 10
53494.31343337815
 20
301.5349067502904
 10
53368.73660114094
 20
176.43175441492076
 10
46880.60026888557
 20
176.43175441492076
 10
46838.74132480651
 20
218.13280519337886
 10
46629.44660441117
 20
218.13280519337886
 10
46587.587660332116
 20
176.43175441492076
 10
45373.67828203916
 20
176.43175441492076
 10
45331.8193379601
 20
218.13280519337886
 10
45373.67828203916
 20
301.5349067502904
 10
45792.26772282983
 20
301.5349067502904
 10
45834.12666690891
 20
343.23595752874854
 10
45834.12666690891
 20
3387.4126643560558
 10
45750.408778750774
 20
3470.8147659129672
 10
45164.38356164383
 20
3470.8147659129672
 10
45080.665673485695
 20
3387.4126643560558
 10
45080.665673485695
 20
3012.103207349947
 10
45038.80672940662
 20
2970.4021565714934
 10
44787.65306493222
 20
2970.4021565714934
 10
44745.79412085316
 20
2928.7011057930354
 10
44745.79412085316
 20
1802.7727347747173
 10
44703.93517677409
 20
1761.0716839962593
 10
44745.79412085316
 20
1677.6695824393478
 10
44703.93517677409
 20
1635.9685316608895
 10
44745.79412085316
 20
1594.267480882436
 10
44745.79412085316
 20
927.0506684271343
 10
44787.65306493222
 20
885.3496176486761
 10
45122.524617564755
 20
885.3496176486761
 10
45206.24250572289
 20
760.2464653133111
 10
45206.24250572289
 20
343.23595752874854
 10
45331.8193379601
 20
259.8338559718323
 10
45289.960393881025
 20
176.43175441492076
 10
44578.35834453689
 20
176.43175441492076
 10
44536.49940045783
 20
218.13280519337886
 10
44452.781512299705
 20
176.43175441492076
 10
44285.345735983436
 20
176.43175441492076
 10
44243.48679190435
 20
218.13280519337886
 10
43992.333127429956
 20
218.13280519337886
 10
43950.474183350896
 20
176.43175441492076
 10
43783.038407034626
 20
176.43175441492076
 10
43741.17946295555
 20
218.13280519337886
 10
42317.97536426729
 20
218.13280519337886
 10
42276.11642018821
 20
176.43175441492076
 10
41815.668035318486
 20
176.43175441492076
 10
41773.80909123941
 20
218.13280519337886
 10
40350.60499255114
 20
218.13280519337886
 10
40308.74604847207
 20
176.43175441492076
 10
40099.451328076735
 20
176.43175441492076
 10
40057.59238399767
 20
218.13280519337886
 10
39932.015551760465
 20
218.13280519337886
 10
39890.1566076814
 20
176.43175441492076
 10
39806.43871952327
 20
218.13280519337886
 10
39764.5797754442
 20
176.43175441492076
 10
39639.002943207
 20
218.13280519337886
 10
33067.1487227935
 20
218.13280519337886
 10
33025.28977871443
 20
259.8338559718323
 10
33234.58449910977
 20
384.937008307202
 10
33192.7255550307
 20
426.63805908566013
 10
33234.58449910977
 20
551.7412114210298
 10
33192.7255550307
 20
676.8443637563948
 10
33234.58449910977
 20
760.2464653133111
 10
33192.7255550307
 20
968.7517192055924
 10
33234.58449910977
 20
1010.4527699840457
 10
33192.7255550307
 20
1052.153820762504
 10
33234.58449910977
 20
1093.8548715409574
 10
33234.58449910977
 20
1218.958023876327
 10
33318.3023872679
 20
1302.3601254332432
 10
33318.3023872679
 20
3512.5158166914257
 10
33276.44344318883
 20
3554.216867469879
 10
33318.3023872679
 20
3637.618969026795
 10
33778.75077213764
 20
3637.618969026795
 10
33820.609716216706
 20
3595.917918248337
 10
33820.609716216706
 20
3137.2063596853163
 10
33736.89182805857
 20
3053.804258128405
 10
33527.597107663234
 20
3053.804258128405
 10
33485.73816358417
 20
3012.103207349947
 10
33485.73816358417
 20
1302.3601254332432
 10
33527.597107663234
 20
1260.6590746547852
 10
33736.89182805857
 20
1260.6590746547852
 10
33820.609716216706
 20
1177.2569730978737
 10
33820.609716216706
 20
384.937008307202
 10
33862.46866029577
 20
343.23595752874854
 10
35034.51909450965
 20
343.23595752874854
 10
35076.378038588715
 20
301.5349067502904
 10
35411.24959122125
 20
301.5349067502904
 10
35453.10853530031
 20
343.23595752874854
 10
35704.26219977471
 20
301.5349067502904
 10
35829.839032011914
 20
384.937008307202
 10
35955.41586424912
 20
343.23595752874854
 10
37001.88946622579
 20
343.23595752874854
 10
37043.748410304855
 20
384.937008307202
 10
37043.748410304855
 20
1886.174836331629
 10
37001.88946622579
 20
1927.875887110087
 10
37043.748410304855
 20
2052.979039445452
 10
37001.88946622579
 20
2303.1853441161916
 10
37043.748410304855
 20
2344.8863948946496
 10
37043.748410304855
 20
2636.7937503438425
 10
37001.88946622579
 20
2678.4948011223005
 10
37043.748410304855
 20
3178.907410463775
 10
37001.88946622579
 20
3304.0105627991443
 10
37043.748410304855
 20
3429.113715134509
 10
36960.03052214672
 20
3554.216867469879
 10
36792.59474583045
 20
3554.216867469879
 10
36750.73580175138
 20
3595.917918248337
 10
36792.59474583045
 20
3637.618969026795
 10
37085.60735438392
 20
3637.618969026795
 10
37169.32524254206
 20
3429.113715134509
 10
37127.46629846299
 20
3345.7116135775977
 10
37169.32524254206
 20
3304.0105627991443
 10
37169.32524254206
 20
3095.505308906863
 10
37127.46629846299
 20
3053.804258128405
 10
37169.32524254206
 20
2928.7011057930354
 10
37127.46629846299
 20
2887.000055014582
 10
37169.32524254206
 20
2803.5979534576654
 10
37127.46629846299
 20
2720.195851900754
 10
37169.32524254206
 20
1886.174836331629
 10
41062.20704189528
 20
1886.174836331629
 10
41104.06598597434
 20
1844.4737855531707
 10
41145.924930053414
 20
1886.174836331629
 10
41941.24486755568
 20
1886.174836331629
 10
41983.103811634755
 20
1844.4737855531707
 10
42317.97536426729
 20
1844.4737855531707
 10
42359.83430834635
 20
1886.174836331629
 10
43531.88474256023
 20
1886.174836331629
 10
43573.74368663928
 20
1844.4737855531707
 10
44327.20468006249
 20
1844.4737855531707
 10
44369.06362414157
 20
1886.174836331629
 10
44369.06362414157
 20
2636.7937503438425
 10
44578.35834453689
 20
2761.896902679212
 10
44578.35834453689
 20
3512.5158166914257
 10
44662.07623269503
 20
3595.917918248337
 10
45164.38356164383
 20
3595.917918248337
 10
45206.24250572289
 20
3554.216867469879
 10
45792.26772282983
 20
3595.917918248337
 10
46210.8571636205
 20
3804.4231721406186
 10
46294.57505177864
 20
3804.4231721406186
 10
46420.151884015846
 20
3887.82527369753
 10
46629.44660441117
 20
3929.526324475988
 10
46838.74132480651
 20
4054.6294768113576
 10
47215.47182151811
 20
4179.7326291467225
 10
47634.06126230878
 20
4179.7326291467225
 10
47675.92020638784
 20
4138.031578368269
 10
47885.214926783185
 20
4138.031578368269
 10
47927.07387086224
 20
4179.7326291467225
 10
48680.534864285444
 20
4179.7326291467225
 10
48722.393808364526
 20
4138.031578368269
 10
48764.25275244358
 20
4179.7326291467225
 10
48931.68852875985
 20
4179.7326291467225
 10
48973.54747283892
 20
4138.031578368269
 10
49057.26536099706
 20
4179.7326291467225
 10
49182.84219323425
 20
4138.031578368269
 10
49308.41902547144
 20
4179.7326291467225
 10
49727.008466262116
 20
4138.031578368269
 10
49810.72635442025
 20
4179.7326291467225
 10
49852.585298499325
 20
4138.031578368269
 10
49978.16213073652
 20
4138.031578368269
 10
50020.021074815595
 20
4179.7326291467225
 10
50145.59790705278
 20
4179.7326291467225
 10
50145.59790705278
 20
5222.258898608134
 10
50271.17473928999
 20
5347.362050943499
 10
50940.91784455507
 20
5347.362050943499
 10
51066.49467679226
 20
5263.959949386587
 10
51066.49467679226
 20
5013.753644715853
 10
50982.776788634124
 20
4888.650492380483
 10
50982.776788634124
 20
4054.6294768113576
 10
50940.91784455507
 20
4012.9284260328996
 10
47173.61287743903
 20
4012.9284260328996
 10
46336.43399585771
 20
3637.618969026795
 10
46252.716107699576
 20
3637.618969026795
 10
45959.7034991461
 20
3470.8147659129672
 10
45917.84455506704
 20
3345.7116135775977
 10
45917.84455506704
 20
2761.896902679212
 10
45959.7034991461
 20
2720.195851900754
 10
45959.7034991461
 20
968.7517192055924
 10
46294.57505177864
 20
843.6485668702227
 10
46462.0108280949
 20
843.6485668702227
 10
47173.61287743903
 20
635.1433129779414
 10
49057.26536099706
 20
635.1433129779414
 10
49182.84219323425
 20
551.7412114210298
 10
49224.70113731331
 20
635.1433129779414
 10
52908.28821627121
 20
635.1433129779414
 10
52950.14716035027
 20
676.8443637563948
 10
52950.14716035027
 20
1135.5559223194155
 10
52992.00610442935
 20
1177.2569730978737
 10
53619.890265615344
 20
1218.958023876327
  0
LWPOLYLINE
  5
70
330
17
100
AcDbEntity
  8
RASTER_CONTOURS
100
AcDbPolyline
 90
6
 70
1
 10
13937.61127865993
 20
5389.063101721957
 10
13979.470222738995
 20
5430.764152500415
 10
14146.905999055263
 20
5430.764152500415
 10
14188.76494313433
 20
5347.362050943499
 10
14146.905999055263
 20
5305.661000165045
 10
13979.470222738995
 20
5305.661000165045
  0
LWPOLYLINE
  5
71
330
17
100
AcDbEntity
  8
RASTER_CONTOURS
100
AcDbPolyline
 90
17
 70
1
 10
12807.419788525125
 20
5472.465203278868
 10
12765.560844446058
 20
5347.362050943499
 10
12556.266124050722
 20
5180.557847829676
 10
12556.266124050722
 20
5138.856797051218
 10
12681.842956287923
 20
5055.454695494306
 10
12639.984012208855
 20
5013.753644715853
 10
12639.984012208855
 20
4680.145238488201
 10
13226.009229315792
 20
4680.145238488201
 10
13226.009229315792
 20
5013.753644715853
 10
13184.150285236725
 20
5055.454695494306
 10
13351.586061552995
 20
5138.856797051218
 10
13184.150285236725
 20
5347.362050943499
 10
13058.573452999524
 20
5347.362050943499
 10
12974.855564841391
 20
5222.258898608134
 10
12891.137676683256
 20
5222.258898608134
 10
12849.278732604189
 20
5347.362050943499
 10
12932.996620762324
 20
5472.465203278868
  0
LWPOLYLINE
  5
72
330
17
100
AcDbEntity
  8
RASTER_CONTOURS
100
AcDbPolyline
 90
33
 70
1
 10
11258.638857599648
 20
5472.465203278868
 10
10965.626249046181
 20
5472.465203278868
 10
10672.613640492711
 20
5389.063101721957
 10
10923.767304967114
 20
5305.661000165045
 10
10881.908360888046
 20
5222.258898608134
 10
10714.472584571778
 20
5222.258898608134
 10
10756.331528650846
 20
5138.856797051218
 10
10798.190472729912
 20
5180.557847829676
 10
10923.767304967114
 20
5138.856797051218
 10
10965.626249046181
 20
5055.454695494306
 10
10923.767304967114
 20
5013.753644715853
 10
10630.754696413644
 20
5013.753644715853
 10
10672.613640492711
 20
4930.351543158937
 10
10923.767304967114
 20
4930.351543158937
 10
10965.626249046181
 20
4888.650492380483
 10
10965.626249046181
 20
4805.248390823571
 10
10881.908360888046
 20
4680.145238488201
 10
10923.767304967114
 20
4638.444187709743
 10
11049.344137204314
 20
4680.145238488201
 10
11049.344137204314
 20
4846.949441602024
 10
11133.06202536245
 20
4930.351543158937
 10
11384.215689836848
 20
4930.351543158937
 10
11342.356745757781
 20
5013.753644715853
 10
11091.203081283382
 20
5013.753644715853
 10
11049.344137204314
 20
5055.454695494306
 10
11174.920969441513
 20
5180.557847829676
 10
11258.638857599648
 20
5138.856797051218
 10
11342.356745757781
 20
5180.557847829676
 10
11342.356745757781
 20
5222.258898608134
 10
11133.06202536245
 20
5222.258898608134
 10
11049.344137204314
 20
5305.661000165045
 10
11174.920969441513
 20
5430.764152500415
 10
11258.638857599648
 20
5430.764152500415
  0
LWPOLYLINE
  5
73
330
17
100
AcDbEntity
  8
RASTER_CONTOURS
100
AcDbPolyline
 90
22
 70
1
 10
10337.742087860177
 20
5472.465203278868
 10
10295.88314378111
 20
5430.764152500415
 10
10170.306311543909
 20
5472.465203278868
 10
9877.293702990442
 20
5472.465203278868
 10
9835.434758911375
 20
5430.764152500415
 10
9709.857926674173
 20
5472.465203278868
 10
9626.14003851604
 20
5430.764152500415
 10
9626.14003851604
 20
5389.063101721957
 10
9877.293702990442
 20
5389.063101721957
 10
9961.011591148575
 20
5305.661000165045
 10
9961.011591148575
 20
4721.846289266655
 10
10002.870535227643
 20
4680.145238488201
 10
10044.729479306707
 20
4721.846289266655
 10
10044.729479306707
 20
5055.454695494306
 10
10128.447367464842
 20
5097.155746272764
 10
10295.88314378111
 20
5013.753644715853
 10
10295.88314378111
 20
5097.155746272764
 10
10086.588423385774
 20
5263.959949386587
 10
10086.588423385774
 20
5347.362050943499
 10
10128.447367464842
 20
5389.063101721957
 10
10421.459976018312
 20
5389.063101721957
 10
10421.459976018312
 20
5430.764152500415
  0
LWPOLYLINE
  5
74
330
17
100
AcDbEntity
  8
RASTER_CONTOURS
100
AcDbPolyline
 90
26
 70
1
 10
14314.341775371531
 20
5472.465203278868
 10
13979.470222738995
 20
5514.166254057327
 10
13937.61127865993
 20
5472.465203278868
 10
13812.03444642273
 20
5472.465203278868
 10
13770.175502343662
 20
5389.063101721957
 10
13644.598670106461
 20
5472.465203278868
 10
13560.880781948326
 20
5430.764152500415
 10
13477.162893790193
 20
5305.661000165045
 10
13560.880781948326
 20
5263.959949386587
 10
13602.739726027394
 20
5180.557847829676
 10
13477.162893790193
 20
5055.454695494306
 10
13477.162893790193
 20
4972.052593937395
 10
13560.880781948326
 20
4888.650492380483
 10
13560.880781948326
 20
4721.846289266655
 10
13602.739726027394
 20
4680.145238488201
 10
13770.175502343662
 20
4763.547340045113
 10
13937.61127865993
 20
4638.444187709743
 10
13979.470222738995
 20
4680.145238488201
 10
14272.482831292466
 20
4680.145238488201
 10
14314.341775371531
 20
4721.846289266655
 10
14314.341775371531
 20
4930.351543158937
 10
14188.76494313433
 20
5013.753644715853
 10
14272.482831292466
 20
5055.454695494306
 10
14272.482831292466
 20
5138.856797051218
 10
14146.905999055263
 20
5180.557847829676
 10
14314.341775371531
 20
5263.959949386587
  0
LWPOLYLINE
  5
75
330
17
100
AcDbEntity
  8
RASTER_CONTOURS
100
AcDbPolyline
 90
25
 70
1
 10
11677.228298390319
 20
5472.465203278868
 10
11593.510410232184
 20
5347.362050943499
 10
11593.510410232184
 20
5222.258898608134
 10
11677.228298390319
 20
5180.557847829676
 10
11593.510410232184
 20
4930.351543158937
 10
11593.510410232184
 20
4805.248390823571
 10
11635.369354311251
 20
4763.547340045113
 10
11593.510410232184
 20
4721.846289266655
 10
11677.228298390319
 20
4680.145238488201
 10
11844.664074706585
 20
4805.248390823571
 10
11886.52301878565
 20
4763.547340045113
 10
12053.95879510192
 20
4763.547340045113
 10
12179.53562733912
 20
4680.145238488201
 10
12305.11245957632
 20
4763.547340045113
 10
12305.11245957632
 20
4930.351543158937
 10
12263.253515497256
 20
4972.052593937395
 10
12305.11245957632
 20
5097.155746272764
 10
12263.253515497256
 20
5180.557847829676
 10
12388.830347734454
 20
5263.959949386587
 10
12263.253515497256
 20
5347.362050943499
 10
12263.253515497256
 20
5430.764152500415
 10
12179.53562733912
 20
5472.465203278868
 10
12137.676683260053
 20
5430.764152500415
 10
11970.240906943785
 20
5430.764152500415
 10
11802.805130627517
 20
5514.166254057327
  0
LWPOLYLINE
  5
76
330
17
100
AcDbEntity
  8
RASTER_CONTOURS
100
AcDbPolyline
 90
16
 70
1
 10
6696.013952981358
 20
5514.166254057327
 10
6737.872897060424
 20
5389.063101721957
 10
6696.013952981358
 20
5138.856797051218
 10
6821.590785218557
 20
5097.155746272764
 10
7156.462337851093
 20
4721.846289266655
 10
7240.180226009227
 20
4721.846289266655
 10
7365.757058246427
 20
4555.042086152832
 10
7491.333890483628
 20
4513.341035374374
 10
7742.487554958029
 20
4221.4336799251805
 10
7909.923331274296
 20
4179.7326291467225
 10
7784.346499037097
 20
4346.536832260551
 10
7658.769666799895
 20
4388.237883039004
 10
7491.333890483628
 20
4596.74313693129
 10
7198.32128193016
 20
4805.248390823571
 10
6821.590785218557
 20
5180.557847829676
 10
6821.590785218557
 20
5514.166254057327
  0
LWPOLYLINE
  5
77
330
17
100
AcDbEntity
  8
RASTER_CONTOURS
100
AcDbPolyline
 90
18
 70
1
 10
53159.44188074562
 20
5639.2694063926965
 10
53285.018712982805
 20
5722.671507949608
 10
53452.454489299074
 20
5722.671507949608
 10
53494.31343337815
 20
5680.97045717115
 10
53578.031321536284
 20
5722.671507949608
 10
54624.504923512955
 20
5722.671507949608
 10
54708.22281167108
 20
5680.97045717115
 10
54791.94069982922
 20
5514.166254057327
 10
54750.08175575014
 20
5389.063101721957
 10
54791.94069982922
 20
5305.661000165045
 10
54750.08175575014
 20
4680.145238488201
 10
54708.22281167108
 20
4638.444187709743
 10
53619.890265615344
 20
4638.444187709743
 10
53536.17237745721
 20
4721.846289266655
 10
53243.15976890375
 20
4721.846289266655
 10
53159.44188074562
 20
4805.248390823571
 10
53159.44188074562
 20
5514.166254057327
 10
53117.582936666535
 20
5555.8673048357805
  0
LWPOLYLINE
  5
78
330
17
100
AcDbEntity
  8
RASTER_CONTOURS
100
AcDbPolyline
 90
51
 70
1
 10
5733.258239162818
 20
5764.372558728066
 10
5691.399295083751
 20
5722.671507949608
 10
5691.399295083751
 20
4763.547340045113
 10
5733.258239162818
 20
4680.145238488201
 10
5816.976127320952
 20
4638.444187709743
 10
6068.129791795353
 20
4346.536832260551
 10
7198.32128193016
 20
3429.113715134509
 10
7575.051778641762
 20
3053.804258128405
 10
7826.205443116163
 20
2887.000055014582
 10
7868.064387195231
 20
2803.5979534576654
 10
7993.64121943243
 20
2761.896902679212
 10
8035.500163511498
 20
2803.5979534576654
 10
7909.923331274296
 20
2845.299004236124
 10
7826.205443116163
 20
3012.103207349947
 10
7742.487554958029
 20
3012.103207349947
 10
7575.051778641762
 20
3220.6084612422283
 10
7491.333890483628
 20
3220.6084612422283
 10
7407.616002325494
 20
3345.7116135775977
 10
7282.039170088294
 20
3387.4126643560558
 10
6989.026561534826
 20
3721.0210705837067
 10
6863.449729297625
 20
3762.72212136216
 10
6737.872897060424
 20
3929.526324475988
 10
6612.296064823224
 20
3971.2273752544415
 10
6570.437120744156
 20
4096.330527589811
 10
6486.719232586023
 20
4096.330527589811
 10
6361.142400348822
 20
4263.134730703639
 10
6235.565568111621
 20
4304.835781482093
 10
6151.847679953488
 20
4429.938933817462
 10
6068.129791795353
 20
4429.938933817462
 10
6026.270847716287
 20
4513.341035374374
 10
5816.976127320952
 20
4680.145238488201
 10
5816.976127320952
 20
4972.052593937395
 10
5775.117183241886
 20
5013.753644715853
 10
5816.976127320952
 20
5263.959949386587
 10
5775.117183241886
 20
5347.362050943499
 10
5858.83507140002
 20
5430.764152500415
 10
5775.117183241886
 20
5597.5683556142385
 10
5984.411903637219
 20
5722.671507949608
 10
6026.270847716287
 20
5680.97045717115
 10
6193.706624032555
 20
5680.97045717115
 10
6277.424512190688
 20
5597.5683556142385
 10
6193.706624032555
 20
5430.764152500415
 10
6277.424512190688
 20
5389.063101721957
 10
6319.283456269755
 20
5430.764152500415
 10
6277.424512190688
 20
5639.2694063926965
 10
6570.437120744156
 20
5722.671507949608
 10
6486.719232586023
 20
5764.372558728066
 10
6403.001344427889
 20
5722.671507949608
 10
6361.142400348822
 20
5764.372558728066
 10
6151.847679953488
 20
5764.372558728066
 10
6109.988735874421
 20
5722.671507949608
  0
LWPOLYLINE
  5
79
330
17
100
AcDbEntity
  8
RASTER_CONTOURS
100
AcDbPolyline
 90
8
 70
1
 10
52950.14716035027
 20
5847.7746602849775
 10
53075.72399258748
 20
5847.7746602849775
 10
53117.582936666535
 20
5806.0736095065195
 10
53075.72399258748
 20
5722.671507949608
 10
53075.72399258748
 20
4972.052593937395
 10
53033.8650485084
 20
4930.351543158937
 10
52866.42927219214
 20
5055.454695494306
 10
52866.42927219214
 20
5764.372558728066
  0
LWPOLYLINE
  5
7A
330
17
100
AcDbEntity
  8
RASTER_CONTOURS
100
AcDbPolyline
 90
12
 70
1
 10
45373.67828203916
 20
6223.084117291082
 10
45373.67828203916
 20
6556.692523518733
 10
45415.537226118235
 20
6598.393574297191
 10
45708.54983467169
 20
6598.393574297191
 10
45750.408778750774
 20
6556.692523518733
 10
45875.98561098796
 20
6598.393574297191
 10
46168.99821954144
 20
6556.692523518733
 10
46210.8571636205
 20
6598.393574297191
 10
46294.57505177864
 20
6514.991472740275
 10
45959.7034991461
 20
6306.486218847994
 10
45750.408778750774
 20
6264.78516806954
 10
45499.25511427637
 20
6139.682015734171
  0
LWPOLYLINE
  5
7B
330
17
100
AcDbEntity
  8
RASTER_CONTOURS
100
AcDbPolyline
 90
8
 70
1
 10
39680.86188728607
 20
6723.496726632556
 10
39722.720831365135
 20
6765.197777411014
 10
41104.06598597434
 20
6765.197777411014
 10
41145.924930053414
 20
6723.496726632556
 10
41145.924930053414
 20
6181.383066512629
 10
41020.348097816204
 20
6097.980964955712
 10
39764.5797754442
 20
6097.980964955712
 10
39680.86188728607
 20
6181.383066512629
  0
LWPOLYLINE
  5
7C
330
17
100
AcDbEntity
  8
RASTER_CONTOURS
100
AcDbPolyline
 90
11
 70
1
 10
22602.412703026777
 20
6181.383066512629
 10
22895.425311580242
 20
6389.88832040491
 10
23021.002143817444
 20
6389.88832040491
 10
23481.450528687183
 20
6640.094625075644
 10
23565.168416845318
 20
6640.094625075644
 10
23816.32208131972
 20
6765.197777411014
 10
25113.949347770787
 20
6765.197777411014
 10
25197.667235928922
 20
6681.795675854102
 10
25197.667235928922
 20
6181.383066512629
 10
25030.231459612653
 20
6097.980964955712
 10
22769.84847934304
 20
6097.980964955712
  0
LWPOLYLINE
  5
7D
330
17
100
AcDbEntity
  8
RASTER_CONTOURS
100
AcDbPolyline
 90
37
 70
1
 10
35871.69797609098
 20
6223.084117291082
 10
36039.13375240725
 20
6723.496726632556
 10
36164.710584644454
 20
6806.898828189473
 10
36750.73580175138
 20
6806.898828189473
 10
36792.59474583045
 20
6765.197777411014
 10
36834.45368990952
 20
6806.898828189473
 10
37713.49151556992
 20
6806.898828189473
 10
37755.35045964899
 20
6765.197777411014
 10
37797.209403728055
 20
6806.898828189473
 10
37922.78623596526
 20
6806.898828189473
 10
37964.645180044325
 20
6765.197777411014
 10
38006.50412412339
 20
6806.898828189473
 10
38173.93990043966
 20
6806.898828189473
 10
38215.79884451873
 20
6765.197777411014
 10
39471.56716689074
 20
6806.898828189473
 10
39597.14399912793
 20
6723.496726632556
 10
39597.14399912793
 20
6181.383066512629
 10
39639.002943207
 20
6056.279914177258
 10
41187.783874132474
 20
6056.279914177258
 10
41229.64281821155
 20
6097.980964955712
 10
41229.64281821155
 20
6556.692523518733
 10
41187.783874132474
 20
6598.393574297191
 10
41229.64281821155
 20
6723.496726632556
 10
41355.21965044874
 20
6765.197777411014
 10
41438.93753860687
 20
6598.393574297191
 10
41397.07859452782
 20
6473.290421961821
 10
41397.07859452782
 20
5889.475711063431
 10
41355.21965044874
 20
5847.7746602849775
 10
38927.40089386286
 20
5847.7746602849775
 10
38801.82406162566
 20
5931.176761841889
 10
38801.82406162566
 20
6556.692523518733
 10
38759.96511754659
 20
6598.393574297191
 10
36374.005305039784
 20
6598.393574297191
 10
36290.28741688165
 20
6514.991472740275
 10
36290.28741688165
 20
5972.877812620347
 10
36164.710584644454
 20
5889.475711063431
 10
35871.69797609098
 20
6014.5788633988
  0
LWPOLYLINE
  5
7E
330
17
100
AcDbEntity
  8
RASTER_CONTOURS
100
AcDbPolyline
 90
31
 70
1
 10
34741.506485956175
 20
6681.795675854102
 10
34741.506485956175
 20
6556.692523518733
 10
34615.92965371897
 20
6348.187269626452
 10
34406.634933323636
 20
6348.187269626452
 10
34281.05810108644
 20
6431.589371183363
 10
34155.48126884924
 20
6431.589371183363
 10
34071.7633806911
 20
6306.486218847994
 10
34029.904436612036
 20
6056.279914177258
 10
33862.46866029577
 20
5847.7746602849775
 10
33234.58449910977
 20
5847.7746602849775
 10
33192.7255550307
 20
5889.475711063431
 10
33150.866610951634
 20
5847.7746602849775
 10
32983.430834635365
 20
5931.176761841889
 10
32983.430834635365
 20
6139.682015734171
 10
32815.9950583191
 20
6223.084117291082
 10
32481.123505686563
 20
6223.084117291082
 10
32439.264561607495
 20
6181.383066512629
 10
29760.29214054721
 20
6181.383066512629
 10
29592.856364230945
 20
6389.88832040491
 10
29634.715308310013
 20
6514.991472740275
 10
29802.15108462628
 20
6389.88832040491
 10
33067.1487227935
 20
6389.88832040491
 10
33109.00766687257
 20
6473.290421961821
 10
33067.1487227935
 20
6514.991472740275
 10
33109.00766687257
 20
6640.094625075644
 10
33067.1487227935
 20
6681.795675854102
 10
33150.866610951634
 20
6806.898828189473
 10
34448.4938774027
 20
6806.898828189473
 10
34490.35282148177
 20
6765.197777411014
 10
34532.21176556084
 20
6806.898828189473
 10
34657.78859779804
 20
6806.898828189473
  0
LWPOLYLINE
  5
7F
330
17
100
AcDbEntity
  8
RASTER_CONTOURS
100
AcDbPolyline
 90
34
 70
1
 10
28295.229097779877
 20
6681.795675854102
 10
28420.80593001707
 20
6806.898828189473
 10
28504.523818175207
 20
6765.197777411014
 10
32062.53406489589
 20
6765.197777411014
 10
32104.39300897496
 20
6806.898828189473
 10
32146.251953054027
 20
6765.197777411014
 10
32522.98244976563
 20
6765.197777411014
 10
32564.841393844697
 20
6806.898828189473
 10
32648.559282002832
 20
6765.197777411014
 10
32732.277170160967
 20
6806.898828189473
 10
32774.136114240035
 20
6765.197777411014
 10
32983.430834635365
 20
6765.197777411014
 10
33025.28977871443
 20
6723.496726632556
 10
33025.28977871443
 20
6556.692523518733
 10
32941.5718905563
 20
6473.290421961821
 10
32146.251953054027
 20
6473.290421961821
 10
32104.39300897496
 20
6431.589371183363
 10
31643.94462410523
 20
6431.589371183363
 10
31602.08568002616
 20
6473.290421961821
 10
31350.932015551756
 20
6473.290421961821
 10
31309.07307147269
 20
6431.589371183363
 10
30974.201518840153
 20
6431.589371183363
 10
30932.342574761085
 20
6473.290421961821
 10
30890.483630682018
 20
6431.589371183363
 10
30346.317357654152
 20
6431.589371183363
 10
30304.458413575085
 20
6473.290421961821
 10
29844.010028705346
 20
6473.290421961821
 10
29760.29214054721
 20
6598.393574297191
 10
29592.856364230945
 20
6598.393574297191
 10
29550.997420151878
 20
6556.692523518733
 10
29467.27953199375
 20
6598.393574297191
 10
28713.81853857054
 20
6598.393574297191
 10
28671.959594491473
 20
6556.692523518733
 10
28420.80593001707
 20
6556.692523518733
  0
LWPOLYLINE
  5
80
330
17
100
AcDbEntity
  8
RASTER_CONTOURS
100
AcDbPolyline
 90
24
 70
1
 10
27374.3323280404
 20
5889.475711063431
 10
27374.3323280404
 20
6306.486218847994
 10
27332.473383961333
 20
6348.187269626452
 10
27332.473383961333
 20
6473.290421961821
 10
27374.3323280404
 20
6514.991472740275
 10
27374.3323280404
 20
6681.795675854102
 10
27499.909160277602
 20
6806.898828189473
 10
27625.4859925148
 20
6806.898828189473
 10
27667.34493659387
 20
6765.197777411014
 10
27960.35754514734
 20
6765.197777411014
 10
28044.075433305472
 20
6806.898828189473
 10
28169.652265542674
 20
6765.197777411014
 10
28295.229097779877
 20
6514.991472740275
 10
29550.997420151878
 20
6514.991472740275
 10
29592.856364230945
 20
6473.290421961821
 10
29383.561643835616
 20
6389.88832040491
 10
28923.113258965877
 20
6389.88832040491
 10
28881.25431488681
 20
6431.589371183363
 10
28839.395370807742
 20
6389.88832040491
 10
28588.24170633334
 20
6389.88832040491
 10
28420.80593001707
 20
6139.682015734171
 10
28420.80593001707
 20
5931.176761841889
 10
28337.088041858944
 20
5847.7746602849775
 10
27416.191272119468
 20
5847.7746602849775
  0
LWPOLYLINE
  5
81
330
17
100
AcDbEntity
  8
RASTER_CONTOURS
100
AcDbPolyline
 90
6
 70
1
 10
46168.99821954144
 20
6723.496726632556
 10
46252.716107699576
 20
6848.599878967926
 10
46671.30554849024
 20
6848.599878967926
 10
46755.02343664838
 20
6765.197777411014
 10
46671.30554849024
 20
6681.795675854102
 10
46210.8571636205
 20
6681.795675854102
  0
LWPOLYLINE
  5
82
330
17
100
AcDbEntity
  8
RASTER_CONTOURS
100
AcDbPolyline
 90
5
 70
1
 10
16658.442643799277
 20
6848.599878967926
 10
16700.301587878344
 20
6806.898828189473
 10
16700.301587878344
 20
6514.991472740275
 10
16742.160531957412
 20
6514.991472740275
 10
16784.019476036476
 20
6765.197777411014
  0
LWPOLYLINE
  5
83
330
17
100
AcDbEntity
  8
RASTER_CONTOURS
100
AcDbPolyline
 90
2
 70
1
 10
15653.827985901671
 20
6848.599878967926
 10
15988.699538534207
 20
6848.599878967926
  0
LWPOLYLINE
  5
84
330
17
100
AcDbEntity
  8
RASTER_CONTOURS
100
AcDbPolyline
 90
5
 70
1
 10
15402.67432142727
 20
6848.599878967926
 10
15360.815377348204
 20
6848.599878967926
 10
15318.956433269137
 20
6765.197777411014
 10
15360.815377348204
 20
6473.290421961821
 10
15402.67432142727
 20
6514.991472740275
  0
LWPOLYLINE
  5
85
330
17
100
AcDbEntity
  8
RASTER_CONTOURS
100
AcDbPolyline
 90
3
 70
1
 10
37755.35045964899
 20
7098.806183638665
 10
37504.19679517459
 20
7015.404082081754
 10
37755.35045964899
 20
7057.105132860207
  0
LWPOLYLINE
  5
86
330
17
100
AcDbEntity
  8
RASTER_CONTOURS
100
AcDbPolyline
 90
15
 70
1
 10
10798.190472729912
 20
7140.507234417123
 10
10756.331528650846
 20
7140.507234417123
 10
10714.472584571778
 20
6973.703031303296
 10
10588.895752334576
 20
6932.001980524842
 10
10588.895752334576
 20
6806.898828189473
 10
10463.318920097377
 20
6723.496726632556
 10
10505.177864176445
 20
6556.692523518733
 10
10588.895752334576
 20
6806.898828189473
 10
10756.331528650846
 20
6723.496726632556
 10
10756.331528650846
 20
6556.692523518733
 10
10798.190472729912
 20
6598.393574297191
 10
10798.190472729912
 20
6723.496726632556
 10
10714.472584571778
 20
6765.197777411014
 10
10714.472584571778
 20
6890.300929746384
 10
10798.190472729912
 20
6973.703031303296
  0
LWPOLYLINE
  5
87
330
17
100
AcDbEntity
  8
RASTER_CONTOURS
100
AcDbPolyline
 90
3
 70
1
 10
23104.72003197558
 20
7390.7135390878575
 10
23481.450528687183
 20
7098.806183638665
 10
23439.591584608115
 20
7182.2082851955765
  0
LWPOLYLINE
  5
88
330
17
100
AcDbEntity
  8
RASTER_CONTOURS
100
AcDbPolyline
 90
7
 70
1
 10
25030.231459612653
 20
7474.11564064477
 10
25030.231459612653
 20
7349.012488309404
 10
25113.949347770787
 20
7390.7135390878575
 10
25323.244068166125
 20
7307.311437530946
 10
25365.10301224519
 20
7349.012488309404
 10
25365.10301224519
 20
7474.11564064477
 10
25155.808291849855
 20
7390.7135390878575
  0
LWPOLYLINE
  5
89
330
17
100
AcDbEntity
  8
RASTER_CONTOURS
100
AcDbPolyline
 90
83
 70
1
 10
27248.755495803198
 20
5806.0736095065195
 10
27290.614439882265
 20
5722.671507949608
 10
27458.050216198535
 20
5806.0736095065195
 10
28462.66487409614
 20
5806.0736095065195
 10
28504.523818175207
 20
5847.7746602849775
 10
28462.66487409614
 20
6014.5788633988
 10
28713.81853857054
 20
6348.187269626452
 10
29383.561643835616
 20
6348.187269626452
 10
29509.13847607281
 20
6306.486218847994
 10
29592.856364230945
 20
6139.682015734171
 10
32815.9950583191
 20
6139.682015734171
 10
32899.71294647723
 20
6056.279914177258
 10
32899.71294647723
 20
5806.0736095065195
 10
33988.04549253297
 20
5806.0736095065195
 10
34113.62232477017
 20
6139.682015734171
 10
34113.62232477017
 20
6264.78516806954
 10
34197.340212928306
 20
6348.187269626452
 10
34490.35282148177
 20
6306.486218847994
 10
34657.78859779804
 20
6181.383066512629
 10
34699.64754187711
 20
6223.084117291082
 10
34741.506485956175
 20
6473.290421961821
 10
34867.08331819338
 20
6640.094625075644
 10
34908.942262272445
 20
6806.898828189473
 10
34825.22437411431
 20
6890.300929746384
 10
34741.506485956175
 20
6848.599878967926
 10
34364.77598924457
 20
6848.599878967926
 10
34322.91704516551
 20
6890.300929746384
 10
34364.77598924457
 20
6973.703031303296
 10
34281.05810108644
 20
6932.001980524842
 10
34197.340212928306
 20
6973.703031303296
 10
34155.48126884924
 20
6848.599878967926
 10
33736.89182805857
 20
6848.599878967926
 10
33695.032883979504
 20
6932.001980524842
 10
33569.4560517423
 20
6848.599878967926
 10
33318.3023872679
 20
6848.599878967926
 10
33276.44344318883
 20
6890.300929746384
 10
33150.866610951634
 20
6890.300929746384
 10
33067.1487227935
 20
6973.703031303296
 10
32983.430834635365
 20
6848.599878967926
 10
32648.559282002832
 20
6848.599878967926
 10
32522.98244976563
 20
6932.001980524842
 10
32397.405617528428
 20
6848.599878967926
 10
32062.53406489589
 20
6848.599878967926
 10
31978.816176737757
 20
6932.001980524842
 10
31895.098288579626
 20
6932.001980524842
 10
31811.38040042149
 20
6848.599878967926
 10
31476.50884778896
 20
6848.599878967926
 10
31434.64990370989
 20
6890.300929746384
 10
31309.07307147269
 20
6848.599878967926
 10
30848.624686602954
 20
6848.599878967926
 10
30806.765742523887
 20
6890.300929746384
 10
30723.047854365752
 20
6848.599878967926
 10
30304.458413575085
 20
6848.599878967926
 10
30262.599469496017
 20
6890.300929746384
 10
29760.29214054721
 20
6848.599878967926
 10
29676.57425238908
 20
6932.001980524842
 10
29592.856364230945
 20
6932.001980524842
 10
29509.13847607281
 20
7098.806183638665
 10
29467.27953199375
 20
7098.806183638665
 10
29425.420587914683
 20
7015.404082081754
 10
29509.13847607281
 20
7015.404082081754
 10
29592.856364230945
 20
6932.001980524842
 10
29550.997420151878
 20
6848.599878967926
 10
29048.69009120308
 20
6890.300929746384
 10
28881.25431488681
 20
6806.898828189473
 10
28839.395370807742
 20
6848.599878967926
 10
28671.959594491473
 20
6806.898828189473
 10
28588.24170633334
 20
6932.001980524842
 10
28462.66487409614
 20
6932.001980524842
 10
28378.946985938004
 20
6848.599878967926
 10
28002.216489226405
 20
6848.599878967926
 10
27960.35754514734
 20
6932.001980524842
 10
27834.78071291014
 20
6848.599878967926
 10
27625.4859925148
 20
6848.599878967926
 10
27541.76810435667
 20
6932.001980524842
 10
27541.76810435667
 20
7474.11564064477
 10
27458.050216198535
 20
7515.816691423228
 10
27416.191272119468
 20
6932.001980524842
 10
27332.473383961333
 20
6848.599878967926
 10
27248.755495803198
 20
6848.599878967926
 10
27248.755495803198
 20
6598.393574297191
 10
27290.614439882265
 20
6556.692523518733
 10
27290.614439882265
 20
5847.7746602849775
  0
LWPOLYLINE
  5
8A
330
17
100
AcDbEntity
  8
RASTER_CONTOURS
100
AcDbPolyline
 90
98
 70
1
 10
35787.98008793285
 20
7640.919843758597
 10
35787.98008793285
 20
7474.11564064477
 10
35871.69797609098
 20
7349.012488309404
 10
35871.69797609098
 20
7223.909335974035
 10
35997.274808328184
 20
6932.001980524842
 10
35997.274808328184
 20
6765.197777411014
 10
35829.839032011914
 20
6514.991472740275
 10
35704.26219977471
 20
6473.290421961821
 10
35704.26219977471
 20
6431.589371183363
 10
35829.839032011914
 20
6389.88832040491
 10
35704.26219977471
 20
5931.176761841889
 10
35787.98008793285
 20
5931.176761841889
 10
35913.55692017005
 20
5847.7746602849775
 10
36080.99269648632
 20
5847.7746602849775
 10
36122.851640565386
 20
5806.0736095065195
 10
36332.146360960716
 20
5806.0736095065195
 10
36374.005305039784
 20
5847.7746602849775
 10
36332.146360960716
 20
6139.682015734171
 10
36374.005305039784
 20
6181.383066512629
 10
36374.005305039784
 20
6473.290421961821
 10
36415.86424911885
 20
6514.991472740275
 10
36583.300025435114
 20
6514.991472740275
 10
36625.15896951418
 20
6556.692523518733
 10
38592.52934123033
 20
6556.692523518733
 10
38759.96511754659
 20
6431.589371183363
 10
38759.96511754659
 20
5931.176761841889
 10
38676.247229388464
 20
5847.7746602849775
 10
37964.645180044325
 20
5847.7746602849775
 10
37964.645180044325
 20
5806.0736095065195
 10
41313.36070636968
 20
5806.0736095065195
 10
41355.21965044874
 20
5764.372558728066
 10
41480.796482685946
 20
5764.372558728066
 10
41522.655426765006
 20
5806.0736095065195
 10
41480.796482685946
 20
5889.475711063431
 10
41480.796482685946
 20
6306.486218847994
 10
41522.655426765006
 20
6431.589371183363
 10
41480.796482685946
 20
6473.290421961821
 10
41564.51437084408
 20
6765.197777411014
 10
41522.655426765006
 20
6848.599878967926
 10
41355.21965044874
 20
6973.703031303296
 10
41355.21965044874
 20
7098.806183638665
 10
41313.36070636968
 20
7140.507234417123
 10
41313.36070636968
 20
7432.414589866316
 10
41355.21965044874
 20
7515.816691423228
 10
41271.5017622906
 20
7599.218792980139
 10
41229.64281821155
 20
7599.218792980139
 10
41271.5017622906
 20
7307.311437530946
 10
41145.924930053414
 20
7223.909335974035
 10
41145.924930053414
 20
7098.806183638665
 10
41062.20704189528
 20
7015.404082081754
 10
41187.783874132474
 20
7015.404082081754
 10
41229.64281821155
 20
6973.703031303296
 10
41145.924930053414
 20
6848.599878967926
 10
40852.912321499934
 20
6848.599878967926
 10
40811.053377420874
 20
6890.300929746384
 10
40894.77126557901
 20
6973.703031303296
 10
40852.912321499934
 20
6932.001980524842
 10
40643.61760110461
 20
6932.001980524842
 10
40559.89971294648
 20
6848.599878967926
 10
40266.887104393005
 20
6848.599878967926
 10
40099.451328076735
 20
6932.001980524842
 10
40015.7334399186
 20
6848.599878967926
 10
39722.720831365135
 20
6848.599878967926
 10
39680.86188728607
 20
6890.300929746384
 10
39722.720831365135
 20
6973.703031303296
 10
39680.86188728607
 20
6932.001980524842
 10
39513.426110969805
 20
6932.001980524842
 10
39387.8492787326
 20
6848.599878967926
 10
39178.554558337266
 20
6848.599878967926
 10
39136.6956142582
 20
6890.300929746384
 10
39220.41350241633
 20
6973.703031303296
 10
39136.6956142582
 20
6973.703031303296
 10
39094.83667017913
 20
6890.300929746384
 10
39052.97772610006
 20
6932.001980524842
 10
38927.40089386286
 20
6932.001980524842
 10
38843.68300570473
 20
6848.599878967926
 10
38550.67039715126
 20
6848.599878967926
 10
38425.09356491407
 20
6973.703031303296
 10
38383.234620835
 20
6973.703031303296
 10
38299.516732676864
 20
6848.599878967926
 10
37964.645180044325
 20
6848.599878967926
 10
37922.78623596526
 20
6973.703031303296
 10
37880.92729188619
 20
6932.001980524842
 10
37797.209403728055
 20
6973.703031303296
 10
37755.35045964899
 20
6848.599878967926
 10
37378.61996293739
 20
6848.599878967926
 10
37336.76101885833
 20
6890.300929746384
 10
37420.478907016455
 20
6973.703031303296
 10
37253.04313070019
 20
6973.703031303296
 10
37127.46629846299
 20
6848.599878967926
 10
36792.59474583045
 20
6848.599878967926
 10
36708.876857672316
 20
6932.001980524842
 10
36583.300025435114
 20
6848.599878967926
 10
36248.42847280258
 20
6848.599878967926
 10
35997.274808328184
 20
7057.105132860207
 10
35955.41586424912
 20
7307.311437530946
 10
35829.839032011914
 20
7515.816691423228
 10
35871.69797609098
 20
7599.218792980139
  0
LWPOLYLINE
  5
8B
330
17
100
AcDbEntity
  8
RASTER_CONTOURS
100
AcDbPolyline
 90
6
 70
1
 10
17621.198357617817
 20
7640.919843758597
 10
17621.198357617817
 20
7349.012488309404
 10
17537.480469459682
 20
7182.2082851955765
 10
17579.33941353875
 20
7140.507234417123
 10
17663.057301696885
 20
7182.2082851955765
 10
17663.057301696885
 20
7599.218792980139
  0
LWPOLYLINE
  5
8C
330
17
100
AcDbEntity
  8
RASTER_CONTOURS
100
AcDbPolyline
 90
15
 70
1
 10
43783.038407034626
 20
7766.022996093967
 10
44410.92256822062
 20
7766.022996093967
 10
44494.64045637876
 20
7640.919843758597
 10
44578.35834453689
 20
7599.218792980139
 10
44578.35834453689
 20
6932.001980524842
 10
44369.06362414157
 20
6723.496726632556
 10
44410.92256822062
 20
6640.094625075644
 10
44410.92256822062
 20
6181.383066512629
 10
44327.20468006249
 20
6097.980964955712
 10
43699.32051887649
 20
6097.980964955712
 10
43615.602630718364
 20
6223.084117291082
 10
43615.602630718364
 20
6640.094625075644
 10
43699.32051887649
 20
6723.496726632556
 10
43615.602630718364
 20
6932.001980524842
 10
43615.602630718364
 20
7599.218792980139
  0
LWPOLYLINE
  5
8D
330
17
100
AcDbEntity
  8
RASTER_CONTOURS
100
AcDbPolyline
 90
8
 70
1
 10
44871.37095309035
 20
7807.72404687242
 10
45122.524617564755
 20
7807.72404687242
 10
45164.38356164383
 20
7766.022996093967
 10
45164.38356164383
 20
6848.599878967926
 10
45038.80672940662
 20
6765.197777411014
 10
44913.22989716943
 20
6765.197777411014
 10
44787.65306493222
 20
6890.300929746384
 10
44787.65306493222
 20
7640.919843758597
  0
LWPOLYLINE
  5
8E
330
17
100
AcDbEntity
  8
RASTER_CONTOURS
100
AcDbPolyline
 90
10
 70
1
 10
22309.40009447331
 20
8141.332453100072
 10
22351.259038552376
 20
8099.631402321618
 10
22351.259038552376
 20
7807.72404687242
 10
22393.117982631444
 20
7766.022996093967
 10
22351.259038552376
 20
7182.2082851955765
 10
22309.40009447331
 20
7140.507234417123
 10
22267.54115039424
 20
7182.2082851955765
 10
22267.54115039424
 20
7474.11564064477
 10
22225.682206315174
 20
7515.816691423228
 10
22267.54115039424
 20
8099.631402321618
  0
LWPOLYLINE
  5
8F
330
17
100
AcDbEntity
  8
RASTER_CONTOURS
100
AcDbPolyline
 90
2
 70
1
 10
39639.002943207
 20
8141.332453100072
 10
40852.912321499934
 20
8141.332453100072
  0
LWPOLYLINE
  5
90
330
17
100
AcDbEntity
  8
RASTER_CONTOURS
100
AcDbPolyline
 90
33
 70
1
 10
22016.38748591984
 20
8099.631402321618
 10
22100.10537407797
 20
8183.03350387853
 10
22183.823262236107
 20
8141.332453100072
 10
22183.823262236107
 20
6765.197777411014
 10
22225.682206315174
 20
6723.496726632556
 10
22434.97692671051
 20
6723.496726632556
 10
22518.694814868642
 20
6640.094625075644
 10
22518.694814868642
 20
6139.682015734171
 10
22560.55375894771
 20
6056.279914177258
 10
25239.52618000799
 20
6056.279914177258
 10
25281.385124087057
 20
6139.682015734171
 10
25281.385124087057
 20
6264.78516806954
 10
25239.52618000799
 20
6306.486218847994
 10
25281.385124087057
 20
6348.187269626452
 10
25281.385124087057
 20
6681.795675854102
 10
25323.244068166125
 20
6723.496726632556
 10
25406.961956324256
 20
6640.094625075644
 10
25406.961956324256
 20
5889.475711063431
 10
25113.949347770787
 20
5764.372558728066
 10
24988.372515533585
 20
5889.475711063431
 10
24862.79568329639
 20
5847.7746602849775
 10
24820.936739217323
 20
5889.475711063431
 10
21932.669597761706
 20
5889.475711063431
 10
21765.233821445436
 20
5806.0736095065195
 10
21681.5159332873
 20
5889.475711063431
 10
21681.5159332873
 20
6640.094625075644
 10
21765.233821445436
 20
6723.496726632556
 10
22016.38748591984
 20
6723.496726632556
 10
22058.246429998908
 20
6848.599878967926
 10
22016.38748591984
 20
6973.703031303296
 10
22016.38748591984
 20
7140.507234417123
 10
22058.246429998908
 20
7182.2082851955765
 10
22058.246429998908
 20
8057.93035154316
  0
LWPOLYLINE
  5
91
330
17
100
AcDbEntity
  8
RASTER_CONTOURS
100
AcDbPolyline
 90
5
 70
1
 10
42862.14163729515
 20
8141.332453100072
 10
42736.56480505794
 20
8266.435605435441
 10
42610.98797282075
 20
8141.332453100072
 10
42652.846916899805
 20
8099.631402321618
 10
42820.282693216075
 20
8099.631402321618
  0
LWPOLYLINE
  5
92
330
17
100
AcDbEntity
  8
RASTER_CONTOURS
100
AcDbPolyline
 90
10
 70
1
 10
54833.79964390828
 20
8349.837706992354
 10
54875.65858798735
 20
8308.1366562139
 10
54833.79964390828
 20
8183.03350387853
 10
54875.65858798735
 20
8099.631402321618
 10
54875.65858798735
 20
7474.11564064477
 10
54791.94069982922
 20
7432.414589866316
 10
54708.22281167108
 20
7515.816691423228
 10
54708.22281167108
 20
7724.321945315509
 10
54750.08175575014
 20
7766.022996093967
 10
54750.08175575014
 20
8266.435605435441
  0
LWPOLYLINE
  5
93
330
17
100
AcDbEntity
  8
RASTER_CONTOURS
100
AcDbPolyline
 90
2
 70
1
 10
40350.60499255114
 20
8308.1366562139
 10
40936.63020965807
 20
8308.1366562139
  0
LWPOLYLINE
  5
94
330
17
100
AcDbEntity
  8
RASTER_CONTOURS
100
AcDbPolyline
 90
2
 70
1
 10
39639.002943207
 20
8308.1366562139
 10
40057.59238399767
 20
8308.1366562139
  0
LWPOLYLINE
  5
95
330
17
100
AcDbEntity
  8
RASTER_CONTOURS
100
AcDbPolyline
 90
51
 70
1
 10
21597.79804512917
 20
8349.837706992354
 10
21597.79804512917
 20
8224.734554656983
 10
21723.37487736637
 20
8141.332453100072
 10
21974.528541840773
 20
7849.425097650878
 10
21974.528541840773
 20
6848.599878967926
 10
21639.656989208237
 20
6723.496726632556
 10
21639.656989208237
 20
5764.372558728066
 10
21681.5159332873
 20
5722.671507949608
 10
22937.28425565931
 20
5722.671507949608
 10
22979.143199738377
 20
5806.0736095065195
 10
23565.168416845318
 20
5806.0736095065195
 10
23607.02736092438
 20
5847.7746602849775
 10
23858.181025398782
 20
5806.0736095065195
 10
23900.039969477846
 20
5722.671507949608
 10
24025.61680171505
 20
5764.372558728066
 10
24109.334689873183
 20
5722.671507949608
 10
24653.500962901056
 20
5722.671507949608
 10
24695.35990698012
 20
5764.372558728066
 10
24820.936739217323
 20
5722.671507949608
 10
25239.52618000799
 20
5722.671507949608
 10
25281.385124087057
 20
5764.372558728066
 10
25490.67984448239
 20
5764.372558728066
 10
25490.67984448239
 20
6556.692523518733
 10
25574.397732640526
 20
6765.197777411014
 10
25448.820900403323
 20
6890.300929746384
 10
25113.949347770787
 20
6848.599878967926
 10
25072.09040369172
 20
6932.001980524842
 10
24988.372515533585
 20
6848.599878967926
 10
24820.936739217323
 20
6848.599878967926
 10
24779.077795138255
 20
6932.001980524842
 10
24695.35990698012
 20
6848.599878967926
 10
24276.77046618945
 20
6848.599878967926
 10
24234.911522110386
 20
6890.300929746384
 10
24193.05257803132
 20
6848.599878967926
 10
23690.745249082516
 20
6848.599878967926
 10
23607.02736092438
 20
6723.496726632556
 10
23062.861087896512
 20
6514.991472740275
 10
22979.143199738377
 20
6431.589371183363
 10
22644.271647105845
 20
6348.187269626452
 10
22560.55375894771
 20
6514.991472740275
 10
22560.55375894771
 20
6765.197777411014
 10
22393.117982631444
 20
6848.599878967926
 10
22434.97692671051
 20
6973.703031303296
 10
22434.97692671051
 20
7515.816691423228
 10
22476.835870789575
 20
7599.218792980139
 10
22602.412703026777
 20
7682.620894537051
 10
22602.412703026777
 20
8308.1366562139
 10
22560.55375894771
 20
8349.837706992354
 10
22183.823262236107
 20
8349.837706992354
 10
22141.96431815704
 20
8391.538757770812
 10
22100.10537407797
 20
8349.837706992354
  0
LWPOLYLINE
  5
96
330
17
100
AcDbEntity
  8
RASTER_CONTOURS
100
AcDbPolyline
 90
5
 70
1
 10
18835.107735910755
 20
8391.538757770812
 10
18835.107735910755
 20
8308.1366562139
 10
18918.82562406889
 20
8349.837706992354
 10
19379.274008938624
 20
8349.837706992354
 10
18918.82562406889
 20
8349.837706992354
  0
LWPOLYLINE
  5
97
330
17
100
AcDbEntity
  8
RASTER_CONTOURS
100
AcDbPolyline
 90
9
 70
1
 10
46127.13927546237
 20
8516.64191010618
 10
46043.42138730423
 20
8433.239808549264
 10
46127.13927546237
 20
8308.1366562139
 10
46043.42138730423
 20
8183.03350387853
 10
46085.28033138331
 20
8099.631402321618
 10
46168.99821954144
 20
8099.631402321618
 10
46168.99821954144
 20
8266.435605435441
 10
46127.13927546237
 20
8308.1366562139
 10
46210.8571636205
 20
8433.239808549264
  0
LWPOLYLINE
  5
98
330
17
100
AcDbEntity
  8
RASTER_CONTOURS
100
AcDbPolyline
 90
4
 70
1
 10
28462.66487409614
 20
8600.044011663093
 10
28462.66487409614
 20
8349.837706992354
 10
28504.523818175207
 20
8308.1366562139
 10
28462.66487409614
 20
8391.538757770812
  0
LWPOLYLINE
  5
99
330
17
100
AcDbEntity
  8
RASTER_CONTOURS
100
AcDbPolyline
 90
26
 70
1
 10
32229.96984121216
 20
8016.229300764701
 10
33988.04549253297
 20
8016.229300764701
 10
34029.904436612036
 20
7974.528249986248
 10
34113.62232477017
 20
8016.229300764701
 10
35536.82642345844
 20
8016.229300764701
 10
35578.68536753751
 20
7974.528249986248
 10
35829.839032011914
 20
7974.528249986248
 10
35871.69797609098
 20
8016.229300764701
 10
38801.82406162566
 20
8016.229300764701
 10
34155.48126884924
 20
8016.229300764701
 10
34113.62232477017
 20
8057.93035154316
 10
34239.19915700737
 20
8141.332453100072
 10
34197.340212928306
 20
8266.435605435441
 10
34281.05810108644
 20
8349.837706992354
 10
34406.634933323636
 20
8349.837706992354
 10
34364.77598924457
 20
8474.940859327722
 10
34448.4938774027
 20
8558.342960884635
 10
34908.942262272445
 20
8558.342960884635
 10
34448.4938774027
 20
8558.342960884635
 10
34364.77598924457
 20
8641.745062441545
 10
34239.19915700737
 20
8391.538757770812
 10
34197.340212928306
 20
8433.239808549264
 10
34113.62232477017
 20
8349.837706992354
 10
34155.48126884924
 20
8224.734554656983
 10
34029.904436612036
 20
8141.332453100072
 10
33988.04549253297
 20
8016.229300764701
  0
LWPOLYLINE
  5
9A
330
17
100
AcDbEntity
  8
RASTER_CONTOURS
100
AcDbPolyline
 90
7
 70
1
 10
35829.839032011914
 20
8808.549265555373
 10
35871.69797609098
 20
8850.250316333826
 10
35997.274808328184
 20
8850.250316333826
 10
36122.851640565386
 20
8766.848214776915
 10
36122.851640565386
 20
8683.446113220003
 10
36039.13375240725
 20
8641.745062441545
 10
35871.69797609098
 20
8725.147163998461
  0
LWPOLYLINE
  5
9B
330
17
100
AcDbEntity
  8
RASTER_CONTOURS
100
AcDbPolyline
 90
4
 70
1
 10
17579.33941353875
 20
8808.549265555373
 10
17537.480469459682
 20
8766.848214776915
 10
17621.198357617817
 20
8558.342960884635
 10
17663.057301696885
 20
8766.848214776915
  0
LWPOLYLINE
  5
9C
330
17
100
AcDbEntity
  8
RASTER_CONTOURS
100
AcDbPolyline
 90
9
 70
1
 10
51443.22517350387
 20
8850.250316333826
 10
51443.22517350387
 20
8808.549265555373
 10
51610.66094982012
 20
8683.446113220003
 10
51652.519893899196
 20
8558.342960884635
 10
51819.955670215466
 20
8558.342960884635
 10
51987.391446531736
 20
8641.745062441545
 10
51987.391446531736
 20
8808.549265555373
 10
51819.955670215466
 20
8891.951367112284
 10
51526.94306166199
 20
8891.951367112284
  0
LWPOLYLINE
  5
9D
330
17
100
AcDbEntity
  8
RASTER_CONTOURS
100
AcDbPolyline
 90
49
 70
1
 10
34322.91704516551
 20
8850.250316333826
 10
34364.77598924457
 20
8766.848214776915
 10
34490.35282148177
 20
8850.250316333826
 10
35034.51909450965
 20
8850.250316333826
 10
35160.09592674684
 20
8766.848214776915
 10
35118.236982667775
 20
8683.446113220003
 10
35118.236982667775
 20
8391.538757770812
 10
35076.378038588715
 20
8349.837706992354
 10
35285.672758984045
 20
8391.538757770812
 10
35411.24959122125
 20
8308.1366562139
 10
35536.82642345844
 20
8308.1366562139
 10
35494.967479379375
 20
8349.837706992354
 10
35536.82642345844
 20
8433.239808549264
 10
35494.967479379375
 20
8766.848214776915
 10
35578.68536753751
 20
8850.250316333826
 10
35746.12114385378
 20
8766.848214776915
 10
35662.403255695644
 20
8683.446113220003
 10
35662.403255695644
 20
8349.837706992354
 10
35620.54431161658
 20
8308.1366562139
 10
35829.839032011914
 20
8308.1366562139
 10
35913.55692017005
 20
8391.538757770812
 10
36039.13375240725
 20
8308.1366562139
 10
36122.851640565386
 20
8308.1366562139
 10
36122.851640565386
 20
8349.837706992354
 10
36248.42847280258
 20
8433.239808549264
 10
36415.86424911885
 20
8308.1366562139
 10
36499.582137276986
 20
8516.64191010618
 10
36499.582137276986
 20
8683.446113220003
 10
36415.86424911885
 20
8766.848214776915
 10
36499.582137276986
 20
8850.250316333826
 10
37001.88946622579
 20
8850.250316333826
 10
37127.46629846299
 20
8766.848214776915
 10
37127.46629846299
 20
8891.951367112284
 10
37043.748410304855
 20
8850.250316333826
 10
36457.72319319792
 20
8850.250316333826
 10
36374.005305039784
 20
8933.652417890744
 10
36290.28741688165
 20
8725.147163998461
 10
36164.710584644454
 20
8766.848214776915
 10
36122.851640565386
 20
8933.652417890744
 10
36039.13375240725
 20
8850.250316333826
 10
35411.24959122125
 20
8850.250316333826
 10
35327.53170306311
 20
8891.951367112284
 10
35369.39064714218
 20
8808.549265555373
 10
35285.672758984045
 20
8725.147163998461
 10
35160.09592674684
 20
8808.549265555373
 10
35118.236982667775
 20
8933.652417890744
 10
35034.51909450965
 20
8850.250316333826
 10
34490.35282148177
 20
8850.250316333826
 10
34448.4938774027
 20
8891.951367112284
  0
LWPOLYLINE
  5
9E
330
17
100
AcDbEntity
  8
RASTER_CONTOURS
100
AcDbPolyline
 90
5
 70
1
 10
34155.48126884924
 20
8933.652417890744
 10
34029.904436612036
 20
8850.250316333826
 10
34071.7633806911
 20
8850.250316333826
 10
34155.48126884924
 20
8725.147163998461
 10
34197.340212928306
 20
8808.549265555373
  0
LWPOLYLINE
  5
9F
330
17
100
AcDbEntity
  8
RASTER_CONTOURS
100
AcDbPolyline
 90
9
 70
1
 10
30430.035245812287
 20
8933.652417890744
 10
30388.17630173322
 20
8891.951367112284
 10
30388.17630173322
 20
8766.848214776915
 10
30430.035245812287
 20
8725.147163998461
 10
30430.035245812287
 20
8349.837706992354
 10
30471.894189891354
 20
8349.837706992354
 10
30430.035245812287
 20
8391.538757770812
 10
30430.035245812287
 20
8766.848214776915
 10
30471.894189891354
 20
8808.549265555373
  0
LWPOLYLINE
  5
A0
330
17
100
AcDbEntity
  8
RASTER_CONTOURS
100
AcDbPolyline
 90
12
 70
1
 10
43824.89735111369
 20
9058.755570226112
 10
43992.333127429956
 20
9058.755570226112
 10
44034.19207150903
 20
9017.054519447654
 10
44369.06362414157
 20
9058.755570226112
 10
44494.64045637876
 20
8933.652417890744
 10
44536.49940045783
 20
8808.549265555373
 10
44536.49940045783
 20
8391.538757770812
 10
44452.781512299705
 20
8266.435605435441
 10
44369.06362414157
 20
8224.734554656983
 10
43783.038407034626
 20
8224.734554656983
 10
43699.32051887649
 20
8391.538757770812
 10
43699.32051887649
 20
8891.951367112284
  0
LWPOLYLINE
  5
A1
330
17
100
AcDbEntity
  8
RASTER_CONTOURS
100
AcDbPolyline
 90
11
 70
1
 10
37336.76101885833
 20
9100.456621004567
 10
37336.76101885833
 20
8600.044011663093
 10
37336.76101885833
 20
8766.848214776915
 10
37420.478907016455
 20
8850.250316333826
 10
38006.50412412339
 20
8850.250316333826
 10
38048.36306820246
 20
8808.549265555373
 10
38132.080956360594
 20
8850.250316333826
 10
38090.22201228153
 20
8891.951367112284
 10
38048.36306820246
 20
8850.250316333826
 10
37420.478907016455
 20
8850.250316333826
 10
37336.76101885833
 20
8933.652417890744
  0
LWPOLYLINE
  5
A2
330
17
100
AcDbEntity
  8
RASTER_CONTOURS
100
AcDbPolyline
 90
6
 70
1
 10
33150.866610951634
 20
9100.456621004567
 10
33150.866610951634
 20
8933.652417890744
 10
33109.00766687257
 20
8891.951367112284
 10
33150.866610951634
 20
8766.848214776915
 10
33192.7255550307
 20
8808.549265555373
 10
33150.866610951634
 20
8891.951367112284
  0
LWPOLYLINE
  5
A3
330
17
100
AcDbEntity
  8
RASTER_CONTOURS
100
AcDbPolyline
 90
5
 70
1
 10
25281.385124087057
 20
9183.858722561477
 10
25281.385124087057
 20
8891.951367112284
 10
25239.52618000799
 20
8850.250316333826
 10
25281.385124087057
 20
8725.147163998461
 10
25323.244068166125
 20
8808.549265555373
  0
LWPOLYLINE
  5
A4
330
17
100
AcDbEntity
  8
RASTER_CONTOURS
100
AcDbPolyline
 90
4
 70
1
 10
36332.146360960716
 20
9225.559773339935
 10
36415.86424911885
 20
9392.363976453758
 10
36583.300025435114
 20
9392.363976453758
 10
36332.146360960716
 20
9434.065027232216
  0
LWPOLYLINE
  5
A5
330
17
100
AcDbEntity
  8
RASTER_CONTOURS
100
AcDbPolyline
 90
4
 70
1
 10
41271.5017622906
 20
9475.766078010674
 10
41271.5017622906
 20
9058.755570226112
 10
41271.5017622906
 20
9308.961874896848
 10
41313.36070636968
 20
9350.662925675306
  0
LWPOLYLINE
  5
A6
330
17
100
AcDbEntity
  8
RASTER_CONTOURS
100
AcDbPolyline
 90
4
 70
1
 10
33150.866610951634
 20
9600.86923034604
 10
33150.866610951634
 20
9475.766078010674
 10
33109.00766687257
 20
9434.065027232216
 10
33150.866610951634
 20
9225.559773339935
  0
LWPOLYLINE
  5
A7
330
17
100
AcDbEntity
  8
RASTER_CONTOURS
100
AcDbPolyline
 90
5
 70
1
 10
30220.74052541695
 20
9600.86923034604
 10
30178.881581337882
 20
9559.168179567587
 10
30220.74052541695
 20
9517.467128789129
 10
30137.02263725882
 20
9392.363976453758
 10
30220.74052541695
 20
9225.559773339935
  0
LWPOLYLINE
  5
A8
330
17
100
AcDbEntity
  8
RASTER_CONTOURS
100
AcDbPolyline
 90
4
 70
1
 10
37336.76101885833
 20
9642.5702811245
 10
37336.76101885833
 20
9308.961874896848
 10
37420.478907016455
 20
9392.363976453758
 10
37336.76101885833
 20
9475.766078010674
  0
LWPOLYLINE
  5
A9
330
17
100
AcDbEntity
  8
RASTER_CONTOURS
100
AcDbPolyline
 90
4
 70
1
 10
35327.53170306311
 20
9642.5702811245
 10
35327.53170306311
 20
9183.858722561477
 10
35327.53170306311
 20
9350.662925675306
 10
35369.39064714218
 20
9392.363976453758
  0
LWPOLYLINE
  5
AA
330
17
100
AcDbEntity
  8
RASTER_CONTOURS
100
AcDbPolyline
 90
6
 70
1
 10
33360.161331346964
 20
9684.271331902957
 10
33360.161331346964
 20
9434.065027232216
 10
33318.3023872679
 20
9392.363976453758
 10
33360.161331346964
 20
9308.961874896848
 10
33443.8792195051
 20
9392.363976453758
 10
33360.161331346964
 20
9517.467128789129
  0
LWPOLYLINE
  5
AB
330
17
100
AcDbEntity
  8
RASTER_CONTOURS
100
AcDbPolyline
 90
4
 70
1
 10
26285.99978198466
 20
9684.271331902957
 10
26285.99978198466
 20
9475.766078010674
 10
26202.281893826526
 20
9392.363976453758
 10
26285.99978198466
 20
9225.559773339935
  0
LWPOLYLINE
  5
AC
330
17
100
AcDbEntity
  8
RASTER_CONTOURS
100
AcDbPolyline
 90
4
 70
1
 10
36122.851640565386
 20
9725.97238268141
 10
36122.851640565386
 20
9475.766078010674
 10
36080.99269648632
 20
9434.065027232216
 10
36122.851640565386
 20
9308.961874896848
  0
LWPOLYLINE
  5
AD
330
17
100
AcDbEntity
  8
RASTER_CONTOURS
100
AcDbPolyline
 90
12
 70
1
 10
25532.53878856146
 20
9725.97238268141
 10
25532.53878856146
 20
9475.766078010674
 10
25490.67984448239
 20
9434.065027232216
 10
25490.67984448239
 20
9308.961874896848
 10
25532.53878856146
 20
9267.260824118393
 10
25490.67984448239
 20
8766.848214776915
 10
25532.53878856146
 20
8683.446113220003
 10
25574.397732640526
 20
8808.549265555373
 10
25532.53878856146
 20
8891.951367112284
 10
25532.53878856146
 20
9308.961874896848
 10
25574.397732640526
 20
9350.662925675306
 10
25532.53878856146
 20
9434.065027232216
  0
LWPOLYLINE
  5
AE
330
17
100
AcDbEntity
  8
RASTER_CONTOURS
100
AcDbPolyline
 90
11
 70
1
 10
46085.28033138331
 20
9976.178687352149
 10
46085.28033138331
 20
9809.374484238322
 10
46001.56244322517
 20
9684.271331902957
 10
46085.28033138331
 20
9600.86923034604
 10
46127.13927546237
 20
9350.662925675306
 10
46210.8571636205
 20
9475.766078010674
 10
46168.99821954144
 20
9600.86923034604
 10
46336.43399585771
 20
9725.97238268141
 10
46252.716107699576
 20
9725.97238268141
 10
46168.99821954144
 20
9809.374484238322
 10
46168.99821954144
 20
9934.47763657369
  0
LWPOLYLINE
  5
AF
330
17
100
AcDbEntity
  8
RASTER_CONTOURS
100
AcDbPolyline
 90
2
 70
1
 10
30430.035245812287
 20
9976.178687352149
 10
30430.035245812287
 20
9684.271331902957
  0
LWPOLYLINE
  5
B0
330
17
100
AcDbEntity
  8
RASTER_CONTOURS
100
AcDbPolyline
 90
7
 70
1
 10
30178.881581337882
 20
9976.178687352149
 10
30178.881581337882
 20
9809.374484238322
 10
30220.74052541695
 20
9767.673433459868
 10
30178.881581337882
 20
9725.97238268141
 10
30220.74052541695
 20
9684.271331902957
 10
30178.881581337882
 20
9809.374484238322
 10
30220.74052541695
 20
9934.47763657369
  0
LWPOLYLINE
  5
B1
330
17
100
AcDbEntity
  8
RASTER_CONTOURS
100
AcDbPolyline
 90
4
 70
1
 10
35327.53170306311
 20
10017.879738130603
 10
35327.53170306311
 20
9725.97238268141
 10
35327.53170306311
 20
9851.07553501678
 10
35369.39064714218
 20
9892.776585795238
  0
LWPOLYLINE
  5
B2
330
17
100
AcDbEntity
  8
RASTER_CONTOURS
100
AcDbPolyline
 90
11
 70
1
 10
35160.09592674684
 20
10017.879738130603
 10
35118.236982667775
 20
10017.879738130603
 10
35076.378038588715
 20
9892.776585795238
 10
35118.236982667775
 20
9851.07553501678
 10
35118.236982667775
 20
9475.766078010674
 10
35034.51909450965
 20
9392.363976453758
 10
34657.78859779804
 20
9392.363976453758
 10
35034.51909450965
 20
9392.363976453758
 10
35118.236982667775
 20
9308.961874896848
 10
35160.09592674684
 20
9350.662925675306
 10
35118.236982667775
 20
9475.766078010674
  0
LWPOLYLINE
  5
B3
330
17
100
AcDbEntity
  8
RASTER_CONTOURS
100
AcDbPolyline
 90
73
 70
1
 10
43322.590022164884
 20
10059.580788909061
 10
43406.30791032302
 20
10142.982890465972
 10
43448.166854402094
 20
10101.28183968752
 10
43490.02579848115
 20
7974.528249986248
 10
43657.46157479742
 20
7891.126148429332
 10
43531.88474256023
 20
7807.72404687242
 10
43573.74368663928
 20
7724.321945315509
 10
43531.88474256023
 20
7682.620894537051
 10
43573.74368663928
 20
7599.218792980139
 10
43531.88474256023
 20
7474.11564064477
 10
43531.88474256023
 20
7140.507234417123
 10
43573.74368663928
 20
7098.806183638665
 10
43531.88474256023
 20
7057.105132860207
 10
43573.74368663928
 20
7015.404082081754
 10
43573.74368663928
 20
6848.599878967926
 10
43531.88474256023
 20
6806.898828189473
 10
43573.74368663928
 20
6223.084117291082
 10
43531.88474256023
 20
6097.980964955712
 10
43573.74368663928
 20
6056.279914177258
 10
44285.345735983436
 20
6056.279914177258
 10
44327.20468006249
 20
6014.5788633988
 10
44494.64045637876
 20
6097.980964955712
 10
44494.64045637876
 20
6640.094625075644
 10
44662.07623269503
 20
6765.197777411014
 10
44745.79412085316
 20
6723.496726632556
 10
45248.101449801965
 20
6723.496726632556
 10
45289.960393881025
 20
6681.795675854102
 10
45289.960393881025
 20
6056.279914177258
 10
45499.25511427637
 20
6056.279914177258
 10
45708.54983467169
 20
6181.383066512629
 10
46085.28033138331
 20
6306.486218847994
 10
46252.716107699576
 20
6431.589371183363
 10
46503.86977217398
 20
6473.290421961821
 10
46587.587660332116
 20
6556.692523518733
 10
46713.1644925693
 20
6556.692523518733
 10
46922.45921296465
 20
6681.795675854102
 10
46922.45921296465
 20
7265.610386752488
 10
46964.31815704371
 20
7307.311437530946
 10
46922.45921296465
 20
7432.414589866316
 10
46922.45921296465
 20
7599.218792980139
 10
46964.31815704371
 20
7640.919843758597
 10
46922.45921296465
 20
7724.321945315509
 10
46922.45921296465
 20
9767.673433459868
 10
47006.17710112277
 20
9851.07553501678
 10
47048.03604520184
 20
9851.07553501678
 10
47131.75393335998
 20
9725.97238268141
 10
47089.894989280896
 20
9475.766078010674
 10
47131.75393335998
 20
9434.065027232216
 10
47131.75393335998
 20
6640.094625075644
 10
47006.17710112277
 20
6473.290421961821
 10
46922.45921296465
 20
6473.290421961821
 10
46713.1644925693
 20
6348.187269626452
 10
46629.44660441117
 20
6348.187269626452
 10
45792.26772282983
 20
5972.877812620347
 10
45708.54983467169
 20
5972.877812620347
 10
45541.11405835543
 20
5847.7746602849775
 10
43448.166854402094
 20
5847.7746602849775
 10
43322.590022164884
 20
5972.877812620347
 10
43364.44896624396
 20
6097.980964955712
 10
43364.44896624396
 20
6514.991472740275
 10
43322.590022164884
 20
6556.692523518733
 10
43364.44896624396
 20
6598.393574297191
 10
43364.44896624396
 20
6848.599878967926
 10
43322.590022164884
 20
6890.300929746384
 10
43322.590022164884
 20
7057.105132860207
 10
43364.44896624396
 20
7098.806183638665
 10
43364.44896624396
 20
7766.022996093967
 10
43322.590022164884
 20
7807.72404687242
 10
43364.44896624396
 20
7849.425097650878
 10
43322.590022164884
 20
7891.126148429332
 10
43364.44896624396
 20
7974.528249986248
 10
43364.44896624396
 20
9684.271331902957
 10
43322.590022164884
 20
9725.97238268141
  0
LWPOLYLINE
  5
B4
330
17
100
AcDbEntity
  8
RASTER_CONTOURS
100
AcDbPolyline
 90
3
 70
1
 10
37336.76101885833
 20
10101.28183968752
 10
37336.76101885833
 20
9767.673433459868
 10
37378.61996293739
 20
9892.776585795238
  0
LWPOLYLINE
  5
B5
330
17
100
AcDbEntity
  8
RASTER_CONTOURS
100
AcDbPolyline
 90
3
 70
1
 10
29216.125867519346
 20
10101.28183968752
 10
29174.26692344028
 20
9976.178687352149
 10
29216.125867519346
 20
9725.97238268141
  0
LWPOLYLINE
  5
B6
330
17
100
AcDbEntity
  8
RASTER_CONTOURS
100
AcDbPolyline
 90
10
 70
1
 10
28462.66487409614
 20
10393.189195136712
 10
28462.66487409614
 20
9017.054519447654
 10
28462.66487409614
 20
9267.260824118393
 10
28504.523818175207
 20
9308.961874896848
 10
28504.523818175207
 20
9434.065027232216
 10
28462.66487409614
 20
9475.766078010674
 10
28462.66487409614
 20
9809.374484238322
 10
28504.523818175207
 20
9851.07553501678
 10
28462.66487409614
 20
10268.086042801342
 10
28504.523818175207
 20
10351.488144358254
  0
LWPOLYLINE
  5
B7
330
17
100
AcDbEntity
  8
RASTER_CONTOURS
100
AcDbPolyline
 90
9
 70
1
 10
28253.37015370081
 20
10393.189195136712
 10
28253.37015370081
 20
10059.580788909061
 10
28211.51120962174
 20
10017.879738130603
 10
28253.37015370081
 20
9517.467128789129
 10
28169.652265542674
 20
9392.363976453758
 10
28253.37015370081
 20
9267.260824118393
 10
28253.37015370081
 20
8933.652417890744
 10
28211.51120962174
 20
8891.951367112284
 10
28253.37015370081
 20
8725.147163998461
  0
LWPOLYLINE
  5
B8
330
17
100
AcDbEntity
  8
RASTER_CONTOURS
100
AcDbPolyline
 90
8
 70
1
 10
42778.42374913702
 20
10476.591296693623
 10
42652.846916899805
 20
10434.89024591517
 10
42694.70586097889
 20
10393.189195136712
 10
42652.846916899805
 20
10309.7870935798
 10
42694.70586097889
 20
10059.580788909061
 10
42778.42374913702
 20
10101.28183968752
 10
42778.42374913702
 20
10393.189195136712
 10
42820.282693216075
 20
10434.89024591517
  0
LWPOLYLINE
  5
B9
330
17
100
AcDbEntity
  8
RASTER_CONTOURS
100
AcDbPolyline
 90
19
 70
1
 10
42024.962755713816
 20
10476.591296693623
 10
41983.103811634755
 20
10434.89024591517
 10
42024.962755713816
 20
10393.189195136712
 10
42024.962755713816
 20
10017.879738130603
 10
41983.103811634755
 20
9976.178687352149
 10
42024.962755713816
 20
9475.766078010674
 10
41941.24486755568
 20
9392.363976453758
 10
42024.962755713816
 20
9267.260824118393
 10
42024.962755713816
 20
8933.652417890744
 10
41983.103811634755
 20
8891.951367112284
 10
42024.962755713816
 20
8433.239808549264
 10
41983.103811634755
 20
8349.837706992354
 10
41899.38592347662
 20
8308.1366562139
 10
42024.962755713816
 20
8224.734554656983
 10
41983.103811634755
 20
8141.332453100072
 10
42192.39853203008
 20
8099.631402321618
 10
42276.11642018821
 20
8141.332453100072
 10
42150.539587951025
 20
8266.435605435441
 10
42150.539587951025
 20
10434.89024591517
  0
LWPOLYLINE
  5
BA
330
17
100
AcDbEntity
  8
RASTER_CONTOURS
100
AcDbPolyline
 90
6
 70
1
 10
53912.9028741688
 20
10977.003906035097
 10
53829.18498601067
 20
10851.900753699732
 10
53871.04393008974
 20
10518.292347472081
 10
53996.62076232694
 20
10518.292347472081
 10
53996.62076232694
 20
10768.498652142816
 10
54038.47970640601
 20
10851.900753699732
  0
LWPOLYLINE
  5
BB
330
17
100
AcDbEntity
  8
RASTER_CONTOURS
100
AcDbPolyline
 90
2
 70
1
 10
35034.51909450965
 20
11185.509159927378
 10
35829.839032011914
 20
11185.509159927378
  0
LWPOLYLINE
  5
BC
330
17
100
AcDbEntity
  8
RASTER_CONTOURS
100
AcDbPolyline
 90
2
 70
1
 10
33946.18654845391
 20
11185.509159927378
 10
34699.64754187711
 20
11185.509159927378
  0
LWPOLYLINE
  5
BD
330
17
100
AcDbEntity
  8
RASTER_CONTOURS
100
AcDbPolyline
 90
6
 70
1
 10
24737.218851059188
 20
11477.416515376577
 10
24653.500962901056
 20
11560.818616933488
 10
24569.78307474292
 20
11519.11756615503
 10
24527.924130663854
 20
11435.715464598117
 10
24569.78307474292
 20
11394.014413819665
 10
24695.35990698012
 20
11394.014413819665
  0
LWPOLYLINE
  5
BE
330
17
100
AcDbEntity
  8
RASTER_CONTOURS
100
AcDbPolyline
 90
8
 70
1
 10
46127.13927546237
 20
11852.725972382681
 10
46462.0108280949
 20
11852.725972382681
 10
46545.728716253034
 20
11769.323870825769
 10
46545.728716253034
 20
11435.715464598117
 10
46420.151884015846
 20
11310.612312262749
 10
46085.28033138331
 20
11310.612312262749
 10
45959.7034991461
 20
11519.11756615503
 10
45959.7034991461
 20
11727.62282004731
  0
LWPOLYLINE
  5
BF
330
17
100
AcDbEntity
  8
RASTER_CONTOURS
100
AcDbPolyline
 90
8
 70
1
 10
45875.98561098796
 20
11894.427023161139
 10
45875.98561098796
 20
11227.210210705836
 10
45959.7034991461
 20
11185.509159927378
 10
46043.42138730423
 20
11227.210210705836
 10
46629.44660441117
 20
11227.210210705836
 10
46629.44660441117
 20
11852.725972382681
 10
46545.728716253034
 20
11936.128073939592
 10
45917.84455506704
 20
11936.128073939592
  0
LWPOLYLINE
  5
C0
330
17
100
AcDbEntity
  8
RASTER_CONTOURS
100
AcDbPolyline
 90
13
 70
1
 10
44996.94778532757
 20
11977.82912471805
 10
44955.088841248486
 20
11936.128073939592
 10
44955.088841248486
 20
11394.014413819665
 10
44871.37095309035
 20
11268.911261484294
 10
44871.37095309035
 20
11185.509159927378
 10
44955.088841248486
 20
11143.808109148926
 10
45708.54983467169
 20
11143.808109148926
 10
45708.54983467169
 20
11227.210210705836
 10
45582.973002434504
 20
11268.911261484294
 10
45666.69089059264
 20
11394.014413819665
 10
45666.69089059264
 20
11560.818616933488
 10
45708.54983467169
 20
11602.519667711946
 10
45666.69089059264
 20
11977.82912471805
  0
LWPOLYLINE
  5
C1
330
17
100
AcDbEntity
  8
RASTER_CONTOURS
100
AcDbPolyline
 90
18
 70
1
 10
44076.05101558809
 20
11936.128073939592
 10
43992.333127429956
 20
11727.62282004731
 10
44034.19207150903
 20
11352.313363041207
 10
43908.61523927182
 20
11227.210210705836
 10
43908.61523927182
 20
11143.808109148926
 10
43992.333127429956
 20
11143.808109148926
 10
44034.19207150903
 20
11227.210210705836
 10
44159.768903746226
 20
11143.808109148926
 10
44243.48679190435
 20
11227.210210705836
 10
44285.345735983436
 20
11185.509159927378
 10
44452.781512299705
 20
11227.210210705836
 10
44536.49940045783
 20
11102.107058370468
 10
44662.07623269503
 20
11102.107058370468
 10
44745.79412085316
 20
11185.509159927378
 10
44745.79412085316
 20
11519.11756615503
 10
44620.21728861597
 20
11602.519667711946
 10
44620.21728861597
 20
11894.427023161139
 10
44410.92256822062
 20
11977.82912471805
  0
LWPOLYLINE
  5
C2
330
17
100
AcDbEntity
  8
RASTER_CONTOURS
100
AcDbPolyline
 90
5
 70
1
 10
14188.76494313433
 20
12102.93227705342
 10
14146.905999055263
 20
11977.82912471805
 10
14188.76494313433
 20
11769.323870825769
 10
14188.76494313433
 20
11894.427023161139
 10
14230.623887213398
 20
11936.128073939592
  0
LWPOLYLINE
  5
C3
330
17
100
AcDbEntity
  8
RASTER_CONTOURS
100
AcDbPolyline
 90
138
 70
1
 10
55670.97852548962
 20
12186.334378610332
 10
55712.837469568694
 20
12144.633327831874
 10
55838.41430180589
 20
12144.633327831874
 10
55963.9911340431
 20
11936.128073939592
 10
56131.42691035935
 20
11977.82912471805
 10
56340.72163075469
 20
11811.024921604227
 10
56466.29846299189
 20
11769.323870825769
 10
56466.29846299189
 20
11560.818616933488
 10
56424.439518912826
 20
11519.11756615503
 10
56424.439518912826
 20
11394.014413819665
 10
56466.29846299189
 20
11352.313363041207
 10
56466.29846299189
 20
11102.107058370468
 10
56424.439518912826
 20
11060.406007592013
 10
56466.29846299189
 20
10601.694449028993
 10
56424.439518912826
 20
10559.993398250535
 10
56466.29846299189
 20
10309.7870935798
 10
56257.00374259656
 20
10184.68394124443
 10
56298.86268667562
 20
10142.982890465972
 10
56257.00374259656
 20
9976.178687352149
 10
56424.439518912826
 20
9892.776585795238
 10
56508.15740707096
 20
9642.5702811245
 10
56675.59318338723
 20
9642.5702811245
 10
56968.60579194069
 20
9392.363976453758
 10
56968.60579194069
 20
9225.559773339935
 10
57052.32368009882
 20
9100.456621004567
 10
57010.46473601976
 20
8933.652417890744
 10
56843.02895970349
 20
8683.446113220003
 10
56759.311071545366
 20
8683.446113220003
 10
56633.73423930815
 20
8600.044011663093
 10
56424.439518912826
 20
8600.044011663093
 10
56340.72163075469
 20
8641.745062441545
 10
56131.42691035935
 20
8516.64191010618
 10
56005.85007812216
 20
8516.64191010618
 10
55880.273245884964
 20
8600.044011663093
 10
55796.55535772683
 20
8516.64191010618
 10
55796.55535772683
 20
8349.837706992354
 10
55838.41430180589
 20
8308.1366562139
 10
55796.55535772683
 20
8224.734554656983
 10
55838.41430180589
 20
7724.321945315509
 10
55754.696413647755
 20
7557.517742201686
 10
55838.41430180589
 20
7432.414589866316
 10
55838.41430180589
 20
7307.311437530946
 10
55754.696413647755
 20
7098.806183638665
 10
55838.41430180589
 20
6973.703031303296
 10
55796.55535772683
 20
6890.300929746384
 10
55838.41430180589
 20
6389.88832040491
 10
55754.696413647755
 20
6181.383066512629
 10
55838.41430180589
 20
6097.980964955712
 10
55838.41430180589
 20
5889.475711063431
 10
55796.55535772683
 20
5847.7746602849775
 10
55796.55535772683
 20
5680.97045717115
 10
55838.41430180589
 20
5639.2694063926965
 10
55838.41430180589
 20
5430.764152500415
 10
55796.55535772683
 20
5389.063101721957
 10
55796.55535772683
 20
5222.258898608134
 10
55838.41430180589
 20
5180.557847829676
 10
55838.41430180589
 20
4972.052593937395
 10
55796.55535772683
 20
4930.351543158937
 10
55796.55535772683
 20
4763.547340045113
 10
55838.41430180589
 20
4721.846289266655
 10
55838.41430180589
 20
4513.341035374374
 10
55796.55535772683
 20
4471.63998459592
 10
55838.41430180589
 20
4054.6294768113576
 10
55754.696413647755
 20
3887.82527369753
 10
55838.41430180589
 20
3804.4231721406186
 10
55838.41430180589
 20
3721.0210705837067
 10
55670.97852548962
 20
3595.917918248337
 10
55587.260637331485
 20
3637.618969026795
 10
55419.824861015215
 20
3637.618969026795
 10
55377.96591693616
 20
3595.917918248337
 10
55126.81225246176
 20
3595.917918248337
 10
55084.95330838268
 20
3637.618969026795
 10
54708.22281167108
 20
3595.917918248337
 10
54582.64597943387
 20
3679.3200198052486
 10
54331.492314959476
 20
3595.917918248337
 10
54122.197594564146
 20
3679.3200198052486
 10
53703.60815377348
 20
3637.618969026795
 10
53536.17237745721
 20
3721.0210705837067
 10
53536.17237745721
 20
4012.9284260328996
 10
53661.74920969442
 20
4096.330527589811
 10
53703.60815377348
 20
4054.6294768113576
 10
53787.326041931614
 20
4096.330527589811
 10
53871.04393008974
 20
4054.6294768113576
 10
53912.9028741688
 20
3971.2273752544415
 10
53954.76181824788
 20
4054.6294768113576
 10
54080.33865048507
 20
4096.330527589811
 10
54247.77442680134
 20
4096.330527589811
 10
54373.35125903855
 20
4012.9284260328996
 10
54750.08175575014
 20
4096.330527589811
 10
54917.51753206641
 20
4012.9284260328996
 10
55084.95330838268
 20
4096.330527589811
 10
55168.67119654082
 20
4054.6294768113576
 10
55294.24802877803
 20
4138.031578368269
 10
55294.24802877803
 20
5347.362050943499
 10
55336.10697285708
 20
5389.063101721957
 10
55294.24802877803
 20
5430.764152500415
 10
55294.24802877803
 20
6223.084117291082
 10
55336.10697285708
 20
6264.78516806954
 10
55294.24802877803
 20
6306.486218847994
 10
55294.24802877803
 20
6681.795675854102
 10
55336.10697285708
 20
6765.197777411014
 10
55294.24802877803
 20
6806.898828189473
 10
55294.24802877803
 20
7307.311437530946
 10
55252.389084698945
 20
7432.414589866316
 10
55336.10697285708
 20
7640.919843758597
 10
55294.24802877803
 20
7724.321945315509
 10
55294.24802877803
 20
8016.229300764701
 10
55377.96591693616
 20
8183.03350387853
 10
55294.24802877803
 20
8224.734554656983
 10
55294.24802877803
 20
8474.940859327722
 10
55336.10697285708
 20
8516.64191010618
 10
55336.10697285708
 20
8641.745062441545
 10
55294.24802877803
 20
8683.446113220003
 10
55294.24802877803
 20
8933.652417890744
 10
55336.10697285708
 20
8975.353468669196
 10
55336.10697285708
 20
9100.456621004567
 10
55294.24802877803
 20
9142.157671783025
 10
55294.24802877803
 20
9392.363976453758
 10
55336.10697285708
 20
9434.065027232216
 10
55294.24802877803
 20
9559.168179567587
 10
55294.24802877803
 20
9851.07553501678
 10
55336.10697285708
 20
9892.776585795238
 10
55336.10697285708
 20
10017.879738130603
 10
55294.24802877803
 20
10059.580788909061
 10
55294.24802877803
 20
10309.7870935798
 10
55336.10697285708
 20
10351.488144358254
 10
55294.24802877803
 20
10476.591296693623
 10
55294.24802877803
 20
10851.900753699732
 10
55336.10697285708
 20
10893.601804478187
 10
55294.24802877803
 20
11018.704956813555
 10
55294.24802877803
 20
11227.210210705836
 10
55336.10697285708
 20
11268.911261484294
 10
55294.24802877803
 20
11394.014413819665
 10
55294.24802877803
 20
11811.024921604227
 10
55336.10697285708
 20
11852.725972382681
 10
55294.24802877803
 20
11894.427023161139
 10
55294.24802877803
 20
12144.633327831874
 10
55336.10697285708
 20
12186.334378610332
  0
LWPOLYLINE
  5
C4
330
17
100
AcDbEntity
  8
RASTER_CONTOURS
100
AcDbPolyline
 90
48
 70
1
 10
55168.67119654082
 20
12186.334378610332
 10
55210.53014061989
 20
12144.633327831874
 10
55210.53014061989
 20
9684.271331902957
 10
55252.389084698945
 20
9642.5702811245
 10
55210.53014061989
 20
9559.168179567587
 10
55210.53014061989
 20
9267.260824118393
 10
55252.389084698945
 20
9225.559773339935
 10
55210.53014061989
 20
9100.456621004567
 10
55210.53014061989
 20
8391.538757770812
 10
55252.389084698945
 20
8349.837706992354
 10
55210.53014061989
 20
8266.435605435441
 10
55210.53014061989
 20
4221.4336799251805
 10
55126.81225246176
 20
4138.031578368269
 10
53494.31343337815
 20
4138.031578368269
 10
53452.454489299074
 20
3887.82527369753
 10
53494.31343337815
 20
3846.1242229190766
 10
53452.454489299074
 20
3804.4231721406186
 10
53452.454489299074
 20
3637.618969026795
 10
53703.60815377348
 20
3429.113715134509
 10
53703.60815377348
 20
2344.8863948946496
 10
53619.890265615344
 20
2178.0821917808216
 10
53368.73660114094
 20
2178.0821917808216
 10
53285.018712982805
 20
2261.4842933377336
 10
53285.018712982805
 20
3387.4126643560558
 10
53243.15976890375
 20
3429.113715134509
 10
52992.00610442935
 20
3429.113715134509
 10
52866.42927219214
 20
3595.917918248337
 10
52866.42927219214
 20
3929.526324475988
 10
52950.14716035027
 20
4054.6294768113576
 10
52992.00610442935
 20
4805.248390823571
 10
53033.8650485084
 20
4846.949441602024
 10
53075.72399258748
 20
4805.248390823571
 10
53075.72399258748
 20
4680.145238488201
 10
53410.595545220014
 20
4680.145238488201
 10
53536.17237745721
 20
4513.341035374374
 10
54791.94069982922
 20
4513.341035374374
 10
54833.79964390828
 20
4555.042086152832
 10
54833.79964390828
 20
5722.671507949608
 10
54708.22281167108
 20
5806.0736095065195
 10
54750.08175575014
 20
5931.176761841889
 10
54750.08175575014
 20
7223.909335974035
 10
54959.37647614549
 20
7390.7135390878575
 10
54959.37647614549
 20
8349.837706992354
 10
54917.51753206641
 20
8391.538757770812
 10
54917.51753206641
 20
8725.147163998461
 10
54791.94069982922
 20
8808.549265555373
 10
54791.94069982922
 20
12102.93227705342
 10
54875.65858798735
 20
12186.334378610332
  0
LWPOLYLINE
  5
C5
330
17
100
AcDbEntity
  8
RASTER_CONTOURS
100
AcDbPolyline
 90
7
 70
1
 10
16323.571091166741
 20
12228.03542938879
 10
16281.712147087674
 20
12228.03542938879
 10
16281.712147087674
 20
11852.725972382681
 10
16323.571091166741
 20
11811.024921604227
 10
16323.571091166741
 20
11685.921769268858
 10
16281.712147087674
 20
11644.2207184904
 10
16323.571091166741
 20
11685.921769268858
  0
LWPOLYLINE
  5
C6
330
17
100
AcDbEntity
  8
RASTER_CONTOURS
100
AcDbPolyline
 90
5
 70
1
 10
24527.924130663854
 20
12394.839632502613
 10
24527.924130663854
 20
12311.437530945701
 10
24695.35990698012
 20
12228.03542938879
 10
24737.218851059188
 20
12353.138581724155
 10
24695.35990698012
 20
12394.839632502613
  0
LWPOLYLINE
  5
C7
330
17
100
AcDbEntity
  8
RASTER_CONTOURS
100
AcDbPolyline
 90
2
 70
1
 10
34155.48126884924
 20
12853.551191065633
 10
35453.10853530031
 20
12853.551191065633
  0
LWPOLYLINE
  5
C8
330
17
100
AcDbEntity
  8
RASTER_CONTOURS
100
AcDbPolyline
 90
4
 70
1
 10
39471.56716689074
 20
13103.757495736369
 10
39597.14399912793
 20
13103.757495736369
 10
39639.002943207
 20
13062.056444957914
 10
39932.015551760465
 20
13103.757495736369
  0
LWPOLYLINE
  5
C9
330
17
100
AcDbEntity
  8
RASTER_CONTOURS
100
AcDbPolyline
 90
5
 70
1
 10
41229.64281821155
 20
13187.159597293285
 10
41313.36070636968
 20
13062.056444957914
 10
41480.796482685946
 20
13103.757495736369
 10
41313.36070636968
 20
13145.458546514827
 10
41271.5017622906
 20
13228.860648071737
  0
LWPOLYLINE
  5
CA
330
17
100
AcDbEntity
  8
RASTER_CONTOURS
100
AcDbPolyline
 90
9
 70
1
 10
55377.96591693616
 20
13312.26274962865
 10
55461.68380509429
 20
13270.561698850195
 10
55461.68380509429
 20
12978.654343401004
 10
55503.54274917335
 20
12936.953292622546
 10
55503.54274917335
 20
12436.540683281071
 10
55419.824861015215
 20
12311.437530945701
 10
55294.24802877803
 20
12353.138581724155
 10
55336.10697285708
 20
12394.839632502613
 10
55336.10697285708
 20
13270.561698850195
  0
LWPOLYLINE
  5
CB
330
17
100
AcDbEntity
  8
RASTER_CONTOURS
100
AcDbPolyline
 90
5
 70
1
 10
36122.851640565386
 20
13437.36590196402
 10
36122.851640565386
 20
13187.159597293285
 10
35997.274808328184
 20
13145.458546514827
 10
35997.274808328184
 20
13103.757495736369
 10
36122.851640565386
 20
13103.757495736369
  0
LWPOLYLINE
  5
CC
330
17
100
AcDbEntity
  8
RASTER_CONTOURS
100
AcDbPolyline
 90
6
 70
1
 10
55503.54274917335
 20
13479.066952742478
 10
55587.260637331485
 20
13562.469054299389
 10
55754.696413647755
 20
13562.469054299389
 10
55796.55535772683
 20
13520.76800352093
 10
55754.696413647755
 20
13437.36590196402
 10
55545.401693252425
 20
13437.36590196402
  0
LWPOLYLINE
  5
CD
330
17
100
AcDbEntity
  8
RASTER_CONTOURS
100
AcDbPolyline
 90
9
 70
1
 10
38299.516732676864
 20
13520.76800352093
 10
38299.516732676864
 20
13145.458546514827
 10
38341.37567675593
 20
13062.056444957914
 10
38425.09356491407
 20
13103.757495736369
 10
38592.52934123033
 20
13103.757495736369
 10
38634.3882853094
 20
13062.056444957914
 10
38759.96511754659
 20
13103.757495736369
 10
38425.09356491407
 20
13103.757495736369
 10
38341.37567675593
 20
13187.159597293285
  0
LWPOLYLINE
  5
CE
330
17
100
AcDbEntity
  8
RASTER_CONTOURS
100
AcDbPolyline
 90
16
 70
1
 10
34322.91704516551
 20
13520.76800352093
 10
34322.91704516551
 20
13270.561698850195
 10
34364.77598924457
 20
13228.860648071737
 10
34322.91704516551
 20
13145.458546514827
 10
34364.77598924457
 20
13103.757495736369
 10
34448.4938774027
 20
13145.458546514827
 10
34490.35282148177
 20
13103.757495736369
 10
35118.236982667775
 20
13103.757495736369
 10
35160.09592674684
 20
13145.458546514827
 10
35118.236982667775
 20
13187.159597293285
 10
35118.236982667775
 20
13395.664851185566
 10
35118.236982667775
 20
13228.860648071737
 10
35034.51909450965
 20
13145.458546514827
 10
34406.634933323636
 20
13145.458546514827
 10
34364.77598924457
 20
13187.159597293285
 10
34364.77598924457
 20
13520.76800352093
  0
LWPOLYLINE
  5
CF
330
17
100
AcDbEntity
  8
RASTER_CONTOURS
100
AcDbPolyline
 90
3
 70
1
 10
32146.251953054027
 20
13729.273257413217
 10
32104.39300897496
 20
13687.572206634759
 10
32146.251953054027
 20
13437.36590196402
  0
LWPOLYLINE
  5
D0
330
17
100
AcDbEntity
  8
RASTER_CONTOURS
100
AcDbPolyline
 90
6
 70
1
 10
42024.962755713816
 20
13770.97430819167
 10
41941.24486755568
 20
13645.8711558563
 10
42024.962755713816
 20
13562.469054299389
 10
42024.962755713816
 20
13353.963800407108
 10
42024.962755713816
 20
13604.170105077847
 10
42066.82169979289
 20
13645.8711558563
  0
LWPOLYLINE
  5
D1
330
17
100
AcDbEntity
  8
RASTER_CONTOURS
100
AcDbPolyline
 90
4
 70
1
 10
40266.887104393005
 20
13812.675358970127
 10
40266.887104393005
 20
13312.26274962865
 10
40266.887104393005
 20
13562.469054299389
 10
40308.74604847207
 20
13604.170105077847
  0
LWPOLYLINE
  5
D2
330
17
100
AcDbEntity
  8
RASTER_CONTOURS
100
AcDbPolyline
 90
4
 70
1
 10
25281.385124087057
 20
13896.07746052704
 10
25281.385124087057
 20
13729.273257413217
 10
25239.52618000799
 20
13687.572206634759
 10
25281.385124087057
 20
13479.066952742478
  0
LWPOLYLINE
  5
D3
330
17
100
AcDbEntity
  8
RASTER_CONTOURS
100
AcDbPolyline
 90
6
 70
1
 10
35327.53170306311
 20
14021.18061286241
 10
35327.53170306311
 20
13103.757495736369
 10
35411.24959122125
 20
13145.458546514827
 10
35327.53170306311
 20
13312.26274962865
 10
35327.53170306311
 20
13562.469054299389
 10
35369.39064714218
 20
13604.170105077847
  0
LWPOLYLINE
  5
D4
330
17
100
AcDbEntity
  8
RASTER_CONTOURS
100
AcDbPolyline
 90
2
 70
1
 10
35453.10853530031
 20
14187.984815976233
 10
35746.12114385378
 20
14187.984815976233
  0
LWPOLYLINE
  5
D5
330
17
100
AcDbEntity
  8
RASTER_CONTOURS
100
AcDbPolyline
 90
10
 70
1
 10
36332.146360960716
 20
14271.386917533144
 10
36332.146360960716
 20
13145.458546514827
 10
36374.005305039784
 20
13103.757495736369
 10
36332.146360960716
 20
13187.159597293285
 10
36332.146360960716
 20
13562.469054299389
 10
36415.86424911885
 20
13645.8711558563
 10
36374.005305039784
 20
13687.572206634759
 10
36332.146360960716
 20
14021.18061286241
 10
36415.86424911885
 20
14187.984815976233
 10
36374.005305039784
 20
14271.386917533144
  0
LWPOLYLINE
  5
D6
330
17
100
AcDbEntity
  8
RASTER_CONTOURS
100
AcDbPolyline
 90
9
 70
1
 10
33150.866610951634
 20
14271.386917533144
 10
33109.00766687257
 20
14229.685866754691
 10
33150.866610951634
 20
14104.58271441932
 10
33150.866610951634
 20
13729.273257413217
 10
33109.00766687257
 20
13687.572206634759
 10
33150.866610951634
 20
13604.170105077847
 10
33150.866610951634
 20
13353.963800407108
 10
33150.866610951634
 20
14146.283765197779
 10
33192.7255550307
 20
14187.984815976233
  0
LWPOLYLINE
  5
D7
330
17
100
AcDbEntity
  8
RASTER_CONTOURS
100
AcDbPolyline
 90
3
 70
1
 10
25281.385124087057
 20
14271.386917533144
 10
25239.52618000799
 20
14229.685866754691
 10
25281.385124087057
 20
13979.47956208395
  0
LWPOLYLINE
  5
D8
330
17
100
AcDbEntity
  8
RASTER_CONTOURS
100
AcDbPolyline
 90
7
 70
1
 10
4728.6435812652135
 20
14229.685866754691
 10
4896.0793575814805
 20
14313.087968311602
 10
4937.938301660548
 20
14271.386917533144
 10
5021.656189818682
 20
14313.087968311602
 10
5105.374077976815
 20
14187.984815976233
 10
5063.515133897749
 20
14146.283765197779
 10
4770.502525344281
 20
14146.283765197779
  0
LWPOLYLINE
  5
D9
330
17
100
AcDbEntity
  8
RASTER_CONTOURS
100
AcDbPolyline
 90
9
 70
1
 10
44745.79412085316
 20
14438.191120646972
 10
44829.5120090113
 20
14354.78901909006
 10
44829.5120090113
 20
13395.664851185566
 10
44745.79412085316
 20
13312.26274962865
 10
44578.35834453689
 20
13312.26274962865
 10
44494.64045637876
 20
13395.664851185566
 10
44494.64045637876
 20
13562.469054299389
 10
44620.21728861597
 20
13687.572206634759
 10
44620.21728861597
 20
14354.78901909006
  0
LWPOLYLINE
  5
DA
330
17
100
AcDbEntity
  8
RASTER_CONTOURS
100
AcDbPolyline
 90
16
 70
1
 10
38299.516732676864
 20
14396.490069868514
 10
38299.516732676864
 20
14146.283765197779
 10
38383.234620835
 20
14187.984815976233
 10
38969.25983794193
 20
14187.984815976233
 10
39094.83667017913
 20
14021.18061286241
 10
39094.83667017913
 20
13812.675358970127
 10
39052.97772610006
 20
13770.97430819167
 10
39052.97772610006
 20
13312.26274962865
 10
39094.83667017913
 20
13228.860648071737
 10
39052.97772610006
 20
13145.458546514827
 10
38969.25983794193
 20
13103.757495736369
 10
39094.83667017913
 20
13103.757495736369
 10
39094.83667017913
 20
14396.490069868514
 10
38969.25983794193
 20
14187.984815976233
 10
38425.09356491407
 20
14187.984815976233
 10
38299.516732676864
 20
14313.087968311602
  0
LWPOLYLINE
  5
DB
330
17
100
AcDbEntity
  8
RASTER_CONTOURS
100
AcDbPolyline
 90
23
 70
1
 10
32397.405617528428
 20
14604.995323760795
 10
32355.546673449364
 20
14521.593222203883
 10
32397.405617528428
 20
14479.892171425425
 10
32355.546673449364
 20
14438.191120646972
 10
32397.405617528428
 20
14354.78901909006
 10
32355.546673449364
 20
14313.087968311602
 10
32355.546673449364
 20
14146.283765197779
 10
32397.405617528428
 20
14104.58271441932
 10
32397.405617528428
 20
13937.778511305498
 10
32355.546673449364
 20
13896.07746052704
 10
32355.546673449364
 20
13437.36590196402
 10
32397.405617528428
 20
13395.664851185566
 10
32355.546673449364
 20
13270.561698850195
 10
32397.405617528428
 20
13228.860648071737
 10
32397.405617528428
 20
13103.757495736369
 10
32606.700337923765
 20
13103.757495736369
 10
32397.405617528428
 20
13187.159597293285
 10
32397.405617528428
 20
13604.170105077847
 10
32439.264561607495
 20
13645.8711558563
 10
32397.405617528428
 20
13729.273257413217
 10
32397.405617528428
 20
14146.283765197779
 10
32439.264561607495
 20
14187.984815976233
 10
32397.405617528428
 20
14271.386917533144
  0
LWPOLYLINE
  5
DC
330
17
100
AcDbEntity
  8
RASTER_CONTOURS
100
AcDbPolyline
 90
6
 70
1
 10
55377.96591693616
 20
14771.799526874624
 10
55461.68380509429
 20
14730.098476096166
 10
55461.68380509429
 20
13729.273257413217
 10
55419.824861015215
 20
13687.572206634759
 10
55294.24802877803
 20
13729.273257413217
 10
55294.24802877803
 20
14688.397425317711
  0
LWPOLYLINE
  5
DD
330
17
100
AcDbEntity
  8
RASTER_CONTOURS
100
AcDbPolyline
 90
35
 70
1
 10
47131.75393335998
 20
14688.397425317711
 10
47131.75393335998
 20
14104.58271441932
 10
47089.894989280896
 20
14062.881663640863
 10
47089.894989280896
 20
13437.36590196402
 10
47131.75393335998
 20
13395.664851185566
 10
47089.894989280896
 20
13353.963800407108
 10
47089.894989280896
 20
13228.860648071737
 10
47006.17710112277
 20
13145.458546514827
 10
46922.45921296465
 20
13228.860648071737
 10
46922.45921296465
 20
14563.29427298234
 10
46880.60026888557
 20
14604.995323760795
 10
46001.56244322517
 20
14604.995323760795
 10
45917.84455506704
 20
14479.892171425425
 10
45917.84455506704
 20
13145.458546514827
 10
45875.98561098796
 20
13103.757495736369
 10
43531.88474256023
 20
13103.757495736369
 10
43406.30791032302
 20
12895.252241844088
 10
43322.590022164884
 20
13020.355394179456
 10
43322.590022164884
 20
13145.458546514827
 10
43531.88474256023
 20
13270.561698850195
 10
43824.89735111369
 20
13270.561698850195
 10
43866.75629519276
 20
13228.860648071737
 10
44536.49940045783
 20
13228.860648071737
 10
44578.35834453689
 20
13270.561698850195
 10
44620.21728861597
 20
13228.860648071737
 10
45582.973002434504
 20
13228.860648071737
 10
45666.69089059264
 20
13270.561698850195
 10
45708.54983467169
 20
13353.963800407108
 10
45666.69089059264
 20
13479.066952742478
 10
45708.54983467169
 20
13604.170105077847
 10
45708.54983467169
 20
14730.098476096166
 10
45792.26772282983
 20
14813.500577653076
 10
45917.84455506704
 20
14813.500577653076
 10
45959.7034991461
 20
14771.799526874624
 10
47048.03604520184
 20
14771.799526874624
  0
LWPOLYLINE
  5
DE
330
17
100
AcDbEntity
  8
RASTER_CONTOURS
100
AcDbPolyline
 90
4
 70
1
 10
31392.790959630824
 20
14604.995323760795
 10
31476.50884778896
 20
14730.098476096166
 10
31643.94462410523
 20
14730.098476096166
 10
31392.790959630824
 20
14771.799526874624
  0
LWPOLYLINE
  5
DF
330
17
100
AcDbEntity
  8
RASTER_CONTOURS
100
AcDbPolyline
 90
22
 70
1
 10
35118.236982667775
 20
14813.500577653076
 10
35034.51909450965
 20
14730.098476096166
 10
34490.35282148177
 20
14730.098476096166
 10
34364.77598924457
 20
14813.500577653076
 10
34322.91704516551
 20
14771.799526874624
 10
34364.77598924457
 20
14646.696374539253
 10
34322.91704516551
 20
14604.995323760795
 10
34322.91704516551
 20
14438.191120646972
 10
34364.77598924457
 20
14396.490069868514
 10
34322.91704516551
 20
14271.386917533144
 10
34322.91704516551
 20
14104.58271441932
 10
34364.77598924457
 20
14062.881663640863
 10
34322.91704516551
 20
13604.170105077847
 10
34406.634933323636
 20
13645.8711558563
 10
34364.77598924457
 20
13729.273257413217
 10
34364.77598924457
 20
14104.58271441932
 10
34406.634933323636
 20
14146.283765197779
 10
34364.77598924457
 20
14646.696374539253
 10
34448.4938774027
 20
14730.098476096166
 10
35034.51909450965
 20
14730.098476096166
 10
35118.236982667775
 20
14646.696374539253
 10
35160.09592674684
 20
14730.098476096166
  0
LWPOLYLINE
  5
E0
330
17
100
AcDbEntity
  8
RASTER_CONTOURS
100
AcDbPolyline
 90
19
 70
1
 10
25532.53878856146
 20
14813.500577653076
 10
25490.67984448239
 20
14771.799526874624
 10
25490.67984448239
 20
14646.696374539253
 10
25532.53878856146
 20
14604.995323760795
 10
25490.67984448239
 20
14521.593222203883
 10
25532.53878856146
 20
14479.892171425425
 10
25490.67984448239
 20
14396.490069868514
 10
25532.53878856146
 20
14313.087968311602
 10
25490.67984448239
 20
14271.386917533144
 10
25490.67984448239
 20
14104.58271441932
 10
25532.53878856146
 20
14062.881663640863
 10
25490.67984448239
 20
14021.18061286241
 10
25490.67984448239
 20
13520.76800352093
 10
25532.53878856146
 20
13520.76800352093
 10
25574.397732640526
 20
13645.8711558563
 10
25532.53878856146
 20
13687.572206634759
 10
25532.53878856146
 20
14146.283765197779
 10
25574.397732640526
 20
14187.984815976233
 10
25532.53878856146
 20
14229.685866754691
  0
LWPOLYLINE
  5
E1
330
17
100
AcDbEntity
  8
RASTER_CONTOURS
100
AcDbPolyline
 90
9
 70
1
 10
44871.37095309035
 20
14855.201628431534
 10
44871.37095309035
 20
14771.799526874624
 10
45038.80672940662
 20
14646.696374539253
 10
45038.80672940662
 20
14438.191120646972
 10
45122.524617564755
 20
14438.191120646972
 10
45122.524617564755
 20
14646.696374539253
 10
45206.24250572289
 20
14730.098476096166
 10
45164.38356164383
 20
14771.799526874624
 10
44955.088841248486
 20
14771.799526874624
  0
LWPOLYLINE
  5
E2
330
17
100
AcDbEntity
  8
RASTER_CONTOURS
100
AcDbPolyline
 90
10
 70
1
 10
36122.851640565386
 20
14938.603729988447
 10
36122.851640565386
 20
14813.500577653076
 10
35997.274808328184
 20
14730.098476096166
 10
36122.851640565386
 20
14646.696374539253
 10
36122.851640565386
 20
14271.386917533144
 10
36039.13375240725
 20
14187.984815976233
 10
36122.851640565386
 20
14104.58271441932
 10
36122.851640565386
 20
13770.97430819167
 10
36080.99269648632
 20
13729.273257413217
 10
36122.851640565386
 20
13520.76800352093
  0
LWPOLYLINE
  5
E3
330
17
100
AcDbEntity
  8
RASTER_CONTOURS
100
AcDbPolyline
 90
23
 70
1
 10
34155.48126884924
 20
14938.603729988447
 10
34155.48126884924
 20
14813.500577653076
 10
34071.7633806911
 20
14730.098476096166
 10
33988.04549253297
 20
14771.799526874624
 10
33904.32760437484
 20
14730.098476096166
 10
33443.8792195051
 20
14730.098476096166
 10
33360.161331346964
 20
14813.500577653076
 10
33360.161331346964
 20
14688.397425317711
 10
33443.8792195051
 20
14730.098476096166
 10
34071.7633806911
 20
14730.098476096166
 10
34155.48126884924
 20
14646.696374539253
 10
34155.48126884924
 20
14271.386917533144
 10
34113.62232477017
 20
14229.685866754691
 10
34155.48126884924
 20
14104.58271441932
 10
34155.48126884924
 20
13770.97430819167
 10
34071.7633806911
 20
13645.8711558563
 10
34155.48126884924
 20
13562.469054299389
 10
34155.48126884924
 20
13187.159597293285
 10
34029.904436612036
 20
13145.458546514827
 10
34029.904436612036
 20
13103.757495736369
 10
34155.48126884924
 20
13103.757495736369
 10
34155.48126884924
 20
14688.397425317711
 10
34197.340212928306
 20
14730.098476096166
  0
LWPOLYLINE
  5
E4
330
17
100
AcDbEntity
  8
RASTER_CONTOURS
100
AcDbPolyline
 90
12
 70
1
 10
41271.5017622906
 20
15022.005831545357
 10
41271.5017622906
 20
14813.500577653076
 10
41229.64281821155
 20
14771.799526874624
 10
41229.64281821155
 20
14646.696374539253
 10
41271.5017622906
 20
14604.995323760795
 10
41229.64281821155
 20
14104.58271441932
 10
41271.5017622906
 20
14062.881663640863
 10
41313.36070636968
 20
14146.283765197779
 10
41271.5017622906
 20
14271.386917533144
 10
41271.5017622906
 20
14646.696374539253
 10
41313.36070636968
 20
14688.397425317711
 10
41271.5017622906
 20
14730.098476096166
  0
LWPOLYLINE
  5
E5
330
17
100
AcDbEntity
  8
RASTER_CONTOURS
100
AcDbPolyline
 90
234
 70
1
 10
47131.75393335998
 20
14938.603729988447
 10
46838.74132480651
 20
14855.201628431534
 10
46755.02343664838
 20
14980.304780766905
 10
46755.02343664838
 20
15063.706882323815
 10
46755.02343664838
 20
14980.304780766905
 10
46671.30554849024
 20
14896.902679209992
 10
45750.408778750774
 20
14896.902679209992
 10
45541.11405835543
 20
14730.098476096166
 10
45624.831946513565
 20
14646.696374539253
 10
45624.831946513565
 20
14563.29427298234
 10
45541.11405835543
 20
14438.191120646972
 10
45582.973002434504
 20
14354.78901909006
 10
45582.973002434504
 20
14021.18061286241
 10
45541.11405835543
 20
13979.47956208395
 10
45582.973002434504
 20
13479.066952742478
 10
45499.25511427637
 20
13395.664851185566
 10
44913.22989716943
 20
13395.664851185566
 10
44829.5120090113
 20
13479.066952742478
 10
44829.5120090113
 20
13812.675358970127
 10
44913.22989716943
 20
13896.07746052704
 10
44829.5120090113
 20
14021.18061286241
 10
44829.5120090113
 20
14354.78901909006
 10
44871.37095309035
 20
14479.892171425425
 10
44787.65306493222
 20
14438.191120646972
 10
44662.07623269503
 20
14479.892171425425
 10
44620.21728861597
 20
14563.29427298234
 10
44662.07623269503
 20
14730.098476096166
 10
44620.21728861597
 20
14771.799526874624
 10
43866.75629519276
 20
14771.799526874624
 10
43824.89735111369
 20
14730.098476096166
 10
43866.75629519276
 20
14604.995323760795
 10
43950.474183350896
 20
14688.397425317711
 10
44494.64045637876
 20
14688.397425317711
 10
44578.35834453689
 20
14604.995323760795
 10
44620.21728861597
 20
14479.892171425425
 10
44578.35834453689
 20
14438.191120646972
 10
44620.21728861597
 20
14354.78901909006
 10
44578.35834453689
 20
14271.386917533144
 10
44620.21728861597
 20
13729.273257413217
 10
44536.49940045783
 20
13645.8711558563
 10
44410.92256822062
 20
13645.8711558563
 10
44494.64045637876
 20
13520.76800352093
 10
44494.64045637876
 20
13437.36590196402
 10
44369.06362414157
 20
13312.26274962865
 10
43573.74368663928
 20
13312.26274962865
 10
43448.166854402094
 20
13437.36590196402
 10
43448.166854402094
 20
13687.572206634759
 10
43364.44896624396
 20
13770.97430819167
 10
43364.44896624396
 20
13896.07746052704
 10
43490.02579848115
 20
13979.47956208395
 10
43448.166854402094
 20
14062.881663640863
 10
43490.02579848115
 20
14104.58271441932
 10
43490.02579848115
 20
14229.685866754691
 10
43490.02579848115
 20
14104.58271441932
 10
43448.166854402094
 20
14062.881663640863
 10
43406.30791032302
 20
14104.58271441932
 10
43406.30791032302
 20
14521.593222203883
 10
43448.166854402094
 20
14563.29427298234
 10
43490.02579848115
 20
14438.191120646972
 10
43490.02579848115
 20
14688.397425317711
 10
43531.88474256023
 20
14730.098476096166
 10
43490.02579848115
 20
14938.603729988447
 10
43448.166854402094
 20
14771.799526874624
 10
43364.44896624396
 20
14688.397425317711
 10
43448.166854402094
 20
14646.696374539253
 10
43448.166854402094
 20
14563.29427298234
 10
43406.30791032302
 20
14521.593222203883
 10
43364.44896624396
 20
14563.29427298234
 10
43364.44896624396
 20
13937.778511305498
 10
43322.590022164884
 20
13896.07746052704
 10
43364.44896624396
 20
13812.675358970127
 10
43364.44896624396
 20
13395.664851185566
 10
43280.731078085824
 20
13312.26274962865
 10
43280.731078085824
 20
12978.654343401004
 10
43197.01318992769
 20
12811.850140287175
 10
43490.02579848115
 20
12811.850140287175
 10
43615.602630718364
 20
13020.355394179456
 10
45917.84455506704
 20
13020.355394179456
 10
46001.56244322517
 20
13103.757495736369
 10
46001.56244322517
 20
14438.191120646972
 10
46085.28033138331
 20
14521.593222203883
 10
46796.88238072744
 20
14521.593222203883
 10
46838.74132480651
 20
14479.892171425425
 10
46838.74132480651
 20
14354.78901909006
 10
46880.60026888557
 20
14313.087968311602
 10
46880.60026888557
 20
14146.283765197779
 10
46838.74132480651
 20
14104.58271441932
 10
46838.74132480651
 20
13062.056444957914
 10
46880.60026888557
 20
13020.355394179456
 10
46880.60026888557
 20
10101.28183968752
 10
46713.1644925693
 20
9976.178687352149
 10
46755.02343664838
 20
9892.776585795238
 10
46713.1644925693
 20
9767.673433459868
 10
46755.02343664838
 20
9642.5702811245
 10
46713.1644925693
 20
9392.363976453758
 10
46755.02343664838
 20
9350.662925675306
 10
46755.02343664838
 20
9225.559773339935
 10
46713.1644925693
 20
9183.858722561477
 10
46755.02343664838
 20
9142.157671783025
 10
46755.02343664838
 20
8975.353468669196
 10
46713.1644925693
 20
8891.951367112284
 10
46755.02343664838
 20
8766.848214776915
 10
46671.30554849024
 20
8683.446113220003
 10
46755.02343664838
 20
8600.044011663093
 10
46713.1644925693
 20
8474.940859327722
 10
46755.02343664838
 20
8224.734554656983
 10
46713.1644925693
 20
8183.03350387853
 10
46755.02343664838
 20
8099.631402321618
 10
46755.02343664838
 20
7974.528249986248
 10
46713.1644925693
 20
7932.82719920779
 10
46755.02343664838
 20
7849.425097650878
 10
46755.02343664838
 20
7724.321945315509
 10
46713.1644925693
 20
7682.620894537051
 10
46755.02343664838
 20
7599.218792980139
 10
46755.02343664838
 20
7474.11564064477
 10
46713.1644925693
 20
7432.414589866316
 10
46755.02343664838
 20
7307.311437530946
 10
46713.1644925693
 20
7182.2082851955765
 10
46755.02343664838
 20
6932.001980524842
 10
46629.44660441117
 20
6848.599878967926
 10
46252.716107699576
 20
6848.599878967926
 10
46127.13927546237
 20
6932.001980524842
 10
46001.56244322517
 20
6848.599878967926
 10
46085.28033138331
 20
6765.197777411014
 10
46043.42138730423
 20
6681.795675854102
 10
45582.973002434504
 20
6681.795675854102
 10
45541.11405835543
 20
6723.496726632556
 10
45582.973002434504
 20
6848.599878967926
 10
45541.11405835543
 20
6932.001980524842
 10
45541.11405835543
 20
7307.311437530946
 10
45582.973002434504
 20
7390.7135390878575
 10
45499.25511427637
 20
7515.816691423228
 10
45582.973002434504
 20
7682.620894537051
 10
45541.11405835543
 20
7724.321945315509
 10
45541.11405835543
 20
7849.425097650878
 10
45582.973002434504
 20
7891.126148429332
 10
45541.11405835543
 20
7974.528249986248
 10
45541.11405835543
 20
8141.332453100072
 10
45582.973002434504
 20
8183.03350387853
 10
45541.11405835543
 20
8224.734554656983
 10
45541.11405835543
 20
8641.745062441545
 10
45582.973002434504
 20
8683.446113220003
 10
45499.25511427637
 20
8808.549265555373
 10
45541.11405835543
 20
8850.250316333826
 10
45541.11405835543
 20
9017.054519447654
 10
45499.25511427637
 20
9058.755570226112
 10
45541.11405835543
 20
9100.456621004567
 10
45541.11405835543
 20
9267.260824118393
 10
45499.25511427637
 20
9308.961874896848
 10
45541.11405835543
 20
9392.363976453758
 10
45541.11405835543
 20
9559.168179567587
 10
45499.25511427637
 20
9600.86923034604
 10
45541.11405835543
 20
9642.5702811245
 10
45541.11405835543
 20
9976.178687352149
 10
45289.960393881025
 20
10059.580788909061
 10
45164.38356164383
 20
9976.178687352149
 10
45164.38356164383
 20
9851.07553501678
 10
45206.24250572289
 20
9809.374484238322
 10
45164.38356164383
 20
9767.673433459868
 10
45164.38356164383
 20
9600.86923034604
 10
45206.24250572289
 20
9559.168179567587
 10
45164.38356164383
 20
9517.467128789129
 10
45164.38356164383
 20
9100.456621004567
 10
45206.24250572289
 20
9058.755570226112
 10
45206.24250572289
 20
8141.332453100072
 10
45122.524617564755
 20
8016.229300764701
 10
44745.79412085316
 20
8016.229300764701
 10
44703.93517677409
 20
7974.528249986248
 10
44578.35834453689
 20
8016.229300764701
 10
43615.602630718364
 20
8016.229300764701
 10
43573.74368663928
 20
8057.93035154316
 10
43615.602630718364
 20
8141.332453100072
 10
44369.06362414157
 20
8141.332453100072
 10
44410.92256822062
 20
8099.631402321618
 10
44452.781512299705
 20
8141.332453100072
 10
44620.21728861597
 20
8141.332453100072
 10
44620.21728861597
 20
9100.456621004567
 10
44578.35834453689
 20
9142.157671783025
 10
44243.48679190435
 20
9142.157671783025
 10
44201.6278478253
 20
9183.858722561477
 10
43615.602630718364
 20
9142.157671783025
 10
43531.88474256023
 20
9225.559773339935
 10
43531.88474256023
 20
10476.591296693623
 10
43490.02579848115
 20
10559.993398250535
 10
43573.74368663928
 20
10810.199702921274
 10
43448.166854402094
 20
11018.704956813555
 10
43448.166854402094
 20
11143.808109148926
 10
43406.30791032302
 20
11185.509159927378
 10
43238.87213400675
 20
11185.509159927378
 10
43238.87213400675
 20
11060.406007592013
 10
43280.731078085824
 20
11018.704956813555
 10
43280.731078085824
 20
10518.292347472081
 10
43238.87213400675
 20
10476.591296693623
 10
43280.731078085824
 20
10393.189195136712
 10
43280.731078085824
 20
8224.734554656983
 10
43238.87213400675
 20
8183.03350387853
 10
43280.731078085824
 20
8057.93035154316
 10
43280.731078085824
 20
6890.300929746384
 10
43238.87213400675
 20
6848.599878967926
 10
43238.87213400675
 20
6640.094625075644
 10
43280.731078085824
 20
6598.393574297191
 10
43280.731078085824
 20
5764.372558728066
 10
43406.30791032302
 20
5806.0736095065195
 10
43573.74368663928
 20
5806.0736095065195
 10
43615.602630718364
 20
5764.372558728066
 10
43657.46157479742
 20
5806.0736095065195
 10
44494.64045637876
 20
5806.0736095065195
 10
44536.49940045783
 20
5764.372558728066
 10
44662.07623269503
 20
5764.372558728066
 10
44703.93517677409
 20
5806.0736095065195
 10
45541.11405835543
 20
5806.0736095065195
 10
46252.716107699576
 20
6139.682015734171
 10
47173.61287743903
 20
6473.290421961821
 10
47173.61287743903
 20
7015.404082081754
 10
47215.47182151811
 20
7057.105132860207
 10
47173.61287743903
 20
7098.806183638665
 10
47173.61287743903
 20
9725.97238268141
 10
47257.330765597166
 20
9892.776585795238
 10
47173.61287743903
 20
10184.68394124443
 10
47173.61287743903
 20
10935.302855256645
 10
47215.47182151811
 20
10977.003906035097
 10
47173.61287743903
 20
11060.406007592013
 10
47173.61287743903
 20
11352.313363041207
 10
47257.330765597166
 20
11477.416515376577
 10
47257.330765597166
 20
11560.818616933488
 10
47173.61287743903
 20
11644.2207184904
 10
47173.61287743903
 20
11769.323870825769
 10
47215.47182151811
 20
11811.024921604227
 10
47173.61287743903
 20
12853.551191065633
 10
47257.330765597166
 20
12936.953292622546
 10
47257.330765597166
 20
13103.757495736369
 10
47173.61287743903
 20
13187.159597293285
 10
47173.61287743903
 20
14771.799526874624
 10
47215.47182151811
 20
14896.902679209992
  0
LWPOLYLINE
  5
E6
330
17
100
AcDbEntity
  8
RASTER_CONTOURS
100
AcDbPolyline
 90
11
 70
1
 10
39304.13139057447
 20
15063.706882323815
 10
39304.13139057447
 20
13187.159597293285
 10
39304.13139057447
 20
13562.469054299389
 10
39345.990334653536
 20
13604.170105077847
 10
39304.13139057447
 20
13687.572206634759
 10
39304.13139057447
 20
14104.58271441932
 10
39345.990334653536
 20
14146.283765197779
 10
39304.13139057447
 20
14271.386917533144
 10
39304.13139057447
 20
14646.696374539253
 10
39345.990334653536
 20
14688.397425317711
 10
39304.13139057447
 20
14730.098476096166
  0
LWPOLYLINE
  5
E7
330
17
100
AcDbEntity
  8
RASTER_CONTOURS
100
AcDbPolyline
 90
9
 70
1
 10
36332.146360960716
 20
15063.706882323815
 10
36332.146360960716
 20
14771.799526874624
 10
36290.28741688165
 20
14730.098476096166
 10
36332.146360960716
 20
14688.397425317711
 10
36332.146360960716
 20
14354.78901909006
 10
36374.005305039784
 20
14479.892171425425
 10
36332.146360960716
 20
14604.995323760795
 10
36415.86424911885
 20
14730.098476096166
 10
36332.146360960716
 20
14855.201628431534
  0
LWPOLYLINE
  5
E8
330
17
100
AcDbEntity
  8
RASTER_CONTOURS
100
AcDbPolyline
 90
13
 70
1
 10
35327.53170306311
 20
15063.706882323815
 10
35327.53170306311
 20
14771.799526874624
 10
35285.672758984045
 20
14730.098476096166
 10
35327.53170306311
 20
14688.397425317711
 10
35327.53170306311
 20
14104.58271441932
 10
35369.39064714218
 20
14104.58271441932
 10
35369.39064714218
 20
14271.386917533144
 10
35327.53170306311
 20
14313.087968311602
 10
35327.53170306311
 20
14604.995323760795
 10
35411.24959122125
 20
14730.098476096166
 10
35704.26219977471
 20
14730.098476096166
 10
35411.24959122125
 20
14730.098476096166
 10
35327.53170306311
 20
14855.201628431534
  0
LWPOLYLINE
  5
E9
330
17
100
AcDbEntity
  8
RASTER_CONTOURS
100
AcDbPolyline
 90
18
 70
1
 10
37127.46629846299
 20
15105.407933102273
 10
37127.46629846299
 20
14813.500577653076
 10
37043.748410304855
 20
14730.098476096166
 10
36750.73580175138
 20
14730.098476096166
 10
37001.88946622579
 20
14730.098476096166
 10
37127.46629846299
 20
14604.995323760795
 10
37127.46629846299
 20
14313.087968311602
 10
37043.748410304855
 20
14187.984815976233
 10
36625.15896951418
 20
14187.984815976233
 10
37043.748410304855
 20
14187.984815976233
 10
37127.46629846299
 20
14104.58271441932
 10
37127.46629846299
 20
13854.376409748582
 10
37043.748410304855
 20
13645.8711558563
 10
37127.46629846299
 20
13520.76800352093
 10
37127.46629846299
 20
13270.561698850195
 10
37043.748410304855
 20
13145.458546514827
 10
37085.60735438392
 20
13103.757495736369
 10
37127.46629846299
 20
13145.458546514827
  0
LWPOLYLINE
  5
EA
330
17
100
AcDbEntity
  8
RASTER_CONTOURS
100
AcDbPolyline
 90
8
 70
1
 10
33150.866610951634
 20
15105.407933102273
 10
33150.866610951634
 20
14813.500577653076
 10
33067.1487227935
 20
14730.098476096166
 10
33150.866610951634
 20
14646.696374539253
 10
33150.866610951634
 20
14354.78901909006
 10
33150.866610951634
 20
14688.397425317711
 10
33192.7255550307
 20
14730.098476096166
 10
33150.866610951634
 20
14771.799526874624
  0
LWPOLYLINE
  5
EB
330
17
100
AcDbEntity
  8
RASTER_CONTOURS
100
AcDbPolyline
 90
16
 70
1
 10
52573.41666363867
 20
15230.511085437638
 10
52615.27560771773
 20
14730.098476096166
 10
52657.13455179681
 20
14688.397425317711
 10
52615.27560771773
 20
14187.984815976233
 10
52657.13455179681
 20
14229.685866754691
 10
52740.85243995494
 20
14146.283765197779
 10
52782.711384034
 20
13854.376409748582
 10
52740.85243995494
 20
14187.984815976233
 10
52698.99349587587
 20
14229.685866754691
 10
52740.85243995494
 20
14313.087968311602
 10
52740.85243995494
 20
14438.191120646972
 10
52698.99349587587
 20
14479.892171425425
 10
52740.85243995494
 20
15063.706882323815
 10
52740.85243995494
 20
14980.304780766905
 10
52657.13455179681
 20
14938.603729988447
 10
52573.41666363867
 20
15105.407933102273
  0
LWPOLYLINE
  5
EC
330
17
100
AcDbEntity
  8
RASTER_CONTOURS
100
AcDbPolyline
 90
16
 70
1
 10
40978.489153737144
 20
15230.511085437638
 10
41020.348097816204
 20
15188.810034659185
 10
41020.348097816204
 20
14771.799526874624
 10
40978.489153737144
 20
14730.098476096166
 10
41020.348097816204
 20
14688.397425317711
 10
41020.348097816204
 20
14271.386917533144
 10
40978.489153737144
 20
14229.685866754691
 10
41020.348097816204
 20
14104.58271441932
 10
41020.348097816204
 20
13687.572206634759
 10
40978.489153737144
 20
13645.8711558563
 10
41020.348097816204
 20
13562.469054299389
 10
41020.348097816204
 20
13312.26274962865
 10
41062.20704189528
 20
13353.963800407108
 10
41020.348097816204
 20
13395.664851185566
 10
41062.20704189528
 20
13437.36590196402
 10
41062.20704189528
 20
15188.810034659185
  0
LWPOLYLINE
  5
ED
330
17
100
AcDbEntity
  8
RASTER_CONTOURS
100
AcDbPolyline
 90
39
 70
1
 10
37336.76101885833
 20
15230.511085437638
 10
37336.76101885833
 20
14229.685866754691
 10
37294.90207477926
 20
14187.984815976233
 10
37336.76101885833
 20
14146.283765197779
 10
37336.76101885833
 20
13103.757495736369
 10
38090.22201228153
 20
13103.757495736369
 10
38132.080956360594
 20
13145.458546514827
 10
38090.22201228153
 20
13187.159597293285
 10
38090.22201228153
 20
13312.26274962865
 10
38090.22201228153
 20
13187.159597293285
 10
37964.645180044325
 20
13103.757495736369
 10
37420.478907016455
 20
13103.757495736369
 10
37336.76101885833
 20
13187.159597293285
 10
37336.76101885833
 20
13562.469054299389
 10
37420.478907016455
 20
13645.8711558563
 10
37336.76101885833
 20
13770.97430819167
 10
37336.76101885833
 20
14104.58271441932
 10
37420.478907016455
 20
14187.984815976233
 10
38006.50412412339
 20
14187.984815976233
 10
38090.22201228153
 20
14104.58271441932
 10
38090.22201228153
 20
13729.273257413217
 10
37964.645180044325
 20
13645.8711558563
 10
38132.080956360594
 20
13604.170105077847
 10
38090.22201228153
 20
13729.273257413217
 10
38090.22201228153
 20
13979.47956208395
 10
38132.080956360594
 20
14021.18061286241
 10
38132.080956360594
 20
14229.685866754691
 10
38090.22201228153
 20
14271.386917533144
 10
38132.080956360594
 20
14396.490069868514
 10
38090.22201228153
 20
14521.593222203883
 10
38090.22201228153
 20
14271.386917533144
 10
38006.50412412339
 20
14187.984815976233
 10
37420.478907016455
 20
14187.984815976233
 10
37336.76101885833
 20
14313.087968311602
 10
37336.76101885833
 20
14646.696374539253
 10
37378.61996293739
 20
14688.397425317711
 10
37336.76101885833
 20
14813.500577653076
 10
37336.76101885833
 20
15188.810034659185
 10
37378.61996293739
 20
15230.511085437638
  0
LWPOLYLINE
  5
EE
330
17
100
AcDbEntity
  8
RASTER_CONTOURS
100
AcDbPolyline
 90
4
 70
1
 10
47257.330765597166
 20
15730.923694779118
 10
47299.18970967624
 20
15689.22264400066
 10
47508.48443007157
 20
15689.22264400066
 10
47466.62548599251
 20
15772.62474555757
  0
LWPOLYLINE
  5
EF
330
17
100
AcDbEntity
  8
RASTER_CONTOURS
100
AcDbPolyline
 90
4
 70
1
 10
8998.255877330035
 20
15814.325796336028
 10
8998.255877330035
 20
15564.11949166529
 10
9040.114821409103
 20
15564.11949166529
 10
9040.114821409103
 20
15814.325796336028
  0
LWPOLYLINE
  5
F0
330
17
100
AcDbEntity
  8
RASTER_CONTOURS
100
AcDbPolyline
 90
5
 70
1
 10
44871.37095309035
 20
15939.428948671399
 10
44745.79412085316
 20
15772.62474555757
 10
44871.37095309035
 20
15605.820542443747
 10
44913.22989716943
 20
15647.521593222202
 10
44913.22989716943
 20
15897.72789789294
  0
LWPOLYLINE
  5
F1
330
17
100
AcDbEntity
  8
RASTER_CONTOURS
100
AcDbPolyline
 90
8
 70
1
 10
54959.37647614549
 20
16022.831050228311
 10
55168.67119654082
 20
16022.831050228311
 10
55252.389084698945
 20
15939.428948671399
 10
55252.389084698945
 20
15063.706882323815
 10
55168.67119654082
 20
14980.304780766905
 10
54959.37647614549
 20
14980.304780766905
 10
54875.65858798735
 20
15105.407933102273
 10
54875.65858798735
 20
15939.428948671399
  0
LWPOLYLINE
  5
F2
330
17
100
AcDbEntity
  8
RASTER_CONTOURS
100
AcDbPolyline
 90
24
 70
1
 10
55754.696413647755
 20
16106.233151785222
 10
55796.55535772683
 20
16064.53210100677
 10
55754.696413647755
 20
16022.831050228311
 10
55880.273245884964
 20
15856.026847114488
 10
56005.85007812216
 20
15772.62474555757
 10
56047.70902220121
 20
15814.325796336028
 10
56173.28585443842
 20
15814.325796336028
 10
56215.14479851748
 20
15772.62474555757
 10
56215.14479851748
 20
15564.11949166529
 10
56173.28585443842
 20
15522.418440886837
 10
56215.14479851748
 20
15230.511085437638
 10
56131.42691035935
 20
15147.108983880727
 10
55838.41430180589
 20
15147.108983880727
 10
55754.696413647755
 20
14938.603729988447
 10
55377.96591693616
 20
14896.902679209992
 10
55336.10697285708
 20
14938.603729988447
 10
55336.10697285708
 20
15147.108983880727
 10
55377.96591693616
 20
15188.810034659185
 10
55336.10697285708
 20
15272.212136216098
 10
55336.10697285708
 20
15564.11949166529
 10
55377.96591693616
 20
15605.820542443747
 10
55336.10697285708
 20
15647.521593222202
 10
55336.10697285708
 20
16022.831050228311
 10
55419.824861015215
 20
16106.233151785222
  0
LWPOLYLINE
  5
F3
330
17
100
AcDbEntity
  8
RASTER_CONTOURS
100
AcDbPolyline
 90
3
 70
1
 10
52405.98088732241
 20
16064.53210100677
 10
52447.83983140146
 20
15772.62474555757
 10
52447.83983140146
 20
16022.831050228311
  0
LWPOLYLINE
  5
F4
330
17
100
AcDbEntity
  8
RASTER_CONTOURS
100
AcDbPolyline
 90
10
 70
1
 10
43490.02579848115
 20
16231.336304120592
 10
43448.166854402094
 20
15730.923694779118
 10
43490.02579848115
 20
15689.22264400066
 10
43531.88474256023
 20
15730.923694779118
 10
43657.46157479742
 20
15730.923694779118
 10
43699.32051887649
 20
15689.22264400066
 10
43866.75629519276
 20
15772.62474555757
 10
43783.038407034626
 20
15856.026847114488
 10
43531.88474256023
 20
15856.026847114488
 10
43490.02579848115
 20
15897.72789789294
  0
LWPOLYLINE
  5
F5
330
17
100
AcDbEntity
  8
RASTER_CONTOURS
100
AcDbPolyline
 90
2
 70
1
 10
34615.92965371897
 20
16314.738405677503
 10
35118.236982667775
 20
16314.738405677503
  0
LWPOLYLINE
  5
F6
330
17
100
AcDbEntity
  8
RASTER_CONTOURS
100
AcDbPolyline
 90
4
 70
1
 10
35327.53170306311
 20
16481.542608791333
 10
35327.53170306311
 20
16314.738405677503
 10
35704.26219977471
 20
16314.738405677503
 10
35411.24959122125
 20
16314.738405677503
  0
LWPOLYLINE
  5
F7
330
17
100
AcDbEntity
  8
RASTER_CONTOURS
100
AcDbPolyline
 90
8
 70
1
 10
16658.442643799277
 20
16523.243659569784
 10
16658.442643799277
 20
16398.140507234413
 10
16616.58369972021
 20
16356.43945645596
 10
16658.442643799277
 20
16231.336304120592
 10
16742.160531957412
 20
16189.635253342134
 10
16658.442643799277
 20
16314.738405677503
 10
16700.301587878344
 20
16356.43945645596
 10
16700.301587878344
 20
16523.243659569784
  0
LWPOLYLINE
  5
F8
330
17
100
AcDbEntity
  8
RASTER_CONTOURS
100
AcDbPolyline
 90
10
 70
1
 10
33318.3023872679
 20
16856.852065797437
 10
33360.161331346964
 20
16815.15101501898
 10
33443.8792195051
 20
16856.852065797437
 10
34029.904436612036
 20
16856.852065797437
 10
34155.48126884924
 20
16731.748913462066
 10
34155.48126884924
 20
16564.94471034824
 10
34155.48126884924
 20
16898.553116575895
 10
34071.7633806911
 20
16856.852065797437
 10
33443.8792195051
 20
16856.852065797437
 10
33360.161331346964
 20
16898.553116575895
  0
LWPOLYLINE
  5
F9
330
17
100
AcDbEntity
  8
RASTER_CONTOURS
100
AcDbPolyline
 90
6
 70
1
 10
32355.546673449364
 20
16815.15101501898
 10
32397.405617528428
 20
16773.449964240524
 10
32481.123505686563
 20
16856.852065797437
 10
32690.4182260819
 20
16856.852065797437
 10
32439.264561607495
 20
16856.852065797437
 10
32397.405617528428
 20
16898.553116575895
  0
LWPOLYLINE
  5
FA
330
17
100
AcDbEntity
  8
RASTER_CONTOURS
100
AcDbPolyline
 90
6
 70
1
 10
30220.74052541695
 20
16815.15101501898
 10
30178.881581337882
 20
16898.553116575895
 10
30137.02263725882
 20
16856.852065797437
 10
29885.868972784414
 20
16856.852065797437
 10
30053.304749100684
 20
16856.852065797437
 10
30178.881581337882
 20
16773.449964240524
  0
LWPOLYLINE
  5
FB
330
17
100
AcDbEntity
  8
RASTER_CONTOURS
100
AcDbPolyline
 90
4
 70
1
 10
37336.76101885833
 20
16940.254167354346
 10
37336.76101885833
 20
16523.243659569784
 10
37336.76101885833
 20
16731.748913462066
 10
37420.478907016455
 20
16815.15101501898
  0
LWPOLYLINE
  5
FC
330
17
100
AcDbEntity
  8
RASTER_CONTOURS
100
AcDbPolyline
 90
8
 70
1
 10
32774.136114240035
 20
16856.852065797437
 10
33067.1487227935
 20
16856.852065797437
 10
33150.866610951634
 20
16773.449964240524
 10
33150.866610951634
 20
16439.84155801287
 10
33150.866610951634
 20
16815.15101501898
 10
33192.7255550307
 20
16856.852065797437
 10
33150.866610951634
 20
16940.254167354346
 10
33109.00766687257
 20
16856.852065797437
  0
LWPOLYLINE
  5
FD
330
17
100
AcDbEntity
  8
RASTER_CONTOURS
100
AcDbPolyline
 90
4
 70
1
 10
30430.035245812287
 20
16940.254167354346
 10
30388.17630173322
 20
16898.553116575895
 10
30388.17630173322
 20
16606.645761126696
 10
30471.894189891354
 20
16815.15101501898
  0
LWPOLYLINE
  5
FE
330
17
100
AcDbEntity
  8
RASTER_CONTOURS
100
AcDbPolyline
 90
12
 70
1
 10
35160.09592674684
 20
16856.852065797437
 10
35118.236982667775
 20
16898.553116575895
 10
35118.236982667775
 20
17023.65626891126
 10
35118.236982667775
 20
16940.254167354346
 10
35034.51909450965
 20
16856.852065797437
 10
34448.4938774027
 20
16856.852065797437
 10
34364.77598924457
 20
16981.955218132804
 10
34322.91704516551
 20
16773.449964240524
 10
34364.77598924457
 20
16731.748913462066
 10
34448.4938774027
 20
16856.852065797437
 10
35034.51909450965
 20
16856.852065797437
 10
35118.236982667775
 20
16773.449964240524
  0
LWPOLYLINE
  5
FF
330
17
100
AcDbEntity
  8
RASTER_CONTOURS
100
AcDbPolyline
 90
12
 70
1
 10
55629.11958141056
 20
17148.75942124663
 10
55754.696413647755
 20
17148.75942124663
 10
55838.41430180589
 20
17065.357319689716
 10
55838.41430180589
 20
16398.140507234413
 10
55796.55535772683
 20
16356.43945645596
 10
55838.41430180589
 20
16273.03735489905
 10
55754.696413647755
 20
16189.635253342134
 10
55670.97852548962
 20
16189.635253342134
 10
55545.401693252425
 20
16314.738405677503
 10
55545.401693252425
 20
16815.15101501898
 10
55587.260637331485
 20
16856.852065797437
 10
55545.401693252425
 20
16981.955218132804
  0
LWPOLYLINE
  5
100
330
17
100
AcDbEntity
  8
RASTER_CONTOURS
100
AcDbPolyline
 90
12
 70
1
 10
55377.96591693616
 20
17148.75942124663
 10
55503.54274917335
 20
17065.357319689716
 10
55503.54274917335
 20
16606.645761126696
 10
55461.68380509429
 20
16564.94471034824
 10
55461.68380509429
 20
16273.03735489905
 10
55419.824861015215
 20
16231.336304120592
 10
55294.24802877803
 20
16314.738405677503
 10
55336.10697285708
 20
16356.43945645596
 10
55294.24802877803
 20
16398.140507234413
 10
55294.24802877803
 20
16690.047862683612
 10
55336.10697285708
 20
16731.748913462066
 10
55336.10697285708
 20
17107.058370468174
  0
LWPOLYLINE
  5
101
330
17
100
AcDbEntity
  8
RASTER_CONTOURS
100
AcDbPolyline
 90
28
 70
1
 10
40936.63020965807
 20
16815.15101501898
 10
41020.348097816204
 20
16731.748913462066
 10
41020.348097816204
 20
16398.140507234413
 10
41020.348097816204
 20
16690.047862683612
 10
41062.20704189528
 20
16773.449964240524
 10
41187.783874132474
 20
16856.852065797437
 10
41313.36070636968
 20
16690.047862683612
 10
41313.36070636968
 20
16314.738405677503
 10
41355.21965044874
 20
16314.738405677503
 10
41313.36070636968
 20
16356.43945645596
 10
41313.36070636968
 20
16731.748913462066
 10
41397.07859452782
 20
16815.15101501898
 10
41690.091203081276
 20
16815.15101501898
 10
41731.95014716035
 20
16856.852065797437
 10
41941.24486755568
 20
16815.15101501898
 10
42024.962755713816
 20
16731.748913462066
 10
42024.962755713816
 20
16648.346811905154
 10
42024.962755713816
 20
16731.748913462066
 10
42150.539587951025
 20
16856.852065797437
 10
42234.25747610916
 20
16856.852065797437
 10
42234.25747610916
 20
17023.65626891126
 10
41983.103811634755
 20
16856.852065797437
 10
41355.21965044874
 20
16856.852065797437
 10
41229.64281821155
 20
16940.254167354346
 10
41145.924930053414
 20
16940.254167354346
 10
41020.348097816204
 20
17065.357319689716
 10
41020.348097816204
 20
17148.75942124663
 10
41020.348097816204
 20
16898.553116575895
  0
LWPOLYLINE
  5
102
330
17
100
AcDbEntity
  8
RASTER_CONTOURS
100
AcDbPolyline
 90
2
 70
1
 10
43992.333127429956
 20
17357.26467513891
 10
44285.345735983436
 20
17357.26467513891
  0
LWPOLYLINE
  5
103
330
17
100
AcDbEntity
  8
RASTER_CONTOURS
100
AcDbPolyline
 90
5
 70
1
 10
40308.74604847207
 20
17440.666776695827
 10
40266.887104393005
 20
17398.96572591737
 10
40308.74604847207
 20
17148.75942124663
 10
40308.74604847207
 20
17315.563624360457
 10
40350.60499255114
 20
17357.26467513891
  0
LWPOLYLINE
  5
104
330
17
100
AcDbEntity
  8
RASTER_CONTOURS
100
AcDbPolyline
 90
4
 70
1
 10
39304.13139057447
 20
17440.666776695827
 10
39304.13139057447
 20
17023.65626891126
 10
39304.13139057447
 20
17273.862573582
 10
39387.8492787326
 20
17357.26467513891
  0
LWPOLYLINE
  5
105
330
17
100
AcDbEntity
  8
RASTER_CONTOURS
100
AcDbPolyline
 90
6
 70
1
 10
39052.97772610006
 20
17440.666776695827
 10
39011.118782020996
 20
17357.26467513891
 10
39094.83667017913
 20
17232.161522803544
 10
39052.97772610006
 20
17107.058370468174
 10
39094.83667017913
 20
17023.65626891126
 10
39094.83667017913
 20
17440.666776695827
  0
LWPOLYLINE
  5
106
330
17
100
AcDbEntity
  8
RASTER_CONTOURS
100
AcDbPolyline
 90
7
 70
1
 10
37294.90207477926
 20
17357.26467513891
 10
37336.76101885833
 20
17315.563624360457
 10
37420.478907016455
 20
17357.26467513891
 10
37713.49151556992
 20
17357.26467513891
 10
37462.33785109552
 20
17357.26467513891
 10
37336.76101885833
 20
17524.068878252736
 10
37336.76101885833
 20
17398.96572591737
  0
LWPOLYLINE
  5
107
330
17
100
AcDbEntity
  8
RASTER_CONTOURS
100
AcDbPolyline
 90
4
 70
1
 10
36122.851640565386
 20
17565.76992903119
 10
36122.851640565386
 20
17482.367827474278
 10
36039.13375240725
 20
17357.26467513891
 10
36122.851640565386
 20
17315.563624360457
  0
LWPOLYLINE
  5
108
330
17
100
AcDbEntity
  8
RASTER_CONTOURS
100
AcDbPolyline
 90
4
 70
1
 10
36332.146360960716
 20
17649.172030588106
 10
36332.146360960716
 20
17315.563624360457
 10
36415.86424911885
 20
17357.26467513891
 10
36332.146360960716
 20
17482.367827474278
  0
LWPOLYLINE
  5
109
330
17
100
AcDbEntity
  8
RASTER_CONTOURS
100
AcDbPolyline
 90
4
 70
1
 10
41899.38592347662
 20
17732.57413214502
 10
41815.668035318486
 20
17774.275182923473
 10
41731.95014716035
 20
17732.57413214502
 10
41480.796482685946
 20
17732.57413214502
  0
LWPOLYLINE
  5
10A
330
17
100
AcDbEntity
  8
RASTER_CONTOURS
100
AcDbPolyline
 90
10
 70
1
 10
43364.44896624396
 20
17815.97623370193
 10
43364.44896624396
 20
16856.852065797437
 10
43406.30791032302
 20
16773.449964240524
 10
43490.02579848115
 20
16731.748913462066
 10
43573.74368663928
 20
16815.15101501898
 10
43573.74368663928
 20
16856.852065797437
 10
43448.166854402094
 20
16940.254167354346
 10
43490.02579848115
 20
17065.357319689716
 10
43448.166854402094
 20
17732.57413214502
 10
43490.02579848115
 20
17774.275182923473
  0
LWPOLYLINE
  5
10B
330
17
100
AcDbEntity
  8
RASTER_CONTOURS
100
AcDbPolyline
 90
6
 70
1
 10
18835.107735910755
 20
17857.67728448039
 10
18793.248791831687
 20
17815.97623370193
 10
18793.248791831687
 20
17565.76992903119
 10
18835.107735910755
 20
17482.367827474278
 10
18918.82562406889
 20
17565.76992903119
 10
18918.82562406889
 20
17774.275182923473
  0
LWPOLYLINE
  5
10C
330
17
100
AcDbEntity
  8
RASTER_CONTOURS
100
AcDbPolyline
 90
2
 70
1
 10
36583.300025435114
 20
17899.378335258843
 10
36918.17157806765
 20
17899.378335258843
  0
LWPOLYLINE
  5
10D
330
17
100
AcDbEntity
  8
RASTER_CONTOURS
100
AcDbPolyline
 90
2
 70
1
 10
30597.471022128553
 20
17899.378335258843
 10
30890.483630682018
 20
17899.378335258843
  0
LWPOLYLINE
  5
10E
330
17
100
AcDbEntity
  8
RASTER_CONTOURS
100
AcDbPolyline
 90
9
 70
1
 10
15235.238545111002
 20
17941.0793860373
 10
15193.379601031935
 20
17899.378335258843
 10
15193.379601031935
 20
17774.275182923473
 10
15235.238545111002
 20
17732.57413214502
 10
15235.238545111002
 20
17565.76992903119
 10
15193.379601031935
 20
17524.068878252736
 10
15235.238545111002
 20
17440.666776695827
 10
15277.09748919007
 20
17482.367827474278
 10
15277.09748919007
 20
17899.378335258843
  0
LWPOLYLINE
  5
10F
330
17
100
AcDbEntity
  8
RASTER_CONTOURS
100
AcDbPolyline
 90
22
 70
1
 10
35327.53170306311
 20
18066.18253837267
 10
35327.53170306311
 20
16690.047862683612
 10
35453.10853530031
 20
16856.852065797437
 10
36039.13375240725
 20
16856.852065797437
 10
36122.851640565386
 20
16773.449964240524
 10
36122.851640565386
 20
17065.357319689716
 10
36122.851640565386
 20
16940.254167354346
 10
36039.13375240725
 20
16856.852065797437
 10
35411.24959122125
 20
16856.852065797437
 10
35327.53170306311
 20
16940.254167354346
 10
35327.53170306311
 20
17273.862573582
 10
35411.24959122125
 20
17357.26467513891
 10
35327.53170306311
 20
17440.666776695827
 10
35327.53170306311
 20
17774.275182923473
 10
35411.24959122125
 20
17899.378335258843
 10
36039.13375240725
 20
17899.378335258843
 10
36122.851640565386
 20
17815.97623370193
 10
36122.851640565386
 20
17649.172030588106
 10
36122.851640565386
 20
18066.18253837267
 10
36122.851640565386
 20
18024.48148759421
 10
35955.41586424912
 20
17899.378335258843
 10
35411.24959122125
 20
17941.0793860373
  0
LWPOLYLINE
  5
110
330
17
100
AcDbEntity
  8
RASTER_CONTOURS
100
AcDbPolyline
 90
14
 70
1
 10
35160.09592674684
 20
17941.0793860373
 10
35118.236982667775
 20
18066.18253837267
 10
35118.236982667775
 20
17982.780436815752
 10
35034.51909450965
 20
17899.378335258843
 10
34574.070709639906
 20
17899.378335258843
 10
34532.21176556084
 20
17941.0793860373
 10
34406.634933323636
 20
17941.0793860373
 10
34364.77598924457
 20
18024.48148759421
 10
34322.91704516551
 20
17899.378335258843
 10
34364.77598924457
 20
17774.275182923473
 10
34406.634933323636
 20
17899.378335258843
 10
35076.378038588715
 20
17899.378335258843
 10
35118.236982667775
 20
17857.67728448039
 10
35118.236982667775
 20
17732.57413214502
  0
LWPOLYLINE
  5
111
330
17
100
AcDbEntity
  8
RASTER_CONTOURS
100
AcDbPolyline
 90
11
 70
1
 10
43866.75629519276
 20
18107.883589151123
 10
43866.75629519276
 20
17982.780436815752
 10
43824.89735111369
 20
17941.0793860373
 10
43866.75629519276
 20
17815.97623370193
 10
43866.75629519276
 20
17398.96572591737
 10
43824.89735111369
 20
17357.26467513891
 10
43866.75629519276
 20
17232.161522803544
 10
43908.61523927182
 20
17315.563624360457
 10
43866.75629519276
 20
17440.666776695827
 10
43866.75629519276
 20
17815.97623370193
 10
43908.61523927182
 20
17857.67728448039
  0
LWPOLYLINE
  5
112
330
17
100
AcDbEntity
  8
RASTER_CONTOURS
100
AcDbPolyline
 90
15
 70
1
 10
41020.348097816204
 20
18107.883589151123
 10
41020.348097816204
 20
17982.780436815752
 10
40936.63020965807
 20
17941.0793860373
 10
40936.63020965807
 20
17899.378335258843
 10
41020.348097816204
 20
17857.67728448039
 10
41020.348097816204
 20
17440.666776695827
 10
40894.77126557901
 20
17357.26467513891
 10
40978.489153737144
 20
17357.26467513891
 10
41020.348097816204
 20
17232.161522803544
 10
41062.20704189528
 20
17315.563624360457
 10
41020.348097816204
 20
17524.068878252736
 10
41104.06598597434
 20
17649.172030588106
 10
41229.64281821155
 20
17649.172030588106
 10
41229.64281821155
 20
17774.275182923473
 10
41062.20704189528
 20
17899.378335258843
  0
LWPOLYLINE
  5
113
330
17
100
AcDbEntity
  8
RASTER_CONTOURS
100
AcDbPolyline
 90
10
 70
1
 10
37336.76101885833
 20
18191.28569070804
 10
37336.76101885833
 20
17941.0793860373
 10
37294.90207477926
 20
17899.378335258843
 10
37336.76101885833
 20
17857.67728448039
 10
37336.76101885833
 20
17732.57413214502
 10
37336.76101885833
 20
17815.97623370193
 10
37420.478907016455
 20
17899.378335258843
 10
37839.06834780712
 20
17899.378335258843
 10
37420.478907016455
 20
17899.378335258843
 10
37336.76101885833
 20
17982.780436815752
  0
LWPOLYLINE
  5
114
330
17
100
AcDbEntity
  8
RASTER_CONTOURS
100
AcDbPolyline
 90
6
 70
1
 10
13895.752334580864
 20
18232.986741486493
 10
13937.61127865993
 20
18274.68779226495
 10
14230.623887213398
 20
18274.68779226495
 10
14272.482831292466
 20
18149.58463992958
 10
14230.623887213398
 20
18107.883589151123
 10
13937.61127865993
 20
18107.883589151123
  0
LWPOLYLINE
  5
115
330
17
100
AcDbEntity
  8
RASTER_CONTOURS
100
AcDbPolyline
 90
12
 70
1
 10
55670.97852548962
 20
18399.79094460032
 10
55754.696413647755
 20
18399.79094460032
 10
55880.273245884964
 20
18232.986741486493
 10
55880.273245884964
 20
17649.172030588106
 10
55838.41430180589
 20
17607.47097980965
 10
55880.273245884964
 20
17524.068878252736
 10
55796.55535772683
 20
17440.666776695827
 10
55670.97852548962
 20
17440.666776695827
 10
55545.401693252425
 20
17607.47097980965
 10
55545.401693252425
 20
17732.57413214502
 10
55587.260637331485
 20
17774.275182923473
 10
55587.260637331485
 20
18316.388843043405
  0
LWPOLYLINE
  5
116
330
17
100
AcDbEntity
  8
RASTER_CONTOURS
100
AcDbPolyline
 90
6
 70
1
 10
55377.96591693616
 20
18399.79094460032
 10
55503.54274917335
 20
18316.388843043405
 10
55503.54274917335
 20
17565.76992903119
 10
55419.824861015215
 20
17482.367827474278
 10
55336.10697285708
 20
17524.068878252736
 10
55336.10697285708
 20
18358.089893821863
  0
LWPOLYLINE
  5
117
330
17
100
AcDbEntity
  8
RASTER_CONTOURS
100
AcDbPolyline
 90
13
 70
1
 10
13770.175502343662
 20
18316.388843043405
 10
13812.03444642273
 20
18232.986741486493
 10
13770.175502343662
 20
18191.28569070804
 10
13770.175502343662
 20
18024.48148759421
 10
13812.03444642273
 20
17982.780436815752
 10
13937.61127865993
 20
18024.48148759421
 10
14230.623887213398
 20
18024.48148759421
 10
14314.341775371531
 20
17982.780436815752
 10
14398.059663529666
 20
18107.883589151123
 10
14356.200719450599
 20
18149.58463992958
 10
14398.059663529666
 20
18232.986741486493
 10
14314.341775371531
 20
18358.089893821863
 10
13812.03444642273
 20
18358.089893821863
  0
LWPOLYLINE
  5
118
330
17
100
AcDbEntity
  8
RASTER_CONTOURS
100
AcDbPolyline
 90
8
 70
1
 10
42234.25747610916
 20
18399.79094460032
 10
42234.25747610916
 20
17941.0793860373
 10
42024.962755713816
 20
17774.275182923473
 10
42066.82169979289
 20
17690.87308136656
 10
42234.25747610916
 20
17565.76992903119
 10
42234.25747610916
 20
17482.367827474278
 10
42234.25747610916
 20
17607.47097980965
 10
42276.11642018821
 20
17649.172030588106
  0
LWPOLYLINE
  5
119
330
17
100
AcDbEntity
  8
RASTER_CONTOURS
100
AcDbPolyline
 90
2
 70
1
 10
43992.333127429956
 20
18441.491995378776
 10
44327.20468006249
 20
18441.491995378776
  0
LWPOLYLINE
  5
11A
330
17
100
AcDbEntity
  8
RASTER_CONTOURS
100
AcDbPolyline
 90
34
 70
1
 10
44620.21728861597
 20
18524.894096935685
 10
44494.64045637876
 20
18441.491995378776
 10
44410.92256822062
 20
18441.491995378776
 10
44578.35834453689
 20
18358.089893821863
 10
44578.35834453689
 20
17982.780436815752
 10
44494.64045637876
 20
17899.378335258843
 10
44578.35834453689
 20
17857.67728448039
 10
44620.21728861597
 20
17482.367827474278
 10
44578.35834453689
 20
17398.96572591737
 10
44494.64045637876
 20
17357.26467513891
 10
44578.35834453689
 20
17315.563624360457
 10
44578.35834453689
 20
17023.65626891126
 10
44620.21728861597
 20
16940.254167354346
 10
44536.49940045783
 20
16856.852065797437
 10
44410.92256822062
 20
16856.852065797437
 10
44369.06362414157
 20
16815.15101501898
 10
43950.474183350896
 20
16856.852065797437
 10
43866.75629519276
 20
16940.254167354346
 10
43866.75629519276
 20
17065.357319689716
 10
43866.75629519276
 20
16940.254167354346
 10
43783.038407034626
 20
16856.852065797437
 10
43824.89735111369
 20
16773.449964240524
 10
43950.474183350896
 20
16815.15101501898
 10
44285.345735983436
 20
16815.15101501898
 10
44327.20468006249
 20
16773.449964240524
 10
44369.06362414157
 20
16815.15101501898
 10
44452.781512299705
 20
16773.449964240524
 10
44536.49940045783
 20
16815.15101501898
 10
44662.07623269503
 20
16773.449964240524
 10
44745.79412085316
 20
16815.15101501898
 10
44620.21728861597
 20
16898.553116575895
 10
44620.21728861597
 20
17023.65626891126
 10
44662.07623269503
 20
17065.357319689716
 10
44620.21728861597
 20
17190.460472025086
  0
LWPOLYLINE
  5
11B
330
17
100
AcDbEntity
  8
RASTER_CONTOURS
100
AcDbPolyline
 90
6
 70
1
 10
55545.401693252425
 20
18524.894096935685
 10
55629.11958141056
 20
18608.2961984926
 10
55754.696413647755
 20
18608.2961984926
 10
55796.55535772683
 20
18566.595147714143
 10
55754.696413647755
 20
18483.193046157234
 10
55587.260637331485
 20
18483.193046157234
  0
LWPOLYLINE
  5
11C
330
17
100
AcDbEntity
  8
RASTER_CONTOURS
100
AcDbPolyline
 90
4
 70
1
 10
43866.75629519276
 20
18566.595147714143
 10
43824.89735111369
 20
18524.894096935685
 10
43866.75629519276
 20
18274.68779226495
 10
43908.61523927182
 20
18399.79094460032
  0
LWPOLYLINE
  5
11D
330
17
100
AcDbEntity
  8
RASTER_CONTOURS
100
AcDbPolyline
 90
8
 70
1
 10
39304.13139057447
 20
18566.595147714143
 10
39304.13139057447
 20
17815.97623370193
 10
39387.8492787326
 20
17899.378335258843
 10
39806.43871952327
 20
17899.378335258843
 10
39429.70822281167
 20
17899.378335258843
 10
39304.13139057447
 20
18024.48148759421
 10
39304.13139057447
 20
18358.089893821863
 10
39345.990334653536
 20
18399.79094460032
  0
LWPOLYLINE
  5
11E
330
17
100
AcDbEntity
  8
RASTER_CONTOURS
100
AcDbPolyline
 90
4
 70
1
 10
25490.67984448239
 20
18566.595147714143
 10
25490.67984448239
 20
18316.388843043405
 10
25532.53878856146
 20
18316.388843043405
 10
25574.397732640526
 20
18441.491995378776
  0
LWPOLYLINE
  5
11F
330
17
100
AcDbEntity
  8
RASTER_CONTOURS
100
AcDbPolyline
 90
4
 70
1
 10
37127.46629846299
 20
18608.2961984926
 10
37043.748410304855
 20
18441.491995378776
 10
37127.46629846299
 20
18316.388843043405
 10
37127.46629846299
 20
18149.58463992958
  0
LWPOLYLINE
  5
120
330
17
100
AcDbEntity
  8
RASTER_CONTOURS
100
AcDbPolyline
 90
3
 70
1
 10
35327.53170306311
 20
18608.2961984926
 10
35327.53170306311
 20
18274.68779226495
 10
35369.39064714218
 20
18358.089893821863
  0
LWPOLYLINE
  5
121
330
17
100
AcDbEntity
  8
RASTER_CONTOURS
100
AcDbPolyline
 90
16
 70
1
 10
50522.3284037644
 20
18649.997249271055
 10
50773.4820682388
 20
18524.894096935685
 10
50773.4820682388
 20
18274.68779226495
 10
50689.76418008067
 20
18191.28569070804
 10
50480.46945968532
 20
18191.28569070804
 10
50480.46945968532
 20
18107.883589151123
 10
51150.212564950394
 20
18107.883589151123
 10
51150.212564950394
 20
18191.28569070804
 10
50940.91784455507
 20
18191.28569070804
 10
50857.19995639694
 20
18358.089893821863
 10
50857.19995639694
 20
18524.894096935685
 10
50982.776788634124
 20
18608.2961984926
 10
51066.49467679226
 20
18608.2961984926
 10
51108.353620871334
 20
18649.997249271055
 10
51066.49467679226
 20
18691.698300049513
 10
50564.18734784346
 20
18691.698300049513
  0
LWPOLYLINE
  5
122
330
17
100
AcDbEntity
  8
RASTER_CONTOURS
100
AcDbPolyline
 90
17
 70
1
 10
49224.70113731331
 20
18733.399350827967
 10
48596.81697612732
 20
18733.399350827967
 10
48554.95803204826
 20
18691.698300049513
 10
48554.95803204826
 20
18441.491995378776
 10
48638.67592020639
 20
18399.79094460032
 10
48638.67592020639
 20
18566.595147714143
 10
48722.393808364526
 20
18649.997249271055
 10
49057.26536099706
 20
18649.997249271055
 10
49099.12430507612
 20
18608.2961984926
 10
49099.12430507612
 20
18399.79094460032
 10
49015.406416917984
 20
18274.68779226495
 10
48806.11169652266
 20
18107.883589151123
 10
48806.11169652266
 20
18024.48148759421
 10
48889.82958468079
 20
18024.48148759421
 10
49140.98324915519
 20
18274.68779226495
 10
49140.98324915519
 20
18358.089893821863
 10
49224.70113731331
 20
18483.193046157234
  0
LWPOLYLINE
  5
123
330
17
100
AcDbEntity
  8
RASTER_CONTOURS
100
AcDbPolyline
 90
6
 70
1
 10
34364.77598924457
 20
18733.399350827967
 10
34322.91704516551
 20
18691.698300049513
 10
34364.77598924457
 20
18232.986741486493
 10
34364.77598924457
 20
18399.79094460032
 10
34406.634933323636
 20
18441.491995378776
 10
34364.77598924457
 20
18524.894096935685
  0
LWPOLYLINE
  5
124
330
17
100
AcDbEntity
  8
RASTER_CONTOURS
100
AcDbPolyline
 90
15
 70
1
 10
50103.73896297373
 20
18775.100401606425
 10
50020.021074815595
 20
18775.100401606425
 10
49852.585298499325
 20
18608.2961984926
 10
49517.713745866786
 20
18399.79094460032
 10
49559.572689945846
 20
18358.089893821863
 10
49685.149522183056
 20
18358.089893821863
 10
49727.008466262116
 20
18399.79094460032
 10
49810.72635442025
 20
18358.089893821863
 10
49810.72635442025
 20
18066.18253837267
 10
49894.444242578385
 20
18024.48148759421
 10
49936.30318665746
 20
18107.883589151123
 10
49936.30318665746
 20
18399.79094460032
 10
49894.444242578385
 20
18441.491995378776
 10
49936.30318665746
 20
18566.595147714143
 10
50103.73896297373
 20
18691.698300049513
  0
LWPOLYLINE
  5
125
330
17
100
AcDbEntity
  8
RASTER_CONTOURS
100
AcDbPolyline
 90
30
 70
1
 10
47968.93281494132
 20
18775.100401606425
 10
47927.07387086224
 20
18775.100401606425
 10
47801.49703862505
 20
18608.2961984926
 10
47634.06126230878
 20
18608.2961984926
 10
47592.202318229705
 20
18566.595147714143
 10
47634.06126230878
 20
18483.193046157234
 10
47801.49703862505
 20
18483.193046157234
 10
47843.3559827041
 20
18441.491995378776
 10
47801.49703862505
 20
18358.089893821863
 10
47717.779150466915
 20
18399.79094460032
 10
47592.202318229705
 20
18274.68779226495
 10
47592.202318229705
 20
18149.58463992958
 10
47634.06126230878
 20
18149.58463992958
 10
47759.638094545975
 20
18316.388843043405
 10
47843.3559827041
 20
18358.089893821863
 10
47885.214926783185
 20
18316.388843043405
 10
47885.214926783185
 20
18191.28569070804
 10
47801.49703862505
 20
18107.883589151123
 10
47843.3559827041
 20
18024.48148759421
 10
47968.93281494132
 20
18066.18253837267
 10
47968.93281494132
 20
18316.388843043405
 10
48052.650703099454
 20
18358.089893821863
 10
48178.22753533664
 20
18191.28569070804
 10
48261.94542349478
 20
18191.28569070804
 10
48261.94542349478
 20
18316.388843043405
 10
48136.36859125758
 20
18399.79094460032
 10
48261.94542349478
 20
18566.595147714143
 10
48220.08647941572
 20
18608.2961984926
 10
48052.650703099454
 20
18608.2961984926
 10
47968.93281494132
 20
18691.698300049513
  0
LWPOLYLINE
  5
126
330
17
100
AcDbEntity
  8
RASTER_CONTOURS
100
AcDbPolyline
 90
8
 70
1
 10
41062.20704189528
 20
18775.100401606425
 10
41020.348097816204
 20
18733.399350827967
 10
41020.348097816204
 20
18524.894096935685
 10
40936.63020965807
 20
18441.491995378776
 10
41020.348097816204
 20
18358.089893821863
 10
41062.20704189528
 20
18483.193046157234
 10
41229.64281821155
 20
18608.2961984926
 10
41229.64281821155
 20
18691.698300049513
  0
LWPOLYLINE
  5
127
330
17
100
AcDbEntity
  8
RASTER_CONTOURS
100
AcDbPolyline
 90
17
 70
1
 10
13686.457614185529
 20
18524.894096935685
 10
13728.316558264596
 20
18441.491995378776
 10
14021.329166818063
 20
18441.491995378776
 10
14063.18811089713
 20
18483.193046157234
 10
14356.200719450599
 20
18483.193046157234
 10
14439.918607608734
 20
18399.79094460032
 10
14481.777551687801
 20
18441.491995378776
 10
14481.777551687801
 20
18524.894096935685
 10
14314.341775371531
 20
18691.698300049513
 10
14230.623887213398
 20
18691.698300049513
 10
14146.905999055263
 20
18566.595147714143
 10
14021.329166818063
 20
18566.595147714143
 10
13979.470222738995
 20
18649.997249271055
 10
14063.18811089713
 20
18733.399350827967
 10
14063.18811089713
 20
18816.801452384883
 10
13979.470222738995
 20
18816.801452384883
 10
13895.752334580864
 20
18649.997249271055
  0
LWPOLYLINE
  5
128
330
17
100
AcDbEntity
  8
RASTER_CONTOURS
100
AcDbPolyline
 90
20
 70
1
 10
12849.278732604189
 20
18816.801452384883
 10
12723.70190036699
 20
18608.2961984926
 10
12807.419788525125
 20
18483.193046157234
 10
12765.560844446058
 20
18399.79094460032
 10
12807.419788525125
 20
18358.089893821863
 10
12723.70190036699
 20
18232.986741486493
 10
12765.560844446058
 20
18149.58463992958
 10
12723.70190036699
 20
18024.48148759421
 10
12849.278732604189
 20
18024.48148759421
 10
12932.996620762324
 20
18107.883589151123
 10
13184.150285236725
 20
18107.883589151123
 10
13309.727117473927
 20
17982.780436815752
 10
13477.162893790193
 20
18107.883589151123
 10
13393.44500563206
 20
18358.089893821863
 10
13435.303949711126
 20
18399.79094460032
 10
13435.303949711126
 20
18524.894096935685
 10
13519.02183786926
 20
18566.595147714143
 10
13519.02183786926
 20
18608.2961984926
 10
13435.303949711126
 20
18649.997249271055
 10
13393.44500563206
 20
18775.100401606425
  0
LWPOLYLINE
  5
129
330
17
100
AcDbEntity
  8
RASTER_CONTOURS
100
AcDbPolyline
 90
20
 70
1
 10
33653.17393990044
 20
18775.100401606425
 10
33443.8792195051
 20
18775.100401606425
 10
33318.3023872679
 20
18858.502503163338
 10
32941.5718905563
 20
18775.100401606425
 10
32899.71294647723
 20
18733.399350827967
 10
32899.71294647723
 20
18232.986741486493
 10
32857.85400239816
 20
18191.28569070804
 10
32857.85400239816
 20
18024.48148759421
 10
32983.430834635365
 20
18107.883589151123
 10
33109.00766687257
 20
18066.18253837267
 10
33109.00766687257
 20
18149.58463992958
 10
33192.7255550307
 20
18232.986741486493
 10
33276.44344318883
 20
18149.58463992958
 10
33276.44344318883
 20
18024.48148759421
 10
33569.4560517423
 20
18024.48148759421
 10
33611.31499582137
 20
18274.68779226495
 10
33485.73816358417
 20
18358.089893821863
 10
33485.73816358417
 20
18441.491995378776
 10
33653.17393990044
 20
18566.595147714143
 10
33569.4560517423
 20
18649.997249271055
  0
LWPOLYLINE
  5
12A
330
17
100
AcDbEntity
  8
RASTER_CONTOURS
100
AcDbPolyline
 90
28
 70
1
 10
32690.4182260819
 20
18775.100401606425
 10
32439.264561607495
 20
18775.100401606425
 10
32355.546673449364
 20
18858.502503163338
 10
32271.82878529123
 20
18858.502503163338
 10
32146.251953054027
 20
18775.100401606425
 10
31936.957232658693
 20
18775.100401606425
 10
31853.23934450056
 20
18691.698300049513
 10
31978.816176737757
 20
18483.193046157234
 10
32146.251953054027
 20
18399.79094460032
 10
32020.675120816824
 20
18316.388843043405
 10
31936.957232658693
 20
18316.388843043405
 10
31936.957232658693
 20
18232.986741486493
 10
32062.53406489589
 20
18149.58463992958
 10
32020.675120816824
 20
18066.18253837267
 10
32104.39300897496
 20
17982.780436815752
 10
32146.251953054027
 20
18024.48148759421
 10
32564.841393844697
 20
18024.48148759421
 10
32564.841393844697
 20
18149.58463992958
 10
32732.277170160967
 20
18274.68779226495
 10
32732.277170160967
 20
18316.388843043405
 10
32606.700337923765
 20
18316.388843043405
 10
32439.264561607495
 20
18441.491995378776
 10
32564.841393844697
 20
18566.595147714143
 10
32522.98244976563
 20
18608.2961984926
 10
32564.841393844697
 20
18691.698300049513
 10
32648.559282002832
 20
18608.2961984926
 10
32732.277170160967
 20
18608.2961984926
 10
32732.277170160967
 20
18733.399350827967
  0
LWPOLYLINE
  5
12B
330
17
100
AcDbEntity
  8
RASTER_CONTOURS
100
AcDbPolyline
 90
4
 70
1
 10
17579.33941353875
 20
19108.708807834075
 10
17579.33941353875
 20
18900.203553941796
 10
17621.198357617817
 20
18858.502503163338
 10
17663.057301696885
 20
19067.007757055617
  0
LWPOLYLINE
  5
12C
330
17
100
AcDbEntity
  8
RASTER_CONTOURS
100
AcDbPolyline
 90
4
 70
1
 10
16658.442643799277
 20
19108.708807834075
 10
16616.58369972021
 20
19067.007757055617
 10
16658.442643799277
 20
18816.801452384883
 10
16700.301587878344
 20
18858.502503163338
  0
LWPOLYLINE
  5
12D
330
17
100
AcDbEntity
  8
RASTER_CONTOURS
100
AcDbPolyline
 90
11
 70
1
 10
42234.25747610916
 20
19150.40985861253
 10
42234.25747610916
 20
18816.801452384883
 10
42150.539587951025
 20
18733.399350827967
 10
42066.82169979289
 20
18733.399350827967
 10
42066.82169979289
 20
18608.2961984926
 10
42192.39853203008
 20
18524.894096935685
 10
42276.11642018821
 20
18566.595147714143
 10
42276.11642018821
 20
18691.698300049513
 10
42234.25747610916
 20
18733.399350827967
 10
42234.25747610916
 20
18900.203553941796
 10
42276.11642018821
 20
18941.904604720246
  0
LWPOLYLINE
  5
12E
330
17
100
AcDbEntity
  8
RASTER_CONTOURS
100
AcDbPolyline
 90
7
 70
1
 10
37336.76101885833
 20
19150.40985861253
 10
37336.76101885833
 20
19025.306706277166
 10
37294.90207477926
 20
18983.605655498704
 10
37336.76101885833
 20
18941.904604720246
 10
37587.914683332725
 20
18983.605655498704
 10
37420.478907016455
 20
18983.605655498704
 10
37336.76101885833
 20
19067.007757055617
  0
LWPOLYLINE
  5
12F
330
17
100
AcDbEntity
  8
RASTER_CONTOURS
100
AcDbPolyline
 90
3
 70
1
 10
37127.46629846299
 20
19150.40985861253
 10
37043.748410304855
 20
18983.605655498704
 10
37127.46629846299
 20
18733.399350827967
  0
LWPOLYLINE
  5
130
330
17
100
AcDbEntity
  8
RASTER_CONTOURS
100
AcDbPolyline
 90
5
 70
1
 10
43866.75629519276
 20
19233.811960169445
 10
43866.75629519276
 20
19025.306706277166
 10
43824.89735111369
 20
18983.605655498704
 10
43866.75629519276
 20
18858.502503163338
 10
43908.61523927182
 20
18941.904604720246
  0
LWPOLYLINE
  5
131
330
17
100
AcDbEntity
  8
RASTER_CONTOURS
100
AcDbPolyline
 90
18
 70
1
 10
44829.5120090113
 20
19400.61616328327
 10
44829.5120090113
 20
17190.460472025086
 10
44787.65306493222
 20
17107.058370468174
 10
44913.22989716943
 20
17107.058370468174
 10
44871.37095309035
 20
17148.75942124663
 10
44871.37095309035
 20
17440.666776695827
 10
44829.5120090113
 20
17482.367827474278
 10
44913.22989716943
 20
17607.47097980965
 10
44829.5120090113
 20
17732.57413214502
 10
44829.5120090113
 20
18024.48148759421
 10
44913.22989716943
 20
18107.883589151123
 10
44913.22989716943
 20
18191.28569070804
 10
44829.5120090113
 20
18274.68779226495
 10
44829.5120090113
 20
18566.595147714143
 10
44913.22989716943
 20
18691.698300049513
 10
44829.5120090113
 20
18816.801452384883
 10
44829.5120090113
 20
19192.110909390987
 10
44871.37095309035
 20
19233.811960169445
  0
LWPOLYLINE
  5
132
330
17
100
AcDbEntity
  8
RASTER_CONTOURS
100
AcDbPolyline
 90
8
 70
1
 10
44536.49940045783
 20
19567.420366397095
 10
44410.92256822062
 20
19484.01826484018
 10
44536.49940045783
 20
19484.01826484018
 10
44620.21728861597
 20
19400.61616328327
 10
44620.21728861597
 20
19150.40985861253
 10
44536.49940045783
 20
19025.306706277166
 10
44620.21728861597
 20
18649.997249271055
 10
44620.21728861597
 20
19567.420366397095
  0
LWPOLYLINE
  5
133
330
17
100
AcDbEntity
  8
RASTER_CONTOURS
100
AcDbPolyline
 90
7
 70
1
 10
35327.53170306311
 20
19567.420366397095
 10
35327.53170306311
 20
19400.61616328327
 10
35453.10853530031
 20
19525.719315618637
 10
36039.13375240725
 20
19525.719315618637
 10
36122.851640565386
 20
19442.317214061728
 10
36122.851640565386
 20
19525.719315618637
 10
35411.24959122125
 20
19525.719315618637
  0
LWPOLYLINE
  5
134
330
17
100
AcDbEntity
  8
RASTER_CONTOURS
100
AcDbPolyline
 90
8
 70
1
 10
34322.91704516551
 20
19567.420366397095
 10
34364.77598924457
 20
19484.01826484018
 10
34448.4938774027
 20
19525.719315618637
 10
35034.51909450965
 20
19525.719315618637
 10
35160.09592674684
 20
19484.01826484018
 10
35160.09592674684
 20
19567.420366397095
 10
35034.51909450965
 20
19525.719315618637
 10
34448.4938774027
 20
19525.719315618637
  0
LWPOLYLINE
  5
135
330
17
100
AcDbEntity
  8
RASTER_CONTOURS
100
AcDbPolyline
 90
10
 70
1
 10
33318.3023872679
 20
19525.719315618637
 10
33360.161331346964
 20
19484.01826484018
 10
33443.8792195051
 20
19525.719315618637
 10
34071.7633806911
 20
19525.719315618637
 10
34155.48126884924
 20
19484.01826484018
 10
34197.340212928306
 20
19525.719315618637
 10
34155.48126884924
 20
19567.420366397095
 10
34029.904436612036
 20
19525.719315618637
 10
33443.8792195051
 20
19525.719315618637
 10
33360.161331346964
 20
19567.420366397095
  0
LWPOLYLINE
  5
136
330
17
100
AcDbEntity
  8
RASTER_CONTOURS
100
AcDbPolyline
 90
7
 70
1
 10
32104.39300897496
 20
19567.420366397095
 10
32062.53406489589
 20
19525.719315618637
 10
31392.790959630824
 20
19525.719315618637
 10
31392.790959630824
 20
19484.01826484018
 10
31518.367791868026
 20
19525.719315618637
 10
32062.53406489589
 20
19525.719315618637
 10
32146.251953054027
 20
19484.01826484018
  0
LWPOLYLINE
  5
137
330
17
100
AcDbEntity
  8
RASTER_CONTOURS
100
AcDbPolyline
 90
10
 70
1
 10
55419.824861015215
 20
19650.822467954007
 10
55545.401693252425
 20
19567.420366397095
 10
55545.401693252425
 20
19192.110909390987
 10
55503.54274917335
 20
19150.40985861253
 10
55503.54274917335
 20
18775.100401606425
 10
55461.68380509429
 20
18733.399350827967
 10
55336.10697285708
 20
18816.801452384883
 10
55336.10697285708
 20
19317.214061726358
 10
55377.96591693616
 20
19358.915112504816
 10
55377.96591693616
 20
19609.12141717555
  0
LWPOLYLINE
  5
138
330
17
100
AcDbEntity
  8
RASTER_CONTOURS
100
AcDbPolyline
 90
9
 70
1
 10
55712.837469568694
 20
19692.52351873246
 10
55754.696413647755
 20
19692.52351873246
 10
55880.273245884964
 20
19525.719315618637
 10
55880.273245884964
 20
18816.801452384883
 10
55754.696413647755
 20
18691.698300049513
 10
55587.260637331485
 20
18816.801452384883
 10
55587.260637331485
 20
19275.5130109479
 10
55629.11958141056
 20
19317.214061726358
 10
55587.260637331485
 20
19525.719315618637
  0
LWPOLYLINE
  5
139
330
17
100
AcDbEntity
  8
RASTER_CONTOURS
100
AcDbPolyline
 90
6
 70
1
 10
42234.25747610916
 20
19650.822467954007
 10
42108.68064387194
 20
19609.12141717555
 10
42066.82169979289
 20
19484.01826484018
 10
42234.25747610916
 20
19358.915112504816
 10
42276.11642018821
 20
19442.317214061728
 10
42276.11642018821
 20
19609.12141717555
  0
LWPOLYLINE
  5
13A
330
17
100
AcDbEntity
  8
RASTER_CONTOURS
100
AcDbPolyline
 90
9
 70
1
 10
33192.7255550307
 20
19525.719315618637
 10
33150.866610951634
 20
19650.822467954007
 10
33025.28977871443
 20
19525.719315618637
 10
32439.264561607495
 20
19525.719315618637
 10
32397.405617528428
 20
19567.420366397095
 10
32355.546673449364
 20
19484.01826484018
 10
32481.123505686563
 20
19525.719315618637
 10
33025.28977871443
 20
19525.719315618637
 10
33150.866610951634
 20
19442.317214061728
  0
LWPOLYLINE
  5
13B
330
17
100
AcDbEntity
  8
RASTER_CONTOURS
100
AcDbPolyline
 90
8
 70
1
 10
41062.20704189528
 20
19692.52351873246
 10
40978.489153737144
 20
19567.420366397095
 10
40978.489153737144
 20
19442.317214061728
 10
41062.20704189528
 20
19358.915112504816
 10
41145.924930053414
 20
19442.317214061728
 10
41229.64281821155
 20
19442.317214061728
 10
41229.64281821155
 20
19567.420366397095
 10
41104.06598597434
 20
19609.12141717555
  0
LWPOLYLINE
  5
13C
330
17
100
AcDbEntity
  8
RASTER_CONTOURS
100
AcDbPolyline
 90
4
 70
1
 10
7491.333890483628
 20
19734.22456951092
 10
7533.192834562696
 20
19484.01826484018
 10
7575.051778641762
 20
19650.822467954007
 10
7533.192834562696
 20
19734.22456951092
  0
LWPOLYLINE
  5
13D
330
17
100
AcDbEntity
  8
RASTER_CONTOURS
100
AcDbPolyline
 90
5
 70
1
 10
8998.255877330035
 20
19775.925620289378
 10
8956.396933250971
 20
19567.420366397095
 10
8998.255877330035
 20
19484.01826484018
 10
9040.114821409103
 20
19484.01826484018
 10
9040.114821409103
 20
19734.22456951092
  0
LWPOLYLINE
  5
13E
330
17
100
AcDbEntity
  8
RASTER_CONTOURS
100
AcDbPolyline
 90
4
 70
1
 10
44871.37095309035
 20
19859.32772184629
 10
44829.5120090113
 20
19859.32772184629
 10
44829.5120090113
 20
19609.12141717555
 10
44955.088841248486
 20
19775.925620289378
  0
LWPOLYLINE
  5
13F
330
17
100
AcDbEntity
  8
RASTER_CONTOURS
100
AcDbPolyline
 90
7
 70
1
 10
31392.790959630824
 20
20109.534026517027
 10
31392.790959630824
 20
20067.83297573857
 10
32062.53406489589
 20
20067.83297573857
 10
32146.251953054027
 20
20026.13192496011
 10
32146.251953054027
 20
20109.534026517027
 10
32020.675120816824
 20
20067.83297573857
 10
31518.367791868026
 20
20067.83297573857
  0
LWPOLYLINE
  5
140
330
17
100
AcDbEntity
  8
RASTER_CONTOURS
100
AcDbPolyline
 90
4
 70
1
 10
44620.21728861597
 20
20192.93612807394
 10
44494.64045637876
 20
20067.83297573857
 10
44410.92256822062
 20
20067.83297573857
 10
44620.21728861597
 20
19942.729823403202
  0
LWPOLYLINE
  5
141
330
17
100
AcDbEntity
  8
RASTER_CONTOURS
100
AcDbPolyline
 90
5
 70
1
 10
35118.236982667775
 20
20192.93612807394
 10
35118.236982667775
 20
20151.23507729548
 10
34992.66015043058
 20
20067.83297573857
 10
35118.236982667775
 20
19984.43087418166
 10
35160.09592674684
 20
20067.83297573857
  0
LWPOLYLINE
  5
142
330
17
100
AcDbEntity
  8
RASTER_CONTOURS
100
AcDbPolyline
 90
13
 70
1
 10
34197.340212928306
 20
20109.534026517027
 10
34155.48126884924
 20
20234.637178852397
 10
34071.7633806911
 20
20109.534026517027
 10
33946.18654845391
 20
20109.534026517027
 10
33904.32760437484
 20
20067.83297573857
 10
33611.31499582137
 20
20067.83297573857
 10
33569.4560517423
 20
20109.534026517027
 10
33360.161331346964
 20
20109.534026517027
 10
33318.3023872679
 20
20067.83297573857
 10
33360.161331346964
 20
20026.13192496011
 10
33402.02027542603
 20
20067.83297573857
 10
34071.7633806911
 20
20067.83297573857
 10
34155.48126884924
 20
20026.13192496011
  0
LWPOLYLINE
  5
143
330
17
100
AcDbEntity
  8
RASTER_CONTOURS
100
AcDbPolyline
 90
6
 70
1
 10
33150.866610951634
 20
20276.338229630852
 10
33150.866610951634
 20
20151.23507729548
 10
33067.1487227935
 20
20067.83297573857
 10
32606.700337923765
 20
20067.83297573857
 10
33067.1487227935
 20
20067.83297573857
 10
33150.866610951634
 20
20026.13192496011
  0
LWPOLYLINE
  5
144
330
17
100
AcDbEntity
  8
RASTER_CONTOURS
100
AcDbPolyline
 90
4
 70
1
 10
37127.46629846299
 20
20318.039280409306
 10
37127.46629846299
 20
20192.93612807394
 10
37085.60735438392
 20
20151.23507729548
 10
37127.46629846299
 20
20026.13192496011
  0
LWPOLYLINE
  5
145
330
17
100
AcDbEntity
  8
RASTER_CONTOURS
100
AcDbPolyline
 90
3
 70
1
 10
40266.887104393005
 20
20359.740331187764
 10
40266.887104393005
 20
19984.43087418166
 10
40308.74604847207
 20
19984.43087418166
  0
LWPOLYLINE
  5
146
330
17
100
AcDbEntity
  8
RASTER_CONTOURS
100
AcDbPolyline
 90
8
 70
1
 10
39304.13139057447
 20
20651.64768663696
 10
39304.13139057447
 20
20568.245585080043
 10
39429.70822281167
 20
20609.9466358585
 10
39973.87449583953
 20
20609.9466358585
 10
40057.59238399767
 20
20568.245585080043
 10
40057.59238399767
 20
20651.64768663696
 10
39973.87449583953
 20
20609.9466358585
 10
39429.70822281167
 20
20609.9466358585
  0
LWPOLYLINE
  5
147
330
17
100
AcDbEntity
  8
RASTER_CONTOURS
100
AcDbPolyline
 90
5
 70
1
 10
38090.22201228153
 20
20568.245585080043
 10
38090.22201228153
 20
20651.64768663696
 10
38006.50412412339
 20
20609.9466358585
 10
37671.63257149085
 20
20609.9466358585
 10
38006.50412412339
 20
20609.9466358585
  0
LWPOLYLINE
  5
148
330
17
100
AcDbEntity
  8
RASTER_CONTOURS
100
AcDbPolyline
 90
5
 70
1
 10
36332.146360960716
 20
20651.64768663696
 10
36332.146360960716
 20
20568.245585080043
 10
36457.72319319792
 20
20609.9466358585
 10
36792.59474583045
 20
20609.9466358585
 10
36457.72319319792
 20
20609.9466358585
  0
LWPOLYLINE
  5
149
330
17
100
AcDbEntity
  8
RASTER_CONTOURS
100
AcDbPolyline
 90
3
 70
1
 10
36122.851640565386
 20
20568.245585080043
 10
36122.851640565386
 20
20651.64768663696
 10
35829.839032011914
 20
20609.9466358585
  0
LWPOLYLINE
  5
14A
330
17
100
AcDbEntity
  8
RASTER_CONTOURS
100
AcDbPolyline
 90
3
 70
1
 10
35327.53170306311
 20
20651.64768663696
 10
35327.53170306311
 20
20568.245585080043
 10
35704.26219977471
 20
20609.9466358585
  0
LWPOLYLINE
  5
14B
330
17
100
AcDbEntity
  8
RASTER_CONTOURS
100
AcDbPolyline
 90
5
 70
1
 10
44829.5120090113
 20
20693.348737415414
 10
44829.5120090113
 20
20067.83297573857
 10
44829.5120090113
 20
20192.93612807394
 10
44913.22989716943
 20
20318.039280409306
 10
44829.5120090113
 20
20443.142432744677
  0
LWPOLYLINE
  5
14C
330
17
100
AcDbEntity
  8
RASTER_CONTOURS
100
AcDbPolyline
 90
5
 70
1
 10
44578.35834453689
 20
20693.348737415414
 10
44494.64045637876
 20
20568.245585080043
 10
44578.35834453689
 20
20526.54453430159
 10
44620.21728861597
 20
20401.44138196622
 10
44620.21728861597
 20
20693.348737415414
  0
LWPOLYLINE
  5
14D
330
17
100
AcDbEntity
  8
RASTER_CONTOURS
100
AcDbPolyline
 90
12
 70
1
 10
42234.25747610916
 20
20693.348737415414
 10
42234.25747610916
 20
20568.245585080043
 10
42108.68064387194
 20
20526.54453430159
 10
42066.82169979289
 20
20443.142432744677
 10
42108.68064387194
 20
20318.039280409306
 10
42234.25747610916
 20
20276.338229630852
 10
42234.25747610916
 20
19817.626671067832
 10
42234.25747610916
 20
19984.43087418166
 10
42276.11642018821
 20
20026.13192496011
 10
42276.11642018821
 20
20151.23507729548
 10
42234.25747610916
 20
20192.93612807394
 10
42276.11642018821
 20
20318.039280409306
  0
LWPOLYLINE
  5
14E
330
17
100
AcDbEntity
  8
RASTER_CONTOURS
100
AcDbPolyline
 90
11
 70
1
 10
34322.91704516551
 20
20651.64768663696
 10
34364.77598924457
 20
20443.142432744677
 10
34364.77598924457
 20
20526.54453430159
 10
34448.4938774027
 20
20609.9466358585
 10
35034.51909450965
 20
20609.9466358585
 10
35118.236982667775
 20
20526.54453430159
 10
35160.09592674684
 20
20609.9466358585
 10
35118.236982667775
 20
20693.348737415414
 10
35076.378038588715
 20
20609.9466358585
 10
34448.4938774027
 20
20609.9466358585
 10
34364.77598924457
 20
20693.348737415414
  0
LWPOLYLINE
  5
14F
330
17
100
AcDbEntity
  8
RASTER_CONTOURS
100
AcDbPolyline
 90
14
 70
1
 10
40266.887104393005
 20
20776.750838972326
 10
40266.887104393005
 20
20443.142432744677
 10
40308.74604847207
 20
20526.54453430159
 10
40434.322880709275
 20
20609.9466358585
 10
40894.77126557901
 20
20609.9466358585
 10
41020.348097816204
 20
20526.54453430159
 10
41020.348097816204
 20
20318.039280409306
 10
41062.20704189528
 20
20276.338229630852
 10
41187.783874132474
 20
20318.039280409306
 10
41187.783874132474
 20
20526.54453430159
 10
41062.20704189528
 20
20568.245585080043
 10
41062.20704189528
 20
20693.348737415414
 10
40936.63020965807
 20
20609.9466358585
 10
40392.46393663021
 20
20609.9466358585
  0
LWPOLYLINE
  5
150
330
17
100
AcDbEntity
  8
RASTER_CONTOURS
100
AcDbPolyline
 90
9
 70
1
 10
33150.866610951634
 20
20776.750838972326
 10
33150.866610951634
 20
20693.348737415414
 10
33025.28977871443
 20
20609.9466358585
 10
32439.264561607495
 20
20609.9466358585
 10
32355.546673449364
 20
20651.64768663696
 10
32397.405617528428
 20
20568.245585080043
 10
32439.264561607495
 20
20609.9466358585
 10
33067.1487227935
 20
20609.9466358585
 10
33150.866610951634
 20
20568.245585080043
  0
LWPOLYLINE
  5
151
330
17
100
AcDbEntity
  8
RASTER_CONTOURS
100
AcDbPolyline
 90
10
 70
1
 10
55084.95330838268
 20
20901.853991307697
 10
55252.389084698945
 20
20860.15294052924
 10
55336.10697285708
 20
20735.04978819387
 10
55336.10697285708
 20
20526.54453430159
 10
55294.24802877803
 20
20484.843483523135
 10
55336.10697285708
 20
20067.83297573857
 10
55252.389084698945
 20
19859.32772184629
 10
55043.09436430362
 20
19859.32772184629
 10
54917.51753206641
 20
19984.43087418166
 10
54917.51753206641
 20
20776.750838972326
  0
LWPOLYLINE
  5
152
330
17
100
AcDbEntity
  8
RASTER_CONTOURS
100
AcDbPolyline
 90
20
 70
1
 10
55503.54274917335
 20
20985.25609286461
 10
55754.696413647755
 20
20985.25609286461
 10
55796.55535772683
 20
20860.15294052924
 10
56005.85007812216
 20
20693.348737415414
 10
56215.14479851748
 20
20693.348737415414
 10
56257.00374259656
 20
20651.64768663696
 10
56257.00374259656
 20
20401.44138196622
 10
56215.14479851748
 20
20359.740331187764
 10
56257.00374259656
 20
20109.534026517027
 10
56173.28585443842
 20
19984.43087418166
 10
55880.273245884964
 20
20026.13192496011
 10
55796.55535772683
 20
19775.925620289378
 10
55461.68380509429
 20
19775.925620289378
 10
55377.96591693616
 20
19859.32772184629
 10
55419.824861015215
 20
19984.43087418166
 10
55419.824861015215
 20
20151.23507729548
 10
55377.96591693616
 20
20192.93612807394
 10
55377.96591693616
 20
20359.740331187764
 10
55419.824861015215
 20
20401.44138196622
 10
55377.96591693616
 20
20860.15294052924
  0
LWPOLYLINE
  5
153
330
17
100
AcDbEntity
  8
RASTER_CONTOURS
100
AcDbPolyline
 90
6
 70
1
 10
37336.76101885833
 20
20985.25609286461
 10
37336.76101885833
 20
20651.64768663696
 10
37294.90207477926
 20
20609.9466358585
 10
37420.478907016455
 20
20568.245585080043
 10
37462.33785109552
 20
20609.9466358585
 10
37336.76101885833
 20
20693.348737415414
  0
LWPOLYLINE
  5
154
330
17
100
AcDbEntity
  8
RASTER_CONTOURS
100
AcDbPolyline
 90
8
 70
1
 10
4477.4899167908125
 20
21152.06029597843
 10
4561.2078049489455
 20
21235.462397535346
 10
4812.3614694233465
 20
21235.462397535346
 10
4896.0793575814805
 20
21152.06029597843
 10
4896.0793575814805
 20
21026.957143643067
 10
4812.3614694233465
 20
20943.55504208615
 10
4603.066749028012
 20
20901.853991307697
 10
4477.4899167908125
 20
20985.25609286461
  0
LWPOLYLINE
  5
155
330
17
100
AcDbEntity
  8
RASTER_CONTOURS
100
AcDbPolyline
 90
3
 70
1
 10
44452.781512299705
 20
21152.06029597843
 10
44620.21728861597
 20
21026.957143643067
 10
44620.21728861597
 20
21235.462397535346
  0
LWPOLYLINE
  5
156
330
17
100
AcDbEntity
  8
RASTER_CONTOURS
100
AcDbPolyline
 90
5
 70
1
 10
39304.13139057447
 20
21235.462397535346
 10
39304.13139057447
 20
21068.658194421525
 10
39387.8492787326
 20
21152.06029597843
 10
39555.28505504887
 20
21152.06029597843
 10
39429.70822281167
 20
21152.06029597843
  0
LWPOLYLINE
  5
157
330
17
100
AcDbEntity
  8
RASTER_CONTOURS
100
AcDbPolyline
 90
5
 70
1
 10
36332.146360960716
 20
21235.462397535346
 10
36332.146360960716
 20
21110.359245199976
 10
36457.72319319792
 20
21152.06029597843
 10
36876.312633988586
 20
21152.06029597843
 10
36457.72319319792
 20
21152.06029597843
  0
LWPOLYLINE
  5
158
330
17
100
AcDbEntity
  8
RASTER_CONTOURS
100
AcDbPolyline
 90
9
 70
1
 10
35327.53170306311
 20
21193.76134675689
 10
35327.53170306311
 20
21110.359245199976
 10
35411.24959122125
 20
21152.06029597843
 10
35997.274808328184
 20
21152.06029597843
 10
36122.851640565386
 20
21110.359245199976
 10
36122.851640565386
 20
21235.462397535346
 10
35913.55692017005
 20
21152.06029597843
 10
35453.10853530031
 20
21152.06029597843
 10
35369.39064714218
 20
21235.462397535346
  0
LWPOLYLINE
  5
159
330
17
100
AcDbEntity
  8
RASTER_CONTOURS
100
AcDbPolyline
 90
8
 70
1
 10
33318.3023872679
 20
21193.76134675689
 10
33318.3023872679
 20
21110.359245199976
 10
33443.8792195051
 20
21152.06029597843
 10
33904.32760437484
 20
21152.06029597843
 10
33611.31499582137
 20
21152.06029597843
 10
33569.4560517423
 20
21193.76134675689
 10
33527.597107663234
 20
21152.06029597843
 10
33360.161331346964
 20
21235.462397535346
  0
LWPOLYLINE
  5
15A
330
17
100
AcDbEntity
  8
RASTER_CONTOURS
100
AcDbPolyline
 90
5
 70
1
 10
32355.546673449364
 20
21235.462397535346
 10
32397.405617528428
 20
21110.359245199976
 10
32439.264561607495
 20
21152.06029597843
 10
32899.71294647723
 20
21152.06029597843
 10
32481.123505686563
 20
21152.06029597843
  0
LWPOLYLINE
  5
15B
330
17
100
AcDbEntity
  8
RASTER_CONTOURS
100
AcDbPolyline
 90
9
 70
1
 10
31350.932015551756
 20
21193.76134675689
 10
31392.790959630824
 20
21110.359245199976
 10
31434.64990370989
 20
21152.06029597843
 10
32020.675120816824
 20
21152.06029597843
 10
32146.251953054027
 20
21110.359245199976
 10
32146.251953054027
 20
21193.76134675689
 10
32020.675120816824
 20
21152.06029597843
 10
31518.367791868026
 20
21152.06029597843
 10
31392.790959630824
 20
21235.462397535346
  0
LWPOLYLINE
  5
15C
330
17
100
AcDbEntity
  8
RASTER_CONTOURS
100
AcDbPolyline
 90
5
 70
1
 10
40266.887104393005
 20
21277.1634483138
 10
40266.887104393005
 20
20901.853991307697
 10
40266.887104393005
 20
21026.957143643067
 10
40308.74604847207
 20
21110.359245199976
 10
40392.46393663021
 20
21152.06029597843
  0
LWPOLYLINE
  5
15D
330
17
100
AcDbEntity
  8
RASTER_CONTOURS
100
AcDbPolyline
 90
8
 70
1
 10
39094.83667017913
 20
21277.1634483138
 10
38927.40089386286
 20
21152.06029597843
 10
38425.09356491407
 20
21152.06029597843
 10
38299.516732676864
 20
21193.76134675689
 10
38299.516732676864
 20
21110.359245199976
 10
38425.09356491407
 20
21152.06029597843
 10
38969.25983794193
 20
21152.06029597843
 10
39094.83667017913
 20
21110.359245199976
  0
LWPOLYLINE
  5
15E
330
17
100
AcDbEntity
  8
RASTER_CONTOURS
100
AcDbPolyline
 90
5
 70
1
 10
37336.76101885833
 20
21277.1634483138
 10
37336.76101885833
 20
21110.359245199976
 10
37420.478907016455
 20
21152.06029597843
 10
37713.49151556992
 20
21152.06029597843
 10
37462.33785109552
 20
21152.06029597843
  0
LWPOLYLINE
  5
15F
330
17
100
AcDbEntity
  8
RASTER_CONTOURS
100
AcDbPolyline
 90
12
 70
1
 10
34322.91704516551
 20
21277.1634483138
 10
34322.91704516551
 20
21110.359245199976
 10
34364.77598924457
 20
21068.658194421525
 10
34448.4938774027
 20
21152.06029597843
 10
35034.51909450965
 20
21152.06029597843
 10
35076.378038588715
 20
21110.359245199976
 10
35160.09592674684
 20
21152.06029597843
 10
35118.236982667775
 20
21235.462397535346
 10
35034.51909450965
 20
21152.06029597843
 10
34448.4938774027
 20
21152.06029597843
 10
34364.77598924457
 20
21277.1634483138
 10
34364.77598924457
 20
21360.565549870716
  0
LWPOLYLINE
  5
160
330
17
100
AcDbEntity
  8
RASTER_CONTOURS
100
AcDbPolyline
 90
6
 70
1
 10
42234.25747610916
 20
21485.668702206087
 10
42024.962755713816
 20
21360.565549870716
 10
42024.962755713816
 20
21277.1634483138
 10
42108.68064387194
 20
21193.76134675689
 10
42234.25747610916
 20
21193.76134675689
 10
42276.11642018821
 20
21235.462397535346
  0
LWPOLYLINE
  5
161
330
17
100
AcDbEntity
  8
RASTER_CONTOURS
100
AcDbPolyline
 90
5
 70
1
 10
32146.251953054027
 20
21735.87500687682
 10
32062.53406489589
 20
21694.173956098362
 10
31811.38040042149
 20
21694.173956098362
 10
32062.53406489589
 20
21694.173956098362
 10
32104.39300897496
 20
21652.472905319908
  0
LWPOLYLINE
  5
162
330
17
100
AcDbEntity
  8
RASTER_CONTOURS
100
AcDbPolyline
 90
15
 70
1
 10
41062.20704189528
 20
21777.57605765528
 10
40936.63020965807
 20
21694.173956098362
 10
41020.348097816204
 20
21610.771854541457
 10
41020.348097816204
 20
21485.668702206087
 10
41062.20704189528
 20
21443.96765142763
 10
41020.348097816204
 20
21235.462397535346
 10
40936.63020965807
 20
21152.06029597843
 10
40852.912321499934
 20
21152.06029597843
 10
40936.63020965807
 20
21152.06029597843
 10
41020.348097816204
 20
21068.658194421525
 10
41104.06598597434
 20
21193.76134675689
 10
41229.64281821155
 20
21193.76134675689
 10
41229.64281821155
 20
21318.86449909226
 10
41104.06598597434
 20
21402.26660064917
 10
41020.348097816204
 20
21527.36975298454
  0
LWPOLYLINE
  5
163
330
17
100
AcDbEntity
  8
RASTER_CONTOURS
100
AcDbPolyline
 90
5
 70
1
 10
36122.851640565386
 20
21777.57605765528
 10
36039.13375240725
 20
21694.173956098362
 10
35578.68536753751
 20
21694.173956098362
 10
36039.13375240725
 20
21694.173956098362
 10
36080.99269648632
 20
21652.472905319908
  0
LWPOLYLINE
  5
164
330
17
100
AcDbEntity
  8
RASTER_CONTOURS
100
AcDbPolyline
 90
10
 70
1
 10
34197.340212928306
 20
21694.173956098362
 10
34155.48126884924
 20
21777.57605765528
 10
34071.7633806911
 20
21694.173956098362
 10
33443.8792195051
 20
21694.173956098362
 10
33402.02027542603
 20
21735.87500687682
 10
33318.3023872679
 20
21694.173956098362
 10
33360.161331346964
 20
21652.472905319908
 10
33402.02027542603
 20
21694.173956098362
 10
34071.7633806911
 20
21694.173956098362
 10
34113.62232477017
 20
21652.472905319908
  0
LWPOLYLINE
  5
165
330
17
100
AcDbEntity
  8
RASTER_CONTOURS
100
AcDbPolyline
 90
8
 70
1
 10
33150.866610951634
 20
21777.57605765528
 10
33025.28977871443
 20
21694.173956098362
 10
32481.123505686563
 20
21694.173956098362
 10
32439.264561607495
 20
21735.87500687682
 10
32355.546673449364
 20
21735.87500687682
 10
32355.546673449364
 20
21694.173956098362
 10
33067.1487227935
 20
21694.173956098362
 10
33150.866610951634
 20
21652.472905319908
  0
LWPOLYLINE
  5
166
330
17
100
AcDbEntity
  8
RASTER_CONTOURS
100
AcDbPolyline
 90
10
 70
1
 10
35160.09592674684
 20
21735.87500687682
 10
35118.236982667775
 20
21819.277108433733
 10
35034.51909450965
 20
21694.173956098362
 10
34448.4938774027
 20
21694.173956098362
 10
34406.634933323636
 20
21735.87500687682
 10
34322.91704516551
 20
21694.173956098362
 10
34364.77598924457
 20
21652.472905319908
 10
34406.634933323636
 20
21694.173956098362
 10
35076.378038588715
 20
21694.173956098362
 10
35118.236982667775
 20
21652.472905319908
  0
LWPOLYLINE
  5
167
330
17
100
AcDbEntity
  8
RASTER_CONTOURS
100
AcDbPolyline
 90
9
 70
1
 10
55670.97852548962
 20
22194.58656543984
 10
55838.41430180589
 20
22194.58656543984
 10
55880.273245884964
 20
22152.885514661382
 10
55880.273245884964
 20
21110.359245199976
 10
55838.41430180589
 20
21068.658194421525
 10
55712.837469568694
 20
21068.658194421525
 10
55587.260637331485
 20
21277.1634483138
 10
55629.11958141056
 20
21360.565549870716
 10
55629.11958141056
 20
22152.885514661382
  0
LWPOLYLINE
  5
168
330
17
100
AcDbEntity
  8
RASTER_CONTOURS
100
AcDbPolyline
 90
6
 70
1
 10
55419.824861015215
 20
22194.58656543984
 10
55545.401693252425
 20
22152.885514661382
 10
55545.401693252425
 20
21193.76134675689
 10
55461.68380509429
 20
21110.359245199976
 10
55377.96591693616
 20
21152.06029597843
 10
55377.96591693616
 20
22152.885514661382
  0
LWPOLYLINE
  5
169
330
17
100
AcDbEntity
  8
RASTER_CONTOURS
100
AcDbPolyline
 90
12
 70
1
 10
46001.56244322517
 20
22152.885514661382
 10
45917.84455506704
 20
21902.67920999065
 10
45917.84455506704
 20
20318.039280409306
 10
45959.7034991461
 20
20276.338229630852
 10
45917.84455506704
 20
20234.637178852397
 10
45959.7034991461
 20
20151.23507729548
 10
45917.84455506704
 20
20109.534026517027
 10
45917.84455506704
 20
16940.254167354346
 10
45959.7034991461
 20
16856.852065797437
 10
46043.42138730423
 20
16815.15101501898
 10
46127.13927546237
 20
16898.553116575895
 10
46127.13927546237
 20
22069.48341310447
  0
LWPOLYLINE
  5
16A
330
17
100
AcDbEntity
  8
RASTER_CONTOURS
100
AcDbPolyline
 90
8
 70
1
 10
44620.21728861597
 20
22152.885514661382
 10
44745.79412085316
 20
22236.287616218295
 10
44955.088841248486
 20
22236.287616218295
 10
45038.80672940662
 20
22069.48341310447
 10
44955.088841248486
 20
21944.380260769103
 10
44871.37095309035
 20
21986.08131154756
 10
44745.79412085316
 20
21944.380260769103
 10
44620.21728861597
 20
22069.48341310447
  0
LWPOLYLINE
  5
16B
330
17
100
AcDbEntity
  8
RASTER_CONTOURS
100
AcDbPolyline
 90
26
 70
1
 10
43783.038407034626
 20
22236.287616218295
 10
43866.75629519276
 20
22111.184463882924
 10
43866.75629519276
 20
21777.57605765528
 10
43824.89735111369
 20
21735.87500687682
 10
43824.89735111369
 20
21610.771854541457
 10
43866.75629519276
 20
21569.070803762992
 10
43866.75629519276
 20
21235.462397535346
 10
43824.89735111369
 20
21193.76134675689
 10
43866.75629519276
 20
21110.359245199976
 10
43866.75629519276
 20
20943.55504208615
 10
43824.89735111369
 20
20901.853991307697
 10
43866.75629519276
 20
19901.028772624744
 10
43908.61523927182
 20
20026.13192496011
 10
43866.75629519276
 20
20109.534026517027
 10
43866.75629519276
 20
20526.54453430159
 10
43908.61523927182
 20
20568.245585080043
 10
43866.75629519276
 20
20693.348737415414
 10
43866.75629519276
 20
21068.658194421525
 10
43908.61523927182
 20
21110.359245199976
 10
43866.75629519276
 20
21235.462397535346
 10
43866.75629519276
 20
21569.070803762992
 10
43908.61523927182
 20
21610.771854541457
 10
43908.61523927182
 20
21735.87500687682
 10
43866.75629519276
 20
21777.57605765528
 10
43866.75629519276
 20
22194.58656543984
 10
43908.61523927182
 20
22236.287616218295
  0
LWPOLYLINE
  5
16C
330
17
100
AcDbEntity
  8
RASTER_CONTOURS
100
AcDbPolyline
 90
31
 70
1
 10
45792.26772282983
 20
22361.390768553665
 10
45917.84455506704
 20
22361.390768553665
 10
45959.7034991461
 20
22319.68971777521
 10
46964.31815704371
 20
22319.68971777521
 10
47089.894989280896
 20
22361.390768553665
 10
47131.75393335998
 20
22319.68971777521
 10
47131.75393335998
 20
22194.58656543984
 10
47048.03604520184
 20
22111.184463882924
 10
46922.45921296465
 20
22069.48341310447
 10
46838.74132480651
 20
22111.184463882924
 10
46587.587660332116
 20
22111.184463882924
 10
46545.728716253034
 20
22069.48341310447
 10
46420.151884015846
 20
22111.184463882924
 10
46294.57505177864
 20
22027.78236232602
 10
46294.57505177864
 20
16981.955218132804
 10
46378.29293993677
 20
16898.553116575895
 10
46880.60026888557
 20
16898.553116575895
 10
46964.31815704371
 20
16940.254167354346
 10
47089.894989280896
 20
16856.852065797437
 10
47131.75393335998
 20
16731.748913462066
 10
47048.03604520184
 20
16648.346811905154
 10
45917.84455506704
 20
16648.346811905154
 10
45834.12666690891
 20
16606.645761126696
 10
45708.54983467169
 20
16731.748913462066
 10
45708.54983467169
 20
16981.955218132804
 10
45666.69089059264
 20
17023.65626891126
 10
45708.54983467169
 20
17107.058370468174
 10
45708.54983467169
 20
22027.78236232602
 10
45666.69089059264
 20
22069.48341310447
 10
45708.54983467169
 20
22152.885514661382
 10
45666.69089059264
 20
22194.58656543984
  0
LWPOLYLINE
  5
16D
330
17
100
AcDbEntity
  8
RASTER_CONTOURS
100
AcDbPolyline
 90
23
 70
1
 10
45248.101449801965
 20
22236.287616218295
 10
45164.38356164383
 20
22277.988666996753
 10
44955.088841248486
 20
22277.988666996753
 10
44913.22989716943
 20
22319.68971777521
 10
44787.65306493222
 20
22236.287616218295
 10
44703.93517677409
 20
22277.988666996753
 10
44452.781512299705
 20
22236.287616218295
 10
44620.21728861597
 20
22111.184463882924
 10
44578.35834453689
 20
22027.78236232602
 10
44578.35834453689
 20
21860.97815921219
 10
44620.21728861597
 20
21819.277108433733
 10
44494.64045637876
 20
21694.173956098362
 10
44327.20468006249
 20
21694.173956098362
 10
44620.21728861597
 20
21610.771854541457
 10
44620.21728861597
 20
21819.277108433733
 10
44745.79412085316
 20
21944.380260769103
 10
44829.5120090113
 20
21860.97815921219
 10
44829.5120090113
 20
21652.472905319908
 10
44829.5120090113
 20
21819.277108433733
 10
44955.088841248486
 20
21944.380260769103
 10
45164.38356164383
 20
21944.380260769103
 10
45122.524617564755
 20
22111.184463882924
 10
45164.38356164383
 20
22194.58656543984
  0
LWPOLYLINE
  5
16E
330
17
100
AcDbEntity
  8
RASTER_CONTOURS
100
AcDbPolyline
 90
21
 70
1
 10
43531.88474256023
 20
22319.68971777521
 10
43448.166854402094
 20
22319.68971777521
 10
43364.44896624396
 20
22236.287616218295
 10
43364.44896624396
 20
18316.388843043405
 10
43448.166854402094
 20
18191.28569070804
 10
43490.02579848115
 20
18232.986741486493
 10
43490.02579848115
 20
18399.79094460032
 10
43406.30791032302
 20
18566.595147714143
 10
43406.30791032302
 20
18858.502503163338
 10
43490.02579848115
 20
18983.605655498704
 10
43448.166854402094
 20
19108.708807834075
 10
43490.02579848115
 20
19317.214061726358
 10
43448.166854402094
 20
19358.915112504816
 10
43448.166854402094
 20
19650.822467954007
 10
43406.30791032302
 20
19692.52351873246
 10
43406.30791032302
 20
21235.462397535346
 10
43448.166854402094
 20
21277.1634483138
 10
43448.166854402094
 20
21860.97815921219
 10
43490.02579848115
 20
21902.67920999065
 10
43406.30791032302
 20
22069.48341310447
 10
43573.74368663928
 20
22236.287616218295
  0
LWPOLYLINE
  5
16F
330
17
100
AcDbEntity
  8
RASTER_CONTOURS
100
AcDbPolyline
 90
13
 70
1
 10
41229.64281821155
 20
22277.988666996753
 10
41229.64281821155
 20
22194.58656543984
 10
41983.103811634755
 20
22194.58656543984
 10
42066.82169979289
 20
22111.184463882924
 10
42192.39853203008
 20
22111.184463882924
 10
42234.25747610916
 20
22069.48341310447
 10
42276.11642018821
 20
22152.885514661382
 10
42234.25747610916
 20
22236.287616218295
 10
42108.68064387194
 20
22236.287616218295
 10
42024.962755713816
 20
22319.68971777521
 10
41941.24486755568
 20
22277.988666996753
 10
41355.21965044874
 20
22277.988666996753
 10
41271.5017622906
 20
22319.68971777521
  0
LWPOLYLINE
  5
170
330
17
100
AcDbEntity
  8
RASTER_CONTOURS
100
AcDbPolyline
 90
8
 70
1
 10
41020.348097816204
 20
22319.68971777521
 10
40978.489153737144
 20
22194.58656543984
 10
41020.348097816204
 20
22152.885514661382
 10
41020.348097816204
 20
21944.380260769103
 10
41062.20704189528
 20
21944.380260769103
 10
41062.20704189528
 20
22069.48341310447
 10
41145.924930053414
 20
22194.58656543984
 10
41104.06598597434
 20
22277.988666996753
  0
LWPOLYLINE
  5
171
330
17
100
AcDbEntity
  8
RASTER_CONTOURS
100
AcDbPolyline
 90
6
 70
1
 10
28420.80593001707
 20
22277.988666996753
 10
28420.80593001707
 20
22194.58656543984
 10
28504.523818175207
 20
22236.287616218295
 10
28755.677482649608
 20
22236.287616218295
 10
28630.10065041241
 20
22236.287616218295
 10
28462.66487409614
 20
22319.68971777521
  0
LWPOLYLINE
  5
172
330
17
100
AcDbEntity
  8
RASTER_CONTOURS
100
AcDbPolyline
 90
80
 70
1
 10
45834.12666690891
 20
22486.493920889036
 10
45666.69089059264
 20
22403.091819332123
 10
45624.831946513565
 20
22319.68971777521
 10
45499.25511427637
 20
22236.287616218295
 10
45624.831946513565
 20
22152.885514661382
 10
45624.831946513565
 20
22069.48341310447
 10
45499.25511427637
 20
21944.380260769103
 10
45582.973002434504
 20
21860.97815921219
 10
45582.973002434504
 20
21485.668702206087
 10
45499.25511427637
 20
21402.26660064917
 10
44955.088841248486
 20
21402.26660064917
 10
44829.5120090113
 20
21569.070803762992
 10
44829.5120090113
 20
20776.750838972326
 10
44871.37095309035
 20
20776.750838972326
 10
44913.22989716943
 20
20860.15294052924
 10
44829.5120090113
 20
20985.25609286461
 10
44829.5120090113
 20
21277.1634483138
 10
44955.088841248486
 20
21402.26660064917
 10
45499.25511427637
 20
21402.26660064917
 10
45582.973002434504
 20
21277.1634483138
 10
45582.973002434504
 20
20985.25609286461
 10
45541.11405835543
 20
20943.55504208615
 10
45541.11405835543
 20
20818.451889750784
 10
45582.973002434504
 20
20776.750838972326
 10
45582.973002434504
 20
20401.44138196622
 10
45541.11405835543
 20
20359.740331187764
 10
45582.973002434504
 20
20234.637178852397
 10
45582.973002434504
 20
19859.32772184629
 10
45541.11405835543
 20
19817.626671067832
 10
45582.973002434504
 20
19692.52351873246
 10
45582.973002434504
 20
19317.214061726358
 10
45541.11405835543
 20
19275.5130109479
 10
45582.973002434504
 20
18816.801452384883
 10
45499.25511427637
 20
18733.399350827967
 10
45582.973002434504
 20
18608.2961984926
 10
45582.973002434504
 20
18274.68779226495
 10
45457.396170197295
 20
18149.58463992958
 10
45164.38356164383
 20
18149.58463992958
 10
45499.25511427637
 20
18149.58463992958
 10
45582.973002434504
 20
18066.18253837267
 10
45582.973002434504
 20
17732.57413214502
 10
45541.11405835543
 20
17690.87308136656
 10
45582.973002434504
 20
17190.460472025086
 10
45541.11405835543
 20
17107.058370468174
 10
45624.831946513565
 20
16940.254167354346
 10
45541.11405835543
 20
16815.15101501898
 10
45289.960393881025
 20
16815.15101501898
 10
45206.24250572289
 20
16898.553116575895
 10
45164.38356164383
 20
17107.058370468174
 10
45080.665673485695
 20
17107.058370468174
 10
45038.80672940662
 20
16773.449964240524
 10
45541.11405835543
 20
16815.15101501898
 10
45750.408778750774
 20
16523.243659569784
 10
46713.1644925693
 20
16523.243659569784
 10
46755.02343664838
 20
16481.542608791333
 10
46755.02343664838
 20
16356.43945645596
 10
46713.1644925693
 20
16314.738405677503
 10
46796.88238072744
 20
16439.84155801287
 10
46755.02343664838
 20
16481.542608791333
 10
46838.74132480651
 20
16564.94471034824
 10
47173.61287743903
 20
16523.243659569784
 10
47215.47182151811
 20
16648.346811905154
 10
47173.61287743903
 20
16690.047862683612
 10
47173.61287743903
 20
16981.955218132804
 10
46503.86977217398
 20
16981.955218132804
 10
46378.29293993677
 20
17065.357319689716
 10
46378.29293993677
 20
21944.380260769103
 10
46462.0108280949
 20
22027.78236232602
 10
47006.17710112277
 20
22027.78236232602
 10
47048.03604520184
 20
21986.08131154756
 10
47173.61287743903
 20
21986.08131154756
 10
47215.47182151811
 20
22444.79287011058
 10
47173.61287743903
 20
22486.493920889036
 10
47048.03604520184
 20
22486.493920889036
 10
46880.60026888557
 20
22403.091819332123
 10
46796.88238072744
 20
22486.493920889036
 10
46629.44660441117
 20
22486.493920889036
 10
46587.587660332116
 20
22444.79287011058
 10
46001.56244322517
 20
22444.79287011058
 10
45959.7034991461
 20
22486.493920889036
  0
LWPOLYLINE
  5
173
330
17
100
AcDbEntity
  8
RASTER_CONTOURS
100
AcDbPolyline
 90
6
 70
1
 10
9667.998982595107
 20
22736.700225559773
 10
9667.998982595107
 20
22444.79287011058
 10
9709.857926674173
 20
22403.091819332123
 10
9751.71687075324
 20
22444.79287011058
 10
9751.71687075324
 20
22653.298124002857
 10
9709.857926674173
 20
22736.700225559773
  0
LWPOLYLINE
  5
174
330
17
100
AcDbEntity
  8
RASTER_CONTOURS
100
AcDbPolyline
 90
10
 70
1
 10
35034.51909450965
 20
22820.102327116685
 10
35034.51909450965
 20
22778.401276338227
 10
35118.236982667775
 20
22736.700225559773
 10
35118.236982667775
 20
22361.390768553665
 10
34950.80120635151
 20
22236.287616218295
 10
35076.378038588715
 20
22236.287616218295
 10
35118.236982667775
 20
22152.885514661382
 10
35160.09592674684
 20
22236.287616218295
 10
35118.236982667775
 20
22361.390768553665
 10
35118.236982667775
 20
22778.401276338227
  0
LWPOLYLINE
  5
175
330
17
100
AcDbEntity
  8
RASTER_CONTOURS
100
AcDbPolyline
 90
4
 70
1
 10
33485.73816358417
 20
22820.102327116685
 10
34029.904436612036
 20
22820.102327116685
 10
34155.48126884924
 20
22778.401276338227
 10
34113.62232477017
 20
22820.102327116685
  0
LWPOLYLINE
  5
176
330
17
100
AcDbEntity
  8
RASTER_CONTOURS
100
AcDbPolyline
 90
7
 70
1
 10
32397.405617528428
 20
22778.401276338227
 10
32522.98244976563
 20
22778.401276338227
 10
32564.841393844697
 20
22820.102327116685
 10
33025.28977871443
 20
22820.102327116685
 10
33109.00766687257
 20
22778.401276338227
 10
33109.00766687257
 20
22820.102327116685
 10
32439.264561607495
 20
22820.102327116685
  0
LWPOLYLINE
  5
177
330
17
100
AcDbEntity
  8
RASTER_CONTOURS
100
AcDbPolyline
 90
4
 70
1
 10
31518.367791868026
 20
22820.102327116685
 10
31518.367791868026
 20
22778.401276338227
 10
31978.816176737757
 20
22778.401276338227
 10
31978.816176737757
 20
22820.102327116685
  0
LWPOLYLINE
  5
178
330
17
100
AcDbEntity
  8
RASTER_CONTOURS
100
AcDbPolyline
 90
6
 70
1
 10
12891.137676683256
 20
22820.102327116685
 10
12932.996620762324
 20
22736.700225559773
 10
12932.996620762324
 20
22444.79287011058
 10
13016.714508920457
 20
22403.091819332123
 10
13016.714508920457
 20
22111.184463882924
 10
13016.714508920457
 20
22736.700225559773
  0
LWPOLYLINE
  5
179
330
17
100
AcDbEntity
  8
RASTER_CONTOURS
100
AcDbPolyline
 90
11
 70
1
 10
53703.60815377348
 20
22945.205479452055
 10
53787.326041931614
 20
22945.205479452055
 10
53912.9028741688
 20
22820.102327116685
 10
53912.9028741688
 20
17857.67728448039
 10
53829.18498601067
 20
17774.275182923473
 10
53829.18498601067
 20
17565.76992903119
 10
53745.46709785253
 20
17524.068878252736
 10
53619.890265615344
 20
17690.87308136656
 10
53619.890265615344
 20
22403.091819332123
 10
53661.74920969442
 20
22444.79287011058
 10
53619.890265615344
 20
22820.102327116685
  0
LWPOLYLINE
  5
17A
330
17
100
AcDbEntity
  8
RASTER_CONTOURS
100
AcDbPolyline
 90
8
 70
1
 10
18835.107735910755
 20
23112.009682565877
 10
18793.248791831687
 20
23112.009682565877
 10
18793.248791831687
 20
22903.504428673597
 10
18709.530903673556
 20
22778.401276338227
 10
18793.248791831687
 20
22611.597073224402
 10
18918.82562406889
 20
22820.102327116685
 10
18918.82562406889
 20
22945.205479452055
 10
18835.107735910755
 20
22986.906530230513
  0
LWPOLYLINE
  5
17B
330
17
100
AcDbEntity
  8
RASTER_CONTOURS
100
AcDbPolyline
 90
4
 70
1
 10
47215.47182151811
 20
23278.813885679705
 10
47466.62548599251
 20
23237.112834901247
 10
47466.62548599251
 20
23320.51493645816
 10
47257.330765597166
 20
23320.51493645816
  0
LWPOLYLINE
  5
17C
330
17
100
AcDbEntity
  8
RASTER_CONTOURS
100
AcDbPolyline
 90
4
 70
1
 10
46252.716107699576
 20
23320.51493645816
 10
46210.8571636205
 20
23362.215987236617
 10
46001.56244322517
 20
23278.813885679705
 10
46210.8571636205
 20
23237.112834901247
  0
LWPOLYLINE
  5
17D
330
17
100
AcDbEntity
  8
RASTER_CONTOURS
100
AcDbPolyline
 90
8
 70
1
 10
43448.166854402094
 20
23320.51493645816
 10
43490.02579848115
 20
23237.112834901247
 10
43657.46157479742
 20
23237.112834901247
 10
43699.32051887649
 20
23195.41178412279
 10
43866.75629519276
 20
23237.112834901247
 10
43866.75629519276
 20
23320.51493645816
 10
43783.038407034626
 20
23362.215987236617
 10
43490.02579848115
 20
23362.215987236617
  0
LWPOLYLINE
  5
17E
330
17
100
AcDbEntity
  8
RASTER_CONTOURS
100
AcDbPolyline
 90
4
 70
1
 10
44913.22989716943
 20
23403.917038015075
 10
44745.79412085316
 20
23278.813885679705
 10
44913.22989716943
 20
23195.41178412279
 10
44955.088841248486
 20
23278.813885679705
  0
LWPOLYLINE
  5
17F
330
17
100
AcDbEntity
  8
RASTER_CONTOURS
100
AcDbPolyline
 90
6
 70
1
 10
55461.68380509429
 20
23695.824393464267
 10
55545.401693252425
 20
23654.12334268581
 10
55545.401693252425
 20
22611.597073224402
 10
55503.54274917335
 20
22569.89602244595
 10
55377.96591693616
 20
22611.597073224402
 10
55377.96591693616
 20
23612.42229190735
  0
LWPOLYLINE
  5
180
330
17
100
AcDbEntity
  8
RASTER_CONTOURS
100
AcDbPolyline
 90
7
 70
1
 10
14146.905999055263
 20
23654.12334268581
 10
14105.047054976196
 20
23445.61808879353
 10
14146.905999055263
 20
23403.917038015075
 10
14146.905999055263
 20
23278.813885679705
 10
14188.76494313433
 20
23320.51493645816
 10
14230.623887213398
 20
23278.813885679705
 10
14188.76494313433
 20
23654.12334268581
  0
LWPOLYLINE
  5
181
330
17
100
AcDbEntity
  8
RASTER_CONTOURS
100
AcDbPolyline
 90
8
 70
1
 10
55712.837469568694
 20
23737.52544424272
 10
55838.41430180589
 20
23737.52544424272
 10
55922.132189964024
 20
23654.12334268581
 10
55922.132189964024
 20
22611.597073224402
 10
55796.55535772683
 20
22528.194971667486
 10
55712.837469568694
 20
22528.194971667486
 10
55629.11958141056
 20
22611.597073224402
 10
55629.11958141056
 20
23654.12334268581
  0
LWPOLYLINE
  5
182
330
17
100
AcDbEntity
  8
RASTER_CONTOURS
100
AcDbPolyline
 90
14
 70
1
 10
55001.23542022455
 20
23737.52544424272
 10
55294.24802877803
 20
23737.52544424272
 10
55377.96591693616
 20
23570.7212411289
 10
55377.96591693616
 20
22820.102327116685
 10
55336.10697285708
 20
22778.401276338227
 10
55336.10697285708
 20
21694.173956098362
 10
55377.96591693616
 20
21652.472905319908
 10
55377.96591693616
 20
21318.86449909226
 10
55336.10697285708
 20
21277.1634483138
 10
55336.10697285708
 20
21026.957143643067
 10
55210.53014061989
 20
20943.55504208615
 10
55084.95330838268
 20
20943.55504208615
 10
54917.51753206641
 20
21068.658194421525
 10
54917.51753206641
 20
23612.42229190735
  0
LWPOLYLINE
  5
183
330
17
100
AcDbEntity
  8
RASTER_CONTOURS
100
AcDbPolyline
 90
9
 70
1
 10
16197.994258929542
 20
23820.927545799637
 10
16197.994258929542
 20
23779.22649502118
 10
16281.712147087674
 20
23737.52544424272
 10
16281.712147087674
 20
23570.7212411289
 10
16239.853203008608
 20
23529.020190350446
 10
16239.853203008608
 20
23112.009682565877
 10
16281.712147087674
 20
23028.607581008968
 10
16323.571091166741
 20
23153.710733344335
 10
16323.571091166741
 20
23779.22649502118
  0
LWPOLYLINE
  5
184
330
17
100
AcDbEntity
  8
RASTER_CONTOURS
100
AcDbPolyline
 90
8
 70
1
 10
33318.3023872679
 20
24446.44330747648
 10
33360.161331346964
 20
24321.34015514111
 10
33402.02027542603
 20
24404.742256698024
 10
34071.7633806911
 20
24404.742256698024
 10
34155.48126884924
 20
24363.04120591957
 10
34155.48126884924
 20
24446.44330747648
 10
34071.7633806911
 20
24404.742256698024
 10
33402.02027542603
 20
24404.742256698024
  0
LWPOLYLINE
  5
185
330
17
100
AcDbEntity
  8
RASTER_CONTOURS
100
AcDbPolyline
 90
5
 70
1
 10
33150.866610951634
 20
24321.34015514111
 10
33150.866610951634
 20
24446.44330747648
 10
33025.28977871443
 20
24404.742256698024
 10
32690.4182260819
 20
24404.742256698024
 10
33025.28977871443
 20
24404.742256698024
  0
LWPOLYLINE
  5
186
330
17
100
AcDbEntity
  8
RASTER_CONTOURS
100
AcDbPolyline
 90
4
 70
1
 10
40266.887104393005
 20
24571.546459811845
 10
40266.887104393005
 20
24279.639104362654
 10
40266.887104393005
 20
24321.34015514111
 10
40350.60499255114
 20
24363.04120591957
  0
LWPOLYLINE
  5
187
330
17
100
AcDbEntity
  8
RASTER_CONTOURS
100
AcDbPolyline
 90
5
 70
1
 10
25490.67984448239
 20
24613.247510590303
 10
25490.67984448239
 20
24321.34015514111
 10
25532.53878856146
 20
24321.34015514111
 10
25574.397732640526
 20
24404.742256698024
 10
25490.67984448239
 20
24529.845409033394
  0
LWPOLYLINE
  5
188
330
17
100
AcDbEntity
  8
RASTER_CONTOURS
100
AcDbPolyline
 90
9
 70
1
 10
35118.236982667775
 20
24696.649612147216
 10
35076.378038588715
 20
24446.44330747648
 10
35034.51909450965
 20
24404.742256698024
 10
34908.942262272445
 20
24404.742256698024
 10
34992.66015043058
 20
24404.742256698024
 10
35118.236982667775
 20
24279.639104362654
 10
35118.236982667775
 20
24112.834901248832
 10
35118.236982667775
 20
24321.34015514111
 10
35160.09592674684
 20
24363.04120591957
  0
LWPOLYLINE
  5
189
330
17
100
AcDbEntity
  8
RASTER_CONTOURS
100
AcDbPolyline
 90
12
 70
1
 10
52740.85243995494
 20
24780.05171370413
 10
52908.28821627121
 20
24780.05171370413
 10
52950.14716035027
 20
24738.350662925674
 10
52950.14716035027
 20
18191.28569070804
 10
52866.42927219214
 20
18024.48148759421
 10
52740.85243995494
 20
18066.18253837267
 10
52657.13455179681
 20
18191.28569070804
 10
52657.13455179681
 20
24404.742256698024
 10
52740.85243995494
 20
24529.845409033394
 10
52698.99349587587
 20
24571.546459811845
 10
52740.85243995494
 20
24613.247510590303
 10
52698.99349587587
 20
24654.948561368765
  0
LWPOLYLINE
  5
18A
330
17
100
AcDbEntity
  8
RASTER_CONTOURS
100
AcDbPolyline
 90
63
 70
1
 10
52447.83983140146
 20
24780.05171370413
 10
52573.41666363867
 20
24738.350662925674
 10
52573.41666363867
 20
24488.144358254936
 10
52615.27560771773
 20
24446.44330747648
 10
52615.27560771773
 20
23654.12334268581
 10
52657.13455179681
 20
23612.42229190735
 10
52657.13455179681
 20
23070.30863178742
 10
52615.27560771773
 20
23028.607581008968
 10
52615.27560771773
 20
18274.68779226495
 10
52573.41666363867
 20
18149.58463992958
 10
53033.8650485084
 20
17899.378335258843
 10
53201.30082482467
 20
17732.57413214502
 10
53159.44188074562
 20
17148.75942124663
 10
53117.582936666535
 20
17107.058370468174
 10
53117.582936666535
 20
16898.553116575895
 10
52992.00610442935
 20
16481.542608791333
 10
52992.00610442935
 20
16314.738405677503
 10
53033.8650485084
 20
16648.346811905154
 10
53159.44188074562
 20
17065.357319689716
 10
53159.44188074562
 20
17232.161522803544
 10
53201.30082482467
 20
17273.862573582
 10
53243.15976890375
 20
17232.161522803544
 10
53243.15976890375
 20
14271.386917533144
 10
53285.018712982805
 20
14229.685866754691
 10
53243.15976890375
 20
14146.283765197779
 10
53243.15976890375
 20
13770.97430819167
 10
53285.018712982805
 20
13729.273257413217
 10
53285.018712982805
 20
13062.056444957914
 10
53243.15976890375
 20
13020.355394179456
 10
53243.15976890375
 20
12895.252241844088
 10
53285.018712982805
 20
12853.551191065633
 10
53243.15976890375
 20
12394.839632502613
 10
53285.018712982805
 20
12311.437530945701
 10
53243.15976890375
 20
12186.334378610332
 10
53285.018712982805
 20
12144.633327831874
 10
53285.018712982805
 20
12019.530175496508
 10
53201.30082482467
 20
11727.62282004731
 10
53201.30082482467
 20
11185.509159927378
 10
53243.15976890375
 20
11060.406007592013
 10
53159.44188074562
 20
10977.003906035097
 10
52112.96827876893
 20
10977.003906035097
 10
52071.10933468987
 20
11018.704956813555
 10
52071.10933468987
 20
11268.911261484294
 10
52112.96827876893
 20
11310.612312262749
 10
52154.827222848005
 20
11852.725972382681
 10
52112.96827876893
 20
11727.62282004731
 10
52029.250390610796
 20
11769.323870825769
 10
52029.250390610796
 20
17607.47097980965
 10
52071.10933468987
 20
17649.172030588106
 10
52196.686166927066
 20
17398.96572591737
 10
52196.686166927066
 20
17190.460472025086
 10
52322.262999164275
 20
16773.449964240524
 10
52322.262999164275
 20
16606.645761126696
 10
52322.262999164275
 20
16815.15101501898
 10
52280.40405508519
 20
16856.852065797437
 10
52280.40405508519
 20
17065.357319689716
 10
52196.686166927066
 20
17315.563624360457
 10
52071.10933468987
 20
18316.388843043405
 10
52196.686166927066
 20
18358.089893821863
 10
52322.262999164275
 20
18274.68779226495
 10
52405.98088732241
 20
18274.68779226495
 10
52364.12194324333
 20
18316.388843043405
 10
52364.12194324333
 20
24696.649612147216
  0
LWPOLYLINE
  5
18B
330
17
100
AcDbEntity
  8
RASTER_CONTOURS
100
AcDbPolyline
 90
5
 70
1
 10
40057.59238399767
 20
25030.25801837487
 10
39890.1566076814
 20
24946.855916817956
 10
39932.015551760465
 20
24946.855916817956
 10
40057.59238399767
 20
24780.05171370413
 10
40099.451328076735
 20
24905.154866039502
  0
LWPOLYLINE
  5
18C
330
17
100
AcDbEntity
  8
RASTER_CONTOURS
100
AcDbPolyline
 90
5
 70
1
 10
38132.080956360594
 20
24905.154866039502
 10
38090.22201228153
 20
25030.25801837487
 10
38006.50412412339
 20
24946.855916817956
 10
37922.78623596526
 20
24946.855916817956
 10
38090.22201228153
 20
24863.45381526104
  0
LWPOLYLINE
  5
18D
330
17
100
AcDbEntity
  8
RASTER_CONTOURS
100
AcDbPolyline
 90
7
 70
1
 10
34322.91704516551
 20
24780.05171370413
 10
34448.4938774027
 20
24946.855916817956
 10
34615.92965371897
 20
24946.855916817956
 10
34448.4938774027
 20
24946.855916817956
 10
34322.91704516551
 20
25030.25801837487
 10
34322.91704516551
 20
24863.45381526104
 10
34364.77598924457
 20
24821.752764482586
  0
LWPOLYLINE
  5
18E
330
17
100
AcDbEntity
  8
RASTER_CONTOURS
100
AcDbPolyline
 90
5
 70
1
 10
33360.161331346964
 20
25030.25801837487
 10
33360.161331346964
 20
24905.154866039502
 10
33402.02027542603
 20
24946.855916817956
 10
33904.32760437484
 20
24946.855916817956
 10
33402.02027542603
 20
24946.855916817956
  0
LWPOLYLINE
  5
18F
330
17
100
AcDbEntity
  8
RASTER_CONTOURS
100
AcDbPolyline
 90
5
 70
1
 10
33150.866610951634
 20
25030.25801837487
 10
33025.28977871443
 20
24946.855916817956
 10
32564.841393844697
 20
24946.855916817956
 10
33025.28977871443
 20
24946.855916817956
 10
33150.866610951634
 20
24905.154866039502
  0
LWPOLYLINE
  5
190
330
17
100
AcDbEntity
  8
RASTER_CONTOURS
100
AcDbPolyline
 90
10
 70
1
 10
29425.420587914683
 20
25030.25801837487
 10
29425.420587914683
 20
24905.154866039502
 10
29550.997420151878
 20
24946.855916817956
 10
29927.72791686348
 20
24905.154866039502
 10
30011.445805021616
 20
24946.855916817956
 10
30178.881581337882
 20
24821.752764482586
 10
30178.881581337882
 20
24946.855916817956
 10
30137.02263725882
 20
24988.55696759641
 10
30095.16369317975
 20
24946.855916817956
 10
29509.13847607281
 20
24946.855916817956
  0
LWPOLYLINE
  5
191
330
17
100
AcDbEntity
  8
RASTER_CONTOURS
100
AcDbPolyline
 90
5
 70
1
 10
29216.125867519346
 20
24863.45381526104
 10
29216.125867519346
 20
25030.25801837487
 10
29090.549035282143
 20
24946.855916817956
 10
28755.677482649608
 20
24946.855916817956
 10
29048.69009120308
 20
24946.855916817956
  0
LWPOLYLINE
  5
192
330
17
100
AcDbEntity
  8
RASTER_CONTOURS
100
AcDbPolyline
 90
9
 70
1
 10
31183.49623923549
 20
24946.855916817956
 10
31141.637295156423
 20
25071.959069153327
 10
31057.919406998288
 20
24946.855916817956
 10
30932.342574761085
 20
24946.855916817956
 10
30890.483630682018
 20
24905.154866039502
 10
30388.17630173322
 20
24988.55696759641
 10
30388.17630173322
 20
24905.154866039502
 10
31099.778351077355
 20
24905.154866039502
 10
31141.637295156423
 20
24863.45381526104
  0
LWPOLYLINE
  5
193
330
17
100
AcDbEntity
  8
RASTER_CONTOURS
100
AcDbPolyline
 90
2
 70
1
 10
14230.623887213398
 20
25071.959069153327
 10
14565.495439845932
 20
25071.959069153327
  0
LWPOLYLINE
  5
194
330
17
100
AcDbEntity
  8
RASTER_CONTOURS
100
AcDbPolyline
 90
149
 70
1
 10
52112.96827876893
 20
25363.86642460252
 10
52029.250390610796
 20
25238.763272267148
 10
52029.250390610796
 20
24738.350662925674
 10
51819.955670215466
 20
24488.144358254936
 10
51819.955670215466
 20
22653.298124002857
 10
51652.519893899196
 20
22569.89602244595
 10
51610.66094982012
 20
22486.493920889036
 10
51610.66094982012
 20
22236.287616218295
 10
51819.955670215466
 20
22111.184463882924
 10
51819.955670215466
 20
18191.28569070804
 10
51610.66094982012
 20
18066.18253837267
 10
51610.66094982012
 20
17815.97623370193
 10
51819.955670215466
 20
17690.87308136656
 10
51819.955670215466
 20
13437.36590196402
 10
51610.66094982012
 20
13312.26274962865
 10
51610.66094982012
 20
13020.355394179456
 10
51819.955670215466
 20
12895.252241844088
 10
51819.955670215466
 20
10893.601804478187
 10
51861.814614294526
 20
10810.199702921274
 10
53075.72399258748
 20
10810.199702921274
 10
53201.30082482467
 20
10768.498652142816
 10
53285.018712982805
 20
10643.395499807451
 10
53285.018712982805
 20
10142.982890465972
 10
53410.595545220014
 20
9976.178687352149
 10
53452.454489299074
 20
9976.178687352149
 10
53578.031321536284
 20
10142.982890465972
 10
53578.031321536284
 20
10393.189195136712
 10
53745.46709785253
 20
10518.292347472081
 10
53619.890265615344
 20
10685.096550585904
 10
53619.890265615344
 20
12895.252241844088
 10
53578.031321536284
 20
12936.953292622546
 10
53578.031321536284
 20
13062.056444957914
 10
53619.890265615344
 20
13103.757495736369
 10
53619.890265615344
 20
13896.07746052704
 10
53578.031321536284
 20
13937.778511305498
 10
53619.890265615344
 20
14021.18061286241
 10
53619.890265615344
 20
14980.304780766905
 10
53578.031321536284
 20
15022.005831545357
 10
53619.890265615344
 20
15105.407933102273
 10
53619.890265615344
 20
17440.666776695827
 10
53703.60815377348
 20
17524.068878252736
 10
53745.46709785253
 20
17524.068878252736
 10
53912.9028741688
 20
17315.563624360457
 10
53912.9028741688
 20
15313.913186994556
 10
53871.04393008974
 20
15272.212136216098
 10
53912.9028741688
 20
15188.810034659185
 10
53912.9028741688
 20
11060.406007592013
 10
53912.9028741688
 20
14813.500577653076
 10
53954.76181824788
 20
14855.201628431534
 10
53954.76181824788
 20
15022.005831545357
 10
53912.9028741688
 20
15063.706882323815
 10
53954.76181824788
 20
15147.108983880727
 10
53954.76181824788
 20
15397.315288551466
 10
53912.9028741688
 20
15439.01633932992
 10
53912.9028741688
 20
15981.129999449853
 10
53954.76181824788
 20
16022.831050228311
 10
53954.76181824788
 20
16940.254167354346
 10
53912.9028741688
 20
16981.955218132804
 10
53912.9028741688
 20
17232.161522803544
 10
53996.62076232694
 20
17357.26467513891
 10
53954.76181824788
 20
17440.666776695827
 10
53996.62076232694
 20
17732.57413214502
 10
53912.9028741688
 20
17982.780436815752
 10
53954.76181824788
 20
18232.986741486493
 10
53912.9028741688
 20
18274.68779226495
 10
53954.76181824788
 20
18358.089893821863
 10
53954.76181824788
 20
18816.801452384883
 10
53912.9028741688
 20
18858.502503163338
 10
53954.76181824788
 20
18941.904604720246
 10
53954.76181824788
 20
20985.25609286461
 10
53912.9028741688
 20
21026.957143643067
 10
53954.76181824788
 20
21110.359245199976
 10
53954.76181824788
 20
21610.771854541457
 10
53912.9028741688
 20
21652.472905319908
 10
53912.9028741688
 20
22111.184463882924
 10
53954.76181824788
 20
22152.885514661382
 10
53954.76181824788
 20
22861.803377895143
 10
54038.47970640601
 20
22945.205479452055
 10
54122.197594564146
 20
22945.205479452055
 10
54205.91548272228
 20
22861.803377895143
 10
54205.91548272228
 20
17398.96572591737
 10
54080.33865048507
 20
17315.563624360457
 10
54205.91548272228
 20
17190.460472025086
 10
54205.91548272228
 20
11435.715464598117
 10
54247.77442680134
 20
11394.014413819665
 10
54205.91548272228
 20
11352.313363041207
 10
54205.91548272228
 20
11018.704956813555
 10
54247.77442680134
 20
10893.601804478187
 10
54205.91548272228
 20
10851.900753699732
 10
54205.91548272228
 20
10601.694449028993
 10
54122.197594564146
 20
10559.993398250535
 10
54122.197594564146
 20
10518.292347472081
 10
54247.77442680134
 20
10434.89024591517
 10
54289.633370880416
 20
10059.580788909061
 10
54373.35125903855
 20
9976.178687352149
 10
54457.069147196686
 20
10017.879738130603
 10
54582.64597943387
 20
10184.68394124443
 10
54582.64597943387
 20
10601.694449028993
 10
54540.78703535482
 20
10643.395499807451
 10
54540.78703535482
 20
10977.003906035097
 10
54582.64597943387
 20
11018.704956813555
 10
54582.64597943387
 20
11560.818616933488
 10
54540.78703535482
 20
11602.519667711946
 10
54540.78703535482
 20
12061.231226274962
 10
54582.64597943387
 20
12102.93227705342
 10
54540.78703535482
 20
12186.334378610332
 10
54540.78703535482
 20
12519.942784837982
 10
54582.64597943387
 20
12561.64383561644
 10
54540.78703535482
 20
12686.746987951805
 10
54540.78703535482
 20
16898.553116575895
 10
54624.504923512955
 20
17023.65626891126
 10
54540.78703535482
 20
17190.460472025086
 10
54540.78703535482
 20
18232.986741486493
 10
54582.64597943387
 20
18274.68779226495
 10
54582.64597943387
 20
19734.22456951092
 10
54540.78703535482
 20
19775.925620289378
 10
54540.78703535482
 20
20401.44138196622
 10
54582.64597943387
 20
20443.142432744677
 10
54582.64597943387
 20
21485.668702206087
 10
54540.78703535482
 20
21527.36975298454
 10
54582.64597943387
 20
23070.30863178742
 10
54540.78703535482
 20
23112.009682565877
 10
54540.78703535482
 20
23403.917038015075
 10
54457.069147196686
 20
23487.319139571984
 10
54331.492314959476
 20
23487.319139571984
 10
54289.633370880416
 20
23445.61808879353
 10
54289.633370880416
 20
23195.41178412279
 10
54164.056538643206
 20
22986.906530230513
 10
54038.47970640601
 20
22986.906530230513
 10
53996.62076232694
 20
23028.607581008968
 10
53703.60815377348
 20
22986.906530230513
 10
53661.74920969442
 20
23070.30863178742
 10
53578.031321536284
 20
23112.009682565877
 10
53536.17237745721
 20
23445.61808879353
 10
53494.31343337815
 20
23487.319139571984
 10
53368.73660114094
 20
23487.319139571984
 10
53285.018712982805
 20
23570.7212411289
 10
53285.018712982805
 20
24446.44330747648
 10
53243.15976890375
 20
24488.144358254936
 10
53285.018712982805
 20
24529.845409033394
 10
53285.018712982805
 20
25238.763272267148
 10
53159.44188074562
 20
25363.86642460252
 10
53075.72399258748
 20
25363.86642460252
 10
52992.00610442935
 20
24946.855916817956
 10
52866.42927219214
 20
24821.752764482586
 10
52447.83983140146
 20
24821.752764482586
 10
52280.40405508519
 20
25071.959069153327
 10
52280.40405508519
 20
25280.464323045606
 10
52196.686166927066
 20
25363.86642460252
  0
LWPOLYLINE
  5
195
330
17
100
AcDbEntity
  8
RASTER_CONTOURS
100
AcDbPolyline
 90
8
 70
1
 10
42736.56480505794
 20
25488.96957693789
 10
42652.846916899805
 20
25363.86642460252
 10
42652.846916899805
 20
25155.361170710235
 10
42569.12902874168
 20
25071.959069153327
 10
42820.282693216075
 20
25071.959069153327
 10
42778.42374913702
 20
25155.361170710235
 10
42778.42374913702
 20
25280.464323045606
 10
42820.282693216075
 20
25322.165373824064
  0
LWPOLYLINE
  5
196
330
17
100
AcDbEntity
  8
RASTER_CONTOURS
100
AcDbPolyline
 90
2
 70
1
 10
38592.52934123033
 20
25488.96957693789
 10
38927.40089386286
 20
25488.96957693789
  0
LWPOLYLINE
  5
197
330
17
100
AcDbEntity
  8
RASTER_CONTOURS
100
AcDbPolyline
 90
6
 70
1
 10
47089.894989280896
 20
25572.3716784948
 10
47131.75393335998
 20
25530.670627716343
 10
47131.75393335998
 20
25322.165373824064
 10
47048.03604520184
 20
25280.464323045606
 10
47006.17710112277
 20
25322.165373824064
 10
47006.17710112277
 20
25447.26852615943
  0
LWPOLYLINE
  5
198
330
17
100
AcDbEntity
  8
RASTER_CONTOURS
100
AcDbPolyline
 90
5
 70
1
 10
36122.851640565386
 20
25447.26852615943
 10
36122.851640565386
 20
25530.670627716343
 10
35997.274808328184
 20
25488.96957693789
 10
35578.68536753751
 20
25488.96957693789
 10
36080.99269648632
 20
25488.96957693789
  0
LWPOLYLINE
  5
199
330
17
100
AcDbEntity
  8
RASTER_CONTOURS
100
AcDbPolyline
 90
6
 70
1
 10
36332.146360960716
 20
25530.670627716343
 10
36332.146360960716
 20
25447.26852615943
 10
36415.86424911885
 20
25488.96957693789
 10
36750.73580175138
 20
25488.96957693789
 10
36457.72319319792
 20
25488.96957693789
 10
36374.005305039784
 20
25572.3716784948
  0
LWPOLYLINE
  5
19A
330
17
100
AcDbEntity
  8
RASTER_CONTOURS
100
AcDbPolyline
 90
5
 70
1
 10
31350.932015551756
 20
25572.3716784948
 10
31392.790959630824
 20
25363.86642460252
 10
31476.50884778896
 20
25488.96957693789
 10
31685.803568184292
 20
25488.96957693789
 10
31476.50884778896
 20
25488.96957693789
  0
LWPOLYLINE
  5
19B
330
17
100
AcDbEntity
  8
RASTER_CONTOURS
100
AcDbPolyline
 90
9
 70
1
 10
27458.050216198535
 20
25572.3716784948
 10
27458.050216198535
 20
25447.26852615943
 10
27541.76810435667
 20
25488.96957693789
 10
28127.793321463607
 20
25488.96957693789
 10
28211.51120962174
 20
25363.86642460252
 10
28253.37015370081
 20
25488.96957693789
 10
28211.51120962174
 20
25572.3716784948
 10
28127.793321463607
 20
25488.96957693789
 10
27583.627048435734
 20
25488.96957693789
  0
LWPOLYLINE
  5
19C
330
17
100
AcDbEntity
  8
RASTER_CONTOURS
100
AcDbPolyline
 90
5
 70
1
 10
34155.48126884924
 20
25614.07272927326
 10
34071.7633806911
 20
25488.96957693789
 10
33862.46866029577
 20
25488.96957693789
 10
34071.7633806911
 20
25488.96957693789
 10
34155.48126884924
 20
25447.26852615943
  0
LWPOLYLINE
  5
19D
330
17
100
AcDbEntity
  8
RASTER_CONTOURS
100
AcDbPolyline
 90
10
 70
1
 10
29383.561643835616
 20
25488.96957693789
 10
29425.420587914683
 20
25405.567475380973
 10
29550.997420151878
 20
25488.96957693789
 10
30053.304749100684
 20
25488.96957693789
 10
30178.881581337882
 20
25447.26852615943
 10
30178.881581337882
 20
25530.670627716343
 10
30053.304749100684
 20
25488.96957693789
 10
29550.997420151878
 20
25488.96957693789
 10
29467.27953199375
 20
25530.670627716343
 10
29425.420587914683
 20
25614.07272927326
  0
LWPOLYLINE
  5
19E
330
17
100
AcDbEntity
  8
RASTER_CONTOURS
100
AcDbPolyline
 90
5
 70
1
 10
38090.22201228153
 20
25655.77378005171
 10
38090.22201228153
 20
25572.3716784948
 10
37922.78623596526
 20
25488.96957693789
 10
38090.22201228153
 20
25447.26852615943
 10
38132.080956360594
 20
25488.96957693789
  0
LWPOLYLINE
  5
19F
330
17
100
AcDbEntity
  8
RASTER_CONTOURS
100
AcDbPolyline
 90
7
 70
1
 10
24276.77046618945
 20
25655.77378005171
 10
24276.77046618945
 20
25572.3716784948
 10
24193.05257803132
 20
25488.96957693789
 10
24109.334689873183
 20
25488.96957693789
 10
24193.05257803132
 20
25488.96957693789
 10
24276.77046618945
 20
25405.567475380973
 10
24276.77046618945
 20
25322.165373824064
  0
LWPOLYLINE
  5
1A0
330
17
100
AcDbEntity
  8
RASTER_CONTOURS
100
AcDbPolyline
 90
10
 70
1
 10
32355.546673449364
 20
25697.474830830168
 10
32355.546673449364
 20
25447.26852615943
 10
32439.264561607495
 20
25488.96957693789
 10
33067.1487227935
 20
25488.96957693789
 10
33150.866610951634
 20
25447.26852615943
 10
33109.00766687257
 20
25572.3716784948
 10
32983.430834635365
 20
25488.96957693789
 10
32481.123505686563
 20
25488.96957693789
 10
32397.405617528428
 20
25572.3716784948
 10
32397.405617528428
 20
25697.474830830168
  0
LWPOLYLINE
  5
1A1
330
17
100
AcDbEntity
  8
RASTER_CONTOURS
100
AcDbPolyline
 90
11
 70
1
 10
31183.49623923549
 20
25572.3716784948
 10
31141.637295156423
 20
25697.474830830168
 10
31141.637295156423
 20
25572.3716784948
 10
31057.919406998288
 20
25488.96957693789
 10
30513.753133970422
 20
25488.96957693789
 10
30388.17630173322
 20
25530.670627716343
 10
30388.17630173322
 20
25447.26852615943
 10
30471.894189891354
 20
25488.96957693789
 10
31057.919406998288
 20
25488.96957693789
 10
31141.637295156423
 20
25405.567475380973
 10
31141.637295156423
 20
25280.464323045606
  0
LWPOLYLINE
  5
1A2
330
17
100
AcDbEntity
  8
RASTER_CONTOURS
100
AcDbPolyline
 90
8
 70
1
 10
29216.125867519346
 20
25697.474830830168
 10
29090.549035282143
 20
25488.96957693789
 10
28546.382762254274
 20
25488.96957693789
 10
28420.80593001707
 20
25530.670627716343
 10
28420.80593001707
 20
25447.26852615943
 10
28504.523818175207
 20
25488.96957693789
 10
29132.40797936121
 20
25488.96957693789
 10
29216.125867519346
 20
25447.26852615943
  0
LWPOLYLINE
  5
1A3
330
17
100
AcDbEntity
  8
RASTER_CONTOURS
100
AcDbPolyline
 90
24
 70
1
 10
45415.537226118235
 20
25697.474830830168
 10
45499.25511427637
 20
25780.87693238708
 10
45624.831946513565
 20
25780.87693238708
 10
45708.54983467169
 20
25697.474830830168
 10
45708.54983467169
 20
25447.26852615943
 10
45666.69089059264
 20
25405.567475380973
 10
45666.69089059264
 20
24529.845409033394
 10
45750.408778750774
 20
24488.144358254936
 10
46964.31815704371
 20
24488.144358254936
 10
47089.894989280896
 20
24654.948561368765
 10
47131.75393335998
 20
24613.247510590303
 10
47131.75393335998
 20
24321.34015514111
 10
47048.03604520184
 20
24237.9380535842
 10
46838.74132480651
 20
24237.9380535842
 10
46796.88238072744
 20
24279.639104362654
 10
46755.02343664838
 20
24237.9380535842
 10
45624.831946513565
 20
24237.9380535842
 10
45582.973002434504
 20
24279.639104362654
 10
45499.25511427637
 20
24237.9380535842
 10
45415.537226118235
 20
24404.742256698024
 10
45457.396170197295
 20
24488.144358254936
 10
45415.537226118235
 20
24571.546459811845
 10
45457.396170197295
 20
24696.649612147216
 10
45415.537226118235
 20
24821.752764482586
  0
LWPOLYLINE
  5
1A4
330
17
100
AcDbEntity
  8
RASTER_CONTOURS
100
AcDbPolyline
 90
5
 70
1
 10
33318.3023872679
 20
25780.87693238708
 10
33318.3023872679
 20
25447.26852615943
 10
33569.4560517423
 20
25488.96957693789
 10
33443.8792195051
 20
25488.96957693789
 10
33360.161331346964
 20
25572.3716784948
  0
LWPOLYLINE
  5
1A5
330
17
100
AcDbEntity
  8
RASTER_CONTOURS
100
AcDbPolyline
 90
5
 70
1
 10
27248.755495803198
 20
25780.87693238708
 10
27248.755495803198
 20
25614.07272927326
 10
27123.178663566003
 20
25488.96957693789
 10
27248.755495803198
 20
25405.567475380973
 10
27248.755495803198
 20
25238.763272267148
  0
LWPOLYLINE
  5
1A6
330
17
100
AcDbEntity
  8
RASTER_CONTOURS
100
AcDbPolyline
 90
2
 70
1
 10
22602.412703026777
 20
25905.98008472245
 10
22602.412703026777
 20
25530.670627716343
  0
LWPOLYLINE
  5
1A7
330
17
100
AcDbEntity
  8
RASTER_CONTOURS
100
AcDbPolyline
 90
8
 70
1
 10
37294.90207477926
 20
26031.08323705782
 10
37336.76101885833
 20
25989.382186279363
 10
37462.33785109552
 20
26031.08323705782
 10
37839.06834780712
 20
26031.08323705782
 10
37629.77362741179
 20
26031.08323705782
 10
37587.914683332725
 20
26072.784287836275
 10
37504.19679517459
 20
26031.08323705782
 10
37336.76101885833
 20
26114.485338614733
  0
LWPOLYLINE
  5
1A8
330
17
100
AcDbEntity
  8
RASTER_CONTOURS
100
AcDbPolyline
 90
9
 70
1
 10
31350.932015551756
 20
26072.784287836275
 10
31350.932015551756
 20
25989.382186279363
 10
31476.50884778896
 20
26031.08323705782
 10
32062.53406489589
 20
26031.08323705782
 10
32146.251953054027
 20
25989.382186279363
 10
32146.251953054027
 20
26114.485338614733
 10
32020.675120816824
 20
26031.08323705782
 10
31518.367791868026
 20
26031.08323705782
 10
31392.790959630824
 20
26114.485338614733
  0
LWPOLYLINE
  5
1A9
330
17
100
AcDbEntity
  8
RASTER_CONTOURS
100
AcDbPolyline
 90
5
 70
1
 10
24234.911522110386
 20
26114.485338614733
 10
24193.05257803132
 20
26031.08323705782
 10
24276.77046618945
 20
25947.681135500905
 10
24276.77046618945
 20
25864.279033943996
 10
24276.77046618945
 20
26114.485338614733
  0
LWPOLYLINE
  5
1AA
330
17
100
AcDbEntity
  8
RASTER_CONTOURS
100
AcDbPolyline
 90
6
 70
1
 10
38090.22201228153
 20
26156.18638939319
 10
37964.645180044325
 20
26072.784287836275
 10
37964.645180044325
 20
26031.08323705782
 10
38090.22201228153
 20
25947.681135500905
 10
38090.22201228153
 20
25864.279033943996
 10
38132.080956360594
 20
25989.382186279363
  0
LWPOLYLINE
  5
1AB
330
17
100
AcDbEntity
  8
RASTER_CONTOURS
100
AcDbPolyline
 90
9
 70
1
 10
36332.146360960716
 20
26114.485338614733
 10
36332.146360960716
 20
25989.382186279363
 10
36457.72319319792
 20
26031.08323705782
 10
37043.748410304855
 20
26031.08323705782
 10
37127.46629846299
 20
25989.382186279363
 10
37085.60735438392
 20
26114.485338614733
 10
36960.03052214672
 20
26031.08323705782
 10
36499.582137276986
 20
26031.08323705782
 10
36374.005305039784
 20
26156.18638939319
  0
LWPOLYLINE
  5
1AC
330
17
100
AcDbEntity
  8
RASTER_CONTOURS
100
AcDbPolyline
 90
10
 70
1
 10
32355.546673449364
 20
26156.18638939319
 10
32355.546673449364
 20
25989.382186279363
 10
32439.264561607495
 20
26031.08323705782
 10
33067.1487227935
 20
26031.08323705782
 10
33150.866610951634
 20
25989.382186279363
 10
33192.7255550307
 20
26031.08323705782
 10
33150.866610951634
 20
26156.18638939319
 10
32983.430834635365
 20
26031.08323705782
 10
32481.123505686563
 20
26031.08323705782
 10
32397.405617528428
 20
26156.18638939319
  0
LWPOLYLINE
  5
1AD
330
17
100
AcDbEntity
  8
RASTER_CONTOURS
100
AcDbPolyline
 90
10
 70
1
 10
35285.672758984045
 20
26031.08323705782
 10
35327.53170306311
 20
25905.98008472245
 10
35411.24959122125
 20
26031.08323705782
 10
35997.274808328184
 20
26031.08323705782
 10
36122.851640565386
 20
25989.382186279363
 10
36122.851640565386
 20
26156.18638939319
 10
35913.55692017005
 20
26031.08323705782
 10
35453.10853530031
 20
26031.08323705782
 10
35327.53170306311
 20
26197.887440171642
 10
35327.53170306311
 20
26072.784287836275
  0
LWPOLYLINE
  5
1AE
330
17
100
AcDbEntity
  8
RASTER_CONTOURS
100
AcDbPolyline
 90
13
 70
1
 10
34197.340212928306
 20
26031.08323705782
 10
34155.48126884924
 20
26072.784287836275
 10
34155.48126884924
 20
26197.887440171642
 10
34029.904436612036
 20
26031.08323705782
 10
33485.73816358417
 20
26031.08323705782
 10
33318.3023872679
 20
26156.18638939319
 10
33360.161331346964
 20
26114.485338614733
 10
33318.3023872679
 20
26072.784287836275
 10
33318.3023872679
 20
25947.681135500905
 10
33360.161331346964
 20
25947.681135500905
 10
33402.02027542603
 20
26031.08323705782
 10
34029.904436612036
 20
26031.08323705782
 10
34155.48126884924
 20
25905.98008472245
  0
LWPOLYLINE
  5
1AF
330
17
100
AcDbEntity
  8
RASTER_CONTOURS
100
AcDbPolyline
 90
12
 70
1
 10
29383.561643835616
 20
26031.08323705782
 10
29425.420587914683
 20
25989.382186279363
 10
29509.13847607281
 20
26031.08323705782
 10
30053.304749100684
 20
26031.08323705782
 10
30178.881581337882
 20
25989.382186279363
 10
30220.74052541695
 20
26031.08323705782
 10
30178.881581337882
 20
26072.784287836275
 10
30053.304749100684
 20
26031.08323705782
 10
29509.13847607281
 20
26031.08323705782
 10
29425.420587914683
 20
26114.485338614733
 10
29425.420587914683
 20
26197.887440171642
 10
29425.420587914683
 20
26072.784287836275
  0
LWPOLYLINE
  5
1B0
330
17
100
AcDbEntity
  8
RASTER_CONTOURS
100
AcDbPolyline
 90
6
 70
1
 10
29216.125867519346
 20
26197.887440171642
 10
29090.549035282143
 20
26031.08323705782
 10
28923.113258965877
 20
26031.08323705782
 10
29132.40797936121
 20
26031.08323705782
 10
29174.26692344028
 20
25947.681135500905
 10
29216.125867519346
 20
25947.681135500905
  0
LWPOLYLINE
  5
1B1
330
17
100
AcDbEntity
  8
RASTER_CONTOURS
100
AcDbPolyline
 90
12
 70
1
 10
31183.49623923549
 20
26156.18638939319
 10
31141.637295156423
 20
26281.289541728558
 10
31141.637295156423
 20
26156.18638939319
 10
31016.06046291922
 20
26031.08323705782
 10
30471.894189891354
 20
26031.08323705782
 10
30430.035245812287
 20
26072.784287836275
 10
30346.317357654152
 20
26031.08323705782
 10
30388.17630173322
 20
25947.681135500905
 10
30513.753133970422
 20
26031.08323705782
 10
31057.919406998288
 20
26031.08323705782
 10
31141.637295156423
 20
25947.681135500905
 10
31183.49623923549
 20
25989.382186279363
  0
LWPOLYLINE
  5
1B2
330
17
100
AcDbEntity
  8
RASTER_CONTOURS
100
AcDbPolyline
 90
4
 70
1
 10
27458.050216198535
 20
26281.289541728558
 10
27458.050216198535
 20
25989.382186279363
 10
27541.76810435667
 20
26031.08323705782
 10
27458.050216198535
 20
26114.485338614733
  0
LWPOLYLINE
  5
1B3
330
17
100
AcDbEntity
  8
RASTER_CONTOURS
100
AcDbPolyline
 90
4
 70
1
 10
39052.97772610006
 20
26364.691643285467
 10
39052.97772610006
 20
26114.485338614733
 10
39011.118782020996
 20
26031.08323705782
 10
39094.83667017913
 20
25989.382186279363
  0
LWPOLYLINE
  5
1B4
330
17
100
AcDbEntity
  8
RASTER_CONTOURS
100
AcDbPolyline
 90
6
 70
1
 10
33150.866610951634
 20
26656.598998734666
 10
32815.9950583191
 20
26614.897947956208
 10
32774.136114240035
 20
26573.196897177753
 10
32690.4182260819
 20
26614.897947956208
 10
32522.98244976563
 20
26573.196897177753
 10
33150.866610951634
 20
26573.196897177753
  0
LWPOLYLINE
  5
1B5
330
17
100
AcDbEntity
  8
RASTER_CONTOURS
100
AcDbPolyline
 90
11
 70
1
 10
31183.49623923549
 20
26656.598998734666
 10
31016.06046291922
 20
26573.196897177753
 10
30974.201518840153
 20
26614.897947956208
 10
30848.624686602954
 20
26573.196897177753
 10
30513.753133970422
 20
26573.196897177753
 10
30388.17630173322
 20
26614.897947956208
 10
30346.317357654152
 20
26573.196897177753
 10
30388.17630173322
 20
26531.495846399295
 10
30471.894189891354
 20
26573.196897177753
 10
31057.919406998288
 20
26573.196897177753
 10
31183.49623923549
 20
26531.495846399295
  0
LWPOLYLINE
  5
1B6
330
17
100
AcDbEntity
  8
RASTER_CONTOURS
100
AcDbPolyline
 90
8
 70
1
 10
29383.561643835616
 20
26614.897947956208
 10
29425.420587914683
 20
26573.196897177753
 10
30095.16369317975
 20
26573.196897177753
 10
30137.02263725882
 20
26531.495846399295
 10
30178.881581337882
 20
26614.897947956208
 10
30053.304749100684
 20
26573.196897177753
 10
29550.997420151878
 20
26573.196897177753
 10
29425.420587914683
 20
26656.598998734666
  0
LWPOLYLINE
  5
1B7
330
17
100
AcDbEntity
  8
RASTER_CONTOURS
100
AcDbPolyline
 90
6
 70
1
 10
29216.125867519346
 20
26656.598998734666
 10
28964.972203044945
 20
26573.196897177753
 10
28923.113258965877
 20
26614.897947956208
 10
28881.25431488681
 20
26573.196897177753
 10
29132.40797936121
 20
26573.196897177753
 10
29216.125867519346
 20
26531.495846399295
  0
LWPOLYLINE
  5
1B8
330
17
100
AcDbEntity
  8
RASTER_CONTOURS
100
AcDbPolyline
 90
5
 70
1
 10
38090.22201228153
 20
26531.495846399295
 10
38090.22201228153
 20
26698.300049513124
 10
38006.50412412339
 20
26614.897947956208
 10
37629.77362741179
 20
26614.897947956208
 10
37922.78623596526
 20
26614.897947956208
  0
LWPOLYLINE
  5
1B9
330
17
100
AcDbEntity
  8
RASTER_CONTOURS
100
AcDbPolyline
 90
5
 70
1
 10
37336.76101885833
 20
26698.300049513124
 10
37336.76101885833
 20
26531.495846399295
 10
37462.33785109552
 20
26614.897947956208
 10
37546.05573925366
 20
26614.897947956208
 10
37420.478907016455
 20
26614.897947956208
  0
LWPOLYLINE
  5
1BA
330
17
100
AcDbEntity
  8
RASTER_CONTOURS
100
AcDbPolyline
 90
10
 70
1
 10
31350.932015551756
 20
26698.300049513124
 10
31350.932015551756
 20
26573.196897177753
 10
31392.790959630824
 20
26531.495846399295
 10
31434.64990370989
 20
26573.196897177753
 10
32062.53406489589
 20
26573.196897177753
 10
32146.251953054027
 20
26489.794795620837
 10
32146.251953054027
 20
26656.598998734666
 10
32062.53406489589
 20
26614.897947956208
 10
31434.64990370989
 20
26614.897947956208
 10
31392.790959630824
 20
26698.300049513124
  0
LWPOLYLINE
  5
1BB
330
17
100
AcDbEntity
  8
RASTER_CONTOURS
100
AcDbPolyline
 90
5
 70
1
 10
40266.887104393005
 20
26865.104252626945
 10
40266.887104393005
 20
26531.495846399295
 10
40308.74604847207
 20
26531.495846399295
 10
40350.60499255114
 20
26614.897947956208
 10
40266.887104393005
 20
26740.001100291574
  0
LWPOLYLINE
  5
1BC
330
17
100
AcDbEntity
  8
RASTER_CONTOURS
100
AcDbPolyline
 90
7
 70
1
 10
39304.13139057447
 20
26865.104252626945
 10
39304.13139057447
 20
26531.495846399295
 10
39345.990334653536
 20
26531.495846399295
 10
39387.8492787326
 20
26614.897947956208
 10
39513.426110969805
 20
26614.897947956208
 10
39387.8492787326
 20
26614.897947956208
 10
39304.13139057447
 20
26698.300049513124
  0
LWPOLYLINE
  5
1BD
330
17
100
AcDbEntity
  8
RASTER_CONTOURS
100
AcDbPolyline
 90
4
 70
1
 10
48094.50964717851
 20
26906.8053034054
 10
47968.93281494132
 20
26865.104252626945
 10
47424.766541913436
 20
26865.104252626945
 10
48094.50964717851
 20
26865.104252626945
  0
LWPOLYLINE
  5
1BE
330
17
100
AcDbEntity
  8
RASTER_CONTOURS
100
AcDbPolyline
 90
5
 70
1
 10
39052.97772610006
 20
26948.506354183857
 10
39052.97772610006
 20
26656.598998734666
 10
38969.25983794193
 20
26614.897947956208
 10
39094.83667017913
 20
26448.093744842383
 10
39094.83667017913
 20
26865.104252626945
  0
LWPOLYLINE
  5
1BF
330
17
100
AcDbEntity
  8
RASTER_CONTOURS
100
AcDbPolyline
 90
7
 70
1
 10
27248.755495803198
 20
27031.90845574077
 10
27248.755495803198
 20
26698.300049513124
 10
27165.03760764507
 20
26614.897947956208
 10
27248.755495803198
 20
26489.794795620837
 10
27248.755495803198
 20
26156.18638939319
 10
27165.03760764507
 20
26031.08323705782
 10
27248.755495803198
 20
25864.279033943996
  0
LWPOLYLINE
  5
1C0
330
17
100
AcDbEntity
  8
RASTER_CONTOURS
100
AcDbPolyline
 90
13
 70
1
 10
51443.22517350387
 20
26823.40320184849
 10
51443.22517350387
 20
26740.001100291574
 10
51526.94306166199
 20
26698.300049513124
 10
51819.955670215466
 20
26698.300049513124
 10
51861.814614294526
 20
26740.001100291574
 10
51987.391446531736
 20
26740.001100291574
 10
52071.10933468987
 20
26865.104252626945
 10
52029.250390610796
 20
26906.8053034054
 10
52029.250390610796
 20
27031.90845574077
 10
51861.814614294526
 20
26990.207404962315
 10
51694.378837978256
 20
27073.609506519228
 10
51610.66094982012
 20
26990.207404962315
 10
51610.66094982012
 20
26906.8053034054
  0
LWPOLYLINE
  5
1C1
330
17
100
AcDbEntity
  8
RASTER_CONTOURS
100
AcDbPolyline
 90
8
 70
1
 10
38299.516732676864
 20
27073.609506519228
 10
38299.516732676864
 20
25989.382186279363
 10
38341.37567675593
 20
25989.382186279363
 10
38383.234620835
 20
26072.784287836275
 10
38299.516732676864
 20
26239.5884909501
 10
38299.516732676864
 20
26489.794795620837
 10
38425.09356491407
 20
26614.897947956208
 10
38299.516732676864
 20
26781.70215107003
  0
LWPOLYLINE
  5
1C2
330
17
100
AcDbEntity
  8
RASTER_CONTOURS
100
AcDbPolyline
 90
5
 70
1
 10
25532.53878856146
 20
27115.310557297686
 10
25490.67984448239
 20
27115.310557297686
 10
25490.67984448239
 20
26781.70215107003
 10
25532.53878856146
 20
26865.104252626945
 10
25490.67984448239
 20
26948.506354183857
  0
LWPOLYLINE
  5
1C3
330
17
100
AcDbEntity
  8
RASTER_CONTOURS
100
AcDbPolyline
 90
7
 70
1
 10
32397.405617528428
 20
27157.011608076136
 10
32397.405617528428
 20
27115.310557297686
 10
32481.123505686563
 20
27157.011608076136
 10
32983.430834635365
 20
27115.310557297686
 10
33025.28977871443
 20
27157.011608076136
 10
33150.866610951634
 20
27073.609506519228
 10
33150.866610951634
 20
27157.011608076136
  0
LWPOLYLINE
  5
1C4
330
17
100
AcDbEntity
  8
RASTER_CONTOURS
100
AcDbPolyline
 90
6
 70
1
 10
31392.790959630824
 20
27157.011608076136
 10
31392.790959630824
 20
27073.609506519228
 10
31434.64990370989
 20
27115.310557297686
 10
32062.53406489589
 20
27115.310557297686
 10
32146.251953054027
 20
27073.609506519228
 10
32104.39300897496
 20
27157.011608076136
  0
LWPOLYLINE
  5
1C5
330
17
100
AcDbEntity
  8
RASTER_CONTOURS
100
AcDbPolyline
 90
7
 70
1
 10
30681.188910286684
 20
27115.310557297686
 10
31057.919406998288
 20
27115.310557297686
 10
31141.637295156423
 20
27031.90845574077
 10
31141.637295156423
 20
26906.8053034054
 10
31141.637295156423
 20
27157.011608076136
 10
31099.778351077355
 20
27115.310557297686
 10
31016.06046291922
 20
27157.011608076136
  0
LWPOLYLINE
  5
1C6
330
17
100
AcDbEntity
  8
RASTER_CONTOURS
100
AcDbPolyline
 90
6
 70
1
 10
29718.433196468148
 20
27115.310557297686
 10
30095.16369317975
 20
27115.310557297686
 10
30137.02263725882
 20
27073.609506519228
 10
30178.881581337882
 20
27115.310557297686
 10
30137.02263725882
 20
27157.011608076136
 10
29760.29214054721
 20
27157.011608076136
  0
LWPOLYLINE
  5
1C7
330
17
100
AcDbEntity
  8
RASTER_CONTOURS
100
AcDbPolyline
 90
7
 70
1
 10
42569.12902874168
 20
27323.81581118996
 10
42610.98797282075
 20
27323.81581118996
 10
42736.56480505794
 20
27157.011608076136
 10
42862.14163729515
 20
27323.81581118996
 10
42987.718469532345
 20
27323.81581118996
 10
42862.14163729515
 20
27323.81581118996
 10
42820.282693216075
 20
27365.51686196842
  0
LWPOLYLINE
  5
1C8
330
17
100
AcDbEntity
  8
RASTER_CONTOURS
100
AcDbPolyline
 90
6
 70
1
 10
35787.98008793285
 20
27365.51686196842
 10
35829.839032011914
 20
27407.217912746877
 10
36039.13375240725
 20
27407.217912746877
 10
36080.99269648632
 20
27365.51686196842
 10
36039.13375240725
 20
27323.81581118996
 10
35829.839032011914
 20
27323.81581118996
  0
LWPOLYLINE
  5
1C9
330
17
100
AcDbEntity
  8
RASTER_CONTOURS
100
AcDbPolyline
 90
6
 70
1
 10
29634.715308310013
 20
27365.51686196842
 10
29676.57425238908
 20
27407.217912746877
 10
30053.304749100684
 20
27407.217912746877
 10
30095.16369317975
 20
27365.51686196842
 10
30053.304749100684
 20
27323.81581118996
 10
29676.57425238908
 20
27323.81581118996
  0
LWPOLYLINE
  5
1CA
330
17
100
AcDbEntity
  8
RASTER_CONTOURS
100
AcDbPolyline
 90
6
 70
1
 10
27751.062824752004
 20
27365.51686196842
 10
27792.92176883107
 20
27407.217912746877
 10
28211.51120962174
 20
27407.217912746877
 10
28253.37015370081
 20
27365.51686196842
 10
28211.51120962174
 20
27323.81581118996
 10
27792.92176883107
 20
27323.81581118996
  0
LWPOLYLINE
  5
1CB
330
17
100
AcDbEntity
  8
RASTER_CONTOURS
100
AcDbPolyline
 90
7
 70
1
 10
39764.5797754442
 20
27323.81581118996
 10
39848.29766360233
 20
27365.51686196842
 10
40141.3102721558
 20
27365.51686196842
 10
40141.3102721558
 20
27407.217912746877
 10
40015.7334399186
 20
27365.51686196842
 10
39973.87449583953
 20
27407.217912746877
 10
39806.43871952327
 20
27407.217912746877
  0
LWPOLYLINE
  5
1CC
330
17
100
AcDbEntity
  8
RASTER_CONTOURS
100
AcDbPolyline
 90
2
 70
1
 10
39011.118782020996
 20
27407.217912746877
 10
39429.70822281167
 20
27407.217912746877
  0
LWPOLYLINE
  5
1CD
330
17
100
AcDbEntity
  8
RASTER_CONTOURS
100
AcDbPolyline
 90
5
 70
1
 10
37839.06834780712
 20
27365.51686196842
 10
38006.50412412339
 20
27448.91896352533
 10
38215.79884451873
 20
27365.51686196842
 10
38173.93990043966
 20
27323.81581118996
 10
37880.92729188619
 20
27323.81581118996
  0
LWPOLYLINE
  5
1CE
330
17
100
AcDbEntity
  8
RASTER_CONTOURS
100
AcDbPolyline
 90
7
 70
1
 10
35327.53170306311
 20
27365.51686196842
 10
35411.24959122125
 20
27448.91896352533
 10
35453.10853530031
 20
27407.217912746877
 10
35536.82642345844
 20
27448.91896352533
 10
35662.403255695644
 20
27365.51686196842
 10
35620.54431161658
 20
27323.81581118996
 10
35369.39064714218
 20
27323.81581118996
  0
LWPOLYLINE
  5
1CF
330
17
100
AcDbEntity
  8
RASTER_CONTOURS
100
AcDbPolyline
 90
22
 70
1
 10
31476.50884778896
 20
27365.51686196842
 10
31518.367791868026
 20
27407.217912746877
 10
31978.816176737757
 20
27407.217912746877
 10
32020.675120816824
 20
27448.91896352533
 10
32146.251953054027
 20
27407.217912746877
 10
32229.96984121216
 20
27448.91896352533
 10
32271.82878529123
 20
27407.217912746877
 10
32313.687729370296
 20
27448.91896352533
 10
32439.264561607495
 20
27407.217912746877
 10
32606.700337923765
 20
27407.217912746877
 10
32648.559282002832
 20
27448.91896352533
 10
32774.136114240035
 20
27407.217912746877
 10
33067.1487227935
 20
27407.217912746877
 10
33109.00766687257
 20
27448.91896352533
 10
33402.02027542603
 20
27407.217912746877
 10
33443.8792195051
 20
27448.91896352533
 10
33569.4560517423
 20
27448.91896352533
 10
33611.31499582137
 20
27407.217912746877
 10
33736.89182805857
 20
27448.91896352533
 10
33778.75077213764
 20
27407.217912746877
 10
33695.032883979504
 20
27323.81581118996
 10
31518.367791868026
 20
27323.81581118996
  0
LWPOLYLINE
  5
1D0
330
17
100
AcDbEntity
  8
RASTER_CONTOURS
100
AcDbPolyline
 90
6
 70
1
 10
26202.281893826526
 20
27323.81581118996
 10
26411.576614221864
 20
27323.81581118996
 10
26327.85872606373
 20
27365.51686196842
 10
26369.717670142796
 20
27407.217912746877
 10
26495.294502379995
 20
27407.217912746877
 10
26244.140837905594
 20
27407.217912746877
  0
LWPOLYLINE
  5
1D1
330
17
100
AcDbEntity
  8
RASTER_CONTOURS
100
AcDbPolyline
 90
47
 70
1
 10
41648.232259002216
 20
27448.91896352533
 10
41606.37331492314
 20
27407.217912746877
 10
41480.796482685946
 20
27407.217912746877
 10
41480.796482685946
 20
27365.51686196842
 10
41606.37331492314
 20
27365.51686196842
 10
41648.232259002216
 20
27323.81581118996
 10
41773.80909123941
 20
27365.51686196842
 10
41857.526979397546
 20
27282.114760411507
 10
41941.24486755568
 20
27323.81581118996
 10
42024.962755713816
 20
27240.413709633056
 10
41983.103811634755
 20
27157.011608076136
 10
41773.80909123941
 20
27157.011608076136
 10
41857.526979397546
 20
27157.011608076136
 10
41983.103811634755
 20
27073.609506519228
 10
41983.103811634755
 20
26656.598998734666
 10
41941.24486755568
 20
26614.897947956208
 10
41983.103811634755
 20
26531.495846399295
 10
41983.103811634755
 20
26114.485338614733
 10
41857.526979397546
 20
26031.08323705782
 10
41983.103811634755
 20
25947.681135500905
 10
42024.962755713816
 20
25614.07272927326
 10
41899.38592347662
 20
25488.96957693789
 10
41480.796482685946
 20
25488.96957693789
 10
41899.38592347662
 20
25488.96957693789
 10
42024.962755713816
 20
25363.86642460252
 10
42024.962755713816
 20
25071.959069153327
 10
41857.526979397546
 20
24946.855916817956
 10
41983.103811634755
 20
24863.45381526104
 10
41983.103811634755
 20
24696.649612147216
 10
42024.962755713816
 20
24654.948561368765
 10
41941.24486755568
 20
24404.742256698024
 10
42024.962755713816
 20
24279.639104362654
 10
41983.103811634755
 20
24196.23700280574
 10
42024.962755713816
 20
24071.133850470374
 10
41983.103811634755
 20
24029.432799691913
 10
41983.103811634755
 20
23862.62859657809
 10
42108.68064387194
 20
23820.927545799637
 10
42150.539587951025
 20
23862.62859657809
 10
42150.539587951025
 20
24988.55696759641
 10
42192.39853203008
 20
25030.25801837487
 10
42192.39853203008
 20
25155.361170710235
 10
42150.539587951025
 20
25197.062221488693
 10
42150.539587951025
 20
27198.71265885459
 10
42234.25747610916
 20
27323.81581118996
 10
42108.68064387194
 20
27448.91896352533
 10
41857.526979397546
 20
27448.91896352533
 10
41815.668035318486
 20
27407.217912746877
  0
LWPOLYLINE
  5
1D2
330
17
100
AcDbEntity
  8
RASTER_CONTOURS
100
AcDbPolyline
 90
9
 70
1
 10
41355.21965044874
 20
27407.217912746877
 10
41229.64281821155
 20
27532.321065082248
 10
41062.20704189528
 20
27407.217912746877
 10
40894.77126557901
 20
27407.217912746877
 10
40852.912321499934
 20
27323.81581118996
 10
40936.63020965807
 20
27323.81581118996
 10
41020.348097816204
 20
27407.217912746877
 10
41062.20704189528
 20
27365.51686196842
 10
41313.36070636968
 20
27365.51686196842
  0
LWPOLYLINE
  5
1D3
330
17
100
AcDbEntity
  8
RASTER_CONTOURS
100
AcDbPolyline
 90
211
 70
1
 10
38592.52934123033
 20
27407.217912746877
 10
38550.67039715126
 20
27448.91896352533
 10
38341.37567675593
 20
27448.91896352533
 10
38299.516732676864
 20
27407.217912746877
 10
38257.6577885978
 20
27448.91896352533
 10
37629.77362741179
 20
27448.91896352533
 10
37587.914683332725
 20
27407.217912746877
 10
37546.05573925366
 20
27448.91896352533
 10
36708.876857672316
 20
27448.91896352533
 10
37378.61996293739
 20
27407.217912746877
 10
37420.478907016455
 20
27365.51686196842
 10
37378.61996293739
 20
27323.81581118996
 10
36667.01791359325
 20
27323.81581118996
 10
36625.15896951418
 20
27407.217912746877
 10
36583.300025435114
 20
27407.217912746877
 10
36541.44108135605
 20
27323.81581118996
 10
36332.146360960716
 20
27323.81581118996
 10
36290.28741688165
 20
27365.51686196842
 10
36332.146360960716
 20
27407.217912746877
 10
36457.72319319792
 20
27407.217912746877
 10
36499.582137276986
 20
27448.91896352533
 10
35787.98008793285
 20
27448.91896352533
 10
35704.26219977471
 20
27532.321065082248
 10
35536.82642345844
 20
27448.91896352533
 10
35160.09592674684
 20
27448.91896352533
 10
35118.236982667775
 20
27323.81581118996
 10
34699.64754187711
 20
27323.81581118996
 10
34657.78859779804
 20
27365.51686196842
 10
34825.22437411431
 20
27448.91896352533
 10
34197.340212928306
 20
27448.91896352533
 10
34155.48126884924
 20
27490.62001430379
 10
33820.609716216706
 20
27490.62001430379
 10
33778.75077213764
 20
27448.91896352533
 10
31267.21412739362
 20
27448.91896352533
 10
31225.355183314558
 20
27407.217912746877
 10
31350.932015551756
 20
27407.217912746877
 10
31392.790959630824
 20
27365.51686196842
 10
31350.932015551756
 20
27323.81581118996
 10
30597.471022128553
 20
27323.81581118996
 10
30555.61207804949
 20
27365.51686196842
 10
30597.471022128553
 20
27407.217912746877
 10
31141.637295156423
 20
27407.217912746877
 10
31016.06046291922
 20
27448.91896352533
 10
29467.27953199375
 20
27448.91896352533
 10
29425.420587914683
 20
27407.217912746877
 10
28923.113258965877
 20
27407.217912746877
 10
28881.25431488681
 20
27448.91896352533
 10
28755.677482649608
 20
27407.217912746877
 10
28713.81853857054
 20
27448.91896352533
 10
28671.959594491473
 20
27407.217912746877
 10
28504.523818175207
 20
27407.217912746877
 10
28462.66487409614
 20
27448.91896352533
 10
27751.062824752004
 20
27407.217912746877
 10
27709.203880672936
 20
27448.91896352533
 10
27667.34493659387
 20
27407.217912746877
 10
27123.178663566003
 20
27407.217912746877
 10
27081.319719486935
 20
27365.51686196842
 10
26830.166055012534
 20
27407.217912746877
 10
26746.4481668544
 20
27323.81581118996
 10
26495.294502379995
 20
27323.81581118996
 10
27374.3323280404
 20
27323.81581118996
 10
27416.191272119468
 20
27282.114760411507
 10
27458.050216198535
 20
27323.81581118996
 10
27541.76810435667
 20
27282.114760411507
 10
27709.203880672936
 20
27282.114760411507
 10
27751.062824752004
 20
27323.81581118996
 10
28044.075433305472
 20
27323.81581118996
 10
28085.93437738454
 20
27282.114760411507
 10
28211.51120962174
 20
27323.81581118996
 10
28295.229097779877
 20
27282.114760411507
 10
31057.919406998288
 20
27282.114760411507
 10
31099.778351077355
 20
27323.81581118996
 10
31309.07307147269
 20
27323.81581118996
 10
31350.932015551756
 20
27282.114760411507
 10
31476.50884778896
 20
27323.81581118996
 10
31518.367791868026
 20
27282.114760411507
 10
31560.226735947093
 20
27323.81581118996
 10
32313.687729370296
 20
27323.81581118996
 10
32355.546673449364
 20
27282.114760411507
 10
32397.405617528428
 20
27323.81581118996
 10
32564.841393844697
 20
27323.81581118996
 10
32606.700337923765
 20
27282.114760411507
 10
32648.559282002832
 20
27323.81581118996
 10
32857.85400239816
 20
27323.81581118996
 10
32899.71294647723
 20
27282.114760411507
 10
32941.5718905563
 20
27323.81581118996
 10
33988.04549253297
 20
27323.81581118996
 10
34113.62232477017
 20
27240.413709633056
 10
34071.7633806911
 20
27157.011608076136
 10
33360.161331346964
 20
27157.011608076136
 10
33318.3023872679
 20
27115.310557297686
 10
33360.161331346964
 20
27073.609506519228
 10
33611.31499582137
 20
27157.011608076136
 10
33904.32760437484
 20
27157.011608076136
 10
34155.48126884924
 20
27031.90845574077
 10
34155.48126884924
 20
26740.001100291574
 10
34029.904436612036
 20
26614.897947956208
 10
34029.904436612036
 20
26573.196897177753
 10
34113.62232477017
 20
26531.495846399295
 10
34155.48126884924
 20
26573.196897177753
 10
34155.48126884924
 20
26990.207404962315
 10
34197.340212928306
 20
27031.90845574077
 10
34281.05810108644
 20
26990.207404962315
 10
34322.91704516551
 20
26573.196897177753
 10
34448.4938774027
 20
26573.196897177753
 10
34364.77598924457
 20
26698.300049513124
 10
34364.77598924457
 20
26823.40320184849
 10
34448.4938774027
 20
26906.8053034054
 10
34364.77598924457
 20
27031.90845574077
 10
34448.4938774027
 20
27115.310557297686
 10
35034.51909450965
 20
27115.310557297686
 10
35118.236982667775
 20
27031.90845574077
 10
35118.236982667775
 20
26698.300049513124
 10
35034.51909450965
 20
26614.897947956208
 10
34615.92965371897
 20
26614.897947956208
 10
35076.378038588715
 20
26573.196897177753
 10
35118.236982667775
 20
26531.495846399295
 10
35118.236982667775
 20
26156.18638939319
 10
34908.942262272445
 20
26031.08323705782
 10
34783.36543003524
 20
26031.08323705782
 10
34741.506485956175
 20
26072.784287836275
 10
34490.35282148177
 20
26031.08323705782
 10
34364.77598924457
 20
26114.485338614733
 10
34322.91704516551
 20
26489.794795620837
 10
34322.91704516551
 20
25822.577983165535
 10
34364.77598924457
 20
25822.577983165535
 10
34322.91704516551
 20
25905.98008472245
 10
34448.4938774027
 20
26031.08323705782
 10
35034.51909450965
 20
26031.08323705782
 10
35118.236982667775
 20
25947.681135500905
 10
35118.236982667775
 20
25572.3716784948
 10
34992.66015043058
 20
25488.96957693789
 10
34615.92965371897
 20
25488.96957693789
 10
35034.51909450965
 20
25488.96957693789
 10
35118.236982667775
 20
25405.567475380973
 10
35118.236982667775
 20
25030.25801837487
 10
34950.80120635151
 20
24946.855916817956
 10
35076.378038588715
 20
24905.154866039502
 10
35118.236982667775
 20
24821.752764482586
 10
35160.09592674684
 20
24905.154866039502
 10
35118.236982667775
 20
24988.55696759641
 10
35118.236982667775
 20
25447.26852615943
 10
35160.09592674684
 20
25488.96957693789
 10
35118.236982667775
 20
25572.3716784948
 10
35118.236982667775
 20
25989.382186279363
 10
35160.09592674684
 20
26031.08323705782
 10
35118.236982667775
 20
26072.784287836275
 10
35118.236982667775
 20
26531.495846399295
 10
35160.09592674684
 20
26573.196897177753
 10
35160.09592674684
 20
26698.300049513124
 10
35201.95487082591
 20
26740.001100291574
 10
35285.672758984045
 20
26698.300049513124
 10
35327.53170306311
 20
26322.990592507012
 10
35327.53170306311
 20
26489.794795620837
 10
35411.24959122125
 20
26573.196897177753
 10
35871.69797609098
 20
26573.196897177753
 10
35871.69797609098
 20
26614.897947956208
 10
35453.10853530031
 20
26614.897947956208
 10
35411.24959122125
 20
26656.598998734666
 10
35536.82642345844
 20
26823.40320184849
 10
35494.967479379375
 20
27031.90845574077
 10
35620.54431161658
 20
27073.609506519228
 10
35662.403255695644
 20
27031.90845574077
 10
35620.54431161658
 20
26990.207404962315
 10
35662.403255695644
 20
26781.70215107003
 10
35746.12114385378
 20
26698.300049513124
 10
35955.41586424912
 20
26740.001100291574
 10
36039.13375240725
 20
26906.8053034054
 10
36080.99269648632
 20
26865.104252626945
 10
36080.99269648632
 20
26698.300049513124
 10
35997.274808328184
 20
26573.196897177753
 10
36122.851640565386
 20
26489.794795620837
 10
36122.851640565386
 20
26656.598998734666
 10
36206.56952872352
 20
26740.001100291574
 10
36290.28741688165
 20
26740.001100291574
 10
36332.146360960716
 20
26698.300049513124
 10
36290.28741688165
 20
26573.196897177753
 10
36374.005305039784
 20
26531.495846399295
 10
36541.44108135605
 20
26614.897947956208
 10
36415.86424911885
 20
26698.300049513124
 10
36499.582137276986
 20
26781.70215107003
 10
36457.72319319792
 20
26865.104252626945
 10
36583.300025435114
 20
27157.011608076136
 10
36374.005305039784
 20
27157.011608076136
 10
36206.56952872352
 20
27031.90845574077
 10
36080.99269648632
 20
27157.011608076136
 10
35369.39064714218
 20
27157.011608076136
 10
35285.672758984045
 20
27073.609506519228
 10
35201.95487082591
 20
27073.609506519228
 10
35118.236982667775
 20
27198.71265885459
 10
35076.378038588715
 20
27157.011608076136
 10
34239.19915700737
 20
27157.011608076136
 10
34197.340212928306
 20
27240.413709633056
 10
34281.05810108644
 20
27323.81581118996
 10
35118.236982667775
 20
27323.81581118996
 10
35160.09592674684
 20
27282.114760411507
 10
35201.95487082591
 20
27323.81581118996
 10
35536.82642345844
 20
27323.81581118996
 10
35578.68536753751
 20
27282.114760411507
 10
35704.26219977471
 20
27323.81581118996
 10
35746.12114385378
 20
27282.114760411507
 10
35871.69797609098
 20
27323.81581118996
 10
36039.13375240725
 20
27323.81581118996
 10
36080.99269648632
 20
27282.114760411507
 10
36164.710584644454
 20
27323.81581118996
 10
38257.6577885978
 20
27323.81581118996
 10
38299.516732676864
 20
27407.217912746877
 10
38466.95250899313
 20
27407.217912746877
 10
38508.811453072194
 20
27365.51686196842
 10
38466.95250899313
 20
27323.81581118996
 10
38550.67039715126
 20
27323.81581118996
  0
LWPOLYLINE
  5
1D4
330
17
100
AcDbEntity
  8
RASTER_CONTOURS
100
AcDbPolyline
 90
3
 70
1
 10
24444.20624250572
 20
27657.424217417618
 10
24402.347298426652
 20
27407.217912746877
 10
24527.924130663854
 20
27448.91896352533
  0
LWPOLYLINE
  5
1D5
330
17
100
AcDbEntity
  8
RASTER_CONTOURS
100
AcDbPolyline
 90
76
 70
1
 10
45750.408778750774
 20
27824.22842053144
 10
45875.98561098796
 20
27824.22842053144
 10
46001.56244322517
 20
27740.826318974523
 10
46043.42138730423
 20
27615.72316663916
 10
46001.56244322517
 20
27532.321065082248
 10
46043.42138730423
 20
27532.321065082248
 10
46043.42138730423
 20
27740.826318974523
 10
46085.28033138331
 20
27782.52736975298
 10
46210.8571636205
 20
27782.52736975298
 10
46252.716107699576
 20
27740.826318974523
 10
46503.86977217398
 20
27782.52736975298
 10
46545.728716253034
 20
27740.826318974523
 10
46545.728716253034
 20
27490.62001430379
 10
46462.0108280949
 20
27407.217912746877
 10
46378.29293993677
 20
27407.217912746877
 10
46252.716107699576
 20
27574.022115860702
 10
46168.99821954144
 20
27448.91896352533
 10
46001.56244322517
 20
27448.91896352533
 10
46001.56244322517
 20
27115.310557297686
 10
46001.56244322517
 20
27198.71265885459
 10
46085.28033138331
 20
27282.114760411507
 10
46168.99821954144
 20
27282.114760411507
 10
46252.716107699576
 20
27198.71265885459
 10
46252.716107699576
 20
27115.310557297686
 10
46294.57505177864
 20
27115.310557297686
 10
46294.57505177864
 20
27240.413709633056
 10
46420.151884015846
 20
27323.81581118996
 10
46545.728716253034
 20
27198.71265885459
 10
46503.86977217398
 20
26948.506354183857
 10
46713.1644925693
 20
26781.70215107003
 10
46629.44660441117
 20
26614.897947956208
 10
46922.45921296465
 20
26531.495846399295
 10
46922.45921296465
 20
26322.990592507012
 10
46964.31815704371
 20
26281.289541728558
 10
46838.74132480651
 20
26072.784287836275
 10
46880.60026888557
 20
25989.382186279363
 10
46880.60026888557
 20
25405.567475380973
 10
46922.45921296465
 20
25363.86642460252
 10
46922.45921296465
 20
24613.247510590303
 10
46880.60026888557
 20
24571.546459811845
 10
46127.13927546237
 20
24571.546459811845
 10
46001.56244322517
 20
24654.948561368765
 10
45834.12666690891
 20
24571.546459811845
 10
45750.408778750774
 20
24654.948561368765
 10
45750.408778750774
 20
25280.464323045606
 10
45792.26772282983
 20
25322.165373824064
 10
45917.84455506704
 20
25322.165373824064
 10
46001.56244322517
 20
25238.763272267148
 10
46001.56244322517
 20
24988.55696759641
 10
46001.56244322517
 20
25238.763272267148
 10
46085.28033138331
 20
25322.165373824064
 10
46294.57505177864
 20
25322.165373824064
 10
46336.43399585771
 20
25363.86642460252
 10
46336.43399585771
 20
25530.670627716343
 10
46294.57505177864
 20
25572.3716784948
 10
46210.8571636205
 20
25530.670627716343
 10
45834.12666690891
 20
25530.670627716343
 10
45792.26772282983
 20
25572.3716784948
 10
45792.26772282983
 20
26656.598998734666
 10
45875.98561098796
 20
26740.001100291574
 10
46127.13927546237
 20
26740.001100291574
 10
46294.57505177864
 20
26614.897947956208
 10
46545.728716253034
 20
26614.897947956208
 10
46378.29293993677
 20
26614.897947956208
 10
46294.57505177864
 20
26698.300049513124
 10
46294.57505177864
 20
26948.506354183857
 10
46252.716107699576
 20
26990.207404962315
 10
46127.13927546237
 20
26906.8053034054
 10
46001.56244322517
 20
27031.90845574077
 10
46001.56244322517
 20
26990.207404962315
 10
45875.98561098796
 20
26906.8053034054
 10
45792.26772282983
 20
26906.8053034054
 10
45666.69089059264
 20
26990.207404962315
 10
45750.408778750774
 20
27323.81581118996
 10
45666.69089059264
 20
27490.62001430379
 10
45624.831946513565
 20
27740.826318974523
  0
LWPOLYLINE
  5
1D6
330
17
100
AcDbEntity
  8
RASTER_CONTOURS
100
AcDbPolyline
 90
5
 70
1
 10
30555.61207804949
 20
27782.52736975298
 10
30471.894189891354
 20
27782.52736975298
 10
30430.035245812287
 20
27699.12526819607
 10
30178.881581337882
 20
27699.12526819607
 10
30388.17630173322
 20
27657.424217417618
  0
LWPOLYLINE
  5
1D7
330
17
100
AcDbEntity
  8
RASTER_CONTOURS
100
AcDbPolyline
 90
8
 70
1
 10
36457.72319319792
 20
27865.929471309893
 10
36374.005305039784
 20
27865.929471309893
 10
36374.005305039784
 20
27782.52736975298
 10
36290.28741688165
 20
27699.12526819607
 10
36206.56952872352
 20
27699.12526819607
 10
36332.146360960716
 20
27699.12526819607
 10
36374.005305039784
 20
27782.52736975298
 10
36457.72319319792
 20
27782.52736975298
  0
LWPOLYLINE
  5
1D8
330
17
100
AcDbEntity
  8
RASTER_CONTOURS
100
AcDbPolyline
 90
7
 70
1
 10
31602.08568002616
 20
27824.22842053144
 10
31602.08568002616
 20
27782.52736975298
 10
31769.521456342423
 20
27782.52736975298
 10
32104.39300897496
 20
27657.424217417618
 10
32104.39300897496
 20
27699.12526819607
 10
31936.957232658693
 20
27699.12526819607
 10
31685.803568184292
 20
27865.929471309893
  0
LWPOLYLINE
  5
1D9
330
17
100
AcDbEntity
  8
RASTER_CONTOURS
100
AcDbPolyline
 90
9
 70
1
 10
34029.904436612036
 20
27824.22842053144
 10
33946.18654845391
 20
27907.63052208835
 10
33946.18654845391
 20
27824.22842053144
 10
33862.46866029577
 20
27740.826318974523
 10
33611.31499582137
 20
27740.826318974523
 10
33778.75077213764
 20
27657.424217417618
 10
33904.32760437484
 20
27699.12526819607
 10
33904.32760437484
 20
27740.826318974523
 10
34029.904436612036
 20
27782.52736975298
  0
LWPOLYLINE
  5
1DA
330
17
100
AcDbEntity
  8
RASTER_CONTOURS
100
AcDbPolyline
 90
6
 70
1
 10
46294.57505177864
 20
27949.33157286681
 10
46336.43399585771
 20
27991.032623645264
 10
46545.728716253034
 20
27991.032623645264
 10
46587.587660332116
 20
27949.33157286681
 10
46545.728716253034
 20
27907.63052208835
 10
46336.43399585771
 20
27907.63052208835
  0
LWPOLYLINE
  5
1DB
330
17
100
AcDbEntity
  8
RASTER_CONTOURS
100
AcDbPolyline
 90
34
 70
1
 10
24653.500962901056
 20
28032.733674423722
 10
24737.218851059188
 20
27949.33157286681
 10
24737.218851059188
 20
27448.91896352533
 10
24695.35990698012
 20
27407.217912746877
 10
24862.79568329639
 20
27282.114760411507
 10
24904.654627375457
 20
27323.81581118996
 10
24988.372515533585
 20
27282.114760411507
 10
25113.949347770787
 20
27282.114760411507
 10
25155.808291849855
 20
27323.81581118996
 10
25909.26928527306
 20
27282.114760411507
 10
26034.846117510264
 20
27323.81581118996
 10
25741.833508956795
 20
27323.81581118996
 10
25699.974564877728
 20
27365.51686196842
 10
25783.69245303586
 20
27407.217912746877
 10
25616.256676719593
 20
27407.217912746877
 10
25532.53878856146
 20
27323.81581118996
 10
25365.10301224519
 20
27323.81581118996
 10
25323.244068166125
 20
27365.51686196842
 10
25365.10301224519
 20
27407.217912746877
 10
25365.10301224519
 20
27532.321065082248
 10
25323.244068166125
 20
27574.022115860702
 10
25281.385124087057
 20
27490.62001430379
 10
25323.244068166125
 20
27365.51686196842
 10
25281.385124087057
 20
27323.81581118996
 10
25113.949347770787
 20
27323.81581118996
 10
25072.09040369172
 20
27365.51686196842
 10
25113.949347770787
 20
27448.91896352533
 10
25030.231459612653
 20
27532.321065082248
 10
24904.654627375457
 20
27448.91896352533
 10
24820.936739217323
 20
27448.91896352533
 10
24737.218851059188
 20
27574.022115860702
 10
24737.218851059188
 20
27949.33157286681
 10
24820.936739217323
 20
28032.733674423722
 10
24779.077795138255
 20
28116.135775980634
  0
LWPOLYLINE
  5
1DC
330
17
100
AcDbEntity
  8
RASTER_CONTOURS
100
AcDbPolyline
 90
8
 70
1
 10
25365.10301224519
 20
28074.43472520218
 10
25323.244068166125
 20
28157.836826759085
 10
25113.949347770787
 20
28032.733674423722
 10
25030.231459612653
 20
28116.135775980634
 10
24904.654627375457
 20
28032.733674423722
 10
24946.513571454525
 20
27991.032623645264
 10
25239.52618000799
 20
27991.032623645264
 10
25323.244068166125
 20
27949.33157286681
  0
LWPOLYLINE
  5
1DD
330
17
100
AcDbEntity
  8
RASTER_CONTOURS
100
AcDbPolyline
 90
6
 70
1
 10
24444.20624250572
 20
28324.641029872913
 10
24444.20624250572
 20
28116.135775980634
 10
24402.347298426652
 20
28074.43472520218
 10
24444.20624250572
 20
27865.929471309893
 10
24527.924130663854
 20
28032.733674423722
 10
24444.20624250572
 20
28199.53787753755
  0
LWPOLYLINE
  5
1DE
330
17
100
AcDbEntity
  8
RASTER_CONTOURS
100
AcDbPolyline
 90
7
 70
1
 10
32732.277170160967
 20
28491.44523298674
 10
32732.277170160967
 20
28449.744182208284
 10
32815.9950583191
 20
28449.744182208284
 10
32899.71294647723
 20
28366.34208065137
 10
32983.430834635365
 20
28408.043131429826
 10
32983.430834635365
 20
28449.744182208284
 10
32857.85400239816
 20
28408.043131429826
  0
LWPOLYLINE
  5
1DF
330
17
100
AcDbEntity
  8
RASTER_CONTOURS
100
AcDbPolyline
 90
11
 70
1
 10
22267.54115039424
 20
28533.146283765196
 10
22309.40009447331
 20
28491.44523298674
 10
22309.40009447331
 20
27991.032623645264
 10
22351.259038552376
 20
27949.33157286681
 10
22351.259038552376
 20
27657.424217417618
 10
22309.40009447331
 20
27615.72316663916
 10
22309.40009447331
 20
27323.81581118996
 10
22267.54115039424
 20
27282.114760411507
 10
22183.823262236107
 20
27490.62001430379
 10
22225.682206315174
 20
27615.72316663916
 10
22225.682206315174
 20
28491.44523298674
  0
LWPOLYLINE
  5
1E0
330
17
100
AcDbEntity
  8
RASTER_CONTOURS
100
AcDbPolyline
 90
6
 70
1
 10
4310.0541404745445
 20
28616.548385322112
 10
4351.913084553611
 20
28658.249436100567
 10
4644.9256931070795
 20
28658.249436100567
 10
4686.784637186147
 20
28616.548385322112
 10
4603.066749028012
 20
28533.146283765196
 10
4393.7720286326785
 20
28533.146283765196
  0
LWPOLYLINE
  5
1E1
330
17
100
AcDbEntity
  8
RASTER_CONTOURS
100
AcDbPolyline
 90
4
 70
1
 10
44034.19207150903
 20
28658.249436100567
 10
44076.05101558809
 20
28616.548385322112
 10
44076.05101558809
 20
28366.34208065137
 10
44076.05101558809
 20
28658.249436100567
  0
LWPOLYLINE
  5
1E2
330
17
100
AcDbEntity
  8
RASTER_CONTOURS
100
AcDbPolyline
 90
15
 70
1
 10
28630.10065041241
 20
28699.950486879017
 10
28630.10065041241
 20
28783.352588435933
 10
28713.81853857054
 20
28866.754689992846
 10
29760.29214054721
 20
28866.754689992846
 10
29885.868972784414
 20
28991.857842328216
 10
32941.5718905563
 20
28991.857842328216
 10
33025.28977871443
 20
28908.455740771304
 10
33025.28977871443
 20
28783.352588435933
 10
32941.5718905563
 20
28699.950486879017
 10
32104.39300897496
 20
28699.950486879017
 10
32062.53406489589
 20
28658.249436100567
 10
31811.38040042149
 20
28658.249436100567
 10
31769.521456342423
 20
28699.950486879017
 10
31685.803568184292
 20
28658.249436100567
 10
28671.959594491473
 20
28658.249436100567
  0
LWPOLYLINE
  5
1E3
330
17
100
AcDbEntity
  8
RASTER_CONTOURS
100
AcDbPolyline
 90
5
 70
1
 10
17579.33941353875
 20
28950.156791549758
 10
17537.480469459682
 20
28908.455740771304
 10
17537.480469459682
 20
28699.950486879017
 10
17621.198357617817
 20
28699.950486879017
 10
17621.198357617817
 20
28908.455740771304
  0
LWPOLYLINE
  5
1E4
330
17
100
AcDbEntity
  8
RASTER_CONTOURS
100
AcDbPolyline
 90
18
 70
1
 10
45457.396170197295
 20
29116.960994663583
 10
45541.11405835543
 20
29200.3630962205
 10
45624.831946513565
 20
29200.3630962205
 10
45708.54983467169
 20
29116.960994663583
 10
45959.7034991461
 20
29116.960994663583
 10
46252.716107699576
 20
28950.156791549758
 10
46629.44660441117
 20
28825.053639214388
 10
46713.1644925693
 20
28741.651537657475
 10
46671.30554849024
 20
28616.548385322112
 10
46713.1644925693
 20
28658.249436100567
 10
46838.74132480651
 20
28616.548385322112
 10
46880.60026888557
 20
28241.238928316
 10
46671.30554849024
 20
28074.43472520218
 10
45834.12666690891
 20
28074.43472520218
 10
45792.26772282983
 20
28157.836826759085
 10
45917.84455506704
 20
28241.238928316
 10
45541.11405835543
 20
28116.135775980634
 10
45457.396170197295
 20
28199.53787753755
  0
LWPOLYLINE
  5
1E5
330
17
100
AcDbEntity
  8
RASTER_CONTOURS
100
AcDbPolyline
 90
5
 70
1
 10
13016.714508920457
 20
29325.466248555866
 10
13100.432397078592
 20
29283.765197777408
 10
13100.432397078592
 20
29116.960994663583
 10
13058.573452999524
 20
29075.25994388513
 10
12932.996620762324
 20
29200.3630962205
  0
LWPOLYLINE
  5
1E6
330
17
100
AcDbEntity
  8
RASTER_CONTOURS
100
AcDbPolyline
 90
32
 70
1
 10
43866.75629519276
 20
29325.466248555866
 10
44117.909959667166
 20
29325.466248555866
 10
44159.768903746226
 20
29367.16729933432
 10
44410.92256822062
 20
29283.765197777408
 10
44410.92256822062
 20
28699.950486879017
 10
44452.781512299705
 20
28658.249436100567
 10
45122.524617564755
 20
28658.249436100567
 10
45206.24250572289
 20
28574.847334543654
 10
45206.24250572289
 20
27865.929471309893
 10
45499.25511427637
 20
27699.12526819607
 10
45499.25511427637
 20
26990.207404962315
 10
45373.67828203916
 20
26865.104252626945
 10
45373.67828203916
 20
24821.752764482586
 10
45164.38356164383
 20
24696.649612147216
 10
44829.5120090113
 20
24696.649612147216
 10
45289.960393881025
 20
24696.649612147216
 10
45373.67828203916
 20
24571.546459811845
 10
45248.101449801965
 20
24404.742256698024
 10
43573.74368663928
 20
24404.742256698024
 10
43490.02579848115
 20
24488.144358254936
 10
43490.02579848115
 20
27949.33157286681
 10
43531.88474256023
 20
27991.032623645264
 10
43699.32051887649
 20
27991.032623645264
 10
43783.038407034626
 20
27907.63052208835
 10
43783.038407034626
 20
27824.22842053144
 10
43783.038407034626
 20
27949.33157286681
 10
43824.89735111369
 20
27991.032623645264
 10
43824.89735111369
 20
28616.548385322112
 10
43950.474183350896
 20
28699.950486879017
 10
43908.61523927182
 20
28699.950486879017
 10
43824.89735111369
 20
28825.053639214388
 10
43824.89735111369
 20
29283.765197777408
  0
LWPOLYLINE
  5
1E7
330
17
100
AcDbEntity
  8
RASTER_CONTOURS
100
AcDbPolyline
 90
11
 70
1
 10
39680.86188728607
 20
29283.765197777408
 10
39806.43871952327
 20
29367.16729933432
 10
40978.489153737144
 20
29367.16729933432
 10
41145.924930053414
 20
29283.765197777408
 10
41145.924930053414
 20
28783.352588435933
 10
41062.20704189528
 20
28699.950486879017
 10
40392.46393663021
 20
28699.950486879017
 10
40350.60499255114
 20
28658.249436100567
 10
40225.02816031394
 20
28699.950486879017
 10
39722.720831365135
 20
28699.950486879017
 10
39680.86188728607
 20
28741.651537657475
  0
LWPOLYLINE
  5
1E8
330
17
100
AcDbEntity
  8
RASTER_CONTOURS
100
AcDbPolyline
 90
12
 70
1
 10
22602.412703026777
 20
29283.765197777408
 10
22727.989535263976
 20
29367.16729933432
 10
25113.949347770787
 20
29325.466248555866
 10
25155.808291849855
 20
29283.765197777408
 10
25155.808291849855
 20
28741.651537657475
 10
25072.09040369172
 20
28658.249436100567
 10
23858.181025398782
 20
28658.249436100567
 10
23314.014752370913
 20
28908.455740771304
 10
23230.296864212778
 20
28908.455740771304
 10
22811.707423422107
 20
29116.960994663583
 10
22727.989535263976
 20
29200.3630962205
 10
22644.271647105845
 20
29200.3630962205
  0
LWPOLYLINE
  5
1E9
330
17
100
AcDbEntity
  8
RASTER_CONTOURS
100
AcDbPolyline
 90
17
 70
1
 10
17579.33941353875
 20
29325.466248555866
 10
17495.621525380615
 20
29325.466248555866
 10
17537.480469459682
 20
29242.06414699895
 10
17495.621525380615
 20
29116.960994663583
 10
17370.044693143413
 20
29116.960994663583
 10
17328.18574906435
 20
29158.662045442044
 10
17328.18574906435
 20
29325.466248555866
 10
17244.467860906214
 20
29283.765197777408
 10
17328.18574906435
 20
29033.558893106674
 10
17244.467860906214
 20
28866.754689992846
 10
17244.467860906214
 20
28741.651537657475
 10
17328.18574906435
 20
28699.950486879017
 10
17328.18574906435
 20
28866.754689992846
 10
17453.762581301547
 20
28950.156791549758
 10
17495.621525380615
 20
29075.25994388513
 10
17621.198357617817
 20
29158.662045442044
 10
17621.198357617817
 20
29283.765197777408
  0
LWPOLYLINE
  5
1EA
330
17
100
AcDbEntity
  8
RASTER_CONTOURS
100
AcDbPolyline
 90
13
 70
1
 10
12891.137676683256
 20
29325.466248555866
 10
12849.278732604189
 20
29283.765197777408
 10
12849.278732604189
 20
29158.662045442044
 10
12932.996620762324
 20
28991.857842328216
 10
12849.278732604189
 20
28741.651537657475
 10
12932.996620762324
 20
28699.950486879017
 10
12932.996620762324
 20
28825.053639214388
 10
13058.573452999524
 20
28908.455740771304
 10
13142.29134115766
 20
28658.249436100567
 10
13226.009229315792
 20
28741.651537657475
 10
13058.573452999524
 20
29075.25994388513
 10
13184.150285236725
 20
29116.960994663583
 10
13184.150285236725
 20
29325.466248555866
  0
LWPOLYLINE
  5
1EB
330
17
100
AcDbEntity
  8
RASTER_CONTOURS
100
AcDbPolyline
 90
56
 70
1
 10
43364.44896624396
 20
29533.971502448145
 10
43448.166854402094
 20
29617.37360400506
 10
45373.67828203916
 20
29617.37360400506
 10
45834.12666690891
 20
29450.569400891236
 10
46043.42138730423
 20
29325.466248555866
 10
46127.13927546237
 20
29325.466248555866
 10
46336.43399585771
 20
29200.3630962205
 10
46462.0108280949
 20
29200.3630962205
 10
46545.728716253034
 20
29116.960994663583
 10
46629.44660441117
 20
29116.960994663583
 10
46755.02343664838
 20
29033.558893106674
 10
46838.74132480651
 20
29033.558893106674
 10
46922.45921296465
 20
28950.156791549758
 10
47048.03604520184
 20
28950.156791549758
 10
47131.75393335998
 20
28825.053639214388
 10
47131.75393335998
 20
27991.032623645264
 10
46922.45921296465
 20
27865.929471309893
 10
46838.74132480651
 20
27949.33157286681
 10
46964.31815704371
 20
28074.43472520218
 10
46922.45921296465
 20
28116.135775980634
 10
46922.45921296465
 20
28741.651537657475
 10
46838.74132480651
 20
28825.053639214388
 10
46336.43399585771
 20
28991.857842328216
 10
46168.99821954144
 20
29116.960994663583
 10
46085.28033138331
 20
29116.960994663583
 10
45541.11405835543
 20
29367.16729933432
 10
45415.537226118235
 20
29367.16729933432
 10
45373.67828203916
 20
28116.135775980634
 10
45457.396170197295
 20
27991.032623645264
 10
45624.831946513565
 20
27991.032623645264
 10
45666.69089059264
 20
27949.33157286681
 10
45624.831946513565
 20
27907.63052208835
 10
45331.8193379601
 20
27907.63052208835
 10
45248.101449801965
 20
27991.032623645264
 10
45289.960393881025
 20
28032.733674423722
 10
45289.960393881025
 20
28658.249436100567
 10
45206.24250572289
 20
28741.651537657475
 10
44578.35834453689
 20
28741.651537657475
 10
44494.64045637876
 20
28825.053639214388
 10
44494.64045637876
 20
29367.16729933432
 10
44452.781512299705
 20
29408.868350112778
 10
43783.038407034626
 20
29408.868350112778
 10
43741.17946295555
 20
29367.16729933432
 10
43783.038407034626
 20
29283.765197777408
 10
43741.17946295555
 20
29242.06414699895
 10
43741.17946295555
 20
28157.836826759085
 10
43657.46157479742
 20
28074.43472520218
 10
43448.166854402094
 20
28074.43472520218
 10
43364.44896624396
 20
28157.836826759085
 10
43364.44896624396
 20
28449.744182208284
 10
43322.590022164884
 20
28491.44523298674
 10
43364.44896624396
 20
28533.146283765196
 10
43364.44896624396
 20
28908.455740771304
 10
43322.590022164884
 20
28950.156791549758
 10
43322.590022164884
 20
29367.16729933432
 10
43364.44896624396
 20
29408.868350112778
  0
LWPOLYLINE
  5
1EC
330
17
100
AcDbEntity
  8
RASTER_CONTOURS
100
AcDbPolyline
 90
37
 70
1
 10
41397.07859452782
 20
28783.352588435933
 10
41313.36070636968
 20
28699.950486879017
 10
41229.64281821155
 20
28741.651537657475
 10
41229.64281821155
 20
29367.16729933432
 10
41187.783874132474
 20
29408.868350112778
 10
39639.002943207
 20
29408.868350112778
 10
39597.14399912793
 20
29367.16729933432
 10
39597.14399912793
 20
28741.651537657475
 10
39429.70822281167
 20
28658.249436100567
 10
39304.13139057447
 20
28699.950486879017
 10
39220.41350241633
 20
28658.249436100567
 10
39094.83667017913
 20
28658.249436100567
 10
39052.97772610006
 20
28699.950486879017
 10
38759.96511754659
 20
28699.950486879017
 10
38718.10617346753
 20
28658.249436100567
 10
38550.67039715126
 20
28658.249436100567
 10
38508.811453072194
 20
28699.950486879017
 10
38257.6577885978
 20
28699.950486879017
 10
38215.79884451873
 20
28658.249436100567
 10
38173.93990043966
 20
28699.950486879017
 10
37127.46629846299
 20
28699.950486879017
 10
37085.60735438392
 20
28658.249436100567
 10
37001.88946622579
 20
28699.950486879017
 10
36080.99269648632
 20
28699.950486879017
 10
35913.55692017005
 20
29033.558893106674
 10
35829.839032011914
 20
29450.569400891236
 10
35913.55692017005
 20
29533.971502448145
 10
36206.56952872352
 20
29575.672553226606
 10
36248.42847280258
 20
29533.971502448145
 10
36248.42847280258
 20
28950.156791549758
 10
36415.86424911885
 20
28866.754689992846
 10
38718.10617346753
 20
28866.754689992846
 10
38801.82406162566
 20
28950.156791549758
 10
38801.82406162566
 20
29533.971502448145
 10
38885.541949783794
 20
29617.37360400506
 10
41313.36070636968
 20
29617.37360400506
 10
41397.07859452782
 20
29533.971502448145
  0
LWPOLYLINE
  5
1ED
330
17
100
AcDbEntity
  8
RASTER_CONTOURS
100
AcDbPolyline
 90
38
 70
1
 10
27332.473383961333
 20
29575.672553226606
 10
27374.3323280404
 20
29617.37360400506
 10
28211.51120962174
 20
29617.37360400506
 10
28378.946985938004
 20
29533.971502448145
 10
28378.946985938004
 20
29283.765197777408
 10
28504.523818175207
 20
29158.662045442044
 10
28546.382762254274
 20
29033.558893106674
 10
29550.997420151878
 20
29033.558893106674
 10
29676.57425238908
 20
29242.06414699895
 10
32899.71294647723
 20
29242.06414699895
 10
32941.5718905563
 20
29283.765197777408
 10
32941.5718905563
 20
29533.971502448145
 10
33025.28977871443
 20
29617.37360400506
 10
33862.46866029577
 20
29617.37360400506
 10
33988.04549253297
 20
29450.569400891236
 10
34071.7633806911
 20
29116.960994663583
 10
34113.62232477017
 20
29075.25994388513
 10
34574.070709639906
 20
29116.960994663583
 10
34699.64754187711
 20
28950.156791549758
 10
34699.64754187711
 20
28741.651537657475
 10
34657.78859779804
 20
28699.950486879017
 10
33150.866610951634
 20
28699.950486879017
 10
33067.1487227935
 20
28783.352588435933
 10
33067.1487227935
 20
29033.558893106674
 10
33025.28977871443
 20
29075.25994388513
 10
30890.483630682018
 20
29075.25994388513
 10
30848.624686602954
 20
29033.558893106674
 10
30513.753133970422
 20
29033.558893106674
 10
30471.894189891354
 20
29075.25994388513
 10
29927.72791686348
 20
29033.558893106674
 10
29885.868972784414
 20
29075.25994388513
 10
29676.57425238908
 20
28950.156791549758
 10
28295.229097779877
 20
28950.156791549758
 10
28211.51120962174
 20
28908.455740771304
 10
28211.51120962174
 20
28741.651537657475
 10
28127.793321463607
 20
28658.249436100567
 10
27416.191272119468
 20
28658.249436100567
 10
27332.473383961333
 20
28741.651537657475
  0
LWPOLYLINE
  5
1EE
330
17
100
AcDbEntity
  8
RASTER_CONTOURS
100
AcDbPolyline
 90
25
 70
1
 10
25365.10301224519
 20
29533.971502448145
 10
25406.961956324256
 20
29408.868350112778
 10
25406.961956324256
 20
28866.754689992846
 10
25323.244068166125
 20
28699.950486879017
 10
25239.52618000799
 20
28741.651537657475
 10
25239.52618000799
 20
29367.16729933432
 10
25197.667235928922
 20
29408.868350112778
 10
22518.694814868642
 20
29408.868350112778
 10
22476.835870789575
 20
29367.16729933432
 10
22476.835870789575
 20
28825.053639214388
 10
22393.117982631444
 20
28741.651537657475
 10
22141.96431815704
 20
28699.950486879017
 10
22141.96431815704
 20
27323.81581118996
 10
22100.10537407797
 20
27282.114760411507
 10
22016.38748591984
 20
27323.81581118996
 10
22016.38748591984
 20
28616.548385322112
 10
21974.528541840773
 20
28699.950486879017
 10
21681.5159332873
 20
28783.352588435933
 10
21681.5159332873
 20
29492.27045166969
 10
21723.37487736637
 20
29533.971502448145
 10
21807.092765524503
 20
29533.971502448145
 10
21890.810653682638
 20
29617.37360400506
 10
22016.38748591984
 20
29575.672553226606
 10
24988.372515533585
 20
29575.672553226606
 10
25072.09040369172
 20
29659.07465478351
  0
LWPOLYLINE
  5
1EF
330
17
100
AcDbEntity
  8
RASTER_CONTOURS
100
AcDbPolyline
 90
87
 70
1
 10
25490.67984448239
 20
29784.177807118882
 10
25323.244068166125
 20
29659.07465478351
 10
25197.667235928922
 20
29742.47675634043
 10
24904.654627375457
 20
29742.47675634043
 10
24862.79568329639
 20
29700.775705561973
 10
24025.61680171505
 20
29700.775705561973
 10
23900.039969477846
 20
29784.177807118882
 10
23774.46313724065
 20
29617.37360400506
 10
23188.43792013371
 20
29617.37360400506
 10
23062.861087896512
 20
29742.47675634043
 10
22979.143199738377
 20
29700.775705561973
 10
22351.259038552376
 20
29700.775705561973
 10
22309.40009447331
 20
29659.07465478351
 10
22058.246429998908
 20
29742.47675634043
 10
21807.092765524503
 20
29742.47675634043
 10
21765.233821445436
 20
29659.07465478351
 10
21597.79804512917
 20
29533.971502448145
 10
21597.79804512917
 20
28741.651537657475
 10
21639.656989208237
 20
28658.249436100567
 10
21848.95170960357
 20
28658.249436100567
 10
21932.669597761706
 20
28574.847334543654
 10
21932.669597761706
 20
27574.022115860702
 10
21555.939101050106
 20
27240.413709633056
 10
21555.939101050106
 20
27115.310557297686
 10
21597.79804512917
 20
27073.609506519228
 10
22518.694814868642
 20
27073.609506519228
 10
22560.55375894771
 20
27115.310557297686
 10
22602.412703026777
 20
27073.609506519228
 10
22602.412703026777
 20
26322.990592507012
 10
22602.412703026777
 20
27657.424217417618
 10
22769.84847934304
 20
27865.929471309893
 10
23146.578976054647
 20
28032.733674423722
 10
23439.591584608115
 20
28282.939979094455
 10
23439.591584608115
 20
28324.641029872913
 10
23397.732640529048
 20
28324.641029872913
 10
22811.707423422107
 20
27907.63052208835
 10
22476.835870789575
 20
27824.22842053144
 10
22393.117982631444
 20
27907.63052208835
 10
22351.259038552376
 20
28574.847334543654
 10
22518.694814868642
 20
28699.950486879017
 10
22560.55375894771
 20
28825.053639214388
 10
22518.694814868642
 20
28908.455740771304
 10
22560.55375894771
 20
28991.857842328216
 10
22518.694814868642
 20
29033.558893106674
 10
22602.412703026777
 20
29116.960994663583
 10
22727.989535263976
 20
29116.960994663583
 10
22937.28425565931
 20
28991.857842328216
 10
23104.72003197558
 20
28950.156791549758
 10
23188.43792013371
 20
28866.754689992846
 10
23272.155808291845
 20
28866.754689992846
 10
23523.30947276625
 20
28741.651537657475
 10
23648.88630500345
 20
28616.548385322112
 10
23523.30947276625
 20
28449.744182208284
 10
23607.02736092438
 20
28449.744182208284
 10
23816.32208131972
 20
28616.548385322112
 10
24025.61680171505
 20
28616.548385322112
 10
24151.19363395225
 20
28533.146283765196
 10
24193.05257803132
 20
28449.744182208284
 10
24151.19363395225
 20
28408.043131429826
 10
24151.19363395225
 20
27907.63052208835
 10
24193.05257803132
 20
27865.929471309893
 10
24151.19363395225
 20
27365.51686196842
 10
24193.05257803132
 20
27323.81581118996
 10
24234.911522110386
 20
27365.51686196842
 10
24193.05257803132
 20
27490.62001430379
 10
24193.05257803132
 20
27949.33157286681
 10
24276.77046618945
 20
28032.733674423722
 10
24193.05257803132
 20
28157.836826759085
 10
24193.05257803132
 20
28533.146283765196
 10
24360.488354347584
 20
28616.548385322112
 10
24444.20624250572
 20
28491.44523298674
 10
24611.64201882199
 20
28616.548385322112
 10
24737.218851059188
 20
28449.744182208284
 10
24862.79568329639
 20
28616.548385322112
 10
24988.372515533585
 20
28533.146283765196
 10
25239.52618000799
 20
28574.847334543654
 10
25323.244068166125
 20
28491.44523298674
 10
25323.244068166125
 20
28241.238928316
 10
25323.244068166125
 20
28449.744182208284
 10
25490.67984448239
 20
28574.847334543654
 10
25490.67984448239
 20
28741.651537657475
 10
25448.820900403323
 20
28783.352588435933
 10
25490.67984448239
 20
28825.053639214388
 10
25448.820900403323
 20
28950.156791549758
 10
25448.820900403323
 20
29533.971502448145
 10
25490.67984448239
 20
29575.672553226606
 10
25448.820900403323
 20
29742.47675634043
  0
LWPOLYLINE
  5
1F0
330
17
100
AcDbEntity
  8
RASTER_CONTOURS
100
AcDbPolyline
 90
62
 70
1
 10
43238.87213400675
 20
29825.87885789734
 10
43280.731078085824
 20
29742.47675634043
 10
43238.87213400675
 20
29659.07465478351
 10
43280.731078085824
 20
29575.672553226606
 10
43238.87213400675
 20
28574.847334543654
 10
43280.731078085824
 20
28533.146283765196
 10
43280.731078085824
 20
27824.22842053144
 10
43322.590022164884
 20
27782.52736975298
 10
43280.731078085824
 20
27740.826318974523
 10
43280.731078085824
 20
27574.022115860702
 10
43322.590022164884
 20
27532.321065082248
 10
43197.01318992769
 20
27323.81581118996
 10
43280.731078085824
 20
27240.413709633056
 10
43280.731078085824
 20
26948.506354183857
 10
43364.44896624396
 20
26656.598998734666
 10
43322.590022164884
 20
26614.897947956208
 10
43322.590022164884
 20
25322.165373824064
 10
43238.87213400675
 20
25030.25801837487
 10
43280.731078085824
 20
24988.55696759641
 10
43280.731078085824
 20
24654.948561368765
 10
43322.590022164884
 20
24571.546459811845
 10
43406.30791032302
 20
24529.845409033394
 10
43406.30791032302
 20
24446.44330747648
 10
43322.590022164884
 20
24363.04120591957
 10
43322.590022164884
 20
24237.9380535842
 10
43448.166854402094
 20
24154.535952027283
 10
43615.602630718364
 20
24196.23700280574
 10
43699.32051887649
 20
24279.639104362654
 10
43824.89735111369
 20
24279.639104362654
 10
43866.75629519276
 20
24237.9380535842
 10
44745.79412085316
 20
24237.9380535842
 10
44871.37095309035
 20
24154.535952027283
 10
45248.101449801965
 20
24237.9380535842
 10
45289.960393881025
 20
24196.23700280574
 10
45666.69089059264
 20
24196.23700280574
 10
45750.408778750774
 20
24112.834901248832
 10
46713.1644925693
 20
24112.834901248832
 10
46755.02343664838
 20
24071.133850470374
 10
46838.74132480651
 20
24154.535952027283
 10
46964.31815704371
 20
24154.535952027283
 10
47006.17710112277
 20
24112.834901248832
 10
47215.47182151811
 20
24112.834901248832
 10
47257.330765597166
 20
24154.535952027283
 10
47885.214926783185
 20
24154.535952027283
 10
47257.330765597166
 20
24154.535952027283
 10
47173.61287743903
 20
24237.9380535842
 10
47173.61287743903
 20
26740.001100291574
 10
47257.330765597166
 20
26865.104252626945
 10
47215.47182151811
 20
26906.8053034054
 10
46629.44660441117
 20
26948.506354183857
 10
46545.728716253034
 20
27031.90845574077
 10
46545.728716253034
 20
27240.413709633056
 10
46587.587660332116
 20
27282.114760411507
 10
46545.728716253034
 20
27699.12526819607
 10
46629.44660441117
 20
27782.52736975298
 10
47257.330765597166
 20
27824.22842053144
 10
47173.61287743903
 20
27991.032623645264
 10
47215.47182151811
 20
28032.733674423722
 10
47173.61287743903
 20
28116.135775980634
 10
47173.61287743903
 20
28950.156791549758
 10
45499.25511427637
 20
29659.07465478351
 10
43406.30791032302
 20
29659.07465478351
  0
LWPOLYLINE
  5
1F1
330
17
100
AcDbEntity
  8
RASTER_CONTOURS
100
AcDbPolyline
 90
111
 70
1
 10
27165.03760764507
 20
29825.87885789734
 10
27290.614439882265
 20
29742.47675634043
 10
27248.755495803198
 20
29700.775705561973
 10
27248.755495803198
 20
28699.950486879017
 10
27206.896551724138
 20
28616.548385322112
 10
27416.191272119468
 20
28449.744182208284
 10
27416.191272119468
 20
27907.63052208835
 10
27541.76810435667
 20
27865.929471309893
 10
27541.76810435667
 20
28533.146283765196
 10
27667.34493659387
 20
28616.548385322112
 10
27751.062824752004
 20
28616.548385322112
 10
27834.78071291014
 20
28533.146283765196
 10
27960.35754514734
 20
28533.146283765196
 10
28085.93437738454
 20
28449.744182208284
 10
28169.652265542674
 20
28449.744182208284
 10
28044.075433305472
 20
28533.146283765196
 10
28127.793321463607
 20
28616.548385322112
 10
28295.229097779877
 20
28616.548385322112
 10
28504.523818175207
 20
28491.44523298674
 10
28671.959594491473
 20
28491.44523298674
 10
28588.24170633334
 20
28533.146283765196
 10
28755.677482649608
 20
28616.548385322112
 10
28881.25431488681
 20
28616.548385322112
 10
28964.972203044945
 20
28491.44523298674
 10
29048.69009120308
 20
28533.146283765196
 10
29257.984811598413
 20
28449.744182208284
 10
29257.984811598413
 20
28491.44523298674
 10
29174.26692344028
 20
28533.146283765196
 10
29216.125867519346
 20
28616.548385322112
 10
29257.984811598413
 20
28574.847334543654
 10
29467.27953199375
 20
28574.847334543654
 10
29592.856364230945
 20
28491.44523298674
 10
29885.868972784414
 20
28449.744182208284
 10
30053.304749100684
 20
28282.939979094455
 10
30095.16369317975
 20
28408.043131429826
 10
29969.58686094255
 20
28408.043131429826
 10
29760.29214054721
 20
28533.146283765196
 10
29802.15108462628
 20
28574.847334543654
 10
30053.304749100684
 20
28574.847334543654
 10
30178.881581337882
 20
28491.44523298674
 10
30388.17630173322
 20
28449.744182208284
 10
30346.317357654152
 20
28533.146283765196
 10
30388.17630173322
 20
28574.847334543654
 10
30639.329966207617
 20
28574.847334543654
 10
30723.047854365752
 20
28491.44523298674
 10
31016.06046291922
 20
28449.744182208284
 10
30890.483630682018
 20
28533.146283765196
 10
31141.637295156423
 20
28616.548385322112
 10
31309.07307147269
 20
28491.44523298674
 10
31643.94462410523
 20
28449.744182208284
 10
31769.521456342423
 20
28366.34208065137
 10
31811.38040042149
 20
28449.744182208284
 10
31602.08568002616
 20
28449.744182208284
 10
31434.64990370989
 20
28533.146283765196
 10
31518.367791868026
 20
28616.548385322112
 10
31727.662512263356
 20
28616.548385322112
 10
31811.38040042149
 20
28533.146283765196
 10
32020.675120816824
 20
28533.146283765196
 10
32146.251953054027
 20
28449.744182208284
 10
32229.96984121216
 20
28449.744182208284
 10
32271.82878529123
 20
28366.34208065137
 10
32355.546673449364
 20
28324.641029872913
 10
32397.405617528428
 20
28449.744182208284
 10
32146.251953054027
 20
28491.44523298674
 10
32104.39300897496
 20
28533.146283765196
 10
32146.251953054027
 20
28616.548385322112
 10
32355.546673449364
 20
28616.548385322112
 10
32606.700337923765
 20
28491.44523298674
 10
32690.4182260819
 20
28616.548385322112
 10
32941.5718905563
 20
28616.548385322112
 10
33025.28977871443
 20
28533.146283765196
 10
33192.7255550307
 20
28533.146283765196
 10
33234.58449910977
 20
28616.548385322112
 10
33485.73816358417
 20
28616.548385322112
 10
33569.4560517423
 20
28533.146283765196
 10
33736.89182805857
 20
28533.146283765196
 10
33862.46866029577
 20
28616.548385322112
 10
34071.7633806911
 20
28616.548385322112
 10
34155.48126884924
 20
28533.146283765196
 10
34113.62232477017
 20
28449.744182208284
 10
33862.46866029577
 20
28491.44523298674
 10
34113.62232477017
 20
28366.34208065137
 10
34239.19915700737
 20
28533.146283765196
 10
34364.77598924457
 20
28533.146283765196
 10
34406.634933323636
 20
28491.44523298674
 10
34448.4938774027
 20
28616.548385322112
 10
34867.08331819338
 20
28616.548385322112
 10
34867.08331819338
 20
28825.053639214388
 10
34741.506485956175
 20
28991.857842328216
 10
34699.64754187711
 20
29242.06414699895
 10
34615.92965371897
 20
29325.466248555866
 10
34615.92965371897
 20
29450.569400891236
 10
34615.92965371897
 20
29283.765197777408
 10
34532.21176556084
 20
29200.3630962205
 10
34197.340212928306
 20
29158.662045442044
 10
34071.7633806911
 20
29325.466248555866
 10
34071.7633806911
 20
29450.569400891236
 10
33946.18654845391
 20
29700.775705561973
 10
33067.1487227935
 20
29700.775705561973
 10
33025.28977871443
 20
29659.07465478351
 10
32899.71294647723
 20
29659.07465478351
 10
32899.71294647723
 20
29492.27045166969
 10
32774.136114240035
 20
29325.466248555866
 10
29592.856364230945
 20
29325.466248555866
 10
29467.27953199375
 20
29116.960994663583
 10
28630.10065041241
 20
29116.960994663583
 10
28462.66487409614
 20
29367.16729933432
 10
28462.66487409614
 20
29617.37360400506
 10
28420.80593001707
 20
29659.07465478351
 10
27374.3323280404
 20
29659.07465478351
 10
27248.755495803198
 20
29825.87885789734
  0
LWPOLYLINE
  5
1F2
330
17
100
AcDbEntity
  8
RASTER_CONTOURS
100
AcDbPolyline
 90
18
 70
1
 10
5147.2330220558815
 20
30034.384111789623
 10
5314.66879837215
 20
30034.384111789623
 10
5440.24563060935
 20
29909.280959454252
 10
5272.809854293083
 20
29742.47675634043
 10
5398.386686530283
 20
29659.07465478351
 10
5398.386686530283
 20
29533.971502448145
 10
5356.527742451217
 20
29492.27045166969
 10
5858.83507140002
 20
29533.971502448145
 10
5565.822462846551
 20
29533.971502448145
 10
5523.963518767484
 20
29575.672553226606
 10
5523.963518767484
 20
29700.775705561973
 10
5607.681406925619
 20
29784.177807118882
 10
5440.24563060935
 20
29909.280959454252
 10
5523.963518767484
 20
30034.384111789623
 10
5775.117183241886
 20
30034.384111789623
 10
5523.963518767484
 20
30034.384111789623
 10
5440.24563060935
 20
30117.786213346535
 10
5314.66879837215
 20
30034.384111789623
  0
LWPOLYLINE
  5
1F3
330
17
100
AcDbEntity
  8
RASTER_CONTOURS
100
AcDbPolyline
 90
114
 70
1
 10
35620.54431161658
 20
29659.07465478351
 10
35787.98008793285
 20
29283.765197777408
 10
35787.98008793285
 20
29075.25994388513
 10
35704.26219977471
 20
29033.558893106674
 10
35704.26219977471
 20
28991.857842328216
 10
35787.98008793285
 20
29033.558893106674
 10
35955.41586424912
 20
28783.352588435933
 10
35955.41586424912
 20
28658.249436100567
 10
35997.274808328184
 20
28616.548385322112
 10
35871.69797609098
 20
28241.238928316
 10
35871.69797609098
 20
28116.135775980634
 10
35787.98008793285
 20
27991.032623645264
 10
35787.98008793285
 20
27782.52736975298
 10
35829.839032011914
 20
27782.52736975298
 10
35871.69797609098
 20
27865.929471309893
 10
35871.69797609098
 20
28074.43472520218
 10
35997.274808328184
 20
28449.744182208284
 10
36080.99269648632
 20
28533.146283765196
 10
36290.28741688165
 20
28491.44523298674
 10
36374.005305039784
 20
28616.548385322112
 10
36541.44108135605
 20
28616.548385322112
 10
36583.300025435114
 20
28533.146283765196
 10
36457.72319319792
 20
28449.744182208284
 10
36499.582137276986
 20
28366.34208065137
 10
36541.44108135605
 20
28366.34208065137
 10
36667.01791359325
 20
28533.146283765196
 10
36834.45368990952
 20
28533.146283765196
 10
36960.03052214672
 20
28616.548385322112
 10
37085.60735438392
 20
28616.548385322112
 10
37169.32524254206
 20
28533.146283765196
 10
37085.60735438392
 20
28449.744182208284
 10
36960.03052214672
 20
28449.744182208284
 10
37127.46629846299
 20
28324.641029872913
 10
37253.04313070019
 20
28533.146283765196
 10
37504.19679517459
 20
28491.44523298674
 10
37420.478907016455
 20
28533.146283765196
 10
37462.33785109552
 20
28616.548385322112
 10
37671.63257149085
 20
28616.548385322112
 10
37755.35045964899
 20
28533.146283765196
 10
37964.645180044325
 20
28533.146283765196
 10
38048.36306820246
 20
28491.44523298674
 10
38090.22201228153
 20
28616.548385322112
 10
38257.6577885978
 20
28616.548385322112
 10
38341.37567675593
 20
28533.146283765196
 10
38215.79884451873
 20
28449.744182208284
 10
38257.6577885978
 20
28366.34208065137
 10
38299.516732676864
 20
28366.34208065137
 10
38299.516732676864
 20
28449.744182208284
 10
38383.234620835
 20
28533.146283765196
 10
38508.811453072194
 20
28533.146283765196
 10
38634.3882853094
 20
28616.548385322112
 10
38801.82406162566
 20
28616.548385322112
 10
38927.40089386286
 20
28533.146283765196
 10
39178.554558337266
 20
28533.146283765196
 10
39345.990334653536
 20
28616.548385322112
 10
39471.56716689074
 20
28533.146283765196
 10
39345.990334653536
 20
28449.744182208284
 10
39429.70822281167
 20
28324.641029872913
 10
39555.28505504887
 20
28533.146283765196
 10
39764.5797754442
 20
28533.146283765196
 10
39890.1566076814
 20
28616.548385322112
 10
40015.7334399186
 20
28533.146283765196
 10
39973.87449583953
 20
28449.744182208284
 10
39890.1566076814
 20
28449.744182208284
 10
39973.87449583953
 20
28324.641029872913
 10
40099.451328076735
 20
28533.146283765196
 10
40308.74604847207
 20
28533.146283765196
 10
40434.322880709275
 20
28616.548385322112
 10
40518.04076886741
 20
28616.548385322112
 10
40601.75865702553
 20
28533.146283765196
 10
40476.18182478834
 20
28449.744182208284
 10
40601.75865702553
 20
28366.34208065137
 10
40601.75865702553
 20
28449.744182208284
 10
40685.476545183665
 20
28533.146283765196
 10
40936.63020965807
 20
28491.44523298674
 10
40894.77126557901
 20
28533.146283765196
 10
40936.63020965807
 20
28574.847334543654
 10
41104.06598597434
 20
28616.548385322112
 10
41187.783874132474
 20
28533.146283765196
 10
41104.06598597434
 20
28449.744182208284
 10
41104.06598597434
 20
28324.641029872913
 10
41229.64281821155
 20
28116.135775980634
 10
41229.64281821155
 20
27824.22842053144
 10
41271.5017622906
 20
27824.22842053144
 10
41355.21965044874
 20
27949.33157286681
 10
41313.36070636968
 20
28074.43472520218
 10
41313.36070636968
 20
28408.043131429826
 10
41355.21965044874
 20
28491.44523298674
 10
41522.655426765006
 20
28616.548385322112
 10
41480.796482685946
 20
29700.775705561973
 10
41145.924930053414
 20
29700.775705561973
 10
41104.06598597434
 20
29659.07465478351
 10
38969.25983794193
 20
29659.07465478351
 10
38927.40089386286
 20
29700.775705561973
 10
38718.10617346753
 20
29700.775705561973
 10
38676.247229388464
 20
29659.07465478351
 10
38592.52934123033
 20
29700.775705561973
 10
38508.811453072194
 20
29659.07465478351
 10
38299.516732676864
 20
29700.775705561973
 10
38173.93990043966
 20
29659.07465478351
 10
38132.080956360594
 20
29700.775705561973
 10
37964.645180044325
 20
29700.775705561973
 10
38006.50412412339
 20
29617.37360400506
 10
38676.247229388464
 20
29617.37360400506
 10
38718.10617346753
 20
29575.672553226606
 10
38718.10617346753
 20
28991.857842328216
 10
38676.247229388464
 20
28950.156791549758
 10
36415.86424911885
 20
28950.156791549758
 10
36332.146360960716
 20
29033.558893106674
 10
36290.28741688165
 20
30326.291467238814
 10
36290.28741688165
 20
29742.47675634043
 10
36206.56952872352
 20
29659.07465478351
 10
35997.274808328184
 20
29659.07465478351
 10
35746.12114385378
 20
29533.971502448145
  0
LWPOLYLINE
  5
1F4
330
17
100
AcDbEntity
  8
RASTER_CONTOURS
100
AcDbPolyline
 90
6
 70
1
 10
5523.963518767484
 20
30284.590416460363
 10
5440.24563060935
 20
30409.69356879573
 10
5314.66879837215
 20
30326.291467238814
 10
5063.515133897749
 20
30326.291467238814
 10
5272.809854293083
 20
30326.291467238814
 10
5398.386686530283
 20
30242.889365681902
  0
LWPOLYLINE
  5
1F5
330
17
100
AcDbEntity
  8
RASTER_CONTOURS
100
AcDbPolyline
 90
7
 70
1
 10
4686.784637186147
 20
30409.69356879573
 10
4686.784637186147
 20
30284.590416460363
 10
4728.6435812652135
 20
30242.889365681902
 10
4686.784637186147
 20
30159.487264124993
 10
4770.502525344281
 20
30159.487264124993
 10
4896.0793575814805
 20
30326.291467238814
 10
4812.3614694233465
 20
30326.291467238814
  0
LWPOLYLINE
  5
1F6
330
17
100
AcDbEntity
  8
RASTER_CONTOURS
100
AcDbPolyline
 90
6
 70
1
 10
4686.784637186147
 20
30785.003025801834
 10
4770.502525344281
 20
30785.003025801834
 10
4896.0793575814805
 20
30868.405127358747
 10
5063.515133897749
 20
30868.405127358747
 10
4854.220413502414
 20
30868.405127358747
 10
4728.6435812652135
 20
30951.807228915663
  0
LWPOLYLINE
  5
1F7
330
17
100
AcDbEntity
  8
RASTER_CONTOURS
100
AcDbPolyline
 90
6
 70
1
 10
12681.842956287923
 20
31202.0135335864
 10
12723.70190036699
 20
31243.714584364858
 10
13016.714508920457
 20
31243.714584364858
 10
13058.573452999524
 20
31118.611432029487
 10
13016.714508920457
 20
31076.91038125103
 10
12723.70190036699
 20
31076.91038125103
  0
LWPOLYLINE
  5
1F8
330
17
100
AcDbEntity
  8
RASTER_CONTOURS
100
AcDbPolyline
 90
10
 70
1
 10
12598.12506812979
 20
31327.116685921766
 10
12556.266124050722
 20
31243.714584364858
 10
12556.266124050722
 20
31035.20933047257
 10
12598.12506812979
 20
30951.807228915663
 10
12765.560844446058
 20
30951.807228915663
 10
12807.419788525125
 20
30993.508279694117
 10
13142.29134115766
 20
30951.807228915663
 10
13184.150285236725
 20
31035.20933047257
 10
13184.150285236725
 20
31285.41563514331
 10
13142.29134115766
 20
31327.116685921766
  0
LWPOLYLINE
  5
1F9
330
17
100
AcDbEntity
  8
RASTER_CONTOURS
100
AcDbPolyline
 90
6
 70
1
 10
26620.871334617197
 20
31577.322990592504
 10
26662.730278696265
 20
31619.02404137096
 10
27081.319719486935
 20
31619.02404137096
 10
27123.178663566003
 20
31577.322990592504
 10
27081.319719486935
 20
31535.62193981405
 10
26662.730278696265
 20
31535.62193981405
  0
LWPOLYLINE
  5
1FA
330
17
100
AcDbEntity
  8
RASTER_CONTOURS
100
AcDbPolyline
 90
13
 70
1
 10
26034.846117510264
 20
31577.322990592504
 10
25951.12822935213
 20
31493.92088903559
 10
25825.551397114927
 20
31493.92088903559
 10
25783.69245303586
 20
31243.714584364858
 10
25741.833508956795
 20
31202.0135335864
 10
25532.53878856146
 20
31202.0135335864
 10
25490.67984448239
 20
31160.31248280794
 10
25490.67984448239
 20
30993.508279694117
 10
25365.10301224519
 20
30868.405127358747
 10
25113.949347770787
 20
30868.405127358747
 10
25072.09040369172
 20
30910.106178137205
 10
25825.551397114927
 20
31702.426142927874
 10
25951.12822935213
 20
31702.426142927874
  0
LWPOLYLINE
  5
1FB
330
17
100
AcDbEntity
  8
RASTER_CONTOURS
100
AcDbPolyline
 90
16
 70
1
 10
9877.293702990442
 20
31744.127193706332
 10
9877.293702990442
 20
31076.91038125103
 10
9835.434758911375
 20
31035.20933047257
 10
9626.14003851604
 20
31035.20933047257
 10
9542.422150357905
 20
30993.508279694117
 10
9584.281094436972
 20
30951.807228915663
 10
10379.601031939244
 20
30951.807228915663
 10
10337.742087860177
 20
31035.20933047257
 10
10044.729479306707
 20
31035.20933047257
 10
9961.011591148575
 20
31160.31248280794
 10
10002.870535227643
 20
31327.116685921766
 10
10295.88314378111
 20
31410.51878747868
 10
10254.024199702042
 20
31452.219838257137
 10
10086.588423385774
 20
31452.219838257137
 10
9961.011591148575
 20
31577.322990592504
 10
9961.011591148575
 20
31744.127193706332
  0
LWPOLYLINE
  5
1FC
330
17
100
AcDbEntity
  8
RASTER_CONTOURS
100
AcDbPolyline
 90
24
 70
1
 10
13560.880781948326
 20
31785.82824448479
 10
13435.303949711126
 20
31619.02404137096
 10
13435.303949711126
 20
31577.322990592504
 10
13560.880781948326
 20
31493.92088903559
 10
13393.44500563206
 20
31327.116685921766
 10
13519.02183786926
 20
31160.31248280794
 10
13519.02183786926
 20
30993.508279694117
 10
13560.880781948326
 20
30951.807228915663
 10
13644.598670106461
 20
31076.91038125103
 10
13602.739726027394
 20
31202.0135335864
 10
13728.316558264596
 20
31285.41563514331
 10
13770.175502343662
 20
31243.714584364858
 10
13770.175502343662
 20
30993.508279694117
 10
13812.03444642273
 20
30951.807228915663
 10
13895.752334580864
 20
30993.508279694117
 10
14146.905999055263
 20
30993.508279694117
 10
14230.623887213398
 20
30951.807228915663
 10
14272.482831292466
 20
31035.20933047257
 10
14230.623887213398
 20
31660.72509214942
 10
14146.905999055263
 20
31660.72509214942
 10
14021.329166818063
 20
31785.82824448479
 10
13937.61127865993
 20
31702.426142927874
 10
13728.316558264596
 20
31619.02404137096
 10
13602.739726027394
 20
31785.82824448479
  0
LWPOLYLINE
  5
1FD
330
17
100
AcDbEntity
  8
RASTER_CONTOURS
100
AcDbPolyline
 90
17
 70
1
 10
12472.548235892587
 20
31452.219838257137
 10
12472.548235892587
 20
31410.51878747868
 10
12974.855564841391
 20
31410.51878747868
 10
13016.714508920457
 20
31452.219838257137
 10
13142.29134115766
 20
31452.219838257137
 10
13226.009229315792
 20
31368.817736700224
 10
13267.86817339486
 20
31410.51878747868
 10
13267.86817339486
 20
31493.92088903559
 10
13100.432397078592
 20
31660.72509214942
 10
13016.714508920457
 20
31660.72509214942
 10
12932.996620762324
 20
31535.62193981405
 10
12807.419788525125
 20
31535.62193981405
 10
12765.560844446058
 20
31619.02404137096
 10
12849.278732604189
 20
31702.426142927874
 10
12849.278732604189
 20
31785.82824448479
 10
12765.560844446058
 20
31785.82824448479
 10
12723.70190036699
 20
31660.72509214942
  0
LWPOLYLINE
  5
1FE
330
17
100
AcDbEntity
  8
RASTER_CONTOURS
100
AcDbPolyline
 90
19
 70
1
 10
11635.369354311251
 20
31785.82824448479
 10
11509.79252207405
 20
31619.02404137096
 10
11509.79252207405
 20
31535.62193981405
 10
11593.510410232184
 20
31452.219838257137
 10
11551.651466153116
 20
31410.51878747868
 10
11551.651466153116
 20
31243.714584364858
 10
11467.933577994983
 20
31160.31248280794
 10
11551.651466153116
 20
31076.91038125103
 10
11509.79252207405
 20
30993.508279694117
 10
11593.510410232184
 20
30951.807228915663
 10
11719.087242469383
 20
31035.20933047257
 10
11970.240906943785
 20
31035.20933047257
 10
12137.676683260053
 20
30951.807228915663
 10
12263.253515497256
 20
31076.91038125103
 10
12179.53562733912
 20
31327.116685921766
 10
12305.11245957632
 20
31535.62193981405
 10
12221.394571418188
 20
31619.02404137096
 10
12221.394571418188
 20
31702.426142927874
 10
12179.53562733912
 20
31744.127193706332
  0
LWPOLYLINE
  5
1FF
330
17
100
AcDbEntity
  8
RASTER_CONTOURS
100
AcDbPolyline
 90
36
 70
1
 10
11216.77991352058
 20
31785.82824448479
 10
10672.613640492711
 20
31744.127193706332
 10
10588.895752334576
 20
31702.426142927874
 10
10630.754696413644
 20
31619.02404137096
 10
10798.190472729912
 20
31619.02404137096
 10
10840.049416808979
 20
31577.322990592504
 10
10798.190472729912
 20
31535.62193981405
 10
10672.613640492711
 20
31535.62193981405
 10
10588.895752334576
 20
31493.92088903559
 10
10588.895752334576
 20
31452.219838257137
 10
10798.190472729912
 20
31452.219838257137
 10
10881.908360888046
 20
31368.817736700224
 10
10798.190472729912
 20
31285.41563514331
 10
10547.036808255512
 20
31285.41563514331
 10
10505.177864176445
 20
31243.714584364858
 10
10547.036808255512
 20
31202.0135335864
 10
10798.190472729912
 20
31202.0135335864
 10
10881.908360888046
 20
31118.611432029487
 10
10881.908360888046
 20
31035.20933047257
 10
10798.190472729912
 20
30993.508279694117
 10
10798.190472729912
 20
30910.106178137205
 10
10923.767304967114
 20
30910.106178137205
 10
10965.626249046181
 20
30951.807228915663
 10
10965.626249046181
 20
31118.611432029487
 10
11049.344137204314
 20
31202.0135335864
 10
11300.497801678715
 20
31202.0135335864
 10
11342.356745757781
 20
31285.41563514331
 10
11091.203081283382
 20
31285.41563514331
 10
11007.485193125247
 20
31368.817736700224
 10
11091.203081283382
 20
31452.219838257137
 10
11258.638857599648
 20
31452.219838257137
 10
11300.497801678715
 20
31493.92088903559
 10
11049.344137204314
 20
31535.62193981405
 10
10965.626249046181
 20
31619.02404137096
 10
11091.203081283382
 20
31702.426142927874
 10
11174.920969441513
 20
31702.426142927874
  0
LWPOLYLINE
  5
200
330
17
100
AcDbEntity
  8
RASTER_CONTOURS
100
AcDbPolyline
 90
16
 70
1
 10
22393.117982631444
 20
31994.333498377066
 10
22434.97692671051
 20
32036.034549155524
 10
22811.707423422107
 20
32036.034549155524
 10
22853.566367501175
 20
32077.73559993398
 10
22895.425311580242
 20
32036.034549155524
 10
23648.88630500345
 20
32036.034549155524
 10
23690.745249082516
 20
31994.333498377066
 10
23690.745249082516
 20
31452.219838257137
 10
23607.02736092438
 20
31368.817736700224
 10
22476.835870789575
 20
31368.817736700224
 10
22351.259038552376
 20
31493.92088903559
 10
22393.117982631444
 20
31619.02404137096
 10
22351.259038552376
 20
31744.127193706332
 10
22393.117982631444
 20
31785.82824448479
 10
22351.259038552376
 20
31827.52929526324
 10
22393.117982631444
 20
31869.2303460417
  0
LWPOLYLINE
  5
201
330
17
100
AcDbEntity
  8
RASTER_CONTOURS
100
AcDbPolyline
 90
14
 70
1
 10
22309.40009447331
 20
32077.73559993398
 10
22309.40009447331
 20
31368.817736700224
 10
22393.117982631444
 20
31285.41563514331
 10
23732.604193161584
 20
31285.41563514331
 10
23774.46313724065
 20
31327.116685921766
 10
23774.46313724065
 20
31452.219838257137
 10
23816.32208131972
 20
31493.92088903559
 10
23816.32208131972
 20
31994.333498377066
 10
23774.46313724065
 20
32077.73559993398
 10
23690.745249082516
 20
32119.436650712436
 10
22560.55375894771
 20
32119.436650712436
 10
22518.694814868642
 20
32077.73559993398
 10
22476.835870789575
 20
32119.436650712436
 10
22351.259038552376
 20
32119.436650712436
  0
LWPOLYLINE
  5
202
330
17
100
AcDbEntity
  8
RASTER_CONTOURS
100
AcDbPolyline
 90
7
 70
1
 10
49852.585298499325
 20
32244.539803047806
 10
50020.021074815595
 20
32119.436650712436
 10
50020.021074815595
 20
31619.02404137096
 10
49936.30318665746
 20
31535.62193981405
 10
49852.585298499325
 20
31535.62193981405
 10
49727.008466262116
 20
31660.72509214942
 10
49727.008466262116
 20
32161.137701490894
  0
LWPOLYLINE
  5
203
330
17
100
AcDbEntity
  8
RASTER_CONTOURS
100
AcDbPolyline
 90
7
 70
1
 10
49559.572689945846
 20
32244.539803047806
 10
49643.29057810398
 20
32244.539803047806
 10
49727.008466262116
 20
32119.436650712436
 10
49727.008466262116
 20
31660.72509214942
 10
49601.43163402492
 20
31535.62193981405
 10
49433.99585770866
 20
31619.02404137096
 10
49433.99585770866
 20
32161.137701490894
  0
LWPOLYLINE
  5
204
330
17
100
AcDbEntity
  8
RASTER_CONTOURS
100
AcDbPolyline
 90
12
 70
1
 10
49224.70113731331
 20
32244.539803047806
 10
49308.41902547144
 20
32244.539803047806
 10
49433.99585770866
 20
32119.436650712436
 10
49433.99585770866
 20
31785.82824448479
 10
49392.136913629576
 20
31744.127193706332
 10
49392.136913629576
 20
31619.02404137096
 10
49308.41902547144
 20
31535.62193981405
 10
49140.98324915519
 20
31619.02404137096
 10
49140.98324915519
 20
31744.127193706332
 10
49099.12430507612
 20
31785.82824448479
 10
49140.98324915519
 20
31827.52929526324
 10
49140.98324915519
 20
32161.137701490894
  0
LWPOLYLINE
  5
205
330
17
100
AcDbEntity
  8
RASTER_CONTOURS
100
AcDbPolyline
 90
15
 70
1
 10
48596.81697612732
 20
32244.539803047806
 10
48722.393808364526
 20
32244.539803047806
 10
48806.11169652266
 20
32161.137701490894
 10
48806.11169652266
 20
31702.426142927874
 10
48847.970640601714
 20
31702.426142927874
 10
48806.11169652266
 20
32119.436650712436
 10
48931.68852875985
 20
32244.539803047806
 10
49015.406416917984
 20
32244.539803047806
 10
49099.12430507612
 20
32161.137701490894
 10
49099.12430507612
 20
31619.02404137096
 10
49057.26536099706
 20
31577.322990592504
 10
48806.11169652266
 20
31619.02404137096
 10
48638.67592020639
 20
31535.62193981405
 10
48513.09908796918
 20
31619.02404137096
 10
48513.09908796918
 20
32161.137701490894
  0
LWPOLYLINE
  5
206
330
17
100
AcDbEntity
  8
RASTER_CONTOURS
100
AcDbPolyline
 90
9
 70
1
 10
48303.80436757385
 20
32244.539803047806
 10
48387.52225573199
 20
32244.539803047806
 10
48513.09908796918
 20
32119.436650712436
 10
48513.09908796918
 20
31660.72509214942
 10
48345.66331165291
 20
31535.62193981405
 10
48220.08647941572
 20
31619.02404137096
 10
48220.08647941572
 20
31744.127193706332
 10
48178.22753533664
 20
31785.82824448479
 10
48178.22753533664
 20
32119.436650712436
  0
LWPOLYLINE
  5
207
330
17
100
AcDbEntity
  8
RASTER_CONTOURS
100
AcDbPolyline
 90
7
 70
1
 10
47968.93281494132
 20
32244.539803047806
 10
48094.50964717851
 20
32244.539803047806
 10
48178.22753533664
 20
32161.137701490894
 10
48178.22753533664
 20
31619.02404137096
 10
48052.650703099454
 20
31535.62193981405
 10
47885.214926783185
 20
31619.02404137096
 10
47885.214926783185
 20
32161.137701490894
  0
LWPOLYLINE
  5
208
330
17
100
AcDbEntity
  8
RASTER_CONTOURS
100
AcDbPolyline
 90
9
 70
1
 10
30848.624686602954
 20
32369.642955383173
 10
30974.201518840153
 20
32369.642955383173
 10
31057.919406998288
 20
32244.539803047806
 10
31016.06046291922
 20
32202.838752269352
 10
31016.06046291922
 20
31785.82824448479
 10
30932.342574761085
 20
31702.426142927874
 10
30806.765742523887
 20
31702.426142927874
 10
30764.90679844482
 20
31744.127193706332
 10
30764.90679844482
 20
32286.240853826264
  0
LWPOLYLINE
  5
209
330
17
100
AcDbEntity
  8
RASTER_CONTOURS
100
AcDbPolyline
 90
128
 70
1
 10
53452.454489299074
 20
32369.642955383173
 10
53661.74920969442
 20
32411.34400616163
 10
53745.46709785253
 20
32327.941904604722
 10
53829.18498601067
 20
32327.941904604722
 10
53912.9028741688
 20
32411.34400616163
 10
54164.056538643206
 20
32411.34400616163
 10
54205.91548272228
 20
32369.642955383173
 10
54331.492314959476
 20
32369.642955383173
 10
54373.35125903855
 20
32411.34400616163
 10
54666.36386759201
 20
32411.34400616163
 10
54708.22281167108
 20
32369.642955383173
 10
54833.79964390828
 20
32411.34400616163
 10
55168.67119654082
 20
32411.34400616163
 10
55210.53014061989
 20
32369.642955383173
 10
55294.24802877803
 20
32411.34400616163
 10
55670.97852548962
 20
32411.34400616163
 10
55754.696413647755
 20
32327.941904604722
 10
55754.696413647755
 20
31869.2303460417
 10
55796.55535772683
 20
31827.52929526324
 10
55796.55535772683
 20
31660.72509214942
 10
55754.696413647755
 20
31619.02404137096
 10
55754.696413647755
 20
31368.817736700224
 10
55796.55535772683
 20
31327.116685921766
 10
55796.55535772683
 20
30993.508279694117
 10
55754.696413647755
 20
30951.807228915663
 10
55796.55535772683
 20
30910.106178137205
 10
55796.55535772683
 20
29659.07465478351
 10
55754.696413647755
 20
29617.37360400506
 10
55838.41430180589
 20
29325.466248555866
 10
55796.55535772683
 20
29242.06414699895
 10
55796.55535772683
 20
29116.960994663583
 10
55838.41430180589
 20
29075.25994388513
 10
55838.41430180589
 20
28866.754689992846
 10
55796.55535772683
 20
28825.053639214388
 10
55796.55535772683
 20
28616.548385322112
 10
55838.41430180589
 20
28574.847334543654
 10
55838.41430180589
 20
28408.043131429826
 10
55796.55535772683
 20
28366.34208065137
 10
55796.55535772683
 20
28199.53787753755
 10
55838.41430180589
 20
28157.836826759085
 10
55838.41430180589
 20
27865.929471309893
 10
55796.55535772683
 20
27824.22842053144
 10
55838.41430180589
 20
27740.826318974523
 10
55838.41430180589
 20
27490.62001430379
 10
55880.273245884964
 20
27448.91896352533
 10
56173.28585443842
 20
27448.91896352533
 10
56257.00374259656
 20
27365.51686196842
 10
56424.439518912826
 20
27365.51686196842
 10
56466.29846299189
 20
27407.217912746877
 10
56717.452127466284
 20
27282.114760411507
 10
56801.17001562442
 20
27282.114760411507
 10
57010.46473601976
 20
27031.90845574077
 10
57010.46473601976
 20
26740.001100291574
 10
56926.74684786163
 20
26656.598998734666
 10
56926.74684786163
 20
26531.495846399295
 10
56801.17001562442
 20
26406.392694063925
 10
56550.01635115002
 20
26281.289541728558
 10
56466.29846299189
 20
26156.18638939319
 10
56466.29846299189
 20
26072.784287836275
 10
56424.439518912826
 20
26031.08323705782
 10
56382.58057483375
 20
26072.784287836275
 10
56257.00374259656
 20
25864.279033943996
 10
56298.86268667562
 20
25739.175881608626
 10
56550.01635115002
 20
25530.670627716343
 10
56508.15740707096
 20
25488.96957693789
 10
56508.15740707096
 20
25155.361170710235
 10
56550.01635115002
 20
25113.660119931777
 10
56508.15740707096
 20
24696.649612147216
 10
56550.01635115002
 20
24654.948561368765
 10
56550.01635115002
 20
24529.845409033394
 10
56466.29846299189
 20
24279.639104362654
 10
56550.01635115002
 20
24237.9380535842
 10
56550.01635115002
 20
24071.133850470374
 10
56466.29846299189
 20
23987.731748913462
 10
56089.56796628029
 20
23946.030698135008
 10
55838.41430180589
 20
23820.927545799637
 10
55503.54274917335
 20
23862.62859657809
 10
55419.824861015215
 20
23946.030698135008
 10
55419.824861015215
 20
24154.535952027283
 10
55461.68380509429
 20
24196.23700280574
 10
55461.68380509429
 20
24321.34015514111
 10
55419.824861015215
 20
24363.04120591957
 10
55419.824861015215
 20
24613.247510590303
 10
55461.68380509429
 20
24654.948561368765
 10
55419.824861015215
 20
24738.350662925674
 10
55419.824861015215
 20
25113.660119931777
 10
55461.68380509429
 20
25197.062221488693
 10
55419.824861015215
 20
25238.763272267148
 10
55419.824861015215
 20
25614.07272927326
 10
55377.96591693616
 20
25655.77378005171
 10
55377.96591693616
 20
25989.382186279363
 10
55419.824861015215
 20
26031.08323705782
 10
55377.96591693616
 20
26114.485338614733
 10
55377.96591693616
 20
26448.093744842383
 10
55419.824861015215
 20
26489.794795620837
 10
55419.824861015215
 20
26614.897947956208
 10
55377.96591693616
 20
26656.598998734666
 10
55377.96591693616
 20
28449.744182208284
 10
55336.10697285708
 20
28491.44523298674
 10
55336.10697285708
 20
28658.249436100567
 10
55377.96591693616
 20
28699.950486879017
 10
55377.96591693616
 20
28950.156791549758
 10
55336.10697285708
 20
28991.857842328216
 10
55336.10697285708
 20
29659.07465478351
 10
55377.96591693616
 20
29700.775705561973
 10
55336.10697285708
 20
29784.177807118882
 10
55336.10697285708
 20
30034.384111789623
 10
55377.96591693616
 20
30076.085162568077
 10
55377.96591693616
 20
30201.188314903444
 10
55336.10697285708
 20
30242.889365681902
 10
55336.10697285708
 20
31118.611432029487
 10
55377.96591693616
 20
31160.31248280794
 10
55294.24802877803
 20
31243.714584364858
 10
55294.24802877803
 20
31577.322990592504
 10
55336.10697285708
 20
31619.02404137096
 10
55294.24802877803
 20
31660.72509214942
 10
55294.24802877803
 20
31952.63244759861
 10
55001.23542022455
 20
31952.63244759861
 10
54959.37647614549
 20
31994.333498377066
 10
54791.94069982922
 20
31994.333498377066
 10
54750.08175575014
 20
31952.63244759861
 10
54540.78703535482
 20
31952.63244759861
 10
54498.92809127574
 20
31994.333498377066
 10
54331.492314959476
 20
31994.333498377066
 10
54289.633370880416
 20
31952.63244759861
 10
53494.31343337815
 20
31952.63244759861
 10
53410.595545220014
 20
32119.436650712436
 10
53410.595545220014
 20
32327.941904604722
  0
LWPOLYLINE
  5
20A
330
17
100
AcDbEntity
  8
RASTER_CONTOURS
100
AcDbPolyline
 90
6
 70
1
 10
39639.002943207
 20
32411.34400616163
 10
39722.720831365135
 20
32327.941904604722
 10
39722.720831365135
 20
32244.539803047806
 10
39639.002943207
 20
32161.137701490894
 10
39513.426110969805
 20
32244.539803047806
 10
39513.426110969805
 20
32327.941904604722
  0
LWPOLYLINE
  5
20B
330
17
100
AcDbEntity
  8
RASTER_CONTOURS
100
AcDbPolyline
 90
9
 70
1
 10
30555.61207804949
 20
32411.34400616163
 10
30764.90679844482
 20
32244.539803047806
 10
30723.047854365752
 20
32202.838752269352
 10
30764.90679844482
 20
32161.137701490894
 10
30764.90679844482
 20
31785.82824448479
 10
30681.188910286684
 20
31702.426142927874
 10
30513.753133970422
 20
31702.426142927874
 10
30471.894189891354
 20
31744.127193706332
 10
30471.894189891354
 20
32327.941904604722
  0
LWPOLYLINE
  5
20C
330
17
100
AcDbEntity
  8
RASTER_CONTOURS
100
AcDbPolyline
 90
12
 70
1
 10
30262.599469496017
 20
32411.34400616163
 10
30388.17630173322
 20
32411.34400616163
 10
30471.894189891354
 20
32327.941904604722
 10
30471.894189891354
 20
31785.82824448479
 10
30388.17630173322
 20
31702.426142927874
 10
30262.599469496017
 20
31702.426142927874
 10
30178.881581337882
 20
31785.82824448479
 10
30220.74052541695
 20
31827.52929526324
 10
30220.74052541695
 20
31994.333498377066
 10
30178.881581337882
 20
32036.034549155524
 10
30220.74052541695
 20
32202.838752269352
 10
30178.881581337882
 20
32286.240853826264
  0
LWPOLYLINE
  5
20D
330
17
100
AcDbEntity
  8
RASTER_CONTOURS
100
AcDbPolyline
 90
16
 70
1
 10
29718.433196468148
 20
32411.34400616163
 10
29802.15108462628
 20
32411.34400616163
 10
29885.868972784414
 20
32327.941904604722
 10
29927.72791686348
 20
32327.941904604722
 10
29969.58686094255
 20
32411.34400616163
 10
30095.16369317975
 20
32411.34400616163
 10
30178.881581337882
 20
32327.941904604722
 10
30178.881581337882
 20
31744.127193706332
 10
30137.02263725882
 20
31702.426142927874
 10
29969.58686094255
 20
31702.426142927874
 10
29885.868972784414
 20
31952.63244759861
 10
29885.868972784414
 20
31785.82824448479
 10
29802.15108462628
 20
31702.426142927874
 10
29718.433196468148
 20
31702.426142927874
 10
29634.715308310013
 20
31785.82824448479
 10
29634.715308310013
 20
32327.941904604722
  0
LWPOLYLINE
  5
20E
330
17
100
AcDbEntity
  8
RASTER_CONTOURS
100
AcDbPolyline
 90
17
 70
1
 10
29550.997420151878
 20
32411.34400616163
 10
29634.715308310013
 20
32327.941904604722
 10
29634.715308310013
 20
31785.82824448479
 10
29550.997420151878
 20
31702.426142927874
 10
29383.561643835616
 20
31702.426142927874
 10
29341.702699756548
 20
31744.127193706332
 10
29341.702699756548
 20
31952.63244759861
 10
29299.84375567748
 20
31952.63244759861
 10
29299.84375567748
 20
31744.127193706332
 10
29257.984811598413
 20
31702.426142927874
 10
29132.40797936121
 20
31702.426142927874
 10
29048.69009120308
 20
31785.82824448479
 10
29132.40797936121
 20
32119.436650712436
 10
29216.125867519346
 20
32202.838752269352
 10
29341.702699756548
 20
32161.137701490894
 10
29299.84375567748
 20
32286.240853826264
 10
29425.420587914683
 20
32411.34400616163
  0
LWPOLYLINE
  5
20F
330
17
100
AcDbEntity
  8
RASTER_CONTOURS
100
AcDbPolyline
 90
7
 70
1
 10
38592.52934123033
 20
32453.045056940085
 10
38634.3882853094
 20
32411.34400616163
 10
38634.3882853094
 20
32077.73559993398
 10
38718.10617346753
 20
31994.333498377066
 10
38676.247229388464
 20
31952.63244759861
 10
38550.67039715126
 20
31994.333498377066
 10
38550.67039715126
 20
32411.34400616163
  0
LWPOLYLINE
  5
210
330
17
100
AcDbEntity
  8
RASTER_CONTOURS
100
AcDbPolyline
 90
24
 70
1
 10
49810.72635442025
 20
33036.859767838476
 10
49936.30318665746
 20
33036.859767838476
 10
50061.88001889465
 20
32828.35451394619
 10
50061.88001889465
 20
32953.45766628156
 10
50145.59790705278
 20
33036.859767838476
 10
50229.31579521092
 20
33036.859767838476
 10
50354.89262744813
 20
32953.45766628156
 10
50313.03368336905
 20
32870.05556472465
 10
50354.89262744813
 20
32786.653463167735
 10
50313.03368336905
 20
32661.55031083237
 10
50354.89262744813
 20
32619.849260053914
 10
50354.89262744813
 20
32494.746107718543
 10
50313.03368336905
 20
32453.045056940085
 10
50354.89262744813
 20
32369.642955383173
 10
50313.03368336905
 20
32327.941904604722
 10
50145.59790705278
 20
32327.941904604722
 10
50020.021074815595
 20
32453.045056940085
 10
50061.88001889465
 20
32536.447158496998
 10
50020.021074815595
 20
32536.447158496998
 10
50020.021074815595
 20
32369.642955383173
 10
49894.444242578385
 20
32244.539803047806
 10
49768.86741034119
 20
32327.941904604722
 10
49727.008466262116
 20
32411.34400616163
 10
49727.008466262116
 20
32953.45766628156
  0
LWPOLYLINE
  5
211
330
17
100
AcDbEntity
  8
RASTER_CONTOURS
100
AcDbPolyline
 90
8
 70
1
 10
49559.572689945846
 20
33036.859767838476
 10
49643.29057810398
 20
33036.859767838476
 10
49727.008466262116
 20
32911.75661550311
 10
49727.008466262116
 20
32411.34400616163
 10
49643.29057810398
 20
32286.240853826264
 10
49517.713745866786
 20
32286.240853826264
 10
49433.99585770866
 20
32369.642955383173
 10
49433.99585770866
 20
32911.75661550311
  0
LWPOLYLINE
  5
212
330
17
100
AcDbEntity
  8
RASTER_CONTOURS
100
AcDbPolyline
 90
8
 70
1
 10
49224.70113731331
 20
33036.859767838476
 10
49308.41902547144
 20
33036.859767838476
 10
49433.99585770866
 20
32911.75661550311
 10
49433.99585770866
 20
32411.34400616163
 10
49350.27796955052
 20
32286.240853826264
 10
49182.84219323425
 20
32286.240853826264
 10
49140.98324915519
 20
32327.941904604722
 10
49140.98324915519
 20
32953.45766628156
  0
LWPOLYLINE
  5
213
330
17
100
AcDbEntity
  8
RASTER_CONTOURS
100
AcDbPolyline
 90
8
 70
1
 10
48931.68852875985
 20
33036.859767838476
 10
49015.406416917984
 20
33036.859767838476
 10
49099.12430507612
 20
32953.45766628156
 10
49099.12430507612
 20
32369.642955383173
 10
49015.406416917984
 20
32286.240853826264
 10
48889.82958468079
 20
32286.240853826264
 10
48847.970640601714
 20
32327.941904604722
 10
48847.970640601714
 20
32953.45766628156
  0
LWPOLYLINE
  5
214
330
17
100
AcDbEntity
  8
RASTER_CONTOURS
100
AcDbPolyline
 90
8
 70
1
 10
48596.81697612732
 20
33036.859767838476
 10
48722.393808364526
 20
33036.859767838476
 10
48806.11169652266
 20
32953.45766628156
 10
48806.11169652266
 20
32369.642955383173
 10
48722.393808364526
 20
32286.240853826264
 10
48596.81697612732
 20
32286.240853826264
 10
48513.09908796918
 20
32369.642955383173
 10
48513.09908796918
 20
32911.75661550311
  0
LWPOLYLINE
  5
215
330
17
100
AcDbEntity
  8
RASTER_CONTOURS
100
AcDbPolyline
 90
13
 70
1
 10
48303.80436757385
 20
33036.859767838476
 10
48387.52225573199
 20
33036.859767838476
 10
48513.09908796918
 20
32870.05556472465
 10
48513.09908796918
 20
32494.746107718543
 10
48429.38119981105
 20
32286.240853826264
 10
48261.94542349478
 20
32286.240853826264
 10
48178.22753533664
 20
32369.642955383173
 10
48220.08647941572
 20
32453.045056940085
 10
48178.22753533664
 20
32494.746107718543
 10
48220.08647941572
 20
32619.849260053914
 10
48178.22753533664
 20
32744.952412389284
 10
48220.08647941572
 20
32786.653463167735
 10
48220.08647941572
 20
32953.45766628156
  0
LWPOLYLINE
  5
216
330
17
100
AcDbEntity
  8
RASTER_CONTOURS
100
AcDbPolyline
 90
7
 70
1
 10
48094.50964717851
 20
33036.859767838476
 10
48178.22753533664
 20
32953.45766628156
 10
48178.22753533664
 20
32327.941904604722
 10
48010.79175902037
 20
32244.539803047806
 10
47885.214926783185
 20
32369.642955383173
 10
47885.214926783185
 20
32953.45766628156
 10
47968.93281494132
 20
33036.859767838476
  0
LWPOLYLINE
  5
217
330
17
100
AcDbEntity
  8
RASTER_CONTOURS
100
AcDbPolyline
 90
9
 70
1
 10
29760.29214054721
 20
33120.261869395385
 10
29885.868972784414
 20
33078.56081861693
 10
29885.868972784414
 20
32536.447158496998
 10
29802.15108462628
 20
32453.045056940085
 10
29718.433196468148
 20
32453.045056940085
 10
29634.715308310013
 20
32536.447158496998
 10
29634.715308310013
 20
32870.05556472465
 10
29676.57425238908
 20
32911.75661550311
 10
29676.57425238908
 20
33036.859767838476
  0
LWPOLYLINE
  5
218
330
17
100
AcDbEntity
  8
RASTER_CONTOURS
100
AcDbPolyline
 90
8
 70
1
 10
30848.624686602954
 20
33161.96292017384
 10
30974.201518840153
 20
33161.96292017384
 10
31016.06046291922
 20
33120.261869395385
 10
31016.06046291922
 20
32536.447158496998
 10
30974.201518840153
 20
32494.746107718543
 10
30848.624686602954
 20
32494.746107718543
 10
30764.90679844482
 20
32619.849260053914
 10
30764.90679844482
 20
33078.56081861693
  0
LWPOLYLINE
  5
219
330
17
100
AcDbEntity
  8
RASTER_CONTOURS
100
AcDbPolyline
 90
8
 70
1
 10
30555.61207804949
 20
33161.96292017384
 10
30681.188910286684
 20
33161.96292017384
 10
30764.90679844482
 20
33078.56081861693
 10
30764.90679844482
 20
32661.55031083237
 10
30639.329966207617
 20
32453.045056940085
 10
30555.61207804949
 20
32453.045056940085
 10
30471.894189891354
 20
32536.447158496998
 10
30471.894189891354
 20
33078.56081861693
  0
LWPOLYLINE
  5
21A
330
17
100
AcDbEntity
  8
RASTER_CONTOURS
100
AcDbPolyline
 90
16
 70
1
 10
29969.58686094255
 20
33161.96292017384
 10
30137.02263725882
 20
33161.96292017384
 10
30178.881581337882
 20
33120.261869395385
 10
30388.17630173322
 20
33161.96292017384
 10
30471.894189891354
 20
33078.56081861693
 10
30471.894189891354
 20
32536.447158496998
 10
30388.17630173322
 20
32453.045056940085
 10
30262.599469496017
 20
32453.045056940085
 10
30178.881581337882
 20
32578.148209275456
 10
30220.74052541695
 20
32661.55031083237
 10
30178.881581337882
 20
32828.35451394619
 10
30178.881581337882
 20
32536.447158496998
 10
30095.16369317975
 20
32453.045056940085
 10
30011.445805021616
 20
32453.045056940085
 10
29927.72791686348
 20
32536.447158496998
 10
29927.72791686348
 20
33120.261869395385
  0
LWPOLYLINE
  5
21B
330
17
100
AcDbEntity
  8
RASTER_CONTOURS
100
AcDbPolyline
 90
8
 70
1
 10
6193.706624032555
 20
33120.261869395385
 10
6277.424512190688
 20
33203.6639709523
 10
6654.15500890229
 20
33203.6639709523
 10
6737.872897060424
 20
33120.261869395385
 10
6737.872897060424
 20
32953.45766628156
 10
6654.15500890229
 20
32870.05556472465
 10
6277.424512190688
 20
32870.05556472465
 10
6193.706624032555
 20
32953.45766628156
  0
LWPOLYLINE
  5
21C
330
17
100
AcDbEntity
  8
RASTER_CONTOURS
100
AcDbPolyline
 90
74
 70
1
 10
53159.44188074562
 20
33328.76712328767
 10
53494.31343337815
 20
33328.76712328767
 10
53536.17237745721
 20
33287.06607250922
 10
53536.17237745721
 20
32536.447158496998
 10
53326.87765706188
 20
32453.045056940085
 10
53326.87765706188
 20
31910.931396820153
 10
53368.73660114094
 20
31869.2303460417
 10
55126.81225246176
 20
31869.2303460417
 10
55210.53014061989
 20
31785.82824448479
 10
55210.53014061989
 20
31493.92088903559
 10
55252.389084698945
 20
31452.219838257137
 10
55252.389084698945
 20
29075.25994388513
 10
55294.24802877803
 20
29033.558893106674
 10
55294.24802877803
 20
26823.40320184849
 10
55336.10697285708
 20
26781.70215107003
 10
55336.10697285708
 20
23862.62859657809
 10
55294.24802877803
 20
23820.927545799637
 10
55084.95330838268
 20
23820.927545799637
 10
55043.09436430362
 20
23779.22649502118
 10
55001.23542022455
 20
23820.927545799637
 10
54875.65858798735
 20
23820.927545799637
 10
54791.94069982922
 20
23904.329647356546
 10
54791.94069982922
 20
26781.70215107003
 10
54917.51753206641
 20
26865.104252626945
 10
54917.51753206641
 20
27115.310557297686
 10
54959.37647614549
 20
27157.011608076136
 10
54917.51753206641
 20
27240.413709633056
 10
54917.51753206641
 20
27907.63052208835
 10
54959.37647614549
 20
27949.33157286681
 10
54959.37647614549
 20
28157.836826759085
 10
54917.51753206641
 20
28199.53787753755
 10
54917.51753206641
 20
28408.043131429826
 10
54833.79964390828
 20
28491.44523298674
 10
54833.79964390828
 20
29909.280959454252
 10
54875.65858798735
 20
29950.98201023271
 10
54833.79964390828
 20
29992.68306101117
 10
54833.79964390828
 20
30117.786213346535
 10
54875.65858798735
 20
30159.487264124993
 10
54833.79964390828
 20
30201.188314903444
 10
54875.65858798735
 20
30284.590416460363
 10
54833.79964390828
 20
30367.992518017272
 10
54833.79964390828
 20
30910.106178137205
 10
54875.65858798735
 20
30951.807228915663
 10
54833.79964390828
 20
31202.0135335864
 10
54875.65858798735
 20
31243.714584364858
 10
54875.65858798735
 20
31410.51878747868
 10
54791.94069982922
 20
31452.219838257137
 10
53578.031321536284
 20
31452.219838257137
 10
53536.17237745721
 20
31410.51878747868
 10
53410.595545220014
 20
31452.219838257137
 10
53326.87765706188
 20
31285.41563514331
 10
53368.73660114094
 20
31243.714584364858
 10
53326.87765706188
 20
31202.0135335864
 10
53368.73660114094
 20
31118.611432029487
 10
53326.87765706188
 20
31076.91038125103
 10
53368.73660114094
 20
30993.508279694117
 10
53326.87765706188
 20
30910.106178137205
 10
53326.87765706188
 20
30743.301975023376
 10
53368.73660114094
 20
30701.600924244925
 10
53326.87765706188
 20
30576.497771909555
 10
53201.30082482467
 20
30493.09567035264
 10
53075.72399258748
 20
30534.7967211311
 10
52908.28821627121
 20
30493.09567035264
 10
52824.57032811308
 20
30576.497771909555
 10
52824.57032811308
 20
30701.600924244925
 10
52866.42927219214
 20
30743.301975023376
 10
52824.57032811308
 20
30785.003025801834
 10
52824.57032811308
 20
31410.51878747868
 10
52740.85243995494
 20
31493.92088903559
 10
52740.85243995494
 20
31785.82824448479
 10
52824.57032811308
 20
31869.2303460417
 10
52950.14716035027
 20
31869.2303460417
 10
53117.582936666535
 20
31952.63244759861
 10
53117.582936666535
 20
33287.06607250922
  0
LWPOLYLINE
  5
21D
330
17
100
AcDbEntity
  8
RASTER_CONTOURS
100
AcDbPolyline
 90
53
 70
1
 10
25992.987173431196
 20
32953.45766628156
 10
25909.26928527306
 20
32870.05556472465
 10
25825.551397114927
 20
32911.75661550311
 10
24695.35990698012
 20
32911.75661550311
 10
24611.64201882199
 20
32870.05556472465
 10
24569.78307474292
 20
32911.75661550311
 10
24486.065186584787
 20
32828.35451394619
 10
24486.065186584787
 20
32202.838752269352
 10
24402.347298426652
 20
32119.436650712436
 10
23983.75785763598
 20
32119.436650712436
 10
23900.039969477846
 20
32077.73559993398
 10
23900.039969477846
 20
31285.41563514331
 10
23816.32208131972
 20
31202.0135335864
 10
23648.88630500345
 20
31202.0135335864
 10
23607.02736092438
 20
31160.31248280794
 10
23523.30947276625
 20
31202.0135335864
 10
22979.143199738377
 20
31202.0135335864
 10
22937.28425565931
 20
31160.31248280794
 10
22853.566367501175
 20
31202.0135335864
 10
22183.823262236107
 20
31202.0135335864
 10
22141.96431815704
 20
31160.31248280794
 10
21974.528541840773
 20
31160.31248280794
 10
21932.669597761706
 20
31118.611432029487
 10
21932.669597761706
 20
30951.807228915663
 10
21890.810653682638
 20
30910.106178137205
 10
21848.95170960357
 20
30951.807228915663
 10
21848.95170960357
 20
31702.426142927874
 10
21807.092765524503
 20
31744.127193706332
 10
21807.092765524503
 20
31910.931396820153
 10
22183.823262236107
 20
32036.034549155524
 10
22183.823262236107
 20
32494.746107718543
 10
22225.682206315174
 20
32536.447158496998
 10
22183.823262236107
 20
32703.251361610826
 10
22225.682206315174
 20
32744.952412389284
 10
22309.40009447331
 20
32703.251361610826
 10
22309.40009447331
 20
32286.240853826264
 10
22393.117982631444
 20
32244.539803047806
 10
24360.488354347584
 20
32244.539803047806
 10
24402.347298426652
 20
32327.941904604722
 10
24402.347298426652
 20
32870.05556472465
 10
24360.488354347584
 20
32911.75661550311
 10
24402.347298426652
 20
32953.45766628156
 10
24360.488354347584
 20
33036.859767838476
 10
24402.347298426652
 20
33078.56081861693
 10
24360.488354347584
 20
33120.261869395385
 10
24402.347298426652
 20
33161.96292017384
 10
24402.347298426652
 20
33453.87027562304
 10
24444.20624250572
 20
33495.57132640149
 10
24486.065186584787
 20
33453.87027562304
 10
24486.065186584787
 20
33120.261869395385
 10
24527.924130663854
 20
33036.859767838476
 10
25867.410341193994
 20
33036.859767838476
 10
25909.26928527306
 20
33078.56081861693
  0
LWPOLYLINE
  5
21E
330
17
100
AcDbEntity
  8
RASTER_CONTOURS
100
AcDbPolyline
 90
49
 70
1
 10
38759.96511754659
 20
33495.57132640149
 10
38969.25983794193
 20
33578.97342795841
 10
39094.83667017913
 20
33578.97342795841
 10
39262.2724464954
 20
33495.57132640149
 10
39471.56716689074
 20
33495.57132640149
 10
39722.720831365135
 20
33578.97342795841
 10
40852.912321499934
 20
33578.97342795841
 10
40936.63020965807
 20
33495.57132640149
 10
40936.63020965807
 20
33245.36502173076
 10
40727.33548926274
 20
33120.261869395385
 10
40643.61760110461
 20
33161.96292017384
 10
40392.46393663021
 20
32995.15871706002
 10
40434.322880709275
 20
32911.75661550311
 10
40727.33548926274
 20
32911.75661550311
 10
40769.1944333418
 20
32870.05556472465
 10
40727.33548926274
 20
32786.653463167735
 10
40559.89971294648
 20
32703.251361610826
 10
40685.476545183665
 20
32619.849260053914
 10
40685.476545183665
 20
32453.045056940085
 10
40601.75865702553
 20
32369.642955383173
 10
40350.60499255114
 20
32369.642955383173
 10
40434.322880709275
 20
32327.941904604722
 10
40559.89971294648
 20
32369.642955383173
 10
40769.1944333418
 20
32327.941904604722
 10
40727.33548926274
 20
32411.34400616163
 10
40727.33548926274
 20
32744.952412389284
 10
40852.912321499934
 20
32786.653463167735
 10
40936.63020965807
 20
32703.251361610826
 10
40936.63020965807
 20
32453.045056940085
 10
40852.912321499934
 20
32327.941904604722
 10
40894.77126557901
 20
32161.137701490894
 10
40769.1944333418
 20
32119.436650712436
 10
40476.18182478834
 20
32244.539803047806
 10
40434.322880709275
 20
32202.838752269352
 10
40225.02816031394
 20
32202.838752269352
 10
40099.451328076735
 20
32119.436650712436
 10
39973.87449583953
 20
32119.436650712436
 10
39764.5797754442
 20
32286.240853826264
 10
39722.720831365135
 20
32411.34400616163
 10
39471.56716689074
 20
32411.34400616163
 10
39429.70822281167
 20
32369.642955383173
 10
39471.56716689074
 20
32327.941904604722
 10
39387.8492787326
 20
32202.838752269352
 10
39136.6956142582
 20
32286.240853826264
 10
39052.97772610006
 20
32161.137701490894
 10
38801.82406162566
 20
32077.73559993398
 10
38718.10617346753
 20
32161.137701490894
 10
38718.10617346753
 20
32578.148209275456
 10
38801.82406162566
 20
32828.35451394619
  0
LWPOLYLINE
  5
21F
330
17
100
AcDbEntity
  8
RASTER_CONTOURS
100
AcDbPolyline
 90
9
 70
1
 10
17704.91624577595
 20
33537.27237717995
 10
17663.057301696885
 20
32911.75661550311
 10
17621.198357617817
 20
32870.05556472465
 10
17663.057301696885
 20
32828.35451394619
 10
17746.775189855016
 20
32828.35451394619
 10
17746.775189855016
 20
33287.06607250922
 10
17704.91624577595
 20
33328.76712328767
 10
17704.91624577595
 20
33453.87027562304
 10
17746.775189855016
 20
33495.57132640149
  0
LWPOLYLINE
  5
220
330
17
100
AcDbEntity
  8
RASTER_CONTOURS
100
AcDbPolyline
 90
10
 70
1
 10
4728.6435812652135
 20
33704.076580293775
 10
4854.220413502414
 20
33787.47868185069
 10
4979.7972457396145
 20
33954.282884964516
 10
5105.374077976815
 20
33995.983935742974
 10
6528.578176665089
 20
33995.983935742974
 10
6654.15500890229
 20
33912.58183418606
 10
6654.15500890229
 20
33495.57132640149
 10
6570.437120744156
 20
33412.16922484458
 10
4770.502525344281
 20
33412.16922484458
 10
4728.6435812652135
 20
33453.87027562304
  0
LWPOLYLINE
  5
221
330
17
100
AcDbEntity
  8
RASTER_CONTOURS
100
AcDbPolyline
 90
7
 70
1
 10
49727.008466262116
 20
34037.684986521424
 10
49936.30318665746
 20
33912.58183418606
 10
49936.30318665746
 20
33412.16922484458
 10
49852.585298499325
 20
33328.76712328767
 10
49727.008466262116
 20
33328.76712328767
 10
49643.29057810398
 20
33412.16922484458
 10
49643.29057810398
 20
33954.282884964516
  0
LWPOLYLINE
  5
222
330
17
100
AcDbEntity
  8
RASTER_CONTOURS
100
AcDbPolyline
 90
8
 70
1
 10
51275.789397187604
 20
34079.38603729988
 10
51359.50728534574
 20
34079.38603729988
 10
51485.084117582934
 20
33954.282884964516
 10
51485.084117582934
 20
33453.87027562304
 10
51401.3662294248
 20
33328.76712328767
 10
51275.789397187604
 20
33328.76712328767
 10
51192.07150902947
 20
33412.16922484458
 10
51192.07150902947
 20
33995.983935742974
  0
LWPOLYLINE
  5
223
330
17
100
AcDbEntity
  8
RASTER_CONTOURS
100
AcDbPolyline
 90
10
 70
1
 10
50940.91784455507
 20
34079.38603729988
 10
51108.353620871334
 20
34079.38603729988
 10
51192.07150902947
 20
33954.282884964516
 10
51192.07150902947
 20
33537.27237717995
 10
51066.49467679226
 20
33328.76712328767
 10
50940.91784455507
 20
33328.76712328767
 10
50857.19995639694
 20
33453.87027562304
 10
50899.05890047599
 20
33495.57132640149
 10
50857.19995639694
 20
33537.27237717995
 10
50857.19995639694
 20
33995.983935742974
  0
LWPOLYLINE
  5
224
330
17
100
AcDbEntity
  8
RASTER_CONTOURS
100
AcDbPolyline
 90
8
 70
1
 10
50647.90523600159
 20
34079.38603729988
 10
50773.4820682388
 20
34079.38603729988
 10
50857.19995639694
 20
33995.983935742974
 10
50857.19995639694
 20
33412.16922484458
 10
50773.4820682388
 20
33328.76712328767
 10
50689.76418008067
 20
33328.76712328767
 10
50564.18734784346
 20
33453.87027562304
 10
50564.18734784346
 20
33995.983935742974
  0
LWPOLYLINE
  5
225
330
17
100
AcDbEntity
  8
RASTER_CONTOURS
100
AcDbPolyline
 90
8
 70
1
 10
50313.03368336905
 20
34079.38603729988
 10
50480.46945968532
 20
34079.38603729988
 10
50564.18734784346
 20
33995.983935742974
 10
50564.18734784346
 20
33412.16922484458
 10
50480.46945968532
 20
33328.76712328767
 10
50354.89262744813
 20
33328.76712328767
 10
50271.17473928999
 20
33412.16922484458
 10
50271.17473928999
 20
34037.684986521424
  0
LWPOLYLINE
  5
226
330
17
100
AcDbEntity
  8
RASTER_CONTOURS
100
AcDbPolyline
 90
10
 70
1
 10
49517.713745866786
 20
34079.38603729988
 10
49643.29057810398
 20
33954.282884964516
 10
49601.43163402492
 20
33912.58183418606
 10
49601.43163402492
 20
33370.468174066125
 10
49559.572689945846
 20
33328.76712328767
 10
49433.99585770866
 20
33328.76712328767
 10
49350.27796955052
 20
33453.87027562304
 10
49350.27796955052
 20
33745.77763107223
 10
49433.99585770866
 20
33870.8807834076
 10
49433.99585770866
 20
33995.983935742974
  0
LWPOLYLINE
  5
227
330
17
100
AcDbEntity
  8
RASTER_CONTOURS
100
AcDbPolyline
 90
5
 70
1
 10
49266.56008139239
 20
34079.38603729988
 10
49392.136913629576
 20
33870.8807834076
 10
49182.84219323425
 20
33620.67447873686
 10
49140.98324915519
 20
33662.37552951532
 10
49140.98324915519
 20
33995.983935742974
  0
LWPOLYLINE
  5
228
330
17
100
AcDbEntity
  8
RASTER_CONTOURS
100
AcDbPolyline
 90
11
 70
1
 10
48596.81697612732
 20
34079.38603729988
 10
48764.25275244358
 20
34079.38603729988
 10
48806.11169652266
 20
34037.684986521424
 10
48806.11169652266
 20
33787.47868185069
 10
48847.970640601714
 20
33745.77763107223
 10
48806.11169652266
 20
33704.076580293775
 10
48806.11169652266
 20
33412.16922484458
 10
48722.393808364526
 20
33328.76712328767
 10
48638.67592020639
 20
33328.76712328767
 10
48513.09908796918
 20
33412.16922484458
 10
48513.09908796918
 20
33995.983935742974
  0
LWPOLYLINE
  5
229
330
17
100
AcDbEntity
  8
RASTER_CONTOURS
100
AcDbPolyline
 90
8
 70
1
 10
48261.94542349478
 20
34079.38603729988
 10
48429.38119981105
 20
34079.38603729988
 10
48513.09908796918
 20
33912.58183418606
 10
48513.09908796918
 20
33453.87027562304
 10
48429.38119981105
 20
33328.76712328767
 10
48303.80436757385
 20
33328.76712328767
 10
48220.08647941572
 20
33412.16922484458
 10
48220.08647941572
 20
34037.684986521424
  0
LWPOLYLINE
  5
22A
330
17
100
AcDbEntity
  8
RASTER_CONTOURS
100
AcDbPolyline
 90
8
 70
1
 10
47968.93281494132
 20
34079.38603729988
 10
48136.36859125758
 20
34079.38603729988
 10
48178.22753533664
 20
34037.684986521424
 10
48178.22753533664
 20
33370.468174066125
 10
48136.36859125758
 20
33328.76712328767
 10
47968.93281494132
 20
33328.76712328767
 10
47885.214926783185
 20
33412.16922484458
 10
47885.214926783185
 20
33995.983935742974
  0
LWPOLYLINE
  5
22B
330
17
100
AcDbEntity
  8
RASTER_CONTOURS
100
AcDbPolyline
 90
7
 70
1
 10
50103.73896297373
 20
34121.08708807834
 10
50229.31579521092
 20
34037.684986521424
 10
50229.31579521092
 20
33412.16922484458
 10
50145.59790705278
 20
33328.76712328767
 10
50061.88001889465
 20
33328.76712328767
 10
49978.16213073652
 20
33412.16922484458
 10
49978.16213073652
 20
34037.684986521424
  0
LWPOLYLINE
  5
22C
330
17
100
AcDbEntity
  8
RASTER_CONTOURS
100
AcDbPolyline
 90
13
 70
1
 10
48973.54747283892
 20
34121.08708807834
 10
49057.26536099706
 20
34079.38603729988
 10
49140.98324915519
 20
33954.282884964516
 10
49099.12430507612
 20
33912.58183418606
 10
49140.98324915519
 20
33870.8807834076
 10
49099.12430507612
 20
33787.47868185069
 10
49140.98324915519
 20
33578.97342795841
 10
49099.12430507612
 20
33537.27237717995
 10
49099.12430507612
 20
33412.16922484458
 10
49015.406416917984
 20
33328.76712328767
 10
48931.68852875985
 20
33328.76712328767
 10
48847.970640601714
 20
33412.16922484458
 10
48847.970640601714
 20
34037.684986521424
  0
LWPOLYLINE
  5
22D
330
17
100
AcDbEntity
  8
RASTER_CONTOURS
100
AcDbPolyline
 90
9
 70
1
 10
53452.454489299074
 20
34204.48918963525
 10
53578.031321536284
 20
34204.48918963525
 10
53661.74920969442
 20
34037.684986521424
 10
53661.74920969442
 20
33495.57132640149
 10
53578.031321536284
 20
33412.16922484458
 10
53368.73660114094
 20
33537.27237717995
 10
53410.595545220014
 20
33662.37552951532
 10
53368.73660114094
 20
33745.77763107223
 10
53368.73660114094
 20
33995.983935742974
  0
LWPOLYLINE
  5
22E
330
17
100
AcDbEntity
  8
RASTER_CONTOURS
100
AcDbPolyline
 90
7
 70
1
 10
53243.15976890375
 20
34204.48918963525
 10
53326.87765706188
 20
34121.08708807834
 10
53326.87765706188
 20
33537.27237717995
 10
53159.44188074562
 20
33412.16922484458
 10
53075.72399258748
 20
33495.57132640149
 10
53075.72399258748
 20
34121.08708807834
 10
53159.44188074562
 20
34204.48918963525
  0
LWPOLYLINE
  5
22F
330
17
100
AcDbEntity
  8
RASTER_CONTOURS
100
AcDbPolyline
 90
6
 70
1
 10
22937.28425565931
 20
34162.78813885679
 10
22979.143199738377
 20
34037.684986521424
 10
23732.604193161584
 20
34037.684986521424
 10
23774.46313724065
 20
34079.38603729988
 10
23774.46313724065
 20
34162.78813885679
 10
23648.88630500345
 20
34121.08708807834
  0
LWPOLYLINE
  5
230
330
17
100
AcDbEntity
  8
RASTER_CONTOURS
100
AcDbPolyline
 90
4
 70
1
 10
34281.05810108644
 20
34246.19024041371
 10
34113.62232477017
 20
34246.19024041371
 10
34071.7633806911
 20
34204.48918963525
 10
34071.7633806911
 20
34079.38603729988
  0
LWPOLYLINE
  5
231
330
17
100
AcDbEntity
  8
RASTER_CONTOURS
100
AcDbPolyline
 90
4
 70
1
 10
28504.523818175207
 20
34287.891291192165
 10
28378.946985938004
 20
34162.78813885679
 10
28504.523818175207
 20
34079.38603729988
 10
28588.24170633334
 20
34162.78813885679
  0
LWPOLYLINE
  5
232
330
17
100
AcDbEntity
  8
RASTER_CONTOURS
100
AcDbPolyline
 90
10
 70
1
 10
35369.39064714218
 20
34246.19024041371
 10
35285.672758984045
 20
34371.293392749074
 10
35243.81381490498
 20
34329.592341970616
 10
34657.78859779804
 20
34329.592341970616
 10
34615.92965371897
 20
34287.891291192165
 10
34574.070709639906
 20
34329.592341970616
 10
34406.634933323636
 20
34329.592341970616
 10
34364.77598924457
 20
34287.891291192165
 10
34406.634933323636
 20
34204.48918963525
 10
35327.53170306311
 20
34204.48918963525
  0
LWPOLYLINE
  5
233
330
17
100
AcDbEntity
  8
RASTER_CONTOURS
100
AcDbPolyline
 90
7
 70
1
 10
28044.075433305472
 20
34162.78813885679
 10
27918.498601068273
 20
34371.293392749074
 10
27792.92176883107
 20
34204.48918963525
 10
27625.4859925148
 20
34246.19024041371
 10
27625.4859925148
 20
34121.08708807834
 10
27834.78071291014
 20
34121.08708807834
 10
27918.498601068273
 20
34037.684986521424
  0
LWPOLYLINE
  5
234
330
17
100
AcDbEntity
  8
RASTER_CONTOURS
100
AcDbPolyline
 90
17
 70
1
 10
29216.125867519346
 20
34412.99444352753
 10
29174.26692344028
 20
34371.293392749074
 10
29048.69009120308
 20
34412.99444352753
 10
29048.69009120308
 20
34287.891291192165
 10
28964.972203044945
 20
34204.48918963525
 10
28839.395370807742
 20
34204.48918963525
 10
28755.677482649608
 20
34287.891291192165
 10
28671.959594491473
 20
34162.78813885679
 10
28755.677482649608
 20
34079.38603729988
 10
28755.677482649608
 20
33745.77763107223
 10
28713.81853857054
 20
33620.67447873686
 10
28797.536426728675
 20
33704.076580293775
 10
28839.395370807742
 20
33870.8807834076
 10
28923.113258965877
 20
33954.282884964516
 10
28923.113258965877
 20
34037.684986521424
 10
29090.549035282143
 20
34204.48918963525
 10
29257.984811598413
 20
34287.891291192165
  0
LWPOLYLINE
  5
235
330
17
100
AcDbEntity
  8
RASTER_CONTOURS
100
AcDbPolyline
 90
6
 70
1
 10
49852.585298499325
 20
34538.097595862906
 10
49936.30318665746
 20
34454.69549430599
 10
49936.30318665746
 20
34287.891291192165
 10
49894.444242578385
 20
34246.19024041371
 10
49810.72635442025
 20
34246.19024041371
 10
49727.008466262116
 20
34329.592341970616
  0
LWPOLYLINE
  5
236
330
17
100
AcDbEntity
  8
RASTER_CONTOURS
100
AcDbPolyline
 90
8
 70
1
 10
43531.88474256023
 20
34496.39654508445
 10
43364.44896624396
 20
34412.99444352753
 10
43322.590022164884
 20
34454.69549430599
 10
43155.154245848615
 20
34454.69549430599
 10
43197.01318992769
 20
34412.99444352753
 10
43155.154245848615
 20
34329.592341970616
 10
43238.87213400675
 20
34371.293392749074
 10
43490.02579848115
 20
34329.592341970616
  0
LWPOLYLINE
  5
237
330
17
100
AcDbEntity
  8
RASTER_CONTOURS
100
AcDbPolyline
 90
8
 70
1
 10
33611.31499582137
 20
34579.79864664136
 10
33695.032883979504
 20
34579.79864664136
 10
33820.609716216706
 20
34496.39654508445
 10
33820.609716216706
 20
32661.55031083237
 10
33736.89182805857
 20
32578.148209275456
 10
33611.31499582137
 20
32578.148209275456
 10
33527.597107663234
 20
32661.55031083237
 10
33527.597107663234
 20
34496.39654508445
  0
LWPOLYLINE
  5
238
330
17
100
AcDbEntity
  8
RASTER_CONTOURS
100
AcDbPolyline
 90
9
 70
1
 10
51443.22517350387
 20
34788.30390053364
 10
51485.084117582934
 20
34746.60284975518
 10
51485.084117582934
 20
34371.293392749074
 10
51443.22517350387
 20
34329.592341970616
 10
51443.22517350387
 20
34204.48918963525
 10
51275.789397187604
 20
34121.08708807834
 10
51192.07150902947
 20
34204.48918963525
 10
51192.07150902947
 20
34746.60284975518
 10
51233.93045310853
 20
34788.30390053364
  0
LWPOLYLINE
  5
239
330
17
100
AcDbEntity
  8
RASTER_CONTOURS
100
AcDbPolyline
 90
8
 70
1
 10
50647.90523600159
 20
34788.30390053364
 10
50773.4820682388
 20
34788.30390053364
 10
50857.19995639694
 20
34663.20074819827
 10
50857.19995639694
 20
34246.19024041371
 10
50731.62312415973
 20
34121.08708807834
 10
50689.76418008067
 20
34121.08708807834
 10
50564.18734784346
 20
34287.891291192165
 10
50564.18734784346
 20
34621.499697419815
  0
LWPOLYLINE
  5
23A
330
17
100
AcDbEntity
  8
RASTER_CONTOURS
100
AcDbPolyline
 90
8
 70
1
 10
50313.03368336905
 20
34788.30390053364
 10
50522.3284037644
 20
34788.30390053364
 10
50564.18734784346
 20
34746.60284975518
 10
50564.18734784346
 20
34246.19024041371
 10
50438.61051560626
 20
34121.08708807834
 10
50354.89262744813
 20
34121.08708807834
 10
50271.17473928999
 20
34204.48918963525
 10
50271.17473928999
 20
34746.60284975518
  0
LWPOLYLINE
  5
23B
330
17
100
AcDbEntity
  8
RASTER_CONTOURS
100
AcDbPolyline
 90
9
 70
1
 10
47927.07387086224
 20
34788.30390053364
 10
48178.22753533664
 20
34788.30390053364
 10
48220.08647941572
 20
34746.60284975518
 10
48178.22753533664
 20
34621.499697419815
 10
48178.22753533664
 20
34204.48918963525
 10
48094.50964717851
 20
34121.08708807834
 10
48010.79175902037
 20
34121.08708807834
 10
47885.214926783185
 20
34329.592341970616
 10
47885.214926783185
 20
34746.60284975518
  0
LWPOLYLINE
  5
23C
330
17
100
AcDbEntity
  8
RASTER_CONTOURS
100
AcDbPolyline
 90
8
 70
1
 10
51024.63573271321
 20
34830.0049513121
 10
51192.07150902947
 20
34746.60284975518
 10
51192.07150902947
 20
34287.891291192165
 10
51066.49467679226
 20
34121.08708807834
 10
50940.91784455507
 20
34121.08708807834
 10
50857.19995639694
 20
34287.891291192165
 10
50857.19995639694
 20
34663.20074819827
 10
50899.05890047599
 20
34746.60284975518
  0
LWPOLYLINE
  5
23D
330
17
100
AcDbEntity
  8
RASTER_CONTOURS
100
AcDbPolyline
 90
7
 70
1
 10
50103.73896297373
 20
34830.0049513121
 10
50229.31579521092
 20
34746.60284975518
 10
50229.31579521092
 20
34204.48918963525
 10
50145.59790705278
 20
34121.08708807834
 10
50061.88001889465
 20
34121.08708807834
 10
49978.16213073652
 20
34204.48918963525
 10
49978.16213073652
 20
34746.60284975518
  0
LWPOLYLINE
  5
23E
330
17
100
AcDbEntity
  8
RASTER_CONTOURS
100
AcDbPolyline
 90
7
 70
1
 10
49559.572689945846
 20
34830.0049513121
 10
49727.008466262116
 20
34746.60284975518
 10
49727.008466262116
 20
34496.39654508445
 10
49601.43163402492
 20
34162.78813885679
 10
49517.713745866786
 20
34162.78813885679
 10
49433.99585770866
 20
34329.592341970616
 10
49433.99585770866
 20
34663.20074819827
  0
LWPOLYLINE
  5
23F
330
17
100
AcDbEntity
  8
RASTER_CONTOURS
100
AcDbPolyline
 90
7
 70
1
 10
49266.56008139239
 20
34830.0049513121
 10
49433.99585770866
 20
34746.60284975518
 10
49433.99585770866
 20
34204.48918963525
 10
49350.27796955052
 20
34121.08708807834
 10
49224.70113731331
 20
34121.08708807834
 10
49140.98324915519
 20
34204.48918963525
 10
49140.98324915519
 20
34746.60284975518
  0
LWPOLYLINE
  5
240
330
17
100
AcDbEntity
  8
RASTER_CONTOURS
100
AcDbPolyline
 90
8
 70
1
 10
48973.54747283892
 20
34830.0049513121
 10
49140.98324915519
 20
34704.90179897672
 10
49099.12430507612
 20
34621.499697419815
 10
49099.12430507612
 20
34204.48918963525
 10
49015.406416917984
 20
34121.08708807834
 10
48931.68852875985
 20
34121.08708807834
 10
48847.970640601714
 20
34204.48918963525
 10
48847.970640601714
 20
34746.60284975518
  0
LWPOLYLINE
  5
241
330
17
100
AcDbEntity
  8
RASTER_CONTOURS
100
AcDbPolyline
 90
9
 70
1
 10
48638.67592020639
 20
34830.0049513121
 10
48722.393808364526
 20
34830.0049513121
 10
48847.970640601714
 20
34704.90179897672
 10
48806.11169652266
 20
34663.20074819827
 10
48806.11169652266
 20
34204.48918963525
 10
48722.393808364526
 20
34121.08708807834
 10
48596.81697612732
 20
34121.08708807834
 10
48513.09908796918
 20
34287.891291192165
 10
48513.09908796918
 20
34746.60284975518
  0
LWPOLYLINE
  5
242
330
17
100
AcDbEntity
  8
RASTER_CONTOURS
100
AcDbPolyline
 90
9
 70
1
 10
48303.80436757385
 20
34830.0049513121
 10
48345.66331165291
 20
34788.30390053364
 10
48387.52225573199
 20
34830.0049513121
 10
48513.09908796918
 20
34704.90179897672
 10
48513.09908796918
 20
34329.592341970616
 10
48387.52225573199
 20
34121.08708807834
 10
48303.80436757385
 20
34121.08708807834
 10
48220.08647941572
 20
34204.48918963525
 10
48220.08647941572
 20
34746.60284975518
  0
LWPOLYLINE
  5
243
330
17
100
AcDbEntity
  8
RASTER_CONTOURS
100
AcDbPolyline
 90
65
 70
1
 10
46043.42138730423
 20
34579.79864664136
 10
46796.88238072744
 20
34746.60284975518
 10
46838.74132480651
 20
34788.30390053364
 10
47048.03604520184
 20
34788.30390053364
 10
47089.894989280896
 20
34830.0049513121
 10
47801.49703862505
 20
34788.30390053364
 10
47885.214926783185
 20
34704.90179897672
 10
47885.214926783185
 20
34287.891291192165
 10
47843.3559827041
 20
34204.48918963525
 10
47717.779150466915
 20
34121.08708807834
 10
47592.202318229705
 20
34204.48918963525
 10
47592.202318229705
 20
34329.592341970616
 10
47508.48443007157
 20
34162.78813885679
 10
47257.330765597166
 20
34079.38603729988
 10
47508.48443007157
 20
34079.38603729988
 10
47550.343374150645
 20
33954.282884964516
 10
47592.202318229705
 20
33954.282884964516
 10
47675.92020638784
 20
34079.38603729988
 10
47801.49703862505
 20
34079.38603729988
 10
47885.214926783185
 20
33995.983935742974
 10
47843.3559827041
 20
33870.8807834076
 10
47885.214926783185
 20
33829.17973262914
 10
47885.214926783185
 20
33453.87027562304
 10
47801.49703862505
 20
33328.76712328767
 10
47675.92020638784
 20
33328.76712328767
 10
47592.202318229705
 20
33412.16922484458
 10
47592.202318229705
 20
33829.17973262914
 10
47550.343374150645
 20
33370.468174066125
 10
47382.907597834375
 20
33245.36502173076
 10
47424.766541913436
 20
33203.6639709523
 10
47382.907597834375
 20
33161.96292017384
 10
47424.766541913436
 20
33036.859767838476
 10
47508.48443007157
 20
33036.859767838476
 10
47592.202318229705
 20
32911.75661550311
 10
47634.06126230878
 20
33036.859767838476
 10
47759.638094545975
 20
33036.859767838476
 10
47843.3559827041
 20
32953.45766628156
 10
47885.214926783185
 20
32828.35451394619
 10
47885.214926783185
 20
32578.148209275456
 10
47843.3559827041
 20
32536.447158496998
 10
47885.214926783185
 20
32369.642955383173
 10
47801.49703862505
 20
32286.240853826264
 10
47634.06126230878
 20
32286.240853826264
 10
47592.202318229705
 20
32327.941904604722
 10
47508.48443007157
 20
32286.240853826264
 10
47257.330765597166
 20
32286.240853826264
 10
47424.766541913436
 20
32286.240853826264
 10
47550.343374150645
 20
32161.137701490894
 10
47634.06126230878
 20
32244.539803047806
 10
47801.49703862505
 20
32244.539803047806
 10
47885.214926783185
 20
32119.436650712436
 10
47885.214926783185
 20
31744.127193706332
 10
47843.3559827041
 20
31702.426142927874
 10
47885.214926783185
 20
31660.72509214942
 10
47759.638094545975
 20
31535.62193981405
 10
47592.202318229705
 20
31577.322990592504
 10
47550.343374150645
 20
31619.02404137096
 10
47550.343374150645
 20
31744.127193706332
 10
47550.343374150645
 20
31619.02404137096
 10
47466.62548599251
 20
31535.62193981405
 10
47131.75393335998
 20
31535.62193981405
 10
46462.0108280949
 20
31827.52929526324
 10
46252.716107699576
 20
31869.2303460417
 10
45917.84455506704
 20
32077.73559993398
 10
45917.84455506704
 20
34454.69549430599
  0
LWPOLYLINE
  5
244
330
17
100
AcDbEntity
  8
RASTER_CONTOURS
100
AcDbPolyline
 90
32
 70
1
 10
45331.8193379601
 20
34913.407052869006
 10
45582.973002434504
 20
34913.407052869006
 10
45666.69089059264
 20
34746.60284975518
 10
45666.69089059264
 20
32369.642955383173
 10
45624.831946513565
 20
32327.941904604722
 10
45666.69089059264
 20
32244.539803047806
 10
45582.973002434504
 20
32119.436650712436
 10
45248.101449801965
 20
32119.436650712436
 10
45164.38356164383
 20
32202.838752269352
 10
45164.38356164383
 20
32369.642955383173
 10
45122.524617564755
 20
32411.34400616163
 10
45164.38356164383
 20
32494.746107718543
 10
45122.524617564755
 20
32536.447158496998
 10
45164.38356164383
 20
32578.148209275456
 10
45122.524617564755
 20
32619.849260053914
 10
45122.524617564755
 20
33412.16922484458
 10
45122.524617564755
 20
33287.06607250922
 10
45080.665673485695
 20
33245.36502173076
 10
45122.524617564755
 20
32744.952412389284
 10
45038.80672940662
 20
32661.55031083237
 10
44829.5120090113
 20
32661.55031083237
 10
44787.65306493222
 20
32703.251361610826
 10
44787.65306493222
 20
34454.69549430599
 10
44871.37095309035
 20
34538.097595862906
 10
45038.80672940662
 20
34538.097595862906
 10
45080.665673485695
 20
34496.39654508445
 10
45080.665673485695
 20
33829.17973262914
 10
45122.524617564755
 20
33787.47868185069
 10
45122.524617564755
 20
33620.67447873686
 10
45122.524617564755
 20
34496.39654508445
 10
45248.101449801965
 20
34579.79864664136
 10
45248.101449801965
 20
34830.0049513121
  0
LWPOLYLINE
  5
245
330
17
100
AcDbEntity
  8
RASTER_CONTOURS
100
AcDbPolyline
 90
6
 70
1
 10
24444.20624250572
 20
34913.407052869006
 10
24486.065186584787
 20
34871.70600209055
 10
24486.065186584787
 20
33620.67447873686
 10
24444.20624250572
 20
33578.97342795841
 10
24402.347298426652
 20
33620.67447873686
 10
24402.347298426652
 20
34871.70600209055
  0
LWPOLYLINE
  5
246
330
17
100
AcDbEntity
  8
RASTER_CONTOURS
100
AcDbPolyline
 90
27
 70
1
 10
17160.74997274808
 20
34996.80915442592
 10
17244.467860906214
 20
34913.407052869006
 10
17244.467860906214
 20
33453.87027562304
 10
17202.608916827146
 20
33412.16922484458
 10
17202.608916827146
 20
33245.36502173076
 10
17244.467860906214
 20
33203.6639709523
 10
17244.467860906214
 20
31952.63244759861
 10
17370.044693143413
 20
31910.931396820153
 10
17495.621525380615
 20
31952.63244759861
 10
17537.480469459682
 20
31910.931396820153
 10
17579.33941353875
 20
31952.63244759861
 10
18039.787798408484
 20
31952.63244759861
 10
18081.646742487552
 20
31910.931396820153
 10
18332.800406961953
 20
31910.931396820153
 10
18374.65935104102
 20
31952.63244759861
 10
18500.23618327822
 20
31910.931396820153
 10
19421.13295301769
 20
31952.63244759861
 10
19546.70978525489
 20
31910.931396820153
 10
19630.427673413025
 20
31994.333498377066
 10
19630.427673413025
 20
32619.849260053914
 10
19714.14556157116
 20
32661.55031083237
 10
19756.004505650228
 20
32619.849260053914
 10
19756.004505650228
 20
31869.2303460417
 10
19714.14556157116
 20
31827.52929526324
 10
17202.608916827146
 20
31827.52929526324
 10
17118.891028669015
 20
31910.931396820153
 10
17118.891028669015
 20
34955.108103647464
  0
LWPOLYLINE
  5
247
330
17
100
AcDbEntity
  8
RASTER_CONTOURS
100
AcDbPolyline
 90
7
 70
1
 10
45289.960393881025
 20
35080.21125598284
 10
45331.8193379601
 20
35121.91230676129
 10
45582.973002434504
 20
35121.91230676129
 10
45624.831946513565
 20
34996.80915442592
 10
45499.25511427637
 20
34913.407052869006
 10
45457.396170197295
 20
34955.108103647464
 10
45331.8193379601
 20
34955.108103647464
  0
LWPOLYLINE
  5
248
330
17
100
AcDbEntity
  8
RASTER_CONTOURS
100
AcDbPolyline
 90
10
 70
1
 10
31183.49623923549
 20
35038.51020520438
 10
31225.355183314558
 20
35121.91230676129
 10
33025.28977871443
 20
35121.91230676129
 10
33067.1487227935
 20
35080.21125598284
 10
32899.71294647723
 20
34996.80915442592
 10
32564.841393844697
 20
34996.80915442592
 10
32522.98244976563
 20
35038.51020520438
 10
32355.546673449364
 20
35038.51020520438
 10
32313.687729370296
 20
34996.80915442592
 10
31225.355183314558
 20
34996.80915442592
  0
LWPOLYLINE
  5
249
330
17
100
AcDbEntity
  8
RASTER_CONTOURS
100
AcDbPolyline
 90
6
 70
1
 10
29676.57425238908
 20
35080.21125598284
 10
29718.433196468148
 20
35121.91230676129
 10
30806.765742523887
 20
35121.91230676129
 10
30848.624686602954
 20
35038.51020520438
 10
30806.765742523887
 20
34996.80915442592
 10
29802.15108462628
 20
34996.80915442592
  0
LWPOLYLINE
  5
24A
330
17
100
AcDbEntity
  8
RASTER_CONTOURS
100
AcDbPolyline
 90
12
 70
1
 10
26076.70506158933
 20
35080.21125598284
 10
26118.56400566839
 20
35121.91230676129
 10
29467.27953199375
 20
35121.91230676129
 10
29509.13847607281
 20
35080.21125598284
 10
29425.420587914683
 20
34996.80915442592
 10
28253.37015370081
 20
34996.80915442592
 10
28211.51120962174
 20
35038.51020520438
 10
28127.793321463607
 20
34996.80915442592
 10
28085.93437738454
 20
35038.51020520438
 10
27751.062824752004
 20
35038.51020520438
 10
27709.203880672936
 20
34996.80915442592
 10
26160.42294974746
 20
34996.80915442592
  0
LWPOLYLINE
  5
24B
330
17
100
AcDbEntity
  8
RASTER_CONTOURS
100
AcDbPolyline
 90
33
 70
1
 10
42150.539587951025
 20
35080.21125598284
 10
42401.69325242542
 20
35163.61335753975
 10
42527.27008466262
 20
35121.91230676129
 10
44452.781512299705
 20
35121.91230676129
 10
44536.49940045783
 20
35038.51020520438
 10
44452.781512299705
 20
34955.108103647464
 10
44243.48679190435
 20
34955.108103647464
 10
44201.6278478253
 20
34913.407052869006
 10
44076.05101558809
 20
34955.108103647464
 10
43238.87213400675
 20
34955.108103647464
 10
43280.731078085824
 20
34913.407052869006
 10
44201.6278478253
 20
34913.407052869006
 10
44243.48679190435
 20
34830.0049513121
 10
44494.64045637876
 20
34830.0049513121
 10
44536.49940045783
 20
34788.30390053364
 10
44536.49940045783
 20
33995.983935742974
 10
44452.781512299705
 20
33912.58183418606
 10
44201.6278478253
 20
33995.983935742974
 10
44117.909959667166
 20
34079.38603729988
 10
44201.6278478253
 20
33954.282884964516
 10
44076.05101558809
 20
33870.8807834076
 10
44034.19207150903
 20
33912.58183418606
 10
43908.61523927182
 20
33870.8807834076
 10
42569.12902874168
 20
33870.8807834076
 10
42443.55219650448
 20
33954.282884964516
 10
42485.41114058354
 20
33995.983935742974
 10
42150.539587951025
 20
33954.282884964516
 10
42108.68064387194
 20
33995.983935742974
 10
42108.68064387194
 20
34788.30390053364
 10
42192.39853203008
 20
34871.70600209055
 10
42443.55219650448
 20
34830.0049513121
 10
42359.83430834635
 20
34955.108103647464
 10
42234.25747610916
 20
34955.108103647464
  0
LWPOLYLINE
  5
24C
330
17
100
AcDbEntity
  8
RASTER_CONTOURS
100
AcDbPolyline
 90
21
 70
1
 10
36164.710584644454
 20
35121.91230676129
 10
36206.56952872352
 20
35163.61335753975
 10
38676.247229388464
 20
35163.61335753975
 10
38718.10617346753
 20
35121.91230676129
 10
40936.63020965807
 20
35121.91230676129
 10
40978.489153737144
 20
35163.61335753975
 10
41145.924930053414
 20
35163.61335753975
 10
41187.783874132474
 20
35121.91230676129
 10
41271.5017622906
 20
35163.61335753975
 10
41313.36070636968
 20
35121.91230676129
 10
41857.526979397546
 20
35121.91230676129
 10
41899.38592347662
 20
35038.51020520438
 10
41815.668035318486
 20
34955.108103647464
 10
41899.38592347662
 20
34871.70600209055
 10
41899.38592347662
 20
33995.983935742974
 10
41773.80909123941
 20
33870.8807834076
 10
36248.42847280258
 20
33870.8807834076
 10
36122.851640565386
 20
33995.983935742974
 10
36122.851640565386
 20
34830.0049513121
 10
36206.56952872352
 20
34955.108103647464
 10
36164.710584644454
 20
34996.80915442592
  0
LWPOLYLINE
  5
24D
330
17
100
AcDbEntity
  8
RASTER_CONTOURS
100
AcDbPolyline
 90
44
 70
1
 10
33946.18654845391
 20
35121.91230676129
 10
34113.62232477017
 20
35121.91230676129
 10
34155.48126884924
 20
35163.61335753975
 10
35787.98008793285
 20
35163.61335753975
 10
35871.69797609098
 20
35080.21125598284
 10
35787.98008793285
 20
34955.108103647464
 10
35118.236982667775
 20
34955.108103647464
 10
35662.403255695644
 20
34955.108103647464
 10
35871.69797609098
 20
34871.70600209055
 10
35871.69797609098
 20
32536.447158496998
 10
35829.839032011914
 20
32494.746107718543
 10
35704.26219977471
 20
32494.746107718543
 10
35662.403255695644
 20
32536.447158496998
 10
35662.403255695644
 20
32786.653463167735
 10
35704.26219977471
 20
32828.35451394619
 10
35704.26219977471
 20
32995.15871706002
 10
35662.403255695644
 20
33036.859767838476
 10
35662.403255695644
 20
34079.38603729988
 10
35704.26219977471
 20
34162.78813885679
 10
35620.54431161658
 20
34246.19024041371
 10
35536.82642345844
 20
34204.48918963525
 10
35662.403255695644
 20
34037.684986521424
 10
35662.403255695644
 20
32703.251361610826
 10
35494.967479379375
 20
32578.148209275456
 10
35034.51909450965
 20
32578.148209275456
 10
34992.66015043058
 20
32536.447158496998
 10
34908.942262272445
 20
32619.849260053914
 10
34825.22437411431
 20
32619.849260053914
 10
34657.78859779804
 20
32536.447158496998
 10
34532.21176556084
 20
32578.148209275456
 10
34322.91704516551
 20
32536.447158496998
 10
34071.7633806911
 20
32703.251361610826
 10
34071.7633806911
 20
32870.05556472465
 10
34071.7633806911
 20
32536.447158496998
 10
33946.18654845391
 20
32453.045056940085
 10
33862.46866029577
 20
32536.447158496998
 10
33820.609716216706
 20
32661.55031083237
 10
33820.609716216706
 20
34496.39654508445
 10
33862.46866029577
 20
34538.097595862906
 10
33862.46866029577
 20
34871.70600209055
 10
33988.04549253297
 20
34955.108103647464
 10
35034.51909450965
 20
34955.108103647464
 10
33946.18654845391
 20
34955.108103647464
 10
33904.32760437484
 20
34996.80915442592
  0
LWPOLYLINE
  5
24E
330
17
100
AcDbEntity
  8
RASTER_CONTOURS
100
AcDbPolyline
 90
24
 70
1
 10
25783.69245303586
 20
35121.91230676129
 10
25825.551397114927
 20
34996.80915442592
 10
25741.833508956795
 20
34955.108103647464
 10
25867.410341193994
 20
34538.097595862906
 10
25825.551397114927
 20
34454.69549430599
 10
25825.551397114927
 20
33453.87027562304
 10
25867.410341193994
 20
33370.468174066125
 10
25783.69245303586
 20
33203.6639709523
 10
25699.974564877728
 20
33120.261869395385
 10
24695.35990698012
 20
33120.261869395385
 10
24569.78307474292
 20
33287.06607250922
 10
24569.78307474292
 20
34704.90179897672
 10
24653.500962901056
 20
34830.0049513121
 10
24611.64201882199
 20
34871.70600209055
 10
24653.500962901056
 20
34913.407052869006
 10
24820.936739217323
 20
34913.407052869006
 10
24779.077795138255
 20
34955.108103647464
 10
24695.35990698012
 20
34913.407052869006
 10
24569.78307474292
 20
35038.51020520438
 10
24653.500962901056
 20
35121.91230676129
 10
25406.961956324256
 20
35121.91230676129
 10
25448.820900403323
 20
35163.61335753975
 10
25490.67984448239
 20
35121.91230676129
 10
25616.256676719593
 20
35163.61335753975
  0
LWPOLYLINE
  5
24F
330
17
100
AcDbEntity
  8
RASTER_CONTOURS
100
AcDbPolyline
 90
1198
 70
1
 10
4812.3614694233465
 20
32995.15871706002
 10
4979.7972457396145
 20
33120.261869395385
 10
5607.681406925619
 20
33161.96292017384
 10
5649.540351004684
 20
33120.261869395385
 10
5607.681406925619
 20
33078.56081861693
 10
5900.694015479086
 20
33078.56081861693
 10
5984.411903637219
 20
32995.15871706002
 10
5984.411903637219
 20
32911.75661550311
 10
6068.129791795353
 20
32870.05556472465
 10
6026.270847716287
 20
32536.447158496998
 10
5942.552959558153
 20
32453.045056940085
 10
6026.270847716287
 20
32327.941904604722
 10
6026.270847716287
 20
31952.63244759861
 10
5942.552959558153
 20
31827.52929526324
 10
5942.552959558153
 20
31702.426142927874
 10
6068.129791795353
 20
31577.322990592504
 10
5942.552959558153
 20
31410.51878747868
 10
6068.129791795353
 20
31327.116685921766
 10
6068.129791795353
 20
31243.714584364858
 10
5900.694015479086
 20
31160.31248280794
 10
6068.129791795353
 20
31076.91038125103
 10
6068.129791795353
 20
30993.508279694117
 10
5984.411903637219
 20
30868.405127358747
 10
6151.847679953488
 20
30743.301975023376
 10
5984.411903637219
 20
30659.899873466467
 10
5984.411903637219
 20
30576.497771909555
 10
6068.129791795353
 20
30493.09567035264
 10
5984.411903637219
 20
30326.291467238814
 10
6109.988735874421
 20
30284.590416460363
 10
6109.988735874421
 20
30451.394619574185
 10
6151.847679953488
 20
30493.09567035264
 10
6109.988735874421
 20
30534.7967211311
 10
6151.847679953488
 20
30659.899873466467
 10
6109.988735874421
 20
30785.003025801834
 10
6151.847679953488
 20
30826.704076580292
 10
6109.988735874421
 20
30868.405127358747
 10
6151.847679953488
 20
30910.106178137205
 10
6151.847679953488
 20
31410.51878747868
 10
6068.129791795353
 20
31535.62193981405
 10
6068.129791795353
 20
31660.72509214942
 10
6109.988735874421
 20
31702.426142927874
 10
6109.988735874421
 20
32369.642955383173
 10
6068.129791795353
 20
32411.34400616163
 10
6109.988735874421
 20
32661.55031083237
 10
6068.129791795353
 20
32744.952412389284
 10
6109.988735874421
 20
32786.653463167735
 10
6737.872897060424
 20
32786.653463167735
 10
6821.590785218557
 20
32870.05556472465
 10
6821.590785218557
 20
33120.261869395385
 10
6863.449729297625
 20
33161.96292017384
 10
6863.449729297625
 20
33287.06607250922
 10
6821.590785218557
 20
33328.76712328767
 10
6821.590785218557
 20
33829.17973262914
 10
6863.449729297625
 20
33870.8807834076
 10
6821.590785218557
 20
33954.282884964516
 10
6863.449729297625
 20
33995.983935742974
 10
6821.590785218557
 20
34121.08708807834
 10
6821.590785218557
 20
34788.30390053364
 10
6905.308673376691
 20
34955.108103647464
 10
13100.432397078592
 20
34955.108103647464
 10
13184.150285236725
 20
34871.70600209055
 10
13184.150285236725
 20
34412.99444352753
 10
13142.29134115766
 20
34371.293392749074
 10
13226.009229315792
 20
34121.08708807834
 10
14063.18811089713
 20
34121.08708807834
 10
14105.047054976196
 20
34162.78813885679
 10
14105.047054976196
 20
34913.407052869006
 10
14272.482831292466
 20
34996.80915442592
 10
14398.059663529666
 20
34955.108103647464
 10
14481.777551687801
 20
34996.80915442592
 10
14565.495439845932
 20
34955.108103647464
 10
14732.9312161622
 20
34955.108103647464
 10
14774.790160241268
 20
34996.80915442592
 10
15151.52065695287
 20
34996.80915442592
 10
15193.379601031935
 20
34955.108103647464
 10
15235.238545111002
 20
34996.80915442592
 10
16491.00686748301
 20
34996.80915442592
 10
16532.86581156208
 20
34955.108103647464
 10
16993.314196431813
 20
34955.108103647464
 10
17035.17314051088
 20
34913.407052869006
 10
17035.17314051088
 20
33870.8807834076
 10
17077.032084589948
 20
33829.17973262914
 10
17035.17314051088
 20
33745.77763107223
 10
17035.17314051088
 20
33453.87027562304
 10
17077.032084589948
 20
33412.16922484458
 10
17035.17314051088
 20
33370.468174066125
 10
17035.17314051088
 20
31869.2303460417
 10
17118.891028669015
 20
31744.127193706332
 10
19839.722393808363
 20
31744.127193706332
 10
19881.581337887426
 20
31910.931396820153
 10
19797.863449729295
 20
32077.73559993398
 10
19797.863449729295
 20
32744.952412389284
 10
19714.14556157116
 20
32786.653463167735
 10
19546.70978525489
 20
32744.952412389284
 10
19421.13295301769
 20
32828.35451394619
 10
19421.13295301769
 20
33036.859767838476
 10
19588.568729333958
 20
33203.6639709523
 10
19462.99189709676
 20
33287.06607250922
 10
19462.99189709676
 20
33495.57132640149
 10
19421.13295301769
 20
33578.97342795841
 10
19504.850841175823
 20
33662.37552951532
 10
19546.70978525489
 20
33620.67447873686
 10
19756.004505650228
 20
33620.67447873686
 10
19839.722393808363
 20
33704.076580293775
 10
19797.863449729295
 20
33829.17973262914
 10
19797.863449729295
 20
34287.891291192165
 10
19881.581337887426
 20
34454.69549430599
 10
22058.246429998908
 20
34454.69549430599
 10
22141.96431815704
 20
34204.48918963525
 10
22141.96431815704
 20
33745.77763107223
 10
22183.823262236107
 20
33704.076580293775
 10
22351.259038552376
 20
33704.076580293775
 10
22393.117982631444
 20
33745.77763107223
 10
22393.117982631444
 20
33912.58183418606
 10
22351.259038552376
 20
33954.282884964516
 10
22351.259038552376
 20
34162.78813885679
 10
22393.117982631444
 20
34204.48918963525
 10
22351.259038552376
 20
34246.19024041371
 10
22351.259038552376
 20
34454.69549430599
 10
22434.97692671051
 20
34621.499697419815
 10
22434.97692671051
 20
34871.70600209055
 10
22476.835870789575
 20
34913.407052869006
 10
22434.97692671051
 20
35080.21125598284
 10
22476.835870789575
 20
35121.91230676129
 10
22686.130591184912
 20
35121.91230676129
 10
22727.989535263976
 20
35163.61335753975
 10
23607.02736092438
 20
35163.61335753975
 10
23648.88630500345
 20
35121.91230676129
 10
23983.75785763598
 20
35121.91230676129
 10
24109.334689873183
 20
35163.61335753975
 10
24234.911522110386
 20
35121.91230676129
 10
24276.77046618945
 20
34996.80915442592
 10
24151.19363395225
 20
34913.407052869006
 10
24234.911522110386
 20
34913.407052869006
 10
24318.629410268517
 20
34830.0049513121
 10
24318.629410268517
 20
32411.34400616163
 10
24234.911522110386
 20
32327.941904604722
 10
22560.55375894771
 20
32327.941904604722
 10
22476.835870789575
 20
32286.240853826264
 10
22351.259038552376
 20
32453.045056940085
 10
22393.117982631444
 20
32703.251361610826
 10
22434.97692671051
 20
32744.952412389284
 10
22560.55375894771
 20
32744.952412389284
 10
22602.412703026777
 20
32703.251361610826
 10
22602.412703026777
 20
32536.447158496998
 10
22644.271647105845
 20
32494.746107718543
 10
22727.989535263976
 20
32536.447158496998
 10
22602.412703026777
 20
32703.251361610826
 10
22602.412703026777
 20
33036.859767838476
 10
22518.694814868642
 20
33078.56081861693
 10
22644.271647105845
 20
33245.36502173076
 10
22602.412703026777
 20
33453.87027562304
 10
22518.694814868642
 20
33495.57132640149
 10
22560.55375894771
 20
33578.97342795841
 10
22602.412703026777
 20
33537.27237717995
 10
22602.412703026777
 20
33787.47868185069
 10
22518.694814868642
 20
33829.17973262914
 10
22476.835870789575
 20
33745.77763107223
 10
22518.694814868642
 20
33453.87027562304
 10
22434.97692671051
 20
33287.06607250922
 10
22518.694814868642
 20
33161.96292017384
 10
22476.835870789575
 20
32786.653463167735
 10
22434.97692671051
 20
32744.952412389284
 10
22351.259038552376
 20
32870.05556472465
 10
22183.823262236107
 20
32870.05556472465
 10
22141.96431815704
 20
32828.35451394619
 10
22141.96431815704
 20
32703.251361610826
 10
22100.10537407797
 20
32661.55031083237
 10
22141.96431815704
 20
32578.148209275456
 10
22141.96431815704
 20
32161.137701490894
 10
22058.246429998908
 20
32077.73559993398
 10
21807.092765524503
 20
32036.034549155524
 10
21723.37487736637
 20
31952.63244759861
 10
21723.37487736637
 20
30785.003025801834
 10
22016.38748591984
 20
30785.003025801834
 10
22058.246429998908
 20
30826.704076580292
 10
22016.38748591984
 20
31035.20933047257
 10
22141.96431815704
 20
31118.611432029487
 10
23941.898913556914
 20
31118.611432029487
 10
23941.898913556914
 20
31493.92088903559
 10
23983.75785763598
 20
31535.62193981405
 10
23983.75785763598
 20
31827.52929526324
 10
23941.898913556914
 20
31910.931396820153
 10
24025.61680171505
 20
32036.034549155524
 10
24527.924130663854
 20
32036.034549155524
 10
24569.78307474292
 20
32119.436650712436
 10
24569.78307474292
 20
32744.952412389284
 10
24653.500962901056
 20
32828.35451394619
 10
25741.833508956795
 20
32828.35451394619
 10
25909.26928527306
 20
32744.952412389284
 10
26118.56400566839
 20
32786.653463167735
 10
26076.70506158933
 20
32870.05556472465
 10
26076.70506158933
 20
34871.70600209055
 10
26160.42294974746
 20
34955.108103647464
 10
27458.050216198535
 20
34955.108103647464
 10
27499.909160277602
 20
34913.407052869006
 10
28169.652265542674
 20
34913.407052869006
 10
28211.51120962174
 20
34871.70600209055
 10
28253.37015370081
 20
34913.407052869006
 10
28420.80593001707
 20
34913.407052869006
 10
28462.66487409614
 20
34871.70600209055
 10
28713.81853857054
 20
34913.407052869006
 10
28797.536426728675
 20
34788.30390053364
 10
28797.536426728675
 20
34663.20074819827
 10
28797.536426728675
 20
34871.70600209055
 10
28839.395370807742
 20
34913.407052869006
 10
29006.831147124012
 20
34913.407052869006
 10
29048.69009120308
 20
34871.70600209055
 10
29257.984811598413
 20
34913.407052869006
 10
29341.702699756548
 20
34621.499697419815
 10
29425.420587914683
 20
34830.0049513121
 10
29550.997420151878
 20
34913.407052869006
 10
30806.765742523887
 20
34913.407052869006
 10
30890.483630682018
 20
34830.0049513121
 10
30890.483630682018
 20
33578.97342795841
 10
30848.624686602954
 20
33495.57132640149
 10
30723.047854365752
 20
33412.16922484458
 10
30681.188910286684
 20
33453.87027562304
 10
30597.471022128553
 20
33412.16922484458
 10
30388.17630173322
 20
33412.16922484458
 10
30346.317357654152
 20
33453.87027562304
 10
30095.16369317975
 20
33412.16922484458
 10
30053.304749100684
 20
33453.87027562304
 10
28713.81853857054
 20
33453.87027562304
 10
28671.959594491473
 20
33495.57132640149
 10
28588.24170633334
 20
33453.87027562304
 10
28504.523818175207
 20
33537.27237717995
 10
28504.523818175207
 20
33995.983935742974
 10
28504.523818175207
 20
33537.27237717995
 10
28420.80593001707
 20
33453.87027562304
 10
28295.229097779877
 20
33453.87027562304
 10
28211.51120962174
 20
33537.27237717995
 10
28211.51120962174
 20
33787.47868185069
 10
28211.51120962174
 20
33537.27237717995
 10
28127.793321463607
 20
33453.87027562304
 10
28002.216489226405
 20
33453.87027562304
 10
27960.35754514734
 20
33495.57132640149
 10
27709.203880672936
 20
33453.87027562304
 10
27625.4859925148
 20
33578.97342795841
 10
27625.4859925148
 20
33495.57132640149
 10
27541.76810435667
 20
33370.468174066125
 10
27541.76810435667
 20
33203.6639709523
 10
27625.4859925148
 20
33120.261869395385
 10
27625.4859925148
 20
32953.45766628156
 10
27625.4859925148
 20
33120.261869395385
 10
27667.34493659387
 20
33161.96292017384
 10
27876.639656989206
 20
33161.96292017384
 10
27918.498601068273
 20
33120.261869395385
 10
27960.35754514734
 20
33161.96292017384
 10
28127.793321463607
 20
33161.96292017384
 10
28211.51120962174
 20
33078.56081861693
 10
28295.229097779877
 20
33161.96292017384
 10
28378.946985938004
 20
33161.96292017384
 10
28462.66487409614
 20
33078.56081861693
 10
28504.523818175207
 20
32911.75661550311
 10
28504.523818175207
 20
33120.261869395385
 10
28546.382762254274
 20
33161.96292017384
 10
28713.81853857054
 20
33161.96292017384
 10
28797.536426728675
 20
33036.859767838476
 10
28881.25431488681
 20
33161.96292017384
 10
28964.972203044945
 20
33161.96292017384
 10
29048.69009120308
 20
33078.56081861693
 10
29048.69009120308
 20
32744.952412389284
 10
29048.69009120308
 20
33078.56081861693
 10
29132.40797936121
 20
33161.96292017384
 10
29257.984811598413
 20
33161.96292017384
 10
29299.84375567748
 20
33120.261869395385
 10
29550.997420151878
 20
33161.96292017384
 10
29592.856364230945
 20
33120.261869395385
 10
29550.997420151878
 20
32744.952412389284
 10
29425.420587914683
 20
32619.849260053914
 10
29383.561643835616
 20
32661.55031083237
 10
29257.984811598413
 20
32494.746107718543
 10
29174.26692344028
 20
32494.746107718543
 10
29048.69009120308
 20
32619.849260053914
 10
29006.831147124012
 20
32619.849260053914
 10
28881.25431488681
 20
32453.045056940085
 10
28797.536426728675
 20
32536.447158496998
 10
28671.959594491473
 20
32453.045056940085
 10
28588.24170633334
 20
32494.746107718543
 10
28295.229097779877
 20
32453.045056940085
 10
28211.51120962174
 20
32536.447158496998
 10
28044.075433305472
 20
32453.045056940085
 10
27918.498601068273
 20
32619.849260053914
 10
27918.498601068273
 20
32536.447158496998
 10
27834.78071291014
 20
32453.045056940085
 10
27751.062824752004
 20
32453.045056940085
 10
27667.34493659387
 20
32536.447158496998
 10
27583.627048435734
 20
32494.746107718543
 10
27625.4859925148
 20
32244.539803047806
 10
27709.203880672936
 20
32411.34400616163
 10
27876.639656989206
 20
32411.34400616163
 10
27918.498601068273
 20
32369.642955383173
 10
27960.35754514734
 20
32411.34400616163
 10
28127.793321463607
 20
32411.34400616163
 10
28169.652265542674
 20
32369.642955383173
 10
28420.80593001707
 20
32411.34400616163
 10
28504.523818175207
 20
32327.941904604722
 10
28504.523818175207
 20
32161.137701490894
 10
28504.523818175207
 20
32327.941904604722
 10
28588.24170633334
 20
32411.34400616163
 10
28713.81853857054
 20
32411.34400616163
 10
28755.677482649608
 20
32369.642955383173
 10
28923.113258965877
 20
32411.34400616163
 10
29048.69009120308
 20
32244.539803047806
 10
29048.69009120308
 20
32077.73559993398
 10
28964.972203044945
 20
31785.82824448479
 10
28881.25431488681
 20
31702.426142927874
 10
28755.677482649608
 20
31785.82824448479
 10
28713.81853857054
 20
31702.426142927874
 10
28588.24170633334
 20
31702.426142927874
 10
28504.523818175207
 20
31827.52929526324
 10
28420.80593001707
 20
31702.426142927874
 10
28295.229097779877
 20
31702.426142927874
 10
28211.51120962174
 20
31785.82824448479
 10
28127.793321463607
 20
31702.426142927874
 10
28002.216489226405
 20
31702.426142927874
 10
27918.498601068273
 20
31785.82824448479
 10
27918.498601068273
 20
31869.2303460417
 10
27918.498601068273
 20
31744.127193706332
 10
27876.639656989206
 20
31702.426142927874
 10
27709.203880672936
 20
31702.426142927874
 10
27625.4859925148
 20
31785.82824448479
 10
27625.4859925148
 20
32161.137701490894
 10
27625.4859925148
 20
31785.82824448479
 10
27541.76810435667
 20
31702.426142927874
 10
27081.319719486935
 20
31702.426142927874
 10
26997.6018313288
 20
31785.82824448479
 10
26997.6018313288
 20
31869.2303460417
 10
26872.024999091598
 20
31785.82824448479
 10
26244.140837905594
 20
31785.82824448479
 10
26202.281893826526
 20
31827.52929526324
 10
26118.56400566839
 20
31785.82824448479
 10
26076.70506158933
 20
31827.52929526324
 10
25909.26928527306
 20
31827.52929526324
 10
25825.551397114927
 20
31785.82824448479
 10
25783.69245303586
 20
31660.72509214942
 10
25699.974564877728
 20
31660.72509214942
 10
25658.11562079866
 20
31577.322990592504
 10
24904.654627375457
 20
30868.405127358747
 10
24946.513571454525
 20
30785.003025801834
 10
25281.385124087057
 20
30785.003025801834
 10
25323.244068166125
 20
30826.704076580292
 10
25532.53878856146
 20
30826.704076580292
 10
25532.53878856146
 20
31035.20933047257
 10
25616.256676719593
 20
31118.611432029487
 10
25825.551397114927
 20
31118.611432029487
 10
25867.410341193994
 20
31160.31248280794
 10
25867.410341193994
 20
31368.817736700224
 10
25951.12822935213
 20
31452.219838257137
 10
28588.24170633334
 20
31452.219838257137
 10
28630.10065041241
 20
31410.51878747868
 10
28881.25431488681
 20
31410.51878747868
 10
28923.113258965877
 20
31452.219838257137
 10
29048.69009120308
 20
31452.219838257137
 10
29090.549035282143
 20
31410.51878747868
 10
29216.125867519346
 20
31410.51878747868
 10
29257.984811598413
 20
31452.219838257137
 10
29425.420587914683
 20
31452.219838257137
 10
29467.27953199375
 20
31410.51878747868
 10
31434.64990370989
 20
31410.51878747868
 10
31476.50884778896
 20
31452.219838257137
 10
31811.38040042149
 20
31452.219838257137
 10
32020.675120816824
 20
31660.72509214942
 10
32271.82878529123
 20
31827.52929526324
 10
32271.82878529123
 20
32077.73559993398
 10
32104.39300897496
 20
32036.034549155524
 10
31685.803568184292
 20
31702.426142927874
 10
31099.778351077355
 20
31702.426142927874
 10
31057.919406998288
 20
31744.127193706332
 10
31057.919406998288
 20
32536.447158496998
 10
31016.06046291922
 20
32661.55031083237
 10
31057.919406998288
 20
32703.251361610826
 10
31057.919406998288
 20
33161.96292017384
 10
31099.778351077355
 20
33203.6639709523
 10
31099.778351077355
 20
34871.70600209055
 10
31141.637295156423
 20
34913.407052869006
 10
31936.957232658693
 20
34913.407052869006
 10
31978.816176737757
 20
34955.108103647464
 10
33025.28977871443
 20
34955.108103647464
 10
33109.00766687257
 20
34871.70600209055
 10
33109.00766687257
 20
34621.499697419815
 10
33192.7255550307
 20
34496.39654508445
 10
33192.7255550307
 20
33036.859767838476
 10
33067.1487227935
 20
32953.45766628156
 10
33150.866610951634
 20
32870.05556472465
 10
33150.866610951634
 20
31869.2303460417
 10
33192.7255550307
 20
31827.52929526324
 10
33820.609716216706
 20
31827.52929526324
 10
33862.46866029577
 20
31869.2303460417
 10
33862.46866029577
 20
31994.333498377066
 10
33946.18654845391
 20
32077.73559993398
 10
34364.77598924457
 20
32077.73559993398
 10
34406.634933323636
 20
32036.034549155524
 10
34448.4938774027
 20
32077.73559993398
 10
34448.4938774027
 20
32369.642955383173
 10
34532.21176556084
 20
32453.045056940085
 10
34783.36543003524
 20
32453.045056940085
 10
34867.08331819338
 20
32369.642955383173
 10
34867.08331819338
 20
32286.240853826264
 10
34867.08331819338
 20
32369.642955383173
 10
34950.80120635151
 20
32453.045056940085
 10
35285.672758984045
 20
32453.045056940085
 10
35369.39064714218
 20
32369.642955383173
 10
35369.39064714218
 20
32202.838752269352
 10
35453.10853530031
 20
32119.436650712436
 10
36290.28741688165
 20
32119.436650712436
 10
36332.146360960716
 20
32077.73559993398
 10
36499.582137276986
 20
32077.73559993398
 10
36625.15896951418
 20
32202.838752269352
 10
37001.88946622579
 20
32202.838752269352
 10
37001.88946622579
 20
32411.34400616163
 10
37043.748410304855
 20
32453.045056940085
 10
37043.748410304855
 20
32578.148209275456
 10
37001.88946622579
 20
32619.849260053914
 10
36876.312633988586
 20
32619.849260053914
 10
36708.876857672316
 20
32453.045056940085
 10
36206.56952872352
 20
32453.045056940085
 10
36122.851640565386
 20
32536.447158496998
 10
36164.710584644454
 20
33370.468174066125
 10
36248.42847280258
 20
33453.87027562304
 10
36206.56952872352
 20
33495.57132640149
 10
36248.42847280258
 20
33620.67447873686
 10
36290.28741688165
 20
33578.97342795841
 10
36667.01791359325
 20
33620.67447873686
 10
36750.73580175138
 20
33537.27237717995
 10
36708.876857672316
 20
33495.57132640149
 10
36583.300025435114
 20
33495.57132640149
 10
36750.73580175138
 20
33412.16922484458
 10
36792.59474583045
 20
33078.56081861693
 10
36792.59474583045
 20
33203.6639709523
 10
36834.45368990952
 20
33245.36502173076
 10
37001.88946622579
 20
33245.36502173076
 10
37085.60735438392
 20
33328.76712328767
 10
37043.748410304855
 20
33370.468174066125
 10
37043.748410304855
 20
33537.27237717995
 10
37085.60735438392
 20
33578.97342795841
 10
37294.90207477926
 20
33578.97342795841
 10
37336.76101885833
 20
33620.67447873686
 10
38383.234620835
 20
33620.67447873686
 10
38634.3882853094
 20
33537.27237717995
 10
38718.10617346753
 20
33453.87027562304
 10
38718.10617346753
 20
32703.251361610826
 10
38592.52934123033
 20
32619.849260053914
 10
38508.811453072194
 20
32619.849260053914
 10
38466.95250899313
 20
32536.447158496998
 10
38466.95250899313
 20
31952.63244759861
 10
38550.67039715126
 20
31869.2303460417
 10
41271.5017622906
 20
31869.2303460417
 10
41271.5017622906
 20
33495.57132640149
 10
41397.07859452782
 20
33620.67447873686
 10
44201.6278478253
 20
33620.67447873686
 10
44327.20468006249
 20
33537.27237717995
 10
44327.20468006249
 20
31910.931396820153
 10
44369.06362414157
 20
31869.2303460417
 10
45541.11405835543
 20
31869.2303460417
 10
45875.98561098796
 20
31702.426142927874
 10
46085.28033138331
 20
31660.72509214942
 10
46168.99821954144
 20
31577.322990592504
 10
46796.88238072744
 20
31368.817736700224
 10
47006.17710112277
 20
31243.714584364858
 10
49978.16213073652
 20
31243.714584364858
 10
50103.73896297373
 20
31076.91038125103
 10
50103.73896297373
 20
30076.085162568077
 10
50145.59790705278
 20
30034.384111789623
 10
51066.49467679226
 20
30034.384111789623
 10
51150.212564950394
 20
30117.786213346535
 10
51150.212564950394
 20
30743.301975023376
 10
51108.353620871334
 20
30785.003025801834
 10
51150.212564950394
 20
31493.92088903559
 10
51108.353620871334
 20
31535.62193981405
 10
50438.61051560626
 20
31535.62193981405
 10
50396.75157152719
 20
31577.322990592504
 10
50145.59790705278
 20
31535.62193981405
 10
50061.88001889465
 20
31619.02404137096
 10
50061.88001889465
 20
32077.73559993398
 10
50145.59790705278
 20
32161.137701490894
 10
50271.17473928999
 20
32161.137701490894
 10
50313.03368336905
 20
32119.436650712436
 10
50313.03368336905
 20
31994.333498377066
 10
50354.89262744813
 20
31994.333498377066
 10
50354.89262744813
 20
32953.45766628156
 10
50438.61051560626
 20
33036.859767838476
 10
51526.94306166199
 20
33036.859767838476
 10
51568.80200574107
 20
33078.56081861693
 10
51568.80200574107
 20
33287.06607250922
 10
51485.084117582934
 20
33453.87027562304
 10
51485.084117582934
 20
33995.983935742974
 10
51526.94306166199
 20
34037.684986521424
 10
51526.94306166199
 20
34162.78813885679
 10
51485.084117582934
 20
34204.48918963525
 10
51485.084117582934
 20
34704.90179897672
 10
51568.80200574107
 20
34788.30390053364
 10
52657.13455179681
 20
34788.30390053364
 10
52740.85243995494
 20
34621.499697419815
 10
52740.85243995494
 20
34496.39654508445
 10
52908.28821627121
 20
34496.39654508445
 10
53033.8650485084
 20
34412.99444352753
 10
53033.8650485084
 20
34204.48918963525
 10
53075.72399258748
 20
34162.78813885679
 10
53033.8650485084
 20
32036.034549155524
 10
52908.28821627121
 20
31952.63244759861
 10
52698.99349587587
 20
31952.63244759861
 10
52657.13455179681
 20
31827.52929526324
 10
52657.13455179681
 20
31660.72509214942
 10
52698.99349587587
 20
31619.02404137096
 10
52657.13455179681
 20
31577.322990592504
 10
52657.13455179681
 20
31327.116685921766
 10
52698.99349587587
 20
31285.41563514331
 10
52698.99349587587
 20
30451.394619574185
 10
52782.711384034
 20
30409.69356879573
 10
53368.73660114094
 20
30409.69356879573
 10
53410.595545220014
 20
30367.992518017272
 10
53452.454489299074
 20
30409.69356879573
 10
53452.454489299074
 20
30576.497771909555
 10
53410.595545220014
 20
30618.19882268801
 10
53410.595545220014
 20
31243.714584364858
 10
53578.031321536284
 20
31368.817736700224
 10
54373.35125903855
 20
31368.817736700224
 10
54457.069147196686
 20
31285.41563514331
 10
54457.069147196686
 20
30743.301975023376
 10
54498.92809127574
 20
30701.600924244925
 10
54666.36386759201
 20
30701.600924244925
 10
54750.08175575014
 20
30618.19882268801
 10
54708.22281167108
 20
30493.09567035264
 10
54750.08175575014
 20
30367.992518017272
 10
54750.08175575014
 20
29950.98201023271
 10
54666.36386759201
 20
29825.87885789734
 10
54791.94069982922
 20
29659.07465478351
 10
54791.94069982922
 20
29408.868350112778
 10
54750.08175575014
 20
29367.16729933432
 10
54750.08175575014
 20
28157.836826759085
 10
54833.79964390828
 20
28116.135775980634
 10
54833.79964390828
 20
28032.733674423722
 10
54750.08175575014
 20
27949.33157286681
 10
54750.08175575014
 20
27532.321065082248
 10
54708.22281167108
 20
27490.62001430379
 10
54708.22281167108
 20
27240.413709633056
 10
54750.08175575014
 20
27198.71265885459
 10
54708.22281167108
 20
27073.609506519228
 10
54750.08175575014
 20
26990.207404962315
 10
54708.22281167108
 20
26948.506354183857
 10
54708.22281167108
 20
25238.763272267148
 10
54750.08175575014
 20
25197.062221488693
 10
54750.08175575014
 20
23779.22649502118
 10
54917.51753206641
 20
23654.12334268581
 10
54875.65858798735
 20
20234.637178852397
 10
54833.79964390828
 20
20192.93612807394
 10
54875.65858798735
 20
20067.83297573857
 10
54875.65858798735
 20
18316.388843043405
 10
54833.79964390828
 20
18274.68779226495
 10
54875.65858798735
 20
17815.97623370193
 10
54833.79964390828
 20
17774.275182923473
 10
54833.79964390828
 20
16856.852065797437
 10
54875.65858798735
 20
16898.553116575895
 10
54875.65858798735
 20
19525.719315618637
 10
54959.37647614549
 20
19775.925620289378
 10
55252.389084698945
 20
19775.925620289378
 10
55336.10697285708
 20
19692.52351873246
 10
55336.10697285708
 20
19067.007757055617
 10
55294.24802877803
 20
19025.306706277166
 10
55336.10697285708
 20
18775.100401606425
 10
55294.24802877803
 20
18733.399350827967
 10
55294.24802877803
 20
17565.76992903119
 10
55336.10697285708
 20
17524.068878252736
 10
55294.24802877803
 20
17482.367827474278
 10
55294.24802877803
 20
16398.140507234413
 10
55252.389084698945
 20
16356.43945645596
 10
55294.24802877803
 20
16273.03735489905
 10
55252.389084698945
 20
16147.93420256368
 10
55126.81225246176
 20
16064.53210100677
 10
54917.51753206641
 20
16106.233151785222
 10
54833.79964390828
 20
16189.635253342134
 10
54833.79964390828
 20
16648.346811905154
 10
54833.79964390828
 20
16147.93420256368
 10
54791.94069982922
 20
16106.233151785222
 10
54791.94069982922
 20
14938.603729988447
 10
54833.79964390828
 20
14896.902679209992
 10
54833.79964390828
 20
14771.799526874624
 10
54917.51753206641
 20
14896.902679209992
 10
55210.53014061989
 20
14896.902679209992
 10
55294.24802877803
 20
14730.098476096166
 10
55294.24802877803
 20
13687.572206634759
 10
55252.389084698945
 20
13645.8711558563
 10
55252.389084698945
 20
13437.36590196402
 10
55294.24802877803
 20
13395.664851185566
 10
55294.24802877803
 20
12353.138581724155
 10
55210.53014061989
 20
12269.736480167243
 10
54917.51753206641
 20
12269.736480167243
 10
54833.79964390828
 20
12394.839632502613
 10
54833.79964390828
 20
14646.696374539253
 10
54833.79964390828
 20
12394.839632502613
 10
54708.22281167108
 20
12186.334378610332
 10
54708.22281167108
 20
8808.549265555373
 10
54498.92809127574
 20
8683.446113220003
 10
54498.92809127574
 20
8600.044011663093
 10
54624.504923512955
 20
8641.745062441545
 10
54708.22281167108
 20
8558.342960884635
 10
54708.22281167108
 20
8224.734554656983
 10
54624.504923512955
 20
8099.631402321618
 10
54498.92809127574
 20
8099.631402321618
 10
54498.92809127574
 20
8016.229300764701
 10
54415.210203117604
 20
7932.82719920779
 10
54415.210203117604
 20
7849.425097650878
 10
54498.92809127574
 20
7849.425097650878
 10
54624.504923512955
 20
8016.229300764701
 10
54708.22281167108
 20
7891.126148429332
 10
54708.22281167108
 20
7474.11564064477
 10
54666.36386759201
 20
7432.414589866316
 10
54666.36386759201
 20
5972.877812620347
 10
54498.92809127574
 20
5889.475711063431
 10
52824.57032811308
 20
5889.475711063431
 10
52824.57032811308
 20
4096.330527589811
 10
52782.711384034
 20
4054.6294768113576
 10
52824.57032811308
 20
4012.9284260328996
 10
52824.57032811308
 20
3429.113715134509
 10
52866.42927219214
 20
3387.4126643560558
 10
53117.582936666535
 20
3387.4126643560558
 10
53201.30082482467
 20
3304.0105627991443
 10
53201.30082482467
 20
3095.505308906863
 10
53243.15976890375
 20
3053.804258128405
 10
53243.15976890375
 20
1469.1643285470664
 10
53285.018712982805
 20
2052.979039445452
 10
53326.87765706188
 20
2094.68009022391
 10
53452.454489299074
 20
2094.68009022391
 10
53494.31343337815
 20
2052.979039445452
 10
53494.31343337815
 20
1344.0611762116966
 10
53368.73660114094
 20
1260.6590746547852
 10
53243.15976890375
 20
1344.0611762116966
 10
53243.15976890375
 20
1302.3601254332432
 10
53117.582936666535
 20
1218.958023876327
 10
52908.28821627121
 20
1218.958023876327
 10
52866.42927219214
 20
1177.2569730978737
 10
52866.42927219214
 20
760.2464653133111
 10
52740.85243995494
 20
676.8443637563948
 10
51694.378837978256
 20
676.8443637563948
 10
51568.80200574107
 20
760.2464653133111
 10
51610.66094982012
 20
843.6485668702227
 10
51610.66094982012
 20
1635.9685316608895
 10
51568.80200574107
 20
1677.6695824393478
 10
51610.66094982012
 20
1719.3706332178058
 10
51568.80200574107
 20
1761.0716839962593
 10
51568.80200574107
 20
2011.2779886669987
 10
51652.519893899196
 20
2178.0821917808216
 10
51652.519893899196
 20
2428.288496451561
 10
51610.66094982012
 20
2469.989547230019
 10
50522.3284037644
 20
2469.989547230019
 10
50438.61051560626
 20
2720.195851900754
 10
50438.61051560626
 20
3345.7116135775977
 10
50354.89262744813
 20
3304.0105627991443
 10
50187.456851131865
 20
3345.7116135775977
 10
50103.73896297373
 20
3595.917918248337
 10
50103.73896297373
 20
3387.4126643560558
 10
50020.021074815595
 20
3262.3095120206863
 10
50103.73896297373
 20
3137.2063596853163
 10
50103.73896297373
 20
2553.391648786931
 10
50020.021074815595
 20
2469.989547230019
 10
49894.444242578385
 20
2469.989547230019
 10
49852.585298499325
 20
2511.6905980084725
 10
49852.585298499325
 20
3178.907410463775
 10
49894.444242578385
 20
3220.6084612422283
 10
49852.585298499325
 20
3345.7116135775977
 10
49852.585298499325
 20
3679.3200198052486
 10
49810.72635442025
 20
3679.3200198052486
 10
49852.585298499325
 20
3595.917918248337
 10
49768.86741034119
 20
3304.0105627991443
 10
49852.585298499325
 20
2720.195851900754
 10
49810.72635442025
 20
2678.4948011223005
 10
49810.72635442025
 20
2553.391648786931
 10
49727.008466262116
 20
2469.989547230019
 10
49601.43163402492
 20
2469.989547230019
 10
49517.713745866786
 20
2553.391648786931
 10
49517.713745866786
 20
2720.195851900754
 10
49475.85480178771
 20
2553.391648786931
 10
49392.136913629576
 20
2469.989547230019
 10
49308.41902547144
 20
2469.989547230019
 10
49224.70113731331
 20
2553.391648786931
 10
49224.70113731331
 20
3178.907410463775
 10
49308.41902547144
 20
3262.3095120206863
 10
49224.70113731331
 20
3345.7116135775977
 10
49224.70113731331
 20
3512.5158166914257
 10
49224.70113731331
 20
3387.4126643560558
 10
49140.98324915519
 20
3304.0105627991443
 10
49140.98324915519
 20
3220.6084612422283
 10
49224.70113731331
 20
3137.2063596853163
 10
49224.70113731331
 20
2595.0926995653845
 10
49099.12430507612
 20
2469.989547230019
 10
49015.406416917984
 20
2469.989547230019
 10
48889.82958468079
 20
2636.7937503438425
 10
48889.82958468079
 20
2803.5979534576654
 10
48889.82958468079
 20
2553.391648786931
 10
48722.393808364526
 20
2469.989547230019
 10
48638.67592020639
 20
2511.6905980084725
 10
48638.67592020639
 20
3053.804258128405
 10
48596.81697612732
 20
3137.2063596853163
 10
48680.534864285444
 20
3304.0105627991443
 10
48596.81697612732
 20
3387.4126643560558
 10
48638.67592020639
 20
3470.8147659129672
 10
48596.81697612732
 20
3554.216867469879
 10
48638.67592020639
 20
3595.917918248337
 10
48638.67592020639
 20
3887.82527369753
 10
48680.534864285444
 20
3929.526324475988
 10
48806.11169652266
 20
3929.526324475988
 10
48889.82958468079
 20
3846.1242229190766
 10
48889.82958468079
 20
3345.7116135775977
 10
48806.11169652266
 20
3262.3095120206863
 10
48889.82958468079
 20
3095.505308906863
 10
48973.54747283892
 20
3220.6084612422283
 10
48973.54747283892
 20
3304.0105627991443
 10
48889.82958468079
 20
3387.4126643560558
 10
48889.82958468079
 20
3846.1242229190766
 10
49057.26536099706
 20
3971.2273752544415
 10
49224.70113731331
 20
3846.1242229190766
 10
49224.70113731331
 20
3887.82527369753
 10
49350.27796955052
 20
3971.2273752544415
 10
49433.99585770866
 20
3929.526324475988
 10
49517.713745866786
 20
3804.4231721406186
 10
49601.43163402492
 20
3929.526324475988
 10
49727.008466262116
 20
3929.526324475988
 10
49810.72635442025
 20
3846.1242229190766
 10
49894.444242578385
 20
3929.526324475988
 10
50061.88001889465
 20
3929.526324475988
 10
50103.73896297373
 20
3887.82527369753
 10
50103.73896297373
 20
3679.3200198052486
 10
50145.59790705278
 20
3762.72212136216
 10
50103.73896297373
 20
3804.4231721406186
 10
50187.456851131865
 20
3929.526324475988
 10
50354.89262744813
 20
3929.526324475988
 10
50438.61051560626
 20
3846.1242229190766
 10
50522.3284037644
 20
3929.526324475988
 10
51066.49467679226
 20
3929.526324475988
 10
51150.212564950394
 20
4012.9284260328996
 10
51150.212564950394
 20
4138.031578368269
 10
51108.353620871334
 20
4179.7326291467225
 10
51150.212564950394
 20
5305.661000165045
 10
51066.49467679226
 20
5389.063101721957
 10
50103.73896297373
 20
5389.063101721957
 10
50103.73896297373
 20
4429.938933817462
 10
49978.16213073652
 20
4221.4336799251805
 10
47131.75393335998
 20
4221.4336799251805
 10
47006.17710112277
 20
4138.031578368269
 10
46880.60026888557
 20
4138.031578368269
 10
46671.30554849024
 20
4012.9284260328996
 10
46462.0108280949
 20
3971.2273752544415
 10
46336.43399585771
 20
3887.82527369753
 10
46252.716107699576
 20
3887.82527369753
 10
46168.99821954144
 20
3804.4231721406186
 10
45708.54983467169
 20
3637.618969026795
 10
44327.20468006249
 20
3637.618969026795
 10
44327.20468006249
 20
3554.216867469879
 10
44410.92256822062
 20
3554.216867469879
 10
44494.64045637876
 20
3470.8147659129672
 10
44536.49940045783
 20
2887.000055014582
 10
44327.20468006249
 20
2761.896902679212
 10
44327.20468006249
 20
2136.381141002368
 10
44201.6278478253
 20
1927.875887110087
 10
37336.76101885833
 20
1927.875887110087
 10
37211.184186621125
 20
2094.68009022391
 10
37211.184186621125
 20
3637.618969026795
 10
37169.32524254206
 20
3679.3200198052486
 10
36750.73580175138
 20
3679.3200198052486
 10
36625.15896951418
 20
3721.0210705837067
 10
36583.300025435114
 20
3679.3200198052486
 10
36625.15896951418
 20
3470.8147659129672
 10
36876.312633988586
 20
3470.8147659129672
 10
36960.03052214672
 20
3387.4126643560558
 10
36960.03052214672
 20
468.3391098641136
 10
36834.45368990952
 20
384.937008307202
 10
36080.99269648632
 20
384.937008307202
 10
35997.274808328184
 20
468.3391098641136
 10
35997.274808328184
 20
3095.505308906863
 10
35955.41586424912
 20
3137.2063596853163
 10
35955.41586424912
 20
3554.216867469879
 10
35997.274808328184
 20
3637.618969026795
 10
35955.41586424912
 20
3721.0210705837067
 10
35829.839032011914
 20
3679.3200198052486
 10
34950.80120635151
 20
3679.3200198052486
 10
34825.22437411431
 20
3721.0210705837067
 10
34825.22437411431
 20
3512.5158166914257
 10
34867.08331819338
 20
3470.8147659129672
 10
35662.403255695644
 20
3470.8147659129672
 10
35746.12114385378
 20
3387.4126643560558
 10
35746.12114385378
 20
468.3391098641136
 10
35578.68536753751
 20
384.937008307202
 10
34029.904436612036
 20
384.937008307202
 10
33904.32760437484
 20
468.3391098641136
 10
33904.32760437484
 20
1260.6590746547852
 10
33820.609716216706
 20
1344.0611762116966
 10
33611.31499582137
 20
1344.0611762116966
 10
33527.597107663234
 20
1427.4632777686084
 10
33527.597107663234
 20
2678.4948011223005
 10
33569.4560517423
 20
2720.195851900754
 10
33569.4560517423
 20
2845.299004236124
 10
33527.597107663234
 20
2887.000055014582
 10
33653.17393990044
 20
3012.103207349947
 10
33862.46866029577
 20
3012.103207349947
 10
33904.32760437484
 20
3095.505308906863
 10
33862.46866029577
 20
3137.2063596853163
 10
33862.46866029577
 20
3304.0105627991443
 10
33946.18654845391
 20
3470.8147659129672
 10
33946.18654845391
 20
3762.72212136216
 10
33653.17393990044
 20
3679.3200198052486
 10
33192.7255550307
 20
3679.3200198052486
 10
33192.7255550307
 20
2678.4948011223005
 10
33150.866610951634
 20
2553.391648786931
 10
33234.58449910977
 20
2469.989547230019
 10
33234.58449910977
 20
1427.4632777686084
 10
33150.866610951634
 20
1302.3601254332432
 10
33150.866610951634
 20
676.8443637563948
 10
33025.28977871443
 20
593.4422621994833
 10
31267.21412739362
 20
593.4422621994833
 10
31141.637295156423
 20
718.545414534853
 10
31141.637295156423
 20
2303.1853441161916
 10
31057.919406998288
 20
2428.288496451561
 10
30890.483630682018
 20
2344.8863948946496
 10
30806.765742523887
 20
2428.288496451561
 10
30806.765742523887
 20
2553.391648786931
 10
30764.90679844482
 20
2553.391648786931
 10
30764.90679844482
 20
2428.288496451561
 10
30681.188910286684
 20
2344.8863948946496
 10
30597.471022128553
 20
2344.8863948946496
 10
30513.753133970422
 20
2428.288496451561
 10
30513.753133970422
 20
2595.0926995653845
 10
30513.753133970422
 20
2428.288496451561
 10
30388.17630173322
 20
2344.8863948946496
 10
30262.599469496017
 20
2553.391648786931
 10
30137.02263725882
 20
2344.8863948946496
 10
30011.445805021616
 20
2344.8863948946496
 10
29969.58686094255
 20
2428.288496451561
 10
29844.010028705346
 20
2344.8863948946496
 10
29760.29214054721
 20
2344.8863948946496
 10
29676.57425238908
 20
2428.288496451561
 10
29676.57425238908
 20
2511.6905980084725
 10
29592.856364230945
 20
2344.8863948946496
 10
29425.420587914683
 20
2344.8863948946496
 10
29383.561643835616
 20
2428.288496451561
 10
29341.702699756548
 20
2428.288496451561
 10
29299.84375567748
 20
2344.8863948946496
 10
29174.26692344028
 20
2344.8863948946496
 10
29132.40797936121
 20
2386.587445673103
 10
29174.26692344028
 20
2803.5979534576654
 10
29216.125867519346
 20
2845.299004236124
 10
29299.84375567748
 20
2803.5979534576654
 10
29341.702699756548
 20
2720.195851900754
 10
29341.702699756548
 20
2887.000055014582
 10
29467.27953199375
 20
3053.804258128405
 10
29592.856364230945
 20
3053.804258128405
 10
29676.57425238908
 20
2970.4021565714934
 10
29718.433196468148
 20
3012.103207349947
 10
29676.57425238908
 20
3554.216867469879
 10
29802.15108462628
 20
3762.72212136216
 10
29885.868972784414
 20
3721.0210705837067
 10
30011.445805021616
 20
3804.4231721406186
 10
30137.02263725882
 20
3804.4231721406186
 10
30178.881581337882
 20
3762.72212136216
 10
30723.047854365752
 20
3804.4231721406186
 10
30764.90679844482
 20
3721.0210705837067
 10
30806.765742523887
 20
3721.0210705837067
 10
30848.624686602954
 20
3804.4231721406186
 10
30974.201518840153
 20
3804.4231721406186
 10
31016.06046291922
 20
3762.72212136216
 10
31141.637295156423
 20
3804.4231721406186
 10
31727.662512263356
 20
3804.4231721406186
 10
32188.110897133094
 20
3429.113715134509
 10
32313.687729370296
 20
3429.113715134509
 10
32313.687729370296
 20
3637.618969026795
 10
32271.82878529123
 20
3721.0210705837067
 10
32062.53406489589
 20
3804.4231721406186
 10
32020.675120816824
 20
3887.82527369753
 10
31769.521456342423
 20
4054.6294768113576
 10
30053.304749100684
 20
4054.6294768113576
 10
29927.72791686348
 20
4096.330527589811
 10
29885.868972784414
 20
4054.6294768113576
 10
28671.959594491473
 20
4054.6294768113576
 10
28630.10065041241
 20
4012.9284260328996
 10
28546.382762254274
 20
4054.6294768113576
 10
26997.6018313288
 20
4054.6294768113576
 10
26955.742887249733
 20
4012.9284260328996
 10
26202.281893826526
 20
4012.9284260328996
 10
26160.42294974746
 20
4054.6294768113576
 10
26076.70506158933
 20
4012.9284260328996
 10
25909.26928527306
 20
4096.330527589811
 10
25909.26928527306
 20
4304.835781482093
 10
25867.410341193994
 20
4346.536832260551
 10
25658.11562079866
 20
4346.536832260551
 10
25616.256676719593
 20
4388.237883039004
 10
25532.53878856146
 20
4680.145238488201
 10
25448.820900403323
 20
4638.444187709743
 10
25323.244068166125
 20
4680.145238488201
 10
24946.513571454525
 20
4680.145238488201
 10
24946.513571454525
 20
4638.444187709743
 10
25574.397732640526
 20
4012.9284260328996
 10
25616.256676719593
 20
4012.9284260328996
 10
25616.256676719593
 20
4054.6294768113576
 10
25113.949347770787
 20
4513.341035374374
 10
25197.667235928922
 20
4638.444187709743
 10
25239.52618000799
 20
4596.74313693129
 10
25448.820900403323
 20
4596.74313693129
 10
25532.53878856146
 20
4471.63998459592
 10
25532.53878856146
 20
4346.536832260551
 10
25783.69245303586
 20
4263.134730703639
 10
25909.26928527306
 20
3971.2273752544415
 10
25951.12822935213
 20
4012.9284260328996
 10
25992.987173431196
 20
3971.2273752544415
 10
27416.191272119468
 20
3971.2273752544415
 10
27458.050216198535
 20
3929.526324475988
 10
27416.191272119468
 20
3887.82527369753
 10
26076.70506158933
 20
3887.82527369753
 10
25951.12822935213
 20
3762.72212136216
 10
25699.974564877728
 20
3929.526324475988
 10
25909.26928527306
 20
3679.3200198052486
 10
26118.56400566839
 20
3679.3200198052486
 10
26244.140837905594
 20
3762.72212136216
 10
26495.294502379995
 20
3762.72212136216
 10
26537.153446459062
 20
3804.4231721406186
 10
27583.627048435734
 20
3804.4231721406186
 10
27625.4859925148
 20
3762.72212136216
 10
27751.062824752004
 20
3804.4231721406186
 10
27918.498601068273
 20
3804.4231721406186
 10
27960.35754514734
 20
3762.72212136216
 10
28044.075433305472
 20
3804.4231721406186
 10
28169.652265542674
 20
3804.4231721406186
 10
28211.51120962174
 20
3762.72212136216
 10
28295.229097779877
 20
3804.4231721406186
 10
28420.80593001707
 20
3804.4231721406186
 10
28462.66487409614
 20
3762.72212136216
 10
28713.81853857054
 20
3804.4231721406186
 10
28797.536426728675
 20
3721.0210705837067
 10
28881.25431488681
 20
3804.4231721406186
 10
29006.831147124012
 20
3804.4231721406186
 10
29048.69009120308
 20
3762.72212136216
 10
29257.984811598413
 20
3804.4231721406186
 10
29341.702699756548
 20
3721.0210705837067
 10
29467.27953199375
 20
3804.4231721406186
 10
29592.856364230945
 20
3804.4231721406186
 10
29634.715308310013
 20
3762.72212136216
 10
29634.715308310013
 20
3470.8147659129672
 10
29509.13847607281
 20
3262.3095120206863
 10
29216.125867519346
 20
3053.804258128405
 10
29090.549035282143
 20
3178.907410463775
 10
29006.831147124012
 20
3095.505308906863
 10
29132.40797936121
 20
2803.5979534576654
 10
29048.69009120308
 20
2636.7937503438425
 10
29048.69009120308
 20
2511.6905980084725
 10
28964.972203044945
 20
2386.587445673103
 10
28881.25431488681
 20
2386.587445673103
 10
28797.536426728675
 20
2469.989547230019
 10
28797.536426728675
 20
2553.391648786931
 10
28797.536426728675
 20
2428.288496451561
 10
28713.81853857054
 20
2344.8863948946496
 10
28630.10065041241
 20
2344.8863948946496
 10
28546.382762254274
 20
2428.288496451561
 10
28420.80593001707
 20
2344.8863948946496
 10
28337.088041858944
 20
2344.8863948946496
 10
28253.37015370081
 20
2428.288496451561
 10
28253.37015370081
 20
2761.896902679212
 10
28253.37015370081
 20
2469.989547230019
 10
28127.793321463607
 20
2344.8863948946496
 10
28002.216489226405
 20
2386.587445673103
 10
28002.216489226405
 20
2511.6905980084725
 10
27960.35754514734
 20
2511.6905980084725
 10
27960.35754514734
 20
2428.288496451561
 10
27876.639656989206
 20
2344.8863948946496
 10
27667.34493659387
 20
2386.587445673103
 10
27625.4859925148
 20
2344.8863948946496
 10
27625.4859925148
 20
2052.979039445452
 10
27667.34493659387
 20
2011.2779886669987
 10
27834.78071291014
 20
2094.68009022391
 10
27876.639656989206
 20
2052.979039445452
 10
28044.075433305472
 20
2052.979039445452
 10
28085.93437738454
 20
2094.68009022391
 10
28337.088041858944
 20
2052.979039445452
 10
28378.946985938004
 20
2094.68009022391
 10
28462.66487409614
 20
2052.979039445452
 10
28546.382762254274
 20
1927.875887110087
 10
28546.382762254274
 20
2011.2779886669987
 10
28671.959594491473
 20
2094.68009022391
 10
28797.536426728675
 20
2011.2779886669987
 10
28797.536426728675
 20
1886.174836331629
 10
28923.113258965877
 20
2094.68009022391
 10
29006.831147124012
 20
2052.979039445452
 10
29174.26692344028
 20
2052.979039445452
 10
29216.125867519346
 20
2094.68009022391
 10
29425.420587914683
 20
2052.979039445452
 10
29550.997420151878
 20
2094.68009022391
 10
29676.57425238908
 20
2011.2779886669987
 10
29844.010028705346
 20
2094.68009022391
 10
29927.72791686348
 20
2011.2779886669987
 10
29927.72791686348
 20
1844.4737855531707
 10
29969.58686094255
 20
1844.4737855531707
 10
30011.445805021616
 20
1969.5769378885404
 10
30178.881581337882
 20
2094.68009022391
 10
30806.765742523887
 20
2094.68009022391
 10
30932.342574761085
 20
1969.5769378885404
 10
30932.342574761085
 20
676.8443637563948
 10
30848.624686602954
 20
593.4422621994833
 10
29341.702699756548
 20
593.4422621994833
 10
29299.84375567748
 20
635.1433129779414
 10
29048.69009120308
 20
635.1433129779414
 10
29006.831147124012
 20
593.4422621994833
 10
28755.677482649608
 20
635.1433129779414
 10
28713.81853857054
 20
593.4422621994833
 10
28588.24170633334
 20
635.1433129779414
 10
28337.088041858944
 20
593.4422621994833
 10
28295.229097779877
 20
635.1433129779414
 10
28044.075433305472
 20
593.4422621994833
 10
28002.216489226405
 20
635.1433129779414
 10
27751.062824752004
 20
593.4422621994833
 10
27709.203880672936
 20
635.1433129779414
 10
27583.627048435734
 20
593.4422621994833
 10
26202.281893826526
 20
593.4422621994833
 10
26118.56400566839
 20
676.8443637563948
 10
26118.56400566839
 20
2636.7937503438425
 10
26160.42294974746
 20
2678.4948011223005
 10
26118.56400566839
 20
2761.896902679212
 10
25951.12822935213
 20
2761.896902679212
 10
25867.410341193994
 20
2636.7937503438425
 10
25867.410341193994
 20
2386.587445673103
 10
25783.69245303586
 20
2303.1853441161916
 10
22100.10537407797
 20
2303.1853441161916
 10
22016.38748591984
 20
2511.6905980084725
 10
21597.79804512917
 20
2511.6905980084725
 10
21555.939101050106
 20
2469.989547230019
 10
21514.08015697104
 20
2511.6905980084725
 10
21514.08015697104
 20
2636.7937503438425
 10
21472.22121289197
 20
2678.4948011223005
 10
21514.08015697104
 20
2720.195851900754
 10
21514.08015697104
 20
2970.4021565714934
 10
21597.79804512917
 20
3012.103207349947
 10
21597.79804512917
 20
3095.505308906863
 10
21430.362268812903
 20
3095.505308906863
 10
21346.644380654772
 20
3012.103207349947
 10
21388.503324733836
 20
2970.4021565714934
 10
21388.503324733836
 20
2511.6905980084725
 10
21430.362268812903
 20
2386.587445673103
 10
21514.08015697104
 20
2428.288496451561
 10
21597.79804512917
 20
2386.587445673103
 10
21597.79804512917
 20
676.8443637563948
 10
21555.939101050106
 20
635.1433129779414
 10
21597.79804512917
 20
468.3391098641136
 10
21514.08015697104
 20
384.937008307202
 10
19211.838232622355
 20
384.937008307202
 10
19128.12034446422
 20
426.63805908566013
 10
19086.261400385152
 20
510.0401606425717
 10
19169.979288543287
 20
593.4422621994833
 10
19965.29922604556
 20
593.4422621994833
 10
19839.722393808363
 20
635.1433129779414
 10
19169.979288543287
 20
635.1433129779414
 10
19086.261400385152
 20
718.545414534853
 10
19086.261400385152
 20
3971.2273752544415
 10
19169.979288543287
 20
4054.6294768113576
 10
21346.644380654772
 20
4054.6294768113576
 10
21388.503324733836
 20
4012.9284260328996
 10
21514.08015697104
 20
4012.9284260328996
 10
21597.79804512917
 20
3929.526324475988
 10
21597.79804512917
 20
3679.3200198052486
 10
21555.939101050106
 20
3637.618969026795
 10
21597.79804512917
 20
3512.5158166914257
 10
21681.5159332873
 20
3554.216867469879
 10
22016.38748591984
 20
3554.216867469879
 10
22141.96431815704
 20
3679.3200198052486
 10
22393.117982631444
 20
3679.3200198052486
 10
22434.97692671051
 20
3721.0210705837067
 10
22393.117982631444
 20
3804.4231721406186
 10
22393.117982631444
 20
4263.134730703639
 10
22434.97692671051
 20
4304.835781482093
 10
22393.117982631444
 20
4346.536832260551
 10
22393.117982631444
 20
4555.042086152832
 10
22267.54115039424
 20
4555.042086152832
 10
22225.682206315174
 20
4596.74313693129
 10
22100.10537407797
 20
4555.042086152832
 10
21974.528541840773
 20
4638.444187709743
 10
22016.38748591984
 20
4680.145238488201
 10
21890.810653682638
 20
4721.846289266655
 10
21639.656989208237
 20
4680.145238488201
 10
21639.656989208237
 20
4346.536832260551
 10
21514.08015697104
 20
4263.134730703639
 10
21221.06754841757
 20
4263.134730703639
 10
21179.208604338502
 20
4304.835781482093
 10
18876.966679989822
 20
4304.835781482093
 10
18835.107735910755
 20
4263.134730703639
 10
18835.107735910755
 20
2094.68009022391
 10
18793.248791831687
 20
2052.979039445452
 10
18793.248791831687
 20
1886.174836331629
 10
18835.107735910755
 20
1844.4737855531707
 10
18835.107735910755
 20
676.8443637563948
 10
18751.389847752624
 20
593.4422621994833
 10
14230.623887213398
 20
593.4422621994833
 10
14146.905999055263
 20
760.2464653133111
 10
14146.905999055263
 20
1177.2569730978737
 10
14188.76494313433
 20
1218.958023876327
 10
14188.76494313433
 20
1385.7622269901549
 10
14146.905999055263
 20
1427.4632777686084
 10
13309.727117473927
 20
1427.4632777686084
 10
13226.009229315792
 20
1302.3601254332432
 10
13226.009229315792
 20
676.8443637563948
 10
13100.432397078592
 20
551.7412114210298
 10
11133.06202536245
 20
551.7412114210298
 10
11049.344137204314
 20
635.1433129779414
 10
11049.344137204314
 20
1385.7622269901549
 10
11007.485193125247
 20
1427.4632777686084
 10
8872.679045092837
 20
1427.4632777686084
 10
8788.961156934703
 20
1469.1643285470664
 10
8537.8074924603
 20
1719.3706332178058
 10
8370.371716144033
 20
1802.7727347747173
 10
8161.076995748699
 20
2052.979039445452
 10
7658.769666799895
 20
2428.288496451561
 10
7575.051778641762
 20
2553.391648786931
 10
6947.167617455759
 20
3053.804258128405
 10
6905.308673376691
 20
3137.2063596853163
 10
5649.540351004684
 20
4179.7326291467225
 10
5565.822462846551
 20
4429.938933817462
 10
5565.822462846551
 20
4555.042086152832
 10
5607.681406925619
 20
4596.74313693129
 10
5565.822462846551
 20
5347.362050943499
 10
5523.963518767484
 20
5389.063101721957
 10
5147.2330220558815
 20
5389.063101721957
 10
5063.515133897749
 20
5555.8673048357805
 10
5063.515133897749
 20
6890.300929746384
 10
5021.656189818682
 20
6932.001980524842
 10
5021.656189818682
 20
8266.435605435441
 10
4979.7972457396145
 20
8308.1366562139
 10
4979.7972457396145
 20
9559.168179567587
 10
4937.938301660548
 20
9600.86923034604
 10
4937.938301660548
 20
10935.302855256645
 10
4896.0793575814805
 20
10977.003906035097
 10
4854.220413502414
 20
13145.458546514827
 10
4937.938301660548
 20
13228.860648071737
 10
5272.809854293083
 20
13228.860648071737
 10
5272.809854293083
 20
14146.283765197779
 10
5314.66879837215
 20
14229.685866754691
 10
5230.950910214016
 20
14438.191120646972
 10
5147.2330220558815
 20
14479.892171425425
 10
4896.0793575814805
 20
14438.191120646972
 10
4812.3614694233465
 20
14521.593222203883
 10
4812.3614694233465
 20
14896.902679209992
 10
4770.502525344281
 20
14938.603729988447
 10
4728.6435812652135
 20
17357.26467513891
 10
4686.784637186147
 20
17398.96572591737
 10
4686.784637186147
 20
18816.801452384883
 10
4644.9256931070795
 20
18858.502503163338
 10
4686.784637186147
 20
19108.708807834075
 10
4644.9256931070795
 20
19150.40985861253
 10
4603.066749028012
 20
20693.348737415414
 10
4686.784637186147
 20
20776.750838972326
 10
4979.7972457396145
 20
20776.750838972326
 10
5021.656189818682
 20
20818.451889750784
 10
5021.656189818682
 20
20985.25609286461
 10
5063.515133897749
 20
21026.957143643067
 10
5021.656189818682
 20
21152.06029597843
 10
5021.656189818682
 20
21527.36975298454
 10
5063.515133897749
 20
21569.070803762992
 10
5021.656189818682
 20
21610.771854541457
 10
5021.656189818682
 20
22152.885514661382
 10
4937.938301660548
 20
22194.58656543984
 10
4603.066749028012
 20
22194.58656543984
 10
4519.348860869878
 20
22403.091819332123
 10
4519.348860869878
 20
23695.824393464267
 10
4477.4899167908125
 20
23737.52544424272
 10
4435.630972711745
 20
26197.887440171642
 10
4393.7720286326785
 20
26239.5884909501
 10
4393.7720286326785
 20
27365.51686196842
 10
4351.913084553611
 20
27407.217912746877
 10
4351.913084553611
 20
28282.939979094455
 10
4435.630972711745
 20
28366.34208065137
 10
4854.220413502414
 20
28366.34208065137
 10
4896.0793575814805
 20
28449.744182208284
 10
4896.0793575814805
 20
28783.352588435933
 10
4854.220413502414
 20
28825.053639214388
 10
4854.220413502414
 20
29575.672553226606
 10
4812.3614694233465
 20
29617.37360400506
 10
4854.220413502414
 20
29742.47675634043
 10
4770.502525344281
 20
29784.177807118882
 10
4644.9256931070795
 20
29742.47675634043
 10
4603.066749028012
 20
29659.07465478351
 10
4393.7720286326785
 20
29659.07465478351
 10
4310.0541404745445
 20
29742.47675634043
 10
4310.0541404745445
 20
30159.487264124993
 10
4268.195196395477
 20
30201.188314903444
 10
4268.195196395477
 20
30367.992518017272
 10
4310.0541404745445
 20
30409.69356879573
 10
4310.0541404745445
 20
30534.7967211311
 10
4268.195196395477
 20
30576.497771909555
 10
4268.195196395477
 20
31702.426142927874
 10
4226.336252316411
 20
31744.127193706332
 10
4226.336252316411
 20
31910.931396820153
 10
4310.0541404745445
 20
31994.333498377066
 10
4435.630972711745
 20
32036.034549155524
 10
4519.348860869878
 20
31994.333498377066
 10
4603.066749028012
 20
31869.2303460417
 10
4686.784637186147
 20
31869.2303460417
 10
4770.502525344281
 20
32036.034549155524
 10
4728.6435812652135
 20
32161.137701490894
 10
4770.502525344281
 20
32244.539803047806
 10
4770.502525344281
 20
32578.148209275456
 10
4728.6435812652135
 20
32619.849260053914
 10
4770.502525344281
 20
32661.55031083237
 10
4770.502525344281
 20
32911.75661550311
  0
LWPOLYLINE
  5
250
330
17
100
AcDbEntity
  8
RASTER_CONTOURS
100
AcDbPolyline
 90
14
 70
1
 10
19839.722393808363
 20
35080.21125598284
 10
19923.440281966494
 20
35163.61335753975
 10
21597.79804512917
 20
35163.61335753975
 10
21681.5159332873
 20
35080.21125598284
 10
21681.5159332873
 20
34830.0049513121
 10
21723.37487736637
 20
34746.60284975518
 10
21597.79804512917
 20
34579.79864664136
 10
21472.22121289197
 20
34579.79864664136
 10
21430.362268812903
 20
34621.499697419815
 10
20049.017114203696
 20
34621.499697419815
 10
19965.29922604556
 20
34579.79864664136
 10
19839.722393808363
 20
34704.90179897672
 10
19839.722393808363
 20
34871.70600209055
 10
19881.581337887426
 20
34913.407052869006
  0
LWPOLYLINE
  5
251
330
17
100
AcDbEntity
  8
RASTER_CONTOURS
100
AcDbPolyline
 90
30
 70
1
 10
17370.044693143413
 20
35163.61335753975
 10
19462.99189709676
 20
35163.61335753975
 10
19546.70978525489
 20
35080.21125598284
 10
19462.99189709676
 20
34955.108103647464
 10
19546.70978525489
 20
34871.70600209055
 10
19546.70978525489
 20
33829.17973262914
 10
19379.274008938624
 20
33662.37552951532
 10
19379.274008938624
 20
33287.06607250922
 10
19337.415064859557
 20
33245.36502173076
 10
19337.415064859557
 20
33120.261869395385
 10
19379.274008938624
 20
33078.56081861693
 10
19379.274008938624
 20
32536.447158496998
 10
19253.697176701422
 20
32411.34400616163
 10
19379.274008938624
 20
32411.34400616163
 10
19379.274008938624
 20
32578.148209275456
 10
19462.99189709676
 20
32661.55031083237
 10
19546.70978525489
 20
32578.148209275456
 10
19546.70978525489
 20
32327.941904604722
 10
19588.568729333958
 20
32244.539803047806
 10
19546.70978525489
 20
32202.838752269352
 10
19546.70978525489
 20
32077.73559993398
 10
19462.99189709676
 20
31994.333498377066
 10
17411.90363722248
 20
31994.333498377066
 10
17286.32680498528
 20
32119.436650712436
 10
17286.32680498528
 20
32828.35451394619
 10
17328.18574906435
 20
32870.05556472465
 10
17286.32680498528
 20
34830.0049513121
 10
17370.044693143413
 20
34955.108103647464
 10
17328.18574906435
 20
34996.80915442592
 10
17328.18574906435
 20
35121.91230676129
  0
LWPOLYLINE
  5
252
330
17
100
AcDbEntity
  8
RASTER_CONTOURS
100
AcDbPolyline
 90
30
 70
1
 10
50103.73896297373
 20
35038.51020520438
 10
50313.03368336905
 20
35288.716509875114
 10
50438.61051560626
 20
35288.716509875114
 10
50480.46945968532
 20
35330.41756065357
 10
50564.18734784346
 20
35288.716509875114
 10
53243.15976890375
 20
35288.716509875114
 10
53326.87765706188
 20
35205.3144083182
 10
53326.87765706188
 20
34579.79864664136
 10
53494.31343337815
 20
34538.097595862906
 10
53536.17237745721
 20
34496.39654508445
 10
53536.17237745721
 20
34371.293392749074
 10
53452.454489299074
 20
34287.891291192165
 10
53368.73660114094
 20
34329.592341970616
 10
53326.87765706188
 20
34287.891291192165
 10
53201.30082482467
 20
34287.891291192165
 10
53117.582936666535
 20
34371.293392749074
 10
53117.582936666535
 20
34496.39654508445
 10
53033.8650485084
 20
34579.79864664136
 10
52908.28821627121
 20
34538.097595862906
 10
52782.711384034
 20
34663.20074819827
 10
52782.711384034
 20
34830.0049513121
 10
52740.85243995494
 20
34871.70600209055
 10
51024.63573271321
 20
34871.70600209055
 10
50982.776788634124
 20
34913.407052869006
 10
50940.91784455507
 20
34871.70600209055
 10
50857.19995639694
 20
34913.407052869006
 10
50731.62312415973
 20
34871.70600209055
 10
50606.04629192253
 20
34913.407052869006
 10
50187.456851131865
 20
34871.70600209055
 10
50103.73896297373
 20
34955.108103647464
  0
LWPOLYLINE
  5
253
330
17
100
AcDbEntity
  8
RASTER_CONTOURS
100
AcDbPolyline
 90
68
 70
1
 10
45666.69089059264
 20
35247.015459096656
 10
45750.408778750774
 20
35330.41756065357
 10
47801.49703862505
 20
35330.41756065357
 10
47843.3559827041
 20
35288.716509875114
 10
48387.52225573199
 20
35288.716509875114
 10
48429.38119981105
 20
35330.41756065357
 10
49685.149522183056
 20
35330.41756065357
 10
49810.72635442025
 20
35288.716509875114
 10
49852.585298499325
 20
35330.41756065357
 10
50061.88001889465
 20
35330.41756065357
 10
50145.59790705278
 20
35247.015459096656
 10
50061.88001889465
 20
34955.108103647464
 10
49852.585298499325
 20
34871.70600209055
 10
49768.86741034119
 20
34913.407052869006
 10
49685.149522183056
 20
34871.70600209055
 10
49601.43163402492
 20
34913.407052869006
 10
49433.99585770866
 20
34913.407052869006
 10
49392.136913629576
 20
34871.70600209055
 10
49266.56008139239
 20
34871.70600209055
 10
49224.70113731331
 20
34913.407052869006
 10
49057.26536099706
 20
34913.407052869006
 10
49015.406416917984
 20
34871.70600209055
 10
48847.970640601714
 20
34871.70600209055
 10
48806.11169652266
 20
34913.407052869006
 10
47634.06126230878
 20
34871.70600209055
 10
47508.48443007157
 20
34913.407052869006
 10
47382.907597834375
 20
34871.70600209055
 10
47299.18970967624
 20
34913.407052869006
 10
47257.330765597166
 20
34871.70600209055
 10
46838.74132480651
 20
34871.70600209055
 10
46796.88238072744
 20
34830.0049513121
 10
45917.84455506704
 20
34621.499697419815
 10
45834.12666690891
 20
34496.39654508445
 10
45834.12666690891
 20
32077.73559993398
 10
45917.84455506704
 20
31952.63244759861
 10
46085.28033138331
 20
31869.2303460417
 10
46168.99821954144
 20
31869.2303460417
 10
46671.30554849024
 20
31619.02404137096
 10
47131.75393335998
 20
31452.219838257137
 10
50940.91784455507
 20
31452.219838257137
 10
50982.776788634124
 20
31410.51878747868
 10
50982.776788634124
 20
30618.19882268801
 10
51066.49467679226
 20
30493.09567035264
 10
51066.49467679226
 20
30201.188314903444
 10
50982.776788634124
 20
30117.786213346535
 10
50229.31579521092
 20
30117.786213346535
 10
50145.59790705278
 20
30201.188314903444
 10
50145.59790705278
 20
31285.41563514331
 10
50103.73896297373
 20
31327.116685921766
 10
47006.17710112277
 20
31327.116685921766
 10
46168.99821954144
 20
31702.426142927874
 10
46085.28033138331
 20
31702.426142927874
 10
45792.26772282983
 20
31869.2303460417
 10
45415.537226118235
 20
31952.63244759861
 10
45373.67828203916
 20
31994.333498377066
 10
45415.537226118235
 20
32036.034549155524
 10
45666.69089059264
 20
32036.034549155524
 10
45708.54983467169
 20
32077.73559993398
 10
45708.54983467169
 20
32953.45766628156
 10
45750.408778750774
 20
32995.15871706002
 10
45708.54983467169
 20
33120.261869395385
 10
45708.54983467169
 20
33537.27237717995
 10
45750.408778750774
 20
33578.97342795841
 10
45750.408778750774
 20
34621.499697419815
 10
45708.54983467169
 20
34704.90179897672
 10
45750.408778750774
 20
34830.0049513121
 10
45708.54983467169
 20
34871.70600209055
 10
45750.408778750774
 20
34955.108103647464
  0
LWPOLYLINE
  5
254
330
17
100
AcDbEntity
  8
RASTER_CONTOURS
100
AcDbPolyline
 90
100
 70
1
 10
45248.101449801965
 20
35247.015459096656
 10
45206.24250572289
 20
35205.3144083182
 10
45206.24250572289
 20
34955.108103647464
 10
45164.38356164383
 20
34913.407052869006
 10
45206.24250572289
 20
34871.70600209055
 10
45206.24250572289
 20
34746.60284975518
 10
45080.665673485695
 20
34621.499697419815
 10
44745.79412085316
 20
34621.499697419815
 10
44703.93517677409
 20
34538.097595862906
 10
44703.93517677409
 20
33036.859767838476
 10
44745.79412085316
 20
32995.15871706002
 10
44703.93517677409
 20
32911.75661550311
 10
44703.93517677409
 20
32661.55031083237
 10
44745.79412085316
 20
32578.148209275456
 10
44996.94778532757
 20
32578.148209275456
 10
45080.665673485695
 20
32494.746107718543
 10
45080.665673485695
 20
32077.73559993398
 10
45206.24250572289
 20
31994.333498377066
 10
45164.38356164383
 20
31952.63244759861
 10
44620.21728861597
 20
31910.931396820153
 10
44410.92256822062
 20
31994.333498377066
 10
44410.92256822062
 20
33620.67447873686
 10
44285.345735983436
 20
33704.076580293775
 10
44243.48679190435
 20
33662.37552951532
 10
43029.57741361142
 20
33662.37552951532
 10
42987.718469532345
 20
33704.076580293775
 10
42527.27008466262
 20
33704.076580293775
 10
42485.41114058354
 20
33662.37552951532
 10
41648.232259002216
 20
33704.076580293775
 10
41606.37331492314
 20
33662.37552951532
 10
41564.51437084408
 20
33704.076580293775
 10
41438.93753860687
 20
33704.076580293775
 10
41397.07859452782
 20
33662.37552951532
 10
41229.64281821155
 20
33662.37552951532
 10
41187.783874132474
 20
33578.97342795841
 10
41145.924930053414
 20
33578.97342795841
 10
41104.06598597434
 20
33662.37552951532
 10
38927.40089386286
 20
33662.37552951532
 10
38885.541949783794
 20
33704.076580293775
 10
38843.68300570473
 20
33662.37552951532
 10
37336.76101885833
 20
33662.37552951532
 10
37253.04313070019
 20
33704.076580293775
 10
37211.184186621125
 20
33662.37552951532
 10
37001.88946622579
 20
33662.37552951532
 10
36918.17157806765
 20
33620.67447873686
 10
36667.01791359325
 20
33704.076580293775
 10
36541.44108135605
 20
33662.37552951532
 10
36332.146360960716
 20
33662.37552951532
 10
36248.42847280258
 20
33704.076580293775
 10
36206.56952872352
 20
33662.37552951532
 10
36080.99269648632
 20
33662.37552951532
 10
36080.99269648632
 20
33537.27237717995
 10
36039.13375240725
 20
33495.57132640149
 10
36039.13375240725
 20
32995.15871706002
 10
36080.99269648632
 20
32953.45766628156
 10
36039.13375240725
 20
32870.05556472465
 10
36039.13375240725
 20
32536.447158496998
 10
36122.851640565386
 20
32369.642955383173
 10
36834.45368990952
 20
32369.642955383173
 10
36876.312633988586
 20
32411.34400616163
 10
36918.17157806765
 20
32327.941904604722
 10
36834.45368990952
 20
32244.539803047806
 10
36374.005305039784
 20
32244.539803047806
 10
36332.146360960716
 20
32286.240853826264
 10
36206.56952872352
 20
32244.539803047806
 10
35871.69797609098
 20
32244.539803047806
 10
35829.839032011914
 20
32286.240853826264
 10
35620.54431161658
 20
32244.539803047806
 10
35578.68536753751
 20
32286.240853826264
 10
35536.82642345844
 20
32244.539803047806
 10
35494.967479379375
 20
32286.240853826264
 10
35536.82642345844
 20
32369.642955383173
 10
35787.98008793285
 20
32369.642955383173
 10
35955.41586424912
 20
32453.045056940085
 10
35955.41586424912
 20
34871.70600209055
 10
35997.274808328184
 20
34913.407052869006
 10
36039.13375240725
 20
34871.70600209055
 10
36039.13375240725
 20
34162.78813885679
 10
36080.99269648632
 20
34121.08708807834
 10
36080.99269648632
 20
33954.282884964516
 10
36039.13375240725
 20
33912.58183418606
 10
36122.851640565386
 20
33787.47868185069
 10
36164.710584644454
 20
33829.17973262914
 10
36248.42847280258
 20
33787.47868185069
 10
36499.582137276986
 20
33787.47868185069
 10
36541.44108135605
 20
33829.17973262914
 10
36792.59474583045
 20
33829.17973262914
 10
36834.45368990952
 20
33787.47868185069
 10
41857.526979397546
 20
33787.47868185069
 10
41983.103811634755
 20
33870.8807834076
 10
42150.539587951025
 20
33787.47868185069
 10
42359.83430834635
 20
33787.47868185069
 10
42401.69325242542
 20
33829.17973262914
 10
42485.41114058354
 20
33787.47868185069
 10
44536.49940045783
 20
33787.47868185069
 10
44620.21728861597
 20
33829.17973262914
 10
44620.21728861597
 20
35163.61335753975
 10
44536.49940045783
 20
35288.716509875114
 10
44578.35834453689
 20
35330.41756065357
 10
45164.38356164383
 20
35330.41756065357
  0
LWPOLYLINE
  5
255
330
17
100
AcDbEntity
  8
RASTER_CONTOURS
100
AcDbPolyline
 90
6
 70
1
 10
42736.56480505794
 20
35288.716509875114
 10
42778.42374913702
 20
35330.41756065357
 10
43322.590022164884
 20
35330.41756065357
 10
43364.44896624396
 20
35288.716509875114
 10
43322.590022164884
 20
35247.015459096656
 10
42778.42374913702
 20
35247.015459096656
  0
LWPOLYLINE
  5
256
330
17
100
AcDbEntity
  8
RASTER_CONTOURS
100
AcDbPolyline
 90
5
 70
1
 10
41815.668035318486
 20
35288.716509875114
 10
41857.526979397546
 20
35330.41756065357
 10
42150.539587951025
 20
35330.41756065357
 10
42192.39853203008
 20
35288.716509875114
 10
42024.962755713816
 20
35163.61335753975
  0
LWPOLYLINE
  5
257
330
17
100
AcDbEntity
  8
RASTER_CONTOURS
100
AcDbPolyline
 90
6
 70
1
 10
40266.887104393005
 20
35288.716509875114
 10
40308.74604847207
 20
35330.41756065357
 10
40601.75865702553
 20
35330.41756065357
 10
40643.61760110461
 20
35288.716509875114
 10
40601.75865702553
 20
35247.015459096656
 10
40308.74604847207
 20
35247.015459096656
  0
LWPOLYLINE
  5
258
330
17
100
AcDbEntity
  8
RASTER_CONTOURS
100
AcDbPolyline
 90
6
 70
1
 10
37671.63257149085
 20
35288.716509875114
 10
37713.49151556992
 20
35330.41756065357
 10
39597.14399912793
 20
35330.41756065357
 10
39639.002943207
 20
35288.716509875114
 10
39597.14399912793
 20
35247.015459096656
 10
37713.49151556992
 20
35247.015459096656
  0
LWPOLYLINE
  5
259
330
17
100
AcDbEntity
  8
RASTER_CONTOURS
100
AcDbPolyline
 90
6
 70
1
 10
36667.01791359325
 20
35288.716509875114
 10
36708.876857672316
 20
35330.41756065357
 10
36960.03052214672
 20
35330.41756065357
 10
37001.88946622579
 20
35288.716509875114
 10
36960.03052214672
 20
35247.015459096656
 10
36708.876857672316
 20
35247.015459096656
  0
LWPOLYLINE
  5
25A
330
17
100
AcDbEntity
  8
RASTER_CONTOURS
100
AcDbPolyline
 90
6
 70
1
 10
36332.146360960716
 20
35288.716509875114
 10
36374.005305039784
 20
35330.41756065357
 10
36583.300025435114
 20
35330.41756065357
 10
36625.15896951418
 20
35288.716509875114
 10
36583.300025435114
 20
35247.015459096656
 10
36374.005305039784
 20
35247.015459096656
  0
LWPOLYLINE
  5
25B
330
17
100
AcDbEntity
  8
RASTER_CONTOURS
100
AcDbPolyline
 90
10
 70
1
 10
35243.81381490498
 20
35288.716509875114
 10
35285.672758984045
 20
35330.41756065357
 10
36122.851640565386
 20
35330.41756065357
 10
36164.710584644454
 20
35247.015459096656
 10
36080.99269648632
 20
35205.3144083182
 10
36080.99269648632
 20
35080.21125598284
 10
35997.274808328184
 20
34996.80915442592
 10
35913.55692017005
 20
35205.3144083182
 10
35787.98008793285
 20
35247.015459096656
 10
35285.672758984045
 20
35247.015459096656
  0
LWPOLYLINE
  5
25C
330
17
100
AcDbEntity
  8
RASTER_CONTOURS
100
AcDbPolyline
 90
34
 70
1
 10
34992.66015043058
 20
35330.41756065357
 10
35034.51909450965
 20
35288.716509875114
 10
34992.66015043058
 20
35247.015459096656
 10
33946.18654845391
 20
35247.015459096656
 10
33778.75077213764
 20
35163.61335753975
 10
33778.75077213764
 20
34704.90179897672
 10
33736.89182805857
 20
34663.20074819827
 10
33527.597107663234
 20
34663.20074819827
 10
33443.8792195051
 20
34579.79864664136
 10
33443.8792195051
 20
32578.148209275456
 10
33527.597107663234
 20
32494.746107718543
 10
33736.89182805857
 20
32494.746107718543
 10
33904.32760437484
 20
32369.642955383173
 10
33946.18654845391
 20
32411.34400616163
 10
34281.05810108644
 20
32369.642955383173
 10
34364.77598924457
 20
32244.539803047806
 10
34281.05810108644
 20
32161.137701490894
 10
33820.609716216706
 20
32161.137701490894
 10
33778.75077213764
 20
31994.333498377066
 10
33695.032883979504
 20
31910.931396820153
 10
33318.3023872679
 20
31910.931396820153
 10
33276.44344318883
 20
31952.63244759861
 10
33276.44344318883
 20
33370.468174066125
 10
33318.3023872679
 20
33412.16922484458
 10
33276.44344318883
 20
34329.592341970616
 10
33318.3023872679
 20
34454.69549430599
 10
33276.44344318883
 20
34496.39654508445
 10
33276.44344318883
 20
34621.499697419815
 10
33192.7255550307
 20
34704.90179897672
 10
33192.7255550307
 20
35121.91230676129
 10
33150.866610951634
 20
35205.3144083182
 10
33067.1487227935
 20
35205.3144083182
 10
32983.430834635365
 20
35288.716509875114
 10
33025.28977871443
 20
35330.41756065357
  0
LWPOLYLINE
  5
25D
330
17
100
AcDbEntity
  8
RASTER_CONTOURS
100
AcDbPolyline
 90
40
 70
1
 10
22518.694814868642
 20
35288.716509875114
 10
22560.55375894771
 20
35330.41756065357
 10
28923.113258965877
 20
35330.41756065357
 10
28964.972203044945
 20
35288.716509875114
 10
30974.201518840153
 20
35288.716509875114
 10
31016.06046291922
 20
35330.41756065357
 10
31099.778351077355
 20
35288.716509875114
 10
31727.662512263356
 20
35288.716509875114
 10
31769.521456342423
 20
35330.41756065357
 10
32564.841393844697
 20
35330.41756065357
 10
32648.559282002832
 20
35247.015459096656
 10
32606.700337923765
 20
35205.3144083182
 10
31099.778351077355
 20
35205.3144083182
 10
31057.919406998288
 20
35163.61335753975
 10
30932.342574761085
 20
35163.61335753975
 10
30890.483630682018
 20
35205.3144083182
 10
27834.78071291014
 20
35205.3144083182
 10
27792.92176883107
 20
35247.015459096656
 10
27709.203880672936
 20
35205.3144083182
 10
26202.281893826526
 20
35205.3144083182
 10
26160.42294974746
 20
35247.015459096656
 10
25909.26928527306
 20
35163.61335753975
 10
25825.551397114927
 20
35247.015459096656
 10
25741.833508956795
 20
35205.3144083182
 10
25616.256676719593
 20
35205.3144083182
 10
25574.397732640526
 20
35247.015459096656
 10
25072.09040369172
 20
35247.015459096656
 10
25030.231459612653
 20
35205.3144083182
 10
24904.654627375457
 20
35205.3144083182
 10
24862.79568329639
 20
35247.015459096656
 10
24779.077795138255
 20
35205.3144083182
 10
24653.500962901056
 20
35247.015459096656
 10
24486.065186584787
 20
35163.61335753975
 10
24486.065186584787
 20
35038.51020520438
 10
24527.924130663854
 20
34996.80915442592
 10
24444.20624250572
 20
34913.407052869006
 10
24360.488354347584
 20
35205.3144083182
 10
24234.911522110386
 20
35205.3144083182
 10
24193.05257803132
 20
35247.015459096656
 10
22560.55375894771
 20
35247.015459096656
  0
LWPOLYLINE
  5
25E
330
17
100
AcDbEntity
  8
RASTER_CONTOURS
100
AcDbPolyline
 90
27
 70
1
 10
19379.274008938624
 20
35288.716509875114
 10
19421.13295301769
 20
35330.41756065357
 10
22476.835870789575
 20
35330.41756065357
 10
22518.694814868642
 20
35288.716509875114
 10
22351.259038552376
 20
35163.61335753975
 10
22309.40009447331
 20
34079.38603729988
 10
22267.54115039424
 20
34037.684986521424
 10
22309.40009447331
 20
33954.282884964516
 10
22225.682206315174
 20
33870.8807834076
 10
22183.823262236107
 20
33912.58183418606
 10
22183.823262236107
 20
34496.39654508445
 10
22100.10537407797
 20
34538.097595862906
 10
21848.95170960357
 20
34538.097595862906
 10
21765.233821445436
 20
34663.20074819827
 10
21765.233821445436
 20
35163.61335753975
 10
21723.37487736637
 20
35205.3144083182
 10
20886.195995785034
 20
35205.3144083182
 10
20844.337051705967
 20
35247.015459096656
 10
20760.61916354783
 20
35205.3144083182
 10
20132.73500236183
 20
35205.3144083182
 10
20090.876058282764
 20
35247.015459096656
 10
19881.581337887426
 20
35247.015459096656
 10
19756.004505650228
 20
35163.61335753975
 10
19756.004505650228
 20
33787.47868185069
 10
19672.286617492093
 20
33745.77763107223
 10
19630.427673413025
 20
33787.47868185069
 10
19630.427673413025
 20
35163.61335753975
  0
LWPOLYLINE
  5
25F
330
17
100
AcDbEntity
  8
RASTER_CONTOURS
100
AcDbPolyline
 90
315
 70
1
 10
5984.411903637219
 20
35330.41756065357
 10
19211.838232622355
 20
35330.41756065357
 10
19253.697176701422
 20
35288.716509875114
 10
19211.838232622355
 20
35247.015459096656
 10
17956.06991025035
 20
35247.015459096656
 10
17914.210966171282
 20
35205.3144083182
 10
17830.49307801315
 20
35247.015459096656
 10
17286.32680498528
 20
35247.015459096656
 10
17244.467860906214
 20
35205.3144083182
 10
17244.467860906214
 20
35080.21125598284
 10
17160.74997274808
 20
34996.80915442592
 10
17118.891028669015
 20
35038.51020520438
 10
17118.891028669015
 20
35163.61335753975
 10
17035.17314051088
 20
35247.015459096656
 10
14146.905999055263
 20
35247.015459096656
 10
14021.329166818063
 20
35163.61335753975
 10
14063.18811089713
 20
34371.293392749074
 10
14021.329166818063
 20
34246.19024041371
 10
13853.893390501797
 20
34162.78813885679
 10
13519.02183786926
 20
34162.78813885679
 10
13477.162893790193
 20
34204.48918963525
 10
13435.303949711126
 20
34162.78813885679
 10
13226.009229315792
 20
34287.891291192165
 10
13226.009229315792
 20
35205.3144083182
 10
13100.432397078592
 20
35247.015459096656
 10
12932.996620762324
 20
35247.015459096656
 10
12891.137676683256
 20
35205.3144083182
 10
12849.278732604189
 20
35247.015459096656
 10
12723.70190036699
 20
35205.3144083182
 10
12556.266124050722
 20
35205.3144083182
 10
12514.407179971655
 20
35247.015459096656
 10
12472.548235892587
 20
35205.3144083182
 10
9207.55059772537
 20
35205.3144083182
 10
9165.691653646303
 20
35247.015459096656
 10
6821.590785218557
 20
35205.3144083182
 10
6779.731841139491
 20
35121.91230676129
 10
6779.731841139491
 20
34704.90179897672
 10
6821.590785218557
 20
34579.79864664136
 10
6779.731841139491
 20
34538.097595862906
 10
6779.731841139491
 20
34079.38603729988
 10
6737.872897060424
 20
34037.684986521424
 10
4979.7972457396145
 20
34037.684986521424
 10
4644.9256931070795
 20
33662.37552951532
 10
4644.9256931070795
 20
33370.468174066125
 10
4728.6435812652135
 20
33287.06607250922
 10
4686.784637186147
 20
33203.6639709523
 10
4686.784637186147
 20
32161.137701490894
 10
4603.066749028012
 20
32077.73559993398
 10
4017.0415319210756
 20
32077.73559993398
 10
3933.323643762943
 20
31994.333498377066
 10
3933.323643762943
 20
31744.127193706332
 10
3975.1825878420086
 20
31702.426142927874
 10
4017.0415319210756
 20
29659.07465478351
 10
4100.75942007921
 20
29575.672553226606
 10
4686.784637186147
 20
29575.672553226606
 10
4770.502525344281
 20
29492.27045166969
 10
4770.502525344281
 20
29325.466248555866
 10
4812.3614694233465
 20
29283.765197777408
 10
4770.502525344281
 20
29242.06414699895
 10
4812.3614694233465
 20
29158.662045442044
 10
4812.3614694233465
 20
28866.754689992846
 10
4686.784637186147
 20
28741.651537657475
 10
4142.6183641582775
 20
28741.651537657475
 10
4058.900476000143
 20
28658.249436100567
 10
4058.900476000143
 20
28324.641029872913
 10
4100.75942007921
 20
28282.939979094455
 10
4100.75942007921
 20
26990.207404962315
 10
4142.6183641582775
 20
26948.506354183857
 10
4142.6183641582775
 20
25238.763272267148
 10
4184.477308237344
 20
25197.062221488693
 10
4184.477308237344
 20
23779.22649502118
 10
4226.336252316411
 20
23737.52544424272
 10
4226.336252316411
 20
22486.493920889036
 10
4268.195196395477
 20
22444.79287011058
 10
4268.195196395477
 20
22152.885514661382
 10
4310.0541404745445
 20
22111.184463882924
 10
4896.0793575814805
 20
22111.184463882924
 10
4979.7972457396145
 20
22027.78236232602
 10
4979.7972457396145
 20
21402.26660064917
 10
4770.502525344281
 20
21277.1634483138
 10
4435.630972711745
 20
21277.1634483138
 10
4393.7720286326785
 20
21318.86449909226
 10
4310.0541404745445
 20
21277.1634483138
 10
4310.0541404745445
 20
21152.06029597843
 10
4268.195196395477
 20
21110.359245199976
 10
4310.0541404745445
 20
21068.658194421525
 10
4310.0541404745445
 20
20234.637178852397
 10
4351.913084553611
 20
20192.93612807394
 10
4310.0541404745445
 20
19984.43087418166
 10
4351.913084553611
 20
19942.729823403202
 10
4351.913084553611
 20
18900.203553941796
 10
4393.7720286326785
 20
18858.502503163338
 10
4393.7720286326785
 20
17524.068878252736
 10
4435.630972711745
 20
17482.367827474278
 10
4435.630972711745
 20
16356.43945645596
 10
4477.4899167908125
 20
16314.738405677503
 10
4477.4899167908125
 20
16147.93420256368
 10
4435.630972711745
 20
16106.233151785222
 10
4477.4899167908125
 20
16022.831050228311
 10
4435.630972711745
 20
15939.428948671399
 10
4477.4899167908125
 20
15897.72789789294
 10
4519.348860869878
 20
14104.58271441932
 10
4644.9256931070795
 20
14104.58271441932
 10
4686.784637186147
 20
14062.881663640863
 10
5147.2330220558815
 20
14062.881663640863
 10
5230.950910214016
 20
13979.47956208395
 10
5230.950910214016
 20
13395.664851185566
 10
5105.374077976815
 20
13270.561698850195
 10
4561.2078049489455
 20
13270.561698850195
 10
4519.348860869878
 20
13145.458546514827
 10
4561.2078049489455
 20
13103.757495736369
 10
4561.2078049489455
 20
11769.323870825769
 10
4603.066749028012
 20
11727.62282004731
 10
4603.066749028012
 20
11060.406007592013
 10
4644.9256931070795
 20
11018.704956813555
 10
4686.784637186147
 20
8641.745062441545
 10
4728.6435812652135
 20
8600.044011663093
 10
4686.784637186147
 20
8224.734554656983
 10
4728.6435812652135
 20
8183.03350387853
 10
4728.6435812652135
 20
7349.012488309404
 10
4770.502525344281
 20
7307.311437530946
 10
4812.3614694233465
 20
5389.063101721957
 10
4854.220413502414
 20
5347.362050943499
 10
5440.24563060935
 20
5347.362050943499
 10
5523.963518767484
 20
5222.258898608134
 10
5523.963518767484
 20
4012.9284260328996
 10
8495.948548381233
 20
1427.4632777686084
 10
8663.384324697501
 20
1344.0611762116966
 10
8830.820101013769
 20
1344.0611762116966
 10
8872.679045092837
 20
1385.7622269901549
 10
10337.742087860177
 20
1385.7622269901549
 10
10379.601031939244
 20
1344.0611762116966
 10
10421.459976018312
 20
1385.7622269901549
 10
10588.895752334576
 20
1302.3601254332432
 10
10547.036808255512
 20
1260.6590746547852
 10
10547.036808255512
 20
384.937008307202
 10
10630.754696413644
 20
301.5349067502904
 10
10881.908360888046
 20
301.5349067502904
 10
10923.767304967114
 20
343.23595752874854
 10
11049.344137204314
 20
343.23595752874854
 10
11091.203081283382
 20
301.5349067502904
 10
12681.842956287923
 20
301.5349067502904
 10
12723.70190036699
 20
343.23595752874854
 10
13226.009229315792
 20
301.5349067502904
 10
13309.727117473927
 20
384.937008307202
 10
13309.727117473927
 20
1302.3601254332432
 10
13393.44500563206
 20
1385.7622269901549
 10
13979.470222738995
 20
1385.7622269901549
 10
14105.047054976196
 20
1302.3601254332432
 10
14105.047054976196
 20
384.937008307202
 10
14146.905999055263
 20
343.23595752874854
 10
18835.107735910755
 20
343.23595752874854
 10
18876.966679989822
 20
384.937008307202
 10
18876.966679989822
 20
4179.7326291467225
 10
19128.12034446422
 20
4263.134730703639
 10
19295.55612078049
 20
4263.134730703639
 10
19337.415064859557
 20
4221.4336799251805
 10
19462.99189709676
 20
4263.134730703639
 10
21639.656989208237
 20
4221.4336799251805
 10
21723.37487736637
 20
4388.237883039004
 10
21681.5159332873
 20
4429.938933817462
 10
21681.5159332873
 20
4555.042086152832
 10
21807.092765524503
 20
4596.74313693129
 10
21932.669597761706
 20
4513.341035374374
 10
22267.54115039424
 20
4513.341035374374
 10
22351.259038552376
 20
4429.938933817462
 10
22351.259038552376
 20
3804.4231721406186
 10
22183.823262236107
 20
3679.3200198052486
 10
22058.246429998908
 20
3721.0210705837067
 10
21848.95170960357
 20
3595.917918248337
 10
21765.233821445436
 20
3595.917918248337
 10
21639.656989208237
 20
3721.0210705837067
 10
21681.5159332873
 20
3971.2273752544415
 10
21597.79804512917
 20
4096.330527589811
 10
19044.40245630609
 20
4096.330527589811
 10
19002.543512227025
 20
4054.6294768113576
 10
19002.543512227025
 20
2970.4021565714934
 10
19044.40245630609
 20
2928.7011057930354
 10
19044.40245630609
 20
2761.896902679212
 10
19002.543512227025
 20
2720.195851900754
 10
19002.543512227025
 20
2553.391648786931
 10
19044.40245630609
 20
2511.6905980084725
 10
19044.40245630609
 20
1969.5769378885404
 10
19002.543512227025
 20
1927.875887110087
 10
19044.40245630609
 20
1886.174836331629
 10
19044.40245630609
 20
1218.958023876327
 10
19002.543512227025
 20
1177.2569730978737
 10
19044.40245630609
 20
1052.153820762504
 10
19002.543512227025
 20
801.9475160917646
 10
19044.40245630609
 20
718.545414534853
 10
19002.543512227025
 20
676.8443637563948
 10
19002.543512227025
 20
551.7412114210298
 10
19044.40245630609
 20
510.0401606425717
 10
19002.543512227025
 20
468.3391098641136
 10
19086.261400385152
 20
343.23595752874854
 10
21011.772828022233
 20
343.23595752874854
 10
21053.6317721013
 20
301.5349067502904
 10
21597.79804512917
 20
301.5349067502904
 10
21681.5159332873
 20
384.937008307202
 10
21681.5159332873
 20
635.1433129779414
 10
21639.656989208237
 20
676.8443637563948
 10
21639.656989208237
 20
1093.8548715409574
 10
21681.5159332873
 20
1135.5559223194155
 10
21639.656989208237
 20
2052.979039445452
 10
21681.5159332873
 20
2094.68009022391
 10
21639.656989208237
 20
2136.381141002368
 10
21639.656989208237
 20
2261.4842933377336
 10
21765.233821445436
 20
2469.989547230019
 10
21890.810653682638
 20
2469.989547230019
 10
22016.38748591984
 20
2344.8863948946496
 10
21974.528541840773
 20
2303.1853441161916
 10
22058.246429998908
 20
2219.78324255928
 10
22058.246429998908
 20
2178.0821917808216
 10
21974.528541840773
 20
2136.381141002368
 10
22016.38748591984
 20
2052.979039445452
 10
21974.528541840773
 20
1969.5769378885404
 10
21974.528541840773
 20
1302.3601254332432
 10
22141.96431815704
 20
1218.958023876327
 10
22351.259038552376
 20
1218.958023876327
 10
22434.97692671051
 20
1135.5559223194155
 10
22434.97692671051
 20
343.23595752874854
 10
22476.835870789575
 20
301.5349067502904
 10
25030.231459612653
 20
301.5349067502904
 10
25072.09040369172
 20
343.23595752874854
 10
25197.667235928922
 20
343.23595752874854
 10
25239.52618000799
 20
301.5349067502904
 10
25909.26928527306
 20
301.5349067502904
 10
26034.846117510264
 20
343.23595752874854
 10
26076.70506158933
 20
301.5349067502904
 10
28923.113258965877
 20
301.5349067502904
 10
28964.972203044945
 20
259.8338559718323
 10
28923.113258965877
 20
218.13280519337886
 10
28420.80593001707
 20
218.13280519337886
 10
28378.946985938004
 20
176.43175441492076
 10
28253.37015370081
 20
218.13280519337886
 10
28085.93437738454
 20
218.13280519337886
 10
28044.075433305472
 20
176.43175441492076
 10
27960.35754514734
 20
218.13280519337886
 10
27709.203880672936
 20
218.13280519337886
 10
27667.34493659387
 20
176.43175441492076
 10
21681.5159332873
 20
176.43175441492076
 10
21639.656989208237
 20
218.13280519337886
 10
21514.08015697104
 20
176.43175441492076
 10
21221.06754841757
 20
176.43175441492076
 10
21179.208604338502
 20
218.13280519337886
 10
19086.261400385152
 20
218.13280519337886
 10
19044.40245630609
 20
176.43175441492076
 10
19002.543512227025
 20
218.13280519337886
 10
14021.329166818063
 20
218.13280519337886
 10
13979.470222738995
 20
176.43175441492076
 10
13937.61127865993
 20
218.13280519337886
 10
13853.893390501797
 20
176.43175441492076
 10
13686.457614185529
 20
176.43175441492076
 10
13644.598670106461
 20
218.13280519337886
 10
12556.266124050722
 20
218.13280519337886
 10
12514.407179971655
 20
176.43175441492076
 10
12472.548235892587
 20
218.13280519337886
 10
11970.240906943785
 20
218.13280519337886
 10
11928.381962864718
 20
176.43175441492076
 10
11091.203081283382
 20
218.13280519337886
 10
11049.344137204314
 20
176.43175441492076
 10
9751.71687075324
 20
176.43175441492076
 10
9458.704262199772
 20
384.937008307202
 10
9333.127429962573
 20
551.7412114210298
 10
8747.102212855636
 20
1010.4527699840457
 10
6737.872897060424
 20
2803.5979534576654
 10
6444.860288506956
 20
3012.103207349947
 10
6403.001344427889
 20
3095.505308906863
 10
4770.502525344281
 20
4471.63998459592
 10
4728.6435812652135
 20
4555.042086152832
 10
4728.6435812652135
 20
4805.248390823571
 10
4686.784637186147
 20
4846.949441602024
 10
4686.784637186147
 20
6640.094625075644
 10
4644.9256931070795
 20
6681.795675854102
 10
4603.066749028012
 20
9058.755570226112
 10
4561.2078049489455
 20
9100.456621004567
 10
4561.2078049489455
 20
10101.28183968752
 10
4519.348860869878
 20
10142.982890465972
 10
4519.348860869878
 20
11519.11756615503
 10
4477.4899167908125
 20
11560.818616933488
 10
4435.630972711745
 20
13353.963800407108
 10
4393.7720286326785
 20
13395.664851185566
 10
4351.913084553611
 20
15981.129999449853
 10
4310.0541404745445
 20
16022.831050228311
 10
4310.0541404745445
 20
17232.161522803544
 10
4268.195196395477
 20
17273.862573582
 10
4268.195196395477
 20
18483.193046157234
 10
4226.336252316411
 20
18524.894096935685
 10
4226.336252316411
 20
18733.399350827967
 10
4268.195196395477
 20
18816.801452384883
 10
4226.336252316411
 20
18858.502503163338
 10
4226.336252316411
 20
20067.83297573857
 10
4184.477308237344
 20
20109.534026517027
 10
4184.477308237344
 20
21235.462397535346
 10
4142.6183641582775
 20
21277.1634483138
 10
4142.6183641582775
 20
22694.999174781315
 10
4100.75942007921
 20
22736.700225559773
 10
4058.900476000143
 20
25197.062221488693
 10
4017.0415319210756
 20
25238.763272267148
 10
4017.0415319210756
 20
25572.3716784948
 10
4058.900476000143
 20
25614.07272927326
 10
4017.0415319210756
 20
25655.77378005171
 10
4017.0415319210756
 20
26906.8053034054
 10
3975.1825878420086
 20
26948.506354183857
 10
3933.323643762943
 20
28991.857842328216
 10
3891.464699683876
 20
29033.558893106674
 10
3891.464699683876
 20
30910.106178137205
 10
3849.6057556048086
 20
30951.807228915663
 10
3849.6057556048086
 20
32036.034549155524
 10
3807.7468115257416
 20
32077.73559993398
 10
3807.7468115257416
 20
32703.251361610826
 10
3765.8878674466746
 20
32786.653463167735
 10
3849.6057556048086
 20
32995.15871706002
 10
4686.784637186147
 20
33870.8807834076
 10
5775.117183241886
 20
35163.61335753975
  0
LWPOLYLINE
  5
260
330
17
100
AcDbEntity
  8
RASTER_CONTOURS
100
AcDbPolyline
 90
289
 70
1
 10
3724.0289233676076
 20
33036.859767838476
 10
3682.1699792885415
 20
32953.45766628156
 10
3682.1699792885415
 20
31952.63244759861
 10
3724.0289233676076
 20
31910.931396820153
 10
3724.0289233676076
 20
30493.09567035264
 10
3765.8878674466746
 20
30451.394619574185
 10
3807.7468115257416
 20
27740.826318974523
 10
3849.6057556048086
 20
27699.12526819607
 10
3849.6057556048086
 20
26448.093744842383
 10
3891.464699683876
 20
26406.392694063925
 10
3891.464699683876
 20
25030.25801837487
 10
3933.323643762943
 20
24988.55696759641
 10
3975.1825878420086
 20
22486.493920889036
 10
4017.0415319210756
 20
22444.79287011058
 10
4017.0415319210756
 20
21235.462397535346
 10
4058.900476000143
 20
21193.76134675689
 10
4017.0415319210756
 20
21152.06029597843
 10
4017.0415319210756
 20
20860.15294052924
 10
4058.900476000143
 20
20818.451889750784
 10
4058.900476000143
 20
19817.626671067832
 10
4100.75942007921
 20
19775.925620289378
 10
4058.900476000143
 20
19734.22456951092
 10
4100.75942007921
 20
19692.52351873246
 10
4100.75942007921
 20
18608.2961984926
 10
4142.6183641582775
 20
18566.595147714143
 10
4142.6183641582775
 20
17190.460472025086
 10
4184.477308237344
 20
17148.75942124663
 10
4184.477308237344
 20
15897.72789789294
 10
4226.336252316411
 20
15856.026847114488
 10
4226.336252316411
 20
14688.397425317711
 10
4268.195196395477
 20
14646.696374539253
 10
4310.0541404745445
 20
12061.231226274962
 10
4351.913084553611
 20
12019.530175496508
 10
4351.913084553611
 20
10935.302855256645
 10
4393.7720286326785
 20
10893.601804478187
 10
4435.630972711745
 20
8516.64191010618
 10
4477.4899167908125
 20
8474.940859327722
 10
4519.348860869878
 20
6014.5788633988
 10
4561.2078049489455
 20
5972.877812620347
 10
4561.2078049489455
 20
4888.650492380483
 10
4603.066749028012
 20
4846.949441602024
 10
4603.066749028012
 20
4513.341035374374
 10
4686.784637186147
 20
4388.237883039004
 10
5021.656189818682
 20
4138.031578368269
 10
7700.628610878963
 20
1761.0716839962593
 10
8328.512772064965
 20
1260.6590746547852
 10
8412.230660223098
 20
1135.5559223194155
 10
8621.525380618434
 20
1010.4527699840457
 10
9709.857926674173
 20
51.32860207955106
 10
50857.19995639694
 20
51.32860207955106
 10
50899.05890047599
 20
9.62755130109761
 10
53578.031321536284
 20
9.62755130109761
 10
53661.74920969442
 20
93.02965285800919
 10
53661.74920969442
 20
510.0401606425717
 10
53703.60815377348
 20
551.7412114210298
 10
53703.60815377348
 20
676.8443637563948
 10
53787.326041931614
 20
760.2464653133111
 10
53871.04393008974
 20
760.2464653133111
 10
53871.04393008974
 20
1218.958023876327
 10
53829.18498601067
 20
1260.6590746547852
 10
53829.18498601067
 20
2094.68009022391
 10
53871.04393008974
 20
2136.381141002368
 10
53871.04393008974
 20
2511.6905980084725
 10
53912.9028741688
 20
2553.391648786931
 10
53871.04393008974
 20
2636.7937503438425
 10
53912.9028741688
 20
2720.195851900754
 10
53871.04393008974
 20
2803.5979534576654
 10
53871.04393008974
 20
3470.8147659129672
 10
53954.76181824788
 20
3554.216867469879
 10
54833.79964390828
 20
3554.216867469879
 10
54875.65858798735
 20
3512.5158166914257
 10
55001.23542022455
 20
3512.5158166914257
 10
55043.09436430362
 20
3554.216867469879
 10
55168.67119654082
 20
3512.5158166914257
 10
55252.389084698945
 20
3554.216867469879
 10
55838.41430180589
 20
3512.5158166914257
 10
55922.132189964024
 20
3679.3200198052486
 10
55880.273245884964
 20
3762.72212136216
 10
55880.273245884964
 20
3887.82527369753
 10
55922.132189964024
 20
3929.526324475988
 10
55880.273245884964
 20
3971.2273752544415
 10
55880.273245884964
 20
4721.846289266655
 10
55922.132189964024
 20
4763.547340045113
 10
55880.273245884964
 20
4888.650492380483
 10
55880.273245884964
 20
5180.557847829676
 10
55922.132189964024
 20
5222.258898608134
 10
55922.132189964024
 20
5347.362050943499
 10
55880.273245884964
 20
5389.063101721957
 10
55880.273245884964
 20
6139.682015734171
 10
55922.132189964024
 20
6181.383066512629
 10
55880.273245884964
 20
6306.486218847994
 10
55880.273245884964
 20
7098.806183638665
 10
55922.132189964024
 20
7140.507234417123
 10
55880.273245884964
 20
7265.610386752488
 10
55880.273245884964
 20
7515.816691423228
 10
55922.132189964024
 20
7557.517742201686
 10
55922.132189964024
 20
7849.425097650878
 10
55880.273245884964
 20
7891.126148429332
 10
55922.132189964024
 20
7932.82719920779
 10
55922.132189964024
 20
8183.03350387853
 10
55880.273245884964
 20
8224.734554656983
 10
55880.273245884964
 20
8349.837706992354
 10
56047.70902220121
 20
8474.940859327722
 10
56298.86268667562
 20
8474.940859327722
 10
56340.72163075469
 20
8516.64191010618
 10
56759.311071545366
 20
8558.342960884635
 10
56884.88790378255
 20
8641.745062441545
 10
57052.32368009882
 20
8850.250316333826
 10
57094.1826241779
 20
8975.353468669196
 10
57094.1826241779
 20
9308.961874896848
 10
57010.46473601976
 20
9392.363976453758
 10
57010.46473601976
 20
9475.766078010674
 10
56843.02895970349
 20
9642.5702811245
 10
56633.73423930815
 20
9725.97238268141
 10
56550.01635115002
 20
9809.374484238322
 10
56508.15740707096
 20
10017.879738130603
 10
56382.58057483375
 20
10059.580788909061
 10
56382.58057483375
 20
10101.28183968752
 10
56508.15740707096
 20
10184.68394124443
 10
56550.01635115002
 20
10309.7870935798
 10
56550.01635115002
 20
10601.694449028993
 10
56508.15740707096
 20
10643.395499807451
 10
56550.01635115002
 20
10768.498652142816
 10
56550.01635115002
 20
11060.406007592013
 10
56508.15740707096
 20
11102.107058370468
 10
56550.01635115002
 20
11227.210210705836
 10
56508.15740707096
 20
11352.313363041207
 10
56550.01635115002
 20
11394.014413819665
 10
56550.01635115002
 20
11644.2207184904
 10
56508.15740707096
 20
11685.921769268858
 10
56550.01635115002
 20
11727.62282004731
 10
56508.15740707096
 20
11769.323870825769
 10
56508.15740707096
 20
11936.128073939592
 10
56215.14479851748
 20
12061.231226274962
 10
56005.85007812216
 20
12061.231226274962
 10
55963.9911340431
 20
12102.93227705342
 10
55963.9911340431
 20
12228.03542938879
 10
55838.41430180589
 20
12353.138581724155
 10
55754.696413647755
 20
12269.736480167243
 10
55670.97852548962
 20
12269.736480167243
 10
55545.401693252425
 20
12394.839632502613
 10
55587.260637331485
 20
12436.540683281071
 10
55545.401693252425
 20
12561.64383561644
 10
55545.401693252425
 20
13270.561698850195
 10
55629.11958141056
 20
13353.963800407108
 10
55754.696413647755
 20
13353.963800407108
 10
55838.41430180589
 20
13270.561698850195
 10
55880.273245884964
 20
13353.963800407108
 10
55838.41430180589
 20
13937.778511305498
 10
55838.41430180589
 20
13729.273257413217
 10
55754.696413647755
 20
13645.8711558563
 10
55629.11958141056
 20
13645.8711558563
 10
55545.401693252425
 20
13770.97430819167
 10
55545.401693252425
 20
14730.098476096166
 10
55670.97852548962
 20
14813.500577653076
 10
55754.696413647755
 20
14813.500577653076
 10
55838.41430180589
 20
14730.098476096166
 10
55838.41430180589
 20
14646.696374539253
 10
55922.132189964024
 20
15022.005831545357
 10
55963.9911340431
 20
15063.706882323815
 10
56215.14479851748
 20
15063.706882323815
 10
56257.00374259656
 20
15105.407933102273
 10
56257.00374259656
 20
15397.315288551466
 10
56298.86268667562
 20
15439.01633932992
 10
56257.00374259656
 20
15689.22264400066
 10
56298.86268667562
 20
15730.923694779118
 10
56257.00374259656
 20
15772.62474555757
 10
56257.00374259656
 20
15939.428948671399
 10
55963.9911340431
 20
15939.428948671399
 10
55880.273245884964
 20
16022.831050228311
 10
55880.273245884964
 20
16231.336304120592
 10
55838.41430180589
 20
16273.03735489905
 10
55838.41430180589
 20
17065.357319689716
 10
55922.132189964024
 20
17357.26467513891
 10
55880.273245884964
 20
17440.666776695827
 10
55880.273245884964
 20
18399.79094460032
 10
55922.132189964024
 20
18441.491995378776
 10
55922.132189964024
 20
18816.801452384883
 10
55880.273245884964
 20
18858.502503163338
 10
55880.273245884964
 20
19067.007757055617
 10
55922.132189964024
 20
19108.708807834075
 10
55880.273245884964
 20
19150.40985861253
 10
55880.273245884964
 20
19358.915112504816
 10
55922.132189964024
 20
19400.61616328327
 10
55922.132189964024
 20
19817.626671067832
 10
56005.85007812216
 20
19901.028772624744
 10
56257.00374259656
 20
19901.028772624744
 10
56340.72163075469
 20
20026.13192496011
 10
56298.86268667562
 20
20151.23507729548
 10
56340.72163075469
 20
20234.637178852397
 10
56298.86268667562
 20
20651.64768663696
 10
56340.72163075469
 20
20693.348737415414
 10
56257.00374259656
 20
20818.451889750784
 10
56005.85007812216
 20
20818.451889750784
 10
55922.132189964024
 20
20901.853991307697
 10
55922.132189964024
 20
21068.658194421525
 10
55880.273245884964
 20
21110.359245199976
 10
55922.132189964024
 20
21193.76134675689
 10
55922.132189964024
 20
21360.565549870716
 10
55880.273245884964
 20
21402.26660064917
 10
55922.132189964024
 20
21443.96765142763
 10
55922.132189964024
 20
22194.58656543984
 10
55963.9911340431
 20
22236.287616218295
 10
55963.9911340431
 20
22361.390768553665
 10
55922.132189964024
 20
22403.091819332123
 10
55963.9911340431
 20
22444.79287011058
 10
55922.132189964024
 20
22486.493920889036
 10
55922.132189964024
 20
23695.824393464267
 10
56089.56796628029
 20
23820.927545799637
 10
56298.86268667562
 20
23820.927545799637
 10
56633.73423930815
 20
23987.731748913462
 10
56633.73423930815
 20
24446.44330747648
 10
56591.875295229096
 20
24488.144358254936
 10
56633.73423930815
 20
24613.247510590303
 10
56591.875295229096
 20
24654.948561368765
 10
56633.73423930815
 20
24780.05171370413
 10
56591.875295229096
 20
24905.154866039502
 10
56591.875295229096
 20
25071.959069153327
 10
56633.73423930815
 20
25113.660119931777
 10
56633.73423930815
 20
25238.763272267148
 10
56591.875295229096
 20
25280.464323045606
 10
56591.875295229096
 20
25739.175881608626
 10
56466.29846299189
 20
25780.87693238708
 10
56424.439518912826
 20
25864.279033943996
 10
56591.875295229096
 20
25989.382186279363
 10
56591.875295229096
 20
26156.18638939319
 10
56801.17001562442
 20
26281.289541728558
 10
57052.32368009882
 20
26531.495846399295
 10
57094.1826241779
 20
26614.897947956208
 10
57094.1826241779
 20
27031.90845574077
 10
57010.46473601976
 20
27198.71265885459
 10
56843.02895970349
 20
27365.51686196842
 10
56675.59318338723
 20
27448.91896352533
 10
56424.439518912826
 20
27448.91896352533
 10
56257.00374259656
 20
27532.321065082248
 10
56005.85007812216
 20
27532.321065082248
 10
55922.132189964024
 20
27615.72316663916
 10
55922.132189964024
 20
28074.43472520218
 10
55880.273245884964
 20
28116.135775980634
 10
55922.132189964024
 20
28157.836826759085
 10
55922.132189964024
 20
28491.44523298674
 10
55880.273245884964
 20
28533.146283765196
 10
55922.132189964024
 20
28574.847334543654
 10
55922.132189964024
 20
28950.156791549758
 10
55880.273245884964
 20
28991.857842328216
 10
55922.132189964024
 20
29242.06414699895
 10
55880.273245884964
 20
29283.765197777408
 10
55880.273245884964
 20
31785.82824448479
 10
55838.41430180589
 20
31827.52929526324
 10
55838.41430180589
 20
32453.045056940085
 10
55712.837469568694
 20
32536.447158496998
 10
55670.97852548962
 20
32494.746107718543
 10
53787.326041931614
 20
32494.746107718543
 10
53703.60815377348
 20
32578.148209275456
 10
53703.60815377348
 20
32661.55031083237
 10
53912.9028741688
 20
32786.653463167735
 10
53829.18498601067
 20
32870.05556472465
 10
53829.18498601067
 20
32953.45766628156
 10
53703.60815377348
 20
32995.15871706002
 10
53661.74920969442
 20
34162.78813885679
 10
53703.60815377348
 20
34204.48918963525
 10
53703.60815377348
 20
34621.499697419815
 10
53745.46709785253
 20
34704.90179897672
 10
53578.031321536284
 20
34830.0049513121
 10
53619.890265615344
 20
34871.70600209055
 10
53787.326041931614
 20
34871.70600209055
 10
53829.18498601067
 20
34830.0049513121
 10
53829.18498601067
 20
34871.70600209055
 10
53745.46709785253
 20
34913.407052869006
 10
53536.17237745721
 20
34913.407052869006
 10
53494.31343337815
 20
34955.108103647464
 10
53494.31343337815
 20
35372.11861143203
 10
53452.454489299074
 20
35455.52071298894
 10
53201.30082482467
 20
35455.52071298894
 10
53159.44188074562
 20
35497.2217637674
 10
53075.72399258748
 20
35455.52071298894
 10
52447.83983140146
 20
35455.52071298894
 10
52405.98088732241
 20
35497.2217637674
 10
52322.262999164275
 20
35455.52071298894
 10
52154.827222848005
 20
35455.52071298894
 10
52112.96827876893
 20
35497.2217637674
 10
51987.391446531736
 20
35455.52071298894
 10
51861.814614294526
 20
35497.2217637674
 10
51778.09672613639
 20
35455.52071298894
 10
51652.519893899196
 20
35497.2217637674
 10
6026.270847716287
 20
35497.2217637674
 10
5900.694015479086
 20
35455.52071298894
 10
5649.540351004684
 20
35205.3144083182
 10
4477.4899167908125
 20
33829.17973262914
  0
TEXT
  5
262
330
17
100
AcDbEntity
  8
EDITABLE_ROOM_LABELS
100
AcDbText
 10
13602.739726027394
 20
17774.275182923473
 30
0.0
 40
400.0
  1
舞台
  7
JAPANESE
100
AcDbText
  0
TEXT
  5
263
330
17
100
AcDbEntity
  8
EDITABLE_ROOM_LABELS
100
AcDbText
 10
32481.123505686563
 20
18316.388843043405
 30
0.0
 40
400.0
  1
客席
  7
JAPANESE
100
AcDbText
  0
TEXT
  5
264
330
17
100
AcDbEntity
  8
EDITABLE_ROOM_LABELS
100
AcDbText
 10
11970.240906943785
 20
31285.41563514331
 30
0.0
 40
400.0
  1
上手舞台袖
  7
JAPANESE
100
AcDbText
  0
TEXT
  5
265
330
17
100
AcDbEntity
  8
EDITABLE_ROOM_LABELS
100
AcDbText
 10
11844.664074706585
 20
5013.753644715853
 30
0.0
 40
400.0
  1
下手舞台袖
  7
JAPANESE
100
AcDbText
  0
TEXT
  5
266
330
17
100
AcDbEntity
  8
EDITABLE_ROOM_LABELS
100
AcDbText
 10
49350.27796955052
 20
18232.986741486493
 30
0.0
 40
400.0
  1
ホワイエ
  7
JAPANESE
100
AcDbText
  0
TEXT
  5
268
330
17
100
AcDbEntity
  8
ANNOTATION
100
AcDbText
 10
-1000.0
 20
-4000.0
 30
0.0
 40
600.0
  1
RASTER REFERENCE / UNCALIBRATED
  7
JAPANESE
100
AcDbText
  0
ENDSEC
  0
SECTION
  2
OBJECTS
  0
DICTIONARY
  5
A
330
0
100
AcDbDictionary
281
1
  3
ACAD_COLOR
350
B
  3
ACAD_GROUP
350
C
  3
ACAD_LAYOUT
350
D
  3
ACAD_MATERIAL
350
E
  3
ACAD_MLEADERSTYLE
350
F
  3
ACAD_MLINESTYLE
350
10
  3
ACAD_PLOTSETTINGS
350
11
  3
ACAD_PLOTSTYLENAME
350
12
  3
ACAD_SCALELIST
350
14
  3
ACAD_TABLESTYLE
350
15
  3
ACAD_VISUALSTYLE
350
16
  3
EZDXF_META
350
2D
  0
DICTIONARY
  5
B
330
A
100
AcDbDictionary
281
1
  0
DICTIONARY
  5
C
330
A
100
AcDbDictionary
281
1
  0
DICTIONARY
  5
D
330
A
100
AcDbDictionary
281
1
  3
Model
350
1A
  3
Layout1
350
1E
  0
DICTIONARY
  5
E
330
A
100
AcDbDictionary
281
1
  3
ByBlock
350
1F
  3
ByLayer
350
20
  3
Global
350
21
  0
DICTIONARY
  5
F
330
A
100
AcDbDictionary
281
1
  3
Standard
350
2C
  0
DICTIONARY
  5
10
330
A
100
AcDbDictionary
281
1
  3
Standard
350
22
  0
DICTIONARY
  5
11
330
A
100
AcDbDictionary
281
1
  0
ACDBDICTIONARYWDFLT
  5
12
330
A
100
AcDbDictionary
281
1
  3
Normal
350
13
100
AcDbDictionaryWithDefault
340
13
  0
ACDBPLACEHOLDER
  5
13
330
12
  0
DICTIONARY
  5
14
330
A
100
AcDbDictionary
281
1
  0
DICTIONARY
  5
15
330
A
100
AcDbDictionary
281
1
  0
DICTIONARY
  5
16
330
A
100
AcDbDictionary
281
1
  0
LAYOUT
  5
1A
330
D
100
AcDbPlotSettings
  1

  4
A3
  6

 40
7.5
 41
20.0
 42
7.5
 43
20.0
 44
420.0
 45
297.0
 46
0.0
 47
0.0
 48
0.0
 49
0.0
140
0.0
141
0.0
142
1.0
143
1.0
 70
1024
 72
1
 73
0
 74
5
  7

 75
16
 76
0
 77
2
 78
300
147
1.0
148
0.0
149
0.0
100
AcDbLayout
  1
Model
 70
1
 71
0
 10
0.0
 20
0.0
 11
420.0
 21
297.0
 12
0.0
 22
0.0
 32
0.0
 14
1e+20
 24
1e+20
 34
1e+20
 15
-1e+20
 25
-1e+20
 35
-1e+20
146
0.0
 13
0.0
 23
0.0
 33
0.0
 16
1.0
 26
0.0
 36
0.0
 17
0.0
 27
1.0
 37
0.0
 76
1
330
17
  0
LAYOUT
  5
1E
330
D
100
AcDbPlotSettings
  1

  4
A3
  6

 40
7.5
 41
20.0
 42
7.5
 43
20.0
 44
420.0
 45
297.0
 46
0.0
 47
0.0
 48
0.0
 49
0.0
140
0.0
141
0.0
142
1.0
143
1.0
 70
0
 72
1
 73
0
 74
5
  7

 75
16
 76
0
 77
2
 78
300
147
1.0
148
0.0
149
0.0
100
AcDbLayout
  1
Layout1
 70
1
 71
1
 10
0.0
 20
0.0
 11
420.0
 21
297.0
 12
0.0
 22
0.0
 32
0.0
 14
1e+20
 24
1e+20
 34
1e+20
 15
-1e+20
 25
-1e+20
 35
-1e+20
146
0.0
 13
0.0
 23
0.0
 33
0.0
 16
1.0
 26
0.0
 36
0.0
 17
0.0
 27
1.0
 37
0.0
 76
1
330
1B
  0
MATERIAL
  5
1F
102
{ACAD_REACTORS
330
E
102
}
330
E
100
AcDbMaterial
  1
ByBlock
  2

 70
0
 40
1.0
 71
1
 41
1.0
 91
-1023410177
 42
1.0
 72
1
  3

 73
1
 74
1
 75
1
 44
0.5
 73
0
 45
1.0
 46
1.0
 77
1
  4

 78
1
 79
1
170
1
 48
1.0
171
1
  6

172
1
173
1
174
1
140
1.0
141
1.0
175
1
  7

176
1
177
1
178
1
143
1.0
179
1
  8

270
1
271
1
272
1
145
1.0
146
1.0
273
1
  9

274
1
275
1
276
1
 42
1.0
 72
1
  3

 73
1
 74
1
 75
1
 94
63
  0
MATERIAL
  5
20
102
{ACAD_REACTORS
330
E
102
}
330
E
100
AcDbMaterial
  1
ByLayer
  2

 70
0
 40
1.0
 71
1
 41
1.0
 91
-1023410177
 42
1.0
 72
1
  3

 73
1
 74
1
 75
1
 44
0.5
 73
0
 45
1.0
 46
1.0
 77
1
  4

 78
1
 79
1
170
1
 48
1.0
171
1
  6

172
1
173
1
174
1
140
1.0
141
1.0
175
1
  7

176
1
177
1
178
1
143
1.0
179
1
  8

270
1
271
1
272
1
145
1.0
146
1.0
273
1
  9

274
1
275
1
276
1
 42
1.0
 72
1
  3

 73
1
 74
1
 75
1
 94
63
  0
MATERIAL
  5
21
102
{ACAD_REACTORS
330
E
102
}
330
E
100
AcDbMaterial
  1
Global
  2

 70
0
 40
1.0
 71
1
 41
1.0
 91
-1023410177
 42
1.0
 72
1
  3

 73
1
 74
1
 75
1
 44
0.5
 73
0
 45
1.0
 46
1.0
 77
1
  4

 78
1
 79
1
170
1
 48
1.0
171
1
  6

172
1
173
1
174
1
140
1.0
141
1.0
175
1
  7

176
1
177
1
178
1
143
1.0
179
1
  8

270
1
271
1
272
1
145
1.0
146
1.0
273
1
  9

274
1
275
1
276
1
 42
1.0
 72
1
  3

 73
1
 74
1
 75
1
 94
63
  0
MLINESTYLE
  5
22
102
{ACAD_REACTORS
330
10
102
}
330
10
100
AcDbMlineStyle
  2
Standard
 70
0
  3

 62
256
 51
90.0
 52
90.0
 71
2
 49
0.5
 62
256
  6
BYLAYER
 49
-0.5
 62
256
  6
BYLAYER
  0
MLEADERSTYLE
  5
2C
102
{ACAD_REACTORS
330
F
102
}
330
F
100
AcDbMLeaderStyle
179
2
170
2
171
1
172
0
 90
2
 40
0.0
 41
0.0
173
1
 91
-1056964608
 92
-2
290
1
 42
2.0
291
1
 43
8.0
  3
Standard
 44
4.0
300

342
29
174
1
175
1
176
0
178
1
 93
-1056964608
 45
4.0
292
0
297
0
 46
4.0
 94
-1056964608
 47
1.0
 49
1.0
140
1.0
294
1
141
0.0
177
0
142
1.0
295
0
296
0
143
3.75
271
0
272
9
273
9
  0
DICTIONARY
  5
2D
330
A
100
AcDbDictionary
280
1
281
1
  3
CREATED_BY_EZDXF
350
2E
  3
WRITTEN_BY_EZDXF
350
26C
  0
DICTIONARYVAR
  5
2E
330
2D
100
DictionaryVariables
280
0
  1
1.4.4 @ 2026-09-10T15:48:15.865574+00:00
  0
DICTIONARYVAR
  5
26C
330
2D
100
DictionaryVariables
280
0
  1
1.4.4 @ 2026-09-10T15:48:15.987130+00:00
  0
ENDSEC
  0
EOF
