  0
SECTION
  2
HEADER
  9
$ACADVER
  1
AC1024
  9
$ACADMAINTVER
 70
6
  9
$DWGCODEPAGE
  3
ANSI_1252
  9
$LASTSAVEDBY
  1
ezdxf
  9
$INSBASE
 10
0.0
 20
0.0
 30
0.0
  9
$EXTMIN
 10
1e+20
 20
1e+20
 30
1e+20
  9
$EXTMAX
 10
-1e+20
 20
-1e+20
 30
-1e+20
  9
$LIMMIN
 10
0.0
 20
0.0
  9
$LIMMAX
 10
420.0
 20
297.0
  9
$ORTHOMODE
 70
0
  9
$REGENMODE
 70
1
  9
$FILLMODE
 70
1
  9
$QTEXTMODE
 70
0
  9
$MIRRTEXT
 70
1
  9
$LTSCALE
 40
1.0
  9
$ATTMODE
 70
1
  9
$TEXTSIZE
 40
2.5
  9
$TRACEWID
 40
1.0
  9
$TEXTSTYLE
  7
Standard
  9
$CLAYER
  8
0
  9
$CELTYPE
  6
ByLayer
  9
$CECOLOR
 62
256
  9
$CELTSCALE
 40
1.0
  9
$DISPSILH
 70
0
  9
$DIMSCALE
 40
1.0
  9
$DIMASZ
 40
2.5
  9
$DIMEXO
 40
0.625
  9
$DIMDLI
 40
3.75
  9
$DIMRND
 40
0.0
  9
$DIMDLE
 40
0.0
  9
$DIMEXE
 40
1.25
  9
$DIMTP
 40
0.0
  9
$DIMTM
 40
0.0
  9
$DIMTXT
 40
2.5
  9
$DIMCEN
 40
2.5
  9
$DIMTSZ
 40
0.0
  9
$DIMTOL
 70
0
  9
$DIMLIM
 70
0
  9
$DIMTIH
 70
0
  9
$DIMTOH
 70
0
  9
$DIMSE1
 70
0
  9
$DIMSE2
 70
0
  9
$DIMTAD
 70
1
  9
$DIMZIN
 70
8
  9
$DIMBLK
  1

  9
$DIMASO
 70
1
  9
$DIMSHO
 70
1
  9
$DIMPOST
  1

  9
$DIMAPOST
  1

  9
$DIMALT
 70
0
  9
$DIMALTD
 70
3
  9
$DIMALTF
 40
0.03937007874
  9
$DIMLFAC
 40
1.0
  9
$DIMTOFL
 70
1
  9
$DIMTVP
 40
0.0
  9
$DIMTIX
 70
0
  9
$DIMSOXD
 70
0
  9
$DIMSAH
 70
0
  9
$DIMBLK1
  1

  9
$DIMBLK2
  1

  9
$DIMSTYLE
  2
ISO-25
  9
$DIMCLRD
 70
0
  9
$DIMCLRE
 70
0
  9
$DIMCLRT
 70
0
  9
$DIMTFAC
 40
1.0
  9
$DIMGAP
 40
0.625
  9
$DIMJUST
 70
0
  9
$DIMSD1
 70
0
  9
$DIMSD2
 70
0
  9
$DIMTOLJ
 70
0
  9
$DIMTZIN
 70
8
  9
$DIMALTZ
 70
0
  9
$DIMALTTZ
 70
0
  9
$DIMUPT
 70
0
  9
$DIMDEC
 70
2
  9
$DIMTDEC
 70
2
  9
$DIMALTU
 70
2
  9
$DIMALTTD
 70
3
  9
$DIMTXSTY
  7
Standard
  9
$DIMAUNIT
 70
0
  9
$DIMADEC
 70
0
  9
$DIMALTRND
 40
0.0
  9
$DIMAZIN
 70
0
  9
$DIMDSEP
 70
44
  9
$DIMATFIT
 70
3
  9
$DIMFRAC
 70
0
  9
$DIMLDRBLK
  1

  9
$DIMLUNIT
 70
2
  9
$DIMLWD
 70
-2
  9
$DIMLWE
 70
-2
  9
$DIMTMOVE
 70
0
  9
$DIMFXL
 40
1.0
  9
$DIMFXLON
 70
0
  9
$DIMJOGANG
 40
0.785398163397
  9
$DIMTFILL
 70
0
  9
$DIMTFILLCLR
 70
0
  9
$DIMARCSYM
 70
0
  9
$DIMLTYPE
  6

  9
$DIMLTEX1
  6

  9
$DIMLTEX2
  6

  9
$DIMTXTDIRECTION
 70
0
  9
$LUNITS
 70
2
  9
$LUPREC
 70
4
  9
$SKETCHINC
 40
1.0
  9
$FILLETRAD
 40
10.0
  9
$AUNITS
 70
0
  9
$AUPREC
 70
2
  9
$MENU
  1
.
  9
$ELEVATION
 40
0.0
  9
$PELEVATION
 40
0.0
  9
$THICKNESS
 40
0.0
  9
$LIMCHECK
 70
0
  9
$CHAMFERA
 40
0.0
  9
$CHAMFERB
 40
0.0
  9
$CHAMFERC
 40
0.0
  9
$CHAMFERD
 40
0.0
  9
$SKPOLY
 70
0
  9
$TDCREATE
 40
2461295.0335185183
  9
$TDUCREATE
 40
2458532.153996898
  9
$TDUPDATE
 40
2461295.0335185183
  9
$TDUUPDATE
 40
2458532.1544311
  9
$TDINDWG
 40
0.0
  9
$TDUSRTIMER
 40
0.0
  9
$USRTIMER
 70
1
  9
$ANGBASE
 50
0.0
  9
$ANGDIR
 70
0
  9
$PDMODE
 70
0
  9
$PDSIZE
 40
0.0
  9
$PLINEWID
 40
0.0
  9
$SPLFRAME
 70
0
  9
$SPLINETYPE
 70
6
  9
$SPLINESEGS
 70
8
  9
$HANDSEED
  5
22B
  9
$SURFTAB1
 70
6
  9
$SURFTAB2
 70
6
  9
$SURFTYPE
 70
6
  9
$SURFU
 70
6
  9
$SURFV
 70
6
  9
$UCSBASE
  2

  9
$UCSNAME
  2

  9
$UCSORG
 10
0.0
 20
0.0
 30
0.0
  9
$UCSXDIR
 10
1.0
 20
0.0
 30
0.0
  9
$UCSYDIR
 10
0.0
 20
1.0
 30
0.0
  9
$UCSORTHOREF
  2

  9
$UCSORTHOVIEW
 70
0
  9
$UCSORGTOP
 10
0.0
 20
0.0
 30
0.0
  9
$UCSORGBOTTOM
 10
0.0
 20
0.0
 30
0.0
  9
$UCSORGLEFT
 10
0.0
 20
0.0
 30
0.0
  9
$UCSORGRIGHT
 10
0.0
 20
0.0
 30
0.0
  9
$UCSORGFRONT
 10
0.0
 20
0.0
 30
0.0
  9
$UCSORGBACK
 10
0.0
 20
0.0
 30
0.0
  9
$PUCSBASE
  2

  9
$PUCSNAME
  2

  9
$PUCSORG
 10
0.0
 20
0.0
 30
0.0
  9
$PUCSXDIR
 10
1.0
 20
0.0
 30
0.0
  9
$PUCSYDIR
 10
0.0
 20
1.0
 30
0.0
  9
$PUCSORTHOREF
  2

  9
$PUCSORTHOVIEW
 70
0
  9
$PUCSORGTOP
 10
0.0
 20
0.0
 30
0.0
  9
$PUCSORGBOTTOM
 10
0.0
 20
0.0
 30
0.0
  9
$PUCSORGLEFT
 10
0.0
 20
0.0
 30
0.0
  9
$PUCSORGRIGHT
 10
0.0
 20
0.0
 30
0.0
  9
$PUCSORGFRONT
 10
0.0
 20
0.0
 30
0.0
  9
$PUCSORGBACK
 10
0.0
 20
0.0
 30
0.0
  9
$USERI1
 70
0
  9
$USERI2
 70
0
  9
$USERI3
 70
0
  9
$USERI4
 70
0
  9
$USERI5
 70
0
  9
$USERR1
 40
0.0
  9
$USERR2
 40
0.0
  9
$USERR3
 40
0.0
  9
$USERR4
 40
0.0
  9
$USERR5
 40
0.0
  9
$WORLDVIEW
 70
1
  9
$SHADEDGE
 70
3
  9
$SHADEDIF
 70
70
  9
$TILEMODE
 70
1
  9
$MAXACTVP
 70
64
  9
$PINSBASE
 10
0.0
 20
0.0
 30
0.0
  9
$PLIMCHECK
 70
0
  9
$PEXTMIN
 10
1e+20
 20
1e+20
 30
1e+20
  9
$PEXTMAX
 10
-1e+20
 20
-1e+20
 30
-1e+20
  9
$PLIMMIN
 10
0.0
 20
0.0
  9
$PLIMMAX
 10
420.0
 20
297.0
  9
$UNITMODE
 70
0
  9
$VISRETAIN
 70
1
  9
$PLINEGEN
 70
0
  9
$PSLTSCALE
 70
1
  9
$TREEDEPTH
 70
3020
  9
$CMLSTYLE
  2
Standard
  9
$CMLJUST
 70
0
  9
$CMLSCALE
 40
20.0
  9
$PROXYGRAPHICS
 70
1
  9
$MEASUREMENT
 70
1
  9
$CELWEIGHT
370
-1
  9
$ENDCAPS
280
0
  9
$JOINSTYLE
280
0
  9
$LWDISPLAY
290
0
  9
$INSUNITS
 70
4
  9
$HYPERLINKBASE
  1

  9
$STYLESHEET
  1

  9
$XEDIT
290
1
  9
$CEPSNTYPE
380
0
  9
$PSTYLEMODE
290
1
  9
$FINGERPRINTGUID
  2
{0A5E2E9C-A4EF-4353-8C46-A24822EF847E}
  9
$VERSIONGUID
  2
{3EBCB374-72C0-4F0E-B1A0-0AE2ADCB8927}
  9
$EXTNAMES
290
1
  9
$PSVPSCALE
 40
0.0
  9
$OLESTARTUP
290
0
  9
$SORTENTS
280
127
  9
$INDEXCTL
280
0
  9
$HIDETEXT
280
1
  9
$XCLIPFRAME
280
1
  9
$HALOGAP
280
0
  9
$OBSCOLOR
 70
257
  9
$OBSLTYPE
280
0
  9
$INTERSECTIONDISPLAY
280
0
  9
$INTERSECTIONCOLOR
 70
257
  9
$DIMASSOC
280
2
  9
$PROJECTNAME
  1

  9
$CAMERADISPLAY
290
0
  9
$LENSLENGTH
 40
50.0
  9
$CAMERAHEIGHT
 40
0.0
  9
$STEPSPERSEC
 40
24.0
  9
$STEPSIZE
 40
100.0
  9
$3DDWFPREC
 40
2.0
  9
$PSOLWIDTH
 40
0.005
  9
$PSOLHEIGHT
 40
0.08
  9
$LOFTANG1
 40
1.570796326795
  9
$LOFTANG2
 40
1.570796326795
  9
$LOFTMAG1
 40
0.0
  9
$LOFTMAG2
 40
0.0
  9
$LOFTPARAM
 70
7
  9
$LOFTNORMALS
280
1
  9
$LATITUDE
 40
37.795
  9
$LONGITUDE
 40
-122.394
  9
$NORTHDIRECTION
 40
0.0
  9
$TIMEZONE
 70
-8000
  9
$LIGHTGLYPHDISPLAY
280
1
  9
$TILEMODELIGHTSYNCH
280
1
  9
$CMATERIAL
347
20
  9
$SOLIDHIST
280
0
  9
$SHOWHIST
280
1
  9
$DWFFRAME
280
2
  9
$DGNFRAME
280
2
  9
$REALWORLDSCALE
290
1
  9
$INTERFERECOLOR
 62
256
  9
$CSHADOW
280
0
  9
$SHADOWPLANELOCATION
 40
0.0
  0
ENDSEC
  0
SECTION
  2
CLASSES
  0
CLASS
  1
ACDBDICTIONARYWDFLT
  2
AcDbDictionaryWithDefault
  3
ObjectDBX Classes
 90
0
 91
0
280
0
281
0
  0
CLASS
  1
SUN
  2
AcDbSun
  3
SCENEOE
 90
1153
 91
0
280
0
281
0
  0
CLASS
  1
VISUALSTYLE
  2
AcDbVisualStyle
  3
ObjectDBX Classes
 90
4095
 91
0
280
0
281
0
  0
CLASS
  1
MATERIAL
  2
AcDbMaterial
  3
ObjectDBX Classes
 90
1153
 91
0
280
0
281
0
  0
CLASS
  1
SCALE
  2
AcDbScale
  3
ObjectDBX Classes
 90
1153
 91
0
280
0
281
0
  0
CLASS
  1
TABLESTYLE
  2
AcDbTableStyle
  3
ObjectDBX Classes
 90
4095
 91
0
280
0
281
0
  0
CLASS
  1
MLEADERSTYLE
  2
AcDbMLeaderStyle
  3
ACDB_MLEADERSTYLE_CLASS
 90
4095
 91
0
280
0
281
0
  0
CLASS
  1
DICTIONARYVAR
  2
AcDbDictionaryVar
  3
ObjectDBX Classes
 90
0
 91
0
280
0
281
0
  0
CLASS
  1
CELLSTYLEMAP
  2
AcDbCellStyleMap
  3
ObjectDBX Classes
 90
1152
 91
0
280
0
281
0
  0
CLASS
  1
MENTALRAYRENDERSETTINGS
  2
AcDbMentalRayRenderSettings
  3
SCENEOE
 90
1024
 91
0
280
0
281
0
  0
CLASS
  1
ACDBDETAILVIEWSTYLE
  2
AcDbDetailViewStyle
  3
ObjectDBX Classes
 90
1025
 91
0
280
0
281
0
  0
CLASS
  1
ACDBSECTIONVIEWSTYLE
  2
AcDbSectionViewStyle
  3
ObjectDBX Classes
 90
1025
 91
0
280
0
281
0
  0
CLASS
  1
RASTERVARIABLES
  2
AcDbRasterVariables
  3
ISM
 90
0
 91
0
280
0
281
0
  0
CLASS
  1
ACDBPLACEHOLDER
  2
AcDbPlaceHolder
  3
ObjectDBX Classes
 90
0
 91
0
280
0
281
0
  0
CLASS
  1
LAYOUT
  2
AcDbLayout
  3
ObjectDBX Classes
 90
0
 91
0
280
0
281
0
  0
ENDSEC
  0
SECTION
  2
TABLES
  0
TABLE
  2
VPORT
  5
8
330
0
100
AcDbSymbolTable
 70
1
  0
VPORT
  5
227
330
8
100
AcDbSymbolTableRecord
100
AcDbViewportTableRecord
  2
*Active
 70
0
 10
0.0
 20
0.0
 11
1.0
 21
1.0
 12
26000.0
 22
17000.0
 13
0.0
 23
0.0
 14
0.5
 24
0.5
 15
0.5
 25
0.5
 16
0.0
 26
0.0
 36
1.0
 17
0.0
 27
0.0
 37
0.0
 40
50000.0
 41
1.34
 42
50.0
 43
0.0
 44
0.0
 50
0.0
 51
0.0
 71
0
 72
1000
 73
1
 74
3
 75
0
 76
0
 77
0
 78
0
281
0
 65
1
110
0.0
120
0.0
130
0.0
111
1.0
121
0.0
131
0.0
112
0.0
122
1.0
132
0.0
 79
0
146
0.0
  0
ENDTAB
  0
TABLE
  2
LTYPE
  5
2
330
0
100
AcDbSymbolTable
 70
3
  0
LTYPE
  5
24
330
2
100
AcDbSymbolTableRecord
100
AcDbLinetypeTableRecord
  2
ByBlock
 70
0
  3

 72
65
 73
0
 40
0.0
  0
LTYPE
  5
25
330
2
100
AcDbSymbolTableRecord
100
AcDbLinetypeTableRecord
  2
ByLayer
 70
0
  3

 72
65
 73
0
 40
0.0
  0
LTYPE
  5
26
330
2
100
AcDbSymbolTableRecord
100
AcDbLinetypeTableRecord
  2
Continuous
 70
0
  3

 72
65
 73
0
 40
0.0
  0
ENDTAB
  0
TABLE
  2
LAYER
  5
1
330
0
100
AcDbSymbolTable
 70
5
  0
LAYER
  5
27
330
1
100
AcDbSymbolTableRecord
100
AcDbLayerTableRecord
  2
0
 70
0
 62
7
  6
Continuous
370
-3
390
13
347
21
  0
LAYER
  5
28
330
1
100
AcDbSymbolTableRecord
100
AcDbLayerTableRecord
  2
Defpoints
 70
0
 62
7
  6
Continuous
290
0
370
-3
390
13
347
21
  0
LAYER
  5
31
330
1
100
AcDbSymbolTableRecord
100
AcDbLayerTableRecord
  2
RASTER_CONTOURS
 70
0
 62
7
420
5264735
  6
Continuous
370
18
390
13
347
21
  0
LAYER
  5
21D
330
1
100
AcDbSymbolTableRecord
100
AcDbLayerTableRecord
  2
EDITABLE_ROOM_LABELS
 70
0
 62
7
420
5264735
  6
Continuous
370
18
390
13
347
21
  0
LAYER
  5
225
330
1
100
AcDbSymbolTableRecord
100
AcDbLayerTableRecord
  2
ANNOTATION
 70
0
 62
7
420
5264735
  6
Continuous
370
18
390
13
347
21
  0
ENDTAB
  0
TABLE
  2
STYLE
  5
5
330
0
100
AcDbSymbolTable
 70
2
  0
STYLE
  5
29
330
5
100
AcDbSymbolTableRecord
100
AcDbTextStyleTableRecord
  2
Standard
 70
0
 40
0.0
 41
1.0
 50
0.0
 71
0
 42
2.5
  3
txt
  4

  0
STYLE
  5
2F
330
5
100
AcDbSymbolTableRecord
100
AcDbTextStyleTableRecord
  2
JAPANESE
 70
0
 40
0.0
 41
1.0
 50
0.0
 71
0
 42
2.5
  3
msgothic.ttc
  4

  0
ENDTAB
  0
TABLE
  2
VIEW
  5
7
330
0
100
AcDbSymbolTable
 70
0
  0
ENDTAB
  0
TABLE
  2
UCS
  5
6
330
0
100
AcDbSymbolTable
 70
0
  0
ENDTAB
  0
TABLE
  2
APPID
  5
3
330
0
100
AcDbSymbolTable
 70
4
  0
APPID
  5
2A
330
3
100
AcDbSymbolTableRecord
100
AcDbRegAppTableRecord
  2
ACAD
 70
0
  0
APPID
  5
30
330
3
100
AcDbSymbolTableRecord
100
AcDbRegAppTableRecord
  2
SHOCHIKUZA
 70
0
  0
APPID
  5
228
330
3
100
AcDbSymbolTableRecord
100
AcDbRegAppTableRecord
  2
HATCHBACKGROUNDCOLOR
 70
0
  0
APPID
  5
229
330
3
100
AcDbSymbolTableRecord
100
AcDbRegAppTableRecord
  2
EZDXF
 70
0
  0
ENDTAB
  0
TABLE
  2
DIMSTYLE
  5
4
330
0
100
AcDbSymbolTable
 70
1
100
AcDbDimStyleTable
  0
DIMSTYLE
105
2B
330
4
100
AcDbSymbolTableRecord
100
AcDbDimStyleTableRecord
  2
Standard
 70
0
 40
1.0
 41
2.5
 42
0.625
 43
3.75
 44
1.25
 45
0.0
 46
0.0
 47
0.0
 48
0.0
 49
2.5
140
2.5
141
2.5
142
0.0
143
0.03937007874
144
1.0
145
0.0
146
1.0
147
0.625
148
0.0
 69
0
 70
0
 71
0
 72
0
 73
0
 74
0
 75
0
 76
0
 77
1
 78
8
 79
3
170
0
171
3
172
1
173
0
174
0
175
0
176
0
177
0
178
0
179
2
271
2
272
2
273
2
274
3
275
0
276
0
277
2
278
44
279
0
280
0
281
0
282
0
283
0
284
8
285
0
286
0
288
0
289
3
290
0
371
-2
372
-2
  0
ENDTAB
  0
TABLE
  2
BLOCK_RECORD
  5
9
330
0
100
AcDbSymbolTable
 70
2
  0
BLOCK_RECORD
  5
17
330
9
100
AcDbSymbolTableRecord
100
AcDbBlockTableRecord
  2
*Model_Space
340
1A
 70
0
280
1
281
0
  0
BLOCK_RECORD
  5
1B
330
9
100
AcDbSymbolTableRecord
100
AcDbBlockTableRecord
  2
*Paper_Space
340
1E
 70
0
280
1
281
0
  0
ENDTAB
  0
ENDSEC
  0
SECTION
  2
BLOCKS
  0
BLOCK
  5
18
330
17
100
AcDbEntity
  8
0
100
AcDbBlockBegin
  2
*Model_Space
 70
0
 10
0.0
 20
0.0
 30
0.0
  3
*Model_Space
  1

  0
ENDBLK
  5
19
330
17
100
AcDbEntity
  8
0
100
AcDbBlockEnd
  0
BLOCK
  5
1C
330
1B
100
AcDbEntity
  8
0
100
AcDbBlockBegin
  2
*Paper_Space
 70
0
 10
0.0
 20
0.0
 30
0.0
  3
*Paper_Space
  1

  0
ENDBLK
  5
1D
330
1B
100
AcDbEntity
  8
0
100
AcDbBlockEnd
  0
ENDSEC
  0
SECTION
  2
ENTITIES
  0
LWPOLYLINE
  5
32
330
17
100
AcDbEntity
  8
RASTER_CONTOURS
100
AcDbPolyline
 90
7
 70
1
 10
5317.682735543238
 20
-1291.8675221085477
 10
5393.600334623025
 20
-1213.0050286110645
 10
5583.394332322492
 20
-1213.0050286110645
 10
5697.270730942172
 20
-1252.4362753598084
 10
5735.229530482065
 20
-1331.2987688572919
 10
5697.270730942172
 20
-1370.7300156060357
 10
5355.641535083131
 20
-1370.7300156060357
  0
LWPOLYLINE
  5
33
330
17
100
AcDbEntity
  8
RASTER_CONTOURS
100
AcDbPolyline
 90
5
 70
1
 10
8012.7575028756655
 20
-1252.4362753598084
 10
8240.510300115027
 20
-1173.5737818623204
 10
8316.427899194812
 20
-1291.8675221085477
 10
8240.510300115027
 20
-1370.7300156060357
 10
8088.675101955453
 20
-1370.7300156060357
  0
LWPOLYLINE
  5
34
330
17
100
AcDbEntity
  8
RASTER_CONTOURS
100
AcDbPolyline
 90
6
 70
1
 10
5355.641535083131
 20
-1055.280041616093
 10
5393.600334623025
 20
-1015.848794867349
 10
5697.270730942172
 20
-1015.848794867349
 10
5735.229530482065
 20
-1094.7112883648372
 10
5469.517933702812
 20
-1173.5737818623204
 10
5393.600334623025
 20
-1134.1425351135765
  0
LWPOLYLINE
  5
35
330
17
100
AcDbEntity
  8
RASTER_CONTOURS
100
AcDbPolyline
 90
6
 70
1
 10
8012.7575028756655
 20
-1015.848794867349
 10
8164.592701035237
 20
-936.9863013698657
 10
8240.510300115027
 20
-976.417548118605
 10
8278.46909965492
 20
-1055.280041616093
 10
8240.510300115027
 20
-1094.7112883648372
 10
8050.716302415559
 20
-1094.7112883648372
  0
LWPOLYLINE
  5
36
330
17
100
AcDbEntity
  8
RASTER_CONTOURS
100
AcDbPolyline
 90
15
 70
1
 10
5203.806336923559
 20
-1094.7112883648372
 10
5203.806336923559
 20
-1489.023755852263
 10
5317.682735543238
 20
-1489.023755852263
 10
5355.641535083131
 20
-1449.5925091035192
 10
5735.229530482065
 20
-1449.5925091035192
 10
5849.1059291017455
 20
-1489.023755852263
 10
5887.064728641639
 20
-1410.1612623547799
 10
5849.1059291017455
 20
-1291.8675221085477
 10
5887.064728641639
 20
-1055.280041616093
 10
5811.147129561852
 20
-936.9863013698657
 10
5621.353131862385
 20
-936.9863013698657
 10
5545.435532782598
 20
-858.1238078723777
 10
5469.517933702812
 20
-858.1238078723777
 10
5393.600334623025
 20
-936.9863013698657
 10
5279.723936003345
 20
-936.9863013698657
  0
LWPOLYLINE
  5
37
330
17
100
AcDbEntity
  8
RASTER_CONTOURS
100
AcDbPolyline
 90
6
 70
1
 10
4862.177141064519
 20
-779.2613143748944
 10
4938.0947401443045
 20
-858.1238078723777
 10
4938.0947401443045
 20
-1015.848794867349
 10
4900.135940604412
 20
-1055.280041616093
 10
4786.259541984732
 20
-976.417548118605
 10
4786.259541984732
 20
-858.1238078723777
  0
LWPOLYLINE
  5
38
330
17
100
AcDbEntity
  8
RASTER_CONTOURS
100
AcDbPolyline
 90
8
 70
1
 10
8506.221896894278
 20
-700.3988208774064
 10
8582.139495974065
 20
-700.3988208774064
 10
8658.057095053853
 20
-818.6925611236337
 10
8658.057095053853
 20
-1291.8675221085477
 10
8582.139495974065
 20
-1370.7300156060357
 10
8468.263097354386
 20
-1370.7300156060357
 10
8392.345498274599
 20
-1291.8675221085477
 10
8392.345498274599
 20
-779.2613143748944
  0
LWPOLYLINE
  5
39
330
17
100
AcDbEntity
  8
RASTER_CONTOURS
100
AcDbPolyline
 90
5
 70
1
 10
8012.7575028756655
 20
-779.2613143748944
 10
8088.675101955453
 20
-700.3988208774064
 10
8240.510300115027
 20
-700.3988208774064
 10
8316.427899194812
 20
-779.2613143748944
 10
8126.6339014953455
 20
-897.5550546211217
  0
LWPOLYLINE
  5
3A
330
17
100
AcDbEntity
  8
RASTER_CONTOURS
100
AcDbPolyline
 90
11
 70
1
 10
7785.0047056363055
 20
-700.3988208774064
 10
7898.881104255985
 20
-739.8300676261504
 10
7898.881104255985
 20
-936.9863013698657
 10
7936.839903795879
 20
-976.417548118605
 10
7898.881104255985
 20
-1094.7112883648372
 10
7936.839903795879
 20
-1291.8675221085477
 10
7822.963505176199
 20
-1370.7300156060357
 10
7709.087106556518
 20
-1291.8675221085477
 10
7709.087106556518
 20
-1055.280041616093
 10
7671.1283070166255
 20
-1015.848794867349
 10
7709.087106556518
 20
-779.2613143748944
  0
LWPOLYLINE
  5
3B
330
17
100
AcDbEntity
  8
RASTER_CONTOURS
100
AcDbPolyline
 90
14
 70
1
 10
4065.0423507267587
 20
-384.94884688746373
 10
3761.3719544076116
 20
-384.94884688746373
 10
3685.4543553278254
 20
-424.38009363620773
 10
3685.4543553278254
 20
-463.81134038495173
 10
3799.330753947505
 20
-542.673833882435
 10
3989.1247516469716
 20
-542.673833882435
 10
4027.0835511868654
 20
-582.105080631179
 10
3951.1659521070783
 20
-976.417548118605
 10
3837.2895534873987
 20
-1252.4362753598084
 10
3875.248353027292
 20
-1370.7300156060357
 10
3951.1659521070783
 20
-1331.2987688572919
 10
3989.1247516469716
 20
-1015.848794867349
 10
4178.918749346438
 20
-503.2425871336911
 10
4140.9599498065445
 20
-424.38009363620773
  0
LWPOLYLINE
  5
3C
330
17
100
AcDbEntity
  8
RASTER_CONTOURS
100
AcDbPolyline
 90
28
 70
1
 10
7557.2519083969455
 20
-384.94884688746373
 10
7633.169507476732
 20
-424.38009363620773
 10
8088.675101955453
 20
-424.38009363620773
 10
8126.6339014953455
 20
-463.81134038495173
 10
8126.6339014953455
 20
-542.673833882435
 10
8012.7575028756655
 20
-621.536327379923
 10
7898.881104255985
 20
-582.105080631179
 10
7860.922304716092
 20
-621.536327379923
 10
7633.169507476732
 20
-621.536327379923
 10
7595.210707936839
 20
-700.3988208774064
 10
7595.210707936839
 20
-897.5550546211217
 10
7633.169507476732
 20
-936.9863013698657
 10
7595.210707936839
 20
-1055.280041616093
 10
7595.210707936839
 20
-1449.5925091035192
 10
7671.1283070166255
 20
-1528.4550026010072
 10
7785.0047056363055
 20
-1449.5925091035192
 10
8468.263097354386
 20
-1449.5925091035192
 10
8658.057095053853
 20
-1528.4550026010072
 10
8733.97469413364
 20
-1489.023755852263
 10
8733.97469413364
 20
-660.9675741286624
 10
8696.015894593746
 20
-621.536327379923
 10
8316.427899194812
 20
-621.536327379923
 10
8240.510300115027
 20
-542.673833882435
 10
8278.46909965492
 20
-424.38009363620773
 10
8733.97469413364
 20
-424.38009363620773
 10
8771.933493673532
 20
-384.94884688746373
 10
8733.97469413364
 20
-306.0863533899804
 10
7595.210707936839
 20
-306.0863533899804
  0
LWPOLYLINE
  5
3D
330
17
100
AcDbEntity
  8
RASTER_CONTOURS
100
AcDbPolyline
 90
45
 70
1
 10
6228.693924500679
 20
-306.0863533899804
 10
6266.652724040572
 20
-424.38009363620773
 10
6646.2407194395055
 20
-424.38009363620773
 10
6722.158318519291
 20
-503.2425871336911
 10
6722.158318519291
 20
-818.6925611236337
 10
6646.2407194395055
 20
-897.5550546211217
 10
6494.405521279932
 20
-897.5550546211217
 10
6456.446721740039
 20
-858.1238078723777
 10
6494.405521279932
 20
-818.6925611236337
 10
6494.405521279932
 20
-700.3988208774064
 10
6456.446721740039
 20
-621.536327379923
 10
6342.570323120358
 20
-542.673833882435
 10
6342.570323120358
 20
-700.3988208774064
 10
6456.446721740039
 20
-858.1238078723777
 10
6418.4879222001455
 20
-897.5550546211217
 10
6190.7351249607855
 20
-897.5550546211217
 10
6152.776325420892
 20
-936.9863013698657
 10
6152.776325420892
 20
-1015.848794867349
 10
6646.2407194395055
 20
-1015.848794867349
 10
6722.158318519291
 20
-1134.1425351135765
 10
6722.158318519291
 20
-1370.7300156060357
 10
6684.199518979399
 20
-1410.1612623547799
 10
6722.158318519291
 20
-1489.023755852263
 10
6798.075917599079
 20
-1489.023755852263
 10
6798.075917599079
 20
-1055.280041616093
 10
6836.034717138972
 20
-1015.848794867349
 10
7329.499111157585
 20
-1015.848794867349
 10
7367.457910697479
 20
-936.9863013698657
 10
7291.540311617693
 20
-897.5550546211217
 10
7101.746313918225
 20
-897.5550546211217
 10
7063.787514378332
 20
-858.1238078723777
 10
7177.663912998012
 20
-660.9675741286624
 10
7139.705113458119
 20
-542.673833882435
 10
6987.8699152985455
 20
-779.2613143748944
 10
7025.828714838439
 20
-858.1238078723777
 10
6987.8699152985455
 20
-897.5550546211217
 10
6836.034717138972
 20
-897.5550546211217
 10
6798.075917599079
 20
-858.1238078723777
 10
6798.075917599079
 20
-463.81134038495173
 10
6911.952316218758
 20
-384.94884688746373
 10
6949.911115758652
 20
-424.38009363620773
 10
6987.8699152985455
 20
-384.94884688746373
 10
7177.663912998012
 20
-424.38009363620773
 10
7253.581512077799
 20
-384.94884688746373
 10
7215.6227125379055
 20
-306.0863533899804
  0
LWPOLYLINE
  5
3E
330
17
100
AcDbEntity
  8
RASTER_CONTOURS
100
AcDbPolyline
 90
14
 70
1
 10
5621.353131862385
 20
-306.0863533899804
 10
5583.394332322492
 20
-345.51760013871973
 10
5583.394332322492
 20
-582.105080631179
 10
5545.435532782598
 20
-621.536327379923
 10
5621.353131862385
 20
-779.2613143748944
 10
5887.064728641639
 20
-779.2613143748944
 10
5962.9823277214255
 20
-700.3988208774064
 10
5925.023528181531
 20
-660.9675741286624
 10
5735.229530482065
 20
-700.3988208774064
 10
5659.311931402279
 20
-621.536327379923
 10
5773.188330021959
 20
-463.81134038495173
 10
5887.064728641639
 20
-424.38009363620773
 10
5849.1059291017455
 20
-384.94884688746373
 10
5697.270730942172
 20
-384.94884688746373
  0
LWPOLYLINE
  5
3F
330
17
100
AcDbEntity
  8
RASTER_CONTOURS
100
AcDbPolyline
 90
9
 70
1
 10
5279.723936003345
 20
-306.0863533899804
 10
5241.765136463452
 20
-306.0863533899804
 10
5241.765136463452
 20
-621.536327379923
 10
5127.888737843771
 20
-779.2613143748944
 10
5279.723936003345
 20
-779.2613143748944
 10
5469.517933702812
 20
-700.3988208774064
 10
5317.682735543238
 20
-582.105080631179
 10
5431.559134162919
 20
-503.2425871336911
 10
5431.559134162919
 20
-424.38009363620773
  0
LWPOLYLINE
  5
40
330
17
100
AcDbEntity
  8
RASTER_CONTOURS
100
AcDbPolyline
 90
16
 70
1
 10
5051.971138763985
 20
-266.6551066412364
 10
4786.259541984732
 20
-266.6551066412364
 10
4748.300742444838
 20
-306.0863533899804
 10
4748.300742444838
 20
-1291.8675221085477
 10
4710.341942904945
 20
-1331.2987688572919
 10
4710.341942904945
 20
-1449.5925091035192
 10
4786.259541984732
 20
-1489.023755852263
 10
4824.218341524625
 20
-1410.1612623547799
 10
4786.259541984732
 20
-1331.2987688572919
 10
4862.177141064519
 20
-1173.5737818623204
 10
4976.053539684199
 20
-1173.5737818623204
 10
5051.971138763985
 20
-1055.280041616093
 10
5051.971138763985
 20
-858.1238078723777
 10
4976.053539684199
 20
-700.3988208774064
 10
4976.053539684199
 20
-542.673833882435
 10
5089.929938303879
 20
-345.51760013871973
  0
LWPOLYLINE
  5
41
330
17
100
AcDbEntity
  8
RASTER_CONTOURS
100
AcDbPolyline
 90
6
 70
1
 10
45895.63944368921
 20
-30.067626148777027
 10
45933.5982432291
 20
9.363620599962303
 10
46465.02143678762
 20
9.363620599962303
 10
46502.98023632751
 20
-30.067626148777027
 10
46465.02143678762
 20
-69.49887289752104
 10
45933.5982432291
 20
-69.49887289752104
  0
LWPOLYLINE
  5
42
330
17
100
AcDbEntity
  8
RASTER_CONTOURS
100
AcDbPolyline
 90
6
 70
1
 10
40998.95430304298
 20
9.363620599962303
 10
41036.91310258287
 20
48.794867348706305
 10
41454.4598975217
 20
48.794867348706305
 10
41492.41869706159
 20
9.363620599962303
 10
41340.58349890201
 20
-69.49887289752104
 10
41036.91310258287
 20
-30.067626148777027
  0
LWPOLYLINE
  5
43
330
17
100
AcDbEntity
  8
RASTER_CONTOURS
100
AcDbPolyline
 90
6
 70
1
 10
39063.05552650841
 20
9.363620599962303
 10
39101.01432604831
 20
48.794867348706305
 10
40885.07790442329
 20
48.794867348706305
 10
40923.03670396318
 20
9.363620599962303
 10
40885.07790442329
 20
-30.067626148777027
 10
39101.01432604831
 20
-30.067626148777027
  0
LWPOLYLINE
  5
44
330
17
100
AcDbEntity
  8
RASTER_CONTOURS
100
AcDbPolyline
 90
6
 70
1
 10
36747.568754574924
 20
9.363620599962303
 10
36785.527554114815
 20
48.794867348706305
 10
38569.591132489804
 20
48.794867348706305
 10
38607.549932029695
 20
9.363620599962303
 10
38569.591132489804
 20
-30.067626148777027
 10
36785.527554114815
 20
-30.067626148777027
  0
LWPOLYLINE
  5
45
330
17
100
AcDbEntity
  8
RASTER_CONTOURS
100
AcDbPolyline
 90
6
 70
1
 10
35153.2991738994
 20
9.363620599962303
 10
35191.25797343929
 20
48.794867348706305
 10
35684.72236745791
 20
48.794867348706305
 10
35722.6811669978
 20
9.363620599962303
 10
35684.72236745791
 20
-30.067626148777027
 10
35191.25797343929
 20
-30.067626148777027
  0
LWPOLYLINE
  5
46
330
17
100
AcDbEntity
  8
RASTER_CONTOURS
100
AcDbPolyline
 90
6
 70
1
 10
25929.31088570532
 20
48.794867348706305
 10
25967.269685245214
 20
88.2261140974503
 10
31585.17201714943
 20
88.2261140974503
 10
31623.130816689318
 20
48.794867348706305
 10
31585.17201714943
 20
9.363620599962303
 10
25967.269685245214
 20
9.363620599962303
  0
LWPOLYLINE
  5
47
330
17
100
AcDbEntity
  8
RASTER_CONTOURS
100
AcDbPolyline
 90
6
 70
1
 10
25284.01129352713
 20
88.2261140974503
 10
25321.97009306703
 20
127.65736084619431
 10
25701.55808846596
 20
127.65736084619431
 10
25739.51688800585
 20
88.2261140974503
 10
25701.55808846596
 20
48.794867348706305
 10
25321.97009306703
 20
48.794867348706305
  0
LWPOLYLINE
  5
48
330
17
100
AcDbEntity
  8
RASTER_CONTOURS
100
AcDbPolyline
 90
6
 70
1
 10
23575.86531423193
 20
88.2261140974503
 10
23613.824113771825
 20
127.65736084619431
 10
23841.576911011187
 20
127.65736084619431
 10
23879.53571055108
 20
88.2261140974503
 10
23841.576911011187
 20
48.794867348706305
 10
23613.824113771825
 20
48.794867348706305
  0
LWPOLYLINE
  5
49
330
17
100
AcDbEntity
  8
RASTER_CONTOURS
100
AcDbPolyline
 90
7
 70
1
 10
48780.50820872111
 20
167.08860759493365
 10
48856.42580780089
 20
88.2261140974503
 10
48856.42580780089
 20
9.363620599962303
 10
48932.343406880675
 20
-30.067626148777027
 10
48894.384607340784
 20
-108.93011964626504
 10
48704.59060964132
 20
-108.93011964626504
 10
48666.631810101426
 20
-69.49887289752104
  0
LWPOLYLINE
  5
4A
330
17
100
AcDbEntity
  8
RASTER_CONTOURS
100
AcDbPolyline
 90
6
 70
1
 10
25018.29969674788
 20
88.2261140974503
 10
25094.217295827664
 20
167.08860759493365
 10
25170.134894907453
 20
167.08860759493365
 10
25246.052493987238
 20
88.2261140974503
 10
25170.134894907453
 20
9.363620599962303
 10
25094.217295827664
 20
9.363620599962303
  0
LWPOLYLINE
  5
4B
330
17
100
AcDbEntity
  8
RASTER_CONTOURS
100
AcDbPolyline
 90
6
 70
1
 10
24069.329708250545
 20
88.2261140974503
 10
24221.16490641012
 20
167.08860759493365
 10
24297.082505489907
 20
167.08860759493365
 10
24373.00010456969
 20
88.2261140974503
 10
24335.041305029798
 20
48.794867348706305
 10
24107.28850779044
 20
48.794867348706305
  0
LWPOLYLINE
  5
4C
330
17
100
AcDbEntity
  8
RASTER_CONTOURS
100
AcDbPolyline
 90
10
 70
1
 10
18793.056572205373
 20
127.65736084619431
 10
18831.015371745263
 20
167.08860759493365
 10
20880.79054689951
 20
167.08860759493365
 10
20956.708145979293
 20
88.2261140974503
 10
20918.7493464394
 20
48.794867348706305
 10
19931.820558402174
 20
48.794867348706305
 10
19893.86175886228
 20
88.2261140974503
 10
19514.273763463345
 20
48.794867348706305
 10
19476.314963923454
 20
88.2261140974503
 10
18831.015371745263
 20
88.2261140974503
  0
LWPOLYLINE
  5
4D
330
17
100
AcDbEntity
  8
RASTER_CONTOURS
100
AcDbPolyline
 90
35
 70
1
 10
25284.01129352713
 20
285.38234784116565
 10
25321.97009306703
 20
324.813594589905
 10
28662.34445257764
 20
324.813594589905
 10
28700.303252117534
 20
285.38234784116565
 10
28738.262051657428
 20
324.813594589905
 10
28966.014848896786
 20
324.813594589905
 10
29003.97364843668
 20
285.38234784116565
 10
29041.93244797657
 20
324.813594589905
 10
29193.767646136144
 20
324.813594589905
 10
29231.72644567604
 20
285.38234784116565
 10
29345.60284429572
 20
324.813594589905
 10
29763.149639234547
 20
324.813594589905
 10
29801.10843877444
 20
285.38234784116565
 10
30256.61403325316
 20
324.813594589905
 10
30294.572832793056
 20
285.38234784116565
 10
31964.760012548362
 20
285.38234784116565
 10
32002.718812088253
 20
206.51985434367765
 10
31964.760012548362
 20
167.08860759493365
 10
30408.449231412735
 20
167.08860759493365
 10
30370.49043187284
 20
206.51985434367765
 10
30256.61403325316
 20
206.51985434367765
 10
30218.655233713267
 20
167.08860759493365
 10
30180.696434173376
 20
206.51985434367765
 10
29801.10843877444
 20
206.51985434367765
 10
29763.149639234547
 20
167.08860759493365
 10
29649.273240614868
 20
206.51985434367765
 10
29421.520443375506
 20
206.51985434367765
 10
29383.561643835616
 20
167.08860759493365
 10
29307.644044755823
 20
206.51985434367765
 10
29193.767646136144
 20
167.08860759493365
 10
29079.891247516465
 20
206.51985434367765
 10
27637.456865000517
 20
206.51985434367765
 10
27599.498065460626
 20
167.08860759493365
 10
27561.539265920732
 20
206.51985434367765
 10
25359.928892606917
 20
206.51985434367765
  0
LWPOLYLINE
  5
4E
330
17
100
AcDbEntity
  8
RASTER_CONTOURS
100
AcDbPolyline
 90
13
 70
1
 10
49122.13740458014
 20
443.107334836137
 10
49122.13740458014
 20
285.38234784116565
 10
50564.571787096094
 20
285.38234784116565
 10
50184.98379169716
 20
285.38234784116565
 10
50147.02499215727
 20
324.813594589905
 10
49995.18979399769
 20
324.813594589905
 10
49957.2309944578
 20
285.38234784116565
 10
49843.35459583813
 20
285.38234784116565
 10
49805.395796298224
 20
324.813594589905
 10
49425.8078008993
 20
324.813594589905
 10
49387.84900135939
 20
285.38234784116565
 10
49273.97260273972
 20
285.38234784116565
 10
49160.09620412003
 20
443.107334836137
  0
LWPOLYLINE
  5
4F
330
17
100
AcDbEntity
  8
RASTER_CONTOURS
100
AcDbPolyline
 90
6
 70
1
 10
10328.24427480916
 20
1074.0072828160223
 10
10442.120673428839
 20
1034.5760360672784
 10
10442.120673428839
 20
561.4010750823643
 10
10404.161873888945
 20
521.9698283336203
 10
10290.285475269266
 20
600.8323218311083
 10
10290.285475269266
 20
1034.5760360672784
  0
LWPOLYLINE
  5
50
330
17
100
AcDbEntity
  8
RASTER_CONTOURS
100
AcDbPolyline
 90
10
 70
1
 10
50906.200982955124
 20
1113.4385295647617
 10
50792.32458433545
 20
1113.4385295647617
 10
50792.32458433545
 20
403.676088087393
 10
50678.448185715766
 20
285.38234784116565
 10
50792.32458433545
 20
245.95110109242165
 10
50830.28338387534
 20
285.38234784116565
 10
50792.32458433545
 20
364.244841338649
 10
50792.32458433545
 20
916.282295821051
 10
50868.242183415234
 20
1034.5760360672784
 10
50944.15978249504
 20
1034.5760360672784
  0
LWPOLYLINE
  5
51
330
17
100
AcDbEntity
  8
RASTER_CONTOURS
100
AcDbPolyline
 90
17
 70
1
 10
29725.190839694653
 20
1192.3010230622497
 10
29725.190839694653
 20
1113.4385295647617
 10
29801.10843877444
 20
1034.5760360672784
 10
29914.98483739412
 20
1113.4385295647617
 10
30066.82003555369
 20
1034.5760360672784
 10
30218.655233713267
 20
1152.8697763135058
 10
30332.531632332946
 20
1034.5760360672784
 10
30332.531632332946
 20
955.7135425697903
 10
30332.531632332946
 20
1034.5760360672784
 10
30408.449231412735
 20
1113.4385295647617
 10
30408.449231412735
 20
1192.3010230622497
 10
30332.531632332946
 20
1231.7322698109938
 10
30256.61403325316
 20
1152.8697763135058
 10
30180.696434173376
 20
1152.8697763135058
 10
30066.82003555369
 20
1231.7322698109938
 10
29952.94363693401
 20
1152.8697763135058
 10
29801.10843877444
 20
1231.7322698109938
  0
LWPOLYLINE
  5
52
330
17
100
AcDbEntity
  8
RASTER_CONTOURS
100
AcDbPolyline
 90
7
 70
1
 10
30598.2432291122
 20
1271.1635165597331
 10
30598.2432291122
 20
1231.7322698109938
 10
30484.36683049252
 20
1152.8697763135058
 10
30598.2432291122
 20
1074.0072828160223
 10
30598.2432291122
 20
995.1447893185343
 10
30674.160828191987
 20
1113.4385295647617
 10
30674.160828191987
 20
1192.3010230622497
  0
LWPOLYLINE
  5
53
330
17
100
AcDbEntity
  8
RASTER_CONTOURS
100
AcDbPolyline
 90
37
 70
1
 10
27333.786468681374
 20
1074.0072828160223
 10
27523.580466380838
 20
1074.0072828160223
 10
27599.498065460626
 20
955.7135425697903
 10
27637.456865000517
 20
955.7135425697903
 10
27637.456865000517
 20
1034.5760360672784
 10
27751.333263620203
 20
1152.8697763135058
 10
27903.168461779773
 20
1074.0072828160223
 10
27941.127261319667
 20
1152.8697763135058
 10
28055.003659939346
 20
1152.8697763135058
 10
28130.921259019135
 20
1074.0072828160223
 10
28244.797657638814
 20
1152.8697763135058
 10
28320.7152567186
 20
1152.8697763135058
 10
28396.63285579839
 20
1074.0072828160223
 10
28510.50925441807
 20
1152.8697763135058
 10
28586.426853497855
 20
1152.8697763135058
 10
28700.303252117534
 20
1074.0072828160223
 10
28814.179650737213
 20
1152.8697763135058
 10
28966.014848896786
 20
1074.0072828160223
 10
29079.891247516465
 20
1152.8697763135058
 10
29041.93244797657
 20
1192.3010230622497
 10
28814.179650737213
 20
1152.8697763135058
 10
28700.303252117534
 20
1231.7322698109938
 10
28586.426853497855
 20
1152.8697763135058
 10
28510.50925441807
 20
1152.8697763135058
 10
28434.591655338278
 20
1271.1635165597331
 10
28320.7152567186
 20
1152.8697763135058
 10
28244.797657638814
 20
1152.8697763135058
 10
28168.880058559025
 20
1231.7322698109938
 10
28055.003659939346
 20
1152.8697763135058
 10
27979.08606085956
 20
1152.8697763135058
 10
27903.168461779773
 20
1271.1635165597331
 10
27751.333263620203
 20
1152.8697763135058
 10
27637.456865000517
 20
1310.594763308477
 10
27599.498065460626
 20
1310.594763308477
 10
27447.662867301053
 20
1192.3010230622497
 10
27371.745268221268
 20
1231.7322698109938
 10
27333.786468681374
 20
1192.3010230622497
  0
LWPOLYLINE
  5
54
330
17
100
AcDbEntity
  8
RASTER_CONTOURS
100
AcDbPolyline
 90
26
 70
1
 10
35988.392763777054
 20
1350.0260100572211
 10
36064.31036285684
 20
1428.8885035547044
 10
37544.703544912685
 20
1428.8885035547044
 10
37582.66234445257
 20
1389.457256805965
 10
38303.87953571055
 20
1389.457256805965
 10
38341.83833525044
 20
1428.8885035547044
 10
38607.549932029695
 20
1428.8885035547044
 10
38645.508731569586
 20
1389.457256805965
 10
42972.811879117435
 20
1389.457256805965
 10
43048.72947819721
 20
1310.594763308477
 10
43048.72947819721
 20
443.107334836137
 10
43010.77067865732
 20
364.244841338649
 10
42934.853079577544
 20
324.813594589905
 10
42934.853079577544
 20
285.38234784116565
 10
43010.77067865732
 20
245.95110109242165
 10
42972.811879117435
 20
127.65736084619431
 10
36975.32155181428
 20
127.65736084619431
 10
36937.36275227439
 20
167.08860759493365
 10
36633.69235595524
 20
167.08860759493365
 10
36557.77475687545
 20
127.65736084619431
 10
36519.81595733556
 20
167.08860759493365
 10
36026.35156331695
 20
167.08860759493365
 10
35988.392763777054
 20
206.51985434367765
 10
35988.392763777054
 20
324.813594589905
 10
36026.35156331695
 20
364.244841338649
 10
35988.392763777054
 20
403.676088087393
  0
LWPOLYLINE
  5
55
330
17
100
AcDbEntity
  8
RASTER_CONTOURS
100
AcDbPolyline
 90
21
 70
1
 10
21146.502143678757
 20
1665.4759840471638
 10
21184.46094321865
 20
1704.9072307959077
 10
21222.419742758546
 20
1665.4759840471638
 10
21222.419742758546
 20
1152.8697763135058
 10
21260.37854229844
 20
1113.4385295647617
 10
21526.090139077693
 20
1113.4385295647617
 10
21602.00773815748
 20
1074.0072828160223
 10
21677.925337237266
 20
955.7135425697903
 10
21677.925337237266
 20
206.51985434367765
 10
21715.88413677716
 20
167.08860759493365
 10
21905.678134476624
 20
167.08860759493365
 10
21943.63693401652
 20
127.65736084619431
 10
23196.277318833
 20
127.65736084619431
 10
23234.236118372894
 20
88.2261140974503
 10
23196.277318833
 20
48.794867348706305
 10
21564.048938617587
 20
48.794867348706305
 10
21526.090139077693
 20
9.363620599962303
 10
21488.131339537802
 20
48.794867348706305
 10
21108.543344138867
 20
48.794867348706305
 10
21070.584544598973
 20
167.08860759493365
 10
21108.543344138867
 20
206.51985434367765
  0
LWPOLYLINE
  5
56
330
17
100
AcDbEntity
  8
RASTER_CONTOURS
100
AcDbPolyline
 90
5
 70
1
 10
36937.36275227439
 20
1744.338477544647
 10
37051.23915089407
 20
1547.1822438009365
 10
37013.28035135417
 20
1507.7509970521924
 10
36899.403952734494
 20
1507.7509970521924
 10
36861.4451531946
 20
1547.1822438009365
  0
LWPOLYLINE
  5
57
330
17
100
AcDbEntity
  8
RASTER_CONTOURS
100
AcDbPolyline
 90
17
 70
1
 10
35836.55756561748
 20
2059.78845153459
 10
35912.47516469727
 20
2020.3572047858504
 10
35912.47516469727
 20
1626.0447372984197
 10
35950.433964237156
 20
1586.6134905496758
 10
35950.433964237156
 20
1468.3197503034485
 10
35912.47516469727
 20
1428.8885035547044
 10
35912.47516469727
 20
324.813594589905
 10
35874.516365157375
 20
285.38234784116565
 10
35912.47516469727
 20
88.2261140974503
 10
35988.392763777054
 20
48.794867348706305
 10
36519.81595733556
 20
48.794867348706305
 10
36557.77475687545
 20
9.363620599962303
 10
36519.81595733556
 20
-30.067626148777027
 10
35760.639966537696
 20
-30.067626148777027
 10
35722.6811669978
 20
9.363620599962303
 10
35798.598766077586
 20
127.65736084619431
 10
35798.598766077586
 20
2020.3572047858504
  0
LWPOLYLINE
  5
58
330
17
100
AcDbEntity
  8
RASTER_CONTOURS
100
AcDbPolyline
 90
18
 70
1
 10
24448.917703649484
 20
2099.219698283334
 10
24980.340897207985
 20
2099.219698283334
 10
25018.29969674788
 20
2059.78845153459
 10
25018.29969674788
 20
916.282295821051
 10
25056.258496287774
 20
876.851049072307
 10
25056.258496287774
 20
758.5573088260796
 10
25018.29969674788
 20
719.1260620773356
 10
25018.29969674788
 20
482.53858158487634
 10
24904.4232981282
 20
403.676088087393
 10
24942.382097668095
 20
403.676088087393
 10
25018.29969674788
 20
285.38234784116565
 10
24904.4232981282
 20
206.51985434367765
 10
24448.917703649484
 20
206.51985434367765
 10
24410.958904109586
 20
245.95110109242165
 10
24410.958904109586
 20
364.244841338649
 10
24448.917703649484
 20
403.676088087393
 10
24373.00010456969
 20
521.9698283336203
 10
24373.00010456969
 20
1980.9259580371065
  0
LWPOLYLINE
  5
59
330
17
100
AcDbEntity
  8
RASTER_CONTOURS
100
AcDbPolyline
 90
28
 70
1
 10
21298.33734183833
 20
2059.78845153459
 10
21374.254940918123
 20
2138.6509450320777
 10
21564.048938617587
 20
2138.6509450320777
 10
21715.88413677716
 20
2059.78845153459
 10
21905.678134476624
 20
2059.78845153459
 10
22057.513332636197
 20
2138.6509450320777
 10
23993.41210917076
 20
2099.219698283334
 10
24183.206106870228
 20
1941.4947112883624
 10
24183.206106870228
 20
679.6948153285916
 10
24145.247307330334
 20
561.4010750823643
 10
24031.370908710654
 20
482.53858158487634
 10
24031.370908710654
 20
403.676088087393
 10
24069.329708250545
 20
403.676088087393
 10
24145.247307330334
 20
285.38234784116565
 10
24069.329708250545
 20
206.51985434367765
 10
21829.76053539684
 20
206.51985434367765
 10
21753.842936317054
 20
285.38234784116565
 10
21753.842936317054
 20
364.244841338649
 10
21829.76053539684
 20
482.53858158487634
 10
21905.678134476624
 20
482.53858158487634
 10
21867.719334936734
 20
521.9698283336203
 10
21829.76053539684
 20
482.53858158487634
 10
21753.842936317054
 20
600.8323218311083
 10
21753.842936317054
 20
1113.4385295647617
 10
21715.88413677716
 20
1231.7322698109938
 10
21602.00773815748
 20
1152.8697763135058
 10
21374.254940918123
 20
1152.8697763135058
 10
21298.33734183833
 20
1231.7322698109938
  0
LWPOLYLINE
  5
5A
330
17
100
AcDbEntity
  8
RASTER_CONTOURS
100
AcDbPolyline
 90
10
 70
1
 10
42213.63588831956
 20
2099.219698283334
 10
42289.55348739935
 20
2178.0821917808216
 10
42896.89428003763
 20
2178.0821917808216
 10
42972.811879117435
 20
2099.219698283334
 10
42972.811879117435
 20
1862.6322177908792
 10
42858.93548049774
 20
1704.9072307959077
 10
42783.01788141796
 20
1744.338477544647
 10
42441.388685558915
 20
1744.338477544647
 10
42289.55348739935
 20
1665.4759840471638
 10
42213.63588831956
 20
1783.7697242933912
  0
LWPOLYLINE
  5
5B
330
17
100
AcDbEntity
  8
RASTER_CONTOURS
100
AcDbPolyline
 90
11
 70
1
 10
21146.502143678757
 20
2256.9446852783053
 10
21260.37854229844
 20
2217.513438529561
 10
21222.419742758546
 20
2138.6509450320777
 10
21222.419742758546
 20
1783.7697242933912
 10
21184.46094321865
 20
1744.338477544647
 10
21108.543344138867
 20
1823.200971042135
 10
21146.502143678757
 20
1902.0634645396185
 10
21146.502143678757
 20
2020.3572047858504
 10
21108.543344138867
 20
2059.78845153459
 10
21146.502143678757
 20
2138.6509450320777
 10
21108.543344138867
 20
2217.513438529561
  0
LWPOLYLINE
  5
5C
330
17
100
AcDbEntity
  8
RASTER_CONTOURS
100
AcDbPolyline
 90
2
 70
1
 10
44225.45226393391
 20
2256.9446852783053
 10
44225.45226393391
 20
758.5573088260796
  0
LWPOLYLINE
  5
5D
330
17
100
AcDbEntity
  8
RASTER_CONTOURS
100
AcDbPolyline
 90
13
 70
1
 10
27333.786468681374
 20
2059.78845153459
 10
27333.786468681374
 20
2178.0821917808216
 10
27447.662867301053
 20
2296.375932027049
 10
27865.209662239882
 20
2296.375932027049
 10
27903.168461779773
 20
2256.9446852783053
 10
27941.127261319667
 20
2296.375932027049
 10
28282.756457178704
 20
2296.375932027049
 10
28320.7152567186
 20
2256.9446852783053
 10
28472.550454878176
 20
2256.9446852783053
 10
28510.50925441807
 20
2296.375932027049
 10
28586.426853497855
 20
2217.513438529561
 10
28434.591655338278
 20
1980.9259580371065
 10
27409.70406776116
 20
1980.9259580371065
  0
LWPOLYLINE
  5
5E
330
17
100
AcDbEntity
  8
RASTER_CONTOURS
100
AcDbPolyline
 90
3
 70
1
 10
44263.4110634738
 20
2808.982139760707
 10
44225.45226393391
 20
2808.982139760707
 10
44225.45226393391
 20
2375.2384255245324
  0
LWPOLYLINE
  5
5F
330
17
100
AcDbEntity
  8
RASTER_CONTOURS
100
AcDbPolyline
 90
5
 70
1
 10
30332.531632332946
 20
2966.7071267556785
 10
30218.655233713267
 20
2848.4133865094464
 10
30370.49043187284
 20
2730.1196462632192
 10
30408.449231412735
 20
2887.8446332581907
 10
30370.49043187284
 20
2966.7071267556785
  0
LWPOLYLINE
  5
60
330
17
100
AcDbEntity
  8
RASTER_CONTOURS
100
AcDbPolyline
 90
11
 70
1
 10
21032.62574505908
 20
2966.7071267556785
 10
20956.708145979293
 20
2927.2758800069346
 10
20880.79054689951
 20
2966.7071267556785
 10
20842.831747359614
 20
2927.2758800069346
 10
20842.831747359614
 20
2296.375932027049
 10
20880.79054689951
 20
2217.513438529561
 10
20918.7493464394
 20
2217.513438529561
 10
20956.708145979293
 20
2296.375932027049
 10
20918.7493464394
 20
2730.1196462632192
 10
20956.708145979293
 20
2808.982139760707
 10
21070.584544598973
 20
2887.8446332581907
  0
LWPOLYLINE
  5
61
330
17
100
AcDbEntity
  8
RASTER_CONTOURS
100
AcDbPolyline
 90
14
 70
1
 10
19058.76816898463
 20
2966.7071267556785
 10
18982.850569904836
 20
2927.2758800069346
 10
18982.850569904836
 20
2808.982139760707
 10
19020.80936944473
 20
2769.550893011963
 10
18982.850569904836
 20
2690.6883995144753
 10
19020.80936944473
 20
2611.8259060169917
 10
19020.80936944473
 20
2493.5321657707645
 10
18982.850569904836
 20
2454.1009190220207
 10
19020.80936944473
 20
2375.2384255245324
 10
18982.850569904836
 20
2256.9446852783053
 10
18982.850569904836
 20
1941.4947112883624
 10
19020.80936944473
 20
1902.0634645396185
 10
19096.726968524523
 20
1941.4947112883624
 10
19096.726968524523
 20
2927.2758800069346
  0
LWPOLYLINE
  5
62
330
17
100
AcDbEntity
  8
RASTER_CONTOURS
100
AcDbPolyline
 90
5
 70
1
 10
28472.550454878176
 20
3045.5696202531617
 10
28320.7152567186
 20
3006.1383735044224
 10
28434.591655338278
 20
2848.4133865094464
 10
28434.591655338278
 20
2927.2758800069346
 10
28510.50925441807
 20
3006.1383735044224
  0
LWPOLYLINE
  5
63
330
17
100
AcDbEntity
  8
RASTER_CONTOURS
100
AcDbPolyline
 90
10
 70
1
 10
27295.82766914148
 20
3045.5696202531617
 10
27295.82766914148
 20
2927.2758800069346
 10
27409.70406776116
 20
2966.7071267556785
 10
27637.456865000517
 20
2927.2758800069346
 10
27713.37446408031
 20
3006.1383735044224
 10
27827.250862699988
 20
2927.2758800069346
 10
27979.08606085956
 20
2966.7071267556785
 10
27979.08606085956
 20
3006.1383735044224
 10
27903.168461779773
 20
3045.5696202531617
 10
27789.292063160094
 20
3006.1383735044224
  0
LWPOLYLINE
  5
64
330
17
100
AcDbEntity
  8
RASTER_CONTOURS
100
AcDbPolyline
 90
5
 70
1
 10
43618.11147129562
 20
3085.000867001906
 10
43580.15267175573
 20
3045.5696202531617
 10
43618.11147129562
 20
2966.7071267556785
 10
43580.15267175573
 20
2730.1196462632192
 10
43618.11147129562
 20
2769.550893011963
  0
LWPOLYLINE
  5
65
330
17
100
AcDbEntity
  8
RASTER_CONTOURS
100
AcDbPolyline
 90
7
 70
1
 10
29535.39684199519
 20
3085.000867001906
 10
29535.39684199519
 20
3006.1383735044224
 10
29421.520443375506
 20
2887.8446332581907
 10
29421.520443375506
 20
2848.4133865094464
 10
29497.438042455295
 20
2808.982139760707
 10
29611.314441074974
 20
2848.4133865094464
 10
29535.39684199519
 20
2966.7071267556785
  0
LWPOLYLINE
  5
66
330
17
100
AcDbEntity
  8
RASTER_CONTOURS
100
AcDbPolyline
 90
26
 70
1
 10
40201.81951270522
 20
3085.000867001906
 10
40163.860713165326
 20
3006.1383735044224
 10
40239.77831224511
 20
2887.8446332581907
 10
40125.901913625436
 20
2769.550893011963
 10
40125.901913625436
 20
2532.963412519504
 10
40201.81951270522
 20
2532.963412519504
 10
40239.77831224511
 20
2454.1009190220207
 10
40163.860713165326
 20
2414.6696722732763
 10
40125.901913625436
 20
2335.807178775793
 10
40201.81951270522
 20
2296.375932027049
 10
40429.572309944575
 20
2375.2384255245324
 10
40543.44870856426
 20
2296.375932027049
 10
40543.44870856426
 20
2335.807178775793
 10
40657.32510718393
 20
2414.6696722732763
 10
40733.242706263714
 20
2335.807178775793
 10
40885.07790442329
 20
2296.375932027049
 10
40885.07790442329
 20
2375.2384255245324
 10
40809.16030534351
 20
2454.1009190220207
 10
40809.16030534351
 20
2493.5321657707645
 10
40923.03670396318
 20
2572.394659268248
 10
40885.07790442329
 20
2769.550893011963
 10
40809.16030534351
 20
2887.8446332581907
 10
40847.1191048834
 20
3085.000867001906
 10
40657.32510718393
 20
3045.5696202531617
 10
40505.489909024356
 20
3163.863360499394
 10
40353.654710864794
 20
3045.5696202531617
  0
LWPOLYLINE
  5
67
330
17
100
AcDbEntity
  8
RASTER_CONTOURS
100
AcDbPolyline
 90
11
 70
1
 10
51285.78897835407
 20
3321.5883474943653
 10
51171.912579734395
 20
3282.1571007456214
 10
51247.830178814176
 20
3006.1383735044224
 10
51209.871379274286
 20
2966.7071267556785
 10
51247.830178814176
 20
2887.8446332581907
 10
51247.830178814176
 20
2454.1009190220207
 10
51209.871379274286
 20
2414.6696722732763
 10
51209.871379274286
 20
2296.375932027049
 10
51247.830178814176
 20
2256.9446852783053
 10
51247.830178814176
 20
1389.457256805965
 10
51247.830178814176
 20
3203.294607248133
  0
LWPOLYLINE
  5
68
330
17
100
AcDbEntity
  8
RASTER_CONTOURS
100
AcDbPolyline
 90
66
 70
1
 10
39594.47872006692
 20
3439.8820877405924
 10
39670.396319146705
 20
3518.744581238076
 10
40012.02551500575
 20
3518.744581238076
 10
40049.98431454563
 20
3558.17582798682
 10
40163.860713165326
 20
3518.744581238076
 10
40201.81951270522
 20
3558.17582798682
 10
40315.6959113249
 20
3479.3133344893367
 10
40315.6959113249
 20
3321.5883474943653
 10
40391.613510404684
 20
3242.725853996877
 10
40467.531109484466
 20
3479.3133344893367
 10
40581.40750810415
 20
3558.17582798682
 10
40657.32510718393
 20
3518.744581238076
 10
41112.83070166265
 20
3518.744581238076
 10
41150.78950120254
 20
3479.3133344893367
 10
41150.78950120254
 20
3321.5883474943653
 10
41226.70710028234
 20
3203.294607248133
 10
41150.78950120254
 20
3124.43211375065
 10
41150.78950120254
 20
2690.6883995144753
 10
41036.91310258287
 20
2375.2384255245324
 10
41226.70710028234
 20
2256.9446852783053
 10
41416.50109798181
 20
2256.9446852783053
 10
41454.4598975217
 20
2296.375932027049
 10
41492.41869706159
 20
2256.9446852783053
 10
41606.29509568126
 20
2296.375932027049
 10
41758.13029384084
 20
2256.9446852783053
 10
41872.00669246053
 20
2335.807178775793
 10
41758.13029384084
 20
2414.6696722732763
 10
41796.08909338073
 20
2730.1196462632192
 10
41872.00669246053
 20
2808.982139760707
 10
41834.04789292064
 20
2848.4133865094464
 10
41834.04789292064
 20
3085.000867001906
 10
41644.25389522117
 20
3163.863360499394
 10
41264.66589982223
 20
3163.863360499394
 10
41226.70710028234
 20
3203.294607248133
 10
41302.62469936212
 20
3282.1571007456214
 10
41302.62469936212
 20
3479.3133344893367
 10
41340.58349890201
 20
3518.744581238076
 10
41909.96549200042
 20
3518.744581238076
 10
41985.8830910802
 20
3439.8820877405924
 10
41985.8830910802
 20
1902.0634645396185
 10
41947.92429154031
 20
1862.6322177908792
 10
41720.17149430095
 20
1862.6322177908792
 10
41682.21269476106
 20
1823.200971042135
 10
41378.5422984419
 20
1823.200971042135
 10
41302.62469936212
 20
1902.0634645396185
 10
41302.62469936212
 20
2099.219698283334
 10
41226.70710028234
 20
2178.0821917808216
 10
41150.78950120254
 20
2099.219698283334
 10
41150.78950120254
 20
1902.0634645396185
 10
41074.87190212276
 20
1823.200971042135
 10
40923.03670396318
 20
1823.200971042135
 10
40885.07790442329
 20
1862.6322177908792
 10
40847.1191048834
 20
1823.200971042135
 10
40505.489909024356
 20
1823.200971042135
 10
40429.572309944575
 20
1980.9259580371065
 10
40467.531109484466
 20
2059.78845153459
 10
40429.572309944575
 20
2138.6509450320777
 10
40315.6959113249
 20
2099.219698283334
 10
40315.6959113249
 20
1941.4947112883624
 10
40239.77831224511
 20
1862.6322177908792
 10
40087.94311408552
 20
1862.6322177908792
 10
40049.98431454563
 20
1823.200971042135
 10
40012.02551500575
 20
1862.6322177908792
 10
39974.06671546586
 20
1823.200971042135
 10
39670.396319146705
 20
1862.6322177908792
 10
39594.47872006692
 20
1941.4947112883624
  0
LWPOLYLINE
  5
69
330
17
100
AcDbEntity
  8
RASTER_CONTOURS
100
AcDbPolyline
 90
26
 70
1
 10
43086.6882777371
 20
3715.900814981791
 10
43352.39987451637
 20
3715.900814981791
 10
43390.35867405626
 20
3676.469568233047
 10
43238.52347589668
 20
3558.17582798682
 10
43200.56467635679
 20
3439.8820877405924
 10
43200.56467635679
 20
1113.4385295647617
 10
43238.52347589668
 20
1074.0072828160223
 10
43200.56467635679
 20
995.1447893185343
 10
43200.56467635679
 20
719.1260620773356
 10
43276.482275436574
 20
600.8323218311083
 10
43618.11147129562
 20
600.8323218311083
 10
43656.07027083551
 20
561.4010750823643
 10
43656.07027083551
 20
88.2261140974503
 10
43731.98786991529
 20
9.363620599962303
 10
43694.0290703754
 20
-69.49887289752104
 10
42934.853079577544
 20
-69.49887289752104
 10
42896.89428003763
 20
-30.067626148777027
 10
42934.853079577544
 20
9.363620599962303
 10
43048.72947819721
 20
9.363620599962303
 10
43124.64707727699
 20
127.65736084619431
 10
43124.64707727699
 20
1310.594763308477
 10
43086.6882777371
 20
1350.0260100572211
 10
43086.6882777371
 20
1586.6134905496758
 10
43124.64707727699
 20
1626.0447372984197
 10
43124.64707727699
 20
3518.744581238076
 10
43048.72947819721
 20
3637.0383214843077
  0
LWPOLYLINE
  5
6A
330
17
100
AcDbEntity
  8
RASTER_CONTOURS
100
AcDbPolyline
 90
14
 70
1
 10
49236.013803199836
 20
3715.900814981791
 10
49122.13740458014
 20
3715.900814981791
 10
49122.13740458014
 20
3597.607074735564
 10
49160.09620412003
 20
3558.17582798682
 10
49160.09620412003
 20
2138.6509450320777
 10
49122.13740458014
 20
2099.219698283334
 10
49122.13740458014
 20
1823.200971042135
 10
49160.09620412003
 20
1783.7697242933912
 10
49122.13740458014
 20
1704.9072307959077
 10
49122.13740458014
 20
1271.1635165597331
 10
49160.09620412003
 20
1231.7322698109938
 10
49160.09620412003
 20
1034.5760360672784
 10
49160.09620412003
 20
3558.17582798682
 10
49273.97260273972
 20
3676.469568233047
  0
LWPOLYLINE
  5
6B
330
17
100
AcDbEntity
  8
RASTER_CONTOURS
100
AcDbPolyline
 90
30
 70
1
 10
39366.72592282756
 20
3676.469568233047
 10
39442.64352190735
 20
3755.3320617305353
 10
39480.602321447244
 20
3715.900814981791
 10
40429.572309944575
 20
3715.900814981791
 10
40467.531109484466
 20
3755.3320617305353
 10
40619.36630764404
 20
3715.900814981791
 10
40657.32510718393
 20
3755.3320617305353
 10
40695.283906723824
 20
3715.900814981791
 10
42023.84189062009
 20
3715.900814981791
 10
42061.800690159995
 20
3676.469568233047
 10
41985.8830910802
 20
3597.607074735564
 10
41302.62469936212
 20
3597.607074735564
 10
41264.66589982223
 20
3637.0383214843077
 10
41226.70710028234
 20
3597.607074735564
 10
40619.36630764404
 20
3597.607074735564
 10
40581.40750810415
 20
3637.0383214843077
 10
40543.44870856426
 20
3597.607074735564
 10
40429.572309944575
 20
3597.607074735564
 10
40391.613510404684
 20
3637.0383214843077
 10
40239.77831224511
 20
3637.0383214843077
 10
40201.81951270522
 20
3597.607074735564
 10
40125.901913625436
 20
3637.0383214843077
 10
40087.94311408552
 20
3597.607074735564
 10
40012.02551500575
 20
3637.0383214843077
 10
39784.272717766384
 20
3637.0383214843077
 10
39746.31391822649
 20
3597.607074735564
 10
39670.396319146705
 20
3637.0383214843077
 10
39632.43751960681
 20
3597.607074735564
 10
39594.47872006692
 20
3637.0383214843077
 10
39480.602321447244
 20
3558.17582798682
  0
LWPOLYLINE
  5
6C
330
17
100
AcDbEntity
  8
RASTER_CONTOURS
100
AcDbPolyline
 90
12
 70
1
 10
38341.83833525044
 20
3755.3320617305353
 10
38417.75593433023
 20
3676.469568233047
 10
38379.79713479034
 20
3637.0383214843077
 10
37127.15674997385
 20
3637.0383214843077
 10
37013.28035135417
 20
3597.607074735564
 10
36975.32155181428
 20
3518.744581238076
 10
36975.32155181428
 20
1783.7697242933912
 10
36937.36275227439
 20
1744.338477544647
 10
36899.403952734494
 20
1783.7697242933912
 10
36899.403952734494
 20
3597.607074735564
 10
36823.486353654705
 20
3676.469568233047
 10
36899.403952734494
 20
3755.3320617305353
  0
LWPOLYLINE
  5
6D
330
17
100
AcDbEntity
  8
RASTER_CONTOURS
100
AcDbPolyline
 90
26
 70
1
 10
34052.493987242495
 20
3794.763308479279
 10
34128.41158632228
 20
3755.3320617305353
 10
34545.95838126111
 20
3755.3320617305353
 10
34583.917180801
 20
3794.763308479279
 10
35836.55756561748
 20
3755.3320617305353
 10
35912.47516469727
 20
3676.469568233047
 10
35912.47516469727
 20
3479.3133344893367
 10
35836.55756561748
 20
3400.4508409918485
 10
35798.598766077586
 20
3439.8820877405924
 10
34773.71117850047
 20
3439.8820877405924
 10
34735.75237896058
 20
3361.0195942431046
 10
34735.75237896058
 20
127.65736084619431
 10
34849.628777580256
 20
48.794867348706305
 10
34963.505176199935
 20
88.2261140974503
 10
35039.422775279716
 20
9.363620599962303
 10
35001.463975739825
 20
-30.067626148777027
 10
33710.86479138346
 20
-30.067626148777027
 10
33672.90599184356
 20
9.363620599962303
 10
33710.86479138346
 20
48.794867348706305
 10
34545.95838126111
 20
48.794867348706305
 10
34621.8759803409
 20
88.2261140974503
 10
34659.83477988079
 20
167.08860759493365
 10
34659.83477988079
 20
3518.744581238076
 10
34583.917180801
 20
3637.0383214843077
 10
34014.5351877026
 20
3637.0383214843077
 10
33976.576388162706
 20
3715.900814981791
  0
LWPOLYLINE
  5
6E
330
17
100
AcDbEntity
  8
RASTER_CONTOURS
100
AcDbPolyline
 90
34
 70
1
 10
32230.47160932761
 20
3794.763308479279
 10
32723.93600334623
 20
3794.763308479279
 10
32761.89480288612
 20
3755.3320617305353
 10
32951.68880058559
 20
3794.763308479279
 10
33027.606399665376
 20
3715.900814981791
 10
32685.977203806335
 20
3597.607074735564
 10
32685.977203806335
 20
3085.000867001906
 10
32610.059604726546
 20
3006.1383735044224
 10
32420.265607027082
 20
3006.1383735044224
 10
32344.348007947297
 20
2927.2758800069346
 10
32344.348007947297
 20
758.5573088260796
 10
32420.265607027082
 20
679.6948153285916
 10
32610.059604726546
 20
679.6948153285916
 10
32685.977203806335
 20
600.8323218311083
 10
32685.977203806335
 20
127.65736084619431
 10
32723.93600334623
 20
88.2261140974503
 10
33369.23559552441
 20
48.794867348706305
 10
33407.1943950643
 20
9.363620599962303
 10
33369.23559552441
 20
-30.067626148777027
 10
32913.7300010457
 20
-30.067626148777027
 10
32875.7712015058
 20
9.363620599962303
 10
32723.93600334623
 20
9.363620599962303
 10
32685.977203806335
 20
-30.067626148777027
 10
32116.595210707932
 20
-30.067626148777027
 10
32040.677611628147
 20
48.794867348706305
 10
32116.595210707932
 20
167.08860759493365
 10
32078.63641116804
 20
206.51985434367765
 10
32116.595210707932
 20
640.2635685798476
 10
32230.47160932761
 20
837.419802323563
 10
32230.47160932761
 20
3124.43211375065
 10
32192.51280978772
 20
3163.863360499394
 10
32192.51280978772
 20
3400.4508409918485
 10
32230.47160932761
 20
3439.8820877405924
 10
32192.51280978772
 20
3755.3320617305353
  0
LWPOLYLINE
  5
6F
330
17
100
AcDbEntity
  8
RASTER_CONTOURS
100
AcDbPolyline
 90
22
 70
1
 10
48818.467008261
 20
3834.1945552280185
 10
48856.42580780089
 20
3794.763308479279
 10
48856.42580780089
 20
3479.3133344893367
 10
48818.467008261
 20
3439.8820877405924
 10
48856.42580780089
 20
3400.4508409918485
 10
48856.42580780089
 20
2454.1009190220207
 10
48818.467008261
 20
2414.6696722732763
 10
48818.467008261
 20
2059.78845153459
 10
48856.42580780089
 20
2020.3572047858504
 10
48818.467008261
 20
1231.7322698109938
 10
48856.42580780089
 20
1192.3010230622497
 10
48856.42580780089
 20
916.282295821051
 10
48818.467008261
 20
876.851049072307
 10
48818.467008261
 20
206.51985434367765
 10
48780.50820872111
 20
167.08860759493365
 10
48742.54940918121
 20
206.51985434367765
 10
48742.54940918121
 20
2848.4133865094464
 10
48780.50820872111
 20
2887.8446332581907
 10
48742.54940918121
 20
2927.2758800069346
 10
48742.54940918121
 20
3479.3133344893367
 10
48780.50820872111
 20
3518.744581238076
 10
48742.54940918121
 20
3755.3320617305353
  0
LWPOLYLINE
  5
70
330
17
100
AcDbEntity
  8
RASTER_CONTOURS
100
AcDbPolyline
 90
18
 70
1
 10
48325.002614242396
 20
4149.6445292179615
 10
48438.87901286207
 20
4031.350788971734
 10
48476.83781240196
 20
3913.0570487255063
 10
48590.714211021645
 20
3913.0570487255063
 10
48666.631810101426
 20
3834.1945552280185
 10
48666.631810101426
 20
167.08860759493365
 10
48590.714211021645
 20
88.2261140974503
 10
45516.05144829029
 20
88.2261140974503
 10
45364.21625013071
 20
9.363620599962303
 10
45212.38105197113
 20
127.65736084619431
 10
45212.38105197113
 20
1902.0634645396185
 10
45288.298651050914
 20
1980.9259580371065
 10
47110.3210289658
 20
1980.9259580371065
 10
47148.27982850569
 20
1941.4947112883624
 10
47300.11502666527
 20
1980.9259580371065
 10
47338.07382620516
 20
2020.3572047858504
 10
47338.07382620516
 20
4070.782035720478
 10
47489.909024364744
 20
4149.6445292179615
  0
LWPOLYLINE
  5
71
330
17
100
AcDbEntity
  8
RASTER_CONTOURS
100
AcDbPolyline
 90
6
 70
1
 10
6722.158318519291
 20
4228.507022715449
 10
6798.075917599079
 20
4110.213282469222
 10
7405.416710237372
 20
3518.744581238076
 10
7519.293108857051
 20
3479.3133344893367
 10
7367.457910697479
 20
3676.469568233047
 10
7215.6227125379055
 20
3755.3320617305353
  0
LWPOLYLINE
  5
72
330
17
100
AcDbEntity
  8
RASTER_CONTOURS
100
AcDbPolyline
 90
12
 70
1
 10
25094.217295827664
 20
4543.956996705392
 10
25208.093694447347
 20
4504.525749956648
 10
25208.093694447347
 20
3873.6258019767624
 10
25321.97009306703
 20
3755.3320617305353
 10
25132.17609536756
 20
3637.0383214843077
 10
25056.258496287774
 20
3755.3320617305353
 10
25094.217295827664
 20
3794.763308479279
 10
25094.217295827664
 20
3991.91954222299
 10
25056.258496287774
 20
4031.350788971734
 10
25094.217295827664
 20
4070.782035720478
 10
25094.217295827664
 20
4425.663256459165
 10
25056.258496287774
 20
4465.0945032079035
  0
LWPOLYLINE
  5
73
330
17
100
AcDbEntity
  8
RASTER_CONTOURS
100
AcDbPolyline
 90
52
 70
1
 10
22323.224929415454
 20
4425.663256459165
 10
22399.142528495242
 20
4307.3695162129325
 10
22285.266129875556
 20
4110.213282469222
 10
22171.389731255877
 20
4110.213282469222
 10
22133.43093171599
 20
4149.6445292179615
 10
21981.595733556413
 20
4149.6445292179615
 10
21943.63693401652
 20
4110.213282469222
 10
21867.719334936734
 20
4149.6445292179615
 10
21374.254940918123
 20
4149.6445292179615
 10
21260.37854229844
 20
4110.213282469222
 10
21222.419742758546
 20
4031.350788971734
 10
21260.37854229844
 20
3952.4882954742507
 10
21184.46094321865
 20
3794.763308479279
 10
21070.584544598973
 20
3952.4882954742507
 10
19742.026560702703
 20
3952.4882954742507
 10
19704.067761162813
 20
3991.91954222299
 10
19590.191362543133
 20
3991.91954222299
 10
19552.23256300324
 20
3952.4882954742507
 10
19020.80936944473
 20
3952.4882954742507
 10
18982.850569904836
 20
3991.91954222299
 10
18679.180173585693
 20
3991.91954222299
 10
18565.30377496601
 20
3913.0570487255063
 10
18565.30377496601
 20
561.4010750823643
 10
18527.34497542612
 20
482.53858158487634
 10
18565.30377496601
 20
443.107334836137
 10
18565.30377496601
 20
206.51985434367765
 10
18641.2213740458
 20
127.65736084619431
 10
18603.262574505905
 20
88.2261140974503
 10
18375.509777266547
 20
88.2261140974503
 10
18337.550977726652
 20
127.65736084619431
 10
18451.42737634633
 20
206.51985434367765
 10
18451.42737634633
 20
1586.6134905496758
 10
18489.386175886226
 20
1626.0447372984197
 10
18489.386175886226
 20
1980.9259580371065
 10
18451.42737634633
 20
2020.3572047858504
 10
18451.42737634633
 20
3085.000867001906
 10
18489.386175886226
 20
3124.43211375065
 10
18489.386175886226
 20
3321.5883474943653
 10
18451.42737634633
 20
3361.0195942431046
 10
18451.42737634633
 20
4031.350788971734
 10
18603.262574505905
 20
4110.213282469222
 10
19210.603367144202
 20
4110.213282469222
 10
19248.562166684093
 20
4070.782035720478
 10
20956.708145979293
 20
4070.782035720478
 10
21032.62574505908
 20
4267.938269464194
 10
20994.666945519188
 20
4543.956996705392
 10
21070.584544598973
 20
4662.250736951619
 10
21146.502143678757
 20
4543.956996705392
 10
21146.502143678757
 20
4307.3695162129325
 10
21260.37854229844
 20
4228.507022715449
 10
21336.296141378225
 20
4267.938269464194
 10
22209.348530795774
 20
4228.507022715449
  0
LWPOLYLINE
  5
74
330
17
100
AcDbEntity
  8
RASTER_CONTOURS
100
AcDbPolyline
 90
20
 70
1
 10
16819.19899613092
 20
2808.982139760707
 10
16819.19899613092
 20
4583.388243454136
 10
16971.034194290492
 20
4701.681983700363
 10
17274.70459060964
 20
4701.681983700363
 10
17312.663390149533
 20
4662.250736951619
 10
20539.161351040464
 20
4662.250736951619
 10
20577.12015058036
 20
4622.819490202875
 10
20615.078950120256
 20
4662.250736951619
 10
20653.037749660143
 20
4622.819490202875
 10
20728.955348739935
 20
4662.250736951619
 10
20766.914148279826
 20
4622.819490202875
 10
20880.79054689951
 20
4622.819490202875
 10
20956.708145979293
 20
4504.525749956648
 10
20956.708145979293
 20
4267.938269464194
 10
20880.79054689951
 20
4149.6445292179615
 10
18413.46857680644
 20
4149.6445292179615
 10
18375.509777266547
 20
4031.350788971734
 10
18375.509777266547
 20
2769.550893011963
 10
18299.592178186762
 20
2690.6883995144753
 10
16933.0753947506
 20
2690.6883995144753
  0
LWPOLYLINE
  5
75
330
17
100
AcDbEntity
  8
RASTER_CONTOURS
100
AcDbPolyline
 90
24
 70
1
 10
46047.474641848785
 20
4583.388243454136
 10
46047.474641848785
 20
4386.23200971042
 10
46199.30984000837
 20
4425.663256459165
 10
46275.22743908815
 20
4346.800762961677
 10
46123.392240928566
 20
4267.938269464194
 10
46161.35104046848
 20
3991.91954222299
 10
46085.433441388675
 20
3952.4882954742507
 10
46047.474641848785
 20
3873.6258019767624
 10
46199.30984000837
 20
3873.6258019767624
 10
46237.26863954826
 20
3834.1945552280185
 10
46768.69183310676
 20
3834.1945552280185
 10
46844.60943218655
 20
3873.6258019767624
 10
46844.60943218655
 20
3913.0570487255063
 10
46730.73303356687
 20
3991.91954222299
 10
46730.73303356687
 20
4189.075775966705
 10
46768.69183310676
 20
4267.938269464194
 10
46692.774234026976
 20
4346.800762961677
 10
46730.73303356687
 20
4386.23200971042
 10
46844.60943218655
 20
4386.23200971042
 10
46882.56823172644
 20
4504.525749956648
 10
46844.60943218655
 20
4622.819490202875
 10
46389.10383770784
 20
4701.681983700363
 10
46351.145038167924
 20
4662.250736951619
 10
46123.392240928566
 20
4662.250736951619
  0
LWPOLYLINE
  5
76
330
17
100
AcDbEntity
  8
RASTER_CONTOURS
100
AcDbPolyline
 90
56
 70
1
 10
44187.49346439401
 20
4465.0945032079035
 10
44225.45226393391
 20
4425.663256459165
 10
44225.45226393391
 20
4307.3695162129325
 10
44149.534664854116
 20
4149.6445292179615
 10
44263.4110634738
 20
4031.350788971734
 10
44301.36986301369
 20
3873.6258019767624
 10
44377.287462093474
 20
3913.0570487255063
 10
44377.287462093474
 20
4070.782035720478
 10
44415.246261633365
 20
4110.213282469222
 10
44453.20506117328
 20
4070.782035720478
 10
44453.20506117328
 20
3873.6258019767624
 10
44794.8342570323
 20
3913.0570487255063
 10
44908.710655651994
 20
3834.1945552280185
 10
44984.628254731775
 20
3873.6258019767624
 10
45022.587054271666
 20
3952.4882954742507
 10
44946.669455191884
 20
3991.91954222299
 10
44908.710655651994
 20
4070.782035720478
 10
45022.587054271666
 20
4149.6445292179615
 10
45212.38105197113
 20
4031.350788971734
 10
45212.38105197113
 20
3873.6258019767624
 10
45250.339851511024
 20
3834.1945552280185
 10
45326.25745059082
 20
3913.0570487255063
 10
45440.13384921049
 20
3913.0570487255063
 10
45516.05144829029
 20
3834.1945552280185
 10
45743.804245529645
 20
3913.0570487255063
 10
45857.68064414932
 20
3834.1945552280185
 10
45971.55704276901
 20
3952.4882954742507
 10
45933.5982432291
 20
4031.350788971734
 10
45895.63944368921
 20
3991.91954222299
 10
45819.72184460943
 20
4070.782035720478
 10
45895.63944368921
 20
4228.507022715449
 10
45895.63944368921
 20
4465.0945032079035
 10
45933.5982432291
 20
4543.956996705392
 10
45895.63944368921
 20
4662.250736951619
 10
45667.88664644985
 20
4701.681983700363
 10
45667.88664644985
 20
4622.819490202875
 10
45591.96904737007
 20
4543.956996705392
 10
45440.13384921049
 20
4543.956996705392
 10
45402.1750496706
 20
4504.525749956648
 10
45288.298651050914
 20
4583.388243454136
 10
45250.339851511024
 20
4701.681983700363
 10
45212.38105197113
 20
4622.819490202875
 10
45060.545853811556
 20
4504.525749956648
 10
45136.46345289135
 20
4346.800762961677
 10
45060.545853811556
 20
4189.075775966705
 10
44984.628254731775
 20
4228.507022715449
 10
44984.628254731775
 20
4504.525749956648
 10
44908.710655651994
 20
4701.681983700363
 10
44832.79305657219
 20
4662.250736951619
 10
44680.957858412636
 20
4741.1132304491075
 10
44642.999058872745
 20
4701.681983700363
 10
44529.12266025305
 20
4701.681983700363
 10
44415.246261633365
 20
4543.956996705392
 10
44377.287462093474
 20
4662.250736951619
 10
44301.36986301369
 20
4701.681983700363
 10
44301.36986301369
 20
4622.819490202875
  0
LWPOLYLINE
  5
77
330
17
100
AcDbEntity
  8
RASTER_CONTOURS
100
AcDbPolyline
 90
12
 70
1
 10
20121.61455610164
 20
5253.71943818276
 10
20045.696957021853
 20
5293.150684931505
 10
19931.820558402174
 20
5214.288191434021
 10
19817.944159782495
 20
5372.013178428992
 10
19666.10896162292
 20
5253.71943818276
 10
19552.23256300324
 20
5293.150684931505
 10
19514.273763463345
 20
5174.856944685277
 10
19552.23256300324
 20
5135.425697936534
 10
19628.150162083024
 20
5174.856944685277
 10
19817.944159782495
 20
5056.5632044390495
 10
19931.820558402174
 20
5174.856944685277
 10
20083.655756561748
 20
5135.425697936534
  0
LWPOLYLINE
  5
78
330
17
100
AcDbEntity
  8
RASTER_CONTOURS
100
AcDbPolyline
 90
8
 70
1
 10
48742.54940918121
 20
5450.875671926476
 10
49008.26100596047
 20
5450.875671926476
 10
49084.17860504025
 20
5372.013178428992
 10
49084.17860504025
 20
4938.269464192818
 10
49008.26100596047
 20
4859.406970695334
 10
48742.54940918121
 20
4859.406970695334
 10
48704.59060964132
 20
4898.8382174440785
 10
48704.59060964132
 20
5411.444425177732
  0
LWPOLYLINE
  5
79
330
17
100
AcDbEntity
  8
RASTER_CONTOURS
100
AcDbPolyline
 90
10
 70
1
 10
47338.07382620516
 20
5411.444425177732
 10
47376.03262574505
 20
5450.875671926476
 10
48590.714211021645
 20
5450.875671926476
 10
48666.631810101426
 20
5372.013178428992
 10
48666.631810101426
 20
4898.8382174440785
 10
48438.87901286207
 20
4819.975723946591
 10
48438.87901286207
 20
4425.663256459165
 10
48362.96141378229
 20
4346.800762961677
 10
47413.99142528494
 20
4346.800762961677
 10
47338.07382620516
 20
4425.663256459165
  0
LWPOLYLINE
  5
7A
330
17
100
AcDbEntity
  8
RASTER_CONTOURS
100
AcDbPolyline
 90
6
 70
1
 10
25018.29969674788
 20
5687.463152418935
 10
25094.217295827664
 20
5766.325645916419
 10
25321.97009306703
 20
5766.325645916419
 10
25359.928892606917
 20
5726.894399167674
 10
25208.093694447347
 20
5608.600658921448
 10
25094.217295827664
 20
5608.600658921448
  0
LWPOLYLINE
  5
7B
330
17
100
AcDbEntity
  8
RASTER_CONTOURS
100
AcDbPolyline
 90
22
 70
1
 10
6532.364320819825
 20
5924.05063291139
 10
6494.405521279932
 20
5845.188139413906
 10
6494.405521279932
 20
5726.894399167674
 10
7329.499111157585
 20
4977.700710941562
 10
7367.457910697479
 20
4898.8382174440785
 10
7898.881104255985
 20
4504.525749956648
 10
7936.839903795879
 20
4425.663256459165
 10
8316.427899194812
 20
4070.782035720478
 10
8430.304297814491
 20
4031.350788971734
 10
8733.97469413364
 20
3676.469568233047
 10
8961.727491372998
 20
3518.744581238076
 10
8809.892293213425
 20
3715.900814981791
 10
8696.015894593746
 20
3755.3320617305353
 10
8544.180696434172
 20
3952.4882954742507
 10
7747.045906096412
 20
4622.819490202875
 10
7671.1283070166255
 20
4741.1132304491075
 10
7557.2519083969455
 20
4780.544477197846
 10
7291.540311617693
 20
5095.994451187789
 10
7101.746313918225
 20
5214.288191434021
 10
7063.787514378332
 20
5293.150684931505
 10
6608.281919899612
 20
5726.894399167674
 10
6608.281919899612
 20
5805.756892665163
  0
LWPOLYLINE
  5
7C
330
17
100
AcDbEntity
  8
RASTER_CONTOURS
100
AcDbPolyline
 90
8
 70
1
 10
30332.531632332946
 20
6239.5006069013325
 10
30522.325630032414
 20
6239.5006069013325
 10
30560.284429572308
 20
6200.069360152589
 10
30560.284429572308
 20
5805.756892665163
 10
30446.408030952625
 20
5648.031905670191
 10
30370.49043187284
 20
5648.031905670191
 10
30294.572832793056
 20
5726.894399167674
 10
30294.572832793056
 20
6200.069360152589
  0
LWPOLYLINE
  5
7D
330
17
100
AcDbEntity
  8
RASTER_CONTOURS
100
AcDbPolyline
 90
24
 70
1
 10
49236.013803199836
 20
6278.931853650077
 10
49273.97260273972
 20
6239.5006069013325
 10
49273.97260273972
 20
4898.8382174440785
 10
49311.93140227961
 20
4859.406970695334
 10
49311.93140227961
 20
4267.938269464194
 10
49273.97260273972
 20
4189.075775966705
 10
49311.93140227961
 20
4110.213282469222
 10
49236.013803199836
 20
3991.91954222299
 10
48894.384607340784
 20
3991.91954222299
 10
48780.50820872111
 20
3834.1945552280185
 10
48704.59060964132
 20
3991.91954222299
 10
48590.714211021645
 20
3991.91954222299
 10
48514.79661194185
 20
4070.782035720478
 10
48514.79661194185
 20
4228.507022715449
 10
48476.83781240196
 20
4267.938269464194
 10
48514.79661194185
 20
4307.3695162129325
 10
48514.79661194185
 20
4701.681983700363
 10
48628.673010561535
 20
4780.544477197846
 10
49122.13740458014
 20
4780.544477197846
 10
49160.09620412003
 20
4819.975723946591
 10
49160.09620412003
 20
5490.30691867522
 10
49122.13740458014
 20
5608.600658921448
 10
49160.09620412003
 20
5648.031905670191
 10
49160.09620412003
 20
6239.5006069013325
  0
LWPOLYLINE
  5
7E
330
17
100
AcDbEntity
  8
RASTER_CONTOURS
100
AcDbPolyline
 90
5
 70
1
 10
25739.51688800585
 20
6239.5006069013325
 10
25739.51688800585
 20
6200.069360152589
 10
25853.39328662553
 20
6121.206866655105
 10
25967.269685245214
 20
6160.638113403849
 10
25967.269685245214
 20
6239.5006069013325
  0
LWPOLYLINE
  5
7F
330
17
100
AcDbEntity
  8
RASTER_CONTOURS
100
AcDbPolyline
 90
13
 70
1
 10
40125.901913625436
 20
6357.79434714756
 10
40619.36630764404
 20
6357.79434714756
 10
40657.32510718393
 20
6318.36310039882
 10
40657.32510718393
 20
5648.031905670191
 10
40619.36630764404
 20
5608.600658921448
 10
40012.02551500575
 20
5608.600658921448
 10
39974.06671546586
 20
5648.031905670191
 10
40049.98431454563
 20
5805.756892665163
 10
40012.02551500575
 20
5924.05063291139
 10
40049.98431454563
 20
5963.481879660134
 10
40012.02551500575
 20
6002.913126408878
 10
40049.98431454563
 20
6042.344373157617
 10
40012.02551500575
 20
6239.5006069013325
  0
LWPOLYLINE
  5
80
330
17
100
AcDbEntity
  8
RASTER_CONTOURS
100
AcDbPolyline
 90
12
 70
1
 10
37582.66234445257
 20
6594.38182764002
 10
37658.579943532364
 20
6633.813074388763
 10
38227.96193663076
 20
6633.813074388763
 10
38379.79713479034
 20
6515.519334142531
 10
38379.79713479034
 20
5726.894399167674
 10
38417.75593433023
 20
5687.463152418935
 10
38379.79713479034
 20
5608.600658921448
 10
37506.74474537279
 20
5608.600658921448
 10
37468.78594583289
 20
5648.031905670191
 10
37544.703544912685
 20
5766.325645916419
 10
37544.703544912685
 20
6436.656840645048
 10
37506.74474537279
 20
6476.088087393792
  0
LWPOLYLINE
  5
81
330
17
100
AcDbEntity
  8
RASTER_CONTOURS
100
AcDbPolyline
 90
13
 70
1
 10
32078.63641116804
 20
6633.813074388763
 10
32723.93600334623
 20
6633.813074388763
 10
32799.85360242601
 20
6554.950580891275
 10
32799.85360242601
 20
5766.325645916419
 10
32837.81240196591
 20
5726.894399167674
 10
32799.85360242601
 20
5648.031905670191
 10
32723.93600334623
 20
5608.600658921448
 10
32648.01840426644
 20
5648.031905670191
 10
32078.63641116804
 20
5648.031905670191
 10
32002.718812088253
 20
5726.894399167674
 10
32002.718812088253
 20
6278.931853650077
 10
32040.677611628147
 20
6318.36310039882
 10
32002.718812088253
 20
6357.79434714756
  0
LWPOLYLINE
  5
82
330
17
100
AcDbEntity
  8
RASTER_CONTOURS
100
AcDbPolyline
 90
3
 70
1
 10
6532.364320819825
 20
6673.244321137503
 10
6494.405521279932
 20
6200.069360152589
 10
6532.364320819825
 20
6200.069360152589
  0
LWPOLYLINE
  5
83
330
17
100
AcDbEntity
  8
RASTER_CONTOURS
100
AcDbPolyline
 90
22
 70
1
 10
51589.45937467322
 20
6791.538061383735
 10
51627.41817421311
 20
6752.106814634991
 10
51627.41817421311
 20
6476.088087393792
 10
51665.376973753
 20
6436.656840645048
 10
51665.376973753
 20
9.363620599962303
 10
51589.45937467322
 20
-108.93011964626504
 10
51058.0361811147
 20
-108.93011964626504
 10
51020.07738157482
 20
-69.49887289752104
 10
51095.99498065459
 20
9.363620599962303
 10
51095.99498065459
 20
679.6948153285916
 10
51171.912579734395
 20
797.988555574819
 10
51475.582976053534
 20
797.988555574819
 10
51551.500575133316
 20
876.851049072307
 10
51551.500575133316
 20
3518.744581238076
 10
51399.66537697375
 20
3597.607074735564
 10
51285.78897835407
 20
3597.607074735564
 10
51209.871379274286
 20
3676.469568233047
 10
51209.871379274286
 20
4267.938269464194
 10
51285.78897835407
 20
4346.800762961677
 10
51475.582976053534
 20
4346.800762961677
 10
51551.500575133316
 20
4425.663256459165
 10
51551.500575133316
 20
6752.106814634991
  0
LWPOLYLINE
  5
84
330
17
100
AcDbEntity
  8
RASTER_CONTOURS
100
AcDbPolyline
 90
22
 70
1
 10
26422.775279723934
 20
6712.675567886246
 10
26498.69287880372
 20
6791.538061383735
 10
27257.868869601585
 20
6791.538061383735
 10
27333.786468681374
 20
6712.675567886246
 10
27333.786468681374
 20
6081.7756199063615
 10
27409.70406776116
 20
6002.913126408878
 10
28320.7152567186
 20
6002.913126408878
 10
28358.674056258493
 20
6042.344373157617
 10
28358.674056258493
 20
6515.519334142531
 10
28396.63285579839
 20
6594.38182764002
 10
28472.550454878176
 20
6633.813074388763
 10
28548.468053957957
 20
6554.950580891275
 10
28548.468053957957
 20
6357.79434714756
 10
28510.50925441807
 20
6318.36310039882
 10
28548.468053957957
 20
5805.756892665163
 10
28472.550454878176
 20
5648.031905670191
 10
26460.734079263828
 20
5648.031905670191
 10
26384.81648018404
 20
5726.894399167674
 10
26460.734079263828
 20
5924.05063291139
 10
26422.775279723934
 20
5963.481879660134
 10
26422.775279723934
 20
6554.950580891275
 10
26460.734079263828
 20
6594.38182764002
  0
LWPOLYLINE
  5
85
330
17
100
AcDbEntity
  8
RASTER_CONTOURS
100
AcDbPolyline
 90
17
 70
1
 10
38379.79713479034
 20
6752.106814634991
 10
38531.63233294991
 20
6870.400554881218
 10
40012.02551500575
 20
6870.400554881218
 10
40125.901913625436
 20
6752.106814634991
 10
40125.901913625436
 20
6633.813074388763
 10
40087.94311408552
 20
6594.38182764002
 10
40125.901913625436
 20
6554.950580891275
 10
40087.94311408552
 20
6476.088087393792
 10
39974.06671546586
 20
6397.225593896304
 10
39936.10791592597
 20
6200.069360152589
 10
39822.231517306274
 20
6121.206866655105
 10
38531.63233294991
 20
6121.206866655105
 10
38417.75593433023
 20
6278.931853650077
 10
38417.75593433023
 20
6476.088087393792
 10
38455.714733870125
 20
6515.519334142531
 10
38417.75593433023
 20
6594.38182764002
 10
38455.714733870125
 20
6633.813074388763
  0
LWPOLYLINE
  5
86
330
17
100
AcDbEntity
  8
RASTER_CONTOURS
100
AcDbPolyline
 90
13
 70
1
 10
36747.568754574924
 20
6278.931853650077
 10
36747.568754574924
 20
6752.106814634991
 10
36861.4451531946
 20
6870.400554881218
 10
38303.87953571055
 20
6870.400554881218
 10
38379.79713479034
 20
6791.538061383735
 10
38190.00313709087
 20
6673.244321137503
 10
38076.12673847119
 20
6673.244321137503
 10
38038.16793893129
 20
6712.675567886246
 10
37582.66234445257
 20
6712.675567886246
 10
37468.78594583289
 20
6633.813074388763
 10
37468.78594583289
 20
6278.931853650077
 10
37392.86834675311
 20
6160.638113403849
 10
36823.486353654705
 20
6160.638113403849
  0
LWPOLYLINE
  5
87
330
17
100
AcDbEntity
  8
RASTER_CONTOURS
100
AcDbPolyline
 90
8
 70
1
 10
22702.812924814385
 20
6830.969308132474
 10
22778.730523894174
 20
6909.831801629962
 10
24259.123705950013
 20
6909.831801629962
 10
24335.041305029798
 20
6830.969308132474
 10
24335.041305029798
 20
6239.5006069013325
 10
24259.123705950013
 20
6160.638113403849
 10
22778.730523894174
 20
6160.638113403849
 10
22702.812924814385
 20
6239.5006069013325
  0
LWPOLYLINE
  5
88
330
17
100
AcDbEntity
  8
RASTER_CONTOURS
100
AcDbPolyline
 90
16
 70
1
 10
21715.88413677716
 20
6949.263048378706
 10
21791.801735856945
 20
6830.969308132474
 10
21791.801735856945
 20
5845.188139413906
 10
21867.719334936734
 20
5766.325645916419
 10
21791.801735856945
 20
5687.463152418935
 10
21184.46094321865
 20
5687.463152418935
 10
21070.584544598973
 20
5648.031905670191
 10
20994.666945519188
 20
5924.05063291139
 10
20994.666945519188
 20
6594.38182764002
 10
21032.62574505908
 20
6712.675567886246
 10
21108.543344138867
 20
6791.538061383735
 10
21222.419742758546
 20
6712.675567886246
 10
21602.00773815748
 20
6712.675567886246
 10
21639.966537697375
 20
6752.106814634991
 10
21602.00773815748
 20
6830.969308132474
 10
21639.966537697375
 20
6909.831801629962
  0
LWPOLYLINE
  5
89
330
17
100
AcDbEntity
  8
RASTER_CONTOURS
100
AcDbPolyline
 90
13
 70
1
 10
43959.74066715465
 20
6988.694295127445
 10
43997.699466694554
 20
6949.263048378706
 10
43997.699466694554
 20
5687.463152418935
 10
44035.658266234444
 20
5608.600658921448
 10
43997.699466694554
 20
5569.169412172703
 10
43162.6058768169
 20
5569.169412172703
 10
43010.77067865732
 20
5687.463152418935
 10
43010.77067865732
 20
6515.519334142531
 10
43048.72947819721
 20
6554.950580891275
 10
43694.0290703754
 20
6554.950580891275
 10
43731.98786991529
 20
6594.38182764002
 10
43769.94666945518
 20
6949.263048378706
 10
43807.905468995086
 20
6988.694295127445
  0
LWPOLYLINE
  5
8A
330
17
100
AcDbEntity
  8
RASTER_CONTOURS
100
AcDbPolyline
 90
12
 70
1
 10
40277.737111785
 20
6830.969308132474
 10
40353.654710864794
 20
6949.263048378706
 10
40505.489909024356
 20
6949.263048378706
 10
40543.44870856426
 20
6988.694295127445
 10
40619.36630764404
 20
6949.263048378706
 10
40960.99550350307
 20
6949.263048378706
 10
41036.91310258287
 20
6870.400554881218
 10
40998.95430304298
 20
6830.969308132474
 10
41036.91310258287
 20
6673.244321137503
 10
40923.03670396318
 20
6554.950580891275
 10
40353.654710864794
 20
6554.950580891275
 10
40277.737111785
 20
6633.813074388763
  0
LWPOLYLINE
  5
8B
330
17
100
AcDbEntity
  8
RASTER_CONTOURS
100
AcDbPolyline
 90
34
 70
1
 10
51058.0361811147
 20
7343.575515866132
 10
51020.07738157482
 20
7343.575515866132
 10
51020.07738157482
 20
7185.85052887116
 10
51171.912579734395
 20
7185.85052887116
 10
51209.871379274286
 20
7146.419282122417
 10
51247.830178814176
 20
5214.288191434021
 10
51171.912579734395
 20
5017.131957690306
 10
51209.871379274286
 20
4977.700710941562
 10
51209.871379274286
 20
4741.1132304491075
 10
51058.0361811147
 20
4662.250736951619
 10
50982.11858203493
 20
4701.681983700363
 10
50868.242183415234
 20
4662.250736951619
 10
50906.200982955124
 20
4543.956996705392
 10
50906.200982955124
 20
3597.607074735564
 10
50868.242183415234
 20
3558.17582798682
 10
50868.242183415234
 20
3321.5883474943653
 10
50906.200982955124
 20
3242.725853996877
 10
51058.0361811147
 20
3242.725853996877
 10
51095.99498065459
 20
3282.1571007456214
 10
50906.200982955124
 20
3439.8820877405924
 10
50906.200982955124
 20
4465.0945032079035
 10
51020.07738157482
 20
4622.819490202875
 10
51095.99498065459
 20
4583.388243454136
 10
51133.953780194504
 20
4662.250736951619
 10
51247.830178814176
 20
4622.819490202875
 10
51285.78897835407
 20
4662.250736951619
 10
51247.830178814176
 20
4741.1132304491075
 10
51247.830178814176
 20
4977.700710941562
 10
51285.78897835407
 20
5017.131957690306
 10
51247.830178814176
 20
5056.5632044390495
 10
51247.830178814176
 20
6673.244321137503
 10
51209.871379274286
 20
6712.675567886246
 10
51247.830178814176
 20
7225.281775619905
 10
51171.912579734395
 20
7185.85052887116
  0
LWPOLYLINE
  5
8C
330
17
100
AcDbEntity
  8
RASTER_CONTOURS
100
AcDbPolyline
 90
8
 70
1
 10
30598.2432291122
 20
7461.86925611236
 10
30636.202028652093
 20
7501.300502861103
 10
31205.584021750492
 20
7501.300502861103
 10
31319.460420370175
 20
7383.006762614876
 10
31319.460420370175
 20
7185.85052887116
 10
31205.584021750492
 20
7028.125541876189
 10
30674.160828191987
 20
7067.556788624934
 10
30598.2432291122
 20
7146.419282122417
  0
LWPOLYLINE
  5
8D
330
17
100
AcDbEntity
  8
RASTER_CONTOURS
100
AcDbPolyline
 90
23
 70
1
 10
27523.580466380838
 20
7619.594243107331
 10
28130.921259019135
 20
7619.594243107331
 10
28244.797657638814
 20
7540.731749609848
 10
28244.797657638814
 20
7343.575515866132
 10
28282.756457178704
 20
7304.144269117388
 10
28282.756457178704
 20
7106.988035373677
 10
28244.797657638814
 20
7067.556788624934
 10
28244.797657638814
 20
6200.069360152589
 10
28168.880058559025
 20
6121.206866655105
 10
27941.127261319667
 20
6160.638113403849
 10
27865.209662239882
 20
6239.5006069013325
 10
27865.209662239882
 20
6357.79434714756
 10
27903.168461779773
 20
6397.225593896304
 10
27789.292063160094
 20
6357.79434714756
 10
27789.292063160094
 20
6200.069360152589
 10
27713.37446408031
 20
6121.206866655105
 10
27523.580466380838
 20
6121.206866655105
 10
27447.662867301053
 20
6200.069360152589
 10
27447.662867301053
 20
7067.556788624934
 10
27409.70406776116
 20
7106.988035373677
 10
27523.580466380838
 20
7383.006762614876
 10
27485.621666840947
 20
7461.86925611236
 10
27485.621666840947
 20
7580.162996358591
  0
LWPOLYLINE
  5
8E
330
17
100
AcDbEntity
  8
RASTER_CONTOURS
100
AcDbPolyline
 90
10
 70
1
 10
25397.887692146815
 20
7659.025489856075
 10
26270.94008156436
 20
7659.025489856075
 10
26498.69287880372
 20
7461.86925611236
 10
26498.69287880372
 20
7185.85052887116
 10
26384.81648018404
 20
7028.125541876189
 10
26384.81648018404
 20
5924.05063291139
 10
26308.898881104255
 20
5845.188139413906
 10
25397.887692146815
 20
5845.188139413906
 10
25321.97009306703
 20
5924.05063291139
 10
25321.97009306703
 20
7540.731749609848
  0
LWPOLYLINE
  5
8F
330
17
100
AcDbEntity
  8
RASTER_CONTOURS
100
AcDbPolyline
 90
8
 70
1
 10
35039.422775279716
 20
7816.750476851046
 10
35570.84596883823
 20
7816.750476851046
 10
35646.76356791802
 20
7737.887983353563
 10
35646.76356791802
 20
6200.069360152589
 10
35570.84596883823
 20
6121.206866655105
 10
35001.463975739825
 20
6121.206866655105
 10
34925.54637666004
 20
6200.069360152589
 10
34925.54637666004
 20
7737.887983353563
  0
LWPOLYLINE
  5
90
330
17
100
AcDbEntity
  8
RASTER_CONTOURS
100
AcDbPolyline
 90
8
 70
1
 10
34128.41158632228
 20
7816.750476851046
 10
34659.83477988079
 20
7816.750476851046
 10
34773.71117850047
 20
7737.887983353563
 10
34773.71117850047
 20
6200.069360152589
 10
34697.79357942068
 20
6121.206866655105
 10
34128.41158632228
 20
6121.206866655105
 10
34052.493987242495
 20
6239.5006069013325
 10
34052.493987242495
 20
7698.456736604819
  0
LWPOLYLINE
  5
91
330
17
100
AcDbEntity
  8
RASTER_CONTOURS
100
AcDbPolyline
 90
8
 70
1
 10
33293.317996444624
 20
7816.750476851046
 10
33824.74119000314
 20
7816.750476851046
 10
33938.617588622816
 20
7698.456736604819
 10
33938.617588622816
 20
6239.5006069013325
 10
33862.69998954303
 20
6121.206866655105
 10
33293.317996444624
 20
6121.206866655105
 10
33217.40039736484
 20
6200.069360152589
 10
33217.40039736484
 20
7737.887983353563
  0
LWPOLYLINE
  5
92
330
17
100
AcDbEntity
  8
RASTER_CONTOURS
100
AcDbPolyline
 90
11
 70
1
 10
32420.265607027082
 20
7816.750476851046
 10
32989.64760012548
 20
7816.750476851046
 10
33065.565199205266
 20
7737.887983353563
 10
33065.565199205266
 20
6200.069360152589
 10
32989.64760012548
 20
6121.206866655105
 10
32875.7712015058
 20
6200.069360152589
 10
32875.7712015058
 20
6633.813074388763
 10
32837.81240196591
 20
6712.675567886246
 10
32458.224406566977
 20
6712.675567886246
 10
32344.348007947297
 20
6830.969308132474
 10
32344.348007947297
 20
7737.887983353563
  0
LWPOLYLINE
  5
93
330
17
100
AcDbEntity
  8
RASTER_CONTOURS
100
AcDbPolyline
 90
15
 70
1
 10
31623.130816689318
 20
7816.750476851046
 10
32154.554010247826
 20
7816.750476851046
 10
32230.47160932761
 20
7737.887983353563
 10
32230.47160932761
 20
7028.125541876189
 10
32154.554010247826
 20
6949.263048378706
 10
31585.17201714943
 20
6949.263048378706
 10
31547.213217609533
 20
6988.694295127445
 10
31547.213217609533
 20
7264.713022368649
 10
31509.25441806964
 20
7304.144269117388
 10
31547.213217609533
 20
7343.575515866132
 10
31547.213217609533
 20
7461.86925611236
 10
31509.25441806964
 20
7501.300502861103
 10
31547.213217609533
 20
7540.731749609848
 10
31509.25441806964
 20
7580.162996358591
 10
31509.25441806964
 20
7698.456736604819
  0
LWPOLYLINE
  5
94
330
17
100
AcDbEntity
  8
RASTER_CONTOURS
100
AcDbPolyline
 90
13
 70
1
 10
46313.18623862803
 20
7974.475463846017
 10
46768.69183310676
 20
7974.475463846017
 10
46882.56823172644
 20
7895.612970348534
 10
46882.56823172644
 20
6357.79434714756
 10
46806.65063264666
 20
6278.931853650077
 10
46313.18623862803
 20
6278.931853650077
 10
46275.22743908815
 20
6318.36310039882
 10
46275.22743908815
 20
6476.088087393792
 10
46237.26863954826
 20
6515.519334142531
 10
46275.22743908815
 20
6554.950580891275
 10
46237.26863954826
 20
7106.988035373677
 10
46275.22743908815
 20
7146.419282122417
 10
46275.22743908815
 20
7935.044217097274
  0
LWPOLYLINE
  5
95
330
17
100
AcDbEntity
  8
RASTER_CONTOURS
100
AcDbPolyline
 90
8
 70
1
 10
45554.01024783018
 20
7974.475463846017
 10
46009.515842308894
 20
7974.475463846017
 10
46123.392240928566
 20
7856.1817235997905
 10
46123.392240928566
 20
6357.79434714756
 10
46047.474641848785
 20
6278.931853650077
 10
45554.01024783018
 20
6278.931853650077
 10
45478.09264875038
 20
6357.79434714756
 10
45478.09264875038
 20
7895.612970348534
  0
LWPOLYLINE
  5
96
330
17
100
AcDbEntity
  8
RASTER_CONTOURS
100
AcDbPolyline
 90
6
 70
1
 10
21108.543344138867
 20
7974.475463846017
 10
21146.502143678757
 20
7935.044217097274
 10
21146.502143678757
 20
6949.263048378706
 10
21108.543344138867
 20
6909.831801629962
 10
21070.584544598973
 20
6949.263048378706
 10
21070.584544598973
 20
7935.044217097274
  0
LWPOLYLINE
  5
97
330
17
100
AcDbEntity
  8
RASTER_CONTOURS
100
AcDbPolyline
 90
2
 70
1
 10
4938.0947401443045
 20
8092.769204092249
 10
4938.0947401443045
 20
7461.86925611236
  0
LWPOLYLINE
  5
98
330
17
100
AcDbEntity
  8
RASTER_CONTOURS
100
AcDbPolyline
 90
12
 70
1
 10
49236.013803199836
 20
8171.6316975897325
 10
49311.93140227961
 20
8092.769204092249
 10
49311.93140227961
 20
7501.300502861103
 10
49273.97260273972
 20
7461.86925611236
 10
49273.97260273972
 20
7264.713022368649
 10
49198.055003659945
 20
7225.281775619905
 10
49122.13740458014
 20
7304.144269117388
 10
48590.714211021645
 20
7304.144269117388
 10
48514.79661194185
 20
7422.43800936362
 10
48514.79661194185
 20
8013.9067105947615
 10
48590.714211021645
 20
8092.769204092249
 10
49122.13740458014
 20
8092.769204092249
  0
LWPOLYLINE
  5
99
330
17
100
AcDbEntity
  8
RASTER_CONTOURS
100
AcDbPolyline
 90
7
 70
1
 10
51247.830178814176
 20
8289.92543783596
 10
50982.11858203493
 20
8132.200450840989
 10
50982.11858203493
 20
7580.162996358591
 10
51020.07738157482
 20
7501.300502861103
 10
51020.07738157482
 20
7974.475463846017
 10
51209.871379274286
 20
8132.200450840989
 10
51285.78897835407
 20
8092.769204092249
  0
LWPOLYLINE
  5
9A
330
17
100
AcDbEntity
  8
RASTER_CONTOURS
100
AcDbPolyline
 90
12
 70
1
 10
51589.45937467322
 20
8644.806658574647
 10
51627.41817421311
 20
8605.375411825902
 10
51627.41817421311
 20
7383.006762614876
 10
51589.45937467322
 20
7343.575515866132
 10
51513.541775593425
 20
7501.300502861103
 10
51399.66537697375
 20
7501.300502861103
 10
51323.74777789396
 20
7580.162996358591
 10
51323.74777789396
 20
7777.319230102302
 10
51399.66537697375
 20
7856.1817235997905
 10
51513.541775593425
 20
7856.1817235997905
 10
51551.500575133316
 20
7895.612970348534
 10
51551.500575133316
 20
8605.375411825902
  0
LWPOLYLINE
  5
9B
330
17
100
AcDbEntity
  8
RASTER_CONTOURS
100
AcDbPolyline
 90
14
 70
1
 10
40277.737111785
 20
8605.375411825902
 10
40353.654710864794
 20
8644.806658574647
 10
40391.613510404684
 20
8605.375411825902
 10
41074.87190212276
 20
8605.375411825902
 10
41112.83070166265
 20
8565.944165077164
 10
41150.78950120254
 20
8408.219178082192
 10
41036.91310258287
 20
8132.200450840989
 10
41036.91310258287
 20
7816.750476851046
 10
41150.78950120254
 20
7619.594243107331
 10
41188.74830074245
 20
7185.85052887116
 10
41074.87190212276
 20
7067.556788624934
 10
40277.737111785
 20
7067.556788624934
 10
40201.81951270522
 20
7146.419282122417
 10
40201.81951270522
 20
8487.081671579675
  0
LWPOLYLINE
  5
9C
330
17
100
AcDbEntity
  8
RASTER_CONTOURS
100
AcDbPolyline
 90
12
 70
1
 10
39480.602321447244
 20
8644.806658574647
 10
39898.14911638606
 20
8644.806658574647
 10
40087.94311408552
 20
8526.512918328419
 10
40087.94311408552
 20
7067.556788624934
 10
39974.06671546586
 20
6949.263048378706
 10
39442.64352190735
 20
6949.263048378706
 10
39366.72592282756
 20
7028.125541876189
 10
39366.72592282756
 20
7777.319230102302
 10
39328.76712328767
 20
7816.750476851046
 10
39328.76712328767
 20
8092.769204092249
 10
39366.72592282756
 20
8132.200450840989
 10
39366.72592282756
 20
8565.944165077164
  0
LWPOLYLINE
  5
9D
330
17
100
AcDbEntity
  8
RASTER_CONTOURS
100
AcDbPolyline
 90
9
 70
1
 10
38607.549932029695
 20
8644.806658574647
 10
39138.9731255882
 20
8644.806658574647
 10
39214.89072466799
 20
8565.944165077164
 10
39214.89072466799
 20
7028.125541876189
 10
39138.9731255882
 20
6949.263048378706
 10
38645.508731569586
 20
6949.263048378706
 10
38569.591132489804
 20
6988.694295127445
 10
38493.673533410016
 20
7106.988035373677
 10
38493.673533410016
 20
8526.512918328419
  0
LWPOLYLINE
  5
9E
330
17
100
AcDbEntity
  8
RASTER_CONTOURS
100
AcDbPolyline
 90
10
 70
1
 10
37734.497542612145
 20
8644.806658574647
 10
38265.92073617065
 20
8644.806658574647
 10
38379.79713479034
 20
8526.512918328419
 10
38379.79713479034
 20
7067.556788624934
 10
38265.92073617065
 20
6949.263048378706
 10
37962.250339851504
 20
6949.263048378706
 10
37924.29154031161
 20
6988.694295127445
 10
37772.45634215204
 20
6949.263048378706
 10
37658.579943532364
 20
7067.556788624934
 10
37658.579943532364
 20
8526.512918328419
  0
LWPOLYLINE
  5
9F
330
17
100
AcDbEntity
  8
RASTER_CONTOURS
100
AcDbPolyline
 90
13
 70
1
 10
36899.403952734494
 20
8644.806658574647
 10
37430.827146293
 20
8644.806658574647
 10
37544.703544912685
 20
8487.081671579675
 10
37506.74474537279
 20
8447.650424830932
 10
37506.74474537279
 20
8329.356684584704
 10
37544.703544912685
 20
8289.92543783596
 10
37506.74474537279
 20
8171.6316975897325
 10
37506.74474537279
 20
7146.419282122417
 10
37544.703544912685
 20
7106.988035373677
 10
37468.78594583289
 20
6988.694295127445
 10
36899.403952734494
 20
6988.694295127445
 10
36823.486353654705
 20
7067.556788624934
 10
36823.486353654705
 20
8565.944165077164
  0
LWPOLYLINE
  5
A0
330
17
100
AcDbEntity
  8
RASTER_CONTOURS
100
AcDbPolyline
 90
23
 70
1
 10
31471.295618529744
 20
8487.081671579675
 10
31547.213217609533
 20
8644.806658574647
 10
33027.606399665376
 20
8644.806658574647
 10
33141.482798285055
 20
8565.944165077164
 10
33217.40039736484
 20
8644.806658574647
 10
34773.71117850047
 20
8644.806658574647
 10
34849.628777580256
 20
8565.944165077164
 10
34963.505176199935
 20
8644.806658574647
 10
35646.76356791802
 20
8644.806658574647
 10
35684.72236745791
 20
8605.375411825902
 10
35684.72236745791
 20
7974.475463846017
 10
35608.80476837812
 20
7895.612970348534
 10
34963.505176199935
 20
7895.612970348534
 10
34887.587577120146
 20
7974.475463846017
 10
34773.71117850047
 20
7895.612970348534
 10
33217.40039736484
 20
7895.612970348534
 10
33141.482798285055
 20
7974.475463846017
 10
33027.606399665376
 20
7895.612970348534
 10
31585.17201714943
 20
7895.612970348534
 10
31471.295618529744
 20
8013.9067105947615
 10
31509.25441806964
 20
8053.337957343506
 10
31471.295618529744
 20
8132.200450840989
 10
31509.25441806964
 20
8447.650424830932
  0
LWPOLYLINE
  5
A1
330
17
100
AcDbEntity
  8
RASTER_CONTOURS
100
AcDbPolyline
 90
21
 70
1
 10
30560.284429572308
 20
8684.23790532339
 10
31167.6252222106
 20
8684.23790532339
 10
31205.584021750492
 20
8644.806658574647
 10
31281.50162083028
 20
8684.23790532339
 10
31395.37801944996
 20
8605.375411825902
 10
31395.37801944996
 20
7698.456736604819
 10
31319.460420370175
 20
7580.162996358591
 10
31167.6252222106
 20
7580.162996358591
 10
31129.666422670707
 20
7619.594243107331
 10
31015.790024051028
 20
7619.594243107331
 10
30977.831224511134
 20
7580.162996358591
 10
30863.95482589145
 20
7580.162996358591
 10
30825.996026351557
 20
7619.594243107331
 10
30788.03722681167
 20
7580.162996358591
 10
30560.284429572308
 20
7580.162996358591
 10
30484.36683049252
 20
7659.025489856075
 10
30484.36683049252
 20
7777.319230102302
 10
30598.2432291122
 20
7974.475463846017
 10
30598.2432291122
 20
8171.6316975897325
 10
30484.36683049252
 20
8447.650424830932
 10
30484.36683049252
 20
8605.375411825902
  0
LWPOLYLINE
  5
A2
330
17
100
AcDbEntity
  8
RASTER_CONTOURS
100
AcDbPolyline
 90
17
 70
1
 10
23613.824113771825
 20
8684.23790532339
 10
24221.16490641012
 20
8684.23790532339
 10
24259.123705950013
 20
8644.806658574647
 10
24259.123705950013
 20
8526.512918328419
 10
24297.082505489907
 20
8487.081671579675
 10
24297.082505489907
 20
8013.9067105947615
 10
24259.123705950013
 20
7974.475463846017
 10
24297.082505489907
 20
7935.044217097274
 10
24297.082505489907
 20
7106.988035373677
 10
24221.16490641012
 20
6988.694295127445
 10
23613.824113771825
 20
6988.694295127445
 10
23575.86531423193
 20
7028.125541876189
 10
23575.86531423193
 20
7264.713022368649
 10
23537.90651469204
 20
7304.144269117388
 10
23537.90651469204
 20
7777.319230102302
 10
23575.86531423193
 20
7816.750476851046
 10
23537.90651469204
 20
8565.944165077164
  0
LWPOLYLINE
  5
A3
330
17
100
AcDbEntity
  8
RASTER_CONTOURS
100
AcDbPolyline
 90
8
 70
1
 10
22778.730523894174
 20
8684.23790532339
 10
23386.071316532467
 20
8684.23790532339
 10
23461.98891561225
 20
8605.375411825902
 10
23461.98891561225
 20
7067.556788624934
 10
23386.071316532467
 20
6988.694295127445
 10
22778.730523894174
 20
6988.694295127445
 10
22740.77172435428
 20
7028.125541876189
 10
22740.77172435428
 20
8644.806658574647
  0
LWPOLYLINE
  5
A4
330
17
100
AcDbEntity
  8
RASTER_CONTOURS
100
AcDbPolyline
 90
2
 70
1
 10
51247.830178814176
 20
8723.669152072134
 10
51247.830178814176
 20
8408.219178082192
  0
LWPOLYLINE
  5
A5
330
17
100
AcDbEntity
  8
RASTER_CONTOURS
100
AcDbPolyline
 90
10
 70
1
 10
5697.270730942172
 20
8841.962892318363
 10
5849.1059291017455
 20
8960.25663256459
 10
6000.941127261319
 20
8881.394139067106
 10
6152.776325420892
 20
8960.25663256459
 10
6380.529122660252
 20
8960.25663256459
 10
6456.446721740039
 20
8881.394139067106
 10
6418.4879222001455
 20
8763.100398820874
 10
6152.776325420892
 20
8763.100398820874
 10
6114.817525880998
 20
8802.531645569617
 10
5773.188330021959
 20
8763.100398820874
  0
LWPOLYLINE
  5
A6
330
17
100
AcDbEntity
  8
RASTER_CONTOURS
100
AcDbPolyline
 90
15
 70
1
 10
27523.580466380838
 20
9196.844113057048
 10
27637.456865000517
 20
9196.844113057048
 10
27675.41566454041
 20
9157.412866308305
 10
28055.003659939346
 20
9196.844113057048
 10
28282.756457178704
 20
9117.981619559561
 10
28320.7152567186
 20
8999.687879313333
 10
28320.7152567186
 20
8644.806658574647
 10
28206.83885809892
 20
8408.219178082192
 10
28206.83885809892
 20
8250.49419108722
 10
28320.7152567186
 20
8013.9067105947615
 10
28320.7152567186
 20
7935.044217097274
 10
28244.797657638814
 20
7856.1817235997905
 10
27485.621666840947
 20
7856.1817235997905
 10
27447.662867301053
 20
7895.612970348534
 10
27447.662867301053
 20
9117.981619559561
  0
LWPOLYLINE
  5
A7
330
17
100
AcDbEntity
  8
RASTER_CONTOURS
100
AcDbPolyline
 90
14
 70
1
 10
5545.435532782598
 20
9039.119126062078
 10
5545.435532782598
 20
9078.550372810816
 10
5659.311931402279
 20
9157.412866308305
 10
5659.311931402279
 20
9196.844113057048
 10
5545.435532782598
 20
9196.844113057048
 10
5507.476733242705
 20
9236.275359805788
 10
5545.435532782598
 20
9315.137853303277
 10
5621.353131862385
 20
9354.56910005202
 10
5887.064728641639
 20
9354.56910005202
 10
5962.9823277214255
 20
9275.706606554531
 10
5773.188330021959
 20
9157.412866308305
 10
5811.147129561852
 20
9078.550372810816
 10
5735.229530482065
 20
8999.687879313333
 10
5621.353131862385
 20
8960.25663256459
  0
LWPOLYLINE
  5
A8
330
17
100
AcDbEntity
  8
RASTER_CONTOURS
100
AcDbPolyline
 90
10
 70
1
 10
22702.812924814385
 20
9472.862840298247
 10
22740.77172435428
 20
9512.294087046992
 10
24259.123705950013
 20
9512.294087046992
 10
24335.041305029798
 20
9433.431593549503
 10
24335.041305029798
 20
8841.962892318363
 10
24145.247307330334
 20
8763.100398820874
 10
22968.524521593637
 20
8763.100398820874
 10
22930.565722053743
 20
8802.531645569617
 10
22816.689323434064
 20
8763.100398820874
 10
22702.812924814385
 20
8841.962892318363
  0
LWPOLYLINE
  5
A9
330
17
100
AcDbEntity
  8
RASTER_CONTOURS
100
AcDbPolyline
 90
12
 70
1
 10
26270.94008156436
 20
9551.725333795732
 10
26802.363275122865
 20
9551.725333795732
 10
26916.239673742544
 20
9354.56910005202
 10
26878.28087420265
 20
9315.137853303277
 10
26916.239673742544
 20
9275.706606554531
 10
26916.239673742544
 20
9157.412866308305
 10
26878.28087420265
 20
9117.981619559561
 10
26878.28087420265
 20
7895.612970348534
 10
26802.363275122865
 20
7816.750476851046
 10
26270.94008156436
 20
7856.1817235997905
 10
26195.022482484575
 20
7935.044217097274
 10
26195.022482484575
 20
9394.00034680076
  0
LWPOLYLINE
  5
AA
330
17
100
AcDbEntity
  8
RASTER_CONTOURS
100
AcDbPolyline
 90
8
 70
1
 10
25435.84649168671
 20
9551.725333795732
 10
26005.228484785104
 20
9551.725333795732
 10
26081.146083864896
 20
9472.862840298247
 10
26081.146083864896
 20
7935.044217097274
 10
26005.228484785104
 20
7856.1817235997905
 10
25435.84649168671
 20
7856.1817235997905
 10
25359.928892606917
 20
7935.044217097274
 10
25359.928892606917
 20
9472.862840298247
  0
LWPOLYLINE
  5
AB
330
17
100
AcDbEntity
  8
RASTER_CONTOURS
100
AcDbPolyline
 90
17
 70
1
 10
24486.87650318937
 20
9551.725333795732
 10
25094.217295827664
 20
9551.725333795732
 10
25132.17609536756
 20
9512.294087046992
 10
25132.17609536756
 20
8960.25663256459
 10
25170.134894907453
 20
8841.962892318363
 10
25132.17609536756
 20
8802.531645569617
 10
25132.17609536756
 20
7935.044217097274
 10
25094.217295827664
 20
7895.612970348534
 10
25132.17609536756
 20
7777.319230102302
 10
25132.17609536756
 20
6160.638113403849
 10
25094.217295827664
 20
6121.206866655105
 10
24486.87650318937
 20
6121.206866655105
 10
24410.958904109586
 20
6200.069360152589
 10
24410.958904109586
 20
7777.319230102302
 10
24448.917703649484
 20
7816.750476851046
 10
24410.958904109586
 20
7935.044217097274
 10
24410.958904109586
 20
9472.862840298247
  0
LWPOLYLINE
  5
AC
330
17
100
AcDbEntity
  8
RASTER_CONTOURS
100
AcDbPolyline
 90
19
 70
1
 10
22019.554533096307
 20
9591.156580544475
 10
22475.060127575027
 20
9591.156580544475
 10
22588.936526194706
 20
9512.294087046992
 10
22588.936526194706
 20
7935.044217097274
 10
22550.97772665481
 20
7895.612970348534
 10
22588.936526194706
 20
7777.319230102302
 10
22588.936526194706
 20
6200.069360152589
 10
22513.01892711492
 20
6121.206866655105
 10
21943.63693401652
 20
6121.206866655105
 10
21905.678134476624
 20
6160.638113403849
 10
21905.678134476624
 20
7067.556788624934
 10
21867.719334936734
 20
7185.85052887116
 10
21905.678134476624
 20
7225.281775619905
 10
21905.678134476624
 20
7777.319230102302
 10
21943.63693401652
 20
7895.612970348534
 10
21867.719334936734
 20
8132.200450840989
 10
21867.719334936734
 20
8368.787931333449
 10
21905.678134476624
 20
8408.219178082192
 10
21905.678134476624
 20
9512.294087046992
  0
LWPOLYLINE
  5
AD
330
17
100
AcDbEntity
  8
RASTER_CONTOURS
100
AcDbPolyline
 90
2
 70
1
 10
51247.830178814176
 20
9670.019074041962
 10
51247.830178814176
 20
9236.275359805788
  0
LWPOLYLINE
  5
AE
330
17
100
AcDbEntity
  8
RASTER_CONTOURS
100
AcDbPolyline
 90
20
 70
1
 10
47945.41461884346
 20
9709.450320790702
 10
48249.0850151626
 20
9709.450320790702
 10
48438.87901286207
 20
9591.156580544475
 10
48438.87901286207
 20
8092.769204092249
 10
48325.002614242396
 20
7974.475463846017
 10
48135.20861654293
 20
7974.475463846017
 10
48325.002614242396
 20
7974.475463846017
 10
48438.87901286207
 20
7856.1817235997905
 10
48438.87901286207
 20
6397.225593896304
 10
48400.92021332218
 20
6318.36310039882
 10
48287.04381470249
 20
6239.5006069013325
 10
47945.41461884346
 20
6239.5006069013325
 10
47793.57942068388
 20
6318.36310039882
 10
47793.57942068388
 20
7895.612970348534
 10
47907.45581930357
 20
7974.475463846017
 10
47945.41461884346
 20
7935.044217097274
 10
48021.33221792324
 20
7974.475463846017
 10
47793.57942068388
 20
8053.337957343506
 10
47793.57942068388
 20
9551.725333795732
 10
47831.53822022377
 20
9630.587827293219
  0
LWPOLYLINE
  5
AF
330
17
100
AcDbEntity
  8
RASTER_CONTOURS
100
AcDbPolyline
 90
16
 70
1
 10
47110.3210289658
 20
9709.450320790702
 10
47565.82662344452
 20
9709.450320790702
 10
47679.70302206421
 20
9591.156580544475
 10
47679.70302206421
 20
8132.200450840989
 10
47641.7442225243
 20
8053.337957343506
 10
47527.86782390463
 20
7974.475463846017
 10
47679.70302206421
 20
7856.1817235997905
 10
47641.7442225243
 20
6318.36310039882
 10
47603.78542298441
 20
6278.931853650077
 10
47072.36222942591
 20
6278.931853650077
 10
47034.40342988602
 20
6318.36310039882
 10
47034.40342988602
 20
7895.612970348534
 10
47110.3210289658
 20
7974.475463846017
 10
47186.23862804558
 20
7974.475463846017
 10
47034.40342988602
 20
8053.337957343506
 10
47034.40342988602
 20
9630.587827293219
  0
LWPOLYLINE
  5
B0
330
17
100
AcDbEntity
  8
RASTER_CONTOURS
100
AcDbPolyline
 90
10
 70
1
 10
46351.145038167924
 20
9709.450320790702
 10
46844.60943218655
 20
9709.450320790702
 10
46882.56823172644
 20
9670.019074041962
 10
46920.527031266334
 20
8920.825385815846
 10
46882.56823172644
 20
8881.394139067106
 10
46882.56823172644
 20
8053.337957343506
 10
46844.60943218655
 20
8013.9067105947615
 10
46313.18623862803
 20
8013.9067105947615
 10
46275.22743908815
 20
8053.337957343506
 10
46275.22743908815
 20
9630.587827293219
  0
LWPOLYLINE
  5
B1
330
17
100
AcDbEntity
  8
RASTER_CONTOURS
100
AcDbPolyline
 90
8
 70
1
 10
45554.01024783018
 20
9709.450320790702
 10
46047.474641848785
 20
9709.450320790702
 10
46123.392240928566
 20
9630.587827293219
 10
46123.392240928566
 20
8092.769204092249
 10
46047.474641848785
 20
8013.9067105947615
 10
45591.96904737007
 20
7974.475463846017
 10
45478.09264875038
 20
8092.769204092249
 10
45478.09264875038
 20
9591.156580544475
  0
LWPOLYLINE
  5
B2
330
17
100
AcDbEntity
  8
RASTER_CONTOURS
100
AcDbPolyline
 90
22
 70
1
 10
45212.38105197113
 20
9748.881567539447
 10
45364.21625013071
 20
9630.587827293219
 10
45364.21625013071
 20
8092.769204092249
 10
45288.298651050914
 20
8013.9067105947615
 10
44908.710655651994
 20
8013.9067105947615
 10
44908.710655651994
 20
7974.475463846017
 10
45136.46345289135
 20
7974.475463846017
 10
45174.42225243124
 20
8013.9067105947615
 10
45364.21625013071
 20
7895.612970348534
 10
45364.21625013071
 20
6357.79434714756
 10
45250.339851511024
 20
6278.931853650077
 10
44794.8342570323
 20
6278.931853650077
 10
44718.916657952526
 20
6357.79434714756
 10
44718.916657952526
 20
7895.612970348534
 10
44794.8342570323
 20
7974.475463846017
 10
44718.916657952526
 20
8092.769204092249
 10
44718.916657952526
 20
8171.6316975897325
 10
44756.87545749242
 20
8211.062944338477
 10
44908.710655651994
 20
8211.062944338477
 10
44946.669455191884
 20
8289.92543783596
 10
44946.669455191884
 20
9630.587827293219
 10
45098.50465335146
 20
9748.881567539447
  0
LWPOLYLINE
  5
B3
330
17
100
AcDbEntity
  8
RASTER_CONTOURS
100
AcDbPolyline
 90
16
 70
1
 10
44035.658266234444
 20
9748.881567539447
 10
44756.87545749242
 20
9748.881567539447
 10
44832.79305657219
 20
9670.019074041962
 10
44832.79305657219
 20
9354.56910005202
 10
44870.7518561121
 20
9315.137853303277
 10
44832.79305657219
 20
9196.844113057048
 10
44832.79305657219
 20
8408.219178082192
 10
44756.87545749242
 20
8329.356684584704
 10
44642.999058872745
 20
8329.356684584704
 10
44605.04025933283
 20
8368.787931333449
 10
44529.12266025305
 20
8329.356684584704
 10
44225.45226393391
 20
8329.356684584704
 10
43959.74066715465
 20
8487.081671579675
 10
43921.78186761476
 20
8565.944165077164
 10
43959.74066715465
 20
8605.375411825902
 10
43959.74066715465
 20
9670.019074041962
  0
LWPOLYLINE
  5
B4
330
17
100
AcDbEntity
  8
RASTER_CONTOURS
100
AcDbPolyline
 90
10
 70
1
 10
27523.580466380838
 20
9591.156580544475
 10
27675.41566454041
 20
9748.881567539447
 10
27751.333263620203
 20
9709.450320790702
 10
28130.921259019135
 20
9748.881567539447
 10
28244.797657638814
 20
9630.587827293219
 10
28206.83885809892
 20
9512.294087046992
 10
28244.797657638814
 20
9394.00034680076
 10
28130.921259019135
 20
9275.706606554531
 10
27675.41566454041
 20
9275.706606554531
 10
27523.580466380838
 20
9354.56910005202
  0
LWPOLYLINE
  5
B5
330
17
100
AcDbEntity
  8
RASTER_CONTOURS
100
AcDbPolyline
 90
5
 70
1
 10
5431.559134162919
 20
9709.450320790702
 10
5431.559134162919
 20
9591.156580544475
 10
5469.517933702812
 20
9551.725333795732
 10
5697.270730942172
 20
9551.725333795732
 10
5621.353131862385
 20
9630.587827293219
  0
LWPOLYLINE
  5
B6
330
17
100
AcDbEntity
  8
RASTER_CONTOURS
100
AcDbPolyline
 90
9
 70
1
 10
41416.50109798181
 20
9906.606554534417
 10
41454.4598975217
 20
9946.037801283162
 10
41720.17149430095
 20
9946.037801283162
 10
41758.13029384084
 20
9906.606554534417
 10
41758.13029384084
 20
9591.156580544475
 10
41606.29509568126
 20
9512.294087046992
 10
41530.377496601475
 20
9551.725333795732
 10
41454.4598975217
 20
9512.294087046992
 10
41416.50109798181
 20
9551.725333795732
  0
LWPOLYLINE
  5
B7
330
17
100
AcDbEntity
  8
RASTER_CONTOURS
100
AcDbPolyline
 90
8
 70
1
 10
30598.2432291122
 20
10024.900294780646
 10
30863.95482589145
 20
10024.900294780646
 10
30901.91362543135
 20
9985.469048031906
 10
30901.91362543135
 20
9670.019074041962
 10
30825.996026351557
 20
9591.156580544475
 10
30560.284429572308
 20
9591.156580544475
 10
30522.325630032414
 20
9630.587827293219
 10
30522.325630032414
 20
9946.037801283162
  0
LWPOLYLINE
  5
B8
330
17
100
AcDbEntity
  8
RASTER_CONTOURS
100
AcDbPolyline
 90
11
 70
1
 10
44035.658266234444
 20
10143.194035026878
 10
44187.49346439401
 20
10261.487775273104
 10
44680.957858412636
 20
10261.487775273104
 10
44756.87545749242
 20
10182.625281775616
 10
44756.87545749242
 20
9946.037801283162
 10
44642.999058872745
 20
9827.744061036934
 10
44605.04025933283
 20
9867.175307785674
 10
44491.16386071317
 20
9867.175307785674
 10
44453.20506117328
 20
9827.744061036934
 10
44073.617065774335
 20
9867.175307785674
 10
44035.658266234444
 20
9906.606554534417
  0
LWPOLYLINE
  5
B9
330
17
100
AcDbEntity
  8
RASTER_CONTOURS
100
AcDbPolyline
 90
13
 70
1
 10
40960.99550350307
 20
10537.506502514303
 10
40998.95430304298
 20
10576.937749263046
 10
41606.29509568126
 20
10576.937749263046
 10
41682.21269476106
 20
10498.07525576556
 10
41682.21269476106
 20
10379.781515519331
 10
41720.17149430095
 20
10340.350268770588
 10
41682.21269476106
 20
10261.487775273104
 10
41530.377496601475
 20
10143.194035026878
 10
41454.4598975217
 20
10182.625281775616
 10
41036.91310258287
 20
10182.625281775616
 10
40960.99550350307
 20
10261.487775273104
 10
40960.99550350307
 20
10419.212762268076
 10
40998.95430304298
 20
10458.64400901682
  0
LWPOLYLINE
  5
BA
330
17
100
AcDbEntity
  8
RASTER_CONTOURS
100
AcDbPolyline
 90
2
 70
1
 10
51247.830178814176
 20
10576.937749263046
 10
51247.830178814176
 20
10261.487775273104
  0
LWPOLYLINE
  5
BB
330
17
100
AcDbEntity
  8
RASTER_CONTOURS
100
AcDbPolyline
 90
10
 70
1
 10
30598.2432291122
 20
10616.368996011792
 10
30636.202028652093
 20
10655.80024276053
 10
31205.584021750492
 20
10655.80024276053
 10
31319.460420370175
 20
10576.937749263046
 10
31319.460420370175
 20
10261.487775273104
 10
31053.748823590922
 20
10182.625281775616
 10
30977.831224511134
 20
10222.056528524361
 10
30863.95482589145
 20
10182.625281775616
 10
30636.202028652093
 20
10222.056528524361
 10
30598.2432291122
 20
10261.487775273104
  0
LWPOLYLINE
  5
BC
330
17
100
AcDbEntity
  8
RASTER_CONTOURS
100
AcDbPolyline
 90
19
 70
1
 10
28320.7152567186
 20
10852.956476504245
 10
28472.550454878176
 20
10852.956476504245
 10
28548.468053957957
 20
10774.093983006762
 10
28548.468053957957
 20
10103.762788278133
 10
28510.50925441807
 20
10064.33154152939
 10
28548.468053957957
 20
9946.037801283162
 10
28510.50925441807
 20
9827.744061036934
 10
28548.468053957957
 20
9788.31281428819
 10
28510.50925441807
 20
9670.019074041962
 10
28548.468053957957
 20
9551.725333795732
 10
28548.468053957957
 20
9039.119126062078
 10
28510.50925441807
 20
8999.687879313333
 10
28396.63285579839
 20
8999.687879313333
 10
28358.674056258493
 20
9039.119126062078
 10
28358.674056258493
 20
9748.881567539447
 10
28396.63285579839
 20
9827.744061036934
 10
28244.797657638814
 20
9985.469048031906
 10
28282.756457178704
 20
10064.33154152939
 10
28282.756457178704
 20
10813.525229755502
  0
LWPOLYLINE
  5
BD
330
17
100
AcDbEntity
  8
RASTER_CONTOURS
100
AcDbPolyline
 90
9
 70
1
 10
39252.84952420788
 20
10931.818970001734
 10
39860.19031684618
 20
10931.818970001734
 10
39898.14911638606
 20
10892.38772325299
 10
39898.14911638606
 20
9275.706606554531
 10
39860.19031684618
 20
9236.275359805788
 10
39442.64352190735
 20
9236.275359805788
 10
39328.76712328767
 20
9196.844113057048
 10
39176.9319251281
 20
9315.137853303277
 10
39176.9319251281
 20
10852.956476504245
  0
LWPOLYLINE
  5
BE
330
17
100
AcDbEntity
  8
RASTER_CONTOURS
100
AcDbPolyline
 90
11
 70
1
 10
51589.45937467322
 20
10971.250216750474
 10
51665.376973753
 20
10774.093983006762
 10
51665.376973753
 20
10576.937749263046
 10
51627.41817421311
 20
10537.506502514303
 10
51665.376973753
 20
8802.531645569617
 10
51627.41817421311
 20
8763.100398820874
 10
51551.500575133316
 20
8802.531645569617
 10
51551.500575133316
 20
9709.450320790702
 10
51513.541775593425
 20
9748.881567539447
 10
51551.500575133316
 20
9867.175307785674
 10
51551.500575133316
 20
10931.818970001734
  0
LWPOLYLINE
  5
BF
330
17
100
AcDbEntity
  8
RASTER_CONTOURS
100
AcDbPolyline
 90
16
 70
1
 10
40163.860713165326
 20
10971.250216750474
 10
40239.77831224511
 20
10931.818970001734
 10
40695.283906723824
 20
10931.818970001734
 10
40733.242706263714
 20
10892.38772325299
 10
40733.242706263714
 20
9630.587827293219
 10
40771.20150580362
 20
9591.156580544475
 10
40733.242706263714
 20
9551.725333795732
 10
40733.242706263714
 20
9275.706606554531
 10
40695.283906723824
 20
9236.275359805788
 10
40467.531109484466
 20
9236.275359805788
 10
40429.572309944575
 20
9196.844113057048
 10
40391.613510404684
 20
9236.275359805788
 10
40087.94311408552
 20
9236.275359805788
 10
40012.02551500575
 20
9315.137853303277
 10
40012.02551500575
 20
10774.093983006762
 10
40049.98431454563
 20
10892.38772325299
  0
LWPOLYLINE
  5
C0
330
17
100
AcDbEntity
  8
RASTER_CONTOURS
100
AcDbPolyline
 90
11
 70
1
 10
38493.673533410016
 20
10971.250216750474
 10
38911.22032834884
 20
10971.250216750474
 10
39063.05552650841
 20
10852.956476504245
 10
39063.05552650841
 20
10616.368996011792
 10
39025.09672696852
 20
10576.937749263046
 10
39063.05552650841
 20
10537.506502514303
 10
39063.05552650841
 20
9354.56910005202
 10
38987.13792742862
 20
9236.275359805788
 10
38417.75593433023
 20
9236.275359805788
 10
38341.83833525044
 20
9315.137853303277
 10
38341.83833525044
 20
10852.956476504245
  0
LWPOLYLINE
  5
C1
330
17
100
AcDbEntity
  8
RASTER_CONTOURS
100
AcDbPolyline
 90
13
 70
1
 10
37620.62114399247
 20
10971.250216750474
 10
37696.538743072255
 20
10931.818970001734
 10
38152.04433755097
 20
10931.818970001734
 10
38227.96193663076
 20
10813.525229755502
 10
38227.96193663076
 20
10379.781515519331
 10
38190.00313709087
 20
10340.350268770588
 10
38227.96193663076
 20
9394.00034680076
 10
38152.04433755097
 20
9236.275359805788
 10
37544.703544912685
 20
9236.275359805788
 10
37506.74474537279
 20
9275.706606554531
 10
37506.74474537279
 20
9472.862840298247
 10
37468.78594583289
 20
9512.294087046992
 10
37506.74474537279
 20
10892.38772325299
  0
LWPOLYLINE
  5
C2
330
17
100
AcDbEntity
  8
RASTER_CONTOURS
100
AcDbPolyline
 90
12
 70
1
 10
36747.568754574924
 20
10971.250216750474
 10
37241.03314859353
 20
10971.250216750474
 10
37354.90954721321
 20
10892.38772325299
 10
37354.90954721321
 20
9315.137853303277
 10
37241.03314859353
 20
9236.275359805788
 10
36747.568754574924
 20
9236.275359805788
 10
36671.651155495136
 20
9315.137853303277
 10
36671.651155495136
 20
9433.431593549503
 10
36633.69235595524
 20
9472.862840298247
 10
36633.69235595524
 20
10261.487775273104
 10
36671.651155495136
 20
10300.919022021848
 10
36671.651155495136
 20
10892.38772325299
  0
LWPOLYLINE
  5
C3
330
17
100
AcDbEntity
  8
RASTER_CONTOURS
100
AcDbPolyline
 90
8
 70
1
 10
35001.463975739825
 20
10971.250216750474
 10
35570.84596883823
 20
10971.250216750474
 10
35646.76356791802
 20
10892.38772325299
 10
35646.76356791802
 20
9315.137853303277
 10
35570.84596883823
 20
9236.275359805788
 10
35077.381574819614
 20
9236.275359805788
 10
34925.54637666004
 20
9354.56910005202
 10
34925.54637666004
 20
10892.38772325299
  0
LWPOLYLINE
  5
C4
330
17
100
AcDbEntity
  8
RASTER_CONTOURS
100
AcDbPolyline
 90
19
 70
1
 10
34128.41158632228
 20
10971.250216750474
 10
34697.79357942068
 20
10971.250216750474
 10
34773.71117850047
 20
10892.38772325299
 10
34811.66997804036
 20
10774.093983006762
 10
34811.66997804036
 20
10300.919022021848
 10
34773.71117850047
 20
10182.625281775616
 10
34811.66997804036
 20
10103.762788278133
 10
34773.71117850047
 20
10064.33154152939
 10
34773.71117850047
 20
9315.137853303277
 10
34621.8759803409
 20
9236.275359805788
 10
34356.16438356164
 20
9236.275359805788
 10
34318.20558402174
 20
9275.706606554531
 10
34242.28798494196
 20
9236.275359805788
 10
34090.452786782385
 20
9315.137853303277
 10
34090.452786782385
 20
9433.431593549503
 10
34052.493987242495
 20
9472.862840298247
 10
34052.493987242495
 20
9906.606554534417
 10
34090.452786782385
 20
9946.037801283162
 10
34090.452786782385
 20
10931.818970001734
  0
LWPOLYLINE
  5
C5
330
17
100
AcDbEntity
  8
RASTER_CONTOURS
100
AcDbPolyline
 90
13
 70
1
 10
33293.317996444624
 20
10971.250216750474
 10
33862.69998954303
 20
10971.250216750474
 10
33938.617588622816
 20
10892.38772325299
 10
33938.617588622816
 20
9354.56910005202
 10
33862.69998954303
 20
9275.706606554531
 10
33710.86479138346
 20
9275.706606554531
 10
33672.90599184356
 20
9236.275359805788
 10
33559.02959322388
 20
9275.706606554531
 10
33521.07079368398
 20
9236.275359805788
 10
33483.11199414409
 20
9275.706606554531
 10
33255.359196904734
 20
9275.706606554531
 10
33217.40039736484
 20
9315.137853303277
 10
33217.40039736484
 20
10892.38772325299
  0
LWPOLYLINE
  5
C6
330
17
100
AcDbEntity
  8
RASTER_CONTOURS
100
AcDbPolyline
 90
10
 70
1
 10
32420.265607027082
 20
10971.250216750474
 10
33027.606399665376
 20
10971.250216750474
 10
33103.523998745164
 20
10852.956476504245
 10
33103.523998745164
 20
9670.019074041962
 10
33065.565199205266
 20
9630.587827293219
 10
33065.565199205266
 20
9315.137853303277
 10
33027.606399665376
 20
9275.706606554531
 10
32420.265607027082
 20
9275.706606554531
 10
32344.348007947297
 20
9354.56910005202
 10
32344.348007947297
 20
10892.38772325299
  0
LWPOLYLINE
  5
C7
330
17
100
AcDbEntity
  8
RASTER_CONTOURS
100
AcDbPolyline
 90
13
 70
1
 10
31623.130816689318
 20
10971.250216750474
 10
32192.51280978772
 20
10971.250216750474
 10
32230.47160932761
 20
10931.818970001734
 10
32230.47160932761
 20
9315.137853303277
 10
32078.63641116804
 20
9236.275359805788
 10
32040.677611628147
 20
9275.706606554531
 10
31812.92481438879
 20
9275.706606554531
 10
31737.007215309
 20
9236.275359805788
 10
31547.213217609533
 20
9315.137853303277
 10
31547.213217609533
 20
10576.937749263046
 10
31509.25441806964
 20
10616.368996011792
 10
31547.213217609533
 20
10655.80024276053
 10
31547.213217609533
 20
10892.38772325299
  0
LWPOLYLINE
  5
C8
330
17
100
AcDbEntity
  8
RASTER_CONTOURS
100
AcDbPolyline
 90
8
 70
1
 10
44073.617065774335
 20
11010.681463499217
 10
44149.534664854116
 20
11089.543956996706
 10
44642.999058872745
 20
11089.543956996706
 10
44756.87545749242
 20
10971.250216750474
 10
44756.87545749242
 20
10774.093983006762
 10
44680.957858412636
 20
10695.231489509275
 10
44111.575865314226
 20
10695.231489509275
 10
44073.617065774335
 20
10734.662736258018
  0
LWPOLYLINE
  5
C9
330
17
100
AcDbEntity
  8
RASTER_CONTOURS
100
AcDbPolyline
 90
16
 70
1
 10
26916.239673742544
 20
10971.250216750474
 10
27030.116072362227
 20
11089.543956996706
 10
28055.003659939346
 20
11089.543956996706
 10
28168.880058559025
 20
10931.818970001734
 10
28168.880058559025
 20
10261.487775273104
 10
28130.921259019135
 20
10222.056528524361
 10
28130.921259019135
 20
10103.762788278133
 10
28092.96245947924
 20
10064.33154152939
 10
27599.498065460626
 20
10064.33154152939
 10
27523.580466380838
 20
10182.625281775616
 10
26992.157272822336
 20
10182.625281775616
 10
26916.239673742544
 20
10261.487775273104
 10
26916.239673742544
 20
10695.231489509275
 10
26992.157272822336
 20
10774.093983006762
 10
27106.033671442015
 20
10774.093983006762
 10
26992.157272822336
 20
10813.525229755502
  0
LWPOLYLINE
  5
CA
330
17
100
AcDbEntity
  8
RASTER_CONTOURS
100
AcDbPolyline
 90
8
 70
1
 10
22702.812924814385
 20
11050.11271024796
 10
22778.730523894174
 20
11128.975203745444
 10
24183.206106870228
 20
11128.975203745444
 10
24335.041305029798
 20
11050.11271024796
 10
24335.041305029798
 20
10458.64400901682
 10
24259.123705950013
 20
10379.781515519331
 10
22778.730523894174
 20
10379.781515519331
 10
22702.812924814385
 20
10458.64400901682
  0
LWPOLYLINE
  5
CB
330
17
100
AcDbEntity
  8
RASTER_CONTOURS
100
AcDbPolyline
 90
6
 70
1
 10
21677.925337237266
 20
11168.406450494189
 10
21791.801735856945
 20
11089.543956996706
 10
21791.801735856945
 20
8841.962892318363
 10
21715.88413677716
 20
8763.100398820874
 10
21639.966537697375
 20
8802.531645569617
 10
21639.966537697375
 20
11128.975203745444
  0
LWPOLYLINE
  5
CC
330
17
100
AcDbEntity
  8
RASTER_CONTOURS
100
AcDbPolyline
 90
9
 70
1
 10
49236.013803199836
 20
11444.425177735387
 10
49273.97260273972
 20
11404.993930986648
 10
49273.97260273972
 20
9788.31281428819
 10
49236.013803199836
 20
9748.881567539447
 10
49198.055003659945
 20
9788.31281428819
 10
49198.055003659945
 20
10340.350268770588
 10
49160.09620412003
 20
10379.781515519331
 10
49198.055003659945
 20
10498.07525576556
 10
49198.055003659945
 20
11404.993930986648
  0
LWPOLYLINE
  5
CD
330
17
100
AcDbEntity
  8
RASTER_CONTOURS
100
AcDbPolyline
 90
16
 70
1
 10
26992.157272822336
 20
11444.425177735387
 10
27030.116072362227
 20
11483.856424484131
 10
27030.116072362227
 20
11641.581411479103
 10
27106.033671442015
 20
11720.44390497659
 10
27979.08606085956
 20
11720.44390497659
 10
28055.003659939346
 20
11641.581411479103
 10
28017.044860399456
 20
11602.150164730358
 10
28055.003659939346
 20
11562.71891798162
 10
28055.003659939346
 20
11326.131437489159
 10
27941.127261319667
 20
11207.837697242932
 10
27333.786468681374
 20
11207.837697242932
 10
27257.868869601585
 20
11168.406450494189
 10
27219.910070061695
 20
11207.837697242932
 10
27106.033671442015
 20
11207.837697242932
 10
27030.116072362227
 20
11286.700190740416
 10
27030.116072362227
 20
11404.993930986648
  0
LWPOLYLINE
  5
CE
330
17
100
AcDbEntity
  8
RASTER_CONTOURS
100
AcDbPolyline
 90
7
 70
1
 10
25701.55808846596
 20
11681.012658227846
 10
25587.681689846282
 20
11681.012658227846
 10
25511.764090766494
 20
11562.71891798162
 10
25511.764090766494
 20
11483.856424484131
 10
25587.681689846282
 20
11404.993930986648
 10
25625.640489386173
 20
11404.993930986648
 10
25625.640489386173
 20
11641.581411479103
  0
LWPOLYLINE
  5
CF
330
17
100
AcDbEntity
  8
RASTER_CONTOURS
100
AcDbPolyline
 90
12
 70
1
 10
40998.95430304298
 20
11799.306398474073
 10
41682.21269476106
 20
11799.306398474073
 10
41796.08909338073
 20
11720.44390497659
 10
41796.08909338073
 20
11523.287671232874
 10
41682.21269476106
 20
11207.837697242932
 10
41720.17149430095
 20
10971.250216750474
 10
41796.08909338073
 20
10892.38772325299
 10
41796.08909338073
 20
10774.093983006762
 10
41720.17149430095
 20
10695.231489509275
 10
40960.99550350307
 20
10695.231489509275
 10
40885.07790442329
 20
10813.525229755502
 10
40885.07790442329
 20
11720.44390497659
  0
LWPOLYLINE
  5
D0
330
17
100
AcDbEntity
  8
RASTER_CONTOURS
100
AcDbPolyline
 90
32
 70
1
 10
36595.73355641535
 20
11681.012658227846
 10
36709.609955035026
 20
11799.306398474073
 10
37278.99194813343
 20
11799.306398474073
 10
37430.827146293
 20
11681.012658227846
 10
37544.703544912685
 20
11799.306398474073
 10
38987.13792742862
 20
11799.306398474073
 10
39138.9731255882
 20
11681.012658227846
 10
39328.76712328767
 20
11799.306398474073
 10
39442.64352190735
 20
11799.306398474073
 10
39480.602321447244
 20
11759.87515172533
 10
39670.396319146705
 20
11759.87515172533
 10
39708.35511868661
 20
11799.306398474073
 10
39784.272717766384
 20
11759.87515172533
 10
40733.242706263714
 20
11759.87515172533
 10
40771.20150580362
 20
11720.44390497659
 10
40771.20150580362
 20
11089.543956996706
 10
40657.32510718393
 20
11010.681463499217
 10
39328.76712328767
 20
11010.681463499217
 10
39290.80832374778
 20
11050.11271024796
 10
39176.9319251281
 20
11050.11271024796
 10
39138.9731255882
 20
11128.975203745444
 10
38987.13792742862
 20
11010.681463499217
 10
38873.261528808944
 20
11050.11271024796
 10
38569.591132489804
 20
11050.11271024796
 10
38531.63233294991
 20
11010.681463499217
 10
38417.75593433023
 20
11010.681463499217
 10
38379.79713479034
 20
11050.11271024796
 10
37506.74474537279
 20
11050.11271024796
 10
37430.827146293
 20
11128.975203745444
 10
37316.95074767332
 20
11050.11271024796
 10
36671.651155495136
 20
11050.11271024796
 10
36595.73355641535
 20
11128.975203745444
  0
LWPOLYLINE
  5
D1
330
17
100
AcDbEntity
  8
RASTER_CONTOURS
100
AcDbPolyline
 90
26
 70
1
 10
31509.25441806964
 20
11720.44390497659
 10
31585.17201714943
 20
11799.306398474073
 10
32002.718812088253
 20
11799.306398474073
 10
32040.677611628147
 20
11838.737645222818
 10
32761.89480288612
 20
11838.737645222818
 10
32799.85360242601
 20
11799.306398474073
 10
32837.81240196591
 20
11838.737645222818
 10
32989.64760012548
 20
11838.737645222818
 10
33103.523998745164
 20
11759.87515172533
 10
33217.40039736484
 20
11799.306398474073
 10
34811.66997804036
 20
11799.306398474073
 10
34849.628777580256
 20
11759.87515172533
 10
34925.54637666004
 20
11799.306398474073
 10
35646.76356791802
 20
11799.306398474073
 10
35684.72236745791
 20
11759.87515172533
 10
35684.72236745791
 20
11128.975203745444
 10
35608.80476837812
 20
11050.11271024796
 10
34963.505176199935
 20
11050.11271024796
 10
34887.587577120146
 20
11128.975203745444
 10
34735.75237896058
 20
11050.11271024796
 10
33255.359196904734
 20
11050.11271024796
 10
33217.40039736484
 20
11089.543956996706
 10
33065.565199205266
 20
11089.543956996706
 10
33027.606399665376
 20
11050.11271024796
 10
31585.17201714943
 20
11050.11271024796
 10
31509.25441806964
 20
11128.975203745444
  0
LWPOLYLINE
  5
D2
330
17
100
AcDbEntity
  8
RASTER_CONTOURS
100
AcDbPolyline
 90
15
 70
1
 10
30560.284429572308
 20
11838.737645222818
 10
31319.460420370175
 20
11838.737645222818
 10
31395.37801944996
 20
11759.87515172533
 10
31395.37801944996
 20
10813.525229755502
 10
31319.460420370175
 20
10734.662736258018
 10
31281.50162083028
 20
10774.093983006762
 10
31167.6252222106
 20
10734.662736258018
 10
31129.666422670707
 20
10774.093983006762
 10
30598.2432291122
 20
10774.093983006762
 10
30560.284429572308
 20
10734.662736258018
 10
30522.325630032414
 20
10774.093983006762
 10
30484.36683049252
 20
10931.818970001734
 10
30598.2432291122
 20
11128.975203745444
 10
30598.2432291122
 20
11365.562684237904
 10
30484.36683049252
 20
11720.44390497659
  0
LWPOLYLINE
  5
D3
330
17
100
AcDbEntity
  8
RASTER_CONTOURS
100
AcDbPolyline
 90
6
 70
1
 10
51589.45937467322
 20
11878.168891971562
 10
51627.41817421311
 20
11838.737645222818
 10
51627.41817421311
 20
11326.131437489159
 10
51589.45937467322
 20
11286.700190740416
 10
51551.500575133316
 20
11326.131437489159
 10
51551.500575133316
 20
11838.737645222818
  0
LWPOLYLINE
  5
D4
330
17
100
AcDbEntity
  8
RASTER_CONTOURS
100
AcDbPolyline
 90
5
 70
1
 10
51209.871379274286
 20
11838.737645222818
 10
51209.871379274286
 20
10774.093983006762
 10
51209.871379274286
 20
11365.562684237904
 10
51247.830178814176
 20
11404.993930986648
 10
51209.871379274286
 20
11444.425177735387
  0
LWPOLYLINE
  5
D5
330
17
100
AcDbEntity
  8
RASTER_CONTOURS
100
AcDbPolyline
 90
6
 70
1
 10
21108.543344138867
 20
11878.168891971562
 10
21146.502143678757
 20
11838.737645222818
 10
21146.502143678757
 20
11207.837697242932
 10
21108.543344138867
 20
11168.406450494189
 10
21070.584544598973
 20
11207.837697242932
 10
21070.584544598973
 20
11838.737645222818
  0
LWPOLYLINE
  5
D6
330
17
100
AcDbEntity
  8
RASTER_CONTOURS
100
AcDbPolyline
 90
14
 70
1
 10
25359.928892606917
 20
11838.737645222818
 10
25511.764090766494
 20
11917.600138720301
 10
26612.5692774234
 20
11878.168891971562
 10
26688.486876503186
 20
11799.306398474073
 10
26688.486876503186
 20
11207.837697242932
 10
26650.528076963292
 20
11128.975203745444
 10
26460.734079263828
 20
10971.250216750474
 10
26384.81648018404
 20
11010.681463499217
 10
26195.022482484575
 20
11010.681463499217
 10
26081.146083864896
 20
11128.975203745444
 10
25435.84649168671
 20
11128.975203745444
 10
25359.928892606917
 20
11207.837697242932
 10
25359.928892606917
 20
11365.562684237904
 10
25321.97009306703
 20
11404.993930986648
  0
LWPOLYLINE
  5
D7
330
17
100
AcDbEntity
  8
RASTER_CONTOURS
100
AcDbPolyline
 90
16
 70
1
 10
50260.90139077694
 20
11838.737645222818
 10
50222.94259123705
 20
11759.87515172533
 10
50222.94259123705
 20
11404.993930986648
 10
50260.90139077694
 20
11365.562684237904
 10
50336.818989856736
 20
11404.993930986648
 10
50336.818989856736
 20
11720.44390497659
 10
50488.65418801631
 20
11838.737645222818
 10
50754.36578479557
 20
11799.306398474073
 10
50830.28338387534
 20
11641.581411479103
 10
50830.28338387534
 20
11404.993930986648
 10
50868.242183415234
 20
11365.562684237904
 10
50906.200982955124
 20
11404.993930986648
 10
50906.200982955124
 20
11799.306398474073
 10
50868.242183415234
 20
11878.168891971562
 10
50792.32458433545
 20
11917.600138720301
 10
50374.77778939663
 20
11917.600138720301
  0
LWPOLYLINE
  5
D8
330
17
100
AcDbEntity
  8
RASTER_CONTOURS
100
AcDbPolyline
 90
31
 70
1
 10
49615.60179859877
 20
11957.031385469045
 10
49577.64299905886
 20
11838.737645222818
 10
49615.60179859877
 20
11799.306398474073
 10
49577.64299905886
 20
11720.44390497659
 10
49577.64299905886
 20
11444.425177735387
 10
49615.60179859877
 20
11404.993930986648
 10
49615.60179859877
 20
11247.268943991676
 10
49577.64299905886
 20
11207.837697242932
 10
49577.64299905886
 20
10931.818970001734
 10
49615.60179859877
 20
10892.38772325299
 10
49615.60179859877
 20
9275.706606554531
 10
49577.64299905886
 20
9236.275359805788
 10
49615.60179859877
 20
9157.412866308305
 10
49577.64299905886
 20
9039.119126062078
 10
49577.64299905886
 20
7501.300502861103
 10
49615.60179859877
 20
7461.86925611236
 10
49615.60179859877
 20
7343.575515866132
 10
49577.64299905886
 20
7304.144269117388
 10
49615.60179859877
 20
7185.85052887116
 10
49615.60179859877
 20
6870.400554881218
 10
49577.64299905886
 20
6830.969308132474
 10
49577.64299905886
 20
3952.4882954742507
 10
49615.60179859877
 20
3913.0570487255063
 10
49463.766600439194
 20
3715.900814981791
 10
49501.725399979085
 20
3637.0383214843077
 10
49615.60179859877
 20
3715.900814981791
 10
49615.60179859877
 20
4583.388243454136
 10
49691.51939767855
 20
4662.250736951619
 10
49615.60179859877
 20
4819.975723946591
 10
49653.56059813866
 20
4859.406970695334
 10
49615.60179859877
 20
4938.269464192818
  0
LWPOLYLINE
  5
D9
330
17
100
AcDbEntity
  8
RASTER_CONTOURS
100
AcDbPolyline
 90
18
 70
1
 10
44149.534664854116
 20
12587.93133344893
 10
44794.8342570323
 20
12587.93133344893
 10
44832.79305657219
 20
12548.500086700187
 10
44832.79305657219
 20
12075.325125715271
 10
44870.7518561121
 20
12035.893878966534
 10
44832.79305657219
 20
11759.87515172533
 10
44870.7518561121
 20
11720.44390497659
 10
44870.7518561121
 20
11444.425177735387
 10
44794.8342570323
 20
11207.837697242932
 10
43997.699466694554
 20
11207.837697242932
 10
43959.74066715465
 20
11247.268943991676
 10
43959.74066715465
 20
11444.425177735387
 10
43921.78186761476
 20
11483.856424484131
 10
43959.74066715465
 20
11562.71891798162
 10
43959.74066715465
 20
12233.050112710243
 10
43921.78186761476
 20
12272.481359458987
 10
43959.74066715465
 20
12311.912606207732
 10
43959.74066715465
 20
12430.206346453959
  0
LWPOLYLINE
  5
DA
330
17
100
AcDbEntity
  8
RASTER_CONTOURS
100
AcDbPolyline
 90
24
 70
1
 10
31509.25441806964
 20
12706.225073695157
 10
31585.17201714943
 20
12785.087567192646
 10
33065.565199205266
 20
12785.087567192646
 10
33141.482798285055
 20
12706.225073695157
 10
33217.40039736484
 20
12785.087567192646
 10
34773.71117850047
 20
12785.087567192646
 10
34811.66997804036
 20
12745.656320443903
 10
34925.54637666004
 20
12785.087567192646
 10
35608.80476837812
 20
12785.087567192646
 10
35684.72236745791
 20
12706.225073695157
 10
35684.72236745791
 20
12272.481359458987
 10
35722.6811669978
 20
12233.050112710243
 10
35646.76356791802
 20
12075.325125715271
 10
34925.54637666004
 20
12075.325125715271
 10
34887.587577120146
 20
12193.618865961504
 10
34811.66997804036
 20
12075.325125715271
 10
33217.40039736484
 20
12075.325125715271
 10
33141.482798285055
 20
12193.618865961504
 10
33065.565199205266
 20
12075.325125715271
 10
31888.842413468574
 20
12075.325125715271
 10
31812.92481438879
 20
12035.893878966534
 10
31774.966014848895
 20
12075.325125715271
 10
31585.17201714943
 20
12075.325125715271
 10
31509.25441806964
 20
12154.18761921276
  0
LWPOLYLINE
  5
DB
330
17
100
AcDbEntity
  8
RASTER_CONTOURS
100
AcDbPolyline
 90
13
 70
1
 10
47907.45581930357
 20
12903.381307438873
 10
48362.96141378229
 20
12903.381307438873
 10
48438.87901286207
 20
12824.51881394139
 10
48438.87901286207
 20
11326.131437489159
 10
48325.002614242396
 20
11168.406450494189
 10
48211.12621562271
 20
11168.406450494189
 10
48173.16741608282
 20
11207.837697242932
 10
48135.20861654293
 20
11168.406450494189
 10
48021.33221792324
 20
11168.406450494189
 10
47983.37341838335
 20
11207.837697242932
 10
47907.45581930357
 20
11168.406450494189
 10
47793.57942068388
 20
11286.700190740416
 10
47793.57942068388
 20
12745.656320443903
  0
LWPOLYLINE
  5
DC
330
17
100
AcDbEntity
  8
RASTER_CONTOURS
100
AcDbPolyline
 90
8
 70
1
 10
46351.145038167924
 20
12903.381307438873
 10
46844.60943218655
 20
12903.381307438873
 10
46920.527031266334
 20
12785.087567192646
 10
46920.527031266334
 20
11404.993930986648
 10
46844.60943218655
 20
11207.837697242932
 10
46313.18623862803
 20
11207.837697242932
 10
46275.22743908815
 20
11247.268943991676
 10
46275.22743908815
 20
12824.51881394139
  0
LWPOLYLINE
  5
DD
330
17
100
AcDbEntity
  8
RASTER_CONTOURS
100
AcDbPolyline
 90
11
 70
1
 10
44794.8342570323
 20
12903.381307438873
 10
44870.7518561121
 20
12863.95006069013
 10
45288.298651050914
 20
12903.381307438873
 10
45364.21625013071
 20
12824.51881394139
 10
45364.21625013071
 20
11286.700190740416
 10
45288.298651050914
 20
11207.837697242932
 10
45022.587054271666
 20
11207.837697242932
 10
44946.669455191884
 20
11286.700190740416
 10
44946.669455191884
 20
12666.793826946418
 10
44756.87545749242
 20
12745.656320443903
 10
44756.87545749242
 20
12863.95006069013
  0
LWPOLYLINE
  5
DE
330
17
100
AcDbEntity
  8
RASTER_CONTOURS
100
AcDbPolyline
 90
8
 70
1
 10
23613.824113771825
 20
12903.381307438873
 10
24221.16490641012
 20
12903.381307438873
 10
24297.082505489907
 20
12824.51881394139
 10
24297.082505489907
 20
11286.700190740416
 10
24221.16490641012
 20
11207.837697242932
 10
23613.824113771825
 20
11207.837697242932
 10
23575.86531423193
 20
11247.268943991676
 10
23575.86531423193
 20
12863.95006069013
  0
LWPOLYLINE
  5
DF
330
17
100
AcDbEntity
  8
RASTER_CONTOURS
100
AcDbPolyline
 90
12
 70
1
 10
22778.730523894174
 20
12903.381307438873
 10
22892.606922513853
 20
12903.381307438873
 10
22930.565722053743
 20
12942.812554187618
 10
22968.524521593637
 20
12903.381307438873
 10
23044.44212067343
 20
12942.812554187618
 10
23348.112516992573
 20
12942.812554187618
 10
23461.98891561225
 20
12863.95006069013
 10
23461.98891561225
 20
11286.700190740416
 10
23386.071316532467
 20
11207.837697242932
 10
22778.730523894174
 20
11207.837697242932
 10
22740.77172435428
 20
11247.268943991676
 10
22740.77172435428
 20
12863.95006069013
  0
LWPOLYLINE
  5
E0
330
17
100
AcDbEntity
  8
RASTER_CONTOURS
100
AcDbPolyline
 90
12
 70
1
 10
40960.99550350307
 20
13061.106294433845
 10
41758.13029384084
 20
13061.106294433845
 10
41834.04789292064
 20
12942.812554187618
 10
41758.13029384084
 20
12863.95006069013
 10
41682.21269476106
 20
12666.793826946418
 10
41682.21269476106
 20
12509.068839951447
 10
41796.08909338073
 20
12233.050112710243
 10
41796.08909338073
 20
12035.893878966534
 10
41758.13029384084
 20
11996.462632217788
 10
40960.99550350307
 20
11996.462632217788
 10
40885.07790442329
 20
12075.325125715271
 10
40885.07790442329
 20
12982.243800936361
  0
LWPOLYLINE
  5
E1
330
17
100
AcDbEntity
  8
RASTER_CONTOURS
100
AcDbPolyline
 90
87
 70
1
 10
4444.630346125692
 20
13021.675047685105
 10
4482.589145665585
 20
13061.106294433845
 10
4520.547945205479
 20
13021.675047685105
 10
4520.547945205479
 20
12785.087567192646
 10
4558.506744745371
 20
12745.656320443903
 10
4596.465544285265
 20
10616.368996011792
 10
4634.424343825159
 20
10576.937749263046
 10
4634.424343825159
 20
9157.412866308305
 10
4672.383143365052
 20
9117.981619559561
 10
4634.424343825159
 20
8763.100398820874
 10
4672.383143365052
 20
8723.669152072134
 10
4672.383143365052
 20
7383.006762614876
 10
4710.341942904945
 20
7343.575515866132
 10
4748.300742444838
 20
5372.013178428992
 10
4786.259541984732
 20
5293.150684931505
 10
4862.177141064519
 20
5253.71943818276
 10
5014.012339224092
 20
5253.71943818276
 10
5051.971138763985
 20
5293.150684931505
 10
5089.929938303879
 20
5253.71943818276
 10
5355.641535083131
 20
5253.71943818276
 10
5431.559134162919
 20
5174.856944685277
 10
5431.559134162919
 20
3952.4882954742507
 10
5735.229530482065
 20
3676.469568233047
 10
5773.188330021959
 20
3597.607074735564
 10
6000.941127261319
 20
3439.8820877405924
 10
6076.8587263411055
 20
3321.5883474943653
 10
6304.6115235804655
 20
3163.863360499394
 10
6608.281919899612
 20
2887.8446332581907
 10
6646.2407194395055
 20
2808.982139760707
 10
7025.828714838439
 20
2493.5321657707645
 10
7063.787514378332
 20
2414.6696722732763
 10
7329.499111157585
 20
2217.513438529561
 10
7671.1283070166255
 20
1862.6322177908792
 10
8430.304297814491
 20
1231.7322698109938
 10
8468.263097354386
 20
1271.1635165597331
 10
8582.139495974065
 20
1231.7322698109938
 10
8620.098295513957
 20
1271.1635165597331
 10
10176.409076649586
 20
1271.1635165597331
 10
10252.326675729373
 20
1192.3010230622497
 10
10252.326675729373
 20
1074.0072828160223
 10
10214.367876189477
 20
1034.5760360672784
 10
10252.326675729373
 20
955.7135425697903
 10
10252.326675729373
 20
837.419802323563
 10
10214.367876189477
 20
797.988555574819
 10
10252.326675729373
 20
758.5573088260796
 10
10214.367876189477
 20
640.2635685798476
 10
10214.367876189477
 20
285.38234784116565
 10
10290.285475269266
 20
206.51985434367765
 10
10480.079472968731
 20
206.51985434367765
 10
10518.038272508626
 20
245.95110109242165
 10
10593.95587158841
 20
206.51985434367765
 10
12871.483843982012
 20
206.51985434367765
 10
12909.442643521905
 20
245.95110109242165
 10
12909.442643521905
 20
1152.8697763135058
 10
12985.360242601693
 20
1231.7322698109938
 10
13326.989438460734
 20
1231.7322698109938
 10
13364.948238000627
 20
1271.1635165597331
 10
13478.824636620306
 20
1231.7322698109938
 10
13554.742235700092
 20
1271.1635165597331
 10
13630.659834779879
 20
1231.7322698109938
 10
13706.577433859668
 20
1113.4385295647617
 10
13706.577433859668
 20
206.51985434367765
 10
13782.495032939452
 20
167.08860759493365
 10
18185.71577956708
 20
167.08860759493365
 10
18223.674579106973
 20
127.65736084619431
 10
18185.71577956708
 20
88.2261140974503
 10
9455.191885391612
 20
88.2261140974503
 10
9113.562689532573
 20
364.244841338649
 10
9075.603889992679
 20
443.107334836137
 10
8658.057095053853
 20
797.988555574819
 10
8278.46909965492
 20
1192.3010230622497
 10
7101.746313918225
 20
2217.513438529561
 10
6000.941127261319
 20
3282.1571007456214
 10
4938.0947401443045
 20
4189.075775966705
 10
4672.383143365052
 20
4465.0945032079035
 10
4672.383143365052
 20
4701.681983700363
 10
4634.424343825159
 20
4741.1132304491075
 10
4634.424343825159
 20
6318.36310039882
 10
4596.465544285265
 20
6357.79434714756
 10
4634.424343825159
 20
6436.656840645048
 10
4596.465544285265
 20
6476.088087393792
 10
4596.465544285265
 20
7777.319230102302
 10
4558.506744745371
 20
7816.750476851046
 10
4558.506744745371
 20
8999.687879313333
 10
4520.547945205479
 20
9039.119126062078
 10
4520.547945205479
 20
10892.38772325299
 10
4482.589145665585
 20
10931.818970001734
  0
LWPOLYLINE
  5
E2
330
17
100
AcDbEntity
  8
RASTER_CONTOURS
100
AcDbPolyline
 90
17
 70
1
 10
30560.284429572308
 20
13139.968787931333
 10
30636.202028652093
 20
13100.537541182588
 10
30750.078427271772
 20
13100.537541182588
 10
30788.03722681167
 20
13139.968787931333
 10
31243.542821290386
 20
13139.968787931333
 10
31281.50162083028
 20
13100.537541182588
 10
31319.460420370175
 20
13139.968787931333
 10
31395.37801944996
 20
13061.106294433845
 10
31395.37801944996
 20
12114.756372464017
 10
31319.460420370175
 20
12035.893878966534
 10
30560.284429572308
 20
12035.893878966534
 10
30484.36683049252
 20
12114.756372464017
 10
30484.36683049252
 20
12233.050112710243
 10
30598.2432291122
 20
12548.500086700187
 10
30598.2432291122
 20
12745.656320443903
 10
30484.36683049252
 20
12942.812554187618
 10
30484.36683049252
 20
13061.106294433845
  0
LWPOLYLINE
  5
E3
330
17
100
AcDbEntity
  8
RASTER_CONTOURS
100
AcDbPolyline
 90
22
 70
1
 10
37430.827146293
 20
13100.537541182588
 10
37506.74474537279
 20
13179.400034680077
 10
39025.09672696852
 20
13179.400034680077
 10
39101.01432604831
 20
13100.537541182588
 10
39214.89072466799
 20
13179.400034680077
 10
40657.32510718393
 20
13179.400034680077
 10
40771.20150580362
 20
13100.537541182588
 10
40771.20150580362
 20
12509.068839951447
 10
40657.32510718393
 20
12430.206346453959
 10
39594.47872006692
 20
12430.206346453959
 10
39556.519920527026
 20
12469.637593202702
 10
39404.684722367456
 20
12430.206346453959
 10
39366.72592282756
 20
12469.637593202702
 10
39214.89072466799
 20
12469.637593202702
 10
39138.9731255882
 20
12587.93133344893
 10
39063.05552650841
 20
12469.637593202702
 10
38911.22032834884
 20
12469.637593202702
 10
38873.261528808944
 20
12430.206346453959
 10
38569.591132489804
 20
12430.206346453959
 10
38531.63233294991
 20
12469.637593202702
 10
37506.74474537279
 20
12469.637593202702
 10
37430.827146293
 20
12548.500086700187
  0
LWPOLYLINE
  5
E4
330
17
100
AcDbEntity
  8
RASTER_CONTOURS
100
AcDbPolyline
 90
11
 70
1
 10
36671.651155495136
 20
13179.400034680077
 10
37316.95074767332
 20
13179.400034680077
 10
37430.827146293
 20
13100.537541182588
 10
37392.86834675311
 20
13021.675047685105
 10
37430.827146293
 20
12903.381307438873
 10
37392.86834675311
 20
12863.95006069013
 10
37392.86834675311
 20
12548.500086700187
 10
37316.95074767332
 20
12469.637593202702
 10
36671.651155495136
 20
12469.637593202702
 10
36595.73355641535
 20
12548.500086700187
 10
36595.73355641535
 20
13061.106294433845
  0
LWPOLYLINE
  5
E5
330
17
100
AcDbEntity
  8
RASTER_CONTOURS
100
AcDbPolyline
 90
30
 70
1
 10
4672.383143365052
 20
13179.400034680077
 10
4862.177141064519
 20
13179.400034680077
 10
4938.0947401443045
 20
13100.537541182588
 10
4976.053539684199
 20
11010.681463499217
 10
5014.012339224092
 20
10971.250216750474
 10
5014.012339224092
 20
9354.56910005202
 10
5051.971138763985
 20
9315.137853303277
 10
5051.971138763985
 20
8092.769204092249
 10
5089.929938303879
 20
8053.337957343506
 10
5089.929938303879
 20
6278.931853650077
 10
5127.888737843771
 20
6239.5006069013325
 10
5127.888737843771
 20
5411.444425177732
 10
5051.971138763985
 20
5372.013178428992
 10
5014.012339224092
 20
5450.875671926476
 10
4938.0947401443045
 20
5372.013178428992
 10
4824.218341524625
 20
5411.444425177732
 10
4824.218341524625
 20
5726.894399167674
 10
4786.259541984732
 20
5766.325645916419
 10
4824.218341524625
 20
5805.756892665163
 10
4824.218341524625
 20
6121.206866655105
 10
4786.259541984732
 20
6160.638113403849
 10
4748.300742444838
 20
8644.806658574647
 10
4710.341942904945
 20
8684.23790532339
 10
4710.341942904945
 20
9827.744061036934
 10
4672.383143365052
 20
9867.175307785674
 10
4710.341942904945
 20
10340.350268770588
 10
4672.383143365052
 20
10379.781515519331
 10
4634.424343825159
 20
12745.656320443903
 10
4596.465544285265
 20
12785.087567192646
 10
4596.465544285265
 20
13100.537541182588
  0
LWPOLYLINE
  5
E6
330
17
100
AcDbEntity
  8
RASTER_CONTOURS
100
AcDbPolyline
 90
12
 70
1
 10
27523.580466380838
 20
13415.987515172532
 10
28206.83885809892
 20
13415.987515172532
 10
28320.7152567186
 20
13297.693774926303
 10
28320.7152567186
 20
12863.95006069013
 10
28206.83885809892
 20
12587.93133344893
 10
28244.797657638814
 20
12351.343852956476
 10
28320.7152567186
 20
12272.481359458987
 10
28320.7152567186
 20
12154.18761921276
 10
28244.797657638814
 20
12075.325125715271
 10
27523.580466380838
 20
12075.325125715271
 10
27447.662867301053
 20
12154.18761921276
 10
27447.662867301053
 20
13337.125021675049
  0
LWPOLYLINE
  5
E7
330
17
100
AcDbEntity
  8
RASTER_CONTOURS
100
AcDbPolyline
 90
9
 70
1
 10
40960.99550350307
 20
13494.850008670019
 10
41036.91310258287
 20
13613.143748916247
 10
41568.336296141366
 20
13613.143748916247
 10
41682.21269476106
 20
13534.281255418759
 10
41682.21269476106
 20
13337.125021675049
 10
41720.17149430095
 20
13297.693774926303
 10
41606.29509568126
 20
13179.400034680077
 10
41036.91310258287
 20
13179.400034680077
 10
40998.95430304298
 20
13218.831281428817
  0
LWPOLYLINE
  5
E8
330
17
100
AcDbEntity
  8
RASTER_CONTOURS
100
AcDbPolyline
 90
8
 70
1
 10
30598.2432291122
 20
13573.712502167502
 10
30674.160828191987
 20
13652.57499566499
 10
31281.50162083028
 20
13652.57499566499
 10
31319.460420370175
 20
13613.143748916247
 10
31319.460420370175
 20
13297.693774926303
 10
31243.542821290386
 20
13218.831281428817
 10
30636.202028652093
 20
13218.831281428817
 10
30598.2432291122
 20
13258.26252817756
  0
LWPOLYLINE
  5
E9
330
17
100
AcDbEntity
  8
RASTER_CONTOURS
100
AcDbPolyline
 90
8
 70
1
 10
26308.898881104255
 20
13770.868735911217
 10
26802.363275122865
 20
13770.868735911217
 10
26916.239673742544
 20
13652.57499566499
 10
26916.239673742544
 20
12193.618865961504
 10
26764.40447558297
 20
12075.325125715271
 10
26384.81648018404
 20
12075.325125715271
 10
26232.98128202447
 20
12154.18761921276
 10
26232.98128202447
 20
13692.00624241373
  0
LWPOLYLINE
  5
EA
330
17
100
AcDbEntity
  8
RASTER_CONTOURS
100
AcDbPolyline
 90
11
 70
1
 10
25435.84649168671
 20
13770.868735911217
 10
26005.228484785104
 20
13770.868735911217
 10
26081.146083864896
 20
13692.00624241373
 10
26081.146083864896
 20
12154.18761921276
 10
26043.187284325
 20
12114.756372464017
 10
25435.84649168671
 20
12114.756372464017
 10
25359.928892606917
 20
12193.618865961504
 10
25359.928892606917
 20
12863.95006069013
 10
25397.887692146815
 20
12903.381307438873
 10
25359.928892606917
 20
12982.243800936361
 10
25359.928892606917
 20
13652.57499566499
  0
LWPOLYLINE
  5
EB
330
17
100
AcDbEntity
  8
RASTER_CONTOURS
100
AcDbPolyline
 90
32
 70
1
 10
24486.87650318937
 20
13770.868735911217
 10
25094.217295827664
 20
13770.868735911217
 10
25170.134894907453
 20
13652.57499566499
 10
25170.134894907453
 20
13061.106294433845
 10
25132.17609536756
 20
13021.675047685105
 10
25132.17609536756
 20
12706.225073695157
 10
25170.134894907453
 20
12666.793826946418
 10
25170.134894907453
 20
12509.068839951447
 10
25132.17609536756
 20
12469.637593202702
 10
25170.134894907453
 20
12430.206346453959
 10
25170.134894907453
 20
12272.481359458987
 10
25132.17609536756
 20
12233.050112710243
 10
25132.17609536756
 20
12114.756372464017
 10
25056.258496287774
 20
12075.325125715271
 10
25132.17609536756
 20
11996.462632217788
 10
25132.17609536756
 20
11444.425177735387
 10
25170.134894907453
 20
11404.993930986648
 10
25170.134894907453
 20
11050.11271024796
 10
25132.17609536756
 20
10931.818970001734
 10
25170.134894907453
 20
10852.956476504245
 10
25132.17609536756
 20
10813.525229755502
 10
25132.17609536756
 20
10379.781515519331
 10
25018.29969674788
 20
10300.919022021848
 10
24638.711701348948
 20
10300.919022021848
 10
24600.75290180905
 20
10340.350268770588
 10
24486.87650318937
 20
10300.919022021848
 10
24410.958904109586
 20
10419.212762268076
 10
24410.958904109586
 20
11957.031385469045
 10
24524.83530272927
 20
12075.325125715271
 10
24486.87650318937
 20
12075.325125715271
 10
24410.958904109586
 20
12193.618865961504
 10
24410.958904109586
 20
13692.00624241373
  0
LWPOLYLINE
  5
EC
330
17
100
AcDbEntity
  8
RASTER_CONTOURS
100
AcDbPolyline
 90
10
 70
1
 10
22702.812924814385
 20
13692.00624241373
 10
22778.730523894174
 20
13770.868735911217
 10
23993.41210917076
 20
13770.868735911217
 10
24031.370908710654
 20
13731.437489162474
 10
24297.082505489907
 20
13731.437489162474
 10
24335.041305029798
 20
13692.00624241373
 10
24335.041305029798
 20
13061.106294433845
 10
24259.123705950013
 20
12982.243800936361
 10
22740.77172435428
 20
13021.675047685105
 10
22702.812924814385
 20
13061.106294433845
  0
LWPOLYLINE
  5
ED
330
17
100
AcDbEntity
  8
RASTER_CONTOURS
100
AcDbPolyline
 90
18
 70
1
 10
21981.595733556413
 20
13810.299982659963
 10
22513.01892711492
 20
13810.299982659963
 10
22588.936526194706
 20
13731.437489162474
 10
22588.936526194706
 20
13061.106294433845
 10
22626.8953257346
 20
13021.675047685105
 10
22588.936526194706
 20
12903.381307438873
 10
22588.936526194706
 20
12154.18761921276
 10
22475.060127575027
 20
12075.325125715271
 10
22588.936526194706
 20
11996.462632217788
 10
22588.936526194706
 20
10379.781515519331
 10
22550.97772665481
 20
10340.350268770588
 10
21943.63693401652
 20
10340.350268770588
 10
21905.678134476624
 20
10379.781515519331
 10
21905.678134476624
 20
11996.462632217788
 10
22019.554533096307
 20
12075.325125715271
 10
22019.554533096307
 20
12114.756372464017
 10
21905.678134476624
 20
12193.618865961504
 10
21905.678134476624
 20
13731.437489162474
  0
LWPOLYLINE
  5
EE
330
17
100
AcDbEntity
  8
RASTER_CONTOURS
100
AcDbPolyline
 90
15
 70
1
 10
28244.797657638814
 20
13968.024969654933
 10
28244.797657638814
 20
13613.143748916247
 10
28168.880058559025
 20
13534.281255418759
 10
27751.333263620203
 20
13534.281255418759
 10
27713.37446408031
 20
13494.850008670019
 10
27523.580466380838
 20
13613.143748916247
 10
27561.539265920732
 20
13889.162476157446
 10
27599.498065460626
 20
13928.59372290619
 10
27751.333263620203
 20
13928.59372290619
 10
27789.292063160094
 20
13968.024969654933
 10
27865.209662239882
 20
13928.59372290619
 10
27941.127261319667
 20
13968.024969654933
 10
27979.08606085956
 20
13928.59372290619
 10
28092.96245947924
 20
13928.59372290619
 10
28206.83885809892
 20
14007.456216403672
  0
LWPOLYLINE
  5
EF
330
17
100
AcDbEntity
  8
RASTER_CONTOURS
100
AcDbPolyline
 90
9
 70
1
 10
41492.41869706159
 20
14244.043696896131
 10
41682.21269476106
 20
14244.043696896131
 10
41796.08909338073
 20
14125.749956649905
 10
41796.08909338073
 20
13928.59372290619
 10
41758.13029384084
 20
13849.7312294087
 10
41644.25389522117
 20
13770.868735911217
 10
41530.377496601475
 20
13770.868735911217
 10
41416.50109798181
 20
13849.7312294087
 10
41416.50109798181
 20
14165.181203398644
  0
LWPOLYLINE
  5
F0
330
17
100
AcDbEntity
  8
RASTER_CONTOURS
100
AcDbPolyline
 90
8
 70
1
 10
30522.325630032414
 20
14244.043696896131
 10
30560.284429572308
 20
14283.474943644876
 10
30825.996026351557
 20
14283.474943644876
 10
30901.91362543135
 20
14204.612450147388
 10
30901.91362543135
 20
13889.162476157446
 10
30863.95482589145
 20
13849.7312294087
 10
30598.2432291122
 20
13849.7312294087
 10
30522.325630032414
 20
13928.59372290619
  0
LWPOLYLINE
  5
F1
330
17
100
AcDbEntity
  8
RASTER_CONTOURS
100
AcDbPolyline
 90
10
 70
1
 10
47869.49701976366
 20
14598.924917634818
 10
48362.96141378229
 20
14598.924917634818
 10
48438.87901286207
 20
14520.06242413733
 10
48438.87901286207
 20
12982.243800936361
 10
48362.96141378229
 20
12903.381307438873
 10
47907.45581930357
 20
12903.381307438873
 10
47793.57942068388
 20
13021.675047685105
 10
47793.57942068388
 20
13928.59372290619
 10
47831.53822022377
 20
13968.024969654933
 10
47831.53822022377
 20
14559.493670886075
  0
LWPOLYLINE
  5
F2
330
17
100
AcDbEntity
  8
RASTER_CONTOURS
100
AcDbPolyline
 90
10
 70
1
 10
35039.422775279716
 20
14598.924917634818
 10
35570.84596883823
 20
14598.924917634818
 10
35684.72236745791
 20
14480.631177388586
 10
35684.72236745791
 20
13021.675047685105
 10
35608.80476837812
 20
12903.381307438873
 10
35001.463975739825
 20
12903.381307438873
 10
34925.54637666004
 20
12982.243800936361
 10
34925.54637666004
 20
14322.906190393614
 10
34963.505176199935
 20
14362.33743714236
 10
34963.505176199935
 20
14520.06242413733
  0
LWPOLYLINE
  5
F3
330
17
100
AcDbEntity
  8
RASTER_CONTOURS
100
AcDbPolyline
 90
8
 70
1
 10
34128.41158632228
 20
14598.924917634818
 10
34697.79357942068
 20
14598.924917634818
 10
34811.66997804036
 20
14480.631177388586
 10
34811.66997804036
 20
13021.675047685105
 10
34735.75237896058
 20
12903.381307438873
 10
34128.41158632228
 20
12903.381307438873
 10
34090.452786782385
 20
12942.812554187618
 10
34090.452786782385
 20
14559.493670886075
  0
LWPOLYLINE
  5
F4
330
17
100
AcDbEntity
  8
RASTER_CONTOURS
100
AcDbPolyline
 90
8
 70
1
 10
33293.317996444624
 20
14598.924917634818
 10
33862.69998954303
 20
14598.924917634818
 10
33938.617588622816
 20
14520.06242413733
 10
33938.617588622816
 20
12942.812554187618
 10
33900.65878908292
 20
12903.381307438873
 10
33293.317996444624
 20
12903.381307438873
 10
33217.40039736484
 20
12982.243800936361
 10
33217.40039736484
 20
14480.631177388586
  0
LWPOLYLINE
  5
F5
330
17
100
AcDbEntity
  8
RASTER_CONTOURS
100
AcDbPolyline
 90
8
 70
1
 10
32420.265607027082
 20
14598.924917634818
 10
33027.606399665376
 20
14598.924917634818
 10
33103.523998745164
 20
14480.631177388586
 10
33103.523998745164
 20
13021.675047685105
 10
33027.606399665376
 20
12903.381307438873
 10
32420.265607027082
 20
12903.381307438873
 10
32344.348007947297
 20
12982.243800936361
 10
32344.348007947297
 20
14480.631177388586
  0
LWPOLYLINE
  5
F6
330
17
100
AcDbEntity
  8
RASTER_CONTOURS
100
AcDbPolyline
 90
10
 70
1
 10
31623.130816689318
 20
14598.924917634818
 10
32192.51280978772
 20
14598.924917634818
 10
32230.47160932761
 20
14559.493670886075
 10
32268.430408867505
 20
13455.418761921275
 10
32230.47160932761
 20
13415.987515172532
 10
32230.47160932761
 20
12982.243800936361
 10
32154.554010247826
 20
12903.381307438873
 10
31585.17201714943
 20
12903.381307438873
 10
31547.213217609533
 20
12942.812554187618
 10
31547.213217609533
 20
14520.06242413733
  0
LWPOLYLINE
  5
F7
330
17
100
AcDbEntity
  8
RASTER_CONTOURS
100
AcDbPolyline
 90
8
 70
1
 10
46351.145038167924
 20
14638.356164383558
 10
46844.60943218655
 20
14638.356164383558
 10
46920.527031266334
 20
14559.493670886075
 10
46920.527031266334
 20
13021.675047685105
 10
46844.60943218655
 20
12903.381307438873
 10
46389.10383770784
 20
12903.381307438873
 10
46275.22743908815
 20
12982.243800936361
 10
46275.22743908815
 20
14559.493670886075
  0
LWPOLYLINE
  5
F8
330
17
100
AcDbEntity
  8
RASTER_CONTOURS
100
AcDbPolyline
 90
20
 70
1
 10
45591.96904737007
 20
14638.356164383558
 10
46047.474641848785
 20
14638.356164383558
 10
46123.392240928566
 20
14559.493670886075
 10
46123.392240928566
 20
12982.243800936361
 10
46085.433441388675
 20
12942.812554187618
 10
46123.392240928566
 20
12824.51881394139
 10
46123.392240928566
 20
11286.700190740416
 10
46047.474641848785
 20
11207.837697242932
 10
45554.01024783018
 20
11207.837697242932
 10
45478.09264875038
 20
11326.131437489159
 10
45478.09264875038
 20
12785.087567192646
 10
45554.01024783018
 20
12903.381307438873
 10
45933.5982432291
 20
12903.381307438873
 10
45591.96904737007
 20
12903.381307438873
 10
45478.09264875038
 20
13061.106294433845
 10
45516.05144829029
 20
13179.400034680077
 10
45516.05144829029
 20
13613.143748916247
 10
45478.09264875038
 20
13652.57499566499
 10
45516.05144829029
 20
13692.00624241373
 10
45516.05144829029
 20
14559.493670886075
  0
LWPOLYLINE
  5
F9
330
17
100
AcDbEntity
  8
RASTER_CONTOURS
100
AcDbPolyline
 90
13
 70
1
 10
44794.8342570323
 20
14638.356164383558
 10
45288.298651050914
 20
14638.356164383558
 10
45364.21625013071
 20
14559.493670886075
 10
45364.21625013071
 20
12982.243800936361
 10
45326.25745059082
 20
12942.812554187618
 10
44794.8342570323
 20
12942.812554187618
 10
44718.916657952526
 20
13061.106294433845
 10
44718.916657952526
 20
13297.693774926303
 10
44756.87545749242
 20
13337.125021675049
 10
44756.87545749242
 20
13692.00624241373
 10
44718.916657952526
 20
13731.437489162474
 10
44756.87545749242
 20
13810.299982659963
 10
44756.87545749242
 20
14598.924917634818
  0
LWPOLYLINE
  5
FA
330
17
100
AcDbEntity
  8
RASTER_CONTOURS
100
AcDbPolyline
 90
22
 70
1
 10
47186.23862804558
 20
14677.787411132302
 10
47262.15622712538
 20
14638.356164383558
 10
47489.909024364744
 20
14638.356164383558
 10
47679.70302206421
 20
14520.06242413733
 10
47679.70302206421
 20
12982.243800936361
 10
47603.78542298441
 20
12903.381307438873
 10
47489.909024364744
 20
12903.381307438873
 10
47565.82662344452
 20
12903.381307438873
 10
47679.70302206421
 20
12785.087567192646
 10
47679.70302206421
 20
11365.562684237904
 10
47565.82662344452
 20
11168.406450494189
 10
47451.950224824854
 20
11207.837697242932
 10
47224.19742758547
 20
11168.406450494189
 10
47034.40342988602
 20
11286.700190740416
 10
47034.40342988602
 20
12785.087567192646
 10
47148.27982850569
 20
12903.381307438873
 10
47338.07382620516
 20
12903.381307438873
 10
47148.27982850569
 20
12903.381307438873
 10
47034.40342988602
 20
13021.675047685105
 10
47034.40342988602
 20
14322.906190393614
 10
47072.36222942591
 20
14362.33743714236
 10
47072.36222942591
 20
14559.493670886075
  0
LWPOLYLINE
  5
FB
330
17
100
AcDbEntity
  8
RASTER_CONTOURS
100
AcDbPolyline
 90
13
 70
1
 10
27485.621666840947
 20
14756.64990462979
 10
27523.580466380838
 20
14796.081151378528
 10
27903.168461779773
 20
14796.081151378528
 10
27941.127261319667
 20
14756.64990462979
 10
27979.08606085956
 20
14796.081151378528
 10
28017.044860399456
 20
14756.64990462979
 10
28168.880058559025
 20
14756.64990462979
 10
28244.797657638814
 20
14677.787411132302
 10
28244.797657638814
 20
14441.199930639847
 10
28130.921259019135
 20
14362.33743714236
 10
27637.456865000517
 20
14362.33743714236
 10
27561.539265920732
 20
14441.199930639847
 10
27561.539265920732
 20
14677.787411132302
  0
LWPOLYLINE
  5
FC
330
17
100
AcDbEntity
  8
RASTER_CONTOURS
100
AcDbPolyline
 90
2
 70
1
 10
51209.871379274286
 20
14874.943644876017
 10
51209.871379274286
 20
14598.924917634818
  0
LWPOLYLINE
  5
FD
330
17
100
AcDbEntity
  8
RASTER_CONTOURS
100
AcDbPolyline
 90
17
 70
1
 10
40125.901913625436
 20
14993.237385122244
 10
40163.860713165326
 20
14953.8061383735
 10
40543.44870856426
 20
14953.8061383735
 10
40581.40750810415
 20
14993.237385122244
 10
40771.20150580362
 20
14874.943644876017
 10
40771.20150580362
 20
14086.318709901161
 10
40733.242706263714
 20
14046.887463152416
 10
40771.20150580362
 20
14007.456216403672
 10
40771.20150580362
 20
13889.162476157446
 10
40733.242706263714
 20
13849.7312294087
 10
40771.20150580362
 20
13692.00624241373
 10
40733.242706263714
 20
13652.57499566499
 10
40733.242706263714
 20
13297.693774926303
 10
40695.283906723824
 20
13258.26252817756
 10
40087.94311408552
 20
13258.26252817756
 10
40049.98431454563
 20
13297.693774926303
 10
40049.98431454563
 20
14914.37489162476
  0
LWPOLYLINE
  5
FE
330
17
100
AcDbEntity
  8
RASTER_CONTOURS
100
AcDbPolyline
 90
11
 70
1
 10
39366.72592282756
 20
14993.237385122244
 10
39822.231517306274
 20
14953.8061383735
 10
39936.10791592597
 20
14835.512398127274
 10
39936.10791592597
 20
13770.868735911217
 10
39898.14911638606
 20
13731.437489162474
 10
39898.14911638606
 20
13337.125021675049
 10
39822.231517306274
 20
13258.26252817756
 10
39252.84952420788
 20
13258.26252817756
 10
39176.9319251281
 20
13337.125021675049
 10
39176.9319251281
 20
14796.081151378528
 10
39214.89072466799
 20
14914.37489162476
  0
LWPOLYLINE
  5
FF
330
17
100
AcDbEntity
  8
RASTER_CONTOURS
100
AcDbPolyline
 90
8
 70
1
 10
38455.714733870125
 20
14993.237385122244
 10
38949.17912788873
 20
14993.237385122244
 10
39063.05552650841
 20
14874.943644876017
 10
39063.05552650841
 20
13337.125021675049
 10
38987.13792742862
 20
13258.26252817756
 10
38455.714733870125
 20
13258.26252817756
 10
38341.83833525044
 20
13337.125021675049
 10
38341.83833525044
 20
14874.943644876017
  0
LWPOLYLINE
  5
100
330
17
100
AcDbEntity
  8
RASTER_CONTOURS
100
AcDbPolyline
 90
10
 70
1
 10
37544.703544912685
 20
14993.237385122244
 10
37696.538743072255
 20
14993.237385122244
 10
37734.497542612145
 20
14953.8061383735
 10
38114.08553801108
 20
14993.237385122244
 10
38227.96193663076
 20
14874.943644876017
 10
38227.96193663076
 20
13376.556268423787
 10
38076.12673847119
 20
13258.26252817756
 10
37582.66234445257
 20
13258.26252817756
 10
37506.74474537279
 20
13337.125021675049
 10
37506.74474537279
 20
14953.8061383735
  0
LWPOLYLINE
  5
101
330
17
100
AcDbEntity
  8
RASTER_CONTOURS
100
AcDbPolyline
 90
8
 70
1
 10
36823.486353654705
 20
14993.237385122244
 10
37278.99194813343
 20
14993.237385122244
 10
37354.90954721321
 20
14914.37489162476
 10
37354.90954721321
 20
13337.125021675049
 10
37203.07434905364
 20
13258.26252817756
 10
36823.486353654705
 20
13258.26252817756
 10
36671.651155495136
 20
13337.125021675049
 10
36671.651155495136
 20
14874.943644876017
  0
LWPOLYLINE
  5
102
330
17
100
AcDbEntity
  8
RASTER_CONTOURS
100
AcDbPolyline
 90
11
 70
1
 10
28434.591655338278
 20
15072.099878619732
 10
28548.468053957957
 20
15032.668631870989
 10
28548.468053957957
 20
13258.26252817756
 10
28472.550454878176
 20
13179.400034680077
 10
28396.63285579839
 20
13218.831281428817
 10
28396.63285579839
 20
14086.318709901161
 10
28358.674056258493
 20
14125.749956649905
 10
28396.63285579839
 20
14204.612450147388
 10
28358.674056258493
 20
14244.043696896131
 10
28396.63285579839
 20
14283.474943644876
 10
28396.63285579839
 20
15032.668631870989
  0
LWPOLYLINE
  5
103
330
17
100
AcDbEntity
  8
RASTER_CONTOURS
100
AcDbPolyline
 90
16
 70
1
 10
50147.02499215727
 20
15308.687359112188
 10
50147.02499215727
 20
15229.824865614704
 10
50412.73658893652
 20
15190.393618865959
 10
50450.69538847641
 20
15111.531125368472
 10
50298.860190316846
 20
14914.37489162476
 10
50109.06619261738
 20
14796.081151378528
 10
50033.14859353758
 20
14677.787411132302
 10
50184.98379169716
 20
14677.787411132302
 10
50374.77778939663
 20
14835.512398127274
 10
50450.69538847641
 20
14835.512398127274
 10
50640.489386175876
 20
14677.787411132302
 10
50678.448185715766
 20
14717.218657881045
 10
50488.65418801631
 20
14993.237385122244
 10
50602.530586635985
 20
15190.393618865959
 10
50602.530586635985
 20
15269.256112363444
 10
50564.571787096094
 20
15308.687359112188
  0
LWPOLYLINE
  5
104
330
17
100
AcDbEntity
  8
RASTER_CONTOURS
100
AcDbPolyline
 90
16
 70
1
 10
22702.812924814385
 20
15269.256112363444
 10
22816.689323434064
 20
15348.118605860931
 10
23955.453309630866
 20
15348.118605860931
 10
23993.41210917076
 20
15308.687359112188
 10
24107.28850779044
 20
15308.687359112188
 10
24145.247307330334
 20
15348.118605860931
 10
24183.206106870228
 20
15308.687359112188
 10
24221.16490641012
 20
15348.118605860931
 10
24335.041305029798
 20
15269.256112363444
 10
24335.041305029798
 20
14874.943644876017
 10
24373.00010456969
 20
14835.512398127274
 10
24335.041305029798
 20
14796.081151378528
 10
24373.00010456969
 20
14717.218657881045
 10
24259.123705950013
 20
14598.924917634818
 10
22778.730523894174
 20
14598.924917634818
 10
22702.812924814385
 20
14677.787411132302
  0
LWPOLYLINE
  5
105
330
17
100
AcDbEntity
  8
RASTER_CONTOURS
100
AcDbPolyline
 90
10
 70
1
 10
43845.86426853498
 20
15387.549852609674
 10
43959.74066715465
 20
15387.549852609674
 10
44035.658266234444
 20
15308.687359112188
 10
44035.658266234444
 20
14244.043696896131
 10
43997.699466694554
 20
14204.612450147388
 10
43997.699466694554
 20
13968.024969654933
 10
43959.74066715465
 20
13928.59372290619
 10
43845.86426853498
 20
13928.59372290619
 10
43769.94666945518
 20
14007.456216403672
 10
43769.94666945518
 20
15308.687359112188
  0
LWPOLYLINE
  5
106
330
17
100
AcDbEntity
  8
RASTER_CONTOURS
100
AcDbPolyline
 90
6
 70
1
 10
21715.88413677716
 20
15387.549852609674
 10
21791.801735856945
 20
15308.687359112188
 10
21791.801735856945
 20
13061.106294433845
 10
21715.88413677716
 20
12982.243800936361
 10
21639.966537697375
 20
13061.106294433845
 10
21639.966537697375
 20
15308.687359112188
  0
LWPOLYLINE
  5
107
330
17
100
AcDbEntity
  8
RASTER_CONTOURS
100
AcDbPolyline
 90
10
 70
1
 10
49236.013803199836
 20
15426.981099358414
 10
49311.93140227961
 20
15348.118605860931
 10
49273.97260273972
 20
15269.256112363444
 10
49311.93140227961
 20
15190.393618865959
 10
49311.93140227961
 20
14756.64990462979
 10
49273.97260273972
 20
14717.218657881045
 10
49311.93140227961
 20
14401.768683891103
 10
49273.97260273972
 20
14362.33743714236
 10
49198.055003659945
 20
14401.768683891103
 10
49198.055003659945
 20
15387.549852609674
  0
LWPOLYLINE
  5
108
330
17
100
AcDbEntity
  8
RASTER_CONTOURS
100
AcDbPolyline
 90
13
 70
1
 10
27523.580466380838
 20
16215.606034333272
 10
28168.880058559025
 20
16215.606034333272
 10
28320.7152567186
 20
16136.743540835789
 10
28320.7152567186
 20
15979.018553840817
 10
28244.797657638814
 20
15821.293566845845
 10
28244.797657638814
 20
15624.13733310213
 10
28320.7152567186
 20
15505.843592855903
 10
28358.674056258493
 20
15190.393618865959
 10
28282.756457178704
 20
14914.37489162476
 10
28206.83885809892
 20
14874.943644876017
 10
27523.580466380838
 20
14874.943644876017
 10
27447.662867301053
 20
14993.237385122244
 10
27447.662867301053
 20
16097.312294087043
  0
LWPOLYLINE
  5
109
330
17
100
AcDbEntity
  8
RASTER_CONTOURS
100
AcDbPolyline
 90
8
 70
1
 10
26308.898881104255
 20
16215.606034333272
 10
26802.363275122865
 20
16215.606034333272
 10
26916.239673742544
 20
16136.743540835789
 10
26916.239673742544
 20
14677.787411132302
 10
26802.363275122865
 20
14520.06242413733
 10
26308.898881104255
 20
14520.06242413733
 10
26232.98128202447
 20
14598.924917634818
 10
26232.98128202447
 20
16136.743540835789
  0
LWPOLYLINE
  5
10A
330
17
100
AcDbEntity
  8
RASTER_CONTOURS
100
AcDbPolyline
 90
10
 70
1
 10
25435.84649168671
 20
16215.606034333272
 10
26043.187284325
 20
16215.606034333272
 10
26081.146083864896
 20
16176.174787584532
 10
26081.146083864896
 20
14598.924917634818
 10
26005.228484785104
 20
14520.06242413733
 10
25473.8052912266
 20
14520.06242413733
 10
25359.928892606917
 20
14638.356164383558
 10
25359.928892606917
 20
15269.256112363444
 10
25397.887692146815
 20
15308.687359112188
 10
25359.928892606917
 20
16097.312294087043
  0
LWPOLYLINE
  5
10B
330
17
100
AcDbEntity
  8
RASTER_CONTOURS
100
AcDbPolyline
 90
8
 70
1
 10
41416.50109798181
 20
16255.037281082015
 10
41454.4598975217
 20
16294.468527830759
 10
41682.21269476106
 20
16294.468527830759
 10
41796.08909338073
 20
16176.174787584532
 10
41796.08909338073
 20
15939.587307092073
 10
41720.17149430095
 20
15860.72481359459
 10
41454.4598975217
 20
15821.293566845845
 10
41416.50109798181
 20
15860.72481359459
  0
LWPOLYLINE
  5
10C
330
17
100
AcDbEntity
  8
RASTER_CONTOURS
100
AcDbPolyline
 90
16
 70
1
 10
50564.571787096094
 20
16333.899774579504
 10
50184.98379169716
 20
16333.899774579504
 10
50184.98379169716
 20
16215.606034333272
 10
50260.90139077694
 20
16176.174787584532
 10
50071.10739307749
 20
16097.312294087043
 10
50071.10739307749
 20
16018.44980058956
 10
50412.73658893652
 20
16018.44980058956
 10
50526.612987556204
 20
15939.587307092073
 10
50526.612987556204
 20
15900.156060343328
 10
50222.94259123705
 20
15624.13733310213
 10
50222.94259123705
 20
15545.274839604646
 10
50298.860190316846
 20
15545.274839604646
 10
50526.612987556204
 20
15702.999826599618
 10
50678.448185715766
 20
15979.018553840817
 10
50678.448185715766
 20
16097.312294087043
 10
50526.612987556204
 20
16176.174787584532
  0
LWPOLYLINE
  5
10D
330
17
100
AcDbEntity
  8
RASTER_CONTOURS
100
AcDbPolyline
 90
9
 70
1
 10
30674.160828191987
 20
16373.331021328242
 10
30750.078427271772
 20
16333.899774579504
 10
30825.996026351557
 20
16373.331021328242
 10
30901.91362543135
 20
16294.468527830759
 10
30901.91362543135
 20
15979.018553840817
 10
30825.996026351557
 20
15900.156060343328
 10
30598.2432291122
 20
15900.156060343328
 10
30522.325630032414
 20
15979.018553840817
 10
30522.325630032414
 20
16255.037281082015
  0
LWPOLYLINE
  5
10E
330
17
100
AcDbEntity
  8
RASTER_CONTOURS
100
AcDbPolyline
 90
13
 70
1
 10
44035.658266234444
 20
16570.48725507196
 10
44718.916657952526
 20
16570.48725507196
 10
44870.7518561121
 20
16452.19351482573
 10
44870.7518561121
 20
15624.13733310213
 10
44794.8342570323
 20
15505.843592855903
 10
44718.916657952526
 20
15466.41234610716
 10
44111.575865314226
 20
15466.41234610716
 10
43959.74066715465
 20
15584.706086353386
 10
43959.74066715465
 20
15702.999826599618
 10
44073.617065774335
 20
15939.587307092073
 10
44073.617065774335
 20
16215.606034333272
 10
43959.74066715465
 20
16412.762268076985
 10
43959.74066715465
 20
16491.624761574476
  0
LWPOLYLINE
  5
10F
330
17
100
AcDbEntity
  8
RASTER_CONTOURS
100
AcDbPolyline
 90
29
 70
1
 10
38076.12673847119
 20
16531.056008323216
 10
38038.16793893129
 20
16452.19351482573
 10
38114.08553801108
 20
16373.331021328242
 10
38114.08553801108
 20
16294.468527830759
 10
38000.2091393914
 20
16215.606034333272
 10
38000.2091393914
 20
16018.44980058956
 10
38114.08553801108
 20
15900.156060343328
 10
38000.2091393914
 20
15781.862320097101
 10
38038.16793893129
 20
15742.431073348358
 10
38152.04433755097
 20
15742.431073348358
 10
38265.92073617065
 20
15821.293566845845
 10
38341.83833525044
 20
15821.293566845845
 10
38379.79713479034
 20
15742.431073348358
 10
38417.75593433023
 20
15742.431073348358
 10
38531.63233294991
 20
15860.72481359459
 10
38683.46753110948
 20
15742.431073348358
 10
38797.34392972916
 20
15742.431073348358
 10
38797.34392972916
 20
15821.293566845845
 10
38721.426330649374
 20
15900.156060343328
 10
38797.34392972916
 20
15979.018553840817
 10
38797.34392972916
 20
16057.8810473383
 10
38721.426330649374
 20
16136.743540835789
 10
38759.385130189265
 20
16255.037281082015
 10
38683.46753110948
 20
16333.899774579504
 10
38759.385130189265
 20
16452.19351482573
 10
38759.385130189265
 20
16531.056008323216
 10
38569.591132489804
 20
16491.624761574476
 10
38417.75593433023
 20
16609.918501820703
 10
38227.96193663076
 20
16452.19351482573
  0
LWPOLYLINE
  5
110
330
17
100
AcDbEntity
  8
RASTER_CONTOURS
100
AcDbPolyline
 90
30
 70
1
 10
23348.112516992573
 20
16688.780995318186
 10
23272.194917912788
 20
16609.918501820703
 10
23348.112516992573
 20
16570.48725507196
 10
23386.071316532467
 20
16491.624761574476
 10
23234.236118372894
 20
16333.899774579504
 10
23272.194917912788
 20
16294.468527830759
 10
23234.236118372894
 20
16136.743540835789
 10
23348.112516992573
 20
16136.743540835789
 10
23386.071316532467
 20
16057.8810473383
 10
23234.236118372894
 20
15939.587307092073
 10
23348.112516992573
 20
15860.72481359459
 10
23424.03011607236
 20
15939.587307092073
 10
23575.86531423193
 20
15979.018553840817
 10
23651.78291331172
 20
15860.72481359459
 10
23727.700512391504
 20
15979.018553840817
 10
23803.618111471296
 20
15979.018553840817
 10
23993.41210917076
 20
15860.72481359459
 10
24069.329708250545
 20
15939.587307092073
 10
23955.453309630866
 20
16057.8810473383
 10
24069.329708250545
 20
16136.743540835789
 10
23993.41210917076
 20
16255.037281082015
 10
24031.370908710654
 20
16373.331021328242
 10
23955.453309630866
 20
16452.19351482573
 10
23955.453309630866
 20
16531.056008323216
 10
24031.370908710654
 20
16649.349748569446
 10
23955.453309630866
 20
16688.780995318186
 10
23803.618111471296
 20
16609.918501820703
 10
23689.74171285161
 20
16728.21224206693
 10
23613.824113771825
 20
16728.21224206693
 10
23424.03011607236
 20
16609.918501820703
  0
LWPOLYLINE
  5
111
330
17
100
AcDbEntity
  8
RASTER_CONTOURS
100
AcDbPolyline
 90
8
 70
1
 10
40163.860713165326
 20
16846.505982313156
 10
40657.32510718393
 20
16846.505982313156
 10
40771.20150580362
 20
16728.21224206693
 10
40771.20150580362
 20
15190.393618865959
 10
40657.32510718393
 20
15111.531125368472
 10
40163.860713165326
 20
15111.531125368472
 10
40049.98431454563
 20
15190.393618865959
 10
40049.98431454563
 20
16767.643488815673
  0
LWPOLYLINE
  5
112
330
17
100
AcDbEntity
  8
RASTER_CONTOURS
100
AcDbPolyline
 90
63
 70
1
 10
37506.74474537279
 20
16767.643488815673
 10
37582.66234445257
 20
16846.505982313156
 10
38152.04433755097
 20
16846.505982313156
 10
38227.96193663076
 20
16767.643488815673
 10
38227.96193663076
 20
16688.780995318186
 10
38341.83833525044
 20
16688.780995318186
 10
38455.714733870125
 20
16846.505982313156
 10
38987.13792742862
 20
16846.505982313156
 10
39063.05552650841
 20
16767.643488815673
 10
39101.01432604831
 20
16609.918501820703
 10
39025.09672696852
 20
16570.48725507196
 10
39025.09672696852
 20
16136.743540835789
 10
38987.13792742862
 20
16097.312294087043
 10
38949.17912788873
 20
15781.862320097101
 10
39101.01432604831
 20
15702.999826599618
 10
39442.64352190735
 20
15702.999826599618
 10
39480.602321447244
 20
15742.431073348358
 10
39556.519920527026
 20
15702.999826599618
 10
39594.47872006692
 20
15742.431073348358
 10
39746.31391822649
 20
15742.431073348358
 10
39632.43751960681
 20
15900.156060343328
 10
39708.35511868661
 20
16018.44980058956
 10
39670.396319146705
 20
16176.174787584532
 10
39746.31391822649
 20
16255.037281082015
 10
39708.35511868661
 20
16294.468527830759
 10
39708.35511868661
 20
16570.48725507196
 10
39594.47872006692
 20
16609.918501820703
 10
39214.89072466799
 20
16609.918501820703
 10
39176.9319251281
 20
16728.21224206693
 10
39290.80832374778
 20
16846.505982313156
 10
39822.231517306274
 20
16846.505982313156
 10
39936.10791592597
 20
16728.21224206693
 10
39936.10791592597
 20
16491.624761574476
 10
39898.14911638606
 20
16452.19351482573
 10
39898.14911638606
 20
16294.468527830759
 10
39936.10791592597
 20
16255.037281082015
 10
39936.10791592597
 20
15821.293566845845
 10
39898.14911638606
 20
15781.862320097101
 10
39936.10791592597
 20
15742.431073348358
 10
39936.10791592597
 20
15269.256112363444
 10
39822.231517306274
 20
15150.962372117216
 10
39708.35511868661
 20
15111.531125368472
 10
39290.80832374778
 20
15111.531125368472
 10
39176.9319251281
 20
15308.687359112188
 10
39176.9319251281
 20
15624.13733310213
 10
39101.01432604831
 20
15624.13733310213
 10
39063.05552650841
 20
15545.274839604646
 10
39063.05552650841
 20
15190.393618865959
 10
38949.17912788873
 20
15111.531125368472
 10
38759.385130189265
 20
15111.531125368472
 10
38721.426330649374
 20
15150.962372117216
 10
38493.673533410016
 20
15111.531125368472
 10
38341.83833525044
 20
15229.824865614704
 10
38341.83833525044
 20
15584.706086353386
 10
38303.87953571055
 20
15624.13733310213
 10
38227.96193663076
 20
15584.706086353386
 10
38227.96193663076
 20
15229.824865614704
 10
38076.12673847119
 20
15111.531125368472
 10
37924.29154031161
 20
15111.531125368472
 10
37810.415141691934
 20
15190.393618865959
 10
37772.45634215204
 20
15150.962372117216
 10
37544.703544912685
 20
15150.962372117216
 10
37506.74474537279
 20
15190.393618865959
  0
LWPOLYLINE
  5
113
330
17
100
AcDbEntity
  8
RASTER_CONTOURS
100
AcDbPolyline
 90
8
 70
1
 10
36747.568754574924
 20
16846.505982313156
 10
37316.95074767332
 20
16846.505982313156
 10
37354.90954721321
 20
16807.074735564416
 10
37354.90954721321
 20
15229.824865614704
 10
37278.99194813343
 20
15150.962372117216
 10
36861.4451531946
 20
15150.962372117216
 10
36671.651155495136
 20
15229.824865614704
 10
36671.651155495136
 20
16767.643488815673
  0
LWPOLYLINE
  5
114
330
17
100
AcDbEntity
  8
RASTER_CONTOURS
100
AcDbPolyline
 90
12
 70
1
 10
40998.95430304298
 20
16846.505982313156
 10
41036.91310258287
 20
16885.9372290619
 10
41644.25389522117
 20
16885.9372290619
 10
41720.17149430095
 20
16807.074735564416
 10
41682.21269476106
 20
16728.21224206693
 10
41720.17149430095
 20
16570.48725507196
 10
41644.25389522117
 20
16491.624761574476
 10
41568.336296141366
 20
16491.624761574476
 10
41530.377496601475
 20
16412.762268076985
 10
41454.4598975217
 20
16491.624761574476
 10
41036.91310258287
 20
16491.624761574476
 10
40998.95430304298
 20
16531.056008323216
  0
LWPOLYLINE
  5
115
330
17
100
AcDbEntity
  8
RASTER_CONTOURS
100
AcDbPolyline
 90
4
 70
1
 10
25587.681689846282
 20
16885.9372290619
 10
25549.722890306388
 20
16846.505982313156
 10
25549.722890306388
 20
16688.780995318186
 10
25663.599288926067
 20
16649.349748569446
  0
LWPOLYLINE
  5
116
330
17
100
AcDbEntity
  8
RASTER_CONTOURS
100
AcDbPolyline
 90
13
 70
1
 10
30598.2432291122
 20
16885.9372290619
 10
30674.160828191987
 20
16964.79972255939
 10
31167.6252222106
 20
16964.79972255939
 10
31319.460420370175
 20
16885.9372290619
 10
31319.460420370175
 20
16609.918501820703
 10
31243.542821290386
 20
16531.056008323216
 10
31129.666422670707
 20
16531.056008323216
 10
31091.707623130813
 20
16491.624761574476
 10
31015.790024051028
 20
16531.056008323216
 10
30712.119627731878
 20
16491.624761574476
 10
30598.2432291122
 20
16609.918501820703
 10
30598.2432291122
 20
16728.21224206693
 10
30636.202028652093
 20
16767.643488815673
  0
LWPOLYLINE
  5
117
330
17
100
AcDbEntity
  8
RASTER_CONTOURS
100
AcDbPolyline
 90
12
 70
1
 10
50109.06619261738
 20
16570.48725507196
 10
50222.94259123705
 20
16531.056008323216
 10
50336.818989856736
 20
16649.349748569446
 10
50450.69538847641
 20
16925.368475810646
 10
50640.489386175876
 20
16925.368475810646
 10
50716.40698525568
 20
16964.79972255939
 10
50678.448185715766
 20
17043.662216056873
 10
50033.14859353758
 20
17043.662216056873
 10
50033.14859353758
 20
16964.79972255939
 10
50298.860190316846
 20
16885.9372290619
 10
50260.90139077694
 20
16728.21224206693
 10
50184.98379169716
 20
16688.780995318186
  0
LWPOLYLINE
  5
118
330
17
100
AcDbEntity
  8
RASTER_CONTOURS
100
AcDbPolyline
 90
8
 70
1
 10
44073.617065774335
 20
17004.23096930813
 10
44149.534664854116
 20
17083.093462805617
 10
44718.916657952526
 20
17083.093462805617
 10
44756.87545749242
 20
17043.662216056873
 10
44756.87545749242
 20
16767.643488815673
 10
44680.957858412636
 20
16688.780995318186
 10
44149.534664854116
 20
16688.780995318186
 10
44073.617065774335
 20
16767.643488815673
  0
LWPOLYLINE
  5
119
330
17
100
AcDbEntity
  8
RASTER_CONTOURS
100
AcDbPolyline
 90
29
 70
1
 10
22816.689323434064
 20
17122.52470955436
 10
23386.071316532467
 20
17122.52470955436
 10
23461.98891561225
 20
17043.662216056873
 10
23461.98891561225
 20
16885.9372290619
 10
23499.947715152146
 20
16846.505982313156
 10
23575.86531423193
 20
16846.505982313156
 10
23575.86531423193
 20
17043.662216056873
 10
23651.78291331172
 20
17122.52470955436
 10
24221.16490641012
 20
17122.52470955436
 10
24297.082505489907
 20
17043.662216056873
 10
24335.041305029798
 20
16767.643488815673
 10
24259.123705950013
 20
16649.349748569446
 10
24259.123705950013
 20
16176.174787584532
 10
24183.206106870228
 20
16018.44980058956
 10
24183.206106870228
 20
15900.156060343328
 10
24335.041305029798
 20
15860.72481359459
 10
24373.00010456969
 20
15781.862320097101
 10
24297.082505489907
 20
15702.999826599618
 10
24297.082505489907
 20
15505.843592855903
 10
24221.16490641012
 20
15426.981099358414
 10
23651.78291331172
 20
15426.981099358414
 10
23575.86531423193
 20
15505.843592855903
 10
23575.86531423193
 20
15742.431073348358
 10
23461.98891561225
 20
15702.999826599618
 10
23461.98891561225
 20
15505.843592855903
 10
23386.071316532467
 20
15426.981099358414
 10
22892.606922513853
 20
15426.981099358414
 10
22740.77172435428
 20
15545.274839604646
 10
22740.77172435428
 20
17043.662216056873
  0
LWPOLYLINE
  5
11A
330
17
100
AcDbEntity
  8
RASTER_CONTOURS
100
AcDbPolyline
 90
11
 70
1
 10
48514.79661194185
 20
17161.9559563031
 10
49008.26100596047
 20
17161.9559563031
 10
49084.17860504025
 20
17083.093462805617
 10
49084.17860504025
 20
16136.743540835789
 10
49122.13740458014
 20
16018.44980058956
 10
49084.17860504025
 20
15979.018553840817
 10
49084.17860504025
 20
15545.274839604646
 10
49008.26100596047
 20
15466.41234610716
 10
48476.83781240196
 20
15466.41234610716
 10
48400.92021332218
 20
15545.274839604646
 10
48400.92021332218
 20
17043.662216056873
  0
LWPOLYLINE
  5
11B
330
17
100
AcDbEntity
  8
RASTER_CONTOURS
100
AcDbPolyline
 90
85
 70
1
 10
45857.68064414932
 20
17083.093462805617
 10
45933.5982432291
 20
17161.9559563031
 10
46502.98023632751
 20
17161.9559563031
 10
46578.89783540728
 20
17083.093462805617
 10
46578.89783540728
 20
16649.349748569446
 10
46616.856634947195
 20
16531.056008323216
 10
46427.06263724773
 20
16373.331021328242
 10
46313.18623862803
 20
16491.624761574476
 10
46275.22743908815
 20
16452.19351482573
 10
46351.145038167924
 20
16333.899774579504
 10
46351.145038167924
 20
16255.037281082015
 10
46237.26863954826
 20
16136.743540835789
 10
46237.26863954826
 20
15939.587307092073
 10
46351.145038167924
 20
15860.72481359459
 10
46237.26863954826
 20
15702.999826599618
 10
46275.22743908815
 20
15663.568579850875
 10
46389.10383770784
 20
15663.568579850875
 10
46540.9390358674
 20
15781.862320097101
 10
46616.856634947195
 20
15663.568579850875
 10
46730.73303356687
 20
15742.431073348358
 10
46958.485830806225
 20
15663.568579850875
 10
47034.40342988602
 20
15702.999826599618
 10
47034.40342988602
 20
15781.862320097101
 10
46958.485830806225
 20
15821.293566845845
 10
46958.485830806225
 20
15860.72481359459
 10
47034.40342988602
 20
15900.156060343328
 10
47034.40342988602
 20
16018.44980058956
 10
46958.485830806225
 20
16057.8810473383
 10
46996.444630346115
 20
16097.312294087043
 10
46996.444630346115
 20
16215.606034333272
 10
46920.527031266334
 20
16255.037281082015
 10
46996.444630346115
 20
16373.331021328242
 10
46996.444630346115
 20
16452.19351482573
 10
46958.485830806225
 20
16491.624761574476
 10
46806.65063264666
 20
16412.762268076985
 10
46692.774234026976
 20
16531.056008323216
 10
46692.774234026976
 20
16649.349748569446
 10
46730.73303356687
 20
16688.780995318186
 10
46730.73303356687
 20
17122.52470955436
 10
46768.69183310676
 20
17161.9559563031
 10
47338.07382620516
 20
17161.9559563031
 10
47413.99142528494
 20
17083.093462805617
 10
47413.99142528494
 20
16649.349748569446
 10
47451.950224824854
 20
16609.918501820703
 10
47262.15622712538
 20
16491.624761574476
 10
47262.15622712538
 20
16255.037281082015
 10
47224.19742758547
 20
16215.606034333272
 10
47262.15622712538
 20
16136.743540835789
 10
47224.19742758547
 20
16097.312294087043
 10
47224.19742758547
 20
15900.156060343328
 10
47148.27982850569
 20
15742.431073348358
 10
47338.07382620516
 20
15624.13733310213
 10
47793.57942068388
 20
15624.13733310213
 10
47831.53822022377
 20
15663.568579850875
 10
47945.41461884346
 20
15663.568579850875
 10
47945.41461884346
 20
15742.431073348358
 10
47869.49701976366
 20
15821.293566845845
 10
47945.41461884346
 20
16097.312294087043
 10
47945.41461884346
 20
16491.624761574476
 10
47907.45581930357
 20
16531.056008323216
 10
47603.78542298441
 20
16531.056008323216
 10
47527.86782390463
 20
16609.918501820703
 10
47565.82662344452
 20
16728.21224206693
 10
47565.82662344452
 20
17083.093462805617
 10
47679.70302206421
 20
17161.9559563031
 10
48211.12621562271
 20
17161.9559563031
 10
48287.04381470249
 20
17004.23096930813
 10
48249.0850151626
 20
16885.9372290619
 10
48287.04381470249
 20
16846.505982313156
 10
48287.04381470249
 20
16649.349748569446
 10
48249.0850151626
 20
16609.918501820703
 10
48249.0850151626
 20
15545.274839604646
 10
48173.16741608282
 20
15466.41234610716
 10
47641.7442225243
 20
15466.41234610716
 10
47527.86782390463
 20
15545.274839604646
 10
47451.950224824854
 20
15545.274839604646
 10
47338.07382620516
 20
15466.41234610716
 10
46806.65063264666
 20
15466.41234610716
 10
46654.815434487085
 20
15584.706086353386
 10
46465.02143678762
 20
15466.41234610716
 10
45933.5982432291
 20
15466.41234610716
 10
45857.68064414932
 20
15584.706086353386
 10
45895.63944368921
 20
15624.13733310213
 10
45895.63944368921
 20
15742.431073348358
 10
45857.68064414932
 20
15781.862320097101
  0
LWPOLYLINE
  5
11C
330
17
100
AcDbEntity
  8
RASTER_CONTOURS
100
AcDbPolyline
 90
12
 70
1
 10
45060.545853811556
 20
17161.9559563031
 10
45667.88664644985
 20
17161.9559563031
 10
45743.804245529645
 20
17043.662216056873
 10
45743.804245529645
 20
16176.174787584532
 10
45705.84544598974
 20
16136.743540835789
 10
45743.804245529645
 20
15584.706086353386
 10
45629.92784690996
 20
15466.41234610716
 10
45554.01024783018
 20
15505.843592855903
 10
45174.42225243124
 20
15505.843592855903
 10
45098.50465335146
 20
15466.41234610716
 10
44984.628254731775
 20
15584.706086353386
 10
44984.628254731775
 20
17043.662216056873
  0
LWPOLYLINE
  5
11D
330
17
100
AcDbEntity
  8
RASTER_CONTOURS
100
AcDbPolyline
 90
11
 70
1
 10
35001.463975739825
 20
17280.24969654933
 10
35570.84596883823
 20
17280.24969654933
 10
35684.72236745791
 20
17201.387203051843
 10
35684.72236745791
 20
15702.999826599618
 10
35608.80476837812
 20
15584.706086353386
 10
35001.463975739825
 20
15584.706086353386
 10
34963.505176199935
 20
15624.13733310213
 10
34963.505176199935
 20
15742.431073348358
 10
34925.54637666004
 20
15781.862320097101
 10
34963.505176199935
 20
15821.293566845845
 10
34963.505176199935
 20
17240.818449800587
  0
LWPOLYLINE
  5
11E
330
17
100
AcDbEntity
  8
RASTER_CONTOURS
100
AcDbPolyline
 90
20
 70
1
 10
34166.370385862174
 20
17280.24969654933
 10
34735.75237896058
 20
17280.24969654933
 10
34811.66997804036
 20
17201.387203051843
 10
34811.66997804036
 20
15663.568579850875
 10
34735.75237896058
 20
15584.706086353386
 10
34128.41158632228
 20
15584.706086353386
 10
34052.493987242495
 20
15663.568579850875
 10
34090.452786782385
 20
15742.431073348358
 10
34356.16438356164
 20
15742.431073348358
 10
34507.99958172122
 20
15821.293566845845
 10
34394.12318310153
 20
15939.587307092073
 10
34470.04078218132
 20
16097.312294087043
 10
34432.08198264143
 20
16136.743540835789
 10
34470.04078218132
 20
16255.037281082015
 10
34470.04078218132
 20
16570.48725507196
 10
34394.12318310153
 20
16649.349748569446
 10
34128.41158632228
 20
16649.349748569446
 10
34052.493987242495
 20
16728.21224206693
 10
34090.452786782385
 20
16767.643488815673
 10
34090.452786782385
 20
17201.387203051843
  0
LWPOLYLINE
  5
11F
330
17
100
AcDbEntity
  8
RASTER_CONTOURS
100
AcDbPolyline
 90
34
 70
1
 10
33293.317996444624
 20
17280.24969654933
 10
33900.65878908292
 20
17280.24969654933
 10
33976.576388162706
 20
17161.9559563031
 10
33976.576388162706
 20
16767.643488815673
 10
34014.5351877026
 20
16728.21224206693
 10
33938.617588622816
 20
16649.349748569446
 10
33824.74119000314
 20
16649.349748569446
 10
33786.78239046324
 20
16609.918501820703
 10
33786.78239046324
 20
16215.606034333272
 10
33672.90599184356
 20
15900.156060343328
 10
33710.86479138346
 20
15781.862320097101
 10
33862.69998954303
 20
15781.862320097101
 10
34014.5351877026
 20
15702.999826599618
 10
33824.74119000314
 20
15545.274839604646
 10
33748.82359092335
 20
15584.706086353386
 10
33672.90599184356
 20
15545.274839604646
 10
33596.98839276378
 20
15584.706086353386
 10
33407.1943950643
 20
15584.706086353386
 10
33369.23559552441
 20
15545.274839604646
 10
33179.441597824945
 20
15702.999826599618
 10
33255.359196904734
 20
15900.156060343328
 10
33445.1531946042
 20
15781.862320097101
 10
33559.02959322388
 20
15821.293566845845
 10
33483.11199414409
 20
15939.587307092073
 10
33559.02959322388
 20
16057.8810473383
 10
33521.07079368398
 20
16294.468527830759
 10
33445.1531946042
 20
16373.331021328242
 10
33521.07079368398
 20
16531.056008323216
 10
33483.11199414409
 20
16609.918501820703
 10
33369.23559552441
 20
16531.056008323216
 10
33217.40039736484
 20
16609.918501820703
 10
33217.40039736484
 20
16807.074735564416
 10
33255.359196904734
 20
16846.505982313156
 10
33217.40039736484
 20
17043.662216056873
  0
LWPOLYLINE
  5
120
330
17
100
AcDbEntity
  8
RASTER_CONTOURS
100
AcDbPolyline
 90
26
 70
1
 10
32420.265607027082
 20
17280.24969654933
 10
33027.606399665376
 20
17280.24969654933
 10
33103.523998745164
 20
17201.387203051843
 10
33103.523998745164
 20
16767.643488815673
 10
33141.482798285055
 20
16688.780995318186
 10
33103.523998745164
 20
16609.918501820703
 10
32989.64760012548
 20
16531.056008323216
 10
32913.7300010457
 20
16531.056008323216
 10
32837.81240196591
 20
16609.918501820703
 10
32799.85360242601
 20
16491.624761574476
 10
32875.7712015058
 20
16373.331021328242
 10
32761.89480288612
 20
16294.468527830759
 10
32761.89480288612
 20
16057.8810473383
 10
32875.7712015058
 20
15979.018553840817
 10
32761.89480288612
 20
15821.293566845845
 10
32875.7712015058
 20
15781.862320097101
 10
33065.565199205266
 20
15900.156060343328
 10
33141.482798285055
 20
15781.862320097101
 10
33141.482798285055
 20
15663.568579850875
 10
33027.606399665376
 20
15584.706086353386
 10
32837.81240196591
 20
15584.706086353386
 10
32799.85360242601
 20
15545.274839604646
 10
32761.89480288612
 20
15584.706086353386
 10
32420.265607027082
 20
15584.706086353386
 10
32382.306807487184
 20
15624.13733310213
 10
32382.306807487184
 20
17240.818449800587
  0
LWPOLYLINE
  5
121
330
17
100
AcDbEntity
  8
RASTER_CONTOURS
100
AcDbPolyline
 90
11
 70
1
 10
31623.130816689318
 20
17280.24969654933
 10
32192.51280978772
 20
17280.24969654933
 10
32268.430408867505
 20
17201.387203051843
 10
32268.430408867505
 20
15781.862320097101
 10
32192.51280978772
 20
15584.706086353386
 10
31964.760012548362
 20
15584.706086353386
 10
31888.842413468574
 20
15545.274839604646
 10
31850.88361392868
 20
15584.706086353386
 10
31623.130816689318
 20
15584.706086353386
 10
31547.213217609533
 20
15663.568579850875
 10
31547.213217609533
 20
17201.387203051843
  0
LWPOLYLINE
  5
122
330
17
100
AcDbEntity
  8
RASTER_CONTOURS
100
AcDbPolyline
 90
6
 70
1
 10
50147.02499215727
 20
17280.24969654933
 10
50184.98379169716
 20
17201.387203051843
 10
50526.612987556204
 20
17201.387203051843
 10
50564.571787096094
 20
17240.818449800587
 10
50526.612987556204
 20
17319.680943298077
 10
50184.98379169716
 20
17319.680943298077
  0
LWPOLYLINE
  5
123
330
17
100
AcDbEntity
  8
RASTER_CONTOURS
100
AcDbPolyline
 90
16
 70
1
 10
37430.827146293
 20
17595.699670539274
 10
37506.74474537279
 20
17674.562164036757
 10
39063.05552650841
 20
17674.562164036757
 10
39138.9731255882
 20
17595.699670539274
 10
39138.9731255882
 20
17161.9559563031
 10
39138.9731255882
 20
17477.405930293047
 10
39214.89072466799
 20
17674.562164036757
 10
40695.283906723824
 20
17674.562164036757
 10
40809.16030534351
 20
17595.699670539274
 10
40809.16030534351
 20
17004.23096930813
 10
40733.242706263714
 20
16925.368475810646
 10
39214.89072466799
 20
16925.368475810646
 10
39138.9731255882
 20
17043.662216056873
 10
39063.05552650841
 20
16925.368475810646
 10
37582.66234445257
 20
16925.368475810646
 10
37430.827146293
 20
17043.662216056873
  0
LWPOLYLINE
  5
124
330
17
100
AcDbEntity
  8
RASTER_CONTOURS
100
AcDbPolyline
 90
8
 70
1
 10
36633.69235595524
 20
17635.130917288017
 10
36671.651155495136
 20
17674.562164036757
 10
37354.90954721321
 20
17674.562164036757
 10
37430.827146293
 20
17595.699670539274
 10
37430.827146293
 20
17043.662216056873
 10
37354.90954721321
 20
16964.79972255939
 10
36671.651155495136
 20
16964.79972255939
 10
36595.73355641535
 20
17083.093462805617
  0
LWPOLYLINE
  5
125
330
17
100
AcDbEntity
  8
RASTER_CONTOURS
100
AcDbPolyline
 90
9
 70
1
 10
44035.658266234444
 20
17753.424657534244
 10
44301.36986301369
 20
17753.424657534244
 10
44377.287462093474
 20
17635.130917288017
 10
44339.328662553584
 20
17556.26842379053
 10
44377.287462093474
 20
17437.974683544304
 10
44263.4110634738
 20
17280.24969654933
 10
44073.617065774335
 20
17280.24969654933
 10
43997.699466694554
 20
17359.112190046813
 10
43997.699466694554
 20
17713.9934107855
  0
LWPOLYLINE
  5
126
330
17
100
AcDbEntity
  8
RASTER_CONTOURS
100
AcDbPolyline
 90
8
 70
1
 10
22702.812924814385
 20
17832.287151031727
 10
22778.730523894174
 20
17950.58089127796
 10
24259.123705950013
 20
17950.58089127796
 10
24373.00010456969
 20
17792.85590428299
 10
24373.00010456969
 20
17280.24969654933
 10
24297.082505489907
 20
17201.387203051843
 10
22816.689323434064
 20
17201.387203051843
 10
22702.812924814385
 20
17319.680943298077
  0
LWPOLYLINE
  5
127
330
17
100
AcDbEntity
  8
RASTER_CONTOURS
100
AcDbPolyline
 90
25
 70
1
 10
45781.763045069536
 20
17753.424657534244
 10
45819.72184460943
 20
17792.85590428299
 10
45819.72184460943
 20
17911.149644529218
 10
45895.63944368921
 20
17990.0121380267
 10
47413.99142528494
 20
17990.0121380267
 10
47489.909024364744
 20
17911.149644529218
 10
47489.909024364744
 20
17437.974683544304
 10
47527.86782390463
 20
17516.837177041787
 10
47489.909024364744
 20
17595.699670539274
 10
47527.86782390463
 20
17911.149644529218
 10
47641.7442225243
 20
17990.0121380267
 10
49046.21980550036
 20
17990.0121380267
 10
49160.09620412003
 20
17871.718397780474
 10
49160.09620412003
 20
17359.112190046813
 10
49046.21980550036
 20
17240.818449800587
 10
47641.7442225243
 20
17240.818449800587
 10
47527.86782390463
 20
17359.112190046813
 10
47489.909024364744
 20
17359.112190046813
 10
47413.99142528494
 20
17240.818449800587
 10
46730.73303356687
 20
17240.818449800587
 10
46692.774234026976
 20
17280.24969654933
 10
46578.89783540728
 20
17280.24969654933
 10
46540.9390358674
 20
17240.818449800587
 10
45933.5982432291
 20
17240.818449800587
 10
45781.763045069536
 20
17359.112190046813
  0
LWPOLYLINE
  5
128
330
17
100
AcDbEntity
  8
RASTER_CONTOURS
100
AcDbPolyline
 90
10
 70
1
 10
44984.628254731775
 20
17950.58089127796
 10
45022.587054271666
 20
17990.0121380267
 10
45705.84544598974
 20
17990.0121380267
 10
45781.763045069536
 20
17792.85590428299
 10
45781.763045069536
 20
17319.680943298077
 10
45667.88664644985
 20
17240.818449800587
 10
45174.42225243124
 20
17240.818449800587
 10
45136.46345289135
 20
17280.24969654933
 10
45022.587054271666
 20
17280.24969654933
 10
44984.628254731775
 20
17319.680943298077
  0
LWPOLYLINE
  5
129
330
17
100
AcDbEntity
  8
RASTER_CONTOURS
100
AcDbPolyline
 90
43
 70
1
 10
24524.83530272927
 20
17990.0121380267
 10
25094.217295827664
 20
17990.0121380267
 10
25170.134894907453
 20
17871.718397780474
 10
25170.134894907453
 20
16373.331021328242
 10
25132.17609536756
 20
16333.899774579504
 10
25132.17609536756
 20
16215.606034333272
 10
25170.134894907453
 20
16176.174787584532
 10
25170.134894907453
 20
15505.843592855903
 10
25132.17609536756
 20
15466.41234610716
 10
25132.17609536756
 20
15348.118605860931
 10
25170.134894907453
 20
15308.687359112188
 10
25170.134894907453
 20
14598.924917634818
 10
25018.29969674788
 20
14520.06242413733
 10
24904.4232981282
 20
14520.06242413733
 10
24866.464498588306
 20
14559.493670886075
 10
24486.87650318937
 20
14559.493670886075
 10
24410.958904109586
 20
14638.356164383558
 10
24410.958904109586
 20
14756.64990462979
 10
24448.917703649484
 20
14796.081151378528
 10
24410.958904109586
 20
14835.512398127274
 10
24410.958904109586
 20
15032.668631870989
 10
24448.917703649484
 20
15072.099878619732
 10
24448.917703649484
 20
15229.824865614704
 10
24410.958904109586
 20
15269.256112363444
 10
24448.917703649484
 20
15387.549852609674
 10
24410.958904109586
 20
15426.981099358414
 10
24410.958904109586
 20
15742.431073348358
 10
24373.00010456969
 20
15821.293566845845
 10
24410.958904109586
 20
15860.72481359459
 10
24980.340897207985
 20
15860.72481359459
 10
24980.340897207985
 20
15939.587307092073
 10
24866.464498588306
 20
16018.44980058956
 10
24942.382097668095
 20
16136.743540835789
 10
24942.382097668095
 20
16294.468527830759
 10
24980.340897207985
 20
16333.899774579504
 10
24942.382097668095
 20
16688.780995318186
 10
24904.4232981282
 20
16728.21224206693
 10
24410.958904109586
 20
16728.21224206693
 10
24373.00010456969
 20
16767.643488815673
 10
24448.917703649484
 20
16925.368475810646
 10
24448.917703649484
 20
17201.387203051843
 10
24410.958904109586
 20
17240.818449800587
 10
24448.917703649484
 20
17911.149644529218
  0
LWPOLYLINE
  5
12A
330
17
100
AcDbEntity
  8
RASTER_CONTOURS
100
AcDbPolyline
 90
16
 70
1
 10
21981.595733556413
 20
17990.0121380267
 10
22550.97772665481
 20
17990.0121380267
 10
22626.8953257346
 20
17911.149644529218
 10
22626.8953257346
 20
16412.762268076985
 10
22513.01892711492
 20
16294.468527830759
 10
22626.8953257346
 20
16176.174787584532
 10
22626.8953257346
 20
14914.37489162476
 10
22588.936526194706
 20
14874.943644876017
 10
22626.8953257346
 20
14677.787411132302
 10
22550.97772665481
 20
14559.493670886075
 10
21981.595733556413
 20
14559.493670886075
 10
21905.678134476624
 20
14638.356164383558
 10
21905.678134476624
 20
16176.174787584532
 10
21981.595733556413
 20
16294.468527830759
 10
21905.678134476624
 20
16452.19351482573
 10
21905.678134476624
 20
17911.149644529218
  0
LWPOLYLINE
  5
12B
330
17
100
AcDbEntity
  8
RASTER_CONTOURS
100
AcDbPolyline
 90
15
 70
1
 10
40960.99550350307
 20
18068.874631524188
 10
41758.13029384084
 20
18068.874631524188
 10
41834.04789292064
 20
17990.0121380267
 10
41720.17149430095
 20
17635.130917288017
 10
41720.17149430095
 20
17319.680943298077
 10
41796.08909338073
 20
17201.387203051843
 10
41796.08909338073
 20
17043.662216056873
 10
41758.13029384084
 20
17004.23096930813
 10
41682.21269476106
 20
17043.662216056873
 10
41644.25389522117
 20
17004.23096930813
 10
40960.99550350307
 20
17004.23096930813
 10
40923.03670396318
 20
17043.662216056873
 10
40923.03670396318
 20
17161.9559563031
 10
40885.07790442329
 20
17201.387203051843
 10
40885.07790442329
 20
17950.58089127796
  0
LWPOLYLINE
  5
12C
330
17
100
AcDbEntity
  8
RASTER_CONTOURS
100
AcDbPolyline
 90
8
 70
1
 10
34887.587577120146
 20
17990.0121380267
 10
35039.422775279716
 20
18108.30587827293
 10
35646.76356791802
 20
18068.874631524188
 10
35722.6811669978
 20
17990.0121380267
 10
35722.6811669978
 20
17437.974683544304
 10
35646.76356791802
 20
17359.112190046813
 10
35001.463975739825
 20
17359.112190046813
 10
34887.587577120146
 20
17477.405930293047
  0
LWPOLYLINE
  5
12D
330
17
100
AcDbEntity
  8
RASTER_CONTOURS
100
AcDbPolyline
 90
10
 70
1
 10
33179.441597824945
 20
17990.0121380267
 10
33293.317996444624
 20
18108.30587827293
 10
34773.71117850047
 20
18108.30587827293
 10
34887.587577120146
 20
18029.443384775444
 10
34887.587577120146
 20
17477.405930293047
 10
34735.75237896058
 20
17359.112190046813
 10
33407.1943950643
 20
17359.112190046813
 10
33369.23559552441
 20
17398.54343679556
 10
33293.317996444624
 20
17359.112190046813
 10
33179.441597824945
 20
17477.405930293047
  0
LWPOLYLINE
  5
12E
330
17
100
AcDbEntity
  8
RASTER_CONTOURS
100
AcDbPolyline
 90
12
 70
1
 10
31509.25441806964
 20
17950.58089127796
 10
31623.130816689318
 20
18108.30587827293
 10
33065.565199205266
 20
18108.30587827293
 10
33179.441597824945
 20
17950.58089127796
 10
33141.482798285055
 20
17437.974683544304
 10
33027.606399665376
 20
17359.112190046813
 10
32534.14200564676
 20
17359.112190046813
 10
32496.183206106867
 20
17398.54343679556
 10
32458.224406566977
 20
17359.112190046813
 10
31699.04841576911
 20
17359.112190046813
 10
31585.17201714943
 20
17398.54343679556
 10
31509.25441806964
 20
17516.837177041787
  0
LWPOLYLINE
  5
12F
330
17
100
AcDbEntity
  8
RASTER_CONTOURS
100
AcDbPolyline
 90
12
 70
1
 10
30598.2432291122
 20
18147.737125021675
 10
31319.460420370175
 20
18147.737125021675
 10
31433.336818989854
 20
18029.443384775444
 10
31433.336818989854
 20
17201.387203051843
 10
31357.419219910065
 20
17043.662216056873
 10
30560.284429572308
 20
17043.662216056873
 10
30522.325630032414
 20
17083.093462805617
 10
30522.325630032414
 20
17240.818449800587
 10
30636.202028652093
 20
17477.405930293047
 10
30598.2432291122
 20
17713.9934107855
 10
30522.325630032414
 20
17871.718397780474
 10
30522.325630032414
 20
18068.874631524188
  0
LWPOLYLINE
  5
130
330
17
100
AcDbEntity
  8
RASTER_CONTOURS
100
AcDbPolyline
 90
45
 70
1
 10
26992.157272822336
 20
18108.30587827293
 10
27447.662867301053
 20
18108.30587827293
 10
27523.580466380838
 20
17990.0121380267
 10
27599.498065460626
 20
18187.168371770415
 10
28130.921259019135
 20
18187.168371770415
 10
28168.880058559025
 20
18147.737125021675
 10
28168.880058559025
 20
17871.718397780474
 10
28206.83885809892
 20
17832.287151031727
 10
28168.880058559025
 20
17437.974683544304
 10
28206.83885809892
 20
17359.112190046813
 10
28092.96245947924
 20
17201.387203051843
 10
28130.921259019135
 20
17161.9559563031
 10
28130.921259019135
 20
17004.23096930813
 10
28055.003659939346
 20
16885.9372290619
 10
28092.96245947924
 20
16807.074735564416
 10
28017.044860399456
 20
16570.48725507196
 10
27941.127261319667
 20
16570.48725507196
 10
27865.209662239882
 20
16491.624761574476
 10
27789.292063160094
 20
16531.056008323216
 10
27106.033671442015
 20
16531.056008323216
 10
27030.116072362227
 20
16649.349748569446
 10
27030.116072362227
 20
16885.9372290619
 10
27068.07487190212
 20
16925.368475810646
 10
27068.07487190212
 20
17043.662216056873
 10
27143.992470981906
 20
17122.52470955436
 10
27295.82766914148
 20
17122.52470955436
 10
27333.786468681374
 20
17083.093462805617
 10
27789.292063160094
 20
17083.093462805617
 10
27827.250862699988
 20
17122.52470955436
 10
27941.127261319667
 20
17122.52470955436
 10
27941.127261319667
 20
17161.9559563031
 10
27827.250862699988
 20
17201.387203051843
 10
27371.745268221268
 20
17201.387203051843
 10
27333.786468681374
 20
17161.9559563031
 10
27106.033671442015
 20
17201.387203051843
 10
26992.157272822336
 20
17004.23096930813
 10
26954.198473282442
 20
17043.662216056873
 10
26954.198473282442
 20
17437.974683544304
 10
27030.116072362227
 20
17516.837177041787
 10
27106.033671442015
 20
17516.837177041787
 10
27030.116072362227
 20
17516.837177041787
 10
26916.239673742544
 20
17635.130917288017
 10
26954.198473282442
 20
17713.9934107855
 10
26916.239673742544
 20
17753.424657534244
 10
26916.239673742544
 20
17990.0121380267
  0
LWPOLYLINE
  5
131
330
17
100
AcDbEntity
  8
RASTER_CONTOURS
100
AcDbPolyline
 90
15
 70
1
 10
50640.489386175876
 20
18226.599618519158
 10
50147.02499215727
 20
18226.599618519158
 10
50071.10739307749
 20
18187.168371770415
 10
50147.02499215727
 20
18108.30587827293
 10
50222.94259123705
 20
18147.737125021675
 10
50450.69538847641
 20
18108.30587827293
 10
50488.65418801631
 20
18147.737125021675
 10
50564.571787096094
 20
18068.874631524188
 10
50488.65418801631
 20
17871.718397780474
 10
50298.860190316846
 20
17674.562164036757
 10
50184.98379169716
 20
17635.130917288017
 10
50184.98379169716
 20
17556.26842379053
 10
50336.818989856736
 20
17556.26842379053
 10
50564.571787096094
 20
17792.85590428299
 10
50678.448185715766
 20
18108.30587827293
  0
LWPOLYLINE
  5
132
330
17
100
AcDbEntity
  8
RASTER_CONTOURS
100
AcDbPolyline
 90
22
 70
1
 10
25397.887692146815
 20
18266.030865267905
 10
26460.734079263828
 20
18266.030865267905
 10
26688.486876503186
 20
18187.168371770415
 10
26764.40447558297
 20
17674.562164036757
 10
26726.44567604308
 20
17556.26842379053
 10
26612.5692774234
 20
17437.974683544304
 10
26612.5692774234
 20
17201.387203051843
 10
26688.486876503186
 20
17122.52470955436
 10
26688.486876503186
 20
16491.624761574476
 10
26612.5692774234
 20
16412.762268076985
 10
25473.8052912266
 20
16412.762268076985
 10
25359.928892606917
 20
16491.624761574476
 10
25359.928892606917
 20
17083.093462805617
 10
25435.84649168671
 20
17161.9559563031
 10
26081.146083864896
 20
17161.9559563031
 10
26157.06368294468
 20
17240.818449800587
 10
26119.104883404783
 20
17516.837177041787
 10
26119.104883404783
 20
17437.974683544304
 10
26005.228484785104
 20
17359.112190046813
 10
25359.928892606917
 20
17359.112190046813
 10
25284.01129352713
 20
17516.837177041787
 10
25284.01129352713
 20
18147.737125021675
  0
LWPOLYLINE
  5
133
330
17
100
AcDbEntity
  8
RASTER_CONTOURS
100
AcDbPolyline
 90
6
 70
1
 10
12529.854648122971
 20
18936.362059996532
 10
12567.813447662864
 20
18975.793306745272
 10
12833.525044442118
 20
18975.793306745272
 10
12871.483843982012
 20
18857.499566499046
 10
12833.525044442118
 20
18818.068319750302
 10
12567.813447662864
 20
18818.068319750302
  0
LWPOLYLINE
  5
134
330
17
100
AcDbEntity
  8
RASTER_CONTOURS
100
AcDbPolyline
 90
6
 70
1
 10
14769.423820976679
 20
19015.224553494016
 10
14883.300219596358
 20
19054.65580024276
 10
14921.259019136254
 20
19015.224553494016
 10
14921.259019136254
 20
18896.93081324779
 10
14807.382620516571
 20
18857.499566499046
 10
14769.423820976679
 20
18896.93081324779
  0
LWPOLYLINE
  5
135
330
17
100
AcDbEntity
  8
RASTER_CONTOURS
100
AcDbPolyline
 90
9
 70
1
 10
34887.587577120146
 20
18975.793306745272
 10
35039.422775279716
 20
19094.087046991503
 10
35532.88716929834
 20
19094.087046991503
 10
35646.76356791802
 20
19054.65580024276
 10
35722.6811669978
 20
18975.793306745272
 10
35722.6811669978
 20
18423.755852262875
 10
35646.76356791802
 20
18344.89335876539
 10
35001.463975739825
 20
18344.89335876539
 10
34887.587577120146
 20
18463.18709901162
  0
LWPOLYLINE
  5
136
330
17
100
AcDbEntity
  8
RASTER_CONTOURS
100
AcDbPolyline
 90
21
 70
1
 10
31509.25441806964
 20
18896.93081324779
 10
31585.17201714943
 20
19094.087046991503
 10
33065.565199205266
 20
19094.087046991503
 10
33179.441597824945
 20
19015.224553494016
 10
33255.359196904734
 20
19094.087046991503
 10
34773.71117850047
 20
19094.087046991503
 10
34887.587577120146
 20
19015.224553494016
 10
34887.587577120146
 20
18423.755852262875
 10
34811.66997804036
 20
18344.89335876539
 10
33255.359196904734
 20
18344.89335876539
 10
33179.441597824945
 20
18423.755852262875
 10
33179.441597824945
 20
18620.91208600659
 10
33141.482798285055
 20
18542.0495925091
 10
33179.441597824945
 20
18463.18709901162
 10
33103.523998745164
 20
18384.32460551413
 10
31850.88361392868
 20
18384.32460551413
 10
31812.92481438879
 20
18344.89335876539
 10
31623.130816689318
 20
18344.89335876539
 10
31547.213217609533
 20
18423.755852262875
 10
31547.213217609533
 20
18542.0495925091
 10
31509.25441806964
 20
18581.480839257845
  0
LWPOLYLINE
  5
137
330
17
100
AcDbEntity
  8
RASTER_CONTOURS
100
AcDbPolyline
 90
4
 70
1
 10
50336.818989856736
 20
19212.380787237733
 10
50336.818989856736
 20
18542.0495925091
 10
50374.77778939663
 20
18542.0495925091
 10
50374.77778939663
 20
19212.380787237733
  0
LWPOLYLINE
  5
138
330
17
100
AcDbEntity
  8
RASTER_CONTOURS
100
AcDbPolyline
 90
11
 70
1
 10
28358.674056258493
 20
19291.243280735216
 10
28510.50925441807
 20
19291.243280735216
 10
28548.468053957957
 20
19251.812033986476
 10
28548.468053957957
 20
17477.405930293047
 10
28510.50925441807
 20
17437.974683544304
 10
28358.674056258493
 20
17437.974683544304
 10
28282.756457178704
 20
17516.837177041787
 10
28282.756457178704
 20
18305.46211201665
 10
28244.797657638814
 20
18344.89335876539
 10
28282.756457178704
 20
18384.32460551413
 10
28282.756457178704
 20
19133.518293740242
  0
LWPOLYLINE
  5
139
330
17
100
AcDbEntity
  8
RASTER_CONTOURS
100
AcDbPolyline
 90
18
 70
1
 10
40998.95430304298
 20
19370.105774232703
 10
41530.377496601475
 20
19370.105774232703
 10
41568.336296141366
 20
19330.67452748396
 10
41644.25389522117
 20
19370.105774232703
 10
41834.04789292064
 20
19291.243280735216
 10
41682.21269476106
 20
18857.499566499046
 10
41796.08909338073
 20
18581.480839257845
 10
41796.08909338073
 20
18344.89335876539
 10
41720.17149430095
 20
18266.030865267905
 10
41682.21269476106
 20
18305.46211201665
 10
41074.87190212276
 20
18266.030865267905
 10
40923.03670396318
 20
18344.89335876539
 10
40923.03670396318
 20
18502.61834576036
 10
40885.07790442329
 20
18542.0495925091
 10
40885.07790442329
 20
18818.068319750302
 10
40923.03670396318
 20
18857.499566499046
 10
40885.07790442329
 20
18896.93081324779
 10
40885.07790442329
 20
19251.812033986476
  0
LWPOLYLINE
  5
13A
330
17
100
AcDbEntity
  8
RASTER_CONTOURS
100
AcDbPolyline
 90
8
 70
1
 10
39176.9319251281
 20
19409.537020981446
 10
39214.89072466799
 20
19448.968267730186
 10
40733.242706263714
 20
19448.968267730186
 10
40809.16030534351
 20
19370.105774232703
 10
40809.16030534351
 20
18778.637073001562
 10
40733.242706263714
 20
18699.774579504072
 10
39290.80832374778
 20
18699.774579504072
 10
39176.9319251281
 20
18778.637073001562
  0
LWPOLYLINE
  5
13B
330
17
100
AcDbEntity
  8
RASTER_CONTOURS
100
AcDbPolyline
 90
15
 70
1
 10
30598.2432291122
 20
19448.968267730186
 10
30674.160828191987
 20
19409.537020981446
 10
31357.419219910065
 20
19409.537020981446
 10
31433.336818989854
 20
19291.243280735216
 10
31433.336818989854
 20
18423.755852262875
 10
31357.419219910065
 20
18344.89335876539
 10
31091.707623130813
 20
18305.46211201665
 10
31053.748823590922
 20
18344.89335876539
 10
30560.284429572308
 20
18344.89335876539
 10
30522.325630032414
 20
18384.32460551413
 10
30522.325630032414
 20
18581.480839257845
 10
30598.2432291122
 20
18699.774579504072
 10
30598.2432291122
 20
19094.087046991503
 10
30522.325630032414
 20
19212.380787237733
 10
30522.325630032414
 20
19370.105774232703
  0
LWPOLYLINE
  5
13C
330
17
100
AcDbEntity
  8
RASTER_CONTOURS
100
AcDbPolyline
 90
8
 70
1
 10
23082.40092021332
 20
19370.105774232703
 10
23158.31851929311
 20
19448.968267730186
 10
24638.711701348948
 20
19448.968267730186
 10
24752.588099968627
 20
19370.105774232703
 10
24752.588099968627
 20
18778.637073001562
 10
24638.711701348948
 20
18699.774579504072
 10
23158.31851929311
 20
18739.20582625282
 10
23082.40092021332
 20
18818.068319750302
  0
LWPOLYLINE
  5
13D
330
17
100
AcDbEntity
  8
RASTER_CONTOURS
100
AcDbPolyline
 90
10
 70
1
 10
37430.827146293
 20
19291.243280735216
 10
37544.703544912685
 20
19488.39951447893
 10
37582.66234445257
 20
19448.968267730186
 10
37620.62114399247
 20
19488.39951447893
 10
39063.05552650841
 20
19448.968267730186
 10
39138.9731255882
 20
19370.105774232703
 10
39138.9731255882
 20
18818.068319750302
 10
39063.05552650841
 20
18739.20582625282
 10
37506.74474537279
 20
18739.20582625282
 10
37430.827146293
 20
18818.068319750302
  0
LWPOLYLINE
  5
13E
330
17
100
AcDbEntity
  8
RASTER_CONTOURS
100
AcDbPolyline
 90
8
 70
1
 10
36633.69235595524
 20
19409.537020981446
 10
36709.609955035026
 20
19488.39951447893
 10
37316.95074767332
 20
19488.39951447893
 10
37430.827146293
 20
19370.105774232703
 10
37430.827146293
 20
18818.068319750302
 10
37316.95074767332
 20
18739.20582625282
 10
36671.651155495136
 20
18739.20582625282
 10
36633.69235595524
 20
18778.637073001562
  0
LWPOLYLINE
  5
13F
330
17
100
AcDbEntity
  8
RASTER_CONTOURS
100
AcDbPolyline
 90
22
 70
1
 10
21715.88413677716
 20
19527.830761227673
 10
21791.801735856945
 20
19448.968267730186
 10
21791.801735856945
 20
18463.18709901162
 10
21829.76053539684
 20
18423.755852262875
 10
21829.76053539684
 20
18305.46211201665
 10
21791.801735856945
 20
18266.030865267905
 10
21791.801735856945
 20
17280.24969654933
 10
21715.88413677716
 20
17201.387203051843
 10
21639.966537697375
 20
17280.24969654933
 10
21639.966537697375
 20
17911.149644529218
 10
21677.925337237266
 20
17950.58089127796
 10
21639.966537697375
 20
17990.0121380267
 10
21677.925337237266
 20
18068.874631524188
 10
21639.966537697375
 20
18187.168371770415
 10
21639.966537697375
 20
18384.32460551413
 10
21677.925337237266
 20
18423.755852262875
 10
21639.966537697375
 20
18502.61834576036
 10
21677.925337237266
 20
18581.480839257845
 10
21639.966537697375
 20
18620.91208600659
 10
21639.966537697375
 20
18936.362059996532
 10
21677.925337237266
 20
18975.793306745272
 10
21677.925337237266
 20
19488.39951447893
  0
LWPOLYLINE
  5
140
330
17
100
AcDbEntity
  8
RASTER_CONTOURS
100
AcDbPolyline
 90
22
 70
1
 10
13592.701035239985
 20
19488.39951447893
 10
13592.701035239985
 20
19251.812033986476
 10
13554.742235700092
 20
19212.380787237733
 10
13592.701035239985
 20
19015.224553494016
 10
13554.742235700092
 20
18975.793306745272
 10
13554.742235700092
 20
18857.499566499046
 10
13478.824636620306
 20
18778.637073001562
 10
13251.071839380946
 20
18778.637073001562
 10
13251.071839380946
 20
18699.774579504072
 10
14010.247830178812
 20
18699.774579504072
 10
14048.206629718705
 20
18739.20582625282
 10
14010.247830178812
 20
18778.637073001562
 10
13782.495032939452
 20
18778.637073001562
 10
13668.618634319771
 20
18857.499566499046
 10
13668.618634319771
 20
18975.793306745272
 10
13630.659834779879
 20
19015.224553494016
 10
13744.53623339956
 20
19133.518293740242
 10
13934.330231099026
 20
19133.518293740242
 10
13934.330231099026
 20
19212.380787237733
 10
13744.53623339956
 20
19212.380787237733
 10
13668.618634319771
 20
19291.243280735216
 10
13630.659834779879
 20
19488.39951447893
  0
LWPOLYLINE
  5
141
330
17
100
AcDbEntity
  8
RASTER_CONTOURS
100
AcDbPolyline
 90
19
 70
1
 10
14238.000627418172
 20
19448.968267730186
 10
14238.000627418172
 20
19251.812033986476
 10
14200.04182787828
 20
19212.380787237733
 10
14238.000627418172
 20
19094.087046991503
 10
14200.04182787828
 20
18739.20582625282
 10
14238.000627418172
 20
18699.774579504072
 10
14579.629823277213
 20
18699.774579504072
 10
14617.588622817106
 20
18739.20582625282
 10
14845.341420056466
 20
18699.774579504072
 10
14959.217818676147
 20
18739.20582625282
 10
14997.176618216039
 20
18818.068319750302
 10
14997.176618216039
 20
18975.793306745272
 10
14921.259019136254
 20
19094.087046991503
 10
14921.259019136254
 20
19291.243280735216
 10
14997.176618216039
 20
19409.537020981446
 10
14959.217818676147
 20
19488.39951447893
 10
14731.465021436787
 20
19488.39951447893
 10
14655.547422357
 20
19409.537020981446
 10
14389.835825577746
 20
19527.830761227673
  0
LWPOLYLINE
  5
142
330
17
100
AcDbEntity
  8
RASTER_CONTOURS
100
AcDbPolyline
 90
25
 70
1
 10
12643.731046742652
 20
19527.830761227673
 10
12491.895848583079
 20
19330.67452748396
 10
12340.060650423506
 20
19251.812033986476
 10
12340.060650423506
 20
19172.949540488986
 10
12453.937049043185
 20
19094.087046991503
 10
12415.978249503292
 20
19015.224553494016
 10
12415.978249503292
 20
18739.20582625282
 10
12453.937049043185
 20
18699.774579504072
 10
12567.813447662864
 20
18699.774579504072
 10
12605.77224720276
 20
18739.20582625282
 10
12985.360242601693
 20
18699.774579504072
 10
12985.360242601693
 20
19054.65580024276
 10
12909.442643521905
 20
19094.087046991503
 10
12605.77224720276
 20
19094.087046991503
 10
12567.813447662864
 20
19133.518293740242
 10
12605.77224720276
 20
19172.949540488986
 10
12985.360242601693
 20
19172.949540488986
 10
13061.27784168148
 20
19133.518293740242
 10
13061.27784168148
 20
19251.812033986476
 10
12985.360242601693
 20
19370.105774232703
 10
12909.442643521905
 20
19409.537020981446
 10
12719.648645822439
 20
19251.812033986476
 10
12605.77224720276
 20
19330.67452748396
 10
12681.689846282547
 20
19448.968267730186
 10
12681.689846282547
 20
19527.830761227673
  0
LWPOLYLINE
  5
143
330
17
100
AcDbEntity
  8
RASTER_CONTOURS
100
AcDbPolyline
 90
16
 70
1
 10
11504.967060545852
 20
19527.830761227673
 10
11391.090661926173
 20
19370.105774232703
 10
11429.049461466066
 20
19291.243280735216
 10
11429.049461466066
 20
19015.224553494016
 10
11391.090661926173
 20
18975.793306745272
 10
11429.049461466066
 20
18778.637073001562
 10
11391.090661926173
 20
18739.20582625282
 10
11467.00826100596
 20
18699.774579504072
 10
11542.925860085747
 20
18778.637073001562
 10
11694.761058245318
 20
18818.068319750302
 10
11960.472655024572
 20
18699.774579504072
 10
12074.349053644251
 20
18818.068319750302
 10
12036.390254104359
 20
19094.087046991503
 10
12112.307853184147
 20
19251.812033986476
 10
12112.307853184147
 20
19370.105774232703
 10
12036.390254104359
 20
19488.39951447893
  0
LWPOLYLINE
  5
144
330
17
100
AcDbEntity
  8
RASTER_CONTOURS
100
AcDbPolyline
 90
13
 70
1
 10
49615.60179859877
 20
19685.555748222647
 10
49615.60179859877
 20
12942.812554187618
 10
49577.64299905886
 20
12903.381307438873
 10
49615.60179859877
 20
12824.51881394139
 10
49615.60179859877
 20
12390.775099705215
 10
49615.60179859877
 20
15072.099878619732
 10
49653.56059813866
 20
15111.531125368472
 10
49615.60179859877
 20
15150.962372117216
 10
49615.60179859877
 20
18147.737125021675
 10
49653.56059813866
 20
18187.168371770415
 10
49653.56059813866
 20
18660.34333275533
 10
49615.60179859877
 20
18699.774579504072
 10
49653.56059813866
 20
19606.693254725156
  0
LWPOLYLINE
  5
145
330
17
100
AcDbEntity
  8
RASTER_CONTOURS
100
AcDbPolyline
 90
8
 70
1
 10
44073.617065774335
 20
19764.41824172013
 10
44301.36986301369
 20
19764.41824172013
 10
44377.287462093474
 20
19685.555748222647
 10
44377.287462093474
 20
19370.105774232703
 10
44301.36986301369
 20
19291.243280735216
 10
44073.617065774335
 20
19291.243280735216
 10
43997.699466694554
 20
19370.105774232703
 10
43997.699466694554
 20
19685.555748222647
  0
LWPOLYLINE
  5
146
330
17
100
AcDbEntity
  8
RASTER_CONTOURS
100
AcDbPolyline
 90
20
 70
1
 10
47527.86782390463
 20
19685.555748222647
 10
47641.7442225243
 20
19803.849488468873
 10
47679.70302206421
 20
19764.41824172013
 10
47945.41461884346
 20
19764.41824172013
 10
47983.37341838335
 20
19803.849488468873
 10
48021.33221792324
 20
19764.41824172013
 10
48059.29101746313
 20
19803.849488468873
 10
48249.0850151626
 20
19803.849488468873
 10
48287.04381470249
 20
19764.41824172013
 10
49084.17860504025
 20
19764.41824172013
 10
49160.09620412003
 20
19646.1245014739
 10
49160.09620412003
 20
19133.518293740242
 10
49046.21980550036
 20
19015.224553494016
 10
48249.0850151626
 20
19015.224553494016
 10
48211.12621562271
 20
19054.65580024276
 10
47983.37341838335
 20
19054.65580024276
 10
47907.45581930357
 20
19015.224553494016
 10
47869.49701976366
 20
19054.65580024276
 10
47565.82662344452
 20
19054.65580024276
 10
47527.86782390463
 20
19094.087046991503
  0
LWPOLYLINE
  5
147
330
17
100
AcDbEntity
  8
RASTER_CONTOURS
100
AcDbPolyline
 90
15
 70
1
 10
45819.72184460943
 20
19724.98699497139
 10
45895.63944368921
 20
19803.849488468873
 10
46578.89783540728
 20
19803.849488468873
 10
46616.856634947195
 20
19764.41824172013
 10
46730.73303356687
 20
19803.849488468873
 10
47148.27982850569
 20
19803.849488468873
 10
47186.23862804558
 20
19764.41824172013
 10
47376.03262574505
 20
19803.849488468873
 10
47489.909024364744
 20
19724.98699497139
 10
47489.909024364744
 20
19094.087046991503
 10
47300.11502666527
 20
19015.224553494016
 10
47110.3210289658
 20
19015.224553494016
 10
47072.36222942591
 20
19054.65580024276
 10
45895.63944368921
 20
19054.65580024276
 10
45819.72184460943
 20
19133.518293740242
  0
LWPOLYLINE
  5
148
330
17
100
AcDbEntity
  8
RASTER_CONTOURS
100
AcDbPolyline
 90
8
 70
1
 10
44984.628254731775
 20
19724.98699497139
 10
45060.545853811556
 20
19803.849488468873
 10
45667.88664644985
 20
19803.849488468873
 10
45781.763045069536
 20
19724.98699497139
 10
45781.763045069536
 20
19133.518293740242
 10
45705.84544598974
 20
19054.65580024276
 10
45022.587054271666
 20
19054.65580024276
 10
44984.628254731775
 20
19094.087046991503
  0
LWPOLYLINE
  5
149
330
17
100
AcDbEntity
  8
RASTER_CONTOURS
100
AcDbPolyline
 90
10
 70
1
 10
40998.95430304298
 20
19764.41824172013
 10
41074.87190212276
 20
19882.71198196636
 10
41606.29509568126
 20
19882.71198196636
 10
41720.17149430095
 20
19764.41824172013
 10
41720.17149430095
 20
19527.830761227673
 10
41606.29509568126
 20
19448.968267730186
 10
41074.87190212276
 20
19448.968267730186
 10
40998.95430304298
 20
19527.830761227673
 10
41036.91310258287
 20
19606.693254725156
 10
40998.95430304298
 20
19646.1245014739
  0
LWPOLYLINE
  5
14A
330
17
100
AcDbEntity
  8
RASTER_CONTOURS
100
AcDbPolyline
 90
17
 70
1
 10
30560.284429572308
 20
19961.574475463844
 10
30598.2432291122
 20
20001.005722212587
 10
30674.160828191987
 20
19961.574475463844
 10
31281.50162083028
 20
19961.574475463844
 10
31357.419219910065
 20
20001.005722212587
 10
31395.37801944996
 20
19961.574475463844
 10
31395.37801944996
 20
19882.71198196636
 10
31319.460420370175
 20
19764.41824172013
 10
31357.419219910065
 20
19606.693254725156
 10
31167.6252222106
 20
19488.39951447893
 10
30977.831224511134
 20
19488.39951447893
 10
30939.872424971243
 20
19527.830761227673
 10
30901.91362543135
 20
19488.39951447893
 10
30750.078427271772
 20
19488.39951447893
 10
30636.202028652093
 20
19567.262007976416
 10
30636.202028652093
 20
19803.849488468873
 10
30560.284429572308
 20
19882.71198196636
  0
LWPOLYLINE
  5
14B
330
17
100
AcDbEntity
  8
RASTER_CONTOURS
100
AcDbPolyline
 90
8
 70
1
 10
50222.94259123705
 20
20119.299462458817
 10
50184.98379169716
 20
20119.299462458817
 10
50184.98379169716
 20
19922.1432287151
 10
50109.06619261738
 20
19724.98699497139
 10
50033.14859353758
 20
19646.1245014739
 10
50033.14859353758
 20
19567.262007976416
 10
50109.06619261738
 20
19567.262007976416
 10
50222.94259123705
 20
19803.849488468873
  0
LWPOLYLINE
  5
14C
330
17
100
AcDbEntity
  8
RASTER_CONTOURS
100
AcDbPolyline
 90
14
 70
1
 10
50412.73658893652
 20
20158.73070920756
 10
50374.77778939663
 20
20079.86821571007
 10
50374.77778939663
 20
19882.71198196636
 10
50412.73658893652
 20
19843.280735217617
 10
50374.77778939663
 20
19646.1245014739
 10
50412.73658893652
 20
19567.262007976416
 10
50526.612987556204
 20
19567.262007976416
 10
50716.40698525568
 20
19764.41824172013
 10
50716.40698525568
 20
19843.280735217617
 10
50640.489386175876
 20
19843.280735217617
 10
50602.530586635985
 20
19764.41824172013
 10
50488.65418801631
 20
19764.41824172013
 10
50450.69538847641
 20
19803.849488468873
 10
50450.69538847641
 20
20158.73070920756
  0
LWPOLYLINE
  5
14D
330
17
100
AcDbEntity
  8
RASTER_CONTOURS
100
AcDbPolyline
 90
9
 70
1
 10
44073.617065774335
 20
20316.45569620253
 10
44149.534664854116
 20
20395.318189700014
 10
44680.957858412636
 20
20395.318189700014
 10
44756.87545749242
 20
20316.45569620253
 10
44756.87545749242
 20
20040.43696896133
 10
44680.957858412636
 20
19961.574475463844
 10
44187.49346439401
 20
19961.574475463844
 10
44149.534664854116
 20
19922.1432287151
 10
44073.617065774335
 20
20119.299462458817
  0
LWPOLYLINE
  5
14E
330
17
100
AcDbEntity
  8
RASTER_CONTOURS
100
AcDbPolyline
 90
10
 70
1
 10
41492.41869706159
 20
20513.611929946248
 10
41758.13029384084
 20
20513.611929946248
 10
41796.08909338073
 20
20474.1806831975
 10
41796.08909338073
 20
20119.299462458817
 10
41758.13029384084
 20
20079.86821571007
 10
41454.4598975217
 20
20079.86821571007
 10
41416.50109798181
 20
20119.299462458817
 10
41416.50109798181
 20
20237.593202705044
 10
41454.4598975217
 20
20277.024449453787
 10
41416.50109798181
 20
20395.318189700014
  0
LWPOLYLINE
  5
14F
330
17
100
AcDbEntity
  8
RASTER_CONTOURS
100
AcDbPolyline
 90
10
 70
1
 10
30598.2432291122
 20
20592.47442344373
 10
30636.202028652093
 20
20553.043176694984
 10
30788.03722681167
 20
20592.47442344373
 10
30901.91362543135
 20
20513.611929946248
 10
30901.91362543135
 20
20158.73070920756
 10
30863.95482589145
 20
20119.299462458817
 10
30598.2432291122
 20
20119.299462458817
 10
30560.284429572308
 20
20158.73070920756
 10
30560.284429572308
 20
20395.318189700014
 10
30522.325630032414
 20
20474.1806831975
  0
LWPOLYLINE
  5
150
330
17
100
AcDbEntity
  8
RASTER_CONTOURS
100
AcDbPolyline
 90
8
 70
1
 10
35001.463975739825
 20
20868.493150684928
 10
35608.80476837812
 20
20868.493150684928
 10
35684.72236745791
 20
20789.630657187445
 10
35684.72236745791
 20
19251.812033986476
 10
35608.80476837812
 20
19172.949540488986
 10
35039.422775279716
 20
19172.949540488986
 10
34963.505176199935
 20
19251.812033986476
 10
34963.505176199935
 20
20829.061903936188
  0
LWPOLYLINE
  5
151
330
17
100
AcDbEntity
  8
RASTER_CONTOURS
100
AcDbPolyline
 90
8
 70
1
 10
34166.370385862174
 20
20868.493150684928
 10
34773.71117850047
 20
20868.493150684928
 10
34811.66997804036
 20
20829.061903936188
 10
34811.66997804036
 20
19251.812033986476
 10
34735.75237896058
 20
19172.949540488986
 10
34166.370385862174
 20
19172.949540488986
 10
34090.452786782385
 20
19251.812033986476
 10
34090.452786782385
 20
20789.630657187445
  0
LWPOLYLINE
  5
152
330
17
100
AcDbEntity
  8
RASTER_CONTOURS
100
AcDbPolyline
 90
8
 70
1
 10
33331.27679598452
 20
20868.493150684928
 10
33900.65878908292
 20
20868.493150684928
 10
33976.576388162706
 20
20710.768163689958
 10
33976.576388162706
 20
19409.537020981446
 10
33900.65878908292
 20
19172.949540488986
 10
33331.27679598452
 20
19172.949540488986
 10
33255.359196904734
 20
19251.812033986476
 10
33255.359196904734
 20
20789.630657187445
  0
LWPOLYLINE
  5
153
330
17
100
AcDbEntity
  8
RASTER_CONTOURS
100
AcDbPolyline
 90
8
 70
1
 10
32534.14200564676
 20
20907.92439743367
 10
32951.68880058559
 20
20907.92439743367
 10
33103.523998745164
 20
20829.061903936188
 10
33103.523998745164
 20
19251.812033986476
 10
32989.64760012548
 20
19172.949540488986
 10
32458.224406566977
 20
19172.949540488986
 10
32382.306807487184
 20
19251.812033986476
 10
32382.306807487184
 20
20829.061903936188
  0
LWPOLYLINE
  5
154
330
17
100
AcDbEntity
  8
RASTER_CONTOURS
100
AcDbPolyline
 90
10
 70
1
 10
31623.130816689318
 20
20868.493150684928
 10
32002.718812088253
 20
20907.92439743367
 10
32040.677611628147
 20
20868.493150684928
 10
32192.51280978772
 20
20868.493150684928
 10
32268.430408867505
 20
20789.630657187445
 10
32268.430408867505
 20
19291.243280735216
 10
32154.554010247826
 20
19172.949540488986
 10
31623.130816689318
 20
19172.949540488986
 10
31547.213217609533
 20
19251.812033986476
 10
31547.213217609533
 20
20789.630657187445
  0
LWPOLYLINE
  5
155
330
17
100
AcDbEntity
  8
RASTER_CONTOURS
100
AcDbPolyline
 90
10
 70
1
 10
40695.283906723824
 20
21223.374371423615
 10
40771.20150580362
 20
21144.511877926132
 10
40771.20150580362
 20
19606.693254725156
 10
40695.283906723824
 20
19527.830761227673
 10
40163.860713165326
 20
19527.830761227673
 10
40049.98431454563
 20
19606.693254725156
 10
40049.98431454563
 20
21183.94312467487
 10
40087.94311408552
 20
21223.374371423615
 10
40467.531109484466
 20
21223.374371423615
 10
40505.489909024356
 20
21262.80561817236
  0
LWPOLYLINE
  5
156
330
17
100
AcDbEntity
  8
RASTER_CONTOURS
100
AcDbPolyline
 90
12
 70
1
 10
39252.84952420788
 20
21223.374371423615
 10
39670.396319146705
 20
21262.80561817236
 10
39936.10791592597
 20
21144.511877926132
 10
39936.10791592597
 20
19606.693254725156
 10
39822.231517306274
 20
19527.830761227673
 10
39708.35511868661
 20
19567.262007976416
 10
39632.43751960681
 20
19527.830761227673
 10
39404.684722367456
 20
19527.830761227673
 10
39328.76712328767
 20
19567.262007976416
 10
39290.80832374778
 20
19527.830761227673
 10
39214.89072466799
 20
19606.693254725156
 10
39214.89072466799
 20
21183.94312467487
  0
LWPOLYLINE
  5
157
330
17
100
AcDbEntity
  8
RASTER_CONTOURS
100
AcDbPolyline
 90
17
 70
1
 10
38455.714733870125
 20
21262.80561817236
 10
38949.17912788873
 20
21262.80561817236
 10
39101.01432604831
 20
21144.511877926132
 10
39063.05552650841
 20
21105.08063117739
 10
39101.01432604831
 20
21065.649384428645
 10
39063.05552650841
 20
20986.786890931162
 10
39101.01432604831
 20
20947.355644182415
 10
39101.01432604831
 20
20631.905670192475
 10
39063.05552650841
 20
20592.47442344373
 10
39101.01432604831
 20
20553.043176694984
 10
39101.01432604831
 20
20040.43696896133
 10
39063.05552650841
 20
20001.005722212587
 10
39063.05552650841
 20
19606.693254725156
 10
39025.09672696852
 20
19567.262007976416
 10
38417.75593433023
 20
19567.262007976416
 10
38379.79713479034
 20
19606.693254725156
 10
38379.79713479034
 20
21183.94312467487
  0
LWPOLYLINE
  5
158
330
17
100
AcDbEntity
  8
RASTER_CONTOURS
100
AcDbPolyline
 90
11
 70
1
 10
37620.62114399247
 20
21262.80561817236
 10
37734.497542612145
 20
21262.80561817236
 10
37772.45634215204
 20
21223.374371423615
 10
37886.33274077172
 20
21262.80561817236
 10
38190.00313709087
 20
21262.80561817236
 10
38227.96193663076
 20
21223.374371423615
 10
38227.96193663076
 20
19646.1245014739
 10
38152.04433755097
 20
19567.262007976416
 10
37582.66234445257
 20
19567.262007976416
 10
37506.74474537279
 20
19646.1245014739
 10
37506.74474537279
 20
21183.94312467487
  0
LWPOLYLINE
  5
159
330
17
100
AcDbEntity
  8
RASTER_CONTOURS
100
AcDbPolyline
 90
8
 70
1
 10
36785.527554114815
 20
21262.80561817236
 10
37316.95074767332
 20
21262.80561817236
 10
37392.86834675311
 20
21183.94312467487
 10
37392.86834675311
 20
19646.1245014739
 10
37316.95074767332
 20
19567.262007976416
 10
36747.568754574924
 20
19567.262007976416
 10
36671.651155495136
 20
19646.1245014739
 10
36671.651155495136
 20
21144.511877926132
  0
LWPOLYLINE
  5
15A
330
17
100
AcDbEntity
  8
RASTER_CONTOURS
100
AcDbPolyline
 90
11
 70
1
 10
24107.28850779044
 20
21262.80561817236
 10
24145.247307330334
 20
21223.374371423615
 10
24259.123705950013
 20
21262.80561817236
 10
24297.082505489907
 20
21223.374371423615
 10
24638.711701348948
 20
21223.374371423615
 10
24714.629300428733
 20
21144.511877926132
 10
24714.629300428733
 20
19646.1245014739
 10
24638.711701348948
 20
19567.262007976416
 10
24031.370908710654
 20
19567.262007976416
 10
23993.41210917076
 20
19606.693254725156
 10
23993.41210917076
 20
21144.511877926132
  0
LWPOLYLINE
  5
15B
330
17
100
AcDbEntity
  8
RASTER_CONTOURS
100
AcDbPolyline
 90
20
 70
1
 10
23234.236118372894
 20
21262.80561817236
 10
23386.071316532467
 20
21262.80561817236
 10
23424.03011607236
 20
21223.374371423615
 10
23651.78291331172
 20
21223.374371423615
 10
23727.700512391504
 20
21262.80561817236
 10
23841.576911011187
 20
21183.94312467487
 10
23879.53571055108
 20
20198.161955956304
 10
23841.576911011187
 20
20158.73070920756
 10
23841.576911011187
 20
19606.693254725156
 10
23803.618111471296
 20
19567.262007976416
 10
23196.277318833
 20
19567.262007976416
 10
23158.31851929311
 20
19606.693254725156
 10
23158.31851929311
 20
20198.161955956304
 10
23120.359719753214
 20
20237.593202705044
 10
23120.359719753214
 20
20355.886942951274
 10
23158.31851929311
 20
20395.318189700014
 10
23120.359719753214
 20
20434.749436448757
 10
23120.359719753214
 20
20592.47442344373
 10
23158.31851929311
 20
20631.905670192475
 10
23158.31851929311
 20
21183.94312467487
  0
LWPOLYLINE
  5
15C
330
17
100
AcDbEntity
  8
RASTER_CONTOURS
100
AcDbPolyline
 90
18
 70
1
 10
4444.630346125692
 20
21302.236864921102
 10
4558.506744745371
 20
21223.374371423615
 10
4596.465544285265
 20
21262.80561817236
 10
4710.341942904945
 20
21223.374371423615
 10
4710.341942904945
 20
20316.45569620253
 10
4748.300742444838
 20
20277.024449453787
 10
4900.135940604412
 20
14244.043696896131
 10
4710.341942904945
 20
14165.181203398644
 10
4596.465544285265
 20
14204.612450147388
 10
4596.465544285265
 20
14401.768683891103
 10
4558.506744745371
 20
14441.199930639847
 10
4520.547945205479
 20
17161.9559563031
 10
4482.589145665585
 20
17201.387203051843
 10
4482.589145665585
 20
18502.61834576036
 10
4444.630346125692
 20
18542.0495925091
 10
4444.630346125692
 20
20316.45569620253
 10
4406.671546585799
 20
20355.886942951274
 10
4406.671546585799
 20
21262.80561817236
  0
LWPOLYLINE
  5
15D
330
17
100
AcDbEntity
  8
RASTER_CONTOURS
100
AcDbPolyline
 90
13
 70
1
 10
48476.83781240196
 20
21538.82434541356
 10
49084.17860504025
 20
21538.82434541356
 10
49122.13740458014
 20
21499.393098664812
 10
49122.13740458014
 20
20158.73070920756
 10
49084.17860504025
 20
20119.299462458817
 10
49084.17860504025
 20
19922.1432287151
 10
49008.26100596047
 20
19843.280735217617
 10
48552.755411481754
 20
19843.280735217617
 10
48476.83781240196
 20
19882.71198196636
 10
48400.92021332218
 20
20001.005722212587
 10
48400.92021332218
 20
21026.218137679898
 10
48438.87901286207
 20
21065.649384428645
 10
48438.87901286207
 20
21499.393098664812
  0
LWPOLYLINE
  5
15E
330
17
100
AcDbEntity
  8
RASTER_CONTOURS
100
AcDbPolyline
 90
8
 70
1
 10
47679.70302206421
 20
21578.255592162302
 10
48021.33221792324
 20
21578.255592162302
 10
48287.04381470249
 20
21499.393098664812
 10
48287.04381470249
 20
19961.574475463844
 10
48173.16741608282
 20
19843.280735217617
 10
47603.78542298441
 20
19882.71198196636
 10
47565.82662344452
 20
19922.1432287151
 10
47565.82662344452
 20
21459.961851916076
  0
LWPOLYLINE
  5
15F
330
17
100
AcDbEntity
  8
RASTER_CONTOURS
100
AcDbPolyline
 90
10
 70
1
 10
46806.65063264666
 20
21578.255592162302
 10
47338.07382620516
 20
21578.255592162302
 10
47451.950224824854
 20
21420.53060516733
 10
47451.950224824854
 20
20789.630657187445
 10
47413.99142528494
 20
20750.1994104387
 10
47451.950224824854
 20
20040.43696896133
 10
47376.03262574505
 20
19882.71198196636
 10
46768.69183310676
 20
19882.71198196636
 10
46730.73303356687
 20
19922.1432287151
 10
46730.73303356687
 20
21499.393098664812
  0
LWPOLYLINE
  5
160
330
17
100
AcDbEntity
  8
RASTER_CONTOURS
100
AcDbPolyline
 90
13
 70
1
 10
45971.55704276901
 20
21578.255592162302
 10
46085.433441388675
 20
21538.82434541356
 10
46502.98023632751
 20
21578.255592162302
 10
46616.856634947195
 20
21459.961851916076
 10
46616.856634947195
 20
21262.80561817236
 10
46578.89783540728
 20
21223.374371423615
 10
46578.89783540728
 20
19922.1432287151
 10
46540.9390358674
 20
19882.71198196636
 10
45933.5982432291
 20
19882.71198196636
 10
45857.68064414932
 20
20001.005722212587
 10
45857.68064414932
 20
20277.024449453787
 10
45895.63944368921
 20
20316.45569620253
 10
45895.63944368921
 20
21499.393098664812
  0
LWPOLYLINE
  5
161
330
17
100
AcDbEntity
  8
RASTER_CONTOURS
100
AcDbPolyline
 90
11
 70
1
 10
45098.50465335146
 20
21578.255592162302
 10
45667.88664644985
 20
21578.255592162302
 10
45743.804245529645
 20
21499.393098664812
 10
45743.804245529645
 20
19961.574475463844
 10
45667.88664644985
 20
19882.71198196636
 10
45060.545853811556
 20
19882.71198196636
 10
45022.587054271666
 20
19922.1432287151
 10
45022.587054271666
 20
20198.161955956304
 10
44984.628254731775
 20
20237.593202705044
 10
45022.587054271666
 20
20316.45569620253
 10
45022.587054271666
 20
21499.393098664812
  0
LWPOLYLINE
  5
162
330
17
100
AcDbEntity
  8
RASTER_CONTOURS
100
AcDbPolyline
 90
16
 70
1
 10
44035.658266234444
 20
21578.255592162302
 10
44718.916657952526
 20
21578.255592162302
 10
44870.7518561121
 20
21499.393098664812
 10
44870.7518561121
 20
20553.043176694984
 10
44794.8342570323
 20
20474.1806831975
 10
44225.45226393391
 20
20474.1806831975
 10
44187.49346439401
 20
20513.611929946248
 10
44035.658266234444
 20
20474.1806831975
 10
43997.699466694554
 20
20513.611929946248
 10
43959.74066715465
 20
20671.336916941218
 10
44073.617065774335
 20
20789.630657187445
 10
44073.617065774335
 20
20986.786890931162
 10
44111.575865314226
 20
21026.218137679898
 10
44035.658266234444
 20
21183.94312467487
 10
44035.658266234444
 20
21302.236864921102
 10
43959.74066715465
 20
21420.53060516733
  0
LWPOLYLINE
  5
163
330
17
100
AcDbEntity
  8
RASTER_CONTOURS
100
AcDbPolyline
 90
13
 70
1
 10
27523.580466380838
 20
21696.54933240853
 10
27599.498065460626
 20
21657.118085659786
 10
28244.797657638814
 20
21657.118085659786
 10
28358.674056258493
 20
21499.393098664812
 10
28358.674056258493
 20
21302.236864921102
 10
28244.797657638814
 20
21026.218137679898
 10
28244.797657638814
 20
20868.493150684928
 10
28358.674056258493
 20
20631.905670192475
 10
28358.674056258493
 20
20553.043176694984
 10
28282.756457178704
 20
20474.1806831975
 10
27523.580466380838
 20
20474.1806831975
 10
27447.662867301053
 20
20553.043176694984
 10
27447.662867301053
 20
21578.255592162302
  0
LWPOLYLINE
  5
164
330
17
100
AcDbEntity
  8
RASTER_CONTOURS
100
AcDbPolyline
 90
18
 70
1
 10
26726.44567604308
 20
22090.86179989596
 10
27257.868869601585
 20
22090.86179989596
 10
27371.745268221268
 20
21972.568059649726
 10
27371.745268221268
 20
20474.1806831975
 10
27257.868869601585
 20
20355.886942951274
 10
27371.745268221268
 20
20277.024449453787
 10
27371.745268221268
 20
18778.637073001562
 10
27295.82766914148
 20
18660.34333275533
 10
26688.486876503186
 20
18660.34333275533
 10
26650.528076963292
 20
18699.774579504072
 10
26650.528076963292
 20
19094.087046991503
 10
26612.5692774234
 20
19133.518293740242
 10
26612.5692774234
 20
20237.593202705044
 10
26688.486876503186
 20
20395.318189700014
 10
26612.5692774234
 20
20553.043176694984
 10
26612.5692774234
 20
21657.118085659786
 10
26650.528076963292
 20
21696.54933240853
 10
26650.528076963292
 20
22011.999306398473
  0
LWPOLYLINE
  5
165
330
17
100
AcDbEntity
  8
RASTER_CONTOURS
100
AcDbPolyline
 90
16
 70
1
 10
25891.352086165425
 20
22090.86179989596
 10
26346.85768064415
 20
22090.86179989596
 10
26498.69287880372
 20
22011.999306398473
 10
26498.69287880372
 20
20474.1806831975
 10
26460.734079263828
 20
20434.749436448757
 10
26460.734079263828
 20
20316.45569620253
 10
26498.69287880372
 20
20277.024449453787
 10
26498.69287880372
 20
18778.637073001562
 10
26384.81648018404
 20
18660.34333275533
 10
25853.39328662553
 20
18660.34333275533
 10
25777.475687545746
 20
18896.93081324779
 10
25815.43448708564
 20
18936.362059996532
 10
25815.43448708564
 20
20277.024449453787
 10
25891.352086165425
 20
20355.886942951274
 10
25815.43448708564
 20
20474.1806831975
 10
25815.43448708564
 20
22011.999306398473
  0
LWPOLYLINE
  5
166
330
17
100
AcDbEntity
  8
RASTER_CONTOURS
100
AcDbPolyline
 90
15
 70
1
 10
24904.4232981282
 20
22090.86179989596
 10
25511.764090766494
 20
22090.86179989596
 10
25549.722890306388
 20
22051.430553147216
 10
25549.722890306388
 20
20592.47442344373
 10
25587.681689846282
 20
20513.611929946248
 10
25435.84649168671
 20
20395.318189700014
 10
25549.722890306388
 20
20316.45569620253
 10
25549.722890306388
 20
18739.20582625282
 10
25473.8052912266
 20
18660.34333275533
 10
24942.382097668095
 20
18660.34333275533
 10
24828.505699048415
 20
18739.20582625282
 10
24828.505699048415
 20
20277.024449453787
 10
24904.4232981282
 20
20395.318189700014
 10
24828.505699048415
 20
20513.611929946248
 10
24828.505699048415
 20
21972.568059649726
  0
LWPOLYLINE
  5
167
330
17
100
AcDbEntity
  8
RASTER_CONTOURS
100
AcDbPolyline
 90
10
 70
1
 10
23082.40092021332
 20
21972.568059649726
 10
23158.31851929311
 20
22051.430553147216
 10
23424.03011607236
 20
22051.430553147216
 10
23461.98891561225
 20
22090.86179989596
 10
24714.629300428733
 20
22051.430553147216
 10
24752.588099968627
 20
22011.999306398473
 10
24752.588099968627
 20
21381.099358418585
 10
24638.711701348948
 20
21302.236864921102
 10
23158.31851929311
 20
21341.668111669842
 10
23082.40092021332
 20
21420.53060516733
  0
LWPOLYLINE
  5
168
330
17
100
AcDbEntity
  8
RASTER_CONTOURS
100
AcDbPolyline
 90
22
 70
1
 10
22361.183728955348
 20
22130.2930466447
 10
22854.64812297396
 20
22130.2930466447
 10
23006.483321133535
 20
22051.430553147216
 10
23006.483321133535
 20
20513.611929946248
 10
22892.606922513853
 20
20395.318189700014
 10
23006.483321133535
 20
20316.45569620253
 10
23006.483321133535
 20
18778.637073001562
 10
22930.565722053743
 20
18699.774579504072
 10
22323.224929415454
 20
18699.774579504072
 10
22247.30733033567
 20
18818.068319750302
 10
22247.30733033567
 20
20001.005722212587
 10
22285.266129875556
 20
20040.43696896133
 10
22247.30733033567
 20
20277.024449453787
 10
22323.224929415454
 20
20395.318189700014
 10
22740.77172435428
 20
20395.318189700014
 10
22323.224929415454
 20
20434.749436448757
 10
22285.266129875556
 20
20474.1806831975
 10
22285.266129875556
 20
21420.53060516733
 10
22247.30733033567
 20
21459.961851916076
 10
22247.30733033567
 20
21696.54933240853
 10
22285.266129875556
 20
21735.980579157273
 10
22285.266129875556
 20
22051.430553147216
  0
LWPOLYLINE
  5
169
330
17
100
AcDbEntity
  8
RASTER_CONTOURS
100
AcDbPolyline
 90
14
 70
1
 10
27485.621666840947
 20
22169.724293393443
 10
27523.580466380838
 20
22209.155540142187
 10
27599.498065460626
 20
22169.724293393443
 10
27751.333263620203
 20
22169.724293393443
 10
27789.292063160094
 20
22209.155540142187
 10
27865.209662239882
 20
22169.724293393443
 10
28168.880058559025
 20
22169.724293393443
 10
28244.797657638814
 20
22090.86179989596
 10
28244.797657638814
 20
21814.843072654756
 10
28130.921259019135
 20
21735.980579157273
 10
28017.044860399456
 20
21735.980579157273
 10
27979.08606085956
 20
21775.411825906016
 10
27599.498065460626
 20
21735.980579157273
 10
27523.580466380838
 20
21814.843072654756
  0
LWPOLYLINE
  5
16A
330
17
100
AcDbEntity
  8
RASTER_CONTOURS
100
AcDbPolyline
 90
9
 70
1
 10
41492.41869706159
 20
22564.036760880874
 10
41720.17149430095
 20
22564.036760880874
 10
41796.08909338073
 20
22485.174267383387
 10
41796.08909338073
 20
22169.724293393443
 10
41758.13029384084
 20
22130.2930466447
 10
41530.377496601475
 20
22130.2930466447
 10
41492.41869706159
 20
22090.86179989596
 10
41454.4598975217
 20
22130.2930466447
 10
41416.50109798181
 20
22445.743020634643
  0
LWPOLYLINE
  5
16B
330
17
100
AcDbEntity
  8
RASTER_CONTOURS
100
AcDbPolyline
 90
8
 70
1
 10
30636.202028652093
 20
22642.899254378357
 10
30863.95482589145
 20
22642.899254378357
 10
30939.872424971243
 20
22564.036760880874
 10
30901.91362543135
 20
22209.155540142187
 10
30863.95482589145
 20
22169.724293393443
 10
30598.2432291122
 20
22169.724293393443
 10
30560.284429572308
 20
22209.155540142187
 10
30560.284429572308
 20
22564.036760880874
  0
LWPOLYLINE
  5
16C
330
17
100
AcDbEntity
  8
RASTER_CONTOURS
100
AcDbPolyline
 90
14
 70
1
 10
44073.617065774335
 20
22840.055488122074
 10
44794.8342570323
 20
22840.055488122074
 10
44870.7518561121
 20
22761.192994624584
 10
44870.7518561121
 20
21814.843072654756
 10
44832.79305657219
 20
21775.411825906016
 10
44035.658266234444
 20
21775.411825906016
 10
43959.74066715465
 20
21854.2743194035
 10
43959.74066715465
 20
21933.13681290099
 10
44035.658266234444
 20
22051.430553147216
 10
44035.658266234444
 20
22169.724293393443
 10
44111.575865314226
 20
22288.01803363967
 10
44073.617065774335
 20
22524.60551413213
 10
43997.699466694554
 20
22603.468007629614
 10
43997.699466694554
 20
22761.192994624584
  0
LWPOLYLINE
  5
16D
330
17
100
AcDbEntity
  8
RASTER_CONTOURS
100
AcDbPolyline
 90
8
 70
1
 10
27523.580466380838
 20
22918.917981619557
 10
27599.498065460626
 20
22997.780475117044
 10
28206.83885809892
 20
22997.780475117044
 10
28282.756457178704
 20
22918.917981619557
 10
28282.756457178704
 20
22761.192994624584
 10
28206.83885809892
 20
22603.468007629614
 10
27599.498065460626
 20
22603.468007629614
 10
27523.580466380838
 20
22682.3305011271
  0
LWPOLYLINE
  5
16E
330
17
100
AcDbEntity
  8
RASTER_CONTOURS
100
AcDbPolyline
 90
10
 70
1
 10
40125.901913625436
 20
23076.642968614527
 10
40695.283906723824
 20
23076.642968614527
 10
40771.20150580362
 20
22997.780475117044
 10
40771.20150580362
 20
21459.961851916076
 10
40733.242706263714
 20
21420.53060516733
 10
40505.489909024356
 20
21381.099358418585
 10
40467.531109484466
 20
21420.53060516733
 10
40087.94311408552
 20
21420.53060516733
 10
40049.98431454563
 20
21459.961851916076
 10
40049.98431454563
 20
22958.3492283683
  0
LWPOLYLINE
  5
16F
330
17
100
AcDbEntity
  8
RASTER_CONTOURS
100
AcDbPolyline
 90
10
 70
1
 10
39366.72592282756
 20
23116.07421536327
 10
39746.31391822649
 20
23116.07421536327
 10
39936.10791592597
 20
23037.211721865788
 10
39936.10791592597
 20
21499.393098664812
 10
39860.19031684618
 20
21420.53060516733
 10
39556.519920527026
 20
21381.099358418585
 10
39518.561120987135
 20
21420.53060516733
 10
39252.84952420788
 20
21420.53060516733
 10
39214.89072466799
 20
21459.961851916076
 10
39214.89072466799
 20
22997.780475117044
  0
LWPOLYLINE
  5
170
330
17
100
AcDbEntity
  8
RASTER_CONTOURS
100
AcDbPolyline
 90
10
 70
1
 10
38455.714733870125
 20
23116.07421536327
 10
38987.13792742862
 20
23116.07421536327
 10
39101.01432604831
 20
22997.780475117044
 10
39101.01432604831
 20
21499.393098664812
 10
39025.09672696852
 20
21420.53060516733
 10
38797.34392972916
 20
21381.099358418585
 10
38759.385130189265
 20
21420.53060516733
 10
38417.75593433023
 20
21420.53060516733
 10
38379.79713479034
 20
21459.961851916076
 10
38379.79713479034
 20
23037.211721865788
  0
LWPOLYLINE
  5
171
330
17
100
AcDbEntity
  8
RASTER_CONTOURS
100
AcDbPolyline
 90
8
 70
1
 10
37582.66234445257
 20
23116.07421536327
 10
38152.04433755097
 20
23116.07421536327
 10
38227.96193663076
 20
23037.211721865788
 10
38227.96193663076
 20
21459.961851916076
 10
38190.00313709087
 20
21420.53060516733
 10
37582.66234445257
 20
21420.53060516733
 10
37506.74474537279
 20
21499.393098664812
 10
37506.74474537279
 20
22997.780475117044
  0
LWPOLYLINE
  5
172
330
17
100
AcDbEntity
  8
RASTER_CONTOURS
100
AcDbPolyline
 90
12
 70
1
 10
36785.527554114815
 20
23116.07421536327
 10
37316.95074767332
 20
23116.07421536327
 10
37392.86834675311
 20
23037.211721865788
 10
37392.86834675311
 20
21499.393098664812
 10
37316.95074767332
 20
21420.53060516733
 10
36785.527554114815
 20
21420.53060516733
 10
36709.609955035026
 20
21499.393098664812
 10
36709.609955035026
 20
21775.411825906016
 10
36671.651155495136
 20
21814.843072654756
 10
36671.651155495136
 20
22879.486734870818
 10
36709.609955035026
 20
22918.917981619557
 10
36709.609955035026
 20
23037.211721865788
  0
LWPOLYLINE
  5
173
330
17
100
AcDbEntity
  8
RASTER_CONTOURS
100
AcDbPolyline
 90
9
 70
1
 10
40998.95430304298
 20
23037.211721865788
 10
41074.87190212276
 20
23155.505462112014
 10
41682.21269476106
 20
23155.505462112014
 10
41720.17149430095
 20
23116.07421536327
 10
41720.17149430095
 20
22840.055488122074
 10
41644.25389522117
 20
22761.192994624584
 10
41074.87190212276
 20
22761.192994624584
 10
40998.95430304298
 20
22918.917981619557
 10
41036.91310258287
 20
22958.3492283683
  0
LWPOLYLINE
  5
174
330
17
100
AcDbEntity
  8
RASTER_CONTOURS
100
AcDbPolyline
 90
17
 70
1
 10
28472.550454878176
 20
23155.505462112014
 10
28586.426853497855
 20
23076.642968614527
 10
28548.468053957957
 20
23037.211721865788
 10
28548.468053957957
 20
22918.917981619557
 10
28586.426853497855
 20
22879.486734870818
 10
28548.468053957957
 20
22840.055488122074
 10
28548.468053957957
 20
22682.3305011271
 10
28586.426853497855
 20
22642.899254378357
 10
28586.426853497855
 20
22524.60551413213
 10
28548.468053957957
 20
22485.174267383387
 10
28586.426853497855
 20
22406.311773885904
 10
28586.426853497855
 20
22130.2930466447
 10
28548.468053957957
 20
22090.86179989596
 10
28548.468053957957
 20
21617.686838911046
 10
28510.50925441807
 20
21578.255592162302
 10
28396.63285579839
 20
21735.980579157273
 10
28396.63285579839
 20
23037.211721865788
  0
LWPOLYLINE
  5
175
330
17
100
AcDbEntity
  8
RASTER_CONTOURS
100
AcDbPolyline
 90
8
 70
1
 10
30636.202028652093
 20
23194.936708860758
 10
30674.160828191987
 20
23234.367955609505
 10
31319.460420370175
 20
23234.367955609505
 10
31357.419219910065
 20
23194.936708860758
 10
31357.419219910065
 20
22840.055488122074
 10
31319.460420370175
 20
22800.624241373327
 10
30636.202028652093
 20
22761.192994624584
 10
30598.2432291122
 20
22800.624241373327
  0
LWPOLYLINE
  5
176
330
17
100
AcDbEntity
  8
RASTER_CONTOURS
100
AcDbPolyline
 90
14
 70
1
 10
44111.575865314226
 20
23313.230449106988
 10
44187.49346439401
 20
23392.092942604475
 10
44225.45226393391
 20
23352.66169585573
 10
44301.36986301369
 20
23392.092942604475
 10
44339.328662553584
 20
23352.66169585573
 10
44680.957858412636
 20
23392.092942604475
 10
44794.8342570323
 20
23234.367955609505
 10
44794.8342570323
 20
23037.211721865788
 10
44718.916657952526
 20
22958.3492283683
 10
44149.534664854116
 20
22958.3492283683
 10
44073.617065774335
 20
23076.642968614527
 10
44111.575865314226
 20
23116.07421536327
 10
44073.617065774335
 20
23155.505462112014
 10
44111.575865314226
 20
23194.936708860758
  0
LWPOLYLINE
  5
177
330
17
100
AcDbEntity
  8
RASTER_CONTOURS
100
AcDbPolyline
 90
10
 70
1
 10
48476.83781240196
 20
23431.524189353215
 10
49046.21980550036
 20
23431.524189353215
 10
49084.17860504025
 20
23392.092942604475
 10
49084.17860504025
 20
23155.505462112014
 10
49122.13740458014
 20
23116.07421536327
 10
49122.13740458014
 20
21814.843072654756
 10
49046.21980550036
 20
21735.980579157273
 10
48666.631810101426
 20
21696.54933240853
 10
48438.87901286207
 20
21775.411825906016
 10
48438.87901286207
 20
23392.092942604475
  0
LWPOLYLINE
  5
178
330
17
100
AcDbEntity
  8
RASTER_CONTOURS
100
AcDbPolyline
 90
8
 70
1
 10
47679.70302206421
 20
23431.524189353215
 10
48211.12621562271
 20
23431.524189353215
 10
48287.04381470249
 20
23352.66169585573
 10
48287.04381470249
 20
21814.843072654756
 10
48211.12621562271
 20
21735.980579157273
 10
47679.70302206421
 20
21696.54933240853
 10
47565.82662344452
 20
21775.411825906016
 10
47565.82662344452
 20
23313.230449106988
  0
LWPOLYLINE
  5
179
330
17
100
AcDbEntity
  8
RASTER_CONTOURS
100
AcDbPolyline
 90
11
 70
1
 10
46882.56823172644
 20
23470.95543610196
 10
47376.03262574505
 20
23431.524189353215
 10
47451.950224824854
 20
23313.230449106988
 10
47451.950224824854
 20
21854.2743194035
 10
47338.07382620516
 20
21696.54933240853
 10
47224.19742758547
 20
21696.54933240853
 10
47186.23862804558
 20
21735.980579157273
 10
46806.65063264666
 20
21735.980579157273
 10
46730.73303356687
 20
21814.843072654756
 10
46730.73303356687
 20
23313.230449106988
 10
46768.69183310676
 20
23392.092942604475
  0
LWPOLYLINE
  5
17A
330
17
100
AcDbEntity
  8
RASTER_CONTOURS
100
AcDbPolyline
 90
11
 70
1
 10
45971.55704276901
 20
23431.524189353215
 10
46427.06263724773
 20
23470.95543610196
 10
46540.9390358674
 20
23431.524189353215
 10
46616.856634947195
 20
23273.79920235824
 10
46616.856634947195
 20
22130.2930466447
 10
46578.89783540728
 20
22090.86179989596
 10
46578.89783540728
 20
21814.843072654756
 10
46502.98023632751
 20
21735.980579157273
 10
45933.5982432291
 20
21735.980579157273
 10
45895.63944368921
 20
21775.411825906016
 10
45895.63944368921
 20
23352.66169585573
  0
LWPOLYLINE
  5
17B
330
17
100
AcDbEntity
  8
RASTER_CONTOURS
100
AcDbPolyline
 90
13
 70
1
 10
45060.545853811556
 20
23431.524189353215
 10
45174.42225243124
 20
23431.524189353215
 10
45212.38105197113
 20
23470.95543610196
 10
45326.25745059082
 20
23431.524189353215
 10
45478.09264875038
 20
23470.95543610196
 10
45516.05144829029
 20
23431.524189353215
 10
45554.01024783018
 20
23470.95543610196
 10
45743.804245529645
 20
23392.092942604475
 10
45743.804245529645
 20
21814.843072654756
 10
45667.88664644985
 20
21735.980579157273
 10
45212.38105197113
 20
21735.980579157273
 10
45022.587054271666
 20
21814.843072654756
 10
45022.587054271666
 20
23392.092942604475
  0
LWPOLYLINE
  5
17C
330
17
100
AcDbEntity
  8
RASTER_CONTOURS
100
AcDbPolyline
 90
14
 70
1
 10
23082.40092021332
 20
23392.092942604475
 10
23196.277318833
 20
23510.3866828507
 10
24145.247307330334
 20
23510.3866828507
 10
24183.206106870228
 20
23470.95543610196
 10
24221.16490641012
 20
23510.3866828507
 10
24297.082505489907
 20
23470.95543610196
 10
24562.794102269163
 20
23510.3866828507
 10
24600.75290180905
 20
23470.95543610196
 10
24714.629300428733
 20
23470.95543610196
 10
24752.588099968627
 20
23431.524189353215
 10
24752.588099968627
 20
22840.055488122074
 10
24676.670500888842
 20
22761.192994624584
 10
23196.277318833
 20
22761.192994624584
 10
23082.40092021332
 20
22879.486734870818
  0
LWPOLYLINE
  5
17D
330
17
100
AcDbEntity
  8
RASTER_CONTOURS
100
AcDbPolyline
 90
8
 70
1
 10
35039.422775279716
 20
23549.817929599445
 10
35419.01077067865
 20
23549.817929599445
 10
35684.72236745791
 20
23470.95543610196
 10
35684.72236745791
 20
21933.13681290099
 10
35608.80476837812
 20
21854.2743194035
 10
35115.340374359504
 20
21814.843072654756
 10
34963.505176199935
 20
21933.13681290099
 10
34963.505176199935
 20
23470.95543610196
  0
LWPOLYLINE
  5
17E
330
17
100
AcDbEntity
  8
RASTER_CONTOURS
100
AcDbPolyline
 90
14
 70
1
 10
34166.370385862174
 20
23549.817929599445
 10
34735.75237896058
 20
23549.817929599445
 10
34811.66997804036
 20
23470.95543610196
 10
34811.66997804036
 20
23116.07421536327
 10
34849.628777580256
 20
23076.642968614527
 10
34811.66997804036
 20
23037.211721865788
 10
34811.66997804036
 20
21893.705566152243
 10
34773.71117850047
 20
21854.2743194035
 10
34545.95838126111
 20
21854.2743194035
 10
34507.99958172122
 20
21814.843072654756
 10
34470.04078218132
 20
21854.2743194035
 10
34166.370385862174
 20
21854.2743194035
 10
34090.452786782385
 20
21972.568059649726
 10
34128.41158632228
 20
23510.3866828507
  0
LWPOLYLINE
  5
17F
330
17
100
AcDbEntity
  8
RASTER_CONTOURS
100
AcDbPolyline
 90
8
 70
1
 10
33331.27679598452
 20
23549.817929599445
 10
33900.65878908292
 20
23549.817929599445
 10
33976.576388162706
 20
23470.95543610196
 10
33976.576388162706
 20
21933.13681290099
 10
33900.65878908292
 20
21854.2743194035
 10
33331.27679598452
 20
21854.2743194035
 10
33255.359196904734
 20
21933.13681290099
 10
33255.359196904734
 20
23431.524189353215
  0
LWPOLYLINE
  5
180
330
17
100
AcDbEntity
  8
RASTER_CONTOURS
100
AcDbPolyline
 90
8
 70
1
 10
32458.224406566977
 20
23549.817929599445
 10
33065.565199205266
 20
23549.817929599445
 10
33103.523998745164
 20
23510.3866828507
 10
33103.523998745164
 20
21933.13681290099
 10
33027.606399665376
 20
21854.2743194035
 10
32458.224406566977
 20
21854.2743194035
 10
32382.306807487184
 20
21972.568059649726
 10
32382.306807487184
 20
23431.524189353215
  0
LWPOLYLINE
  5
181
330
17
100
AcDbEntity
  8
RASTER_CONTOURS
100
AcDbPolyline
 90
16
 70
1
 10
31623.130816689318
 20
23549.817929599445
 10
32192.51280978772
 20
23549.817929599445
 10
32268.430408867505
 20
23470.95543610196
 10
32268.430408867505
 20
21933.13681290099
 10
32192.51280978772
 20
21854.2743194035
 10
31623.130816689318
 20
21854.2743194035
 10
31547.213217609533
 20
22011.999306398473
 10
31547.213217609533
 20
22288.01803363967
 10
31585.17201714943
 20
22327.449280388413
 10
31585.17201714943
 20
22800.624241373327
 10
31547.213217609533
 20
22840.055488122074
 10
31585.17201714943
 20
22879.486734870818
 10
31585.17201714943
 20
22997.780475117044
 10
31547.213217609533
 20
23076.642968614527
 10
31585.17201714943
 20
23116.07421536327
 10
31585.17201714943
 20
23510.3866828507
  0
LWPOLYLINE
  5
182
330
17
100
AcDbEntity
  8
RASTER_CONTOURS
100
AcDbPolyline
 90
28
 70
1
 10
21715.88413677716
 20
23549.817929599445
 10
21791.801735856945
 20
23510.3866828507
 10
21791.801735856945
 20
23352.66169585573
 10
21829.76053539684
 20
23313.230449106988
 10
21791.801735856945
 20
23273.79920235824
 10
21791.801735856945
 20
23155.505462112014
 10
21829.76053539684
 20
23116.07421536327
 10
21791.801735856945
 20
23076.642968614527
 10
21829.76053539684
 20
23037.211721865788
 10
21829.76053539684
 20
22327.449280388413
 10
21791.801735856945
 20
22288.01803363967
 10
21791.801735856945
 20
21381.099358418585
 10
21753.842936317054
 20
21341.668111669842
 10
21639.966537697375
 20
21420.53060516733
 10
21677.925337237266
 20
21499.393098664812
 10
21677.925337237266
 20
21617.686838911046
 10
21639.966537697375
 20
21657.118085659786
 10
21677.925337237266
 20
21735.980579157273
 10
21639.966537697375
 20
21814.843072654756
 10
21639.966537697375
 20
22051.430553147216
 10
21677.925337237266
 20
22090.86179989596
 10
21677.925337237266
 20
22248.58678689093
 10
21639.966537697375
 20
22288.01803363967
 10
21677.925337237266
 20
22327.449280388413
 10
21677.925337237266
 20
22485.174267383387
 10
21639.966537697375
 20
22564.036760880874
 10
21677.925337237266
 20
22603.468007629614
 10
21677.925337237266
 20
23510.3866828507
  0
LWPOLYLINE
  5
183
330
17
100
AcDbEntity
  8
RASTER_CONTOURS
100
AcDbPolyline
 90
13
 70
1
 10
50184.98379169716
 20
23589.249176348185
 10
50184.98379169716
 20
23155.505462112014
 10
50298.860190316846
 20
23037.211721865788
 10
50754.36578479557
 20
23037.211721865788
 10
50868.242183415234
 20
23194.936708860758
 10
50868.242183415234
 20
23549.817929599445
 10
50792.32458433545
 20
23589.249176348185
 10
50754.36578479557
 20
23510.3866828507
 10
50754.36578479557
 20
23234.367955609505
 10
50678.448185715766
 20
23155.505462112014
 10
50336.818989856736
 20
23155.505462112014
 10
50260.90139077694
 20
23234.367955609505
 10
50260.90139077694
 20
23589.249176348185
  0
LWPOLYLINE
  5
184
330
17
100
AcDbEntity
  8
RASTER_CONTOURS
100
AcDbPolyline
 90
23
 70
1
 10
36633.69235595524
 20
23865.26790358939
 10
36709.609955035026
 20
23944.130397086872
 10
37354.90954721321
 20
23944.130397086872
 10
37392.86834675311
 20
23904.69915033813
 10
37506.74474537279
 20
23904.69915033813
 10
37544.703544912685
 20
23944.130397086872
 10
39063.05552650841
 20
23944.130397086872
 10
39138.9731255882
 20
23865.26790358939
 10
39328.76712328767
 20
23944.130397086872
 10
40771.20150580362
 20
23904.69915033813
 10
40809.16030534351
 20
23865.26790358939
 10
40809.16030534351
 20
23431.524189353215
 10
40847.1191048834
 20
23392.092942604475
 10
40733.242706263714
 20
23194.936708860758
 10
39252.84952420788
 20
23194.936708860758
 10
39214.89072466799
 20
23234.367955609505
 10
38987.13792742862
 20
23234.367955609505
 10
38949.17912788873
 20
23194.936708860758
 10
37544.703544912685
 20
23194.936708860758
 10
37468.78594583289
 20
23273.79920235824
 10
37392.86834675311
 20
23234.367955609505
 10
36709.609955035026
 20
23234.367955609505
 10
36633.69235595524
 20
23313.230449106988
  0
LWPOLYLINE
  5
185
330
17
100
AcDbEntity
  8
RASTER_CONTOURS
100
AcDbPolyline
 90
9
 70
1
 10
44111.575865314226
 20
24062.4241373331
 10
44225.45226393391
 20
24062.4241373331
 10
44377.287462093474
 20
23983.561643835616
 10
44377.287462093474
 20
23628.68042309693
 10
44301.36986301369
 20
23549.817929599445
 10
44111.575865314226
 20
23549.817929599445
 10
43997.699466694554
 20
23668.11166984567
 10
44035.658266234444
 20
23707.54291659442
 10
43997.699466694554
 20
23944.130397086872
  0
LWPOLYLINE
  5
186
330
17
100
AcDbEntity
  8
RASTER_CONTOURS
100
AcDbPolyline
 90
4
 70
1
 10
4482.589145665585
 20
24180.717877579333
 10
4482.589145665585
 20
23865.26790358939
 10
4520.547945205479
 20
23825.836656840645
 10
4520.547945205479
 20
24101.855384081842
  0
LWPOLYLINE
  5
187
330
17
100
AcDbEntity
  8
RASTER_CONTOURS
100
AcDbPolyline
 90
13
 70
1
 10
47527.86782390463
 20
24101.855384081842
 10
47641.7442225243
 20
24259.580371076816
 10
48590.714211021645
 20
24259.580371076816
 10
48628.673010561535
 20
24220.14912432807
 10
48856.42580780089
 20
24220.14912432807
 10
48894.384607340784
 20
24259.580371076816
 10
48932.343406880675
 20
24220.14912432807
 10
49084.17860504025
 20
24220.14912432807
 10
49160.09620412003
 20
24141.286630830586
 10
49160.09620412003
 20
23549.817929599445
 10
49122.13740458014
 20
23510.3866828507
 10
47603.78542298441
 20
23510.3866828507
 10
47527.86782390463
 20
23628.68042309693
  0
LWPOLYLINE
  5
188
330
17
100
AcDbEntity
  8
RASTER_CONTOURS
100
AcDbPolyline
 90
13
 70
1
 10
45819.72184460943
 20
24141.286630830586
 10
45895.63944368921
 20
24259.580371076816
 10
47413.99142528494
 20
24259.580371076816
 10
47489.909024364744
 20
24180.717877579333
 10
47489.909024364744
 20
24022.99289058436
 10
47527.86782390463
 20
23983.561643835616
 10
47489.909024364744
 20
23589.249176348185
 10
47376.03262574505
 20
23510.3866828507
 10
46768.69183310676
 20
23510.3866828507
 10
46730.73303356687
 20
23549.817929599445
 10
46616.856634947195
 20
23510.3866828507
 10
45933.5982432291
 20
23510.3866828507
 10
45819.72184460943
 20
23628.68042309693
  0
LWPOLYLINE
  5
189
330
17
100
AcDbEntity
  8
RASTER_CONTOURS
100
AcDbPolyline
 90
8
 70
1
 10
45060.545853811556
 20
24259.580371076816
 10
45743.804245529645
 20
24259.580371076816
 10
45819.72184460943
 20
24141.286630830586
 10
45819.72184460943
 20
23668.11166984567
 10
45743.804245529645
 20
23549.817929599445
 10
45060.545853811556
 20
23549.817929599445
 10
44984.628254731775
 20
23628.68042309693
 10
44984.628254731775
 20
24141.286630830586
  0
LWPOLYLINE
  5
18A
330
17
100
AcDbEntity
  8
RASTER_CONTOURS
100
AcDbPolyline
 90
12
 70
1
 10
27523.580466380838
 20
24299.01161782556
 10
28282.756457178704
 20
24299.01161782556
 10
28358.674056258493
 20
24220.14912432807
 10
28358.674056258493
 20
24101.855384081842
 10
28244.797657638814
 20
23865.26790358939
 10
28244.797657638814
 20
23707.54291659442
 10
28358.674056258493
 20
23470.95543610196
 10
28358.674056258493
 20
23234.367955609505
 10
28244.797657638814
 20
23116.07421536327
 10
27523.580466380838
 20
23116.07421536327
 10
27447.662867301053
 20
23194.936708860758
 10
27447.662867301053
 20
24180.717877579333
  0
LWPOLYLINE
  5
18B
330
17
100
AcDbEntity
  8
RASTER_CONTOURS
100
AcDbPolyline
 90
12
 70
1
 10
40998.95430304298
 20
24338.442864574303
 10
41758.13029384084
 20
24338.442864574303
 10
41834.04789292064
 20
24259.580371076816
 10
41834.04789292064
 20
24101.855384081842
 10
41720.17149430095
 20
23825.836656840645
 10
41758.13029384084
 20
23549.817929599445
 10
41834.04789292064
 20
23431.524189353215
 10
41834.04789292064
 20
23352.66169585573
 10
41758.13029384084
 20
23273.79920235824
 10
40998.95430304298
 20
23273.79920235824
 10
40923.03670396318
 20
23352.66169585573
 10
40923.03670396318
 20
24259.580371076816
  0
LWPOLYLINE
  5
18C
330
17
100
AcDbEntity
  8
RASTER_CONTOURS
100
AcDbPolyline
 90
25
 70
1
 10
31547.213217609533
 20
24299.01161782556
 10
31623.130816689318
 20
24377.874111323043
 10
33103.523998745164
 20
24377.874111323043
 10
33141.482798285055
 20
24338.442864574303
 10
33255.359196904734
 20
24338.442864574303
 10
33293.317996444624
 20
24377.874111323043
 10
34811.66997804036
 20
24377.874111323043
 10
34925.54637666004
 20
24299.01161782556
 10
35001.463975739825
 20
24377.874111323043
 10
35646.76356791802
 20
24377.874111323043
 10
35722.6811669978
 20
24299.01161782556
 10
35722.6811669978
 20
23707.54291659442
 10
35646.76356791802
 20
23628.68042309693
 10
35001.463975739825
 20
23628.68042309693
 10
34925.54637666004
 20
23707.54291659442
 10
34811.66997804036
 20
23628.68042309693
 10
33293.317996444624
 20
23628.68042309693
 10
33179.441597824945
 20
23786.405410091902
 10
33141.482798285055
 20
23668.11166984567
 10
33027.606399665376
 20
23668.11166984567
 10
32989.64760012548
 20
23628.68042309693
 10
32875.7712015058
 20
23628.68042309693
 10
32837.81240196591
 20
23668.11166984567
 10
31661.089616229216
 20
23628.68042309693
 10
31547.213217609533
 20
23707.54291659442
  0
LWPOLYLINE
  5
18D
330
17
100
AcDbEntity
  8
RASTER_CONTOURS
100
AcDbPolyline
 90
15
 70
1
 10
30598.2432291122
 20
24417.305358071786
 10
31281.50162083028
 20
24417.305358071786
 10
31433.336818989854
 20
24338.442864574303
 10
31433.336818989854
 20
23392.092942604475
 10
31281.50162083028
 20
23313.230449106988
 10
30636.202028652093
 20
23313.230449106988
 10
30598.2432291122
 20
23273.79920235824
 10
30560.284429572308
 20
23313.230449106988
 10
30522.325630032414
 20
23510.3866828507
 10
30636.202028652093
 20
23707.54291659442
 10
30636.202028652093
 20
23904.69915033813
 10
30598.2432291122
 20
23944.130397086872
 10
30598.2432291122
 20
24101.855384081842
 10
30522.325630032414
 20
24220.14912432807
 10
30522.325630032414
 20
24338.442864574303
  0
LWPOLYLINE
  5
18E
330
17
100
AcDbEntity
  8
RASTER_CONTOURS
100
AcDbPolyline
 90
2
 70
1
 10
43200.56467635679
 20
24772.186578810473
 10
43580.15267175573
 20
24772.186578810473
  0
LWPOLYLINE
  5
18F
330
17
100
AcDbEntity
  8
RASTER_CONTOURS
100
AcDbPolyline
 90
8
 70
1
 10
34014.5351877026
 20
24772.186578810473
 10
34052.493987242495
 20
24811.617825559217
 10
34128.41158632228
 20
24732.75533206173
 10
34432.08198264143
 20
24732.75533206173
 10
34470.04078218132
 20
24693.324085312983
 10
34356.16438356164
 20
24614.4615918155
 10
34052.493987242495
 20
24614.4615918155
 10
34014.5351877026
 20
24653.892838564247
  0
LWPOLYLINE
  5
190
330
17
100
AcDbEntity
  8
RASTER_CONTOURS
100
AcDbPolyline
 90
18
 70
1
 10
38645.508731569586
 20
25087.636552800413
 10
38721.426330649374
 20
25166.499046297897
 10
40960.99550350307
 20
25166.499046297897
 10
41074.87190212276
 20
25048.20530605167
 10
41074.87190212276
 20
24693.324085312983
 10
40998.95430304298
 20
24575.030345066756
 10
40733.242706263714
 20
24575.030345066756
 10
40657.32510718393
 20
24653.892838564247
 10
40543.44870856426
 20
24575.030345066756
 10
39936.10791592597
 20
24575.030345066756
 10
39860.19031684618
 20
24693.324085312983
 10
39822.231517306274
 20
24693.324085312983
 10
39746.31391822649
 20
24575.030345066756
 10
39101.01432604831
 20
24575.030345066756
 10
39025.09672696852
 20
24693.324085312983
 10
38911.22032834884
 20
24575.030345066756
 10
38721.426330649374
 20
24575.030345066756
 10
38645.508731569586
 20
24653.892838564247
  0
LWPOLYLINE
  5
191
330
17
100
AcDbEntity
  8
RASTER_CONTOURS
100
AcDbPolyline
 90
26
 70
1
 10
49653.56059813866
 20
25245.361539795387
 10
49653.56059813866
 20
25087.636552800413
 10
49615.60179859877
 20
25048.20530605167
 10
49653.56059813866
 20
24969.342812554187
 10
49653.56059813866
 20
24417.305358071786
 10
49615.60179859877
 20
24377.874111323043
 10
49615.60179859877
 20
24062.4241373331
 10
49653.56059813866
 20
24022.99289058436
 10
49653.56059813866
 20
23668.11166984567
 10
49615.60179859877
 20
23628.68042309693
 10
49615.60179859877
 20
23431.524189353215
 10
49653.56059813866
 20
23392.092942604475
 10
49653.56059813866
 20
23273.79920235824
 10
49615.60179859877
 20
23234.367955609505
 10
49653.56059813866
 20
23194.936708860758
 10
49653.56059813866
 20
23037.211721865788
 10
49615.60179859877
 20
22997.780475117044
 10
49615.60179859877
 20
22761.192994624584
 10
49653.56059813866
 20
22721.761747875844
 10
49653.56059813866
 20
22169.724293393443
 10
49615.60179859877
 20
22130.2930466447
 10
49615.60179859877
 20
20868.493150684928
 10
49653.56059813866
 20
20829.061903936188
 10
49615.60179859877
 20
20789.630657187445
 10
49615.60179859877
 20
19882.71198196636
 10
49653.56059813866
 20
20001.005722212587
  0
LWPOLYLINE
  5
192
330
17
100
AcDbEntity
  8
RASTER_CONTOURS
100
AcDbPolyline
 90
8
 70
1
 10
24107.28850779044
 20
25324.22403329287
 10
24562.794102269163
 20
25324.22403329287
 10
24714.629300428733
 20
25205.930293046644
 10
24714.629300428733
 20
23668.11166984567
 10
24638.711701348948
 20
23589.249176348185
 10
24069.329708250545
 20
23589.249176348185
 10
23993.41210917076
 20
23668.11166984567
 10
23993.41210917076
 20
25205.930293046644
  0
LWPOLYLINE
  5
193
330
17
100
AcDbEntity
  8
RASTER_CONTOURS
100
AcDbPolyline
 90
8
 70
1
 10
23234.236118372894
 20
25324.22403329287
 10
23765.659311931402
 20
25324.22403329287
 10
23879.53571055108
 20
25166.499046297897
 10
23879.53571055108
 20
23746.974163343155
 10
23765.659311931402
 20
23589.249176348185
 10
23234.236118372894
 20
23589.249176348185
 10
23158.31851929311
 20
23668.11166984567
 10
23158.31851929311
 20
25245.361539795387
  0
LWPOLYLINE
  5
194
330
17
100
AcDbEntity
  8
RASTER_CONTOURS
100
AcDbPolyline
 90
2
 70
1
 10
49653.56059813866
 20
25757.967747529045
 10
49653.56059813866
 20
25324.22403329287
  0
LWPOLYLINE
  5
195
330
17
100
AcDbEntity
  8
RASTER_CONTOURS
100
AcDbPolyline
 90
12
 70
1
 10
26726.44567604308
 20
26152.28021501647
 10
27295.82766914148
 20
26152.28021501647
 10
27371.745268221268
 20
26073.41772151899
 10
27371.745268221268
 20
24535.599098318013
 10
27333.786468681374
 20
24496.167851569273
 10
27333.786468681374
 20
24338.442864574303
 10
27371.745268221268
 20
24299.01161782556
 10
27371.745268221268
 20
22761.192994624584
 10
27295.82766914148
 20
22682.3305011271
 10
26726.44567604308
 20
22682.3305011271
 10
26650.528076963292
 20
22761.192994624584
 10
26650.528076963292
 20
26073.41772151899
  0
LWPOLYLINE
  5
196
330
17
100
AcDbEntity
  8
RASTER_CONTOURS
100
AcDbPolyline
 90
14
 70
1
 10
25853.39328662553
 20
26152.28021501647
 10
26460.734079263828
 20
26152.28021501647
 10
26498.69287880372
 20
26112.84896826773
 10
26498.69287880372
 20
24496.167851569273
 10
26460.734079263828
 20
24456.73660482053
 10
26498.69287880372
 20
24377.874111323043
 10
26498.69287880372
 20
22761.192994624584
 10
26422.775279723934
 20
22682.3305011271
 10
25891.352086165425
 20
22682.3305011271
 10
25815.43448708564
 20
22761.192994624584
 10
25815.43448708564
 20
24338.442864574303
 10
25853.39328662553
 20
24377.874111323043
 10
25815.43448708564
 20
24496.167851569273
 10
25815.43448708564
 20
26112.84896826773
  0
LWPOLYLINE
  5
197
330
17
100
AcDbEntity
  8
RASTER_CONTOURS
100
AcDbPolyline
 90
8
 70
1
 10
23082.40092021332
 20
26073.41772151899
 10
23158.31851929311
 20
26152.28021501647
 10
24676.670500888842
 20
26152.28021501647
 10
24790.54689950852
 20
25994.555228021498
 10
24752.588099968627
 20
25442.5177735391
 10
24638.711701348948
 20
25363.655280041614
 10
23158.31851929311
 20
25403.086526790357
 10
23082.40092021332
 20
25481.94902028784
  0
LWPOLYLINE
  5
198
330
17
100
AcDbEntity
  8
RASTER_CONTOURS
100
AcDbPolyline
 90
28
 70
1
 10
24980.340897207985
 20
26191.711461765215
 10
25132.17609536756
 20
26191.711461765215
 10
25170.134894907453
 20
26152.28021501647
 10
25435.84649168671
 20
26191.711461765215
 10
25549.722890306388
 20
26112.84896826773
 10
25587.681689846282
 20
25994.555228021498
 10
25549.722890306388
 20
24496.167851569273
 10
25511.764090766494
 20
24456.73660482053
 10
25587.681689846282
 20
24220.14912432807
 10
25549.722890306388
 20
22761.192994624584
 10
25435.84649168671
 20
22682.3305011271
 10
24942.382097668095
 20
22682.3305011271
 10
24866.464498588306
 20
22761.192994624584
 10
24866.464498588306
 20
23116.07421536327
 10
24828.505699048415
 20
23155.505462112014
 10
24828.505699048415
 20
24338.442864574303
 10
24866.464498588306
 20
24377.874111323043
 10
24866.464498588306
 20
24614.4615918155
 10
24828.505699048415
 20
24653.892838564247
 10
24828.505699048415
 20
25008.774059302927
 10
24866.464498588306
 20
25048.20530605167
 10
24828.505699048415
 20
25087.636552800413
 10
24828.505699048415
 20
25521.380267036584
 10
24866.464498588306
 20
25600.242760534074
 10
24828.505699048415
 20
25639.674007282814
 10
24828.505699048415
 20
25955.123981272754
 10
24866.464498588306
 20
25994.555228021498
 10
24866.464498588306
 20
26112.84896826773
  0
LWPOLYLINE
  5
199
330
17
100
AcDbEntity
  8
RASTER_CONTOURS
100
AcDbPolyline
 90
19
 70
1
 10
22323.224929415454
 20
26191.711461765215
 10
22930.565722053743
 20
26191.711461765215
 10
23006.483321133535
 20
26112.84896826773
 10
23006.483321133535
 20
24535.599098318013
 10
22930.565722053743
 20
24456.73660482053
 10
23006.483321133535
 20
24377.874111323043
 10
23006.483321133535
 20
22800.624241373327
 10
22930.565722053743
 20
22721.761747875844
 10
22361.183728955348
 20
22721.761747875844
 10
22285.266129875556
 20
22800.624241373327
 10
22285.266129875556
 20
24377.874111323043
 10
22323.224929415454
 20
24496.167851569273
 10
22285.266129875556
 20
24535.599098318013
 10
22285.266129875556
 20
25048.20530605167
 10
22247.30733033567
 20
25087.636552800413
 10
22285.266129875556
 20
25363.655280041614
 10
22247.30733033567
 20
25481.94902028784
 10
22285.266129875556
 20
25521.380267036584
 10
22285.266129875556
 20
26152.28021501647
  0
LWPOLYLINE
  5
19A
330
17
100
AcDbEntity
  8
RASTER_CONTOURS
100
AcDbPolyline
 90
25
 70
1
 10
44073.617065774335
 20
26388.86769550893
 10
44187.49346439401
 20
26388.86769550893
 10
44225.45226393391
 20
26428.29894225767
 10
44339.328662553584
 20
26388.86769550893
 10
44870.7518561121
 20
26388.86769550893
 10
44946.669455191884
 20
26310.00520201144
 10
44946.669455191884
 20
26073.41772151899
 10
44870.7518561121
 20
26033.986474770245
 10
44984.628254731775
 20
25757.967747529045
 10
44984.628254731775
 20
25600.242760534074
 10
44946.669455191884
 20
25560.811513785327
 10
44984.628254731775
 20
25324.22403329287
 10
44946.669455191884
 20
25284.79278654413
 10
44946.669455191884
 20
24969.342812554187
 10
44908.710655651994
 20
24929.911565805443
 10
44035.658266234444
 20
24929.911565805443
 10
43997.699466694554
 20
24969.342812554187
 10
43997.699466694554
 20
25127.06779954916
 10
44111.575865314226
 20
25403.086526790357
 10
44111.575865314226
 20
25600.242760534074
 10
43997.699466694554
 20
25797.398994277784
 10
43997.699466694554
 20
25955.123981272754
 10
44073.617065774335
 20
25994.555228021498
 10
44035.658266234444
 20
26073.41772151899
 10
44035.658266234444
 20
26349.436448760185
  0
LWPOLYLINE
  5
19B
330
17
100
AcDbEntity
  8
RASTER_CONTOURS
100
AcDbPolyline
 90
8
 70
1
 10
28358.674056258493
 20
26428.29894225767
 10
28510.50925441807
 20
26428.29894225767
 10
28586.426853497855
 20
26310.00520201144
 10
28548.468053957957
 20
25560.811513785327
 10
28510.50925441807
 20
25521.380267036584
 10
28358.674056258493
 20
25521.380267036584
 10
28320.7152567186
 20
25560.811513785327
 10
28320.7152567186
 20
26388.86769550893
  0
LWPOLYLINE
  5
19C
330
17
100
AcDbEntity
  8
RASTER_CONTOURS
100
AcDbPolyline
 90
5
 70
1
 10
4444.630346125692
 20
26388.86769550893
 10
4444.630346125692
 20
25008.774059302927
 10
4444.630346125692
 20
25205.930293046644
 10
4482.589145665585
 20
25245.361539795387
 10
4444.630346125692
 20
25363.655280041614
  0
LWPOLYLINE
  5
19D
330
17
100
AcDbEntity
  8
RASTER_CONTOURS
100
AcDbPolyline
 90
289
 70
1
 10
30332.531632332946
 20
26546.592682503902
 10
30294.572832793056
 20
26507.16143575516
 10
30332.531632332946
 20
26388.86769550893
 10
31129.666422670707
 20
26388.86769550893
 10
31243.542821290386
 20
26270.5739552627
 10
31243.542821290386
 20
24811.617825559217
 10
31205.584021750492
 20
24772.186578810473
 10
31243.542821290386
 20
24732.75533206173
 10
31129.666422670707
 20
24614.4615918155
 10
30332.531632332946
 20
24614.4615918155
 10
30294.572832793056
 20
24575.030345066756
 10
30294.572832793056
 20
24417.305358071786
 10
30408.449231412735
 20
24299.01161782556
 10
30408.449231412735
 20
23431.524189353215
 10
30294.572832793056
 20
23352.66169585573
 10
30256.61403325316
 20
23234.367955609505
 10
30256.61403325316
 20
22169.724293393443
 10
30332.531632332946
 20
22090.86179989596
 10
30712.119627731878
 20
22090.86179989596
 10
30788.03722681167
 20
22011.999306398473
 10
30788.03722681167
 20
21893.705566152243
 10
30825.996026351557
 20
21854.2743194035
 10
30825.996026351557
 20
20868.493150684928
 10
30750.078427271772
 20
20671.336916941218
 10
30370.49043187284
 20
20671.336916941218
 10
30294.572832793056
 20
20631.905670192475
 10
30256.61403325316
 20
20553.043176694984
 10
30256.61403325316
 20
19448.968267730186
 10
30294.572832793056
 20
19370.105774232703
 10
30408.449231412735
 20
19291.243280735216
 10
30408.449231412735
 20
18739.20582625282
 10
30370.49043187284
 20
18699.774579504072
 10
30408.449231412735
 20
18660.34333275533
 10
30408.449231412735
 20
18502.61834576036
 10
30256.61403325316
 20
18266.030865267905
 10
30294.572832793056
 20
18108.30587827293
 10
30370.49043187284
 20
18068.874631524188
 10
30408.449231412735
 20
17950.58089127796
 10
30408.449231412735
 20
17753.424657534244
 10
30370.49043187284
 20
17713.9934107855
 10
30408.449231412735
 20
17674.562164036757
 10
30408.449231412735
 20
17201.387203051843
 10
30256.61403325316
 20
17043.662216056873
 10
30256.61403325316
 20
15860.72481359459
 10
30294.572832793056
 20
15821.293566845845
 10
30636.202028652093
 20
15821.293566845845
 10
30788.03722681167
 20
15742.431073348358
 10
30788.03722681167
 20
14441.199930639847
 10
30712.119627731878
 20
14362.33743714236
 10
30294.572832793056
 20
14362.33743714236
 10
30256.61403325316
 20
14322.906190393614
 10
30256.61403325316
 20
13100.537541182588
 10
30370.49043187284
 20
13021.675047685105
 10
30370.49043187284
 20
12154.18761921276
 10
30256.61403325316
 20
12035.893878966534
 10
30256.61403325316
 20
11838.737645222818
 10
30370.49043187284
 20
11720.44390497659
 10
30370.49043187284
 20
10892.38772325299
 10
30256.61403325316
 20
10774.093983006762
 10
30256.61403325316
 20
10655.80024276053
 10
30218.655233713267
 20
10616.368996011792
 10
30218.655233713267
 20
9748.881567539447
 10
30256.61403325316
 20
9709.450320790702
 10
30142.737634633482
 20
9551.725333795732
 10
30180.696434173376
 20
9512.294087046992
 10
30446.408030952625
 20
9512.294087046992
 10
30484.36683049252
 20
9472.862840298247
 10
30522.325630032414
 20
9512.294087046992
 10
30636.202028652093
 20
9512.294087046992
 10
30788.03722681167
 20
9394.00034680076
 10
30788.03722681167
 20
8960.25663256459
 10
30712.119627731878
 20
8881.394139067106
 10
30294.572832793056
 20
8881.394139067106
 10
30180.696434173376
 20
8841.962892318363
 10
30218.655233713267
 20
8723.669152072134
 10
30370.49043187284
 20
8605.375411825902
 10
30370.49043187284
 20
7737.887983353563
 10
30218.655233713267
 20
7580.162996358591
 10
30218.655233713267
 20
6397.225593896304
 10
30180.696434173376
 20
6357.79434714756
 10
30218.655233713267
 20
6278.931853650077
 10
30218.655233713267
 20
5726.894399167674
 10
30180.696434173376
 20
5608.600658921448
 10
30294.572832793056
 20
5529.738165423964
 10
30332.531632332946
 20
5569.169412172703
 10
30598.2432291122
 20
5569.169412172703
 10
30636.202028652093
 20
5608.600658921448
 10
30636.202028652093
 20
5845.188139413906
 10
30598.2432291122
 20
5924.05063291139
 10
30674.160828191987
 20
6081.7756199063615
 10
31888.842413468574
 20
6081.7756199063615
 10
31964.760012548362
 20
6002.913126408878
 10
31964.760012548362
 20
5687.463152418935
 10
31926.801213008468
 20
5569.169412172703
 10
33938.617588622816
 20
5569.169412172703
 10
33976.576388162706
 20
5529.738165423964
 10
34052.493987242495
 20
5569.169412172703
 10
34242.28798494196
 20
5569.169412172703
 10
34280.24678448185
 20
5529.738165423964
 10
34318.20558402174
 20
5569.169412172703
 10
34545.95838126111
 20
5529.738165423964
 10
34583.917180801
 20
5569.169412172703
 10
34621.8759803409
 20
5529.738165423964
 10
34735.75237896058
 20
5569.169412172703
 10
34963.505176199935
 20
5569.169412172703
 10
35001.463975739825
 20
5529.738165423964
 10
40543.44870856426
 20
5529.738165423964
 10
40619.36630764404
 20
5490.30691867522
 10
40733.242706263714
 20
5569.169412172703
 10
40733.242706263714
 20
6160.638113403849
 10
40847.1191048834
 20
6278.931853650077
 10
40923.03670396318
 20
6239.5006069013325
 10
41036.91310258287
 20
6278.931853650077
 10
41188.74830074245
 20
6200.069360152589
 10
41188.74830074245
 20
5569.169412172703
 10
41226.70710028234
 20
5529.738165423964
 10
41340.58349890201
 20
5529.738165423964
 10
41340.58349890201
 20
6357.79434714756
 10
41378.5422984419
 20
6476.088087393792
 10
41340.58349890201
 20
6515.519334142531
 10
41340.58349890201
 20
7501.300502861103
 10
41226.70710028234
 20
7737.887983353563
 10
41264.66589982223
 20
7856.1817235997905
 10
41226.70710028234
 20
7895.612970348534
 10
41264.66589982223
 20
8565.944165077164
 10
41302.62469936212
 20
8605.375411825902
 10
41985.8830910802
 20
8605.375411825902
 10
42175.67708877967
 20
8763.100398820874
 10
42137.718289239776
 20
8802.531645569617
 10
41606.29509568126
 20
8802.531645569617
 10
41492.41869706159
 20
8920.825385815846
 10
41492.41869706159
 20
9315.137853303277
 10
41568.336296141366
 20
9433.431593549503
 10
42099.759489699885
 20
9433.431593549503
 10
42137.718289239776
 20
9472.862840298247
 10
42061.800690159995
 20
9591.156580544475
 10
42061.800690159995
 20
10695.231489509275
 10
41909.96549200042
 20
10813.525229755502
 10
41909.96549200042
 20
11641.581411479103
 10
42061.800690159995
 20
11799.306398474073
 10
42061.800690159995
 20
11996.462632217788
 10
41909.96549200042
 20
12075.325125715271
 10
41909.96549200042
 20
12942.812554187618
 10
42061.800690159995
 20
13061.106294433845
 10
42099.759489699885
 20
13179.400034680077
 10
42061.800690159995
 20
13297.693774926303
 10
42061.800690159995
 20
13968.024969654933
 10
42099.759489699885
 20
14046.887463152416
 10
42023.84189062009
 20
14322.906190393614
 10
41568.336296141366
 20
14322.906190393614
 10
41492.41869706159
 20
14480.631177388586
 10
41530.377496601475
 20
14520.06242413733
 10
41530.377496601475
 20
14993.237385122244
 10
41492.41869706159
 20
15032.668631870989
 10
41530.377496601475
 20
15072.099878619732
 10
41530.377496601475
 20
15702.999826599618
 10
41568.336296141366
 20
15742.431073348358
 10
42023.84189062009
 20
15742.431073348358
 10
42099.759489699885
 20
15821.293566845845
 10
42099.759489699885
 20
16964.79972255939
 10
41909.96549200042
 20
17201.387203051843
 10
41947.92429154031
 20
17280.24969654933
 10
41947.92429154031
 20
17990.0121380267
 10
42099.759489699885
 20
18108.30587827293
 10
42061.800690159995
 20
18305.46211201665
 10
41947.92429154031
 20
18384.32460551413
 10
41947.92429154031
 20
19251.812033986476
 10
42099.759489699885
 20
19370.105774232703
 10
42099.759489699885
 20
20553.043176694984
 10
41834.04789292064
 20
20631.905670192475
 10
41606.29509568126
 20
20631.905670192475
 10
41530.377496601475
 20
20710.768163689958
 10
41530.377496601475
 20
21972.568059649726
 10
41568.336296141366
 20
22011.999306398473
 10
41947.92429154031
 20
22011.999306398473
 10
42099.759489699885
 20
22090.86179989596
 10
42099.759489699885
 20
23273.79920235824
 10
41947.92429154031
 20
23392.092942604475
 10
41947.92429154031
 20
24259.580371076816
 10
42099.759489699885
 20
24338.442864574303
 10
42099.759489699885
 20
24535.599098318013
 10
42023.84189062009
 20
24575.030345066756
 10
41302.62469936212
 20
24575.030345066756
 10
41264.66589982223
 20
24614.4615918155
 10
41264.66589982223
 20
26231.14270851396
 10
41340.58349890201
 20
26310.00520201144
 10
42251.59468785945
 20
26310.00520201144
 10
42327.51228693924
 20
26428.29894225767
 10
42251.59468785945
 20
26586.023929252642
 10
42099.759489699885
 20
26586.023929252642
 10
42061.800690159995
 20
26546.592682503902
 10
41606.29509568126
 20
26546.592682503902
 10
41568.336296141366
 20
26586.023929252642
 10
41378.5422984419
 20
26546.592682503902
 10
41340.58349890201
 20
26586.023929252642
 10
41112.83070166265
 20
26586.023929252642
 10
41074.87190212276
 20
26546.592682503902
 10
41074.87190212276
 20
25284.79278654413
 10
40998.95430304298
 20
25205.930293046644
 10
38569.591132489804
 20
25205.930293046644
 10
38531.63233294991
 20
25166.499046297897
 10
38531.63233294991
 20
24653.892838564247
 10
38417.75593433023
 20
24575.030345066756
 10
37962.250339851504
 20
24575.030345066756
 10
37924.29154031161
 20
24614.4615918155
 10
37848.373941231825
 20
24575.030345066756
 10
37810.415141691934
 20
24614.4615918155
 10
37582.66234445257
 20
24614.4615918155
 10
37544.703544912685
 20
24575.030345066756
 10
37278.99194813343
 20
24575.030345066756
 10
37241.03314859353
 20
24614.4615918155
 10
36102.26916239673
 20
24614.4615918155
 10
36026.35156331695
 20
24693.324085312983
 10
35988.392763777054
 20
26191.711461765215
 10
36102.26916239673
 20
26349.436448760185
 10
38607.549932029695
 20
26349.436448760185
 10
38607.549932029695
 20
26507.16143575516
 10
38569.591132489804
 20
26546.592682503902
 10
35988.392763777054
 20
26546.592682503902
 10
35950.433964237156
 20
26586.023929252642
 10
35836.55756561748
 20
26507.16143575516
 10
35836.55756561748
 20
24851.049072307957
 10
35798.598766077586
 20
24811.617825559217
 10
35836.55756561748
 20
24693.324085312983
 10
35760.639966537696
 20
24614.4615918155
 10
34583.917180801
 20
24614.4615918155
 10
34507.99958172122
 20
24693.324085312983
 10
34545.95838126111
 20
24969.342812554187
 10
34470.04078218132
 20
25127.06779954916
 10
34432.08198264143
 20
25087.636552800413
 10
34128.41158632228
 20
25087.636552800413
 10
34090.452786782385
 20
25048.20530605167
 10
33976.576388162706
 20
25127.06779954916
 10
34014.5351877026
 20
25521.380267036584
 10
34204.329185402064
 20
25757.967747529045
 10
34242.28798494196
 20
25718.5365007803
 10
34356.16438356164
 20
25718.5365007803
 10
34432.08198264143
 20
25639.674007282814
 10
34394.12318310153
 20
25600.242760534074
 10
34394.12318310153
 20
25403.086526790357
 10
34242.28798494196
 20
25324.22403329287
 10
34507.99958172122
 20
25324.22403329287
 10
34545.95838126111
 20
25442.5177735391
 10
34545.95838126111
 20
25757.967747529045
 10
34583.917180801
 20
25797.398994277784
 10
34773.71117850047
 20
25797.398994277784
 10
35001.463975739825
 20
25876.26148777527
 10
35039.422775279716
 20
25955.123981272754
 10
35039.422775279716
 20
26073.41772151899
 10
35001.463975739825
 20
26112.84896826773
 10
35001.463975739825
 20
26546.592682503902
 10
34925.54637666004
 20
26586.023929252642
 10
34849.628777580256
 20
26546.592682503902
 10
34811.66997804036
 20
26467.730189006412
 10
34849.628777580256
 20
26349.436448760185
 10
34811.66997804036
 20
26310.00520201144
 10
34811.66997804036
 20
26073.41772151899
 10
34773.71117850047
 20
26033.986474770245
 10
34014.5351877026
 20
26033.986474770245
 10
33938.617588622816
 20
26112.84896826773
 10
33938.617588622816
 20
26546.592682503902
 10
33900.65878908292
 20
26586.023929252642
 10
33293.317996444624
 20
26586.023929252642
 10
33217.40039736484
 20
26507.16143575516
 10
33217.40039736484
 20
26428.29894225767
 10
33293.317996444624
 20
26310.00520201144
 10
33407.1943950643
 20
26388.86769550893
 10
33483.11199414409
 20
26349.436448760185
 10
33634.94719230366
 20
26388.86769550893
 10
33748.82359092335
 20
26310.00520201144
 10
33748.82359092335
 20
25994.555228021498
 10
33786.78239046324
 20
25955.123981272754
 10
33748.82359092335
 20
25915.692734524015
 10
33786.78239046324
 20
25876.26148777527
 10
33748.82359092335
 20
25797.398994277784
 10
33748.82359092335
 20
24693.324085312983
 10
33672.90599184356
 20
24614.4615918155
 10
33369.23559552441
 20
24614.4615918155
 10
33331.27679598452
 20
24653.892838564247
 10
33217.40039736484
 20
24653.892838564247
 10
33179.441597824945
 20
24614.4615918155
 10
31585.17201714943
 20
24614.4615918155
 10
31509.25441806964
 20
24653.892838564247
 10
31433.336818989854
 20
24772.186578810473
 10
31433.336818989854
 20
26231.14270851396
 10
31509.25441806964
 20
26349.436448760185
 10
32040.677611628147
 20
26349.436448760185
 10
32078.63641116804
 20
26388.86769550893
 10
32040.677611628147
 20
26586.023929252642
  0
LWPOLYLINE
  5
19E
330
17
100
AcDbEntity
  8
RASTER_CONTOURS
100
AcDbPolyline
 90
43
 70
1
 10
50982.11858203493
 20
27019.767643488816
 10
50982.11858203493
 20
26901.473903242582
 10
50944.15978249504
 20
26862.042656493843
 10
50982.11858203493
 20
26783.180162996356
 10
51095.99498065459
 20
26783.180162996356
 10
51171.912579734395
 20
26704.317669498872
 10
51171.912579734395
 20
26586.023929252642
 10
51209.871379274286
 20
26546.592682503902
 10
51209.871379274286
 20
19646.1245014739
 10
51171.912579734395
 20
19606.693254725156
 10
51171.912579734395
 20
19488.39951447893
 10
51209.871379274286
 20
19448.968267730186
 10
51209.871379274286
 20
18147.737125021675
 10
51095.99498065459
 20
18029.443384775444
 10
50982.11858203493
 20
17990.0121380267
 10
50982.11858203493
 20
17240.818449800587
 10
51020.07738157482
 20
17201.387203051843
 10
50982.11858203493
 20
17004.23096930813
 10
51020.07738157482
 20
16964.79972255939
 10
51133.953780194504
 20
16964.79972255939
 10
51209.871379274286
 20
16885.9372290619
 10
51209.871379274286
 20
15426.981099358414
 10
51209.871379274286
 20
16649.349748569446
 10
51247.830178814176
 20
16688.780995318186
 10
51247.830178814176
 20
17043.662216056873
 10
51133.953780194504
 20
17083.093462805617
 10
51095.99498065459
 20
17161.9559563031
 10
51020.07738157482
 20
17201.387203051843
 10
51020.07738157482
 20
17792.85590428299
 10
51247.830178814176
 20
17950.58089127796
 10
51247.830178814176
 20
18068.874631524188
 10
51209.871379274286
 20
18108.30587827293
 10
51209.871379274286
 20
19172.949540488986
 10
51247.830178814176
 20
19212.380787237733
 10
51247.830178814176
 20
19922.1432287151
 10
51209.871379274286
 20
19961.574475463844
 10
51209.871379274286
 20
20395.318189700014
 10
51247.830178814176
 20
20434.749436448757
 10
51209.871379274286
 20
26704.317669498872
 10
51285.78897835407
 20
26862.042656493843
 10
51247.830178814176
 20
26901.473903242582
 10
51133.953780194504
 20
26862.042656493843
 10
51020.07738157482
 20
27019.767643488816
  0
LWPOLYLINE
  5
19F
330
17
100
AcDbEntity
  8
RASTER_CONTOURS
100
AcDbPolyline
 90
13
 70
1
 10
44187.49346439401
 20
27098.6301369863
 10
44225.45226393391
 20
27138.061383735043
 10
45174.42225243124
 20
27138.061383735043
 10
45250.339851511024
 20
27059.198890237556
 10
45250.339851511024
 20
26822.6114097451
 10
45174.42225243124
 20
26704.317669498872
 10
45060.545853811556
 20
26822.6114097451
 10
44946.669455191884
 20
26704.317669498872
 10
44529.12266025305
 20
26704.317669498872
 10
44453.20506117328
 20
26862.042656493843
 10
44263.4110634738
 20
26743.748916247612
 10
44225.45226393391
 20
26783.180162996356
 10
44225.45226393391
 20
27059.198890237556
  0
LWPOLYLINE
  5
1A0
330
17
100
AcDbEntity
  8
RASTER_CONTOURS
100
AcDbPolyline
 90
2
 70
1
 10
49653.56059813866
 20
27177.492630483786
 10
49653.56059813866
 20
25836.830241026528
  0
LWPOLYLINE
  5
1A1
330
17
100
AcDbEntity
  8
RASTER_CONTOURS
100
AcDbPolyline
 90
9
 70
1
 10
49273.97260273972
 20
27729.530084966183
 10
49349.8902018195
 20
27650.6675914687
 10
49349.8902018195
 20
26940.905149991326
 10
49311.93140227961
 20
26901.473903242582
 10
48666.631810101426
 20
26901.473903242582
 10
48590.714211021645
 20
26980.336396740073
 10
48590.714211021645
 20
27611.236344719957
 10
48666.631810101426
 20
27690.09883821744
 10
49198.055003659945
 20
27690.09883821744
  0
LWPOLYLINE
  5
1A2
330
17
100
AcDbEntity
  8
RASTER_CONTOURS
100
AcDbPolyline
 90
40
 70
1
 10
51551.500575133316
 20
27768.961331714927
 10
51627.41817421311
 20
27690.09883821744
 10
51627.41817421311
 20
24417.305358071786
 10
51589.45937467322
 20
24377.874111323043
 10
51627.41817421311
 20
24338.442864574303
 10
51627.41817421311
 20
12035.893878966534
 10
51589.45937467322
 20
11996.462632217788
 10
51551.500575133316
 20
12035.893878966534
 10
51551.500575133316
 20
12351.343852956476
 10
51513.541775593425
 20
12390.775099705215
 10
51513.541775593425
 20
13021.675047685105
 10
51551.500575133316
 20
13061.106294433845
 10
51551.500575133316
 20
13179.400034680077
 10
51513.541775593425
 20
13218.831281428817
 10
51513.541775593425
 20
14322.906190393614
 10
51551.500575133316
 20
14362.33743714236
 10
51551.500575133316
 20
14953.8061383735
 10
51513.541775593425
 20
14993.237385122244
 10
51513.541775593425
 20
16885.9372290619
 10
51551.500575133316
 20
17004.23096930813
 10
51513.541775593425
 20
17043.662216056873
 10
51513.541775593425
 20
17280.24969654933
 10
51475.582976053534
 20
17319.680943298077
 10
51361.70657743386
 20
17319.680943298077
 10
51285.78897835407
 20
17398.54343679556
 10
51285.78897835407
 20
17595.699670539274
 10
51361.70657743386
 20
17674.562164036757
 10
51475.582976053534
 20
17674.562164036757
 10
51513.541775593425
 20
17713.9934107855
 10
51513.541775593425
 20
23431.524189353215
 10
51551.500575133316
 20
23470.95543610196
 10
51513.541775593425
 20
23549.817929599445
 10
51513.541775593425
 20
24022.99289058436
 10
51551.500575133316
 20
24062.4241373331
 10
51513.541775593425
 20
24101.855384081842
 10
51513.541775593425
 20
27059.198890237556
 10
51323.74777789396
 20
27138.061383735043
 10
51285.78897835407
 20
27374.648864227496
 10
51513.541775593425
 20
27532.37385122247
 10
51513.541775593425
 20
27729.530084966183
  0
LWPOLYLINE
  5
1A3
330
17
100
AcDbEntity
  8
RASTER_CONTOURS
100
AcDbPolyline
 90
3
 70
1
 10
4368.7127470459045
 20
27887.255071961154
 10
4406.671546585799
 20
27216.923877232526
 10
4406.671546585799
 20
27887.255071961154
  0
LWPOLYLINE
  5
1A4
330
17
100
AcDbEntity
  8
RASTER_CONTOURS
100
AcDbPolyline
 90
68
 70
1
 10
21374.254940918123
 20
28557.586266689785
 10
21526.090139077693
 20
28518.15501994104
 10
21602.00773815748
 20
28439.292526443558
 10
21602.00773815748
 20
24496.167851569273
 10
21564.048938617587
 20
24456.73660482053
 10
21564.048938617587
 20
24338.442864574303
 10
21602.00773815748
 20
24299.01161782556
 10
21602.00773815748
 20
23313.230449106988
 10
21564.048938617587
 20
23273.79920235824
 10
21602.00773815748
 20
23155.505462112014
 10
21602.00773815748
 20
22997.780475117044
 10
21564.048938617587
 20
22958.3492283683
 10
21564.048938617587
 20
22800.624241373327
 10
21602.00773815748
 20
22761.192994624584
 10
21564.048938617587
 20
22721.761747875844
 10
21602.00773815748
 20
22682.3305011271
 10
21564.048938617587
 20
22603.468007629614
 10
21602.00773815748
 20
22564.036760880874
 10
21602.00773815748
 20
22248.58678689093
 10
21564.048938617587
 20
22209.155540142187
 10
21564.048938617587
 20
22011.999306398473
 10
21602.00773815748
 20
21972.568059649726
 10
21602.00773815748
 20
21617.686838911046
 10
21564.048938617587
 20
21578.255592162302
 10
21564.048938617587
 20
21459.961851916076
 10
21602.00773815748
 20
21420.53060516733
 10
21564.048938617587
 20
21341.668111669842
 10
21602.00773815748
 20
21223.374371423615
 10
21564.048938617587
 20
21183.94312467487
 10
21602.00773815748
 20
21144.511877926132
 10
21602.00773815748
 20
21026.218137679898
 10
21564.048938617587
 20
20986.786890931162
 10
21564.048938617587
 20
20750.1994104387
 10
21602.00773815748
 20
20710.768163689958
 10
21602.00773815748
 20
20553.043176694984
 10
21564.048938617587
 20
20513.611929946248
 10
21564.048938617587
 20
20355.886942951274
 10
21602.00773815748
 20
20316.45569620253
 10
21602.00773815748
 20
19370.105774232703
 10
21564.048938617587
 20
19330.67452748396
 10
21564.048938617587
 20
18502.61834576036
 10
21602.00773815748
 20
18463.18709901162
 10
21602.00773815748
 20
16452.19351482573
 10
21564.048938617587
 20
16412.762268076985
 10
21564.048938617587
 20
6870.400554881218
 10
21488.131339537802
 20
6791.538061383735
 10
21298.33734183833
 20
6791.538061383735
 10
21222.419742758546
 20
6870.400554881218
 10
21222.419742758546
 20
12233.050112710243
 10
21260.37854229844
 20
12272.481359458987
 10
21222.419742758546
 20
12351.343852956476
 10
21222.419742758546
 20
12587.93133344893
 10
21260.37854229844
 20
12627.362580197674
 10
21222.419742758546
 20
12706.225073695157
 10
21260.37854229844
 20
12745.656320443903
 10
21222.419742758546
 20
12863.95006069013
 10
21222.419742758546
 20
14007.456216403672
 10
21260.37854229844
 20
14046.887463152416
 10
21260.37854229844
 20
14165.181203398644
 10
21222.419742758546
 20
14204.612450147388
 10
21260.37854229844
 20
14283.474943644876
 10
21260.37854229844
 20
15584.706086353386
 10
21222.419742758546
 20
15624.13733310213
 10
21222.419742758546
 20
16570.48725507196
 10
21260.37854229844
 20
16609.918501820703
 10
21260.37854229844
 20
28281.567539448584
 10
21298.33734183833
 20
28320.99878619733
 10
21260.37854229844
 20
28439.292526443558
  0
LWPOLYLINE
  5
1A5
330
17
100
AcDbEntity
  8
RASTER_CONTOURS
100
AcDbPolyline
 90
8
 70
1
 10
51589.45937467322
 20
28715.311253684755
 10
51627.41817421311
 20
28675.88000693601
 10
51627.41817421311
 20
27926.6863187099
 10
51551.500575133316
 20
27887.255071961154
 10
51513.541775593425
 20
27926.6863187099
 10
51513.541775593425
 20
28320.99878619733
 10
51551.500575133316
 20
28360.43003294607
 10
51551.500575133316
 20
28675.88000693601
  0
LWPOLYLINE
  5
1A6
330
17
100
AcDbEntity
  8
RASTER_CONTOURS
100
AcDbPolyline
 90
24
 70
1
 10
4292.795147966119
 20
28715.311253684755
 10
4368.7127470459045
 20
28597.017513438528
 10
4444.630346125692
 20
28715.311253684755
 10
4520.547945205479
 20
28597.017513438528
 10
4558.506744745371
 20
26033.986474770245
 10
4596.465544285265
 20
25994.555228021498
 10
4596.465544285265
 20
24851.049072307957
 10
4634.424343825159
 20
24811.617825559217
 10
4634.424343825159
 20
23746.974163343155
 10
4672.383143365052
 20
23707.54291659442
 10
4672.383143365052
 20
22366.880527137157
 10
4634.424343825159
 20
22327.449280388413
 10
4558.506744745371
 20
22366.880527137157
 10
4482.589145665585
 20
22288.01803363967
 10
4368.7127470459045
 20
22327.449280388413
 10
4368.7127470459045
 20
22564.036760880874
 10
4330.753947506011
 20
22603.468007629614
 10
4330.753947506011
 20
24022.99289058436
 10
4292.795147966119
 20
24062.4241373331
 10
4292.795147966119
 20
25324.22403329287
 10
4254.836348426225
 20
25363.655280041614
 10
4254.836348426225
 20
27177.492630483786
 10
4216.877548886332
 20
27216.923877232526
 10
4216.877548886332
 20
28675.88000693601
  0
LWPOLYLINE
  5
1A7
330
17
100
AcDbEntity
  8
RASTER_CONTOURS
100
AcDbPolyline
 90
11
 70
1
 10
39328.76712328767
 20
28675.88000693601
 10
39366.72592282756
 20
28754.742500433502
 10
41834.04789292064
 20
28754.742500433502
 10
41872.00669246053
 20
28715.311253684755
 10
41834.04789292064
 20
28675.88000693601
 10
41264.66589982223
 20
28675.88000693601
 10
41112.83070166265
 20
28557.586266689785
 10
39670.396319146705
 20
28557.586266689785
 10
39632.43751960681
 20
28597.017513438528
 10
39594.47872006692
 20
28557.586266689785
 10
39480.602321447244
 20
28557.586266689785
  0
LWPOLYLINE
  5
1A8
330
17
100
AcDbEntity
  8
RASTER_CONTOURS
100
AcDbPolyline
 90
8
 70
1
 10
35115.340374359504
 20
28715.311253684755
 10
35115.340374359504
 20
28636.44876018727
 10
35039.422775279716
 20
28557.586266689785
 10
34166.370385862174
 20
28557.586266689785
 10
34090.452786782385
 20
28636.44876018727
 10
34166.370385862174
 20
28794.173747182238
 10
34925.54637666004
 20
28794.173747182238
 10
35001.463975739825
 20
28833.604993930985
  0
LWPOLYLINE
  5
1A9
330
17
100
AcDbEntity
  8
RASTER_CONTOURS
100
AcDbPolyline
 90
3
 70
1
 10
49653.56059813866
 20
28912.467487428472
 10
49653.56059813866
 20
28636.44876018727
 10
49691.51939767855
 20
28675.88000693601
  0
LWPOLYLINE
  5
1AA
330
17
100
AcDbEntity
  8
RASTER_CONTOURS
100
AcDbPolyline
 90
2
 70
1
 10
24221.16490641012
 20
29109.623721172182
 10
24221.16490641012
 20
28360.43003294607
  0
LWPOLYLINE
  5
1AB
330
17
100
AcDbEntity
  8
RASTER_CONTOURS
100
AcDbPolyline
 90
11
 70
1
 10
51209.871379274286
 20
29267.34870816716
 10
51209.871379274286
 20
27887.255071961154
 10
51133.953780194504
 20
27808.39257846367
 10
51020.07738157482
 20
27808.39257846367
 10
50982.11858203493
 20
27768.961331714927
 10
50982.11858203493
 20
27177.492630483786
 10
50982.11858203493
 20
27295.786370730013
 10
51020.07738157482
 20
27335.217617478756
 10
50982.11858203493
 20
27532.37385122247
 10
51095.99498065459
 20
27690.09883821744
 10
51209.871379274286
 20
27690.09883821744
  0
LWPOLYLINE
  5
1AC
330
17
100
AcDbEntity
  8
RASTER_CONTOURS
100
AcDbPolyline
 90
26
 70
1
 10
46275.22743908815
 20
29425.073695162126
 10
46199.30984000837
 20
29385.642448413386
 10
46199.30984000837
 20
28557.586266689785
 10
46123.392240928566
 20
28439.292526443558
 10
46199.30984000837
 20
28320.99878619733
 10
46199.30984000837
 20
27059.198890237556
 10
46123.392240928566
 20
26940.905149991326
 10
46123.392240928566
 20
26862.042656493843
 10
46199.30984000837
 20
26743.748916247612
 10
46199.30984000837
 20
26270.5739552627
 10
46161.35104046848
 20
26231.14270851396
 10
46161.35104046848
 20
25600.242760534074
 10
46199.30984000837
 20
25521.380267036584
 10
46161.35104046848
 20
25442.5177735391
 10
46047.474641848785
 20
25363.655280041614
 10
46161.35104046848
 20
25324.22403329287
 10
46313.18623862803
 20
25324.22403329287
 10
46351.145038167924
 20
25363.655280041614
 10
46313.18623862803
 20
25442.5177735391
 10
46313.18623862803
 20
26783.180162996356
 10
46389.10383770784
 20
26901.473903242582
 10
46313.18623862803
 20
27019.767643488816
 10
46313.18623862803
 20
28281.567539448584
 10
46389.10383770784
 20
28439.292526443558
 10
46313.18623862803
 20
28557.586266689785
 10
46313.18623862803
 20
29385.642448413386
  0
LWPOLYLINE
  5
1AD
330
17
100
AcDbEntity
  8
RASTER_CONTOURS
100
AcDbPolyline
 90
20
 70
1
 10
38379.79713479034
 20
29464.50494191087
 10
38379.79713479034
 20
28794.173747182238
 10
38455.714733870125
 20
28715.311253684755
 10
38455.714733870125
 20
28636.44876018727
 10
38379.79713479034
 20
28557.586266689785
 10
38265.92073617065
 20
28557.586266689785
 10
38227.96193663076
 20
28518.15501994104
 10
36064.31036285684
 20
28557.586266689785
 10
35988.392763777054
 20
28636.44876018727
 10
35988.392763777054
 20
28715.311253684755
 10
36102.26916239673
 20
28794.173747182238
 10
37544.703544912685
 20
28794.173747182238
 10
37582.66234445257
 20
28833.604993930985
 10
37582.66234445257
 20
29464.50494191087
 10
37658.579943532364
 20
29543.367435408356
 10
37772.45634215204
 20
29543.367435408356
 10
37810.415141691934
 20
29582.7986821571
 10
37886.33274077172
 20
29543.367435408356
 10
38227.96193663076
 20
29543.367435408356
 10
38303.87953571055
 20
29582.7986821571
  0
LWPOLYLINE
  5
1AE
330
17
100
AcDbEntity
  8
RASTER_CONTOURS
100
AcDbPolyline
 90
30
 70
1
 10
32951.68880058559
 20
28715.311253684755
 10
32951.68880058559
 20
28636.44876018727
 10
32875.7712015058
 20
28557.586266689785
 10
28738.262051657428
 20
28557.586266689785
 10
28624.38565303775
 20
28636.44876018727
 10
28624.38565303775
 20
28754.742500433502
 10
28700.303252117534
 20
28833.604993930985
 10
28928.056049356892
 20
28833.604993930985
 10
28966.014848896786
 20
28794.173747182238
 10
29155.808846596254
 20
28794.173747182238
 10
29193.767646136144
 20
28833.604993930985
 10
29231.72644567604
 20
28794.173747182238
 10
29269.685245215936
 20
28833.604993930985
 10
29611.314441074974
 20
28833.604993930985
 10
29649.273240614868
 20
28794.173747182238
 10
30370.49043187284
 20
28794.173747182238
 10
30408.449231412735
 20
28833.604993930985
 10
30446.408030952625
 20
28794.173747182238
 10
30522.325630032414
 20
28833.604993930985
 10
30560.284429572308
 20
28794.173747182238
 10
30636.202028652093
 20
28833.604993930985
 10
30674.160828191987
 20
28794.173747182238
 10
32002.718812088253
 20
28794.173747182238
 10
32040.677611628147
 20
28833.604993930985
 10
32040.677611628147
 20
29464.50494191087
 10
32116.595210707932
 20
29622.22992890584
 10
32230.47160932761
 20
29582.7986821571
 10
32761.89480288612
 20
29582.7986821571
 10
32837.81240196591
 20
29503.936188659613
 10
32837.81240196591
 20
28912.467487428472
  0
LWPOLYLINE
  5
1AF
330
17
100
AcDbEntity
  8
RASTER_CONTOURS
100
AcDbPolyline
 90
11
 70
1
 10
26650.528076963292
 20
29582.7986821571
 10
26764.40447558297
 20
29622.22992890584
 10
27219.910070061695
 20
29622.22992890584
 10
27371.745268221268
 20
29503.936188659613
 10
27371.745268221268
 20
28873.03624067973
 10
27485.621666840947
 20
28715.311253684755
 10
27409.70406776116
 20
28597.017513438528
 10
27295.82766914148
 20
28557.586266689785
 10
26726.44567604308
 20
28557.586266689785
 10
26574.610477883507
 20
28675.88000693601
 10
26574.610477883507
 20
29385.642448413386
  0
LWPOLYLINE
  5
1B0
330
17
100
AcDbEntity
  8
RASTER_CONTOURS
100
AcDbPolyline
 90
18
 70
1
 10
43845.86426853498
 20
29425.073695162126
 10
43845.86426853498
 20
28557.586266689785
 10
43807.905468995086
 20
28518.15501994104
 10
43200.56467635679
 20
28478.723773192298
 10
43048.72947819721
 20
28557.586266689785
 10
42327.51228693924
 20
28557.586266689785
 10
42099.759489699885
 20
28675.88000693601
 10
42213.63588831956
 20
28754.742500433502
 10
42934.853079577544
 20
28754.742500433502
 10
43010.77067865732
 20
28715.311253684755
 10
43086.6882777371
 20
28794.173747182238
 10
43086.6882777371
 20
29385.642448413386
 10
43200.56467635679
 20
29582.7986821571
 10
43200.56467635679
 20
29740.523669152066
 10
43238.52347589668
 20
29779.954915900813
 10
43314.44107497646
 20
29543.367435408356
 10
43390.35867405626
 20
29503.936188659613
 10
43769.94666945518
 20
29503.936188659613
  0
LWPOLYLINE
  5
1B1
330
17
100
AcDbEntity
  8
RASTER_CONTOURS
100
AcDbPolyline
 90
13
 70
1
 10
48818.467008261
 20
30174.267383388244
 10
49084.17860504025
 20
30174.267383388244
 10
49160.09620412003
 20
30095.404889890753
 10
49160.09620412003
 20
29661.661175654583
 10
49198.055003659945
 20
29622.22992890584
 10
49198.055003659945
 20
28873.03624067973
 10
49122.13740458014
 20
28794.173747182238
 10
49160.09620412003
 20
28675.88000693601
 10
49160.09620412003
 20
27847.82382521241
 10
49046.21980550036
 20
27768.961331714927
 10
48818.467008261
 20
27768.961331714927
 10
48742.54940918121
 20
27887.255071961154
 10
48742.54940918121
 20
30055.97364314201
  0
LWPOLYLINE
  5
1B2
330
17
100
AcDbEntity
  8
RASTER_CONTOURS
100
AcDbPolyline
 90
9
 70
1
 10
51133.953780194504
 20
30371.423617131954
 10
51095.99498065459
 20
30331.992370383214
 10
51171.912579734395
 20
30213.698630136987
 10
51171.912579734395
 20
30095.404889890753
 10
51095.99498065459
 20
29977.111149644526
 10
51209.871379274286
 20
29819.386162649556
 10
51209.871379274286
 20
30134.836136639497
 10
51171.912579734395
 20
30174.267383388244
 10
51209.871379274286
 20
30371.423617131954
  0
LWPOLYLINE
  5
1B3
330
17
100
AcDbEntity
  8
RASTER_CONTOURS
100
AcDbPolyline
 90
26
 70
1
 10
45781.763045069536
 20
30331.992370383214
 10
45781.763045069536
 20
30253.129876885727
 10
45857.68064414932
 20
30134.836136639497
 10
45743.804245529645
 20
30055.97364314201
 10
45743.804245529645
 20
29819.386162649556
 10
45819.72184460943
 20
29740.523669152066
 10
45743.804245529645
 20
29582.7986821571
 10
45819.72184460943
 20
29543.367435408356
 10
46047.474641848785
 20
29661.661175654583
 10
46161.35104046848
 20
29543.367435408356
 10
46161.35104046848
 20
29582.7986821571
 10
46275.22743908815
 20
29661.661175654583
 10
46465.02143678762
 20
29543.367435408356
 10
46502.98023632751
 20
29582.7986821571
 10
46465.02143678762
 20
29701.09242240333
 10
46540.9390358674
 20
29779.954915900813
 10
46540.9390358674
 20
29858.8174093983
 10
46465.02143678762
 20
29937.679902895783
 10
46502.98023632751
 20
30055.97364314201
 10
46427.06263724773
 20
30174.267383388244
 10
46502.98023632751
 20
30292.56112363447
 10
46465.02143678762
 20
30331.992370383214
 10
46275.22743908815
 20
30292.56112363447
 10
46161.35104046848
 20
30410.854863880697
 10
45971.55704276901
 20
30253.129876885727
 10
45857.68064414932
 20
30331.992370383214
  0
LWPOLYLINE
  5
1B4
330
17
100
AcDbEntity
  8
RASTER_CONTOURS
100
AcDbPolyline
 90
6
 70
1
 10
51551.500575133316
 20
30489.717357378184
 10
51627.41817421311
 20
30371.423617131954
 10
51627.41817421311
 20
29030.7612276747
 10
51551.500575133316
 20
28912.467487428472
 10
51513.541775593425
 20
28951.898734177215
 10
51513.541775593425
 20
30450.28611062944
  0
LWPOLYLINE
  5
1B5
330
17
100
AcDbEntity
  8
RASTER_CONTOURS
100
AcDbPolyline
 90
8
 70
1
 10
49691.51939767855
 20
30450.28611062944
 10
49653.56059813866
 20
30410.854863880697
 10
49653.56059813866
 20
29977.111149644526
 10
49691.51939767855
 20
29898.248656147043
 10
49691.51939767855
 20
30016.54239639327
 10
49767.43699675833
 20
30134.836136639497
 10
49691.51939767855
 20
30253.129876885727
 10
49767.43699675833
 20
30331.992370383214
  0
LWPOLYLINE
  5
1B6
330
17
100
AcDbEntity
  8
RASTER_CONTOURS
100
AcDbPolyline
 90
31
 70
1
 10
39442.64352190735
 20
30410.854863880697
 10
39518.561120987135
 20
30489.717357378184
 10
40391.613510404684
 20
30489.717357378184
 10
40543.44870856426
 20
30647.442344373158
 10
41036.91310258287
 20
30647.442344373158
 10
41188.74830074245
 20
30489.717357378184
 10
42783.01788141796
 20
30489.717357378184
 10
42820.97668095785
 20
30450.28611062944
 10
42934.853079577544
 20
30450.28611062944
 10
42972.811879117435
 20
30371.423617131954
 10
42896.89428003763
 20
30331.992370383214
 10
43010.77067865732
 20
30213.698630136987
 10
43010.77067865732
 20
29858.8174093983
 10
42934.853079577544
 20
29779.954915900813
 10
42707.100282338186
 20
29779.954915900813
 10
42631.18268325838
 20
29858.8174093983
 10
42669.14148279827
 20
29779.954915900813
 10
42896.89428003763
 20
29779.954915900813
 10
43048.72947819721
 20
29661.661175654583
 10
43010.77067865732
 20
29582.7986821571
 10
43010.77067865732
 20
28912.467487428472
 10
42934.853079577544
 20
28833.604993930985
 10
39898.14911638606
 20
28833.604993930985
 10
39860.19031684618
 20
28873.03624067973
 10
39632.43751960681
 20
28833.604993930985
 10
39518.561120987135
 20
28912.467487428472
 10
39518.561120987135
 20
29188.48621466967
 10
39480.602321447244
 20
29227.917461418416
 10
39518.561120987135
 20
29306.7799549159
 10
39518.561120987135
 20
29503.936188659613
 10
39442.64352190735
 20
29779.954915900813
  0
LWPOLYLINE
  5
1B7
330
17
100
AcDbEntity
  8
RASTER_CONTOURS
100
AcDbPolyline
 90
36
 70
1
 10
36254.10436055631
 20
30529.148604126927
 10
36595.73355641535
 20
30529.148604126927
 10
36633.69235595524
 20
30608.01109762441
 10
36747.568754574924
 20
30686.8735911219
 10
36785.527554114815
 20
30647.442344373158
 10
36899.403952734494
 20
30647.442344373158
 10
36937.36275227439
 20
30686.8735911219
 10
37089.19795043396
 20
30647.442344373158
 10
37165.11554951375
 20
30686.8735911219
 10
37241.03314859353
 20
30647.442344373158
 10
37316.95074767332
 20
30529.148604126927
 10
37468.78594583289
 20
30529.148604126927
 10
37506.74474537279
 20
30489.717357378184
 10
37620.62114399247
 20
30489.717357378184
 10
37658.579943532364
 20
30529.148604126927
 10
38076.12673847119
 20
30489.717357378184
 10
38114.08553801108
 20
30410.854863880697
 10
38000.2091393914
 20
30331.992370383214
 10
38076.12673847119
 20
30331.992370383214
 10
38152.04433755097
 20
30213.698630136987
 10
38152.04433755097
 20
29937.679902895783
 10
38038.16793893129
 20
29819.386162649556
 10
37772.45634215204
 20
29819.386162649556
 10
37848.373941231825
 20
29779.954915900813
 10
38038.16793893129
 20
29779.954915900813
 10
38114.08553801108
 20
29701.09242240333
 10
38038.16793893129
 20
29622.22992890584
 10
37544.703544912685
 20
29622.22992890584
 10
37506.74474537279
 20
29582.7986821571
 10
37506.74474537279
 20
28912.467487428472
 10
37468.78594583289
 20
28873.03624067973
 10
36216.14556101641
 20
28873.03624067973
 10
36140.22796193663
 20
28951.898734177215
 10
36140.22796193663
 20
29740.523669152066
 10
36102.26916239673
 20
29779.954915900813
 10
36102.26916239673
 20
30450.28611062944
  0
LWPOLYLINE
  5
1B8
330
17
100
AcDbEntity
  8
RASTER_CONTOURS
100
AcDbPolyline
 90
6
 70
1
 10
42555.2650841786
 20
30765.736084619384
 10
42593.22388371849
 20
30805.167331368128
 10
42707.100282338186
 20
30805.167331368128
 10
42783.01788141796
 20
30726.30483787064
 10
42745.05908187807
 20
30686.8735911219
 10
42593.22388371849
 20
30686.8735911219
  0
LWPOLYLINE
  5
1B9
330
17
100
AcDbEntity
  8
RASTER_CONTOURS
100
AcDbPolyline
 90
5
 70
1
 10
38038.16793893129
 20
30765.736084619384
 10
38114.08553801108
 20
30844.59857811687
 10
38303.87953571055
 20
30765.736084619384
 10
38265.92073617065
 20
30726.30483787064
 10
38076.12673847119
 20
30726.30483787064
  0
LWPOLYLINE
  5
1BA
330
17
100
AcDbEntity
  8
RASTER_CONTOURS
100
AcDbPolyline
 90
6
 70
1
 10
37506.74474537279
 20
30765.736084619384
 10
37620.62114399247
 20
30844.59857811687
 10
37962.250339851504
 20
30844.59857811687
 10
38038.16793893129
 20
30765.736084619384
 10
38000.2091393914
 20
30726.30483787064
 10
37544.703544912685
 20
30726.30483787064
  0
LWPOLYLINE
  5
1BB
330
17
100
AcDbEntity
  8
RASTER_CONTOURS
100
AcDbPolyline
 90
6
 70
1
 10
35153.2991738994
 20
30805.167331368128
 10
35191.25797343929
 20
30844.59857811687
 10
35494.92836975844
 20
30844.59857811687
 10
35532.88716929834
 20
30805.167331368128
 10
35494.92836975844
 20
30765.736084619384
 10
35191.25797343929
 20
30765.736084619384
  0
LWPOLYLINE
  5
1BC
330
17
100
AcDbEntity
  8
RASTER_CONTOURS
100
AcDbPolyline
 90
7
 70
1
 10
38797.34392972916
 20
30844.59857811687
 10
38721.426330649374
 20
30726.30483787064
 10
38455.714733870125
 20
30726.30483787064
 10
38417.75593433023
 20
30765.736084619384
 10
38531.63233294991
 20
30844.59857811687
 10
38645.508731569586
 20
30844.59857811687
 10
38721.426330649374
 20
30923.461071614354
  0
LWPOLYLINE
  5
1BD
330
17
100
AcDbEntity
  8
RASTER_CONTOURS
100
AcDbPolyline
 90
5
 70
1
 10
30484.36683049252
 20
30962.892318363098
 10
30522.325630032414
 20
30568.579850875667
 10
30522.325630032414
 20
30844.59857811687
 10
30560.284429572308
 20
30884.029824865615
 10
30522.325630032414
 20
30962.892318363098
  0
LWPOLYLINE
  5
1BE
330
17
100
AcDbEntity
  8
RASTER_CONTOURS
100
AcDbPolyline
 90
22
 70
1
 10
48666.631810101426
 20
31041.75481186058
 10
48932.343406880675
 20
31081.186058609328
 10
48970.30220642059
 20
31041.75481186058
 10
49273.97260273972
 20
31041.75481186058
 10
49349.8902018195
 20
30962.892318363098
 10
49349.8902018195
 20
30844.59857811687
 10
49387.84900135939
 20
30805.167331368128
 10
49387.84900135939
 20
30489.717357378184
 10
49349.8902018195
 20
30450.28611062944
 10
49387.84900135939
 20
30331.992370383214
 10
49349.8902018195
 20
30292.56112363447
 10
49387.84900135939
 20
30213.698630136987
 10
49349.8902018195
 20
30174.267383388244
 10
49349.8902018195
 20
29858.8174093983
 10
49311.93140227961
 20
29819.386162649556
 10
49236.013803199836
 20
29858.8174093983
 10
49236.013803199836
 20
30016.54239639327
 10
49273.97260273972
 20
30055.97364314201
 10
49198.055003659945
 20
30253.129876885727
 10
48704.59060964132
 20
30253.129876885727
 10
48590.714211021645
 20
30371.423617131954
 10
48590.714211021645
 20
30962.892318363098
  0
LWPOLYLINE
  5
1BF
330
17
100
AcDbEntity
  8
RASTER_CONTOURS
100
AcDbPolyline
 90
26
 70
1
 10
44529.12266025305
 20
31475.49852609676
 10
44605.04025933283
 20
31396.63603259927
 10
44605.04025933283
 20
30055.97364314201
 10
44567.08145979294
 20
30016.54239639327
 10
44567.08145979294
 20
29898.248656147043
 10
44605.04025933283
 20
29858.8174093983
 10
44605.04025933283
 20
28557.586266689785
 10
44567.08145979294
 20
28518.15501994104
 10
44567.08145979294
 20
28360.43003294607
 10
44605.04025933283
 20
28320.99878619733
 10
44605.04025933283
 20
27335.217617478756
 10
44529.12266025305
 20
27256.35512398127
 10
44263.4110634738
 20
27256.35512398127
 10
44225.45226393391
 20
27216.923877232526
 10
43997.699466694554
 20
27295.786370730013
 10
43921.78186761476
 20
27414.08011097624
 10
43921.78186761476
 20
28242.13629269984
 10
43959.74066715465
 20
28360.43003294607
 10
44073.617065774335
 20
28439.292526443558
 10
43959.74066715465
 20
28518.15501994104
 10
43959.74066715465
 20
29858.8174093983
 10
43997.699466694554
 20
29898.248656147043
 10
43997.699466694554
 20
30016.54239639327
 10
43959.74066715465
 20
30055.97364314201
 10
43959.74066715465
 20
31396.63603259927
 10
44035.658266234444
 20
31475.49852609676
  0
LWPOLYLINE
  5
1C0
330
17
100
AcDbEntity
  8
RASTER_CONTOURS
100
AcDbPolyline
 90
5
 70
1
 10
48325.002614242396
 20
31554.361019594242
 10
48249.0850151626
 20
31554.361019594242
 10
48173.16741608282
 20
31475.49852609676
 10
48287.04381470249
 20
31357.204785850525
 10
48287.04381470249
 20
31278.34229235304
  0
LWPOLYLINE
  5
1C1
330
17
100
AcDbEntity
  8
RASTER_CONTOURS
100
AcDbPolyline
 90
10
 70
1
 10
51551.500575133316
 20
31869.810993584182
 10
51627.41817421311
 20
31790.9485000867
 10
51627.41817421311
 20
30608.01109762441
 10
51551.500575133316
 20
30529.148604126927
 10
51475.582976053534
 20
30647.442344373158
 10
51285.78897835407
 20
30647.442344373158
 10
51171.912579734395
 20
30726.30483787064
 10
51171.912579734395
 20
31633.22351309173
 10
51247.830178814176
 20
31712.086006589212
 10
51437.624176513644
 20
31712.086006589212
  0
LWPOLYLINE
  5
1C2
330
17
100
AcDbEntity
  8
RASTER_CONTOURS
100
AcDbPolyline
 90
8
 70
1
 10
21753.842936317054
 20
31988.10473383041
 10
21829.76053539684
 20
32066.9672273279
 10
22968.524521593637
 20
32066.9672273279
 10
23082.40092021332
 20
31988.10473383041
 10
23082.40092021332
 20
31357.204785850525
 10
23044.44212067343
 20
31317.773539101785
 10
21829.76053539684
 20
31317.773539101785
 10
21753.842936317054
 20
31396.63603259927
  0
LWPOLYLINE
  5
1C3
330
17
100
AcDbEntity
  8
RASTER_CONTOURS
100
AcDbPolyline
 90
14
 70
1
 10
4140.9599498065445
 20
32066.9672273279
 10
4368.7127470459045
 20
32066.9672273279
 10
4444.630346125692
 20
31830.379746835442
 10
4482.589145665585
 20
29779.954915900813
 10
4254.836348426225
 20
29701.09242240333
 10
4178.918749346438
 20
29740.523669152066
 10
4140.9599498065445
 20
29858.8174093983
 10
4140.9599498065445
 20
30647.442344373158
 10
4103.001150266652
 20
30686.8735911219
 10
4103.001150266652
 20
30962.892318363098
 10
4140.9599498065445
 20
31002.32356511184
 10
4140.9599498065445
 20
31160.048552106815
 10
4103.001150266652
 20
31199.47979885556
 10
4103.001150266652
 20
32027.535980579156
  0
LWPOLYLINE
  5
1C4
330
17
100
AcDbEntity
  8
RASTER_CONTOURS
100
AcDbPolyline
 90
4
 70
1
 10
43276.482275436574
 20
32106.398474076643
 10
43352.39987451637
 20
31909.242240332926
 10
43276.482275436574
 20
31790.9485000867
 10
43200.56467635679
 20
31869.810993584182
  0
LWPOLYLINE
  5
1C5
330
17
100
AcDbEntity
  8
RASTER_CONTOURS
100
AcDbPolyline
 90
10
 70
1
 10
29193.767646136144
 20
32264.123461071613
 10
29307.644044755823
 20
32224.69221432287
 10
29307.644044755823
 20
31830.379746835442
 10
29345.60284429572
 20
31790.9485000867
 10
29231.72644567604
 20
31672.65475984047
 10
29155.808846596254
 20
31672.65475984047
 10
29041.93244797657
 20
31751.517253337955
 10
29041.93244797657
 20
31909.242240332926
 10
29117.85004705636
 20
32066.9672273279
 10
29117.85004705636
 20
32185.260967574126
  0
LWPOLYLINE
  5
1C6
330
17
100
AcDbEntity
  8
RASTER_CONTOURS
100
AcDbPolyline
 90
17
 70
1
 10
51209.871379274286
 20
32342.985954569096
 10
51209.871379274286
 20
32145.829720825386
 10
51058.0361811147
 20
32027.535980579156
 10
50906.200982955124
 20
32027.535980579156
 10
50830.28338387534
 20
31790.9485000867
 10
50868.242183415234
 20
31712.086006589212
 10
50868.242183415234
 20
30450.28611062944
 10
50792.32458433545
 20
30371.423617131954
 10
50830.28338387534
 20
30292.56112363447
 10
51020.07738157482
 20
30331.992370383214
 10
50868.242183415234
 20
30568.579850875667
 10
50868.242183415234
 20
31712.086006589212
 10
50906.200982955124
 20
31751.517253337955
 10
50906.200982955124
 20
31869.810993584182
 10
50982.11858203493
 20
31909.242240332926
 10
51058.0361811147
 20
32027.535980579156
 10
51209.871379274286
 20
31988.10473383041
  0
LWPOLYLINE
  5
1C7
330
17
100
AcDbEntity
  8
RASTER_CONTOURS
100
AcDbPolyline
 90
13
 70
1
 10
49236.013803199836
 20
32461.27969481533
 10
49236.013803199836
 20
31475.49852609676
 10
49198.055003659945
 20
31436.06727934801
 10
49198.055003659945
 20
31317.773539101785
 10
49463.766600439194
 20
31357.204785850525
 10
49653.56059813866
 20
31160.048552106815
 10
49691.51939767855
 20
31317.773539101785
 10
49615.60179859877
 20
31396.63603259927
 10
49349.8902018195
 20
31357.204785850525
 10
49236.013803199836
 20
31514.929772845502
 10
49236.013803199836
 20
32145.829720825386
 10
49273.97260273972
 20
32185.260967574126
 10
49236.013803199836
 20
32264.123461071613
  0
LWPOLYLINE
  5
1C8
330
17
100
AcDbEntity
  8
RASTER_CONTOURS
100
AcDbPolyline
 90
5
 70
1
 10
34621.8759803409
 20
32500.71094156407
 10
34583.917180801
 20
32421.848448066587
 10
34394.12318310153
 20
32303.554707820353
 10
34545.95838126111
 20
32342.985954569096
 10
34621.8759803409
 20
32421.848448066587
  0
LWPOLYLINE
  5
1C9
330
17
100
AcDbEntity
  8
RASTER_CONTOURS
100
AcDbPolyline
 90
7
 70
1
 10
30712.119627731878
 20
32500.71094156407
 10
30636.202028652093
 20
32461.27969481533
 10
30636.202028652093
 20
32342.985954569096
 10
30674.160828191987
 20
32303.554707820353
 10
30674.160828191987
 20
31869.810993584182
 10
30674.160828191987
 20
32303.554707820353
 10
30750.078427271772
 20
32421.848448066587
  0
LWPOLYLINE
  5
1CA
330
17
100
AcDbEntity
  8
RASTER_CONTOURS
100
AcDbPolyline
 90
4
 70
1
 10
23424.03011607236
 20
32737.298422056527
 10
23234.236118372894
 20
32500.71094156407
 10
23386.071316532467
 20
32500.71094156407
 10
23424.03011607236
 20
32540.142188312813
  0
LWPOLYLINE
  5
1CB
330
17
100
AcDbEntity
  8
RASTER_CONTOURS
100
AcDbPolyline
 90
7
 70
1
 10
34052.493987242495
 20
32776.729668805274
 10
34090.452786782385
 20
32658.43592855904
 10
34014.5351877026
 20
32540.142188312813
 10
34014.5351877026
 20
32461.27969481533
 10
34090.452786782385
 20
32421.848448066587
 10
34166.370385862174
 20
32658.43592855904
 10
34090.452786782385
 20
32776.729668805274
  0
LWPOLYLINE
  5
1CC
330
17
100
AcDbEntity
  8
RASTER_CONTOURS
100
AcDbPolyline
 90
2
 70
1
 10
51209.871379274286
 20
32855.59216230275
 10
51209.871379274286
 20
32579.573435061557
  0
LWPOLYLINE
  5
1CD
330
17
100
AcDbEntity
  8
RASTER_CONTOURS
100
AcDbPolyline
 90
5
 70
1
 10
43086.6882777371
 20
32934.45465580024
 10
43124.64707727699
 20
32895.0234090515
 10
43124.64707727699
 20
32579.573435061557
 10
43086.6882777371
 20
32540.142188312813
 10
43010.77067865732
 20
32697.867175307783
  0
LWPOLYLINE
  5
1CE
330
17
100
AcDbEntity
  8
RASTER_CONTOURS
100
AcDbPolyline
 90
11
 70
1
 10
29421.520443375506
 20
32973.88590254898
 10
29459.4792429154
 20
32973.88590254898
 10
29535.39684199519
 20
32855.59216230275
 10
29459.4792429154
 20
32697.867175307783
 10
29573.35564153508
 20
32658.43592855904
 10
29573.35564153508
 20
32500.71094156407
 10
29535.39684199519
 20
32461.27969481533
 10
29421.520443375506
 20
32500.71094156407
 10
29421.520443375506
 20
32619.004681810296
 10
29345.60284429572
 20
32737.298422056527
 10
29345.60284429572
 20
32895.0234090515
  0
LWPOLYLINE
  5
1CF
330
17
100
AcDbEntity
  8
RASTER_CONTOURS
100
AcDbPolyline
 90
49
 70
1
 10
28282.756457178704
 20
32973.88590254898
 10
28396.63285579839
 20
32973.88590254898
 10
28472.550454878176
 20
32895.0234090515
 10
28472.550454878176
 20
32619.004681810296
 10
28510.50925441807
 20
32934.45465580024
 10
28548.468053957957
 20
32973.88590254898
 10
28700.303252117534
 20
32973.88590254898
 10
28776.220851197322
 20
32855.59216230275
 10
28776.220851197322
 20
32540.142188312813
 10
28776.220851197322
 20
32816.16091555401
 10
28852.138450277107
 20
32973.88590254898
 10
28928.056049356892
 20
32973.88590254898
 10
29041.93244797657
 20
32816.16091555401
 10
29041.93244797657
 20
32895.0234090515
 10
29117.85004705636
 20
32973.88590254898
 10
29231.72644567604
 20
32973.88590254898
 10
29345.60284429572
 20
32855.59216230275
 10
29307.644044755823
 20
32421.848448066587
 10
29231.72644567604
 20
32342.985954569096
 10
29155.808846596254
 20
32342.985954569096
 10
29041.93244797657
 20
32500.71094156407
 10
28928.056049356892
 20
32382.41720131784
 10
28852.138450277107
 20
32382.41720131784
 10
28814.179650737213
 20
32461.27969481533
 10
28776.220851197322
 20
32461.27969481533
 10
28738.262051657428
 20
32342.985954569096
 10
28776.220851197322
 20
32145.829720825386
 10
28852.138450277107
 20
32264.123461071613
 10
29003.97364843668
 20
32145.829720825386
 10
29003.97364843668
 20
31869.810993584182
 10
28890.097249817
 20
31712.086006589212
 10
28738.262051657428
 20
31751.517253337955
 10
28662.34445257764
 20
31672.65475984047
 10
28586.426853497855
 20
31672.65475984047
 10
28510.50925441807
 20
31751.517253337955
 10
28472.550454878176
 20
31869.810993584182
 10
28510.50925441807
 20
32461.27969481533
 10
28472.550454878176
 20
32500.71094156407
 10
28472.550454878176
 20
32382.41720131784
 10
28434.591655338278
 20
32342.985954569096
 10
28472.550454878176
 20
32224.69221432287
 10
28472.550454878176
 20
31790.9485000867
 10
28396.63285579839
 20
31672.65475984047
 10
28282.756457178704
 20
31672.65475984047
 10
28206.83885809892
 20
31830.379746835442
 10
28206.83885809892
 20
32185.260967574126
 10
28282.756457178704
 20
32303.554707820353
 10
28206.83885809892
 20
32421.848448066587
 10
28206.83885809892
 20
32776.729668805274
  0
LWPOLYLINE
  5
1D0
330
17
100
AcDbEntity
  8
RASTER_CONTOURS
100
AcDbPolyline
 90
13
 70
1
 10
28017.044860399456
 20
32973.88590254898
 10
28130.921259019135
 20
32973.88590254898
 10
28206.83885809892
 20
32895.0234090515
 10
28206.83885809892
 20
32382.41720131784
 10
28130.921259019135
 20
32303.554707820353
 10
28206.83885809892
 20
32224.69221432287
 10
28206.83885809892
 20
31790.9485000867
 10
28130.921259019135
 20
31672.65475984047
 10
28017.044860399456
 20
31672.65475984047
 10
27941.127261319667
 20
31790.9485000867
 10
27941.127261319667
 20
32145.829720825386
 10
27979.08606085956
 20
32185.260967574126
 10
27941.127261319667
 20
32855.59216230275
  0
LWPOLYLINE
  5
1D1
330
17
100
AcDbEntity
  8
RASTER_CONTOURS
100
AcDbPolyline
 90
14
 70
1
 10
27751.333263620203
 20
32973.88590254898
 10
27865.209662239882
 20
32973.88590254898
 10
27941.127261319667
 20
32895.0234090515
 10
27941.127261319667
 20
32382.41720131784
 10
27865.209662239882
 20
32303.554707820353
 10
27941.127261319667
 20
32185.260967574126
 10
27941.127261319667
 20
31751.517253337955
 10
27865.209662239882
 20
31672.65475984047
 10
27751.333263620203
 20
31672.65475984047
 10
27675.41566454041
 20
31751.517253337955
 10
27675.41566454041
 20
32185.260967574126
 10
27789.292063160094
 20
32303.554707820353
 10
27675.41566454041
 20
32421.848448066587
 10
27675.41566454041
 20
32895.0234090515
  0
LWPOLYLINE
  5
1D2
330
17
100
AcDbEntity
  8
RASTER_CONTOURS
100
AcDbPolyline
 90
6
 70
1
 10
18906.93297082505
 20
33210.47338304144
 10
18944.891770364946
 20
33171.0421362927
 10
18944.891770364946
 20
32934.45465580024
 10
18906.93297082505
 20
32895.0234090515
 10
18868.97417128516
 20
32934.45465580024
 10
18868.97417128516
 20
33171.0421362927
  0
LWPOLYLINE
  5
1D3
330
17
100
AcDbEntity
  8
RASTER_CONTOURS
100
AcDbPolyline
 90
10
 70
1
 10
37051.23915089407
 20
33210.47338304144
 10
36975.32155181428
 20
33210.47338304144
 10
37013.28035135417
 20
33171.0421362927
 10
37013.28035135417
 20
32973.88590254898
 10
36937.36275227439
 20
32855.59216230275
 10
36975.32155181428
 20
32461.27969481533
 10
36899.403952734494
 20
32421.848448066587
 10
36899.403952734494
 20
32382.41720131784
 10
36937.36275227439
 20
32421.848448066587
 10
37051.23915089407
 20
32382.41720131784
  0
LWPOLYLINE
  5
1D4
330
17
100
AcDbEntity
  8
RASTER_CONTOURS
100
AcDbPolyline
 90
6
 70
1
 10
37165.11554951375
 20
33328.76712328767
 10
37924.29154031161
 20
33328.76712328767
 10
37430.827146293
 20
33328.76712328767
 10
37392.86834675311
 20
33368.198370036414
 10
37316.95074767332
 20
33328.76712328767
 10
37203.07434905364
 20
33368.198370036414
  0
LWPOLYLINE
  5
1D5
330
17
100
AcDbEntity
  8
RASTER_CONTOURS
100
AcDbPolyline
 90
5
 70
1
 10
43048.72947819721
 20
33486.49211028264
 10
43124.64707727699
 20
33447.060863533894
 10
43124.64707727699
 20
33249.90462979018
 10
43086.6882777371
 20
33210.47338304144
 10
43010.77067865732
 20
33447.060863533894
  0
LWPOLYLINE
  5
1D6
330
17
100
AcDbEntity
  8
RASTER_CONTOURS
100
AcDbPolyline
 90
6
 70
1
 10
40467.531109484466
 20
33486.49211028264
 10
40505.489909024356
 20
33525.92335703138
 10
40809.16030534351
 20
33525.92335703138
 10
40847.1191048834
 20
33486.49211028264
 10
40733.242706263714
 20
33407.629616785154
 10
40543.44870856426
 20
33407.629616785154
  0
LWPOLYLINE
  5
1D7
330
17
100
AcDbEntity
  8
RASTER_CONTOURS
100
AcDbPolyline
 90
6
 70
1
 10
40087.94311408552
 20
33486.49211028264
 10
40125.901913625436
 20
33525.92335703138
 10
40391.613510404684
 20
33525.92335703138
 10
40429.572309944575
 20
33486.49211028264
 10
40391.613510404684
 20
33447.060863533894
 10
40125.901913625436
 20
33447.060863533894
  0
LWPOLYLINE
  5
1D8
330
17
100
AcDbEntity
  8
RASTER_CONTOURS
100
AcDbPolyline
 90
108
 70
1
 10
38987.13792742862
 20
33486.49211028264
 10
39025.09672696852
 20
33525.92335703138
 10
39442.64352190735
 20
33525.92335703138
 10
39480.602321447244
 20
33486.49211028264
 10
39366.72592282756
 20
33407.629616785154
 10
40391.613510404684
 20
33407.629616785154
 10
40429.572309944575
 20
33368.198370036414
 10
40353.654710864794
 20
33289.33587653893
 10
40467.531109484466
 20
33249.90462979018
 10
40505.489909024356
 20
33289.33587653893
 10
40657.32510718393
 20
33289.33587653893
 10
40505.489909024356
 20
33368.198370036414
 10
40543.44870856426
 20
33407.629616785154
 10
40771.20150580362
 20
33407.629616785154
 10
40847.1191048834
 20
33328.76712328767
 10
40847.1191048834
 20
33210.47338304144
 10
40771.20150580362
 20
32973.88590254898
 10
40733.242706263714
 20
33092.179642795214
 10
40733.242706263714
 20
32658.43592855904
 10
40695.283906723824
 20
32540.142188312813
 10
40733.242706263714
 20
32421.848448066587
 10
40809.16030534351
 20
32382.41720131784
 10
40809.16030534351
 20
32264.123461071613
 10
40847.1191048834
 20
32224.69221432287
 10
40809.16030534351
 20
32145.829720825386
 10
40847.1191048834
 20
32145.829720825386
 10
40847.1191048834
 20
32619.004681810296
 10
40809.16030534351
 20
32658.43592855904
 10
40847.1191048834
 20
33289.33587653893
 10
40960.99550350307
 20
33407.629616785154
 10
41264.66589982223
 20
33407.629616785154
 10
41036.91310258287
 20
33407.629616785154
 10
40960.99550350307
 20
33486.49211028264
 10
40998.95430304298
 20
33525.92335703138
 10
41720.17149430095
 20
33525.92335703138
 10
41758.13029384084
 20
33486.49211028264
 10
41682.21269476106
 20
33407.629616785154
 10
41454.4598975217
 20
33407.629616785154
 10
41568.336296141366
 20
33407.629616785154
 10
41682.21269476106
 20
33249.90462979018
 10
41720.17149430095
 20
33249.90462979018
 10
41834.04789292064
 20
33407.629616785154
 10
41947.92429154031
 20
33407.629616785154
 10
41796.08909338073
 20
33407.629616785154
 10
41758.13029384084
 20
33447.060863533894
 10
41796.08909338073
 20
33525.92335703138
 10
42669.14148279827
 20
33525.92335703138
 10
42707.100282338186
 20
33486.49211028264
 10
42896.89428003763
 20
33486.49211028264
 10
42934.853079577544
 20
33447.060863533894
 10
42896.89428003763
 20
33407.629616785154
 10
42707.100282338186
 20
33407.629616785154
 10
42934.853079577544
 20
33407.629616785154
 10
43010.77067865732
 20
33289.33587653893
 10
43010.77067865732
 20
32658.43592855904
 10
42858.93548049774
 20
32540.142188312813
 10
42858.93548049774
 20
32461.27969481533
 10
43010.77067865732
 20
32342.985954569096
 10
43010.77067865732
 20
31790.9485000867
 10
42858.93548049774
 20
31633.22351309173
 10
42858.93548049774
 20
31593.792266342985
 10
43010.77067865732
 20
31475.49852609676
 10
43010.77067865732
 20
31002.32356511184
 10
42934.853079577544
 20
30844.59857811687
 10
42023.84189062009
 20
30844.59857811687
 10
41909.96549200042
 20
30726.30483787064
 10
41226.70710028234
 20
30726.30483787064
 10
41036.91310258287
 20
30884.029824865615
 10
40923.03670396318
 20
30884.029824865615
 10
40885.07790442329
 20
30923.461071614354
 10
40353.654710864794
 20
30805.167331368128
 10
40315.6959113249
 20
30844.59857811687
 10
39860.19031684618
 20
30844.59857811687
 10
39784.272717766384
 20
30962.892318363098
 10
39708.35511868661
 20
31002.32356511184
 10
39594.47872006692
 20
30844.59857811687
 10
39290.80832374778
 20
30844.59857811687
 10
39252.84952420788
 20
30884.029824865615
 10
39214.89072466799
 20
30844.59857811687
 10
39101.01432604831
 20
30962.892318363098
 10
39101.01432604831
 20
31830.379746835442
 10
39176.9319251281
 20
32066.9672273279
 10
39290.80832374778
 20
32106.398474076643
 10
40581.40750810415
 20
32106.398474076643
 10
40581.40750810415
 20
32145.829720825386
 10
39366.72592282756
 20
32145.829720825386
 10
39328.76712328767
 20
32106.398474076643
 10
39214.89072466799
 20
32145.829720825386
 10
39138.9731255882
 20
32224.69221432287
 10
39252.84952420788
 20
32264.123461071613
 10
39252.84952420788
 20
32895.0234090515
 10
39214.89072466799
 20
32934.45465580024
 10
39252.84952420788
 20
32973.88590254898
 10
39252.84952420788
 20
33249.90462979018
 10
39138.9731255882
 20
33328.76712328767
 10
39176.9319251281
 20
33447.060863533894
 10
39101.01432604831
 20
33407.629616785154
 10
39101.01432604831
 20
33249.90462979018
 10
39063.05552650841
 20
33210.47338304144
 10
39101.01432604831
 20
33131.610889543954
 10
39101.01432604831
 20
33013.31714929773
 10
39063.05552650841
 20
32973.88590254898
 10
39101.01432604831
 20
32934.45465580024
 10
39101.01432604831
 20
32737.298422056527
 10
39063.05552650841
 20
32697.867175307783
 10
39101.01432604831
 20
32382.41720131784
 10
39025.09672696852
 20
32303.554707820353
 10
38987.13792742862
 20
32342.985954569096
  0
LWPOLYLINE
  5
1D9
330
17
100
AcDbEntity
  8
RASTER_CONTOURS
100
AcDbPolyline
 90
17
 70
1
 10
36671.651155495136
 20
33447.060863533894
 10
36823.486353654705
 20
33447.060863533894
 10
36861.4451531946
 20
33407.629616785154
 10
36975.32155181428
 20
33407.629616785154
 10
37013.28035135417
 20
33447.060863533894
 10
38227.96193663076
 20
33447.060863533894
 10
38265.92073617065
 20
33328.76712328767
 10
38455.714733870125
 20
33328.76712328767
 10
38493.673533410016
 20
33407.629616785154
 10
38645.508731569586
 20
33447.060863533894
 10
37127.15674997385
 20
33447.060863533894
 10
37089.19795043396
 20
33486.49211028264
 10
37013.28035135417
 20
33447.060863533894
 10
36975.32155181428
 20
33486.49211028264
 10
36861.4451531946
 20
33486.49211028264
 10
36823.486353654705
 20
33447.060863533894
 10
36747.568754574924
 20
33486.49211028264
  0
LWPOLYLINE
  5
1DA
330
17
100
AcDbEntity
  8
RASTER_CONTOURS
100
AcDbPolyline
 90
2
 70
1
 10
36254.10436055631
 20
33486.49211028264
 10
36595.73355641535
 20
33447.060863533894
  0
LWPOLYLINE
  5
1DB
330
17
100
AcDbEntity
  8
RASTER_CONTOURS
100
AcDbPolyline
 90
8
 70
1
 10
39556.519920527026
 20
33486.49211028264
 10
39670.396319146705
 20
33565.35460378012
 10
40049.98431454563
 20
33525.92335703138
 10
40087.94311408552
 20
33486.49211028264
 10
40049.98431454563
 20
33447.060863533894
 10
39784.272717766384
 20
33447.060863533894
 10
39746.31391822649
 20
33407.629616785154
 10
39670.396319146705
 20
33407.629616785154
  0
LWPOLYLINE
  5
1DC
330
17
100
AcDbEntity
  8
RASTER_CONTOURS
100
AcDbPolyline
 90
5
 70
1
 10
44870.7518561121
 20
33565.35460378012
 10
44870.7518561121
 20
32973.88590254898
 10
44908.710655651994
 20
32973.88590254898
 10
44984.628254731775
 20
33052.74839604647
 10
44870.7518561121
 20
33131.610889543954
  0
LWPOLYLINE
  5
1DD
330
17
100
AcDbEntity
  8
RASTER_CONTOURS
100
AcDbPolyline
 90
73
 70
1
 10
35115.340374359504
 20
33486.49211028264
 10
35229.21677297919
 20
33604.78585052887
 10
35343.09317159887
 20
33604.78585052887
 10
35381.05197113876
 20
33565.35460378012
 10
38683.46753110948
 20
33565.35460378012
 10
38759.385130189265
 20
33486.49211028264
 10
38759.385130189265
 20
32934.45465580024
 10
38797.34392972916
 20
32895.0234090515
 10
38721.426330649374
 20
32697.867175307783
 10
38683.46753110948
 20
32737.298422056527
 10
38683.46753110948
 20
33368.198370036414
 10
38645.508731569586
 20
33368.198370036414
 10
38645.508731569586
 20
33210.47338304144
 10
38569.591132489804
 20
33171.0421362927
 10
38569.591132489804
 20
32342.985954569096
 10
38607.549932029695
 20
32382.41720131784
 10
38683.46753110948
 20
32264.123461071613
 10
38683.46753110948
 20
32540.142188312813
 10
38721.426330649374
 20
32579.573435061557
 10
38759.385130189265
 20
32540.142188312813
 10
38759.385130189265
 20
32185.260967574126
 10
38721.426330649374
 20
32145.829720825386
 10
38683.46753110948
 20
32185.260967574126
 10
38607.549932029695
 20
32185.260967574126
 10
38493.673533410016
 20
32106.398474076643
 10
38455.714733870125
 20
32145.829720825386
 10
36937.36275227439
 20
32145.829720825386
 10
36975.32155181428
 20
32106.398474076643
 10
38569.591132489804
 20
32106.398474076643
 10
38759.385130189265
 20
31909.242240332926
 10
38683.46753110948
 20
31790.9485000867
 10
38683.46753110948
 20
31672.65475984047
 10
38759.385130189265
 20
31633.22351309173
 10
38721.426330649374
 20
31593.792266342985
 10
38759.385130189265
 20
31199.47979885556
 10
38683.46753110948
 20
31160.048552106815
 10
38683.46753110948
 20
30962.892318363098
 10
38569.591132489804
 20
30844.59857811687
 10
38152.04433755097
 20
30844.59857811687
 10
38076.12673847119
 20
31002.32356511184
 10
38000.2091393914
 20
31002.32356511184
 10
37924.29154031161
 20
30884.029824865615
 10
37810.415141691934
 20
30884.029824865615
 10
37772.45634215204
 20
30844.59857811687
 10
37544.703544912685
 20
30884.029824865615
 10
37392.86834675311
 20
30805.167331368128
 10
37278.99194813343
 20
30805.167331368128
 10
37203.07434905364
 20
30884.029824865615
 10
37089.19795043396
 20
30884.029824865615
 10
36937.36275227439
 20
30962.892318363098
 10
36899.403952734494
 20
30923.461071614354
 10
36747.568754574924
 20
30923.461071614354
 10
36557.77475687545
 20
30765.736084619384
 10
35798.598766077586
 20
30765.736084619384
 10
35722.6811669978
 20
30884.029824865615
 10
35267.17557251908
 20
30884.029824865615
 10
35229.21677297919
 20
30923.461071614354
 10
35229.21677297919
 20
31554.361019594242
 10
35381.05197113876
 20
31633.22351309173
 10
35381.05197113876
 20
31712.086006589212
 10
35229.21677297919
 20
31790.9485000867
 10
35229.21677297919
 20
32421.848448066587
 10
35381.05197113876
 20
32540.142188312813
 10
35381.05197113876
 20
32619.004681810296
 10
35305.13437205897
 20
32619.004681810296
 10
35229.21677297919
 20
32697.867175307783
 10
35229.21677297919
 20
33368.198370036414
 10
35305.13437205897
 20
33447.060863533894
 10
36178.18676147652
 20
33447.060863533894
 10
35988.392763777054
 20
33447.060863533894
 10
35950.433964237156
 20
33486.49211028264
 10
35229.21677297919
 20
33486.49211028264
 10
35153.2991738994
 20
33447.060863533894
  0
LWPOLYLINE
  5
1DE
330
17
100
AcDbEntity
  8
RASTER_CONTOURS
100
AcDbPolyline
 90
7
 70
1
 10
34583.917180801
 20
33683.648344026355
 10
34545.95838126111
 20
33644.217097277615
 10
34621.8759803409
 20
33565.35460378012
 10
34432.08198264143
 20
33407.629616785154
 10
34583.917180801
 20
33407.629616785154
 10
34621.8759803409
 20
33486.49211028264
 10
34621.8759803409
 20
33644.217097277615
  0
LWPOLYLINE
  5
1DF
330
17
100
AcDbEntity
  8
RASTER_CONTOURS
100
AcDbPolyline
 90
6
 70
1
 10
49273.97260273972
 20
33723.0795907751
 10
49236.013803199836
 20
33723.0795907751
 10
49236.013803199836
 20
32697.867175307783
 10
49236.013803199836
 20
33486.49211028264
 10
49273.97260273972
 20
33525.92335703138
 10
49236.013803199836
 20
33644.217097277615
  0
LWPOLYLINE
  5
1E0
330
17
100
AcDbEntity
  8
RASTER_CONTOURS
100
AcDbPolyline
 90
5
 70
1
 10
43238.52347589668
 20
33762.51083752384
 10
43276.482275436574
 20
33723.0795907751
 10
43276.482275436574
 20
33525.92335703138
 10
43238.52347589668
 20
33486.49211028264
 10
43162.6058768169
 20
33644.217097277615
  0
LWPOLYLINE
  5
1E1
330
17
100
AcDbEntity
  8
RASTER_CONTOURS
100
AcDbPolyline
 90
7
 70
1
 10
34280.24678448185
 20
33762.51083752384
 10
34204.329185402064
 20
33683.648344026355
 10
34090.452786782385
 20
33723.0795907751
 10
34014.5351877026
 20
33525.92335703138
 10
34128.41158632228
 20
33525.92335703138
 10
34166.370385862174
 20
33644.217097277615
 10
34280.24678448185
 20
33723.0795907751
  0
LWPOLYLINE
  5
1E2
330
17
100
AcDbEntity
  8
RASTER_CONTOURS
100
AcDbPolyline
 90
12
 70
1
 10
17312.663390149533
 20
33762.51083752384
 10
17274.70459060964
 20
33723.0795907751
 10
17008.992993830387
 20
33723.0795907751
 10
16971.034194290492
 20
33683.648344026355
 10
17008.992993830387
 20
33447.060863533894
 10
17008.992993830387
 20
33644.217097277615
 10
17084.910592910175
 20
33723.0795907751
 10
17236.745791069745
 20
33604.78585052887
 10
17198.786991529854
 20
33525.92335703138
 10
17198.786991529854
 20
33131.610889543954
 10
17236.745791069745
 20
33092.179642795214
 10
17274.70459060964
 20
33131.610889543954
  0
LWPOLYLINE
  5
1E3
330
17
100
AcDbEntity
  8
RASTER_CONTOURS
100
AcDbPolyline
 90
4
 70
1
 10
35039.422775279716
 20
33841.37333102133
 10
35115.340374359504
 20
33762.51083752384
 10
35077.381574819614
 20
33644.217097277615
 10
34963.505176199935
 20
33683.648344026355
  0
LWPOLYLINE
  5
1E4
330
17
100
AcDbEntity
  8
RASTER_CONTOURS
100
AcDbPolyline
 90
11
 70
1
 10
23310.15371745268
 20
34038.52956476504
 10
23310.15371745268
 20
33959.667071267555
 10
23424.03011607236
 20
33801.94208427258
 10
23386.071316532467
 20
33723.0795907751
 10
23386.071316532467
 20
33565.35460378012
 10
23424.03011607236
 20
33525.92335703138
 10
23424.03011607236
 20
33368.198370036414
 10
23386.071316532467
 20
33328.76712328767
 10
23424.03011607236
 20
33249.90462979018
 10
23424.03011607236
 20
32934.45465580024
 10
23424.03011607236
 20
33999.098318016295
  0
LWPOLYLINE
  5
1E5
330
17
100
AcDbEntity
  8
RASTER_CONTOURS
100
AcDbPolyline
 90
23
 70
1
 10
21981.595733556413
 20
34077.96081151378
 10
21943.63693401652
 20
34038.52956476504
 10
21943.63693401652
 20
33920.23582451881
 10
21867.719334936734
 20
33841.37333102133
 10
21867.719334936734
 20
33407.629616785154
 10
21791.801735856945
 20
33328.76712328767
 10
21791.801735856945
 20
33249.90462979018
 10
21867.719334936734
 20
33171.0421362927
 10
21867.719334936734
 20
32776.729668805274
 10
21943.63693401652
 20
32697.867175307783
 10
21943.63693401652
 20
32540.142188312813
 10
22019.554533096307
 20
32500.71094156407
 10
22057.513332636197
 20
32579.573435061557
 10
21981.595733556413
 20
32658.43592855904
 10
21981.595733556413
 20
32855.59216230275
 10
21943.63693401652
 20
32895.0234090515
 10
21981.595733556413
 20
32973.88590254898
 10
21981.595733556413
 20
33249.90462979018
 10
22019.554533096307
 20
33289.33587653893
 10
21981.595733556413
 20
33368.198370036414
 10
21981.595733556413
 20
33920.23582451881
 10
22057.513332636197
 20
33959.667071267555
 10
22095.47213217609
 20
34038.52956476504
  0
LWPOLYLINE
  5
1E6
330
17
100
AcDbEntity
  8
RASTER_CONTOURS
100
AcDbPolyline
 90
15
 70
1
 10
4748.300742444838
 20
33723.0795907751
 10
4824.218341524625
 20
33880.80457777007
 10
4938.0947401443045
 20
33959.667071267555
 10
5051.971138763985
 20
34117.39205826253
 10
5735.229530482065
 20
34117.39205826253
 10
5773.188330021959
 20
34077.96081151378
 10
6342.570323120358
 20
34077.96081151378
 10
6380.529122660252
 20
34117.39205826253
 10
6418.4879222001455
 20
34077.96081151378
 10
6570.323120359719
 20
34077.96081151378
 10
6646.2407194395055
 20
33999.098318016295
 10
6646.2407194395055
 20
33604.78585052887
 10
6532.364320819825
 20
33486.49211028264
 10
4938.0947401443045
 20
33486.49211028264
 10
4748.300742444838
 20
33604.78585052887
  0
LWPOLYLINE
  5
1E7
330
17
100
AcDbEntity
  8
RASTER_CONTOURS
100
AcDbPolyline
 90
6
 70
1
 10
30674.160828191987
 20
34235.685798508755
 10
30598.2432291122
 20
34196.25455176001
 10
30598.2432291122
 20
34156.82330501127
 10
30712.119627731878
 20
33999.098318016295
 10
30712.119627731878
 20
34077.96081151378
 10
30788.03722681167
 20
34196.25455176001
  0
LWPOLYLINE
  5
1E8
330
17
100
AcDbEntity
  8
RASTER_CONTOURS
100
AcDbPolyline
 90
4
 70
1
 10
29041.93244797657
 20
34275.117045257495
 10
29003.97364843668
 20
34196.25455176001
 10
29041.93244797657
 20
33959.667071267555
 10
29117.85004705636
 20
34156.82330501127
  0
LWPOLYLINE
  5
1E9
330
17
100
AcDbEntity
  8
RASTER_CONTOURS
100
AcDbPolyline
 90
4
 70
1
 10
41909.96549200042
 20
34275.117045257495
 10
42213.63588831956
 20
34235.685798508755
 10
42175.67708877967
 20
34353.97953875498
 10
41947.92429154031
 20
34353.97953875498
  0
LWPOLYLINE
  5
1EA
330
17
100
AcDbEntity
  8
RASTER_CONTOURS
100
AcDbPolyline
 90
13
 70
1
 10
23120.359719753214
 20
34314.54829200624
 10
23044.44212067343
 20
34353.97953875498
 10
23082.40092021332
 20
34235.685798508755
 10
23006.483321133535
 20
34156.82330501127
 10
22740.77172435428
 20
34156.82330501127
 10
22702.812924814385
 20
34117.39205826253
 10
22550.97772665481
 20
34156.82330501127
 10
22513.01892711492
 20
34117.39205826253
 10
22285.266129875556
 20
34196.25455176001
 10
22247.30733033567
 20
34077.96081151378
 10
23120.359719753214
 20
34077.96081151378
 10
23120.359719753214
 20
34196.25455176001
 10
23082.40092021332
 20
34235.685798508755
  0
LWPOLYLINE
  5
1EB
330
17
100
AcDbEntity
  8
RASTER_CONTOURS
100
AcDbPolyline
 90
4
 70
1
 10
50678.448185715766
 20
34393.41078550372
 10
50716.40698525568
 20
34196.25455176001
 10
50830.28338387534
 20
34196.25455176001
 10
50830.28338387534
 20
34314.54829200624
  0
LWPOLYLINE
  5
1EC
330
17
100
AcDbEntity
  8
RASTER_CONTOURS
100
AcDbPolyline
 90
2
 70
1
 10
44870.7518561121
 20
34432.84203225247
 10
44870.7518561121
 20
33999.098318016295
  0
LWPOLYLINE
  5
1ED
330
17
100
AcDbEntity
  8
RASTER_CONTOURS
100
AcDbPolyline
 90
65
 70
1
 10
51817.21217191258
 20
34511.704525749956
 10
51893.12977099236
 20
34472.273279001216
 10
51893.12977099236
 20
32619.004681810296
 10
51931.08857053225
 20
32579.573435061557
 10
51893.12977099236
 20
28912.467487428472
 10
51931.08857053225
 20
28873.03624067973
 10
51931.08857053225
 20
9551.725333795732
 10
51969.04737007214
 20
9512.294087046992
 10
51969.04737007214
 20
8723.669152072134
 10
51931.08857053225
 20
8684.23790532339
 10
51931.08857053225
 20
8368.787931333449
 10
51969.04737007214
 20
8329.356684584704
 10
51969.04737007214
 20
7935.044217097274
 10
51931.08857053225
 20
7895.612970348534
 10
51931.08857053225
 20
6239.5006069013325
 10
51969.04737007214
 20
6200.069360152589
 10
51969.04737007214
 20
640.2635685798476
 10
51893.12977099236
 20
561.4010750823643
 10
51817.21217191258
 20
640.2635685798476
 10
51855.17097145247
 20
758.5573088260796
 10
51817.21217191258
 20
837.419802323563
 10
51855.17097145247
 20
876.851049072307
 10
51855.17097145247
 20
1152.8697763135058
 10
51817.21217191258
 20
1192.3010230622497
 10
51855.17097145247
 20
1231.7322698109938
 10
51817.21217191258
 20
1350.0260100572211
 10
51855.17097145247
 20
1389.457256805965
 10
51855.17097145247
 20
1507.7509970521924
 10
51817.21217191258
 20
1547.1822438009365
 10
51817.21217191258
 20
13613.143748916247
 10
51779.25337237269
 20
13652.57499566499
 10
51779.25337237269
 20
14756.64990462979
 10
51817.21217191258
 20
14796.081151378528
 10
51817.21217191258
 20
17516.837177041787
 10
51779.25337237269
 20
17556.26842379053
 10
51779.25337237269
 20
20553.043176694984
 10
51817.21217191258
 20
20592.47442344373
 10
51817.21217191258
 20
21144.511877926132
 10
51779.25337237269
 20
21183.94312467487
 10
51779.25337237269
 20
24535.599098318013
 10
51817.21217191258
 20
24575.030345066756
 10
51817.21217191258
 20
24969.342812554187
 10
51779.25337237269
 20
25008.774059302927
 10
51779.25337237269
 20
25166.499046297897
 10
51817.21217191258
 20
25205.930293046644
 10
51779.25337237269
 20
25245.361539795387
 10
51779.25337237269
 20
28833.604993930985
 10
51817.21217191258
 20
28873.03624067973
 10
51817.21217191258
 20
29267.34870816716
 10
51779.25337237269
 20
29306.7799549159
 10
51779.25337237269
 20
31751.517253337955
 10
51817.21217191258
 20
31790.9485000867
 10
51779.25337237269
 20
31909.242240332926
 10
51779.25337237269
 20
32224.69221432287
 10
51817.21217191258
 20
32342.985954569096
 10
51779.25337237269
 20
32382.41720131784
 10
51779.25337237269
 20
32658.43592855904
 10
51817.21217191258
 20
32737.298422056527
 10
51779.25337237269
 20
32776.729668805274
 10
51817.21217191258
 20
32816.16091555401
 10
51779.25337237269
 20
33052.74839604647
 10
51817.21217191258
 20
33092.179642795214
 10
51817.21217191258
 20
33249.90462979018
 10
51779.25337237269
 20
33289.33587653893
 10
51779.25337237269
 20
34472.273279001216
  0
LWPOLYLINE
  5
1EE
330
17
100
AcDbEntity
  8
RASTER_CONTOURS
100
AcDbPolyline
 90
51
 70
1
 10
47831.53822022377
 20
34590.56701924744
 10
47717.6618216041
 20
34590.56701924744
 10
47679.70302206421
 20
34551.135772498696
 10
47717.6618216041
 20
34472.273279001216
 10
47717.6618216041
 20
34275.117045257495
 10
47679.70302206421
 20
34235.685798508755
 10
47679.70302206421
 20
33092.179642795214
 10
47641.7442225243
 20
33052.74839604647
 10
47679.70302206421
 20
32973.88590254898
 10
47679.70302206421
 20
31593.792266342985
 10
47641.7442225243
 20
31554.361019594242
 10
47641.7442225243
 20
31436.06727934801
 10
47679.70302206421
 20
31396.63603259927
 10
47679.70302206421
 20
30055.97364314201
 10
47641.7442225243
 20
30016.54239639327
 10
47641.7442225243
 20
29858.8174093983
 10
47679.70302206421
 20
29819.386162649556
 10
47679.70302206421
 20
28518.15501994104
 10
47641.7442225243
 20
28478.723773192298
 10
47641.7442225243
 20
28320.99878619733
 10
47679.70302206421
 20
28281.567539448584
 10
47679.70302206421
 20
27019.767643488816
 10
47641.7442225243
 20
26980.336396740073
 10
47641.7442225243
 20
26783.180162996356
 10
47679.70302206421
 20
26743.748916247612
 10
47679.70302206421
 20
25481.94902028784
 10
47603.78542298441
 20
25363.655280041614
 10
47641.7442225243
 20
25324.22403329287
 10
47793.57942068388
 20
25324.22403329287
 10
47831.53822022377
 20
25363.655280041614
 10
47793.57942068388
 20
25442.5177735391
 10
47793.57942068388
 20
26783.180162996356
 10
47831.53822022377
 20
26822.6114097451
 10
47831.53822022377
 20
26980.336396740073
 10
47793.57942068388
 20
27019.767643488816
 10
47793.57942068388
 20
28242.13629269984
 10
47869.49701976366
 20
28439.292526443558
 10
47793.57942068388
 20
28557.586266689785
 10
47793.57942068388
 20
29385.642448413386
 10
47831.53822022377
 20
29425.073695162126
 10
47831.53822022377
 20
29858.8174093983
 10
47869.49701976366
 20
29898.248656147043
 10
47831.53822022377
 20
30016.54239639327
 10
47831.53822022377
 20
31396.63603259927
 10
47907.45581930357
 20
31475.49852609676
 10
47831.53822022377
 20
31554.361019594242
 10
47831.53822022377
 20
32934.45465580024
 10
47869.49701976366
 20
32973.88590254898
 10
47831.53822022377
 20
33092.179642795214
 10
47831.53822022377
 20
34472.273279001216
 10
47869.49701976366
 20
34551.135772498696
  0
LWPOLYLINE
  5
1EF
330
17
100
AcDbEntity
  8
RASTER_CONTOURS
100
AcDbPolyline
 90
74
 70
1
 10
47072.36222942591
 20
34629.99826599618
 10
46920.527031266334
 20
34590.56701924744
 10
46958.485830806225
 20
34472.273279001216
 10
46958.485830806225
 20
33131.610889543954
 10
46882.56823172644
 20
33052.74839604647
 10
46806.65063264666
 20
33052.74839604647
 10
46958.485830806225
 20
32934.45465580024
 10
46958.485830806225
 20
31593.792266342985
 10
46882.56823172644
 20
31514.929772845502
 10
46958.485830806225
 20
31357.204785850525
 10
46958.485830806225
 20
30450.28611062944
 10
46844.60943218655
 20
30410.854863880697
 10
46730.73303356687
 20
30253.129876885727
 10
46768.69183310676
 20
30213.698630136987
 10
46768.69183310676
 20
30055.97364314201
 10
46730.73303356687
 20
30016.54239639327
 10
46768.69183310676
 20
29937.679902895783
 10
46654.815434487085
 20
29661.661175654583
 10
46692.774234026976
 20
29582.7986821571
 10
46920.527031266334
 20
29543.367435408356
 10
46996.444630346115
 20
29464.50494191087
 10
46958.485830806225
 20
29425.073695162126
 10
46958.485830806225
 20
28597.017513438528
 10
46882.56823172644
 20
28478.723773192298
 10
46958.485830806225
 20
28242.13629269984
 10
46958.485830806225
 20
27532.37385122247
 10
46920.527031266334
 20
27492.94260447373
 10
46958.485830806225
 20
27414.08011097624
 10
46920.527031266334
 20
27216.923877232526
 10
46958.485830806225
 20
27177.492630483786
 10
46920.527031266334
 20
27138.061383735043
 10
46882.56823172644
 20
26862.042656493843
 10
46958.485830806225
 20
26743.748916247612
 10
46920.527031266334
 20
26704.317669498872
 10
46920.527031266334
 20
25442.5177735391
 10
46844.60943218655
 20
25363.655280041614
 10
47034.40342988602
 20
25324.22403329287
 10
47072.36222942591
 20
25403.086526790357
 10
47034.40342988602
 20
25442.5177735391
 10
47034.40342988602
 20
26349.436448760185
 10
47072.36222942591
 20
26388.86769550893
 10
47072.36222942591
 20
27690.09883821744
 10
47034.40342988602
 20
27808.39257846367
 10
47072.36222942591
 20
27847.82382521241
 10
47072.36222942591
 20
28360.43003294607
 10
47110.3210289658
 20
28478.723773192298
 10
47072.36222942591
 20
28518.15501994104
 10
47072.36222942591
 20
29346.211201664642
 10
47034.40342988602
 20
29464.50494191087
 10
47110.3210289658
 20
29543.367435408356
 10
47338.07382620516
 20
29543.367435408356
 10
47376.03262574505
 20
29503.936188659613
 10
47489.909024364744
 20
29582.7986821571
 10
47376.03262574505
 20
29701.09242240333
 10
47376.03262574505
 20
29779.954915900813
 10
47451.950224824854
 20
29858.8174093983
 10
47413.99142528494
 20
29898.248656147043
 10
47451.950224824854
 20
29977.111149644526
 10
47451.950224824854
 20
30331.992370383214
 10
47376.03262574505
 20
30410.854863880697
 10
47262.15622712538
 20
30371.423617131954
 10
47034.40342988602
 20
30450.28611062944
 10
47072.36222942591
 20
30568.579850875667
 10
47072.36222942591
 20
31396.63603259927
 10
47110.3210289658
 20
31436.06727934801
 10
47110.3210289658
 20
31554.361019594242
 10
47072.36222942591
 20
31593.792266342985
 10
47072.36222942591
 20
32934.45465580024
 10
47110.3210289658
 20
32973.88590254898
 10
47110.3210289658
 20
33092.179642795214
 10
47072.36222942591
 20
33131.610889543954
 10
47072.36222942591
 20
34432.84203225247
 10
47110.3210289658
 20
34472.273279001216
 10
47110.3210289658
 20
34590.56701924744
  0
LWPOLYLINE
  5
1F0
330
17
100
AcDbEntity
  8
RASTER_CONTOURS
100
AcDbPolyline
 90
22
 70
1
 10
46313.18623862803
 20
34629.99826599618
 10
46199.30984000837
 20
34590.56701924744
 10
46199.30984000837
 20
33131.610889543954
 10
46123.392240928566
 20
33052.74839604647
 10
46199.30984000837
 20
32973.88590254898
 10
46199.30984000837
 20
31593.792266342985
 10
46123.392240928566
 20
31475.49852609676
 10
46199.30984000837
 20
31396.63603259927
 10
46199.30984000837
 20
30529.148604126927
 10
46237.26863954826
 20
30489.717357378184
 10
46351.145038167924
 20
30568.579850875667
 10
46313.18623862803
 20
30884.029824865615
 10
46351.145038167924
 20
30923.461071614354
 10
46351.145038167924
 20
31436.06727934801
 10
46389.10383770784
 20
31475.49852609676
 10
46351.145038167924
 20
31554.361019594242
 10
46351.145038167924
 20
32934.45465580024
 10
46389.10383770784
 20
32973.88590254898
 10
46389.10383770784
 20
33092.179642795214
 10
46351.145038167924
 20
33131.610889543954
 10
46351.145038167924
 20
34511.704525749956
 10
46389.10383770784
 20
34590.56701924744
  0
LWPOLYLINE
  5
1F1
330
17
100
AcDbEntity
  8
RASTER_CONTOURS
100
AcDbPolyline
 90
2
 70
1
 10
28206.83885809892
 20
34708.86075949367
 10
28206.83885809892
 20
34432.84203225247
  0
LWPOLYLINE
  5
1F2
330
17
100
AcDbEntity
  8
RASTER_CONTOURS
100
AcDbPolyline
 90
2
 70
1
 10
28814.179650737213
 20
34748.29200624241
 10
28814.179650737213
 20
34432.84203225247
  0
LWPOLYLINE
  5
1F3
330
17
100
AcDbEntity
  8
RASTER_CONTOURS
100
AcDbPolyline
 90
2
 70
1
 10
49843.35459583813
 20
34787.723252991156
 10
50336.818989856736
 20
34787.723252991156
  0
LWPOLYLINE
  5
1F4
330
17
100
AcDbEntity
  8
RASTER_CONTOURS
100
AcDbPolyline
 90
3
 70
1
 10
49236.013803199836
 20
34827.154499739896
 10
49236.013803199836
 20
34511.704525749956
 10
49349.8902018195
 20
34787.723252991156
  0
LWPOLYLINE
  5
1F5
330
17
100
AcDbEntity
  8
RASTER_CONTOURS
100
AcDbPolyline
 90
6
 70
1
 10
34166.370385862174
 20
34827.154499739896
 10
34090.452786782385
 20
34827.154499739896
 10
34052.493987242495
 20
34590.56701924744
 10
34166.370385862174
 20
34629.99826599618
 10
34166.370385862174
 20
34748.29200624241
 10
34204.329185402064
 20
34787.723252991156
  0
LWPOLYLINE
  5
1F6
330
17
100
AcDbEntity
  8
RASTER_CONTOURS
100
AcDbPolyline
 90
2
 70
1
 10
42099.759489699885
 20
34866.585746488636
 10
42479.34748509882
 20
34866.585746488636
  0
LWPOLYLINE
  5
1F7
330
17
100
AcDbEntity
  8
RASTER_CONTOURS
100
AcDbPolyline
 90
25
 70
1
 10
29952.94363693401
 20
34906.01699323738
 10
30066.82003555369
 20
34906.01699323738
 10
30142.737634633482
 20
34827.154499739896
 10
30142.737634633482
 20
34551.135772498696
 10
30104.778835093588
 20
34511.704525749956
 10
30104.778835093588
 20
34314.54829200624
 10
30142.737634633482
 20
34275.117045257495
 10
29990.902436473905
 20
34156.82330501127
 10
30142.737634633482
 20
34038.52956476504
 10
30104.778835093588
 20
33920.23582451881
 10
30142.737634633482
 20
33880.80457777007
 10
30142.737634633482
 20
33723.0795907751
 10
30104.778835093588
 20
33683.648344026355
 10
30142.737634633482
 20
33644.217097277615
 10
30142.737634633482
 20
33525.92335703138
 10
30028.861236013803
 20
33407.629616785154
 10
29952.94363693401
 20
33407.629616785154
 10
29877.026037854226
 20
33486.49211028264
 10
29877.026037854226
 20
34038.52956476504
 10
29914.98483739412
 20
34077.96081151378
 10
29914.98483739412
 20
34235.685798508755
 10
29877.026037854226
 20
34275.117045257495
 10
29877.026037854226
 20
34708.86075949367
 10
29914.98483739412
 20
34787.723252991156
 10
29877.026037854226
 20
34827.154499739896
  0
LWPOLYLINE
  5
1F8
330
17
100
AcDbEntity
  8
RASTER_CONTOURS
100
AcDbPolyline
 90
21
 70
1
 10
29421.520443375506
 20
34906.01699323738
 10
29535.39684199519
 20
34906.01699323738
 10
29611.314441074974
 20
34708.86075949367
 10
29611.314441074974
 20
34314.54829200624
 10
29535.39684199519
 20
34196.25455176001
 10
29611.314441074974
 20
34038.52956476504
 10
29573.35564153508
 20
33999.098318016295
 10
29611.314441074974
 20
33959.667071267555
 10
29573.35564153508
 20
33920.23582451881
 10
29611.314441074974
 20
33880.80457777007
 10
29611.314441074974
 20
33565.35460378012
 10
29573.35564153508
 20
33525.92335703138
 10
29611.314441074974
 20
33486.49211028264
 10
29535.39684199519
 20
33407.629616785154
 10
29421.520443375506
 20
33407.629616785154
 10
29345.60284429572
 20
33486.49211028264
 10
29345.60284429572
 20
34038.52956476504
 10
29383.561643835616
 20
34077.96081151378
 10
29383.561643835616
 20
34235.685798508755
 10
29345.60284429572
 20
34275.117045257495
 10
29345.60284429572
 20
34827.154499739896
  0
LWPOLYLINE
  5
1F9
330
17
100
AcDbEntity
  8
RASTER_CONTOURS
100
AcDbPolyline
 90
7
 70
1
 10
48894.384607340784
 20
34945.44823998613
 10
48932.343406880675
 20
34906.01699323738
 10
48932.343406880675
 20
34551.135772498696
 10
48970.30220642059
 20
34511.704525749956
 10
48894.384607340784
 20
34432.84203225247
 10
48856.42580780089
 20
34472.273279001216
 10
48856.42580780089
 20
34906.01699323738
  0
LWPOLYLINE
  5
1FA
330
17
100
AcDbEntity
  8
RASTER_CONTOURS
100
AcDbPolyline
 90
77
 70
1
 10
30256.61403325316
 20
34945.44823998613
 10
30408.449231412735
 20
34866.585746488636
 10
30408.449231412735
 20
34314.54829200624
 10
30446.408030952625
 20
34314.54829200624
 10
30446.408030952625
 20
34866.585746488636
 10
30598.2432291122
 20
34945.44823998613
 10
30712.119627731878
 20
34787.723252991156
 10
30712.119627731878
 20
34866.585746488636
 10
30825.996026351557
 20
34945.44823998613
 10
32040.677611628147
 20
34945.44823998613
 10
32116.595210707932
 20
34866.585746488636
 10
32116.595210707932
 20
34629.99826599618
 10
32192.51280978772
 20
34511.704525749956
 10
32192.51280978772
 20
34353.97953875498
 10
32230.47160932761
 20
34314.54829200624
 10
32230.47160932761
 20
34196.25455176001
 10
32192.51280978772
 20
34156.82330501127
 10
32230.47160932761
 20
34117.39205826253
 10
32192.51280978772
 20
33999.098318016295
 10
32192.51280978772
 20
31751.517253337955
 10
32116.595210707932
 20
31672.65475984047
 10
30750.078427271772
 20
31672.65475984047
 10
30712.119627731878
 20
31712.086006589212
 10
30484.36683049252
 20
31672.65475984047
 10
30408.449231412735
 20
31790.9485000867
 10
30446.408030952625
 20
31909.242240332926
 10
30408.449231412735
 20
32303.554707820353
 10
30484.36683049252
 20
32421.848448066587
 10
30446.408030952625
 20
32461.27969481533
 10
30408.449231412735
 20
32973.88590254898
 10
30408.449231412735
 20
32500.71094156407
 10
30370.49043187284
 20
32461.27969481533
 10
30370.49043187284
 20
32342.985954569096
 10
30408.449231412735
 20
32303.554707820353
 10
30408.449231412735
 20
31751.517253337955
 10
30294.572832793056
 20
31672.65475984047
 10
30218.655233713267
 20
31672.65475984047
 10
30142.737634633482
 20
31751.517253337955
 10
30142.737634633482
 20
32342.985954569096
 10
30218.655233713267
 20
32421.848448066587
 10
30142.737634633482
 20
32500.71094156407
 10
30028.861236013803
 20
32421.848448066587
 10
29914.98483739412
 20
32461.27969481533
 10
29877.026037854226
 20
32540.142188312813
 10
29877.026037854226
 20
33092.179642795214
 10
29952.94363693401
 20
33171.0421362927
 10
30066.82003555369
 20
33171.0421362927
 10
30142.737634633482
 20
33092.179642795214
 10
30218.655233713267
 20
33171.0421362927
 10
30332.531632332946
 20
33171.0421362927
 10
30408.449231412735
 20
33052.74839604647
 10
30522.325630032414
 20
33210.47338304144
 10
30712.119627731878
 20
33092.179642795214
 10
30712.119627731878
 20
33210.47338304144
 10
30750.078427271772
 20
33249.90462979018
 10
30712.119627731878
 20
33604.78585052887
 10
30674.160828191987
 20
33604.78585052887
 10
30674.160828191987
 20
33486.49211028264
 10
30598.2432291122
 20
33407.629616785154
 10
30484.36683049252
 20
33407.629616785154
 10
30446.408030952625
 20
33447.060863533894
 10
30446.408030952625
 20
34077.96081151378
 10
30522.325630032414
 20
34156.82330501127
 10
30446.408030952625
 20
34235.685798508755
 10
30332.531632332946
 20
34156.82330501127
 10
30256.61403325316
 20
34156.82330501127
 10
30332.531632332946
 20
34156.82330501127
 10
30408.449231412735
 20
34077.96081151378
 10
30408.449231412735
 20
33486.49211028264
 10
30332.531632332946
 20
33407.629616785154
 10
30218.655233713267
 20
33407.629616785154
 10
30142.737634633482
 20
33486.49211028264
 10
30142.737634633482
 20
34038.52956476504
 10
30180.696434173376
 20
34077.96081151378
 10
30180.696434173376
 20
34235.685798508755
 10
30142.737634633482
 20
34275.117045257495
 10
30142.737634633482
 20
34827.154499739896
  0
LWPOLYLINE
  5
1FB
330
17
100
AcDbEntity
  8
RASTER_CONTOURS
100
AcDbPolyline
 90
14
 70
1
 10
29725.190839694653
 20
34945.44823998613
 10
29877.026037854226
 20
34827.154499739896
 10
29877.026037854226
 20
34275.117045257495
 10
29763.149639234547
 20
34156.82330501127
 10
29801.10843877444
 20
34156.82330501127
 10
29877.026037854226
 20
34038.52956476504
 10
29877.026037854226
 20
33525.92335703138
 10
29763.149639234547
 20
33407.629616785154
 10
29687.23204015476
 20
33407.629616785154
 10
29611.314441074974
 20
33486.49211028264
 10
29611.314441074974
 20
34077.96081151378
 10
29687.23204015476
 20
34156.82330501127
 10
29611.314441074974
 20
34275.117045257495
 10
29611.314441074974
 20
34827.154499739896
  0
LWPOLYLINE
  5
1FC
330
17
100
AcDbEntity
  8
RASTER_CONTOURS
100
AcDbPolyline
 90
63
 70
1
 10
28092.96245947924
 20
34945.44823998613
 10
28168.880058559025
 20
34906.01699323738
 10
28206.83885809892
 20
34787.723252991156
 10
28244.797657638814
 20
34787.723252991156
 10
28244.797657638814
 20
34866.585746488636
 10
28358.674056258493
 20
34945.44823998613
 10
28472.550454878176
 20
34866.585746488636
 10
28586.426853497855
 20
34945.44823998613
 10
28662.34445257764
 20
34945.44823998613
 10
28776.220851197322
 20
34866.585746488636
 10
28928.056049356892
 20
34945.44823998613
 10
29041.93244797657
 20
34866.585746488636
 10
29041.93244797657
 20
34393.41078550372
 10
29079.891247516465
 20
34866.585746488636
 10
29155.808846596254
 20
34945.44823998613
 10
29345.60284429572
 20
34827.154499739896
 10
29345.60284429572
 20
34275.117045257495
 10
29269.685245215936
 20
34156.82330501127
 10
29345.60284429572
 20
34038.52956476504
 10
29345.60284429572
 20
33762.51083752384
 10
29307.644044755823
 20
33723.0795907751
 10
29307.644044755823
 20
33447.060863533894
 10
29269.685245215936
 20
33407.629616785154
 10
29117.85004705636
 20
33407.629616785154
 10
29041.93244797657
 20
33486.49211028264
 10
29041.93244797657
 20
33762.51083752384
 10
29041.93244797657
 20
33486.49211028264
 10
28966.014848896786
 20
33407.629616785154
 10
28852.138450277107
 20
33407.629616785154
 10
28776.220851197322
 20
33486.49211028264
 10
28814.179650737213
 20
33565.35460378012
 10
28776.220851197322
 20
33604.78585052887
 10
28776.220851197322
 20
33801.94208427258
 10
28814.179650737213
 20
33841.37333102133
 10
28814.179650737213
 20
34117.39205826253
 10
28852.138450277107
 20
34156.82330501127
 10
28814.179650737213
 20
34275.117045257495
 10
28738.262051657428
 20
34196.25455176001
 10
28814.179650737213
 20
33959.667071267555
 10
28776.220851197322
 20
33920.23582451881
 10
28776.220851197322
 20
33486.49211028264
 10
28700.303252117534
 20
33407.629616785154
 10
28548.468053957957
 20
33407.629616785154
 10
28510.50925441807
 20
33447.060863533894
 10
28282.756457178704
 20
33407.629616785154
 10
28244.797657638814
 20
33447.060863533894
 10
28206.83885809892
 20
34038.52956476504
 10
28282.756457178704
 20
34117.39205826253
 10
28282.756457178704
 20
34196.25455176001
 10
28206.83885809892
 20
34275.117045257495
 10
28168.880058559025
 20
34196.25455176001
 10
28206.83885809892
 20
34077.96081151378
 10
28206.83885809892
 20
33486.49211028264
 10
28130.921259019135
 20
33407.629616785154
 10
28055.003659939346
 20
33407.629616785154
 10
27941.127261319667
 20
33525.92335703138
 10
27979.08606085956
 20
33565.35460378012
 10
27941.127261319667
 20
33644.217097277615
 10
27941.127261319667
 20
34038.52956476504
 10
28017.044860399456
 20
34156.82330501127
 10
27941.127261319667
 20
34314.54829200624
 10
27979.08606085956
 20
34353.97953875498
 10
27941.127261319667
 20
34827.154499739896
  0
LWPOLYLINE
  5
1FD
330
17
100
AcDbEntity
  8
RASTER_CONTOURS
100
AcDbPolyline
 90
32
 70
1
 10
27523.580466380838
 20
34945.44823998613
 10
27637.456865000517
 20
34906.01699323738
 10
27675.41566454041
 20
34827.154499739896
 10
27751.333263620203
 20
34906.01699323738
 10
27903.168461779773
 20
34906.01699323738
 10
27941.127261319667
 20
34866.585746488636
 10
27941.127261319667
 20
34235.685798508755
 10
27903.168461779773
 20
34196.25455176001
 10
27941.127261319667
 20
34077.96081151378
 10
27941.127261319667
 20
33486.49211028264
 10
27865.209662239882
 20
33407.629616785154
 10
27789.292063160094
 20
33407.629616785154
 10
27675.41566454041
 20
33525.92335703138
 10
27675.41566454041
 20
33604.78585052887
 10
27675.41566454041
 20
33486.49211028264
 10
27599.498065460626
 20
33407.629616785154
 10
27485.621666840947
 20
33407.629616785154
 10
27409.70406776116
 20
33486.49211028264
 10
27409.70406776116
 20
34038.52956476504
 10
27485.621666840947
 20
34117.39205826253
 10
27599.498065460626
 20
34077.96081151378
 10
27675.41566454041
 20
33999.098318016295
 10
27675.41566454041
 20
33801.94208427258
 10
27713.37446408031
 20
34038.52956476504
 10
27789.292063160094
 20
34117.39205826253
 10
27675.41566454041
 20
34393.41078550372
 10
27675.41566454041
 20
34669.42951274493
 10
27675.41566454041
 20
34314.54829200624
 10
27561.539265920732
 20
34196.25455176001
 10
27485.621666840947
 20
34196.25455176001
 10
27409.70406776116
 20
34275.117045257495
 10
27409.70406776116
 20
34827.154499739896
  0
LWPOLYLINE
  5
1FE
330
17
100
AcDbEntity
  8
RASTER_CONTOURS
100
AcDbPolyline
 90
143
 70
1
 10
49198.055003659945
 20
35024.31073348361
 10
50754.36578479557
 20
35024.31073348361
 10
50944.15978249504
 20
34827.154499739896
 10
50944.15978249504
 20
34393.41078550372
 10
50982.11858203493
 20
34432.84203225247
 10
51247.830178814176
 20
34432.84203225247
 10
51437.624176513644
 20
34196.25455176001
 10
51437.624176513644
 20
31948.673487081673
 10
51323.74777789396
 20
31830.379746835442
 10
51095.99498065459
 20
31830.379746835442
 10
51095.99498065459
 20
30568.579850875667
 10
51133.953780194504
 20
30529.148604126927
 10
51247.830178814176
 20
30568.579850875667
 10
51285.78897835407
 20
30489.717357378184
 10
51437.624176513644
 20
30371.423617131954
 10
51437.624176513644
 20
27690.09883821744
 10
51285.78897835407
 20
27571.805097971213
 10
51247.830178814176
 20
27611.236344719957
 10
51209.871379274286
 20
27571.805097971213
 10
51209.871379274286
 20
27059.198890237556
 10
51437.624176513644
 20
26862.042656493843
 10
51437.624176513644
 20
17911.149644529218
 10
51361.70657743386
 20
17792.85590428299
 10
51209.871379274286
 20
17792.85590428299
 10
51209.871379274286
 20
17201.387203051843
 10
51323.74777789396
 20
17161.9559563031
 10
51437.624176513644
 20
17004.23096930813
 10
51437.624176513644
 20
14993.237385122244
 10
51475.582976053534
 20
14953.8061383735
 10
51475.582976053534
 20
14638.356164383558
 10
51437.624176513644
 20
14598.924917634818
 10
51475.582976053534
 20
8092.769204092249
 10
51361.70657743386
 20
7974.475463846017
 10
51247.830178814176
 20
7935.044217097274
 10
51247.830178814176
 20
7422.43800936362
 10
51475.582976053534
 20
7225.281775619905
 10
51475.582976053534
 20
4622.819490202875
 10
51323.74777789396
 20
4425.663256459165
 10
51133.953780194504
 20
4465.0945032079035
 10
51133.953780194504
 20
3479.3133344893367
 10
51323.74777789396
 20
3479.3133344893367
 10
51475.582976053534
 20
3361.0195942431046
 10
51475.582976053534
 20
1034.5760360672784
 10
51399.66537697375
 20
955.7135425697903
 10
51361.70657743386
 20
995.1447893185343
 10
51285.78897835407
 20
876.851049072307
 10
51095.99498065459
 20
876.851049072307
 10
51058.0361811147
 20
916.282295821051
 10
51020.07738157482
 20
876.851049072307
 10
51020.07738157482
 20
245.95110109242165
 10
50906.200982955124
 20
167.08860759493365
 10
50830.28338387534
 20
48.794867348706305
 10
49084.17860504025
 20
88.2261140974503
 10
48970.30220642059
 20
167.08860759493365
 10
48894.384607340784
 20
285.38234784116565
 10
48932.343406880675
 20
3794.763308479279
 10
49084.17860504025
 20
3913.0570487255063
 10
49349.8902018195
 20
3913.0570487255063
 10
49349.8902018195
 20
7185.85052887116
 10
49387.84900135939
 20
7225.281775619905
 10
49349.8902018195
 20
7304.144269117388
 10
49349.8902018195
 20
7461.86925611236
 10
49387.84900135939
 20
7501.300502861103
 10
49349.8902018195
 20
7580.162996358591
 10
49349.8902018195
 20
8802.531645569617
 10
49425.8078008993
 20
8920.825385815846
 10
49425.8078008993
 20
8999.687879313333
 10
49349.8902018195
 20
9078.550372810816
 10
49349.8902018195
 20
9630.587827293219
 10
49387.84900135939
 20
9670.019074041962
 10
49349.8902018195
 20
12745.656320443903
 10
49425.8078008993
 20
12863.95006069013
 10
49387.84900135939
 20
12982.243800936361
 10
49349.8902018195
 20
16807.074735564416
 10
49425.8078008993
 20
16925.368475810646
 10
49425.8078008993
 20
17043.662216056873
 10
49387.84900135939
 20
17083.093462805617
 10
49387.84900135939
 20
19922.1432287151
 10
49463.766600439194
 20
20040.43696896133
 10
49387.84900135939
 20
20198.161955956304
 10
49387.84900135939
 20
21499.393098664812
 10
49425.8078008993
 20
21538.82434541356
 10
49425.8078008993
 20
21696.54933240853
 10
49387.84900135939
 20
21735.980579157273
 10
49387.84900135939
 20
22840.055488122074
 10
49425.8078008993
 20
22958.3492283683
 10
49387.84900135939
 20
23076.642968614527
 10
49463.766600439194
 20
23155.505462112014
 10
49425.8078008993
 20
23273.79920235824
 10
49425.8078008993
 20
23904.69915033813
 10
49387.84900135939
 20
23944.130397086872
 10
49425.8078008993
 20
24062.4241373331
 10
49387.84900135939
 20
24180.717877579333
 10
49425.8078008993
 20
24220.14912432807
 10
49425.8078008993
 20
24377.874111323043
 10
49387.84900135939
 20
24417.305358071786
 10
49425.8078008993
 20
24496.167851569273
 10
49425.8078008993
 20
24929.911565805443
 10
49387.84900135939
 20
24969.342812554187
 10
49387.84900135939
 20
25521.380267036584
 10
49425.8078008993
 20
25600.242760534074
 10
49387.84900135939
 20
25718.5365007803
 10
49463.766600439194
 20
25797.398994277784
 10
49463.766600439194
 20
25915.692734524015
 10
49425.8078008993
 20
25955.123981272754
 10
49425.8078008993
 20
27847.82382521241
 10
49387.84900135939
 20
27887.255071961154
 10
49387.84900135939
 20
28439.292526443558
 10
49425.8078008993
 20
28478.723773192298
 10
49387.84900135939
 20
28557.586266689785
 10
49463.766600439194
 20
28675.88000693601
 10
49463.766600439194
 20
28833.604993930985
 10
49425.8078008993
 20
28873.03624067973
 10
49425.8078008993
 20
30134.836136639497
 10
49463.766600439194
 20
30174.267383388244
 10
49425.8078008993
 20
30292.56112363447
 10
49463.766600439194
 20
30371.423617131954
 10
49463.766600439194
 20
30489.717357378184
 10
49425.8078008993
 20
30529.148604126927
 10
49463.766600439194
 20
30568.579850875667
 10
49463.766600439194
 20
30844.59857811687
 10
49425.8078008993
 20
30923.461071614354
 10
49463.766600439194
 20
30962.892318363098
 10
49463.766600439194
 20
31120.61730535807
 10
49198.055003659945
 20
31120.61730535807
 10
48970.30220642059
 20
31317.773539101785
 10
48970.30220642059
 20
31751.517253337955
 10
49046.21980550036
 20
31830.379746835442
 10
49046.21980550036
 20
31988.10473383041
 10
49008.26100596047
 20
32027.535980579156
 10
49008.26100596047
 20
32855.59216230275
 10
48970.30220642059
 20
32895.0234090515
 10
48970.30220642059
 20
33013.31714929773
 10
49008.26100596047
 20
33052.74839604647
 10
49008.26100596047
 20
33407.629616785154
 10
49084.17860504025
 20
33525.92335703138
 10
49008.26100596047
 20
33644.217097277615
 10
49008.26100596047
 20
34511.704525749956
 10
49046.21980550036
 20
34551.135772498696
 10
49008.26100596047
 20
34669.42951274493
 10
49046.21980550036
 20
34708.86075949367
 10
49046.21980550036
 20
34866.585746488636
 10
49122.13740458014
 20
34906.01699323738
  0
LWPOLYLINE
  5
1FF
330
17
100
AcDbEntity
  8
RASTER_CONTOURS
100
AcDbPolyline
 90
6
 70
1
 10
33672.90599184356
 20
34945.44823998613
 10
34128.41158632228
 20
34906.01699323738
 10
34128.41158632228
 20
34945.44823998613
 10
34052.493987242495
 20
34984.87948673487
 10
33976.576388162706
 20
34945.44823998613
 10
33710.86479138346
 20
34984.87948673487
  0
LWPOLYLINE
  5
200
330
17
100
AcDbEntity
  8
RASTER_CONTOURS
100
AcDbPolyline
 90
113
 70
1
 10
44529.12266025305
 20
35063.74198023236
 10
48666.631810101426
 20
35024.31073348361
 10
48780.50820872111
 20
34906.01699323738
 10
48780.50820872111
 20
34038.52956476504
 10
48818.467008261
 20
33999.098318016295
 10
48818.467008261
 20
33841.37333102133
 10
48780.50820872111
 20
33801.94208427258
 10
48818.467008261
 20
33683.648344026355
 10
48742.54940918121
 20
33604.78585052887
 10
48742.54940918121
 20
33486.49211028264
 10
48780.50820872111
 20
33447.060863533894
 10
48780.50820872111
 20
31988.10473383041
 10
48742.54940918121
 20
31948.673487081673
 10
48742.54940918121
 20
31830.379746835442
 10
48780.50820872111
 20
31790.9485000867
 10
48780.50820872111
 20
31238.911045604298
 10
48704.59060964132
 20
31160.048552106815
 10
48438.87901286207
 20
31081.186058609328
 10
48476.83781240196
 20
31002.32356511184
 10
48476.83781240196
 20
30016.54239639327
 10
48400.92021332218
 20
29937.679902895783
 10
48476.83781240196
 20
29858.8174093983
 10
48476.83781240196
 20
28478.723773192298
 10
48400.92021332218
 20
28399.861279694815
 10
48476.83781240196
 20
28320.99878619733
 10
48476.83781240196
 20
26980.336396740073
 10
48400.92021332218
 20
26901.473903242582
 10
48476.83781240196
 20
26783.180162996356
 10
48476.83781240196
 20
25442.5177735391
 10
48438.87901286207
 20
25363.655280041614
 10
48476.83781240196
 20
25324.22403329287
 10
48704.59060964132
 20
25324.22403329287
 10
48742.54940918121
 20
25363.655280041614
 10
48742.54940918121
 20
26743.748916247612
 10
48818.467008261
 20
26822.6114097451
 10
49084.17860504025
 20
26822.6114097451
 10
49160.09620412003
 20
26743.748916247612
 10
49160.09620412003
 20
26625.455176001386
 10
49198.055003659945
 20
26586.023929252642
 10
49198.055003659945
 20
26231.14270851396
 10
49160.09620412003
 20
26191.711461765215
 10
49160.09620412003
 20
25955.123981272754
 10
49122.13740458014
 20
25915.692734524015
 10
49122.13740458014
 20
25797.398994277784
 10
49160.09620412003
 20
25757.967747529045
 10
49160.09620412003
 20
24969.342812554187
 10
49084.17860504025
 20
24890.4803190567
 10
45554.01024783018
 20
24929.911565805443
 10
45478.09264875038
 20
25048.20530605167
 10
45478.09264875038
 20
25245.361539795387
 10
45554.01024783018
 20
25363.655280041614
 10
45516.05144829029
 20
25442.5177735391
 10
45516.05144829029
 20
26822.6114097451
 10
45629.92784690996
 20
26901.473903242582
 10
45516.05144829029
 20
27059.198890237556
 10
45516.05144829029
 20
28320.99878619733
 10
45554.01024783018
 20
28360.43003294607
 10
45554.01024783018
 20
28518.15501994104
 10
45516.05144829029
 20
28557.586266689785
 10
45516.05144829029
 20
29819.386162649556
 10
45591.96904737007
 20
29937.679902895783
 10
45516.05144829029
 20
30174.267383388244
 10
45554.01024783018
 20
30292.56112363447
 10
45516.05144829029
 20
30331.992370383214
 10
45516.05144829029
 20
30962.892318363098
 10
45554.01024783018
 20
31002.32356511184
 10
45554.01024783018
 20
31436.06727934801
 10
45629.92784690996
 20
31514.929772845502
 10
45554.01024783018
 20
31554.361019594242
 10
45554.01024783018
 20
32973.88590254898
 10
45629.92784690996
 20
33052.74839604647
 10
45554.01024783018
 20
33131.610889543954
 10
45554.01024783018
 20
34551.135772498696
 10
45591.96904737007
 20
34590.56701924744
 10
45516.05144829029
 20
34629.99826599618
 10
45402.1750496706
 20
34590.56701924744
 10
45402.1750496706
 20
33131.610889543954
 10
45326.25745059082
 20
33052.74839604647
 10
45402.1750496706
 20
32973.88590254898
 10
45402.1750496706
 20
31593.792266342985
 10
45326.25745059082
 20
31514.929772845502
 10
45402.1750496706
 20
31396.63603259927
 10
45402.1750496706
 20
30174.267383388244
 10
45364.21625013071
 20
30134.836136639497
 10
45364.21625013071
 20
29898.248656147043
 10
45402.1750496706
 20
29858.8174093983
 10
45402.1750496706
 20
28557.586266689785
 10
45288.298651050914
 20
28439.292526443558
 10
45402.1750496706
 20
28320.99878619733
 10
45402.1750496706
 20
27414.08011097624
 10
45364.21625013071
 20
27295.786370730013
 10
45250.339851511024
 20
27216.923877232526
 10
45212.38105197113
 20
27256.35512398127
 10
44794.8342570323
 20
27256.35512398127
 10
44718.916657952526
 20
27335.217617478756
 10
44718.916657952526
 20
28320.99878619733
 10
44756.87545749242
 20
28360.43003294607
 10
44756.87545749242
 20
28518.15501994104
 10
44718.916657952526
 20
28557.586266689785
 10
44718.916657952526
 20
29819.386162649556
 10
44756.87545749242
 20
29858.8174093983
 10
44718.916657952526
 20
31041.75481186058
 10
44756.87545749242
 20
31081.186058609328
 10
44756.87545749242
 20
31436.06727934801
 10
44794.8342570323
 20
31475.49852609676
 10
44756.87545749242
 20
31554.361019594242
 10
44756.87545749242
 20
31790.9485000867
 10
44870.7518561121
 20
31869.810993584182
 10
44832.79305657219
 20
31909.242240332926
 10
44756.87545749242
 20
31830.379746835442
 10
44605.04025933283
 20
31830.379746835442
 10
44453.20506117328
 20
31909.242240332926
 10
44453.20506117328
 20
34984.87948673487
  0
LWPOLYLINE
  5
201
330
17
100
AcDbEntity
  8
RASTER_CONTOURS
100
AcDbPolyline
 90
25
 70
1
 10
44111.575865314226
 20
35063.74198023236
 10
44187.49346439401
 20
34984.87948673487
 10
44187.49346439401
 20
34906.01699323738
 10
44111.575865314226
 20
34866.585746488636
 10
44225.45226393391
 20
34708.86075949367
 10
44225.45226393391
 20
32224.69221432287
 10
44149.534664854116
 20
32027.535980579156
 10
43769.94666945518
 20
32027.535980579156
 10
43694.0290703754
 20
32106.398474076643
 10
43694.0290703754
 20
32185.260967574126
 10
43656.07027083551
 20
32185.260967574126
 10
43656.07027083551
 20
32106.398474076643
 10
43580.15267175573
 20
32027.535980579156
 10
43428.31747359615
 20
32027.535980579156
 10
43390.35867405626
 20
32066.9672273279
 10
43390.35867405626
 20
34393.41078550372
 10
43466.27627313604
 20
34472.273279001216
 10
43618.11147129562
 20
34472.273279001216
 10
43694.0290703754
 20
34353.97953875498
 10
43845.86426853498
 20
34551.135772498696
 10
43845.86426853498
 20
34787.723252991156
 10
43959.74066715465
 20
34866.585746488636
 10
43883.82306807487
 20
34906.01699323738
 10
43883.82306807487
 20
34984.87948673487
 10
43959.74066715465
 20
35063.74198023236
  0
LWPOLYLINE
  5
202
330
17
100
AcDbEntity
  8
RASTER_CONTOURS
100
AcDbPolyline
 90
33
 70
1
 10
40923.03670396318
 20
34984.87948673487
 10
40998.95430304298
 20
35063.74198023236
 10
43048.72947819721
 20
35063.74198023236
 10
43124.64707727699
 20
34945.44823998613
 10
43048.72947819721
 20
34866.585746488636
 10
42934.853079577544
 20
34866.585746488636
 10
42934.853079577544
 20
34748.29200624241
 10
43086.6882777371
 20
34748.29200624241
 10
43162.6058768169
 20
34669.42951274493
 10
43162.6058768169
 20
34077.96081151378
 10
43124.64707727699
 20
34038.52956476504
 10
43124.64707727699
 20
33880.80457777007
 10
43010.77067865732
 20
33841.37333102133
 10
42745.05908187807
 20
33959.667071267555
 10
42820.97668095785
 20
33880.80457777007
 10
42745.05908187807
 20
33762.51083752384
 10
42061.800690159995
 20
33762.51083752384
 10
42023.84189062009
 20
33801.94208427258
 10
41264.66589982223
 20
33801.94208427258
 10
41226.70710028234
 20
33880.80457777007
 10
41302.62469936212
 20
33959.667071267555
 10
41340.58349890201
 20
33959.667071267555
 10
40960.99550350307
 20
33841.37333102133
 10
40885.07790442329
 20
33920.23582451881
 10
40923.03670396318
 20
34038.52956476504
 10
40885.07790442329
 20
34077.96081151378
 10
40885.07790442329
 20
34511.704525749956
 10
40923.03670396318
 20
34551.135772498696
 10
40885.07790442329
 20
34669.42951274493
 10
40960.99550350307
 20
34787.723252991156
 10
41112.83070166265
 20
34748.29200624241
 10
41150.78950120254
 20
34866.585746488636
 10
40998.95430304298
 20
34866.585746488636
  0
LWPOLYLINE
  5
203
330
17
100
AcDbEntity
  8
RASTER_CONTOURS
100
AcDbPolyline
 90
22
 70
1
 10
35153.2991738994
 20
35063.74198023236
 10
35267.17557251908
 20
35142.60447372984
 10
35305.13437205897
 20
35103.1732269811
 10
40619.36630764404
 20
35063.74198023236
 10
40657.32510718393
 20
35024.31073348361
 10
40657.32510718393
 20
34906.01699323738
 10
40619.36630764404
 20
34866.585746488636
 10
40505.489909024356
 20
34866.585746488636
 10
40581.40750810415
 20
34866.585746488636
 10
40695.283906723824
 20
34708.86075949367
 10
40695.283906723824
 20
34038.52956476504
 10
40619.36630764404
 20
33801.94208427258
 10
35191.25797343929
 20
33841.37333102133
 10
35153.2991738994
 20
33880.80457777007
 10
35153.2991738994
 20
34866.585746488636
 10
35191.25797343929
 20
34906.01699323738
 10
37582.66234445257
 20
34906.01699323738
 10
35836.55756561748
 20
34906.01699323738
 10
35798.598766077586
 20
34945.44823998613
 10
35760.639966537696
 20
34906.01699323738
 10
35267.17557251908
 20
34906.01699323738
 10
35153.2991738994
 20
34984.87948673487
  0
LWPOLYLINE
  5
204
330
17
100
AcDbEntity
  8
RASTER_CONTOURS
100
AcDbPolyline
 90
29
 70
1
 10
25929.31088570532
 20
35063.74198023236
 10
26005.228484785104
 20
35142.60447372984
 10
28814.179650737213
 20
35142.60447372984
 10
28852.138450277107
 20
35103.1732269811
 10
28966.014848896786
 20
35103.1732269811
 10
29003.97364843668
 20
35142.60447372984
 10
29117.85004705636
 20
35142.60447372984
 10
29155.808846596254
 20
35103.1732269811
 10
29193.767646136144
 20
35142.60447372984
 10
29535.39684199519
 20
35142.60447372984
 10
29573.35564153508
 20
35103.1732269811
 10
29725.190839694653
 20
35103.1732269811
 10
29763.149639234547
 20
35142.60447372984
 10
30218.655233713267
 20
35142.60447372984
 10
30256.61403325316
 20
35103.1732269811
 10
30370.49043187284
 20
35142.60447372984
 10
30484.36683049252
 20
35103.1732269811
 10
30598.2432291122
 20
35142.60447372984
 10
32040.677611628147
 20
35142.60447372984
 10
32078.63641116804
 20
35103.1732269811
 10
32040.677611628147
 20
35024.31073348361
 10
31850.88361392868
 20
35024.31073348361
 10
31812.92481438879
 20
34984.87948673487
 10
31737.007215309
 20
35024.31073348361
 10
26840.32207466276
 20
35024.31073348361
 10
26802.363275122865
 20
34984.87948673487
 10
26422.775279723934
 20
34984.87948673487
 10
26384.81648018404
 20
35024.31073348361
 10
25967.269685245214
 20
35024.31073348361
  0
LWPOLYLINE
  5
205
330
17
100
AcDbEntity
  8
RASTER_CONTOURS
100
AcDbPolyline
 90
16
 70
1
 10
23879.53571055108
 20
35142.60447372984
 10
25549.722890306388
 20
35142.60447372984
 10
25625.640489386173
 20
35063.74198023236
 10
25625.640489386173
 20
34984.87948673487
 10
25511.764090766494
 20
34906.01699323738
 10
25549.722890306388
 20
34906.01699323738
 10
25663.599288926067
 20
34748.29200624241
 10
25663.599288926067
 20
33328.76712328767
 10
25587.681689846282
 20
33131.610889543954
 10
25511.764090766494
 20
33092.179642795214
 10
23993.41210917076
 20
33092.179642795214
 10
23803.618111471296
 20
33249.90462979018
 10
23803.618111471296
 20
34748.29200624241
 10
23917.494510090975
 20
34906.01699323738
 10
23841.576911011187
 20
34984.87948673487
 10
23841.576911011187
 20
35103.1732269811
  0
LWPOLYLINE
  5
206
330
17
100
AcDbEntity
  8
RASTER_CONTOURS
100
AcDbPolyline
 90
6
 70
1
 10
49311.93140227961
 20
35142.60447372984
 10
49349.8902018195
 20
35182.03572047858
 10
50716.40698525568
 20
35182.03572047858
 10
50754.36578479557
 20
35142.60447372984
 10
50716.40698525568
 20
35103.1732269811
 10
49349.8902018195
 20
35103.1732269811
  0
LWPOLYLINE
  5
207
330
17
100
AcDbEntity
  8
RASTER_CONTOURS
100
AcDbPolyline
 90
1462
 70
1
 10
4786.259541984732
 20
33210.47338304144
 10
4862.177141064519
 20
33289.33587653893
 10
4976.053539684199
 20
33289.33587653893
 10
5014.012339224092
 20
33328.76712328767
 10
5355.641535083131
 20
33328.76712328767
 10
5393.600334623025
 20
33289.33587653893
 10
5469.517933702812
 20
33328.76712328767
 10
5697.270730942172
 20
33328.76712328767
 10
5735.229530482065
 20
33289.33587653893
 10
5962.9823277214255
 20
33289.33587653893
 10
6000.941127261319
 20
33328.76712328767
 10
6760.1171180591855
 20
33289.33587653893
 10
6798.075917599079
 20
33328.76712328767
 10
6798.075917599079
 20
33880.80457777007
 10
6836.034717138972
 20
33920.23582451881
 10
6836.034717138972
 20
34945.44823998613
 10
6911.952316218758
 20
35024.31073348361
 10
12795.566244902226
 20
35024.31073348361
 10
12909.442643521905
 20
34945.44823998613
 10
12909.442643521905
 20
34235.685798508755
 10
12947.4014430618
 20
34196.25455176001
 10
13744.53623339956
 20
34196.25455176001
 10
13820.453832479347
 20
34275.117045257495
 10
13782.495032939452
 20
34393.41078550372
 10
13820.453832479347
 20
34432.84203225247
 10
13820.453832479347
 20
34945.44823998613
 10
13896.371431559133
 20
35024.31073348361
 10
16515.528599811772
 20
35024.31073348361
 10
16629.40499843145
 20
34945.44823998613
 10
16629.40499843145
 20
31830.379746835442
 10
16667.363797971346
 20
31790.9485000867
 10
18906.93297082505
 20
31790.9485000867
 10
19020.80936944473
 20
31712.086006589212
 10
19020.80936944473
 20
29267.34870816716
 10
19058.76816898463
 20
29227.917461418416
 10
20387.32615288089
 20
29227.917461418416
 10
20425.284952420785
 20
29188.48621466967
 10
20766.914148279826
 20
29227.917461418416
 10
20918.7493464394
 20
29109.623721172182
 10
20994.666945519188
 20
28951.898734177215
 10
20994.666945519188
 20
28833.604993930985
 10
20956.708145979293
 20
28794.173747182238
 10
21032.62574505908
 20
28518.15501994104
 10
21032.62574505908
 20
12351.343852956476
 10
20994.666945519188
 20
12311.912606207732
 10
20994.666945519188
 20
11759.87515172533
 10
21032.62574505908
 20
11720.44390497659
 10
20994.666945519188
 20
11562.71891798162
 10
21032.62574505908
 20
11444.425177735387
 10
20994.666945519188
 20
11404.993930986648
 10
20994.666945519188
 20
6791.538061383735
 10
20956.708145979293
 20
6752.106814634991
 10
20956.708145979293
 20
6042.344373157617
 10
20880.79054689951
 20
5963.481879660134
 10
20880.79054689951
 20
5805.756892665163
 10
20766.914148279826
 20
5726.894399167674
 10
20577.12015058036
 20
5726.894399167674
 10
20539.161351040464
 20
5766.325645916419
 10
20197.532155181427
 20
5766.325645916419
 10
20159.573355641533
 20
5726.894399167674
 10
20045.696957021853
 20
5726.894399167674
 10
20007.73815748196
 20
5766.325645916419
 10
16211.858203492626
 20
5766.325645916419
 10
16173.899403952733
 20
5726.894399167674
 10
16173.899403952733
 20
2808.982139760707
 10
16060.023005333054
 20
2730.1196462632192
 10
15490.641012234653
 20
2730.1196462632192
 10
15414.723413154867
 20
2808.982139760707
 10
15414.723413154867
 20
3282.1571007456214
 10
15376.764613614972
 20
3321.5883474943653
 10
9227.439088152252
 20
3321.5883474943653
 10
9189.480288612358
 20
3361.0195942431046
 10
9227.439088152252
 20
3242.725853996877
 10
11504.967060545852
 20
3242.725853996877
 10
11542.925860085747
 20
3282.1571007456214
 10
15262.888214995291
 20
3242.725853996877
 10
15376.764613614972
 20
3124.43211375065
 10
15338.80581407508
 20
3006.1383735044224
 10
15376.764613614972
 20
2848.4133865094464
 10
15338.80581407508
 20
2769.550893011963
 10
15414.723413154867
 20
2651.257152765736
 10
16211.858203492626
 20
2651.257152765736
 10
16249.81700303252
 20
2690.6883995144753
 10
16249.81700303252
 20
5490.30691867522
 10
16325.734602112305
 20
5687.463152418935
 10
19400.397364843666
 20
5687.463152418935
 10
19514.273763463345
 20
5608.600658921448
 10
19666.10896162292
 20
5687.463152418935
 10
19817.944159782495
 20
5608.600658921448
 10
19931.820558402174
 20
5687.463152418935
 10
20045.696957021853
 20
5608.600658921448
 10
20159.573355641533
 20
5648.031905670191
 10
20311.408553801106
 20
5648.031905670191
 10
20349.367353341
 20
5608.600658921448
 10
20425.284952420785
 20
5648.031905670191
 10
20880.79054689951
 20
5648.031905670191
 10
20956.708145979293
 20
5569.169412172703
 10
21867.719334936734
 20
5569.169412172703
 10
21905.678134476624
 20
5529.738165423964
 10
22019.554533096307
 20
5529.738165423964
 10
22133.43093171599
 20
5608.600658921448
 10
22247.30733033567
 20
5490.30691867522
 10
22513.01892711492
 20
5490.30691867522
 10
22550.97772665481
 20
5529.738165423964
 10
23082.40092021332
 20
5529.738165423964
 10
23120.359719753214
 20
5490.30691867522
 10
23234.236118372894
 20
5490.30691867522
 10
23310.15371745268
 20
5608.600658921448
 10
24069.329708250545
 20
5608.600658921448
 10
24297.082505489907
 20
5490.30691867522
 10
24410.958904109586
 20
5529.738165423964
 10
24448.917703649484
 20
5490.30691867522
 10
25246.052493987238
 20
5490.30691867522
 10
25321.97009306703
 20
5569.169412172703
 10
28586.426853497855
 20
5569.169412172703
 10
28586.426853497855
 20
7816.750476851046
 10
28434.591655338278
 20
7974.475463846017
 10
28434.591655338278
 20
8723.669152072134
 10
28586.426853497855
 20
8881.394139067106
 10
28586.426853497855
 20
8999.687879313333
 10
28624.38565303775
 20
9039.119126062078
 10
28586.426853497855
 20
9078.550372810816
 10
28624.38565303775
 20
11996.462632217788
 10
28586.426853497855
 20
12075.325125715271
 10
28434.591655338278
 20
12193.618865961504
 10
28472.550454878176
 20
12233.050112710243
 10
28472.550454878176
 20
12351.343852956476
 10
28434.591655338278
 20
12390.775099705215
 10
28434.591655338278
 20
12509.068839951447
 10
28472.550454878176
 20
12548.500086700187
 10
28434.591655338278
 20
12863.95006069013
 10
28472.550454878176
 20
12903.381307438873
 10
28472.550454878176
 20
13021.675047685105
 10
28624.38565303775
 20
13139.968787931333
 10
28624.38565303775
 20
15150.962372117216
 10
28472.550454878176
 20
15269.256112363444
 10
28472.550454878176
 20
16097.312294087043
 10
28624.38565303775
 20
16215.606034333272
 10
28624.38565303775
 20
20434.749436448757
 10
28472.550454878176
 20
20553.043176694984
 10
28472.550454878176
 20
21381.099358418585
 10
28624.38565303775
 20
21499.393098664812
 10
28624.38565303775
 20
23273.79920235824
 10
28472.550454878176
 20
23392.092942604475
 10
28472.550454878176
 20
24220.14912432807
 10
28624.38565303775
 20
24338.442864574303
 10
28624.38565303775
 20
26507.16143575516
 10
28472.550454878176
 20
26586.023929252642
 10
25739.51688800585
 20
26586.023929252642
 10
25701.55808846596
 20
26625.455176001386
 10
25625.640489386173
 20
26586.023929252642
 10
24942.382097668095
 20
26586.023929252642
 10
24752.588099968627
 20
26704.317669498872
 10
23803.618111471296
 20
26704.317669498872
 10
23727.700512391504
 20
26625.455176001386
 10
21981.595733556413
 20
26625.455176001386
 10
21905.678134476624
 20
26704.317669498872
 10
21905.678134476624
 20
26862.042656493843
 10
21867.719334936734
 20
26901.473903242582
 10
21867.719334936734
 20
27492.94260447373
 10
21905.678134476624
 20
27532.37385122247
 10
21905.678134476624
 20
29346.211201664642
 10
21981.595733556413
 20
29425.073695162126
 10
24031.370908710654
 20
29425.073695162126
 10
24221.16490641012
 20
29306.7799549159
 10
24297.082505489907
 20
29385.642448413386
 10
24524.83530272927
 20
29425.073695162126
 10
24638.711701348948
 20
29306.7799549159
 10
24638.711701348948
 20
28636.44876018727
 10
24562.794102269163
 20
28597.017513438528
 10
24562.794102269163
 20
28478.723773192298
 10
24638.711701348948
 20
28439.292526443558
 10
24638.711701348948
 20
27808.39257846367
 10
24562.794102269163
 20
27650.6675914687
 10
24259.123705950013
 20
27650.6675914687
 10
24221.16490641012
 20
27729.530084966183
 10
24373.00010456969
 20
27532.37385122247
 10
24790.54689950852
 20
27492.94260447373
 10
24904.4232981282
 20
27690.09883821744
 10
24904.4232981282
 20
28163.273799202354
 10
24866.464498588306
 20
28202.705045951097
 10
24904.4232981282
 20
28281.567539448584
 10
24904.4232981282
 20
29582.7986821571
 10
24866.464498588306
 20
29661.661175654583
 10
24448.917703649484
 20
29661.661175654583
 10
24410.958904109586
 20
29701.09242240333
 10
24297.082505489907
 20
29701.09242240333
 10
24259.123705950013
 20
29661.661175654583
 10
24183.206106870228
 20
29701.09242240333
 10
22247.30733033567
 20
29701.09242240333
 10
22133.43093171599
 20
29779.954915900813
 10
21564.048938617587
 20
29819.386162649556
 10
21450.172539997908
 20
29740.523669152066
 10
21298.33734183833
 20
29740.523669152066
 10
21260.37854229844
 20
29701.09242240333
 10
21222.419742758546
 20
29740.523669152066
 10
21070.584544598973
 20
29740.523669152066
 10
20994.666945519188
 20
29701.09242240333
 10
20994.666945519188
 20
29582.7986821571
 10
20918.7493464394
 20
29503.936188659613
 10
19324.47976576388
 20
29503.936188659613
 10
19248.562166684093
 20
29582.7986821571
 10
19248.562166684093
 20
32855.59216230275
 10
19210.603367144202
 20
32895.0234090515
 10
19058.76816898463
 20
32895.0234090515
 10
19020.80936944473
 20
32855.59216230275
 10
18944.891770364946
 20
32895.0234090515
 10
18944.891770364946
 20
33210.47338304144
 10
18982.850569904836
 20
33249.90462979018
 10
18944.891770364946
 20
33683.648344026355
 10
19020.80936944473
 20
33762.51083752384
 10
19058.76816898463
 20
33723.0795907751
 10
19210.603367144202
 20
33723.0795907751
 10
19286.520966223987
 20
33801.94208427258
 10
19286.520966223987
 20
34472.273279001216
 10
19362.43856530377
 20
34551.135772498696
 10
20463.24375196068
 20
34551.135772498696
 10
20501.20255150057
 20
34511.704525749956
 10
21298.33734183833
 20
34511.704525749956
 10
21336.296141378225
 20
34472.273279001216
 10
21450.172539997908
 20
34472.273279001216
 10
21526.090139077693
 20
34314.54829200624
 10
21488.131339537802
 20
33801.94208427258
 10
21564.048938617587
 20
33723.0795907751
 10
21715.88413677716
 20
33723.0795907751
 10
21791.801735856945
 20
33801.94208427258
 10
21753.842936317054
 20
33841.37333102133
 10
21753.842936317054
 20
34511.704525749956
 10
21829.76053539684
 20
34669.42951274493
 10
21829.76053539684
 20
34906.01699323738
 10
21867.719334936734
 20
34945.44823998613
 10
21829.76053539684
 20
35103.1732269811
 10
21905.678134476624
 20
35182.03572047858
 10
23310.15371745268
 20
35182.03572047858
 10
23348.112516992573
 20
35142.60447372984
 10
23386.071316532467
 20
35182.03572047858
 10
23537.90651469204
 20
35103.1732269811
 10
23499.947715152146
 20
34906.01699323738
 10
23575.86531423193
 20
34827.154499739896
 10
23575.86531423193
 20
34117.39205826253
 10
23537.90651469204
 20
34077.96081151378
 10
23575.86531423193
 20
33959.667071267555
 10
23575.86531423193
 20
33171.0421362927
 10
23537.90651469204
 20
33131.610889543954
 10
23575.86531423193
 20
32776.729668805274
 10
23537.90651469204
 20
32737.298422056527
 10
23537.90651469204
 20
32382.41720131784
 10
23461.98891561225
 20
32303.554707820353
 10
23082.40092021332
 20
32303.554707820353
 10
23044.44212067343
 20
32342.985954569096
 10
22437.101328035133
 20
32342.985954569096
 10
22399.142528495242
 20
32303.554707820353
 10
22209.348530795774
 20
32342.985954569096
 10
22171.389731255877
 20
32303.554707820353
 10
22057.513332636197
 20
32303.554707820353
 10
22019.554533096307
 20
32342.985954569096
 10
21829.76053539684
 20
32342.985954569096
 10
21753.842936317054
 20
32421.848448066587
 10
21753.842936317054
 20
32737.298422056527
 10
21791.801735856945
 20
32776.729668805274
 10
21715.88413677716
 20
32895.0234090515
 10
21526.090139077693
 20
32895.0234090515
 10
21488.131339537802
 20
32816.16091555401
 10
21488.131339537802
 20
31120.61730535807
 10
21526.090139077693
 20
31041.75481186058
 10
22475.060127575027
 20
31041.75481186058
 10
22550.97772665481
 20
31002.32356511184
 10
22664.854125274494
 20
31120.61730535807
 10
23272.194917912788
 20
31120.61730535807
 10
23272.194917912788
 20
31948.673487081673
 10
23348.112516992573
 20
32027.535980579156
 10
23765.659311931402
 20
32027.535980579156
 10
23803.618111471296
 20
32066.9672273279
 10
23803.618111471296
 20
32737.298422056527
 10
23879.53571055108
 20
32816.16091555401
 10
25549.722890306388
 20
32816.16091555401
 10
25663.599288926067
 20
32737.298422056527
 10
25891.352086165425
 20
32737.298422056527
 10
25891.352086165425
 20
32855.59216230275
 10
25853.39328662553
 20
32895.0234090515
 10
25891.352086165425
 20
34866.585746488636
 10
25967.269685245214
 20
34945.44823998613
 10
27295.82766914148
 20
34945.44823998613
 10
27409.70406776116
 20
34787.723252991156
 10
27409.70406776116
 20
34275.117045257495
 10
27371.745268221268
 20
34235.685798508755
 10
27371.745268221268
 20
34117.39205826253
 10
27409.70406776116
 20
34077.96081151378
 10
27409.70406776116
 20
33525.92335703138
 10
27333.786468681374
 20
33407.629616785154
 10
27333.786468681374
 20
32973.88590254898
 10
27485.621666840947
 20
33013.31714929773
 10
27371.745268221268
 20
33131.610889543954
 10
27485.621666840947
 20
33328.76712328767
 10
29687.23204015476
 20
33328.76712328767
 10
29725.190839694653
 20
33289.33587653893
 10
29725.190839694653
 20
33131.610889543954
 10
29801.10843877444
 20
33131.610889543954
 10
29877.026037854226
 20
33052.74839604647
 10
29839.067238314332
 20
32973.88590254898
 10
29877.026037854226
 20
32579.573435061557
 10
29839.067238314332
 20
32500.71094156407
 10
29725.190839694653
 20
32421.848448066587
 10
29839.067238314332
 20
32342.985954569096
 10
29952.94363693401
 20
32421.848448066587
 10
30028.861236013803
 20
32421.848448066587
 10
30142.737634633482
 20
32264.123461071613
 10
30104.778835093588
 20
32224.69221432287
 10
30104.778835093588
 20
31751.517253337955
 10
29990.902436473905
 20
31672.65475984047
 10
29877.026037854226
 20
31751.517253337955
 10
29877.026037854226
 20
31830.379746835442
 10
29763.149639234547
 20
31672.65475984047
 10
29687.23204015476
 20
31672.65475984047
 10
29573.35564153508
 20
31830.379746835442
 10
29573.35564153508
 20
31751.517253337955
 10
29497.438042455295
 20
31672.65475984047
 10
29421.520443375506
 20
31672.65475984047
 10
29345.60284429572
 20
31751.517253337955
 10
29345.60284429572
 20
32303.554707820353
 10
29459.4792429154
 20
32421.848448066587
 10
29535.39684199519
 20
32382.41720131784
 10
29573.35564153508
 20
32303.554707820353
 10
29649.273240614868
 20
32382.41720131784
 10
29611.314441074974
 20
32500.71094156407
 10
29611.314441074974
 20
33052.74839604647
 10
29535.39684199519
 20
33013.31714929773
 10
28586.426853497855
 20
33013.31714929773
 10
28548.468053957957
 20
32973.88590254898
 10
28510.50925441807
 20
33013.31714929773
 10
27599.498065460626
 20
33013.31714929773
 10
27675.41566454041
 20
32895.0234090515
 10
27675.41566454041
 20
32421.848448066587
 10
27637.456865000517
 20
32382.41720131784
 10
27675.41566454041
 20
31751.517253337955
 10
27561.539265920732
 20
31672.65475984047
 10
26878.28087420265
 20
31672.65475984047
 10
26764.40447558297
 20
31790.9485000867
 10
26764.40447558297
 20
31988.10473383041
 10
26764.40447558297
 20
31869.810993584182
 10
26650.528076963292
 20
31751.517253337955
 10
26005.228484785104
 20
31751.517253337955
 10
25853.39328662553
 20
31830.379746835442
 10
25663.599288926067
 20
31790.9485000867
 10
25625.640489386173
 20
31672.65475984047
 10
25625.640489386173
 20
31475.49852609676
 10
25663.599288926067
 20
31436.06727934801
 10
26460.734079263828
 20
31396.63603259927
 10
26536.651678343613
 20
31317.773539101785
 10
26536.651678343613
 20
28557.586266689785
 10
26574.610477883507
 20
28518.15501994104
 10
27295.82766914148
 20
28518.15501994104
 10
27333.786468681374
 20
28478.723773192298
 10
27561.539265920732
 20
28557.586266689785
 10
27561.539265920732
 20
28873.03624067973
 10
27523.580466380838
 20
28912.467487428472
 10
27523.580466380838
 20
29898.248656147043
 10
27523.580466380838
 20
29740.523669152066
 10
27447.662867301053
 20
29661.661175654583
 10
26840.32207466276
 20
29661.661175654583
 10
26726.44567604308
 20
29740.523669152066
 10
26726.44567604308
 20
30253.129876885727
 10
26802.363275122865
 20
30331.992370383214
 10
26954.198473282442
 20
30331.992370383214
 10
26992.157272822336
 20
30292.56112363447
 10
27030.116072362227
 20
30331.992370383214
 10
27219.910070061695
 20
30331.992370383214
 10
27219.910070061695
 20
30410.854863880697
 10
27106.033671442015
 20
30371.423617131954
 10
26802.363275122865
 20
30371.423617131954
 10
26726.44567604308
 20
30450.28611062944
 10
26726.44567604308
 20
31317.773539101785
 10
26878.28087420265
 20
31436.06727934801
 10
26916.239673742544
 20
31396.63603259927
 10
27599.498065460626
 20
31396.63603259927
 10
27637.456865000517
 20
31436.06727934801
 10
27713.37446408031
 20
31396.63603259927
 10
27941.127261319667
 20
31396.63603259927
 10
27979.08606085956
 20
31357.204785850525
 10
27979.08606085956
 20
30450.28611062944
 10
27941.127261319667
 20
30410.854863880697
 10
27827.250862699988
 20
30410.854863880697
 10
27827.250862699988
 20
30371.423617131954
 10
27979.08606085956
 20
30292.56112363447
 10
28092.96245947924
 20
30292.56112363447
 10
28130.921259019135
 20
30331.992370383214
 10
28244.797657638814
 20
30292.56112363447
 10
28282.756457178704
 20
30331.992370383214
 10
28586.426853497855
 20
30331.992370383214
 10
28586.426853497855
 20
30410.854863880697
 10
28472.550454878176
 20
30371.423617131954
 10
28130.921259019135
 20
30371.423617131954
 10
28055.003659939346
 20
30450.28611062944
 10
28055.003659939346
 20
31317.773539101785
 10
28130.921259019135
 20
31396.63603259927
 10
28320.7152567186
 20
31396.63603259927
 10
28358.674056258493
 20
31436.06727934801
 10
28700.303252117534
 20
31436.06727934801
 10
28738.262051657428
 20
31396.63603259927
 10
29003.97364843668
 20
31436.06727934801
 10
29041.93244797657
 20
31396.63603259927
 10
29269.685245215936
 20
31396.63603259927
 10
29345.60284429572
 20
31317.773539101785
 10
29345.60284429572
 20
30489.717357378184
 10
29269.685245215936
 20
30410.854863880697
 10
29193.767646136144
 20
30450.28611062944
 10
29193.767646136144
 20
30726.30483787064
 10
29193.767646136144
 20
30331.992370383214
 10
29307.644044755823
 20
30331.992370383214
 10
29345.60284429572
 20
30292.56112363447
 10
29459.4792429154
 20
30292.56112363447
 10
29497.438042455295
 20
30331.992370383214
 10
29877.026037854226
 20
30292.56112363447
 10
29952.94363693401
 20
30371.423617131954
 10
29952.94363693401
 20
30410.854863880697
 10
29914.98483739412
 20
30371.423617131954
 10
29535.39684199519
 20
30371.423617131954
 10
29421.520443375506
 20
30450.28611062944
 10
29421.520443375506
 20
31317.773539101785
 10
29497.438042455295
 20
31396.63603259927
 10
30636.202028652093
 20
31396.63603259927
 10
30712.119627731878
 20
31199.47979885556
 10
30712.119627731878
 20
31002.32356511184
 10
30674.160828191987
 20
30962.892318363098
 10
30674.160828191987
 20
30844.59857811687
 10
30712.119627731878
 20
30805.167331368128
 10
30674.160828191987
 20
30765.736084619384
 10
30674.160828191987
 20
30647.442344373158
 10
30712.119627731878
 20
30608.01109762441
 10
30636.202028652093
 20
30410.854863880697
 10
30522.325630032414
 20
30450.28611062944
 10
30522.325630032414
 20
30371.423617131954
 10
30636.202028652093
 20
30292.56112363447
 10
30788.03722681167
 20
30292.56112363447
 10
30825.996026351557
 20
30331.992370383214
 10
30863.95482589145
 20
30292.56112363447
 10
31243.542821290386
 20
30292.56112363447
 10
31281.50162083028
 20
30331.992370383214
 10
31281.50162083028
 20
30410.854863880697
 10
31205.584021750492
 20
30371.423617131954
 10
30863.95482589145
 20
30371.423617131954
 10
30750.078427271772
 20
30529.148604126927
 10
30750.078427271772
 20
31278.34229235304
 10
30825.996026351557
 20
31396.63603259927
 10
31926.801213008468
 20
31396.63603259927
 10
32002.718812088253
 20
31317.773539101785
 10
32002.718812088253
 20
30844.59857811687
 10
31964.760012548362
 20
30805.167331368128
 10
32002.718812088253
 20
30489.717357378184
 10
31964.760012548362
 20
30450.28611062944
 10
31888.842413468574
 20
30489.717357378184
 10
31888.842413468574
 20
30923.461071614354
 10
31850.88361392868
 20
30923.461071614354
 10
31850.88361392868
 20
30805.167331368128
 10
31888.842413468574
 20
30765.736084619384
 10
31888.842413468574
 20
30410.854863880697
 10
31850.88361392868
 20
30371.423617131954
 10
31888.842413468574
 20
30292.56112363447
 10
32002.718812088253
 20
30213.698630136987
 10
32002.718812088253
 20
29385.642448413386
 10
31964.760012548362
 20
29346.211201664642
 10
32002.718812088253
 20
29149.054967920925
 10
31926.801213008468
 20
29030.7612276747
 10
31812.92481438879
 20
29030.7612276747
 10
31699.04841576911
 20
28951.898734177215
 10
31585.17201714943
 20
28951.898734177215
 10
31547.213217609533
 20
28991.329980925955
 10
31433.336818989854
 20
28991.329980925955
 10
31395.37801944996
 20
28951.898734177215
 10
31319.460420370175
 20
28991.329980925955
 10
31243.542821290386
 20
29109.623721172182
 10
31129.666422670707
 20
28991.329980925955
 10
31053.748823590922
 20
29070.192474423442
 10
31053.748823590922
 20
29385.642448413386
 10
30977.831224511134
 20
29425.073695162126
 10
30939.872424971243
 20
29306.7799549159
 10
30977.831224511134
 20
29149.054967920925
 10
30863.95482589145
 20
28991.329980925955
 10
30788.03722681167
 20
28991.329980925955
 10
30712.119627731878
 20
29109.623721172182
 10
30712.119627731878
 20
29070.192474423442
 10
30560.284429572308
 20
28951.898734177215
 10
30294.572832793056
 20
28991.329980925955
 10
30180.696434173376
 20
29070.192474423442
 10
30066.82003555369
 20
28912.467487428472
 10
29990.902436473905
 20
28912.467487428472
 10
29914.98483739412
 20
29030.7612276747
 10
29687.23204015476
 20
28991.329980925955
 10
29649.273240614868
 20
28912.467487428472
 10
29573.35564153508
 20
28912.467487428472
 10
29383.561643835616
 20
29030.7612276747
 10
29345.60284429572
 20
29188.48621466967
 10
29307.644044755823
 20
28991.329980925955
 10
29193.767646136144
 20
28951.898734177215
 10
29079.891247516465
 20
29149.054967920925
 10
29079.891247516465
 20
29464.50494191087
 10
29041.93244797657
 20
29425.073695162126
 10
29041.93244797657
 20
28991.329980925955
 10
28966.014848896786
 20
28912.467487428472
 10
28814.179650737213
 20
28912.467487428472
 10
28776.220851197322
 20
28873.03624067973
 10
28586.426853497855
 20
28912.467487428472
 10
28548.468053957957
 20
28873.03624067973
 10
28548.468053957957
 20
28557.586266689785
 10
28700.303252117534
 20
28478.723773192298
 10
28776.220851197322
 20
28518.15501994104
 10
28966.014848896786
 20
28518.15501994104
 10
29003.97364843668
 20
28478.723773192298
 10
32723.93600334623
 20
28478.723773192298
 10
32761.89480288612
 20
28518.15501994104
 10
32799.85360242601
 20
28478.723773192298
 10
32989.64760012548
 20
28478.723773192298
 10
33027.606399665376
 20
28557.586266689785
 10
32989.64760012548
 20
29661.661175654583
 10
32420.265607027082
 20
29661.661175654583
 10
32344.348007947297
 20
29740.523669152066
 10
32458.224406566977
 20
29819.386162649556
 10
32306.3892084074
 20
29898.248656147043
 10
32306.3892084074
 20
30292.56112363447
 10
32420.265607027082
 20
30371.423617131954
 10
32306.3892084074
 20
30450.28611062944
 10
32306.3892084074
 20
30568.579850875667
 10
32382.306807487184
 20
30686.8735911219
 10
32306.3892084074
 20
30805.167331368128
 10
32306.3892084074
 20
31160.048552106815
 10
32382.306807487184
 20
31238.911045604298
 10
32496.183206106867
 20
31238.911045604298
 10
32534.14200564676
 20
31278.34229235304
 10
32610.059604726546
 20
31238.911045604298
 10
32648.01840426644
 20
31278.34229235304
 10
32382.306807487184
 20
31278.34229235304
 10
32344.348007947297
 20
31357.204785850525
 10
32382.306807487184
 20
31396.63603259927
 10
32761.89480288612
 20
31396.63603259927
 10
32837.81240196591
 20
31475.49852609676
 10
32799.85360242601
 20
31514.929772845502
 10
32837.81240196591
 20
31593.792266342985
 10
32799.85360242601
 20
31633.22351309173
 10
32799.85360242601
 20
31909.242240332926
 10
32837.81240196591
 20
31948.673487081673
 10
32799.85360242601
 20
32145.829720825386
 10
32572.100805186656
 20
32145.829720825386
 10
32496.183206106867
 20
32224.69221432287
 10
32496.183206106867
 20
34432.84203225247
 10
32572.100805186656
 20
34551.135772498696
 10
32799.85360242601
 20
34551.135772498696
 10
32837.81240196591
 20
34590.56701924744
 10
32837.81240196591
 20
35063.74198023236
 10
32913.7300010457
 20
35142.60447372984
 10
33407.1943950643
 20
35142.60447372984
 10
33521.07079368398
 20
34945.44823998613
 10
33596.98839276378
 20
34945.44823998613
 10
33596.98839276378
 20
35103.1732269811
 10
33634.94719230366
 20
35142.60447372984
 10
34697.79357942068
 20
35142.60447372984
 10
34811.66997804036
 20
35063.74198023236
 10
34811.66997804036
 20
34353.97953875498
 10
34849.628777580256
 20
34314.54829200624
 10
34735.75237896058
 20
34156.82330501127
 10
33634.94719230366
 20
34156.82330501127
 10
33559.02959322388
 20
34235.685798508755
 10
33634.94719230366
 20
34353.97953875498
 10
33483.11199414409
 20
34353.97953875498
 10
33483.11199414409
 20
34235.685798508755
 10
33445.1531946042
 20
34196.25455176001
 10
33483.11199414409
 20
33880.80457777007
 10
33521.07079368398
 20
33841.37333102133
 10
33596.98839276378
 20
33880.80457777007
 10
33559.02959322388
 20
33959.667071267555
 10
33710.86479138346
 20
34077.96081151378
 10
33900.65878908292
 20
34077.96081151378
 10
33938.617588622816
 20
34038.52956476504
 10
34052.493987242495
 20
34077.96081151378
 10
34128.41158632228
 20
34038.52956476504
 10
34735.75237896058
 20
34038.52956476504
 10
34849.628777580256
 20
33841.37333102133
 10
34811.66997804036
 20
33801.94208427258
 10
34811.66997804036
 20
33171.0421362927
 10
34735.75237896058
 20
33092.179642795214
 10
34280.24678448185
 20
33092.179642795214
 10
34242.28798494196
 20
33052.74839604647
 10
34204.329185402064
 20
33092.179642795214
 10
33976.576388162706
 20
33092.179642795214
 10
33938.617588622816
 20
33052.74839604647
 10
33862.69998954303
 20
33092.179642795214
 10
33634.94719230366
 20
33092.179642795214
 10
33559.02959322388
 20
33171.0421362927
 10
33634.94719230366
 20
33289.33587653893
 10
33521.07079368398
 20
33289.33587653893
 10
33445.1531946042
 20
33131.610889543954
 10
33483.11199414409
 20
33052.74839604647
 10
33445.1531946042
 20
33013.31714929773
 10
33483.11199414409
 20
32776.729668805274
 10
33596.98839276378
 20
32776.729668805274
 10
33634.94719230366
 20
32816.16091555401
 10
33559.02959322388
 20
32895.0234090515
 10
33634.94719230366
 20
32973.88590254898
 10
34735.75237896058
 20
32973.88590254898
 10
34811.66997804036
 20
32895.0234090515
 10
34811.66997804036
 20
32106.398474076643
 10
34735.75237896058
 20
31988.10473383041
 10
33634.94719230366
 20
31988.10473383041
 10
33559.02959322388
 20
32106.398474076643
 10
33672.90599184356
 20
32224.69221432287
 10
33559.02959322388
 20
32185.260967574126
 10
33521.07079368398
 20
32224.69221432287
 10
33445.1531946042
 20
32106.398474076643
 10
33483.11199414409
 20
31909.242240332926
 10
34659.83477988079
 20
31909.242240332926
 10
34811.66997804036
 20
31790.9485000867
 10
34773.71117850047
 20
31751.517253337955
 10
34773.71117850047
 20
31593.792266342985
 10
34697.79357942068
 20
31514.929772845502
 10
34697.79357942068
 20
31475.49852609676
 10
34773.71117850047
 20
31436.06727934801
 10
34811.66997804036
 20
31160.048552106815
 10
34735.75237896058
 20
31002.32356511184
 10
34621.8759803409
 20
31002.32356511184
 10
34735.75237896058
 20
30962.892318363098
 10
34811.66997804036
 20
30844.59857811687
 10
34697.79357942068
 20
30647.442344373158
 10
34773.71117850047
 20
30529.148604126927
 10
34773.71117850047
 20
30213.698630136987
 10
34697.79357942068
 20
30134.836136639497
 10
34811.66997804036
 20
29977.111149644526
 10
34811.66997804036
 20
29858.8174093983
 10
34697.79357942068
 20
29740.523669152066
 10
34811.66997804036
 20
29622.22992890584
 10
34811.66997804036
 20
29543.367435408356
 10
34773.71117850047
 20
29503.936188659613
 10
34773.71117850047
 20
29306.7799549159
 10
34659.83477988079
 20
29227.917461418416
 10
34583.917180801
 20
29267.34870816716
 10
34773.71117850047
 20
29149.054967920925
 10
34773.71117850047
 20
28951.898734177215
 10
34697.79357942068
 20
28873.03624067973
 10
34166.370385862174
 20
28873.03624067973
 10
34052.493987242495
 20
28912.467487428472
 10
34014.5351877026
 20
28557.586266689785
 10
34090.452786782385
 20
28478.723773192298
 10
35153.2991738994
 20
28478.723773192298
 10
35191.25797343929
 20
28518.15501994104
 10
35153.2991738994
 20
29503.936188659613
 10
35229.21677297919
 20
29622.22992890584
 10
35343.09317159887
 20
29622.22992890584
 10
35229.21677297919
 20
29622.22992890584
 10
35115.340374359504
 20
29740.523669152066
 10
35077.381574819614
 20
29858.8174093983
 10
35115.340374359504
 20
29977.111149644526
 10
35115.340374359504
 20
30450.28611062944
 10
35191.25797343929
 20
30529.148604126927
 10
35912.47516469727
 20
30529.148604126927
 10
35988.392763777054
 20
30450.28611062944
 10
35988.392763777054
 20
29306.7799549159
 10
35912.47516469727
 20
29070.192474423442
 10
35912.47516469727
 20
28636.44876018727
 10
35988.392763777054
 20
28478.723773192298
 10
38227.96193663076
 20
28478.723773192298
 10
38265.92073617065
 20
28439.292526443558
 10
38455.714733870125
 20
28478.723773192298
 10
38531.63233294991
 20
28557.586266689785
 10
38531.63233294991
 20
29543.367435408356
 10
38569.591132489804
 20
29622.22992890584
 10
38455.714733870125
 20
29701.09242240333
 10
38455.714733870125
 20
30292.56112363447
 10
38417.75593433023
 20
30331.992370383214
 10
38493.673533410016
 20
30489.717357378184
 10
39252.84952420788
 20
30489.717357378184
 10
39328.76712328767
 20
30410.854863880697
 10
39328.76712328767
 20
29267.34870816716
 10
39252.84952420788
 20
29149.054967920925
 10
39290.80832374778
 20
29030.7612276747
 10
39290.80832374778
 20
28794.173747182238
 10
39252.84952420788
 20
28754.742500433502
 10
39290.80832374778
 20
28715.311253684755
 10
39252.84952420788
 20
28597.017513438528
 10
39290.80832374778
 20
28518.15501994104
 10
40809.16030534351
 20
28518.15501994104
 10
40847.1191048834
 20
28478.723773192298
 10
40960.99550350307
 20
28478.723773192298
 10
40998.95430304298
 20
28518.15501994104
 10
41112.83070166265
 20
28478.723773192298
 10
41302.62469936212
 20
28478.723773192298
 10
41340.58349890201
 20
28518.15501994104
 10
41985.8830910802
 20
28518.15501994104
 10
42023.84189062009
 20
28478.723773192298
 10
43580.15267175573
 20
28439.292526443558
 10
43731.98786991529
 20
28360.43003294607
 10
43731.98786991529
 20
26073.41772151899
 10
43883.82306807487
 20
25876.26148777527
 10
43883.82306807487
 20
25048.20530605167
 10
43656.07027083551
 20
24772.186578810473
 10
43731.98786991529
 20
24732.75533206173
 10
44149.534664854116
 20
24732.75533206173
 10
44301.36986301369
 20
24614.4615918155
 10
44301.36986301369
 20
24338.442864574303
 10
44263.4110634738
 20
24299.01161782556
 10
44301.36986301369
 20
24259.580371076816
 10
44187.49346439401
 20
24141.286630830586
 10
43769.94666945518
 20
24141.286630830586
 10
43694.0290703754
 20
24101.855384081842
 10
43731.98786991529
 20
23983.561643835616
 10
43731.98786991529
 20
22840.055488122074
 10
43845.86426853498
 20
22761.192994624584
 10
43845.86426853498
 20
21854.2743194035
 10
43731.98786991529
 20
21775.411825906016
 10
43731.98786991529
 20
21578.255592162302
 10
43845.86426853498
 20
21499.393098664812
 10
43845.86426853498
 20
20592.47442344373
 10
43731.98786991529
 20
20474.1806831975
 10
43731.98786991529
 20
19370.105774232703
 10
43694.0290703754
 20
19291.243280735216
 10
43769.94666945518
 20
19212.380787237733
 10
44149.534664854116
 20
19212.380787237733
 10
44263.4110634738
 20
19133.518293740242
 10
44263.4110634738
 20
17950.58089127796
 10
44187.49346439401
 20
17871.718397780474
 10
43921.78186761476
 20
17871.718397780474
 10
43883.82306807487
 20
17832.287151031727
 10
43769.94666945518
 20
17871.718397780474
 10
43694.0290703754
 20
17713.9934107855
 10
43694.0290703754
 20
16609.918501820703
 10
43845.86426853498
 20
16452.19351482573
 10
43845.86426853498
 20
15624.13733310213
 10
43694.0290703754
 20
15466.41234610716
 10
43694.0290703754
 20
12548.500086700187
 10
43845.86426853498
 20
12390.775099705215
 10
43845.86426853498
 20
12272.481359458987
 10
43694.0290703754
 20
11957.031385469045
 10
43694.0290703754
 20
11838.737645222818
 10
43731.98786991529
 20
11799.306398474073
 10
43731.98786991529
 20
11681.012658227846
 10
43845.86426853498
 20
11483.856424484131
 10
43845.86426853498
 20
11365.562684237904
 10
43694.0290703754
 20
11207.837697242932
 10
43694.0290703754
 20
9748.881567539447
 10
43731.98786991529
 20
9670.019074041962
 10
43807.905468995086
 20
9630.587827293219
 10
43807.905468995086
 20
9354.56910005202
 10
43694.0290703754
 20
9078.550372810816
 10
43694.0290703754
 20
8920.825385815846
 10
43807.905468995086
 20
8723.669152072134
 10
43807.905468995086
 20
8526.512918328419
 10
43694.0290703754
 20
8408.219178082192
 10
43694.0290703754
 20
7343.575515866132
 10
43656.07027083551
 20
7304.144269117388
 10
43694.0290703754
 20
7264.713022368649
 10
43694.0290703754
 20
7146.419282122417
 10
43656.07027083551
 20
7106.988035373677
 10
43656.07027083551
 20
6712.675567886246
 10
43542.19387221582
 20
6633.813074388763
 10
43086.6882777371
 20
6633.813074388763
 10
43010.77067865732
 20
6673.244321137503
 10
42934.853079577544
 20
6594.38182764002
 10
42934.853079577544
 20
5608.600658921448
 10
42858.93548049774
 20
5490.30691867522
 10
42707.100282338186
 20
5490.30691867522
 10
42669.14148279827
 20
5450.875671926476
 10
42745.05908187807
 20
5411.444425177732
 10
43276.482275436574
 20
5411.444425177732
 10
43314.44107497646
 20
5372.013178428992
 10
43580.15267175573
 20
5490.30691867522
 10
46237.26863954826
 20
5490.30691867522
 10
46275.22743908815
 20
5450.875671926476
 10
46389.10383770784
 20
5450.875671926476
 10
46427.06263724773
 20
5490.30691867522
 10
46540.9390358674
 20
5450.875671926476
 10
46882.56823172644
 20
5490.30691867522
 10
46920.527031266334
 20
5450.875671926476
 10
47072.36222942591
 20
5450.875671926476
 10
47148.27982850569
 20
5372.013178428992
 10
47148.27982850569
 20
2256.9446852783053
 10
47072.36222942591
 20
2178.0821917808216
 10
45288.298651050914
 20
2178.0821917808216
 10
45250.339851511024
 20
2217.513438529561
 10
45022.587054271666
 20
2178.0821917808216
 10
44984.628254731775
 20
2059.78845153459
 10
45022.587054271666
 20
2020.3572047858504
 10
44984.628254731775
 20
1980.9259580371065
 10
45022.587054271666
 20
1941.4947112883624
 10
45022.587054271666
 20
1823.200971042135
 10
44984.628254731775
 20
1783.7697242933912
 10
45022.587054271666
 20
1744.338477544647
 10
45022.587054271666
 20
1389.457256805965
 10
44984.628254731775
 20
1350.0260100572211
 10
44984.628254731775
 20
1192.3010230622497
 10
45022.587054271666
 20
1152.8697763135058
 10
45022.587054271666
 20
285.38234784116565
 10
44984.628254731775
 20
245.95110109242165
 10
44984.628254731775
 20
127.65736084619431
 10
44908.710655651994
 20
48.794867348706305
 10
44339.328662553584
 20
88.2261140974503
 10
44225.45226393391
 20
167.08860759493365
 10
44263.4110634738
 20
285.38234784116565
 10
44225.45226393391
 20
640.2635685798476
 10
44225.45226393391
 20
443.107334836137
 10
44149.534664854116
 20
324.813594589905
 10
43921.78186761476
 20
324.813594589905
 10
43959.74066715465
 20
285.38234784116565
 10
44149.534664854116
 20
285.38234784116565
 10
44225.45226393391
 20
206.51985434367765
 10
44187.49346439401
 20
127.65736084619431
 10
43997.699466694554
 20
48.794867348706305
 10
43921.78186761476
 20
127.65736084619431
 10
43807.905468995086
 20
127.65736084619431
 10
43769.94666945518
 20
167.08860759493365
 10
43769.94666945518
 20
245.95110109242165
 10
43845.86426853498
 20
285.38234784116565
 10
43845.86426853498
 20
324.813594589905
 10
43731.98786991529
 20
403.676088087393
 10
43731.98786991529
 20
679.6948153285916
 10
43618.11147129562
 20
758.5573088260796
 10
43580.15267175573
 20
876.851049072307
 10
43580.15267175573
 20
1507.7509970521924
 10
43580.15267175573
 20
758.5573088260796
 10
43504.23507267593
 20
679.6948153285916
 10
43390.35867405626
 20
679.6948153285916
 10
43276.482275436574
 20
876.851049072307
 10
43276.482275436574
 20
3361.0195942431046
 10
43352.39987451637
 20
3518.744581238076
 10
43542.19387221582
 20
3518.744581238076
 10
43618.11147129562
 20
3242.725853996877
 10
43618.11147129562
 20
3518.744581238076
 10
43694.0290703754
 20
3597.607074735564
 10
43883.82306807487
 20
3597.607074735564
 10
43618.11147129562
 20
3597.607074735564
 10
43466.27627313604
 20
3715.900814981791
 10
43466.27627313604
 20
4307.3695162129325
 10
43504.23507267593
 20
4346.800762961677
 10
43466.27627313604
 20
4465.0945032079035
 10
43390.35867405626
 20
4504.525749956648
 10
43276.482275436574
 20
4465.0945032079035
 10
43314.44107497646
 20
4346.800762961677
 10
43314.44107497646
 20
3913.0570487255063
 10
43238.52347589668
 20
3794.763308479279
 10
43010.77067865732
 20
3794.763308479279
 10
42934.853079577544
 20
3637.0383214843077
 10
42972.811879117435
 20
3597.607074735564
 10
42972.811879117435
 20
2848.4133865094464
 10
42858.93548049774
 20
2690.6883995144753
 10
42972.811879117435
 20
2690.6883995144753
 10
43048.72947819721
 20
2611.8259060169917
 10
43048.72947819721
 20
2335.807178775793
 10
42896.89428003763
 20
2256.9446852783053
 10
42213.63588831956
 20
2296.375932027049
 10
42137.718289239776
 20
2375.2384255245324
 10
42137.718289239776
 20
3045.5696202531617
 10
42213.63588831956
 20
3124.43211375065
 10
42289.55348739935
 20
3124.43211375065
 10
42175.67708877967
 20
3361.0195942431046
 10
42175.67708877967
 20
3715.900814981791
 10
42137.718289239776
 20
3794.763308479279
 10
39556.519920527026
 20
3794.763308479279
 10
39328.76712328767
 20
3873.6258019767624
 10
39290.80832374778
 20
3834.1945552280185
 10
39290.80832374778
 20
3558.17582798682
 10
39404.684722367456
 20
3361.0195942431046
 10
39366.72592282756
 20
3242.725853996877
 10
39404.684722367456
 20
3203.294607248133
 10
39404.684722367456
 20
2414.6696722732763
 10
39366.72592282756
 20
2375.2384255245324
 10
39366.72592282756
 20
1704.9072307959077
 10
39290.80832374778
 20
1626.0447372984197
 10
37127.15674997385
 20
1665.4759840471638
 10
37051.23915089407
 20
1862.6322177908792
 10
37089.19795043396
 20
1941.4947112883624
 10
37051.23915089407
 20
1980.9259580371065
 10
37051.23915089407
 20
2611.8259060169917
 10
37089.19795043396
 20
2651.257152765736
 10
37089.19795043396
 20
3242.725853996877
 10
37051.23915089407
 20
3321.5883474943653
 10
37089.19795043396
 20
3361.0195942431046
 10
37089.19795043396
 20
3479.3133344893367
 10
37165.11554951375
 20
3558.17582798682
 10
38493.673533410016
 20
3558.17582798682
 10
38569.591132489804
 20
3715.900814981791
 10
38531.63233294991
 20
3834.1945552280185
 10
36899.403952734494
 20
3834.1945552280185
 10
36861.4451531946
 20
3794.763308479279
 10
36747.568754574924
 20
3794.763308479279
 10
36747.568754574924
 20
2887.8446332581907
 10
36709.609955035026
 20
2808.982139760707
 10
36823.486353654705
 20
2730.1196462632192
 10
36823.486353654705
 20
1744.338477544647
 10
36747.568754574924
 20
1665.4759840471638
 10
36064.31036285684
 20
1665.4759840471638
 10
35988.392763777054
 20
1744.338477544647
 10
35988.392763777054
 20
2099.219698283334
 10
35912.47516469727
 20
2178.0821917808216
 10
35760.639966537696
 20
2178.0821917808216
 10
35722.6811669978
 20
2099.219698283334
 10
35722.6811669978
 20
245.95110109242165
 10
35646.76356791802
 20
167.08860759493365
 10
34887.587577120146
 20
167.08860759493365
 10
34811.66997804036
 20
245.95110109242165
 10
34811.66997804036
 20
2808.982139760707
 10
34925.54637666004
 20
2966.7071267556785
 10
34925.54637666004
 20
3163.863360499394
 10
34963.505176199935
 20
3242.725853996877
 10
35115.340374359504
 20
3361.0195942431046
 10
35305.13437205897
 20
3361.0195942431046
 10
35456.96957021855
 20
3203.294607248133
 10
35532.88716929834
 20
3203.294607248133
 10
35684.72236745791
 20
3321.5883474943653
 10
35988.392763777054
 20
3321.5883474943653
 10
35988.392763777054
 20
3794.763308479279
 10
35950.433964237156
 20
3834.1945552280185
 10
33862.69998954303
 20
3834.1945552280185
 10
33862.69998954303
 20
3637.0383214843077
 10
33938.617588622816
 20
3558.17582798682
 10
34507.99958172122
 20
3558.17582798682
 10
34583.917180801
 20
3439.8820877405924
 10
34583.917180801
 20
324.813594589905
 10
34470.04078218132
 20
167.08860759493365
 10
32837.81240196591
 20
167.08860759493365
 10
32761.89480288612
 20
245.95110109242165
 10
32761.89480288612
 20
679.6948153285916
 10
32685.977203806335
 20
758.5573088260796
 10
32572.100805186656
 20
719.1260620773356
 10
32420.265607027082
 20
837.419802323563
 10
32420.265607027082
 20
2848.4133865094464
 10
32496.183206106867
 20
2927.2758800069346
 10
32685.977203806335
 20
2927.2758800069346
 10
32761.89480288612
 20
3006.1383735044224
 10
32761.89480288612
 20
3518.744581238076
 10
32799.85360242601
 20
3558.17582798682
 10
33065.565199205266
 20
3558.17582798682
 10
33141.482798285055
 20
3597.607074735564
 10
33141.482798285055
 20
3873.6258019767624
 10
33027.606399665376
 20
3834.1945552280185
 10
25359.928892606917
 20
3873.6258019767624
 10
25284.01129352713
 20
3952.4882954742507
 10
25284.01129352713
 20
4622.819490202875
 10
25170.134894907453
 20
4701.681983700363
 10
25056.258496287774
 20
4701.681983700363
 10
24980.340897207985
 20
4662.250736951619
 10
24980.340897207985
 20
4583.388243454136
 10
25018.29969674788
 20
4543.956996705392
 10
25018.29969674788
 20
3558.17582798682
 10
25094.217295827664
 20
3479.3133344893367
 10
25359.928892606917
 20
3558.17582798682
 10
26157.06368294468
 20
3558.17582798682
 10
26308.898881104255
 20
3637.0383214843077
 10
26460.734079263828
 20
3637.0383214843077
 10
26498.69287880372
 20
3597.607074735564
 10
27295.82766914148
 20
3597.607074735564
 10
27333.786468681374
 20
3558.17582798682
 10
27371.745268221268
 20
3597.607074735564
 10
27561.539265920732
 20
3597.607074735564
 10
27599.498065460626
 20
3558.17582798682
 10
27675.41566454041
 20
3597.607074735564
 10
27827.250862699988
 20
3597.607074735564
 10
27865.209662239882
 20
3558.17582798682
 10
27941.127261319667
 20
3597.607074735564
 10
28055.003659939346
 20
3597.607074735564
 10
28092.96245947924
 20
3558.17582798682
 10
28206.83885809892
 20
3558.17582798682
 10
28244.797657638814
 20
3597.607074735564
 10
28472.550454878176
 20
3558.17582798682
 10
28510.50925441807
 20
3597.607074735564
 10
28624.38565303775
 20
3597.607074735564
 10
28662.34445257764
 20
3558.17582798682
 10
28776.220851197322
 20
3597.607074735564
 10
29041.93244797657
 20
3558.17582798682
 10
29155.808846596254
 20
3597.607074735564
 10
29231.72644567604
 20
3518.744581238076
 10
29231.72644567604
 20
3321.5883474943653
 10
29117.85004705636
 20
3124.43211375065
 10
29003.97364843668
 20
3163.863360499394
 10
28776.220851197322
 20
3045.5696202531617
 10
28700.303252117534
 20
3203.294607248133
 10
28700.303252117534
 20
3085.000867001906
 10
28624.38565303775
 20
3006.1383735044224
 10
28738.262051657428
 20
2848.4133865094464
 10
28700.303252117534
 20
2454.1009190220207
 10
28586.426853497855
 20
2335.807178775793
 10
28510.50925441807
 20
2335.807178775793
 10
28434.591655338278
 20
2414.6696722732763
 10
28320.7152567186
 20
2335.807178775793
 10
28206.83885809892
 20
2335.807178775793
 10
28168.880058559025
 20
2375.2384255245324
 10
28055.003659939346
 20
2335.807178775793
 10
27827.250862699988
 20
2375.2384255245324
 10
27789.292063160094
 20
2335.807178775793
 10
27675.41566454041
 20
2335.807178775793
 10
27637.456865000517
 20
2375.2384255245324
 10
27409.70406776116
 20
2335.807178775793
 10
27295.82766914148
 20
2375.2384255245324
 10
27257.868869601585
 20
2296.375932027049
 10
27257.868869601585
 20
1902.0634645396185
 10
27295.82766914148
 20
1862.6322177908792
 10
27523.580466380838
 20
1902.0634645396185
 10
27561.539265920732
 20
1862.6322177908792
 10
27675.41566454041
 20
1902.0634645396185
 10
27827.250862699988
 20
1902.0634645396185
 10
27865.209662239882
 20
1862.6322177908792
 10
28055.003659939346
 20
1902.0634645396185
 10
28092.96245947924
 20
1862.6322177908792
 10
28206.83885809892
 20
1862.6322177908792
 10
28282.756457178704
 20
1902.0634645396185
 10
28396.63285579839
 20
1823.200971042135
 10
28396.63285579839
 20
1626.0447372984197
 10
28434.591655338278
 20
1586.6134905496758
 10
28434.591655338278
 20
1783.7697242933912
 10
28548.468053957957
 20
1902.0634645396185
 10
28624.38565303775
 20
1902.0634645396185
 10
28700.303252117534
 20
1823.200971042135
 10
28852.138450277107
 20
1902.0634645396185
 10
28890.097249817
 20
1862.6322177908792
 10
29231.72644567604
 20
1862.6322177908792
 10
29269.685245215936
 20
1823.200971042135
 10
29307.644044755823
 20
1862.6322177908792
 10
29535.39684199519
 20
1823.200971042135
 10
29649.273240614868
 20
1902.0634645396185
 10
29801.10843877444
 20
1823.200971042135
 10
29952.94363693401
 20
1902.0634645396185
 10
30066.82003555369
 20
1823.200971042135
 10
30180.696434173376
 20
1902.0634645396185
 10
30332.531632332946
 20
1823.200971042135
 10
30332.531632332946
 20
1704.9072307959077
 10
30332.531632332946
 20
1823.200971042135
 10
30446.408030952625
 20
1902.0634645396185
 10
30598.2432291122
 20
1823.200971042135
 10
30674.160828191987
 20
1862.6322177908792
 10
30674.160828191987
 20
2138.6509450320777
 10
30598.2432291122
 20
2178.0821917808216
 10
30446.408030952625
 20
2099.219698283334
 10
30332.531632332946
 20
2256.9446852783053
 10
30256.61403325316
 20
2138.6509450320777
 10
30104.778835093588
 20
2138.6509450320777
 10
30066.82003555369
 20
2178.0821917808216
 10
29990.902436473905
 20
2138.6509450320777
 10
29573.35564153508
 20
2138.6509450320777
 10
29535.39684199519
 20
2178.0821917808216
 10
29459.4792429154
 20
2138.6509450320777
 10
29345.60284429572
 20
2138.6509450320777
 10
29307.644044755823
 20
2178.0821917808216
 10
29041.93244797657
 20
2138.6509450320777
 10
28966.014848896786
 20
2217.513438529561
 10
28966.014848896786
 20
2454.1009190220207
 10
28966.014848896786
 20
2217.513438529561
 10
28890.097249817
 20
2138.6509450320777
 10
28776.220851197322
 20
2138.6509450320777
 10
28738.262051657428
 20
2178.0821917808216
 10
28738.262051657428
 20
2296.375932027049
 10
28700.303252117534
 20
2335.807178775793
 10
28890.097249817
 20
2651.257152765736
 10
28966.014848896786
 20
2611.8259060169917
 10
28966.014848896786
 20
2532.963412519504
 10
28966.014848896786
 20
2769.550893011963
 10
29079.891247516465
 20
2848.4133865094464
 10
29307.644044755823
 20
2808.982139760707
 10
29345.60284429572
 20
2887.8446332581907
 10
29269.685245215936
 20
2966.7071267556785
 10
29231.72644567604
 20
3124.43211375065
 10
29269.685245215936
 20
3163.863360499394
 10
29307.644044755823
 20
3479.3133344893367
 10
29383.561643835616
 20
3558.17582798682
 10
29611.314441074974
 20
3558.17582798682
 10
29687.23204015476
 20
3597.607074735564
 10
29801.10843877444
 20
3518.744581238076
 10
29914.98483739412
 20
3597.607074735564
 10
30028.861236013803
 20
3558.17582798682
 10
30256.61403325316
 20
3597.607074735564
 10
30294.572832793056
 20
3558.17582798682
 10
30408.449231412735
 20
3558.17582798682
 10
30446.408030952625
 20
3597.607074735564
 10
30674.160828191987
 20
3558.17582798682
 10
30712.119627731878
 20
3597.607074735564
 10
32040.677611628147
 20
3597.607074735564
 10
32116.595210707932
 20
3518.744581238076
 10
32116.595210707932
 20
837.419802323563
 10
32040.677611628147
 20
719.1260620773356
 10
32040.677611628147
 20
443.107334836137
 10
31888.842413468574
 20
364.244841338649
 10
30712.119627731878
 20
364.244841338649
 10
30636.202028652093
 20
443.107334836137
 10
30560.284429572308
 20
403.676088087393
 10
30408.449231412735
 20
403.676088087393
 10
30370.49043187284
 20
443.107334836137
 10
30256.61403325316
 20
403.676088087393
 10
30104.778835093588
 20
403.676088087393
 10
30066.82003555369
 20
443.107334836137
 10
29990.902436473905
 20
403.676088087393
 10
29839.067238314332
 20
403.676088087393
 10
29801.10843877444
 20
443.107334836137
 10
29725.190839694653
 20
403.676088087393
 10
29573.35564153508
 20
403.676088087393
 10
29535.39684199519
 20
443.107334836137
 10
29459.4792429154
 20
403.676088087393
 10
29345.60284429572
 20
403.676088087393
 10
29307.644044755823
 20
443.107334836137
 10
29193.767646136144
 20
403.676088087393
 10
29041.93244797657
 20
403.676088087393
 10
29003.97364843668
 20
443.107334836137
 10
28928.056049356892
 20
403.676088087393
 10
28776.220851197322
 20
403.676088087393
 10
28738.262051657428
 20
443.107334836137
 10
28624.38565303775
 20
403.676088087393
 10
28472.550454878176
 20
403.676088087393
 10
28434.591655338278
 20
443.107334836137
 10
28358.674056258493
 20
403.676088087393
 10
28206.83885809892
 20
403.676088087393
 10
28168.880058559025
 20
443.107334836137
 10
27941.127261319667
 20
403.676088087393
 10
27903.168461779773
 20
443.107334836137
 10
27903.168461779773
 20
758.5573088260796
 10
27865.209662239882
 20
482.53858158487634
 10
27789.292063160094
 20
403.676088087393
 10
27675.41566454041
 20
403.676088087393
 10
27599.498065460626
 20
521.9698283336203
 10
27523.580466380838
 20
403.676088087393
 10
27371.745268221268
 20
403.676088087393
 10
27333.786468681374
 20
443.107334836137
 10
27257.868869601585
 20
403.676088087393
 10
25359.928892606917
 20
403.676088087393
 10
25284.01129352713
 20
482.53858158487634
 10
25284.01129352713
 20
600.8323218311083
 10
25246.052493987238
 20
640.2635685798476
 10
25246.052493987238
 20
2414.6696722732763
 10
25321.97009306703
 20
2532.963412519504
 10
25284.01129352713
 20
2572.394659268248
 10
25056.258496287774
 20
2572.394659268248
 10
25018.29969674788
 20
2532.963412519504
 10
25018.29969674788
 20
2414.6696722732763
 10
24866.464498588306
 20
2296.375932027049
 10
24410.958904109586
 20
2296.375932027049
 10
24373.00010456969
 20
2335.807178775793
 10
21260.37854229844
 20
2335.807178775793
 10
21222.419742758546
 20
2375.2384255245324
 10
21108.543344138867
 20
2375.2384255245324
 10
21032.62574505908
 20
2296.375932027049
 10
21070.584544598973
 20
2178.0821917808216
 10
21032.62574505908
 20
2138.6509450320777
 10
21032.62574505908
 20
1980.9259580371065
 10
21070.584544598973
 20
1941.4947112883624
 10
21032.62574505908
 20
1823.200971042135
 10
21070.584544598973
 20
640.2635685798476
 10
20994.666945519188
 20
482.53858158487634
 10
21032.62574505908
 20
403.676088087393
 10
21032.62574505908
 20
285.38234784116565
 10
20994.666945519188
 20
245.95110109242165
 10
18717.138973125584
 20
245.95110109242165
 10
18641.2213740458
 20
324.813594589905
 10
18679.180173585693
 20
482.53858158487634
 10
18603.262574505905
 20
640.2635685798476
 10
18641.2213740458
 20
3834.1945552280185
 10
18793.056572205373
 20
3913.0570487255063
 10
20425.284952420785
 20
3913.0570487255063
 10
20463.24375196068
 20
3873.6258019767624
 10
20653.037749660143
 20
3913.0570487255063
 10
20690.99654920004
 20
3873.6258019767624
 10
20994.666945519188
 20
3873.6258019767624
 10
21070.584544598973
 20
3755.3320617305353
 10
21032.62574505908
 20
3361.0195942431046
 10
21260.37854229844
 20
3400.4508409918485
 10
21298.33734183833
 20
3439.8820877405924
 10
21298.33734183833
 20
3991.91954222299
 10
21374.254940918123
 20
4070.782035720478
 10
22361.183728955348
 20
4031.350788971734
 10
22437.101328035133
 20
4110.213282469222
 10
22437.101328035133
 20
4543.956996705392
 10
22475.060127575027
 20
4662.250736951619
 10
22399.142528495242
 20
4701.681983700363
 10
22247.30733033567
 20
4662.250736951619
 10
22209.348530795774
 20
4622.819490202875
 10
22209.348530795774
 20
4425.663256459165
 10
22095.47213217609
 20
4307.3695162129325
 10
21336.296141378225
 20
4307.3695162129325
 10
21260.37854229844
 20
4346.800762961677
 10
21184.46094321865
 20
4465.0945032079035
 10
21260.37854229844
 20
4741.1132304491075
 10
20425.284952420785
 20
4741.1132304491075
 10
20387.32615288089
 20
4780.544477197846
 10
20273.44975426121
 20
4741.1132304491075
 10
20121.61455610164
 20
4741.1132304491075
 10
20083.655756561748
 20
4780.544477197846
 10
19893.86175886228
 20
4741.1132304491075
 10
19779.985360242597
 20
4819.975723946591
 10
19704.067761162813
 20
4741.1132304491075
 10
19628.150162083024
 20
4741.1132304491075
 10
19552.23256300324
 20
4819.975723946591
 10
19438.35616438356
 20
4741.1132304491075
 10
17502.457387849
 20
4741.1132304491075
 10
17464.498588309107
 20
4780.544477197846
 10
16895.116595210708
 20
4780.544477197846
 10
16781.240196591025
 20
4741.1132304491075
 10
16781.240196591025
 20
4267.938269464194
 10
16743.281397051134
 20
4228.507022715449
 10
16743.281397051134
 20
2848.4133865094464
 10
16781.240196591025
 20
2808.982139760707
 10
16743.281397051134
 20
2769.550893011963
 10
16781.240196591025
 20
2651.257152765736
 10
18299.592178186762
 20
2611.8259060169917
 10
18375.509777266547
 20
2532.963412519504
 10
18375.509777266547
 20
2375.2384255245324
 10
18299.592178186762
 20
2296.375932027049
 10
17730.21018508836
 20
2296.375932027049
 10
17692.251385548465
 20
2256.9446852783053
 10
17502.457387849
 20
2256.9446852783053
 10
17464.498588309107
 20
2296.375932027049
 10
12491.895848583079
 20
2296.375932027049
 10
12453.937049043185
 20
2256.9446852783053
 10
8885.809892293211
 20
2296.375932027049
 10
8544.180696434172
 20
2572.394659268248
 10
8506.221896894278
 20
2651.257152765736
 10
8354.386698734706
 20
2730.1196462632192
 10
8240.510300115027
 20
2887.8446332581907
 10
8050.716302415559
 20
3006.1383735044224
 10
7898.881104255985
 20
3203.294607248133
 10
7595.210707936839
 20
3400.4508409918485
 10
7898.881104255985
 20
3085.000867001906
 10
8392.345498274599
 20
2690.6883995144753
 10
8771.933493673532
 20
2217.513438529561
 10
18071.8393809474
 20
2217.513438529561
 10
18109.79818048729
 20
2178.0821917808216
 10
18223.674579106973
 20
2217.513438529561
 10
18375.509777266547
 20
2099.219698283334
 10
18375.509777266547
 20
561.4010750823643
 10
18299.592178186762
 20
482.53858158487634
 10
13858.412632019239
 20
482.53858158487634
 10
13744.53623339956
 20
600.8323218311083
 10
13744.53623339956
 20
1271.1635165597331
 10
13706.577433859668
 20
1310.594763308477
 10
12909.442643521905
 20
1310.594763308477
 10
12833.525044442118
 20
1192.3010230622497
 10
12833.525044442118
 20
561.4010750823643
 10
12681.689846282547
 20
482.53858158487634
 10
11087.420265607027
 20
482.53858158487634
 10
11049.461466067132
 20
521.9698283336203
 10
10669.873470668199
 20
521.9698283336203
 10
10631.914671128307
 20
561.4010750823643
 10
10631.914671128307
 20
1271.1635165597331
 10
10593.95587158841
 20
1310.594763308477
 10
8885.809892293211
 20
1310.594763308477
 10
8847.851092753319
 20
1350.0260100572211
 10
8658.057095053853
 20
1350.0260100572211
 10
7974.798703335772
 20
2020.3572047858504
 10
7747.045906096412
 20
2178.0821917808216
 10
7633.169507476732
 20
2335.807178775793
 10
7443.3755097772655
 20
2454.1009190220207
 10
7177.663912998012
 20
2690.6883995144753
 10
7063.787514378332
 20
2848.4133865094464
 10
6798.075917599079
 20
3045.5696202531617
 10
6760.1171180591855
 20
3124.43211375065
 10
5507.476733242705
 20
4228.507022715449
 10
5507.476733242705
 20
5174.856944685277
 10
5545.435532782598
 20
5214.288191434021
 10
5659.311931402279
 20
5174.856944685277
 10
5887.064728641639
 20
4938.269464192818
 10
6038.899926801212
 20
4859.406970695334
 10
6304.6115235804655
 20
4543.956996705392
 10
6456.446721740039
 20
4425.663256459165
 10
6456.446721740039
 20
4465.0945032079035
 10
6228.693924500679
 20
4662.250736951619
 10
6152.776325420892
 20
4780.544477197846
 10
6000.941127261319
 20
4859.406970695334
 10
5697.270730942172
 20
5214.288191434021
 10
5621.353131862385
 20
5214.288191434021
 10
5317.682735543238
 20
5569.169412172703
 10
5317.682735543238
 20
5884.619386162646
 10
5279.723936003345
 20
5924.05063291139
 10
5279.723936003345
 20
6909.831801629962
 10
5355.641535083131
 20
6949.263048378706
 10
5469.517933702812
 20
6830.969308132474
 10
5545.435532782598
 20
6830.969308132474
 10
5545.435532782598
 20
6988.694295127445
 10
5659.311931402279
 20
7067.556788624934
 10
5659.311931402279
 20
7106.988035373677
 10
5545.435532782598
 20
7146.419282122417
 10
5583.394332322492
 20
7264.713022368649
 10
5545.435532782598
 20
7343.575515866132
 10
5545.435532782598
 20
7461.86925611236
 10
5583.394332322492
 20
7501.300502861103
 10
5545.435532782598
 20
7540.731749609848
 10
5583.394332322492
 20
7659.025489856075
 10
5545.435532782598
 20
7856.1817235997905
 10
5621.353131862385
 20
7935.044217097274
 10
5659.311931402279
 20
7895.612970348534
 10
5773.188330021959
 20
7935.044217097274
 10
5621.353131862385
 20
7935.044217097274
 10
5545.435532782598
 20
8013.9067105947615
 10
5621.353131862385
 20
8132.200450840989
 10
5545.435532782598
 20
8250.49419108722
 10
5659.311931402279
 20
8329.356684584704
 10
5545.435532782598
 20
8408.219178082192
 10
5545.435532782598
 20
8487.081671579675
 10
5659.311931402279
 20
8565.944165077164
 10
5583.394332322492
 20
8605.375411825902
 10
5583.394332322492
 20
8684.23790532339
 10
5735.229530482065
 20
8763.100398820874
 10
5773.188330021959
 20
8723.669152072134
 10
5962.9823277214255
 20
8723.669152072134
 10
6000.941127261319
 20
8644.806658574647
 10
5925.023528181531
 20
8565.944165077164
 10
5849.1059291017455
 20
8565.944165077164
 10
5962.9823277214255
 20
8487.081671579675
 10
6076.8587263411055
 20
8487.081671579675
 10
6114.817525880998
 20
8565.944165077164
 10
6038.899926801212
 20
8605.375411825902
 10
6076.8587263411055
 20
8723.669152072134
 10
6380.529122660252
 20
8763.100398820874
 10
6456.446721740039
 20
8684.23790532339
 10
6456.446721740039
 20
8605.375411825902
 10
6380.529122660252
 20
8526.512918328419
 10
6456.446721740039
 20
8447.650424830932
 10
6418.4879222001455
 20
8329.356684584704
 10
6456.446721740039
 20
8211.062944338477
 10
6380.529122660252
 20
8132.200450840989
 10
6304.6115235804655
 20
8171.6316975897325
 10
6266.652724040572
 20
8132.200450840989
 10
6076.8587263411055
 20
8171.6316975897325
 10
6038.899926801212
 20
8250.49419108722
 10
6114.817525880998
 20
8329.356684584704
 10
6038.899926801212
 20
8408.219178082192
 10
5925.023528181531
 20
8329.356684584704
 10
6000.941127261319
 20
8250.49419108722
 10
5925.023528181531
 20
8132.200450840989
 10
6000.941127261319
 20
8013.9067105947615
 10
5925.023528181531
 20
7935.044217097274
 10
5849.1059291017455
 20
7935.044217097274
 10
6000.941127261319
 20
7816.750476851046
 10
5887.064728641639
 20
7737.887983353563
 10
6000.941127261319
 20
7619.594243107331
 10
5925.023528181531
 20
7501.300502861103
 10
6000.941127261319
 20
7383.006762614876
 10
5925.023528181531
 20
7304.144269117388
 10
5962.9823277214255
 20
7146.419282122417
 10
5887.064728641639
 20
7106.988035373677
 10
5887.064728641639
 20
7067.556788624934
 10
5962.9823277214255
 20
7028.125541876189
 10
6152.776325420892
 20
7067.556788624934
 10
6152.776325420892
 20
7106.988035373677
 10
6038.899926801212
 20
7185.85052887116
 10
6076.8587263411055
 20
7264.713022368649
 10
6038.899926801212
 20
7422.43800936362
 10
6114.817525880998
 20
7501.300502861103
 10
6190.7351249607855
 20
7501.300502861103
 10
6114.817525880998
 20
7501.300502861103
 10
6038.899926801212
 20
7580.162996358591
 10
6114.817525880998
 20
7698.456736604819
 10
6038.899926801212
 20
7816.750476851046
 10
6190.7351249607855
 20
7935.044217097274
 10
6114.817525880998
 20
7935.044217097274
 10
6038.899926801212
 20
8053.337957343506
 10
6152.776325420892
 20
8132.200450840989
 10
6380.529122660252
 20
8092.769204092249
 10
6456.446721740039
 20
7974.475463846017
 10
6380.529122660252
 20
7895.612970348534
 10
6304.6115235804655
 20
7935.044217097274
 10
6266.652724040572
 20
7895.612970348534
 10
6380.529122660252
 20
7895.612970348534
 10
6456.446721740039
 20
7816.750476851046
 10
6418.4879222001455
 20
7777.319230102302
 10
6456.446721740039
 20
7580.162996358591
 10
6380.529122660252
 20
7501.300502861103
 10
6456.446721740039
 20
7383.006762614876
 10
6380.529122660252
 20
7264.713022368649
 10
6266.652724040572
 20
7264.713022368649
 10
6418.4879222001455
 20
7264.713022368649
 10
6456.446721740039
 20
7225.281775619905
 10
6418.4879222001455
 20
7106.988035373677
 10
6494.405521279932
 20
6791.538061383735
 10
6608.281919899612
 20
6752.106814634991
 10
6608.281919899612
 20
7501.300502861103
 10
6494.405521279932
 20
7619.594243107331
 10
6608.281919899612
 20
7698.456736604819
 10
6608.281919899612
 20
7777.319230102302
 10
6532.364320819825
 20
7816.750476851046
 10
6532.364320819825
 20
7856.1817235997905
 10
6608.281919899612
 20
7895.612970348534
 10
6608.281919899612
 20
8802.531645569617
 10
6532.364320819825
 20
8841.962892318363
 10
6646.2407194395055
 20
8920.825385815846
 10
6646.2407194395055
 20
9039.119126062078
 10
6456.446721740039
 20
9117.981619559561
 10
6456.446721740039
 20
9039.119126062078
 10
6380.529122660252
 20
8960.25663256459
 10
6190.7351249607855
 20
8960.25663256459
 10
6114.817525880998
 20
9078.550372810816
 10
6380.529122660252
 20
9157.412866308305
 10
6228.693924500679
 20
9275.706606554531
 10
6152.776325420892
 20
9236.275359805788
 10
6076.8587263411055
 20
9315.137853303277
 10
6076.8587263411055
 20
9394.00034680076
 10
5962.9823277214255
 20
9433.431593549503
 10
5887.064728641639
 20
9551.725333795732
 10
5811.147129561852
 20
9512.294087046992
 10
5773.188330021959
 20
9394.00034680076
 10
5545.435532782598
 20
9394.00034680076
 10
5469.517933702812
 20
9433.431593549503
 10
5431.559134162919
 20
9315.137853303277
 10
5431.559134162919
 20
8644.806658574647
 10
5355.641535083131
 20
8447.650424830932
 10
5355.641535083131
 20
8368.787931333449
 10
5431.559134162919
 20
8250.49419108722
 10
5431.559134162919
 20
8132.200450840989
 10
5393.600334623025
 20
8092.769204092249
 10
5431.559134162919
 20
8013.9067105947615
 10
5393.600334623025
 20
7935.044217097274
 10
5431.559134162919
 20
7895.612970348534
 10
5431.559134162919
 20
7580.162996358591
 10
5393.600334623025
 20
7540.731749609848
 10
5393.600334623025
 20
7067.556788624934
 10
5317.682735543238
 20
7028.125541876189
 10
5279.723936003345
 20
7067.556788624934
 10
5279.723936003345
 20
7659.025489856075
 10
5241.765136463452
 20
7698.456736604819
 10
5279.723936003345
 20
7777.319230102302
 10
5279.723936003345
 20
7935.044217097274
 10
5241.765136463452
 20
7974.475463846017
 10
5279.723936003345
 20
8408.219178082192
 10
5241.765136463452
 20
8447.650424830932
 10
5241.765136463452
 20
9196.844113057048
 10
5203.806336923559
 20
9236.275359805788
 10
5241.765136463452
 20
9472.862840298247
 10
5203.806336923559
 20
9512.294087046992
 10
5165.847537383665
 20
11996.462632217788
 10
5127.888737843771
 20
12035.893878966534
 10
5127.888737843771
 20
13139.968787931333
 10
5241.765136463452
 20
13218.831281428817
 10
5241.765136463452
 20
13415.987515172532
 10
5279.723936003345
 20
13455.418761921275
 10
5279.723936003345
 20
13731.437489162474
 10
5241.765136463452
 20
13770.868735911217
 10
5279.723936003345
 20
13849.7312294087
 10
5241.765136463452
 20
13889.162476157446
 10
5241.765136463452
 20
14125.749956649905
 10
5089.929938303879
 20
14204.612450147388
 10
5089.929938303879
 20
14677.787411132302
 10
5051.971138763985
 20
14717.218657881045
 10
5014.012339224092
 20
17280.24969654933
 10
4976.053539684199
 20
17319.680943298077
 10
4976.053539684199
 20
18581.480839257845
 10
4938.0947401443045
 20
18620.91208600659
 10
4938.0947401443045
 20
20158.73070920756
 10
4900.135940604412
 20
20198.161955956304
 10
4900.135940604412
 20
21262.80561817236
 10
4976.053539684199
 20
21302.236864921102
 10
5051.971138763985
 20
21420.53060516733
 10
5014.012339224092
 20
21459.961851916076
 10
5014.012339224092
 20
22130.2930466447
 10
5051.971138763985
 20
22169.724293393443
 10
4862.177141064519
 20
22327.449280388413
 10
4862.177141064519
 20
22958.3492283683
 10
4824.218341524625
 20
22997.780475117044
 10
4824.218341524625
 20
24496.167851569273
 10
4786.259541984732
 20
24535.599098318013
 10
4786.259541984732
 20
25757.967747529045
 10
4748.300742444838
 20
25797.398994277784
 10
4748.300742444838
 20
27611.236344719957
 10
4710.341942904945
 20
27650.6675914687
 10
4710.341942904945
 20
28675.88000693601
 10
4824.218341524625
 20
28754.742500433502
 10
4824.218341524625
 20
29661.661175654583
 10
4672.383143365052
 20
29779.954915900813
 10
4634.424343825159
 20
31948.673487081673
 10
4596.465544285265
 20
31988.10473383041
 10
4634.424343825159
 20
32066.9672273279
 10
4748.300742444838
 20
32145.829720825386
 10
4748.300742444838
 20
33052.74839604647
 10
4786.259541984732
 20
33092.179642795214
  0
LWPOLYLINE
  5
208
330
17
100
AcDbEntity
  8
RASTER_CONTOURS
100
AcDbPolyline
 90
30
 70
1
 10
50868.242183415234
 20
35221.46696722732
 10
50944.15978249504
 20
35182.03572047858
 10
50982.11858203493
 20
35221.46696722732
 10
51133.953780194504
 20
35221.46696722732
 10
51171.912579734395
 20
35182.03572047858
 10
51209.871379274286
 20
35221.46696722732
 10
51437.624176513644
 20
35221.46696722732
 10
51627.41817421311
 20
35142.60447372984
 10
51627.41817421311
 20
34353.97953875498
 10
51589.45937467322
 20
34314.54829200624
 10
51589.45937467322
 20
34156.82330501127
 10
51627.41817421311
 20
34117.39205826253
 10
51627.41817421311
 20
33959.667071267555
 10
51589.45937467322
 20
33920.23582451881
 10
51589.45937467322
 20
33762.51083752384
 10
51627.41817421311
 20
33723.0795907751
 10
51627.41817421311
 20
31909.242240332926
 10
51589.45937467322
 20
31869.810993584182
 10
51513.541775593425
 20
31909.242240332926
 10
51513.541775593425
 20
32224.69221432287
 10
51551.500575133316
 20
32264.123461071613
 10
51513.541775593425
 20
32342.985954569096
 10
51513.541775593425
 20
34472.273279001216
 10
51437.624176513644
 20
34511.704525749956
 10
51095.99498065459
 20
34511.704525749956
 10
51020.07738157482
 20
34590.56701924744
 10
51020.07738157482
 20
35024.31073348361
 10
50982.11858203493
 20
35103.1732269811
 10
50792.32458433545
 20
35103.1732269811
 10
50754.36578479557
 20
35142.60447372984
  0
LWPOLYLINE
  5
209
330
17
100
AcDbEntity
  8
RASTER_CONTOURS
100
AcDbPolyline
 90
5
 70
1
 10
48970.30220642059
 20
35221.46696722732
 10
49008.26100596047
 20
35142.60447372984
 10
48894.384607340784
 20
35024.31073348361
 10
48818.467008261
 20
35142.60447372984
 10
48894.384607340784
 20
35221.46696722732
  0
LWPOLYLINE
  5
20A
330
17
100
AcDbEntity
  8
RASTER_CONTOURS
100
AcDbPolyline
 90
6
 70
1
 10
46540.9390358674
 20
35182.03572047858
 10
46578.89783540728
 20
35221.46696722732
 10
47186.23862804558
 20
35221.46696722732
 10
47224.19742758547
 20
35182.03572047858
 10
47186.23862804558
 20
35142.60447372984
 10
46578.89783540728
 20
35142.60447372984
  0
LWPOLYLINE
  5
20B
330
17
100
AcDbEntity
  8
RASTER_CONTOURS
100
AcDbPolyline
 90
6
 70
1
 10
45667.88664644985
 20
35182.03572047858
 10
45705.84544598974
 20
35221.46696722732
 10
46502.98023632751
 20
35221.46696722732
 10
46540.9390358674
 20
35182.03572047858
 10
46502.98023632751
 20
35142.60447372984
 10
45705.84544598974
 20
35142.60447372984
  0
LWPOLYLINE
  5
20C
330
17
100
AcDbEntity
  8
RASTER_CONTOURS
100
AcDbPolyline
 90
10
 70
1
 10
44073.617065774335
 20
35182.03572047858
 10
44111.575865314226
 20
35221.46696722732
 10
44870.7518561121
 20
35221.46696722732
 10
44908.710655651994
 20
35182.03572047858
 10
44870.7518561121
 20
35142.60447372984
 10
44415.246261633365
 20
35142.60447372984
 10
44377.287462093474
 20
35063.74198023236
 10
44301.36986301369
 20
35063.74198023236
 10
44225.45226393391
 20
35142.60447372984
 10
44111.575865314226
 20
35142.60447372984
  0
LWPOLYLINE
  5
20D
330
17
100
AcDbEntity
  8
RASTER_CONTOURS
100
AcDbPolyline
 90
6
 70
1
 10
41264.66589982223
 20
35182.03572047858
 10
41302.62469936212
 20
35221.46696722732
 10
41909.96549200042
 20
35221.46696722732
 10
41947.92429154031
 20
35182.03572047858
 10
41909.96549200042
 20
35142.60447372984
 10
41302.62469936212
 20
35142.60447372984
  0
LWPOLYLINE
  5
20E
330
17
100
AcDbEntity
  8
RASTER_CONTOURS
100
AcDbPolyline
 90
13
 70
1
 10
19286.520966223987
 20
35142.60447372984
 10
19362.43856530377
 20
35221.46696722732
 10
21032.62574505908
 20
35182.03572047858
 10
21108.543344138867
 20
35103.1732269811
 10
21070.584544598973
 20
34984.87948673487
 10
21108.543344138867
 20
34748.29200624241
 10
21032.62574505908
 20
34669.42951274493
 10
20539.161351040464
 20
34669.42951274493
 10
20311.408553801106
 20
34590.56701924744
 10
19438.35616438356
 20
34629.99826599618
 10
19286.520966223987
 20
34787.723252991156
 10
19286.520966223987
 20
34945.44823998613
 10
19324.47976576388
 20
34984.87948673487
  0
LWPOLYLINE
  5
20F
330
17
100
AcDbEntity
  8
RASTER_CONTOURS
100
AcDbPolyline
 90
15
 70
1
 10
43807.905468995086
 20
35260.89821397607
 10
43883.82306807487
 20
35182.03572047858
 10
43769.94666945518
 20
35103.1732269811
 10
43769.94666945518
 20
34629.99826599618
 10
43656.07027083551
 20
34551.135772498696
 10
43390.35867405626
 20
34551.135772498696
 10
43314.44107497646
 20
34511.704525749956
 10
43314.44107497646
 20
33920.23582451881
 10
43276.482275436574
 20
33880.80457777007
 10
43238.52347589668
 20
33920.23582451881
 10
43238.52347589668
 20
34984.87948673487
 10
43200.56467635679
 20
35024.31073348361
 10
43200.56467635679
 20
35142.60447372984
 10
43124.64707727699
 20
35182.03572047858
 10
43314.44107497646
 20
35260.89821397607
  0
LWPOLYLINE
  5
210
330
17
100
AcDbEntity
  8
RASTER_CONTOURS
100
AcDbPolyline
 90
12
 70
1
 10
41074.87190212276
 20
35182.03572047858
 10
41036.91310258287
 20
35142.60447372984
 10
40885.07790442329
 20
35142.60447372984
 10
40771.20150580362
 20
35063.74198023236
 10
40733.242706263714
 20
35142.60447372984
 10
40353.654710864794
 20
35142.60447372984
 10
40315.6959113249
 20
35182.03572047858
 10
40353.654710864794
 20
35221.46696722732
 10
40733.242706263714
 20
35221.46696722732
 10
40771.20150580362
 20
35260.89821397607
 10
40809.16030534351
 20
35221.46696722732
 10
41036.91310258287
 20
35221.46696722732
  0
LWPOLYLINE
  5
211
330
17
100
AcDbEntity
  8
RASTER_CONTOURS
100
AcDbPolyline
 90
6
 70
1
 10
39442.64352190735
 20
35221.46696722732
 10
39480.602321447244
 20
35260.89821397607
 10
39746.31391822649
 20
35260.89821397607
 10
39784.272717766384
 20
35221.46696722732
 10
39746.31391822649
 20
35182.03572047858
 10
39480.602321447244
 20
35182.03572047858
  0
LWPOLYLINE
  5
212
330
17
100
AcDbEntity
  8
RASTER_CONTOURS
100
AcDbPolyline
 90
40
 70
1
 10
16971.034194290492
 20
35260.89821397607
 10
18944.891770364946
 20
35221.46696722732
 10
19020.80936944473
 20
35142.60447372984
 10
18944.891770364946
 20
35024.31073348361
 10
18451.42737634633
 20
35024.31073348361
 10
18906.93297082505
 20
35024.31073348361
 10
19020.80936944473
 20
34906.01699323738
 10
19020.80936944473
 20
33959.667071267555
 10
18944.891770364946
 20
33880.80457777007
 10
18868.97417128516
 20
33959.667071267555
 10
18868.97417128516
 20
34117.39205826253
 10
18831.015371745263
 20
34156.82330501127
 10
18717.138973125584
 20
34117.39205826253
 10
18868.97417128516
 20
33920.23582451881
 10
18831.015371745263
 20
33368.198370036414
 10
18793.056572205373
 20
33328.76712328767
 10
18868.97417128516
 20
33210.47338304144
 10
18868.97417128516
 20
32934.45465580024
 10
18831.015371745263
 20
32895.0234090515
 10
18831.015371745263
 20
32619.004681810296
 10
18679.180173585693
 20
32500.71094156407
 10
18831.015371745263
 20
32500.71094156407
 10
18868.97417128516
 20
32579.573435061557
 10
18831.015371745263
 20
32658.43592855904
 10
18906.93297082505
 20
32737.298422056527
 10
18982.850569904836
 20
32697.867175307783
 10
19020.80936944473
 20
32619.004681810296
 10
19020.80936944473
 20
32145.829720825386
 10
18906.93297082505
 20
32027.535980579156
 10
17388.58098922932
 20
32027.535980579156
 10
17350.622189689424
 20
32066.9672273279
 10
16933.0753947506
 20
32066.9672273279
 10
16857.157795670813
 20
32145.829720825386
 10
16857.157795670813
 20
33052.74839604647
 10
16895.116595210708
 20
33092.179642795214
 10
16857.157795670813
 20
34629.99826599618
 10
16895.116595210708
 20
34669.42951274493
 10
16895.116595210708
 20
34984.87948673487
 10
16933.0753947506
 20
35024.31073348361
 10
16895.116595210708
 20
35182.03572047858
  0
LWPOLYLINE
  5
213
330
17
100
AcDbEntity
  8
RASTER_CONTOURS
100
AcDbPolyline
 90
8
 70
1
 10
36557.77475687545
 20
35260.89821397607
 10
36595.73355641535
 20
35300.32946072481
 10
37316.95074767332
 20
35300.32946072481
 10
37354.90954721321
 20
35260.89821397607
 10
39025.09672696852
 20
35260.89821397607
 10
39063.05552650841
 20
35221.46696722732
 10
39025.09672696852
 20
35182.03572047858
 10
36671.651155495136
 20
35182.03572047858
  0
LWPOLYLINE
  5
214
330
17
100
AcDbEntity
  8
RASTER_CONTOURS
100
AcDbPolyline
 90
6
 70
1
 10
35988.392763777054
 20
35260.89821397607
 10
36026.35156331695
 20
35300.32946072481
 10
36519.81595733556
 20
35300.32946072481
 10
36557.77475687545
 20
35260.89821397607
 10
36367.98075917599
 20
35182.03572047858
 10
36140.22796193663
 20
35182.03572047858
  0
LWPOLYLINE
  5
215
330
17
100
AcDbEntity
  8
RASTER_CONTOURS
100
AcDbPolyline
 90
6
 70
1
 10
31585.17201714943
 20
35260.89821397607
 10
31623.130816689318
 20
35300.32946072481
 10
31888.842413468574
 20
35300.32946072481
 10
31926.801213008468
 20
35260.89821397607
 10
31888.842413468574
 20
35221.46696722732
 10
31623.130816689318
 20
35221.46696722732
  0
LWPOLYLINE
  5
216
330
17
100
AcDbEntity
  8
RASTER_CONTOURS
100
AcDbPolyline
 90
6
 70
1
 10
30636.202028652093
 20
35260.89821397607
 10
30674.160828191987
 20
35300.32946072481
 10
31129.666422670707
 20
35300.32946072481
 10
31167.6252222106
 20
35260.89821397607
 10
31129.666422670707
 20
35221.46696722732
 10
30674.160828191987
 20
35221.46696722732
  0
LWPOLYLINE
  5
217
330
17
100
AcDbEntity
  8
RASTER_CONTOURS
100
AcDbPolyline
 90
6
 70
1
 10
28168.880058559025
 20
35260.89821397607
 10
28206.83885809892
 20
35300.32946072481
 10
29307.644044755823
 20
35300.32946072481
 10
29345.60284429572
 20
35260.89821397607
 10
29307.644044755823
 20
35221.46696722732
 10
28206.83885809892
 20
35221.46696722732
  0
LWPOLYLINE
  5
218
330
17
100
AcDbEntity
  8
RASTER_CONTOURS
100
AcDbPolyline
 90
33
 70
1
 10
32002.718812088253
 20
31514.929772845502
 10
32268.430408867505
 20
31593.792266342985
 10
32268.430408867505
 20
31948.673487081673
 10
32306.3892084074
 20
31988.10473383041
 10
32306.3892084074
 20
34590.56701924744
 10
32192.51280978772
 20
34708.86075949367
 10
32192.51280978772
 20
35182.03572047858
 10
32116.595210707932
 20
35260.89821397607
 10
32154.554010247826
 20
35339.76070747355
 10
33065.565199205266
 20
35339.76070747355
 10
33103.523998745164
 20
35300.32946072481
 10
35912.47516469727
 20
35300.32946072481
 10
35950.433964237156
 20
35260.89821397607
 10
35912.47516469727
 20
35221.46696722732
 10
35153.2991738994
 20
35221.46696722732
 10
35077.381574819614
 20
35182.03572047858
 10
35039.422775279716
 20
35103.1732269811
 10
34925.54637666004
 20
35221.46696722732
 10
32799.85360242601
 20
35221.46696722732
 10
32761.89480288612
 20
35142.60447372984
 10
32761.89480288612
 20
34708.86075949367
 10
32685.977203806335
 20
34629.99826599618
 10
32458.224406566977
 20
34629.99826599618
 10
32458.224406566977
 20
34472.273279001216
 10
32420.265607027082
 20
34432.84203225247
 10
32420.265607027082
 20
32264.123461071613
 10
32496.183206106867
 20
32066.9672273279
 10
32610.059604726546
 20
32106.398474076643
 10
32761.89480288612
 20
31988.10473383041
 10
32761.89480288612
 20
31593.792266342985
 10
32648.01840426644
 20
31475.49852609676
 10
32154.554010247826
 20
31475.49852609676
 10
32078.63641116804
 20
31436.06727934801
  0
LWPOLYLINE
  5
219
330
17
100
AcDbEntity
  8
RASTER_CONTOURS
100
AcDbPolyline
 90
19
 70
1
 10
25549.722890306388
 20
35260.89821397607
 10
25625.640489386173
 20
35339.76070747355
 10
25815.43448708564
 20
35339.76070747355
 10
25853.39328662553
 20
35300.32946072481
 10
25891.352086165425
 20
35339.76070747355
 10
26005.228484785104
 20
35339.76070747355
 10
26043.187284325
 20
35300.32946072481
 10
26081.146083864896
 20
35339.76070747355
 10
26308.898881104255
 20
35339.76070747355
 10
26346.85768064415
 20
35300.32946072481
 10
27333.786468681374
 20
35300.32946072481
 10
27371.745268221268
 20
35339.76070747355
 10
27599.498065460626
 20
35339.76070747355
 10
27637.456865000517
 20
35300.32946072481
 10
27979.08606085956
 20
35300.32946072481
 10
28017.044860399456
 20
35260.89821397607
 10
27979.08606085956
 20
35221.46696722732
 10
25853.39328662553
 20
35221.46696722732
 10
25815.43448708564
 20
35182.03572047858
  0
LWPOLYLINE
  5
21A
330
17
100
AcDbEntity
  8
RASTER_CONTOURS
100
AcDbPolyline
 90
192
 70
1
 10
7443.3755097772655
 20
35379.1919542223
 10
7481.334309317159
 20
35418.623200971044
 10
14579.629823277213
 20
35418.623200971044
 10
14655.547422357
 20
35458.054447719784
 10
14693.506221896892
 20
35418.623200971044
 10
18603.262574505905
 20
35418.623200971044
 10
18641.2213740458
 20
35379.1919542223
 10
18868.97417128516
 20
35379.1919542223
 10
18906.93297082505
 20
35418.623200971044
 10
19134.685768064413
 20
35379.1919542223
 10
19172.644567604308
 20
35418.623200971044
 10
19210.603367144202
 20
35379.1919542223
 10
25208.093694447347
 20
35339.76070747355
 10
25246.052493987238
 20
35300.32946072481
 10
25284.01129352713
 20
35339.76070747355
 10
25473.8052912266
 20
35339.76070747355
 10
25511.764090766494
 20
35300.32946072481
 10
25473.8052912266
 20
35221.46696722732
 10
25132.17609536756
 20
35221.46696722732
 10
25094.217295827664
 20
35260.89821397607
 10
24942.382097668095
 20
35260.89821397607
 10
24904.4232981282
 20
35221.46696722732
 10
24031.370908710654
 20
35260.89821397607
 10
23993.41210917076
 20
35221.46696722732
 10
23955.453309630866
 20
35260.89821397607
 10
23841.576911011187
 20
35260.89821397607
 10
23727.700512391504
 20
35182.03572047858
 10
23765.659311931402
 20
35103.1732269811
 10
23727.700512391504
 20
35063.74198023236
 10
23727.700512391504
 20
33092.179642795214
 10
23765.659311931402
 20
33013.31714929773
 10
25701.55808846596
 20
33013.31714929773
 10
25739.51688800585
 20
33052.74839604647
 10
25777.475687545746
 20
33013.31714929773
 10
25777.475687545746
 20
32895.0234090515
 10
25739.51688800585
 20
32855.59216230275
 10
25663.599288926067
 20
32895.0234090515
 10
23765.659311931402
 20
32895.0234090515
 10
23727.700512391504
 20
32816.16091555401
 10
23727.700512391504
 20
32185.260967574126
 10
23613.824113771825
 20
32106.398474076643
 10
23234.236118372894
 20
32106.398474076643
 10
23196.277318833
 20
32066.9672273279
 10
23158.31851929311
 20
32106.398474076643
 10
22930.565722053743
 20
32106.398474076643
 10
22892.606922513853
 20
32145.829720825386
 10
21753.842936317054
 20
32145.829720825386
 10
21677.925337237266
 20
32106.398474076643
 10
21677.925337237266
 20
31909.242240332926
 10
21639.966537697375
 20
31869.810993584182
 10
21677.925337237266
 20
31790.9485000867
 10
21677.925337237266
 20
31278.34229235304
 10
21715.88413677716
 20
31199.47979885556
 10
21602.00773815748
 20
31120.61730535807
 10
21564.048938617587
 20
31160.048552106815
 10
21564.048938617587
 20
32697.867175307783
 10
21639.966537697375
 20
32776.729668805274
 10
21677.925337237266
 20
32737.298422056527
 10
21677.925337237266
 20
32303.554707820353
 10
21715.88413677716
 20
32264.123461071613
 10
23120.359719753214
 20
32264.123461071613
 10
23158.31851929311
 20
32224.69221432287
 10
23575.86531423193
 20
32224.69221432287
 10
23613.824113771825
 20
32264.123461071613
 10
23613.824113771825
 20
32382.41720131784
 10
23651.78291331172
 20
32421.848448066587
 10
23651.78291331172
 20
32816.16091555401
 10
23613.824113771825
 20
32855.59216230275
 10
23613.824113771825
 20
33131.610889543954
 10
23651.78291331172
 20
33171.0421362927
 10
23651.78291331172
 20
35182.03572047858
 10
23537.90651469204
 20
35260.89821397607
 10
23272.194917912788
 20
35260.89821397607
 10
23234.236118372894
 20
35221.46696722732
 10
23120.359719753214
 20
35221.46696722732
 10
23082.40092021332
 20
35260.89821397607
 10
22247.30733033567
 20
35260.89821397607
 10
22209.348530795774
 20
35221.46696722732
 10
22095.47213217609
 20
35260.89821397607
 10
21791.801735856945
 20
35260.89821397607
 10
21715.88413677716
 20
35024.31073348361
 10
21753.842936317054
 20
34748.29200624241
 10
21677.925337237266
 20
34590.56701924744
 10
21677.925337237266
 20
33880.80457777007
 10
21639.966537697375
 20
33841.37333102133
 10
21602.00773815748
 20
33880.80457777007
 10
21602.00773815748
 20
34472.273279001216
 10
21526.090139077693
 20
34551.135772498696
 10
21298.33734183833
 20
34551.135772498696
 10
21184.46094321865
 20
34629.99826599618
 10
21184.46094321865
 20
35221.46696722732
 10
21146.502143678757
 20
35260.89821397607
 10
20197.532155181427
 20
35260.89821397607
 10
20159.573355641533
 20
35300.32946072481
 10
19704.067761162813
 20
35300.32946072481
 10
19666.10896162292
 20
35260.89821397607
 10
19476.314963923454
 20
35260.89821397607
 10
19438.35616438356
 20
35300.32946072481
 10
19400.397364843666
 20
35260.89821397607
 10
19248.562166684093
 20
35260.89821397607
 10
19210.603367144202
 20
35221.46696722732
 10
19210.603367144202
 20
33880.80457777007
 10
19134.685768064413
 20
33841.37333102133
 10
19096.726968524523
 20
33880.80457777007
 10
19096.726968524523
 20
35142.60447372984
 10
19134.685768064413
 20
35182.03572047858
 10
19096.726968524523
 20
35260.89821397607
 10
18982.850569904836
 20
35300.32946072481
 10
17692.251385548465
 20
35300.32946072481
 10
17654.292586008574
 20
35339.76070747355
 10
16857.157795670813
 20
35339.76070747355
 10
16781.240196591025
 20
35221.46696722732
 10
16781.240196591025
 20
34748.29200624241
 10
16819.19899613092
 20
34708.86075949367
 10
16819.19899613092
 20
33723.0795907751
 10
16781.240196591025
 20
33683.648344026355
 10
16781.240196591025
 20
32342.985954569096
 10
16819.19899613092
 20
32264.123461071613
 10
16781.240196591025
 20
32224.69221432287
 10
16819.19899613092
 20
32145.829720825386
 10
16781.240196591025
 20
32106.398474076643
 10
16857.157795670813
 20
31988.10473383041
 10
17995.92178186761
 20
31988.10473383041
 10
18033.880581407506
 20
31948.673487081673
 10
18451.42737634633
 20
31988.10473383041
 10
18489.386175886226
 20
31948.673487081673
 10
19020.80936944473
 20
31948.673487081673
 10
19096.726968524523
 20
32027.535980579156
 10
19096.726968524523
 20
32697.867175307783
 10
19134.685768064413
 20
32737.298422056527
 10
19172.644567604308
 20
32697.867175307783
 10
19172.644567604308
 20
29503.936188659613
 10
19210.603367144202
 20
29464.50494191087
 10
20501.20255150057
 20
29464.50494191087
 10
20539.161351040464
 20
29425.073695162126
 10
20994.666945519188
 20
29425.073695162126
 10
21070.584544598973
 20
29503.936188659613
 10
21070.584544598973
 20
29622.22992890584
 10
21108.543344138867
 20
29661.661175654583
 10
21526.090139077693
 20
29661.661175654583
 10
21639.966537697375
 20
29740.523669152066
 10
21753.842936317054
 20
29622.22992890584
 10
21791.801735856945
 20
29661.661175654583
 10
21867.719334936734
 20
29622.22992890584
 10
21981.595733556413
 20
29661.661175654583
 10
22285.266129875556
 20
29661.661175654583
 10
22323.224929415454
 20
29622.22992890584
 10
23993.41210917076
 20
29622.22992890584
 10
24069.329708250545
 20
29543.367435408356
 10
24031.370908710654
 20
29464.50494191087
 10
22968.524521593637
 20
29464.50494191087
 10
22930.565722053743
 20
29503.936188659613
 10
21867.719334936734
 20
29503.936188659613
 10
21829.76053539684
 20
29464.50494191087
 10
21829.76053539684
 20
26586.023929252642
 10
21867.719334936734
 20
26507.16143575516
 10
21829.76053539684
 20
26467.730189006412
 10
21829.76053539684
 20
25481.94902028784
 10
21715.88413677716
 20
25403.086526790357
 10
21677.925337237266
 20
25442.5177735391
 10
21677.925337237266
 20
28597.017513438528
 10
21260.37854229844
 20
28636.44876018727
 10
21146.502143678757
 20
28557.586266689785
 10
21070.584544598973
 20
28636.44876018727
 10
21070.584544598973
 20
29149.054967920925
 10
21032.62574505908
 20
29267.34870816716
 10
20653.037749660143
 20
29267.34870816716
 10
20615.078950120256
 20
29306.7799549159
 10
19134.685768064413
 20
29306.7799549159
 10
19058.76816898463
 20
29385.642448413386
 10
19096.726968524523
 20
29503.936188659613
 10
19096.726968524523
 20
31790.9485000867
 10
18982.850569904836
 20
31869.810993584182
 10
16743.281397051134
 20
31869.810993584182
 10
16705.32259751124
 20
31909.242240332926
 10
16705.32259751124
 20
35260.89821397607
 10
16591.446198891557
 20
35339.76070747355
 10
13820.453832479347
 20
35339.76070747355
 10
13744.53623339956
 20
35300.32946072481
 10
13744.53623339956
 20
34353.97953875498
 10
13668.618634319771
 20
34275.117045257495
 10
13023.319042141586
 20
34275.117045257495
 10
12947.4014430618
 20
34353.97953875498
 10
12947.4014430618
 20
35300.32946072481
 10
12871.483843982012
 20
35339.76070747355
 10
10631.914671128307
 20
35339.76070747355
 10
10593.95587158841
 20
35300.32946072481
 10
9720.903482170865
 20
35339.76070747355
 10
9682.944682630972
 20
35300.32946072481
 10
9113.562689532573
 20
35300.32946072481
 10
9075.603889992679
 20
35339.76070747355
 10
7481.334309317159
 20
35339.76070747355
  0
LWPOLYLINE
  5
21B
330
17
100
AcDbEntity
  8
RASTER_CONTOURS
100
AcDbPolyline
 90
124
 70
1
 10
7329.499111157585
 20
35418.623200971044
 10
7367.457910697479
 20
35379.1919542223
 10
7329.499111157585
 20
35339.76070747355
 10
6949.911115758652
 20
35339.76070747355
 10
6760.1171180591855
 20
35260.89821397607
 10
6760.1171180591855
 20
34235.685798508755
 10
6684.199518979399
 20
34156.82330501127
 10
5051.971138763985
 20
34156.82330501127
 10
4976.053539684199
 20
34117.39205826253
 10
4824.218341524625
 20
33880.80457777007
 10
4748.300742444838
 20
33841.37333102133
 10
4672.383143365052
 20
33683.648344026355
 10
4748.300742444838
 20
33447.060863533894
 10
4710.341942904945
 20
33368.198370036414
 10
4710.341942904945
 20
32934.45465580024
 10
4672.383143365052
 20
32895.0234090515
 10
4672.383143365052
 20
32264.123461071613
 10
4596.465544285265
 20
32185.260967574126
 10
4065.0423507267587
 20
32185.260967574126
 10
4027.0835511868654
 20
32145.829720825386
 10
4027.0835511868654
 20
31238.911045604298
 10
4065.0423507267587
 20
31199.47979885556
 10
4065.0423507267587
 20
30055.97364314201
 10
4103.001150266652
 20
30016.54239639327
 10
4103.001150266652
 20
29661.661175654583
 10
4140.9599498065445
 20
29622.22992890584
 10
4672.383143365052
 20
29622.22992890584
 10
4786.259541984732
 20
29543.367435408356
 10
4786.259541984732
 20
28951.898734177215
 10
4748.300742444838
 20
28873.03624067973
 10
4482.589145665585
 20
28794.173747182238
 10
4406.671546585799
 20
28833.604993930985
 10
4140.9599498065445
 20
28794.173747182238
 10
4140.9599498065445
 20
28636.44876018727
 10
4103.001150266652
 20
28597.017513438528
 10
4140.9599498065445
 20
28518.15501994104
 10
4178.918749346438
 20
25521.380267036584
 10
4216.877548886332
 20
25481.94902028784
 10
4216.877548886332
 20
24575.030345066756
 10
4254.836348426225
 20
24535.599098318013
 10
4216.877548886332
 20
24417.305358071786
 10
4216.877548886332
 20
23904.69915033813
 10
4254.836348426225
 20
23865.26790358939
 10
4254.836348426225
 20
22564.036760880874
 10
4292.795147966119
 20
22524.60551413213
 10
4292.795147966119
 20
22248.58678689093
 10
4482.589145665585
 20
22169.724293393443
 10
4900.135940604412
 20
22169.724293393443
 10
4976.053539684199
 20
22090.86179989596
 10
4976.053539684199
 20
21499.393098664812
 10
4862.177141064519
 20
21381.099358418585
 10
4596.465544285265
 20
21381.099358418585
 10
4520.547945205479
 20
21420.53060516733
 10
4330.753947506011
 20
21341.668111669842
 10
4330.753947506011
 20
20158.73070920756
 10
4368.7127470459045
 20
20119.299462458817
 10
4368.7127470459045
 20
19094.087046991503
 10
4406.671546585799
 20
19054.65580024276
 10
4406.671546585799
 20
17674.562164036757
 10
4444.630346125692
 20
17635.130917288017
 10
4406.671546585799
 20
17437.974683544304
 10
4444.630346125692
 20
17398.54343679556
 10
4444.630346125692
 20
16373.331021328242
 10
4482.589145665585
 20
16333.899774579504
 10
4444.630346125692
 20
16215.606034333272
 10
4444.630346125692
 20
15979.018553840817
 10
4482.589145665585
 20
15939.587307092073
 10
4482.589145665585
 20
14480.631177388586
 10
4520.547945205479
 20
14441.199930639847
 10
4520.547945205479
 20
14125.749956649905
 10
4558.506744745371
 20
14086.318709901161
 10
5051.971138763985
 20
14086.318709901161
 10
5203.806336923559
 20
13968.024969654933
 10
5203.806336923559
 20
13376.556268423787
 10
5127.888737843771
 20
13297.693774926303
 10
4672.383143365052
 20
13297.693774926303
 10
4558.506744745371
 20
13258.26252817756
 10
4482.589145665585
 20
13139.968787931333
 10
4406.671546585799
 20
13297.693774926303
 10
4406.671546585799
 20
14125.749956649905
 10
4368.7127470459045
 20
14165.181203398644
 10
4406.671546585799
 20
14244.043696896131
 10
4406.671546585799
 20
14677.787411132302
 10
4368.7127470459045
 20
14717.218657881045
 10
4330.753947506011
 20
17122.52470955436
 10
4292.795147966119
 20
17161.9559563031
 10
4292.795147966119
 20
18344.89335876539
 10
4254.836348426225
 20
18384.32460551413
 10
4254.836348426225
 20
19646.1245014739
 10
4216.877548886332
 20
19685.555748222647
 10
4216.877548886332
 20
20947.355644182415
 10
4178.918749346438
 20
20986.786890931162
 10
4216.877548886332
 20
21341.668111669842
 10
4178.918749346438
 20
21381.099358418585
 10
4140.9599498065445
 20
24062.4241373331
 10
4103.001150266652
 20
24101.855384081842
 10
4140.9599498065445
 20
24377.874111323043
 10
4103.001150266652
 20
24417.305358071786
 10
4103.001150266652
 20
25284.79278654413
 10
4065.0423507267587
 20
25324.22403329287
 10
4065.0423507267587
 20
27019.767643488816
 10
4027.0835511868654
 20
27059.198890237556
 10
4027.0835511868654
 20
28360.43003294607
 10
3989.1247516469716
 20
28399.861279694815
 10
3989.1247516469716
 20
29622.22992890584
 10
3951.1659521070783
 20
29661.661175654583
 10
3989.1247516469716
 20
29779.954915900813
 10
3989.1247516469716
 20
30134.836136639497
 10
3951.1659521070783
 20
30174.267383388244
 10
3951.1659521070783
 20
31041.75481186058
 10
3913.207152567186
 20
31081.186058609328
 10
3951.1659521070783
 20
31160.048552106815
 10
3951.1659521070783
 20
31396.63603259927
 10
3913.207152567186
 20
31436.06727934801
 10
3913.207152567186
 20
32697.867175307783
 10
3875.248353027292
 20
32737.298422056527
 10
3875.248353027292
 20
32973.88590254898
 10
4027.0835511868654
 20
33210.47338304144
 10
4634.424343825159
 20
33880.80457777007
 10
4824.218341524625
 20
34156.82330501127
 10
5051.971138763985
 20
34353.97953875498
 10
5203.806336923559
 20
34590.56701924744
 10
5925.023528181531
 20
35418.623200971044
 10
6000.941127261319
 20
35458.054447719784
  0
LWPOLYLINE
  5
21C
330
17
100
AcDbEntity
  8
RASTER_CONTOURS
100
AcDbPolyline
 90
143
 70
1
 10
3799.330753947505
 20
33131.610889543954
 10
3761.3719544076116
 20
33052.74839604647
 10
3761.3719544076116
 20
32264.123461071613
 10
3799.330753947505
 20
32224.69221432287
 10
3799.330753947505
 20
30923.461071614354
 10
3837.2895534873987
 20
30884.029824865615
 10
3837.2895534873987
 20
29149.054967920925
 10
3875.248353027292
 20
29109.623721172182
 10
3875.248353027292
 20
27808.39257846367
 10
3913.207152567186
 20
27768.961331714927
 10
3913.207152567186
 20
26507.16143575516
 10
3951.1659521070783
 20
26467.730189006412
 10
3951.1659521070783
 20
24772.186578810473
 10
3989.1247516469716
 20
24732.75533206173
 10
3989.1247516469716
 20
23825.836656840645
 10
4027.0835511868654
 20
23786.405410091902
 10
4027.0835511868654
 20
23549.817929599445
 10
3989.1247516469716
 20
23510.3866828507
 10
4027.0835511868654
 20
23431.524189353215
 10
3989.1247516469716
 20
23392.092942604475
 10
4027.0835511868654
 20
23352.66169585573
 10
4065.0423507267587
 20
20868.493150684928
 10
4103.001150266652
 20
20829.061903936188
 10
4103.001150266652
 20
19212.380787237733
 10
4140.9599498065445
 20
19172.949540488986
 10
4140.9599498065445
 20
18266.030865267905
 10
4178.918749346438
 20
18226.599618519158
 10
4178.918749346438
 20
17990.0121380267
 10
4140.9599498065445
 20
17911.149644529218
 10
4178.918749346438
 20
17871.718397780474
 10
4216.877548886332
 20
15269.256112363444
 10
4254.836348426225
 20
15229.824865614704
 10
4330.753947506011
 20
11444.425177735387
 10
4368.7127470459045
 20
11404.993930986648
 10
4368.7127470459045
 20
10024.900294780646
 10
4406.671546585799
 20
9985.469048031906
 10
4406.671546585799
 20
8565.944165077164
 10
4444.630346125692
 20
8526.512918328419
 10
4520.547945205479
 20
4622.819490202875
 10
4558.506744745371
 20
4583.388243454136
 10
4558.506744745371
 20
4425.663256459165
 10
4710.341942904945
 20
4228.507022715449
 10
6380.529122660252
 20
2769.550893011963
 10
6836.034717138972
 20
2296.375932027049
 10
7860.922304716092
 20
1350.0260100572211
 10
8126.6339014953455
 20
1152.8697763135058
 10
8468.263097354386
 20
797.988555574819
 10
8733.97469413364
 20
600.8323218311083
 10
9417.23308585172
 20
-69.49887289752104
 10
16477.56980027188
 20
-69.49887289752104
 10
16515.528599811772
 20
-108.93011964626504
 10
16667.363797971346
 20
-108.93011964626504
 10
16705.32259751124
 20
-69.49887289752104
 10
16971.034194290492
 20
-69.49887289752104
 10
17008.992993830387
 20
-108.93011964626504
 10
17274.70459060964
 20
-69.49887289752104
 10
17350.622189689424
 20
-108.93011964626504
 10
17388.58098922932
 20
-69.49887289752104
 10
17426.539788769212
 20
-108.93011964626504
 10
21829.76053539684
 20
-108.93011964626504
 10
21867.719334936734
 20
-148.36136639500904
 10
36633.69235595524
 20
-187.79261314374838
 10
36671.651155495136
 20
-227.22385989249238
 10
36785.527554114815
 20
-187.79261314374838
 10
37544.703544912685
 20
-187.79261314374838
 10
37582.66234445257
 20
-227.22385989249238
 10
42972.811879117435
 20
-227.22385989249238
 10
43010.77067865732
 20
-266.6551066412364
 10
43845.86426853498
 20
-266.6551066412364
 10
44111.575865314226
 20
-187.79261314374838
 10
44111.575865314226
 20
-148.36136639500904
 10
44187.49346439401
 20
-108.93011964626504
 10
44225.45226393391
 20
-187.79261314374838
 10
44946.669455191884
 20
-187.79261314374838
 10
44984.628254731775
 20
-227.22385989249238
 10
45022.587054271666
 20
-187.79261314374838
 10
45098.50465335146
 20
-227.22385989249238
 10
45136.46345289135
 20
-148.36136639500904
 10
45402.1750496706
 20
-227.22385989249238
 10
45478.09264875038
 20
-187.79261314374838
 10
45591.96904737007
 20
-266.6551066412364
 10
48856.42580780089
 20
-266.6551066412364
 10
48894.384607340784
 20
-306.0863533899804
 10
48970.30220642059
 20
-266.6551066412364
 10
49084.17860504025
 20
-266.6551066412364
 10
49122.13740458014
 20
-306.0863533899804
 10
49198.055003659945
 20
-266.6551066412364
 10
49273.97260273972
 20
-306.0863533899804
 10
51779.25337237269
 20
-306.0863533899804
 10
51817.21217191258
 20
-266.6551066412364
 10
51817.21217191258
 20
285.38234784116565
 10
51931.08857053225
 20
443.107334836137
 10
52044.96496915194
 20
482.53858158487634
 10
52044.96496915194
 20
6278.931853650077
 10
52007.00616961205
 20
6318.36310039882
 10
52044.96496915194
 20
6397.225593896304
 10
52044.96496915194
 20
6870.400554881218
 10
52007.00616961205
 20
6909.831801629962
 10
52007.00616961205
 20
7422.43800936362
 10
52044.96496915194
 20
7461.86925611236
 10
52044.96496915194
 20
9827.744061036934
 10
52007.00616961205
 20
9867.175307785674
 10
52007.00616961205
 20
29070.192474423442
 10
51969.04737007214
 20
29109.623721172182
 10
51969.04737007214
 20
29464.50494191087
 10
52007.00616961205
 20
29503.936188659613
 10
52007.00616961205
 20
30055.97364314201
 10
51969.04737007214
 20
30095.404889890753
 10
51969.04737007214
 20
30410.854863880697
 10
52007.00616961205
 20
30450.28611062944
 10
51969.04737007214
 20
30568.579850875667
 10
52007.00616961205
 20
30608.01109762441
 10
52007.00616961205
 20
32658.43592855904
 10
51969.04737007214
 20
32697.867175307783
 10
51969.04737007214
 20
34590.56701924744
 10
51779.25337237269
 20
34708.86075949367
 10
51779.25337237269
 20
35300.32946072481
 10
51741.29457283278
 20
35379.1919542223
 10
48097.249817003016
 20
35379.1919542223
 10
48059.29101746313
 20
35418.623200971044
 10
39176.9319251281
 20
35418.623200971044
 10
39138.9731255882
 20
35458.054447719784
 10
35532.88716929834
 20
35458.054447719784
 10
35494.92836975844
 20
35497.48569446852
 10
23272.194917912788
 20
35497.48569446852
 10
23234.236118372894
 20
35536.91694121727
 10
22740.77172435428
 20
35497.48569446852
 10
22702.812924814385
 20
35536.91694121727
 10
20045.696957021853
 20
35536.91694121727
 10
20007.73815748196
 20
35576.34818796601
 10
19324.47976576388
 20
35536.91694121727
 10
19286.520966223987
 20
35576.34818796601
 10
17046.951793370277
 20
35576.34818796601
 10
17008.992993830387
 20
35615.77943471476
 10
12188.225452263932
 20
35615.77943471476
 10
12150.26665272404
 20
35576.34818796601
 10
5962.9823277214255
 20
35615.77943471476
 10
5697.270730942172
 20
35379.1919542223
 10
5355.641535083131
 20
34906.01699323738
 10
5203.806336923559
 20
34787.723252991156
 10
4406.671546585799
 20
33801.94208427258
 10
4254.836348426225
 20
33683.648344026355
 10
4065.0423507267587
 20
33407.629616785154
  0
TEXT
  5
21E
330
17
100
AcDbEntity
  8
EDITABLE_ROOM_LABELS
100
AcDbText
 10
13326.989438460734
 20
19133.518293740242
 30
0.0
 40
400.0
  1
舞台上部・吹抜
  7
JAPANESE
100
AcDbText
  0
TEXT
  5
21F
330
17
100
AcDbEntity
  8
EDITABLE_ROOM_LABELS
100
AcDbText
 10
24031.370908710654
 20
16215.606034333272
 30
0.0
 40
400.0
  1
楽屋
  7
JAPANESE
100
AcDbText
  0
TEXT
  5
220
330
17
100
AcDbEntity
  8
EDITABLE_ROOM_LABELS
100
AcDbText
 10
33559.02959322388
 20
16215.606034333272
 30
0.0
 40
400.0
  1
楽屋
  7
JAPANESE
100
AcDbText
  0
TEXT
  5
221
330
17
100
AcDbEntity
  8
EDITABLE_ROOM_LABELS
100
AcDbText
 10
38607.549932029695
 20
16215.606034333272
 30
0.0
 40
400.0
  1
楽屋
  7
JAPANESE
100
AcDbText
  0
TEXT
  5
222
330
17
100
AcDbEntity
  8
EDITABLE_ROOM_LABELS
100
AcDbText
 10
46616.856634947195
 20
16215.606034333272
 30
0.0
 40
400.0
  1
楽屋
  7
JAPANESE
100
AcDbText
  0
TEXT
  5
223
330
17
100
AcDbEntity
  8
EDITABLE_ROOM_LABELS
100
AcDbText
 10
50450.69538847641
 20
17832.287151031727
 30
0.0
 40
400.0
  1
ルーフテラス
  7
JAPANESE
100
AcDbText
  0
TEXT
  5
224
330
17
100
AcDbEntity
  8
EDITABLE_ROOM_LABELS
100
AcDbText
 10
45364.21625013071
 20
4110.213282469222
 30
0.0
 40
400.0
  1
機械室
  7
JAPANESE
100
AcDbText
  0
TEXT
  5
226
330
17
100
AcDbEntity
  8
ANNOTATION
100
AcDbText
 10
-1000.0
 20
-4000.0
 30
0.0
 40
600.0
  1
RASTER REFERENCE / UNCALIBRATED
  7
JAPANESE
100
AcDbText
  0
ENDSEC
  0
SECTION
  2
OBJECTS
  0
DICTIONARY
  5
A
330
0
100
AcDbDictionary
281
1
  3
ACAD_COLOR
350
B
  3
ACAD_GROUP
350
C
  3
ACAD_LAYOUT
350
D
  3
ACAD_MATERIAL
350
E
  3
ACAD_MLEADERSTYLE
350
F
  3
ACAD_MLINESTYLE
350
10
  3
ACAD_PLOTSETTINGS
350
11
  3
ACAD_PLOTSTYLENAME
350
12
  3
ACAD_SCALELIST
350
14
  3
ACAD_TABLESTYLE
350
15
  3
ACAD_VISUALSTYLE
350
16
  3
EZDXF_META
350
2D
  0
DICTIONARY
  5
B
330
A
100
AcDbDictionary
281
1
  0
DICTIONARY
  5
C
330
A
100
AcDbDictionary
281
1
  0
DICTIONARY
  5
D
330
A
100
AcDbDictionary
281
1
  3
Model
350
1A
  3
Layout1
350
1E
  0
DICTIONARY
  5
E
330
A
100
AcDbDictionary
281
1
  3
ByBlock
350
1F
  3
ByLayer
350
20
  3
Global
350
21
  0
DICTIONARY
  5
F
330
A
100
AcDbDictionary
281
1
  3
Standard
350
2C
  0
DICTIONARY
  5
10
330
A
100
AcDbDictionary
281
1
  3
Standard
350
22
  0
DICTIONARY
  5
11
330
A
100
AcDbDictionary
281
1
  0
ACDBDICTIONARYWDFLT
  5
12
330
A
100
AcDbDictionary
281
1
  3
Normal
350
13
100
AcDbDictionaryWithDefault
340
13
  0
ACDBPLACEHOLDER
  5
13
330
12
  0
DICTIONARY
  5
14
330
A
100
AcDbDictionary
281
1
  0
DICTIONARY
  5
15
330
A
100
AcDbDictionary
281
1
  0
DICTIONARY
  5
16
330
A
100
AcDbDictionary
281
1
  0
LAYOUT
  5
1A
330
D
100
AcDbPlotSettings
  1

  4
A3
  6

 40
7.5
 41
20.0
 42
7.5
 43
20.0
 44
420.0
 45
297.0
 46
0.0
 47
0.0
 48
0.0
 49
0.0
140
0.0
141
0.0
142
1.0
143
1.0
 70
1024
 72
1
 73
0
 74
5
  7

 75
16
 76
0
 77
2
 78
300
147
1.0
148
0.0
149
0.0
100
AcDbLayout
  1
Model
 70
1
 71
0
 10
0.0
 20
0.0
 11
420.0
 21
297.0
 12
0.0
 22
0.0
 32
0.0
 14
1e+20
 24
1e+20
 34
1e+20
 15
-1e+20
 25
-1e+20
 35
-1e+20
146
0.0
 13
0.0
 23
0.0
 33
0.0
 16
1.0
 26
0.0
 36
0.0
 17
0.0
 27
1.0
 37
0.0
 76
1
330
17
  0
LAYOUT
  5
1E
330
D
100
AcDbPlotSettings
  1

  4
A3
  6

 40
7.5
 41
20.0
 42
7.5
 43
20.0
 44
420.0
 45
297.0
 46
0.0
 47
0.0
 48
0.0
 49
0.0
140
0.0
141
0.0
142
1.0
143
1.0
 70
0
 72
1
 73
0
 74
5
  7

 75
16
 76
0
 77
2
 78
300
147
1.0
148
0.0
149
0.0
100
AcDbLayout
  1
Layout1
 70
1
 71
1
 10
0.0
 20
0.0
 11
420.0
 21
297.0
 12
0.0
 22
0.0
 32
0.0
 14
1e+20
 24
1e+20
 34
1e+20
 15
-1e+20
 25
-1e+20
 35
-1e+20
146
0.0
 13
0.0
 23
0.0
 33
0.0
 16
1.0
 26
0.0
 36
0.0
 17
0.0
 27
1.0
 37
0.0
 76
1
330
1B
  0
MATERIAL
  5
1F
102
{ACAD_REACTORS
330
E
102
}
330
E
100
AcDbMaterial
  1
ByBlock
  2

 70
0
 40
1.0
 71
1
 41
1.0
 91
-1023410177
 42
1.0
 72
1
  3

 73
1
 74
1
 75
1
 44
0.5
 73
0
 45
1.0
 46
1.0
 77
1
  4

 78
1
 79
1
170
1
 48
1.0
171
1
  6

172
1
173
1
174
1
140
1.0
141
1.0
175
1
  7

176
1
177
1
178
1
143
1.0
179
1
  8

270
1
271
1
272
1
145
1.0
146
1.0
273
1
  9

274
1
275
1
276
1
 42
1.0
 72
1
  3

 73
1
 74
1
 75
1
 94
63
  0
MATERIAL
  5
20
102
{ACAD_REACTORS
330
E
102
}
330
E
100
AcDbMaterial
  1
ByLayer
  2

 70
0
 40
1.0
 71
1
 41
1.0
 91
-1023410177
 42
1.0
 72
1
  3

 73
1
 74
1
 75
1
 44
0.5
 73
0
 45
1.0
 46
1.0
 77
1
  4

 78
1
 79
1
170
1
 48
1.0
171
1
  6

172
1
173
1
174
1
140
1.0
141
1.0
175
1
  7

176
1
177
1
178
1
143
1.0
179
1
  8

270
1
271
1
272
1
145
1.0
146
1.0
273
1
  9

274
1
275
1
276
1
 42
1.0
 72
1
  3

 73
1
 74
1
 75
1
 94
63
  0
MATERIAL
  5
21
102
{ACAD_REACTORS
330
E
102
}
330
E
100
AcDbMaterial
  1
Global
  2

 70
0
 40
1.0
 71
1
 41
1.0
 91
-1023410177
 42
1.0
 72
1
  3

 73
1
 74
1
 75
1
 44
0.5
 73
0
 45
1.0
 46
1.0
 77
1
  4

 78
1
 79
1
170
1
 48
1.0
171
1
  6

172
1
173
1
174
1
140
1.0
141
1.0
175
1
  7

176
1
177
1
178
1
143
1.0
179
1
  8

270
1
271
1
272
1
145
1.0
146
1.0
273
1
  9

274
1
275
1
276
1
 42
1.0
 72
1
  3

 73
1
 74
1
 75
1
 94
63
  0
MLINESTYLE
  5
22
102
{ACAD_REACTORS
330
10
102
}
330
10
100
AcDbMlineStyle
  2
Standard
 70
0
  3

 62
256
 51
90.0
 52
90.0
 71
2
 49
0.5
 62
256
  6
BYLAYER
 49
-0.5
 62
256
  6
BYLAYER
  0
MLEADERSTYLE
  5
2C
102
{ACAD_REACTORS
330
F
102
}
330
F
100
AcDbMLeaderStyle
179
2
170
2
171
1
172
0
 90
2
 40
0.0
 41
0.0
173
1
 91
-1056964608
 92
-2
290
1
 42
2.0
291
1
 43
8.0
  3
Standard
 44
4.0
300

342
29
174
1
175
1
176
0
178
1
 93
-1056964608
 45
4.0
292
0
297
0
 46
4.0
 94
-1056964608
 47
1.0
 49
1.0
140
1.0
294
1
141
0.0
177
0
142
1.0
295
0
296
0
143
3.75
271
0
272
9
273
9
  0
DICTIONARY
  5
2D
330
A
100
AcDbDictionary
280
1
281
1
  3
CREATED_BY_EZDXF
350
2E
  3
WRITTEN_BY_EZDXF
350
22A
  0
DICTIONARYVAR
  5
2E
330
2D
100
DictionaryVariables
280
0
  1
1.4.4 @ 2026-09-10T15:48:16.330008+00:00
  0
DICTIONARYVAR
  5
22A
330
2D
100
DictionaryVariables
280
0
  1
1.4.4 @ 2026-09-10T15:48:16.446532+00:00
  0
ENDSEC
  0
EOF
