  0
SECTION
  2
HEADER
  9
$ACADVER
  1
AC1024
  9
$ACADMAINTVER
 70
6
  9
$DWGCODEPAGE
  3
ANSI_1252
  9
$LASTSAVEDBY
  1
ezdxf
  9
$INSBASE
 10
0.0
 20
0.0
 30
0.0
  9
$EXTMIN
 10
1e+20
 20
1e+20
 30
1e+20
  9
$EXTMAX
 10
-1e+20
 20
-1e+20
 30
-1e+20
  9
$LIMMIN
 10
0.0
 20
0.0
  9
$LIMMAX
 10
420.0
 20
297.0
  9
$ORTHOMODE
 70
0
  9
$REGENMODE
 70
1
  9
$FILLMODE
 70
1
  9
$QTEXTMODE
 70
0
  9
$MIRRTEXT
 70
1
  9
$LTSCALE
 40
1.0
  9
$ATTMODE
 70
1
  9
$TEXTSIZE
 40
2.5
  9
$TRACEWID
 40
1.0
  9
$TEXTSTYLE
  7
Standard
  9
$CLAYER
  8
0
  9
$CELTYPE
  6
ByLayer
  9
$CECOLOR
 62
256
  9
$CELTSCALE
 40
1.0
  9
$DISPSILH
 70
0
  9
$DIMSCALE
 40
1.0
  9
$DIMASZ
 40
2.5
  9
$DIMEXO
 40
0.625
  9
$DIMDLI
 40
3.75
  9
$DIMRND
 40
0.0
  9
$DIMDLE
 40
0.0
  9
$DIMEXE
 40
1.25
  9
$DIMTP
 40
0.0
  9
$DIMTM
 40
0.0
  9
$DIMTXT
 40
2.5
  9
$DIMCEN
 40
2.5
  9
$DIMTSZ
 40
0.0
  9
$DIMTOL
 70
0
  9
$DIMLIM
 70
0
  9
$DIMTIH
 70
0
  9
$DIMTOH
 70
0
  9
$DIMSE1
 70
0
  9
$DIMSE2
 70
0
  9
$DIMTAD
 70
1
  9
$DIMZIN
 70
8
  9
$DIMBLK
  1

  9
$DIMASO
 70
1
  9
$DIMSHO
 70
1
  9
$DIMPOST
  1

  9
$DIMAPOST
  1

  9
$DIMALT
 70
0
  9
$DIMALTD
 70
3
  9
$DIMALTF
 40
0.03937007874
  9
$DIMLFAC
 40
1.0
  9
$DIMTOFL
 70
1
  9
$DIMTVP
 40
0.0
  9
$DIMTIX
 70
0
  9
$DIMSOXD
 70
0
  9
$DIMSAH
 70
0
  9
$DIMBLK1
  1

  9
$DIMBLK2
  1

  9
$DIMSTYLE
  2
ISO-25
  9
$DIMCLRD
 70
0
  9
$DIMCLRE
 70
0
  9
$DIMCLRT
 70
0
  9
$DIMTFAC
 40
1.0
  9
$DIMGAP
 40
0.625
  9
$DIMJUST
 70
0
  9
$DIMSD1
 70
0
  9
$DIMSD2
 70
0
  9
$DIMTOLJ
 70
0
  9
$DIMTZIN
 70
8
  9
$DIMALTZ
 70
0
  9
$DIMALTTZ
 70
0
  9
$DIMUPT
 70
0
  9
$DIMDEC
 70
2
  9
$DIMTDEC
 70
2
  9
$DIMALTU
 70
2
  9
$DIMALTTD
 70
3
  9
$DIMTXSTY
  7
Standard
  9
$DIMAUNIT
 70
0
  9
$DIMADEC
 70
0
  9
$DIMALTRND
 40
0.0
  9
$DIMAZIN
 70
0
  9
$DIMDSEP
 70
44
  9
$DIMATFIT
 70
3
  9
$DIMFRAC
 70
0
  9
$DIMLDRBLK
  1

  9
$DIMLUNIT
 70
2
  9
$DIMLWD
 70
-2
  9
$DIMLWE
 70
-2
  9
$DIMTMOVE
 70
0
  9
$DIMFXL
 40
1.0
  9
$DIMFXLON
 70
0
  9
$DIMJOGANG
 40
0.785398163397
  9
$DIMTFILL
 70
0
  9
$DIMTFILLCLR
 70
0
  9
$DIMARCSYM
 70
0
  9
$DIMLTYPE
  6

  9
$DIMLTEX1
  6

  9
$DIMLTEX2
  6

  9
$DIMTXTDIRECTION
 70
0
  9
$LUNITS
 70
2
  9
$LUPREC
 70
4
  9
$SKETCHINC
 40
1.0
  9
$FILLETRAD
 40
10.0
  9
$AUNITS
 70
0
  9
$AUPREC
 70
2
  9
$MENU
  1
.
  9
$ELEVATION
 40
0.0
  9
$PELEVATION
 40
0.0
  9
$THICKNESS
 40
0.0
  9
$LIMCHECK
 70
0
  9
$CHAMFERA
 40
0.0
  9
$CHAMFERB
 40
0.0
  9
$CHAMFERC
 40
0.0
  9
$CHAMFERD
 40
0.0
  9
$SKPOLY
 70
0
  9
$TDCREATE
 40
2461295.0335185183
  9
$TDUCREATE
 40
2458532.153996898
  9
$TDUPDATE
 40
2461295.0335185183
  9
$TDUUPDATE
 40
2458532.1544311
  9
$TDINDWG
 40
0.0
  9
$TDUSRTIMER
 40
0.0
  9
$USRTIMER
 70
1
  9
$ANGBASE
 50
0.0
  9
$ANGDIR
 70
0
  9
$PDMODE
 70
0
  9
$PDSIZE
 40
0.0
  9
$PLINEWID
 40
0.0
  9
$SPLFRAME
 70
0
  9
$SPLINETYPE
 70
6
  9
$SPLINESEGS
 70
8
  9
$HANDSEED
  5
162
  9
$SURFTAB1
 70
6
  9
$SURFTAB2
 70
6
  9
$SURFTYPE
 70
6
  9
$SURFU
 70
6
  9
$SURFV
 70
6
  9
$UCSBASE
  2

  9
$UCSNAME
  2

  9
$UCSORG
 10
0.0
 20
0.0
 30
0.0
  9
$UCSXDIR
 10
1.0
 20
0.0
 30
0.0
  9
$UCSYDIR
 10
0.0
 20
1.0
 30
0.0
  9
$UCSORTHOREF
  2

  9
$UCSORTHOVIEW
 70
0
  9
$UCSORGTOP
 10
0.0
 20
0.0
 30
0.0
  9
$UCSORGBOTTOM
 10
0.0
 20
0.0
 30
0.0
  9
$UCSORGLEFT
 10
0.0
 20
0.0
 30
0.0
  9
$UCSORGRIGHT
 10
0.0
 20
0.0
 30
0.0
  9
$UCSORGFRONT
 10
0.0
 20
0.0
 30
0.0
  9
$UCSORGBACK
 10
0.0
 20
0.0
 30
0.0
  9
$PUCSBASE
  2

  9
$PUCSNAME
  2

  9
$PUCSORG
 10
0.0
 20
0.0
 30
0.0
  9
$PUCSXDIR
 10
1.0
 20
0.0
 30
0.0
  9
$PUCSYDIR
 10
0.0
 20
1.0
 30
0.0
  9
$PUCSORTHOREF
  2

  9
$PUCSORTHOVIEW
 70
0
  9
$PUCSORGTOP
 10
0.0
 20
0.0
 30
0.0
  9
$PUCSORGBOTTOM
 10
0.0
 20
0.0
 30
0.0
  9
$PUCSORGLEFT
 10
0.0
 20
0.0
 30
0.0
  9
$PUCSORGRIGHT
 10
0.0
 20
0.0
 30
0.0
  9
$PUCSORGFRONT
 10
0.0
 20
0.0
 30
0.0
  9
$PUCSORGBACK
 10
0.0
 20
0.0
 30
0.0
  9
$USERI1
 70
0
  9
$USERI2
 70
0
  9
$USERI3
 70
0
  9
$USERI4
 70
0
  9
$USERI5
 70
0
  9
$USERR1
 40
0.0
  9
$USERR2
 40
0.0
  9
$USERR3
 40
0.0
  9
$USERR4
 40
0.0
  9
$USERR5
 40
0.0
  9
$WORLDVIEW
 70
1
  9
$SHADEDGE
 70
3
  9
$SHADEDIF
 70
70
  9
$TILEMODE
 70
1
  9
$MAXACTVP
 70
64
  9
$PINSBASE
 10
0.0
 20
0.0
 30
0.0
  9
$PLIMCHECK
 70
0
  9
$PEXTMIN
 10
1e+20
 20
1e+20
 30
1e+20
  9
$PEXTMAX
 10
-1e+20
 20
-1e+20
 30
-1e+20
  9
$PLIMMIN
 10
0.0
 20
0.0
  9
$PLIMMAX
 10
420.0
 20
297.0
  9
$UNITMODE
 70
0
  9
$VISRETAIN
 70
1
  9
$PLINEGEN
 70
0
  9
$PSLTSCALE
 70
1
  9
$TREEDEPTH
 70
3020
  9
$CMLSTYLE
  2
Standard
  9
$CMLJUST
 70
0
  9
$CMLSCALE
 40
20.0
  9
$PROXYGRAPHICS
 70
1
  9
$MEASUREMENT
 70
1
  9
$CELWEIGHT
370
-1
  9
$ENDCAPS
280
0
  9
$JOINSTYLE
280
0
  9
$LWDISPLAY
290
0
  9
$INSUNITS
 70
4
  9
$HYPERLINKBASE
  1

  9
$STYLESHEET
  1

  9
$XEDIT
290
1
  9
$CEPSNTYPE
380
0
  9
$PSTYLEMODE
290
1
  9
$FINGERPRINTGUID
  2
{6E40489D-9DD2-420D-88D7-127920E63DAB}
  9
$VERSIONGUID
  2
{05406696-3A12-459F-AB75-DBDBE590D868}
  9
$EXTNAMES
290
1
  9
$PSVPSCALE
 40
0.0
  9
$OLESTARTUP
290
0
  9
$SORTENTS
280
127
  9
$INDEXCTL
280
0
  9
$HIDETEXT
280
1
  9
$XCLIPFRAME
280
1
  9
$HALOGAP
280
0
  9
$OBSCOLOR
 70
257
  9
$OBSLTYPE
280
0
  9
$INTERSECTIONDISPLAY
280
0
  9
$INTERSECTIONCOLOR
 70
257
  9
$DIMASSOC
280
2
  9
$PROJECTNAME
  1

  9
$CAMERADISPLAY
290
0
  9
$LENSLENGTH
 40
50.0
  9
$CAMERAHEIGHT
 40
0.0
  9
$STEPSPERSEC
 40
24.0
  9
$STEPSIZE
 40
100.0
  9
$3DDWFPREC
 40
2.0
  9
$PSOLWIDTH
 40
0.005
  9
$PSOLHEIGHT
 40
0.08
  9
$LOFTANG1
 40
1.570796326795
  9
$LOFTANG2
 40
1.570796326795
  9
$LOFTMAG1
 40
0.0
  9
$LOFTMAG2
 40
0.0
  9
$LOFTPARAM
 70
7
  9
$LOFTNORMALS
280
1
  9
$LATITUDE
 40
37.795
  9
$LONGITUDE
 40
-122.394
  9
$NORTHDIRECTION
 40
0.0
  9
$TIMEZONE
 70
-8000
  9
$LIGHTGLYPHDISPLAY
280
1
  9
$TILEMODELIGHTSYNCH
280
1
  9
$CMATERIAL
347
20
  9
$SOLIDHIST
280
0
  9
$SHOWHIST
280
1
  9
$DWFFRAME
280
2
  9
$DGNFRAME
280
2
  9
$REALWORLDSCALE
290
1
  9
$INTERFERECOLOR
 62
256
  9
$CSHADOW
280
0
  9
$SHADOWPLANELOCATION
 40
0.0
  0
ENDSEC
  0
SECTION
  2
CLASSES
  0
CLASS
  1
ACDBDICTIONARYWDFLT
  2
AcDbDictionaryWithDefault
  3
ObjectDBX Classes
 90
0
 91
0
280
0
281
0
  0
CLASS
  1
SUN
  2
AcDbSun
  3
SCENEOE
 90
1153
 91
0
280
0
281
0
  0
CLASS
  1
VISUALSTYLE
  2
AcDbVisualStyle
  3
ObjectDBX Classes
 90
4095
 91
0
280
0
281
0
  0
CLASS
  1
MATERIAL
  2
AcDbMaterial
  3
ObjectDBX Classes
 90
1153
 91
0
280
0
281
0
  0
CLASS
  1
SCALE
  2
AcDbScale
  3
ObjectDBX Classes
 90
1153
 91
0
280
0
281
0
  0
CLASS
  1
TABLESTYLE
  2
AcDbTableStyle
  3
ObjectDBX Classes
 90
4095
 91
0
280
0
281
0
  0
CLASS
  1
MLEADERSTYLE
  2
AcDbMLeaderStyle
  3
ACDB_MLEADERSTYLE_CLASS
 90
4095
 91
0
280
0
281
0
  0
CLASS
  1
DICTIONARYVAR
  2
AcDbDictionaryVar
  3
ObjectDBX Classes
 90
0
 91
0
280
0
281
0
  0
CLASS
  1
CELLSTYLEMAP
  2
AcDbCellStyleMap
  3
ObjectDBX Classes
 90
1152
 91
0
280
0
281
0
  0
CLASS
  1
MENTALRAYRENDERSETTINGS
  2
AcDbMentalRayRenderSettings
  3
SCENEOE
 90
1024
 91
0
280
0
281
0
  0
CLASS
  1
ACDBDETAILVIEWSTYLE
  2
AcDbDetailViewStyle
  3
ObjectDBX Classes
 90
1025
 91
0
280
0
281
0
  0
CLASS
  1
ACDBSECTIONVIEWSTYLE
  2
AcDbSectionViewStyle
  3
ObjectDBX Classes
 90
1025
 91
0
280
0
281
0
  0
CLASS
  1
RASTERVARIABLES
  2
AcDbRasterVariables
  3
ISM
 90
0
 91
0
280
0
281
0
  0
CLASS
  1
ACDBPLACEHOLDER
  2
AcDbPlaceHolder
  3
ObjectDBX Classes
 90
0
 91
0
280
0
281
0
  0
CLASS
  1
LAYOUT
  2
AcDbLayout
  3
ObjectDBX Classes
 90
0
 91
0
280
0
281
0
  0
ENDSEC
  0
SECTION
  2
TABLES
  0
TABLE
  2
VPORT
  5
8
330
0
100
AcDbSymbolTable
 70
1
  0
VPORT
  5
15E
330
8
100
AcDbSymbolTableRecord
100
AcDbViewportTableRecord
  2
*Active
 70
0
 10
0.0
 20
0.0
 11
1.0
 21
1.0
 12
26000.0
 22
17000.0
 13
0.0
 23
0.0
 14
0.5
 24
0.5
 15
0.5
 25
0.5
 16
0.0
 26
0.0
 36
1.0
 17
0.0
 27
0.0
 37
0.0
 40
50000.0
 41
1.34
 42
50.0
 43
0.0
 44
0.0
 50
0.0
 51
0.0
 71
0
 72
1000
 73
1
 74
3
 75
0
 76
0
 77
0
 78
0
281
0
 65
1
110
0.0
120
0.0
130
0.0
111
1.0
121
0.0
131
0.0
112
0.0
122
1.0
132
0.0
 79
0
146
0.0
  0
ENDTAB
  0
TABLE
  2
LTYPE
  5
2
330
0
100
AcDbSymbolTable
 70
3
  0
LTYPE
  5
24
330
2
100
AcDbSymbolTableRecord
100
AcDbLinetypeTableRecord
  2
ByBlock
 70
0
  3

 72
65
 73
0
 40
0.0
  0
LTYPE
  5
25
330
2
100
AcDbSymbolTableRecord
100
AcDbLinetypeTableRecord
  2
ByLayer
 70
0
  3

 72
65
 73
0
 40
0.0
  0
LTYPE
  5
26
330
2
100
AcDbSymbolTableRecord
100
AcDbLinetypeTableRecord
  2
Continuous
 70
0
  3

 72
65
 73
0
 40
0.0
  0
ENDTAB
  0
TABLE
  2
LAYER
  5
1
330
0
100
AcDbSymbolTable
 70
5
  0
LAYER
  5
27
330
1
100
AcDbSymbolTableRecord
100
AcDbLayerTableRecord
  2
0
 70
0
 62
7
  6
Continuous
370
-3
390
13
347
21
  0
LAYER
  5
28
330
1
100
AcDbSymbolTableRecord
100
AcDbLayerTableRecord
  2
Defpoints
 70
0
 62
7
  6
Continuous
290
0
370
-3
390
13
347
21
  0
LAYER
  5
31
330
1
100
AcDbSymbolTableRecord
100
AcDbLayerTableRecord
  2
RASTER_CONTOURS
 70
0
 62
7
420
5264735
  6
Continuous
370
18
390
13
347
21
  0
LAYER
  5
155
330
1
100
AcDbSymbolTableRecord
100
AcDbLayerTableRecord
  2
EDITABLE_ROOM_LABELS
 70
0
 62
7
420
5264735
  6
Continuous
370
18
390
13
347
21
  0
LAYER
  5
15C
330
1
100
AcDbSymbolTableRecord
100
AcDbLayerTableRecord
  2
ANNOTATION
 70
0
 62
7
420
5264735
  6
Continuous
370
18
390
13
347
21
  0
ENDTAB
  0
TABLE
  2
STYLE
  5
5
330
0
100
AcDbSymbolTable
 70
2
  0
STYLE
  5
29
330
5
100
AcDbSymbolTableRecord
100
AcDbTextStyleTableRecord
  2
Standard
 70
0
 40
0.0
 41
1.0
 50
0.0
 71
0
 42
2.5
  3
txt
  4

  0
STYLE
  5
2F
330
5
100
AcDbSymbolTableRecord
100
AcDbTextStyleTableRecord
  2
JAPANESE
 70
0
 40
0.0
 41
1.0
 50
0.0
 71
0
 42
2.5
  3
msgothic.ttc
  4

  0
ENDTAB
  0
TABLE
  2
VIEW
  5
7
330
0
100
AcDbSymbolTable
 70
0
  0
ENDTAB
  0
TABLE
  2
UCS
  5
6
330
0
100
AcDbSymbolTable
 70
0
  0
ENDTAB
  0
TABLE
  2
APPID
  5
3
330
0
100
AcDbSymbolTable
 70
4
  0
APPID
  5
2A
330
3
100
AcDbSymbolTableRecord
100
AcDbRegAppTableRecord
  2
ACAD
 70
0
  0
APPID
  5
30
330
3
100
AcDbSymbolTableRecord
100
AcDbRegAppTableRecord
  2
SHOCHIKUZA
 70
0
  0
APPID
  5
15F
330
3
100
AcDbSymbolTableRecord
100
AcDbRegAppTableRecord
  2
HATCHBACKGROUNDCOLOR
 70
0
  0
APPID
  5
160
330
3
100
AcDbSymbolTableRecord
100
AcDbRegAppTableRecord
  2
EZDXF
 70
0
  0
ENDTAB
  0
TABLE
  2
DIMSTYLE
  5
4
330
0
100
AcDbSymbolTable
 70
1
100
AcDbDimStyleTable
  0
DIMSTYLE
105
2B
330
4
100
AcDbSymbolTableRecord
100
AcDbDimStyleTableRecord
  2
Standard
 70
0
 40
1.0
 41
2.5
 42
0.625
 43
3.75
 44
1.25
 45
0.0
 46
0.0
 47
0.0
 48
0.0
 49
2.5
140
2.5
141
2.5
142
0.0
143
0.03937007874
144
1.0
145
0.0
146
1.0
147
0.625
148
0.0
 69
0
 70
0
 71
0
 72
0
 73
0
 74
0
 75
0
 76
0
 77
1
 78
8
 79
3
170
0
171
3
172
1
173
0
174
0
175
0
176
0
177
0
178
0
179
2
271
2
272
2
273
2
274
3
275
0
276
0
277
2
278
44
279
0
280
0
281
0
282
0
283
0
284
8
285
0
286
0
288
0
289
3
290
0
371
-2
372
-2
  0
ENDTAB
  0
TABLE
  2
BLOCK_RECORD
  5
9
330
0
100
AcDbSymbolTable
 70
2
  0
BLOCK_RECORD
  5
17
330
9
100
AcDbSymbolTableRecord
100
AcDbBlockTableRecord
  2
*Model_Space
340
1A
 70
0
280
1
281
0
  0
BLOCK_RECORD
  5
1B
330
9
100
AcDbSymbolTableRecord
100
AcDbBlockTableRecord
  2
*Paper_Space
340
1E
 70
0
280
1
281
0
  0
ENDTAB
  0
ENDSEC
  0
SECTION
  2
BLOCKS
  0
BLOCK
  5
18
330
17
100
AcDbEntity
  8
0
100
AcDbBlockBegin
  2
*Model_Space
 70
0
 10
0.0
 20
0.0
 30
0.0
  3
*Model_Space
  1

  0
ENDBLK
  5
19
330
17
100
AcDbEntity
  8
0
100
AcDbBlockEnd
  0
BLOCK
  5
1C
330
1B
100
AcDbEntity
  8
0
100
AcDbBlockBegin
  2
*Paper_Space
 70
0
 10
0.0
 20
0.0
 30
0.0
  3
*Paper_Space
  1

  0
ENDBLK
  5
1D
330
1B
100
AcDbEntity
  8
0
100
AcDbBlockEnd
  0
ENDSEC
  0
SECTION
  2
ENTITIES
  0
LWPOLYLINE
  5
32
330
17
100
AcDbEntity
  8
RASTER_CONTOURS
100
AcDbPolyline
 90
7
 70
1
 10
5470.463750967096
 20
-1768.8029562166382
 10
5511.764438174123
 20
-1726.3633309693578
 10
5553.065125381149
 20
-1768.8029562166382
 10
5842.169935830338
 20
-1768.8029562166382
 10
5883.470623037364
 20
-1853.6822067112084
 10
5842.169935830338
 20
-1896.1218319584937
 10
5511.764438174123
 20
-1896.1218319584937
  0
LWPOLYLINE
  5
33
330
17
100
AcDbEntity
  8
RASTER_CONTOURS
100
AcDbPolyline
 90
7
 70
1
 10
8237.609793837892
 20
-1768.8029562166382
 10
8320.211168251946
 20
-1683.9237057220726
 10
8526.714604287079
 20
-1683.9237057220726
 10
8568.015291494106
 20
-1726.3633309693578
 10
8568.015291494106
 20
-1811.2425814639232
 10
8444.113229873026
 20
-1896.1218319584937
 10
8278.910481044919
 20
-1853.6822067112084
  0
LWPOLYLINE
  5
34
330
17
100
AcDbEntity
  8
RASTER_CONTOURS
100
AcDbPolyline
 90
10
 70
1
 10
5470.463750967096
 20
-1641.4840804747876
 10
5511.764438174123
 20
-1514.1652047329321
 10
5553.065125381149
 20
-1556.6048299802173
 10
5594.365812588176
 20
-1514.1652047329321
 10
5842.169935830338
 20
-1514.1652047329321
 10
5924.771310244391
 20
-1599.0444552275023
 10
5842.169935830338
 20
-1683.9237057220726
 10
5594.365812588176
 20
-1683.9237057220726
 10
5553.065125381149
 20
-1641.4840804747876
 10
5511.764438174123
 20
-1683.9237057220726
  0
LWPOLYLINE
  5
35
330
17
100
AcDbEntity
  8
RASTER_CONTOURS
100
AcDbPolyline
 90
8
 70
1
 10
3942.3383243071044
 20
-1471.7255794856471
 10
4024.939698721158
 20
-1471.7255794856471
 10
4148.841760342239
 20
-1641.4840804747876
 10
4148.841760342239
 20
-1768.8029562166382
 10
4024.939698721158
 20
-1853.6822067112084
 10
3901.037637100078
 20
-1853.6822067112084
 10
3818.4362626860243
 20
-1768.8029562166382
 10
3818.4362626860243
 20
-1599.0444552275023
  0
LWPOLYLINE
  5
36
330
17
100
AcDbEntity
  8
RASTER_CONTOURS
100
AcDbPolyline
 90
6
 70
1
 10
8237.609793837892
 20
-1514.1652047329321
 10
8320.211168251946
 20
-1429.285954238362
 10
8485.413917080052
 20
-1429.285954238362
 10
8568.015291494106
 20
-1556.6048299802173
 10
8526.714604287079
 20
-1599.0444552275023
 10
8320.211168251946
 20
-1599.0444552275023
  0
LWPOLYLINE
  5
37
330
17
100
AcDbEntity
  8
RASTER_CONTOURS
100
AcDbPolyline
 90
13
 70
1
 10
5346.561689346016
 20
-1471.7255794856471
 10
5346.561689346016
 20
-2023.4407077003489
 10
5470.463750967096
 20
-1981.0010824530639
 10
5883.470623037364
 20
-1981.0010824530639
 10
6007.372684658445
 20
-2023.4407077003489
 10
6007.372684658445
 20
-1514.1652047329321
 10
5883.470623037364
 20
-1429.285954238362
 10
5800.869248623311
 20
-1471.7255794856471
 10
5676.967187002229
 20
-1344.4067037437962
 10
5594.365812588176
 20
-1344.4067037437962
 10
5594.365812588176
 20
-1386.8463289910767
 10
5470.463750967096
 20
-1471.7255794856471
 10
5429.163063760069
 20
-1429.285954238362
  0
LWPOLYLINE
  5
38
330
17
100
AcDbEntity
  8
RASTER_CONTOURS
100
AcDbPolyline
 90
5
 70
1
 10
4974.855504482774
 20
-1259.527453249226
 10
5098.7575661038545
 20
-1429.285954238362
 10
5016.156191689802
 20
-1599.0444552275023
 10
4933.554817275748
 20
-1556.6048299802173
 10
4933.554817275748
 20
-1301.9670784965112
  0
LWPOLYLINE
  5
39
330
17
100
AcDbEntity
  8
RASTER_CONTOURS
100
AcDbPolyline
 90
10
 70
1
 10
8733.218040322214
 20
-1174.6482027546558
 10
8857.120101943294
 20
-1174.6482027546558
 10
8898.42078915032
 20
-1217.087828001941
 10
8898.42078915032
 20
-1386.8463289910767
 10
8939.721476357347
 20
-1429.285954238362
 10
8939.721476357347
 20
-1726.3633309693578
 10
8857.120101943294
 20
-1853.6822067112084
 10
8691.917353115186
 20
-1853.6822067112084
 10
8650.61666590816
 20
-1811.2425814639232
 10
8650.61666590816
 20
-1259.527453249226
  0
LWPOLYLINE
  5
3A
330
17
100
AcDbEntity
  8
RASTER_CONTOURS
100
AcDbPolyline
 90
6
 70
1
 10
8237.609793837892
 20
-1259.527453249226
 10
8320.211168251946
 20
-1174.6482027546558
 10
8485.413917080052
 20
-1174.6482027546558
 10
8568.015291494106
 20
-1301.9670784965112
 10
8526.714604287079
 20
-1344.4067037437962
 10
8320.211168251946
 20
-1344.4067037437962
  0
LWPOLYLINE
  5
3B
330
17
100
AcDbEntity
  8
RASTER_CONTOURS
100
AcDbPolyline
 90
7
 70
1
 10
7989.8056705957315
 20
-1174.6482027546558
 10
8072.407045009785
 20
-1174.6482027546558
 10
8155.008419423838
 20
-1259.527453249226
 10
8155.008419423838
 20
-1811.2425814639232
 10
8031.106357802758
 20
-1896.1218319584937
 10
7907.204296181678
 20
-1768.8029562166382
 10
7907.204296181678
 20
-1301.9670784965112
  0
LWPOLYLINE
  5
3C
330
17
100
AcDbEntity
  8
RASTER_CONTOURS
100
AcDbPolyline
 90
4
 70
1
 10
6502.980931142766
 20
-1047.3293270128052
 10
6544.281618349793
 20
-1259.527453249226
 10
6668.183679970873
 20
-1301.9670784965112
 10
6626.882992763846
 20
-1132.2085775073708
  0
LWPOLYLINE
  5
3D
330
17
100
AcDbEntity
  8
RASTER_CONTOURS
100
AcDbPolyline
 90
7
 70
1
 10
3942.3383243071044
 20
-1004.88970176552
 10
4024.939698721158
 20
-1004.88970176552
 10
4107.541073135211
 20
-1089.7689522600856
 10
4107.541073135211
 20
-1174.6482027546558
 10
4024.939698721158
 20
-1301.9670784965112
 10
3942.3383243071044
 20
-1301.9670784965112
 10
3818.4362626860243
 20
-1174.6482027546558
  0
LWPOLYLINE
  5
3E
330
17
100
AcDbEntity
  8
RASTER_CONTOURS
100
AcDbPolyline
 90
5
 70
1
 10
7370.29536249033
 20
-1004.88970176552
 10
7205.092613662221
 20
-1217.087828001941
 10
7205.092613662221
 20
-1301.9670784965112
 10
7287.693988076277
 20
-1301.9670784965112
 10
7411.596049697357
 20
-1132.2085775073708
  0
LWPOLYLINE
  5
3F
330
17
100
AcDbEntity
  8
RASTER_CONTOURS
100
AcDbPolyline
 90
20
 70
1
 10
4024.939698721158
 20
-877.5708260236647
 10
3983.639011514131
 20
-920.0104512709498
 10
3859.736949893051
 20
-920.0104512709498
 10
3735.8348882719706
 20
-1047.3293270128052
 10
3735.8348882719706
 20
-1259.527453249226
 10
3818.4362626860243
 20
-1344.4067037437962
 10
3818.4362626860243
 20
-1429.285954238362
 10
3694.534201064944
 20
-1599.0444552275023
 10
3694.534201064944
 20
-1768.8029562166382
 10
3735.8348882719706
 20
-1853.6822067112084
 10
3901.037637100078
 20
-1981.0010824530639
 10
4024.939698721158
 20
-1981.0010824530639
 10
4190.142447549265
 20
-1896.1218319584937
 10
4272.743821963319
 20
-1726.3633309693578
 10
4272.743821963319
 20
-1641.4840804747876
 10
4148.841760342239
 20
-1429.285954238362
 10
4148.841760342239
 20
-1344.4067037437962
 10
4231.443134756292
 20
-1259.527453249226
 10
4231.443134756292
 20
-1047.3293270128052
 10
4190.142447549265
 20
-962.4500765182349
  0
LWPOLYLINE
  5
40
330
17
100
AcDbEntity
  8
RASTER_CONTOURS
100
AcDbPolyline
 90
27
 70
1
 10
7783.302234560598
 20
-792.6915755290945
 10
7824.602921767624
 20
-877.5708260236647
 10
8320.211168251946
 20
-877.5708260236647
 10
8361.511855458972
 20
-920.0104512709498
 10
8361.511855458972
 20
-1047.3293270128052
 10
8320.211168251946
 20
-1089.7689522600856
 10
7907.204296181678
 20
-1089.7689522600856
 10
7824.602921767624
 20
-1174.6482027546558
 10
7824.602921767624
 20
-1981.0010824530639
 10
7948.504983388704
 20
-2023.4407077003489
 10
7989.8056705957315
 20
-1981.0010824530639
 10
8402.812542665999
 20
-1981.0010824530639
 10
8444.113229873026
 20
-1938.5614572057787
 10
8650.61666590816
 20
-1981.0010824530639
 10
8691.917353115186
 20
-1938.5614572057787
 10
8815.819414736266
 20
-1938.5614572057787
 10
8981.022163564374
 20
-2023.4407077003489
 10
9022.322850771401
 20
-1938.5614572057787
 10
8981.022163564374
 20
-1896.1218319584937
 10
8981.022163564374
 20
-1132.2085775073708
 10
8939.721476357347
 20
-1089.7689522600856
 10
8526.714604287079
 20
-1089.7689522600856
 10
8485.413917080052
 20
-962.4500765182349
 10
8609.315978701132
 20
-877.5708260236647
 10
9022.322850771401
 20
-877.5708260236647
 10
9063.623537978427
 20
-835.1312007763796
 10
9022.322850771401
 20
-792.6915755290945
  0
LWPOLYLINE
  5
41
330
17
100
AcDbEntity
  8
RASTER_CONTOURS
100
AcDbPolyline
 90
27
 70
1
 10
6379.078869521685
 20
-877.5708260236647
 10
6792.085741591953
 20
-877.5708260236647
 10
6874.687116006006
 20
-962.4500765182349
 10
6874.687116006006
 20
-1344.4067037437962
 10
6792.085741591953
 20
-1429.285954238362
 10
6337.778182314659
 20
-1429.285954238362
 10
6296.477495107632
 20
-1514.1652047329321
 10
6833.38642879898
 20
-1514.1652047329321
 10
6874.687116006006
 20
-1556.6048299802173
 10
6874.687116006006
 20
-2023.4407077003489
 10
6915.987803213034
 20
-2065.8803329476295
 10
6957.28849042006
 20
-2023.4407077003489
 10
6957.28849042006
 20
-1599.0444552275023
 10
7039.889864834114
 20
-1514.1652047329321
 10
7576.798798525464
 20
-1514.1652047329321
 10
7576.798798525464
 20
-1429.285954238362
 10
7246.3933008692475
 20
-1429.285954238362
 10
7205.092613662221
 20
-1386.8463289910767
 10
7163.791926455194
 20
-1429.285954238362
 10
7039.889864834114
 20
-1429.285954238362
 10
6957.28849042006
 20
-1344.4067037437962
 10
6957.28849042006
 20
-962.4500765182349
 10
7039.889864834114
 20
-877.5708260236647
 10
7411.596049697357
 20
-877.5708260236647
 10
7452.896736904384
 20
-835.1312007763796
 10
7411.596049697357
 20
-792.6915755290945
 10
6420.3795567287125
 20
-792.6915755290945
  0
LWPOLYLINE
  5
42
330
17
100
AcDbEntity
  8
RASTER_CONTOURS
100
AcDbPolyline
 90
13
 70
1
 10
5759.568561416284
 20
-792.6915755290945
 10
5718.267874209258
 20
-835.1312007763796
 10
5718.267874209258
 20
-1259.527453249226
 10
5883.470623037364
 20
-1259.527453249226
 10
5924.771310244391
 20
-1301.9670784965112
 10
6048.673371865471
 20
-1259.527453249226
 10
6089.974059072499
 20
-1132.2085775073708
 10
5924.771310244391
 20
-1217.087828001941
 10
5800.869248623311
 20
-1132.2085775073708
 10
5800.869248623311
 20
-1047.3293270128052
 10
5966.071997451418
 20
-962.4500765182349
 10
6007.372684658445
 20
-877.5708260236647
 10
5842.169935830338
 20
-920.0104512709498
  0
LWPOLYLINE
  5
43
330
17
100
AcDbEntity
  8
RASTER_CONTOURS
100
AcDbPolyline
 90
12
 70
1
 10
5429.163063760069
 20
-792.6915755290945
 10
5346.561689346016
 20
-835.1312007763796
 10
5346.561689346016
 20
-1132.2085775073708
 10
5263.960314931962
 20
-1217.087828001941
 10
5305.261002138988
 20
-1301.9670784965112
 10
5594.365812588176
 20
-1217.087828001941
 10
5594.365812588176
 20
-1174.6482027546558
 10
5511.764438174123
 20
-1174.6482027546558
 10
5429.163063760069
 20
-1089.7689522600856
 10
5470.463750967096
 20
-1004.88970176552
 10
5594.365812588176
 20
-962.4500765182349
 10
5511.764438174123
 20
-920.0104512709498
  0
LWPOLYLINE
  5
44
330
17
100
AcDbEntity
  8
RASTER_CONTOURS
100
AcDbPolyline
 90
13
 70
1
 10
5140.058253310882
 20
-750.2519502818094
 10
4933.554817275748
 20
-750.2519502818094
 10
4850.953442861694
 20
-792.6915755290945
 10
4850.953442861694
 20
-2023.4407077003489
 10
4933.554817275748
 20
-1981.0010824530639
 10
4933.554817275748
 20
-1726.3633309693578
 10
4974.855504482774
 20
-1683.9237057220726
 10
5098.7575661038545
 20
-1683.9237057220726
 10
5181.358940517908
 20
-1599.0444552275023
 10
5181.358940517908
 20
-1386.8463289910767
 10
5057.456878896828
 20
-1217.087828001941
 10
5057.456878896828
 20
-1089.7689522600856
 10
5181.358940517908
 20
-877.5708260236647
  0
LWPOLYLINE
  5
45
330
17
100
AcDbEntity
  8
RASTER_CONTOURS
100
AcDbPolyline
 90
2
 70
1
 10
32935.42074363992
 20
-665.3726997872438
 10
37850.20252127611
 20
-665.3726997872438
  0
LWPOLYLINE
  5
46
330
17
100
AcDbEntity
  8
RASTER_CONTOURS
100
AcDbPolyline
 90
4
 70
1
 10
51644.63204842306
 20
-622.9330745399586
 10
52140.24029490738
 20
-622.9330745399586
 10
52016.3382332863
 20
-580.4934492926735
 10
51727.233422837126
 20
-580.4934492926735
  0
LWPOLYLINE
  5
47
330
17
100
AcDbEntity
  8
RASTER_CONTOURS
100
AcDbPolyline
 90
12
 70
1
 10
11954.671642470305
 20
-453.1745735508182
 10
12161.17507850544
 20
-368.29532305625264
 10
12367.678514540572
 20
-368.29532305625264
 10
12408.9792017476
 20
-410.7349483035331
 10
12739.384699403812
 20
-368.29532305625264
 10
12821.986073817867
 20
-410.7349483035331
 10
12863.286761024894
 20
-495.6141987981033
 10
12821.986073817867
 20
-538.0538240453884
 10
12615.482637782732
 20
-538.0538240453884
 10
12574.181950575707
 20
-495.6141987981033
 10
12450.279888954627
 20
-538.0538240453884
 10
12037.273016884357
 20
-538.0538240453884
  0
LWPOLYLINE
  5
48
330
17
100
AcDbEntity
  8
RASTER_CONTOURS
100
AcDbPolyline
 90
6
 70
1
 10
16167.341737587038
 20
-453.1745735508182
 10
16497.747235243252
 20
-325.85569780896753
 10
16621.649296864332
 20
-325.85569780896753
 10
16786.85204569244
 20
-453.1745735508182
 10
16704.250671278387
 20
-538.0538240453884
 10
16456.446548036227
 20
-538.0538240453884
  0
LWPOLYLINE
  5
49
330
17
100
AcDbEntity
  8
RASTER_CONTOURS
100
AcDbPolyline
 90
6
 70
1
 10
13524.097756337322
 20
-156.09719681982705
 10
13606.699130751374
 20
-71.2179463252568
 10
13771.901879579484
 20
-71.2179463252568
 10
13813.202566786511
 20
-113.65757157254193
 10
13771.901879579484
 20
-198.53682206711215
 10
13565.398443544349
 20
-198.53682206711215
  0
LWPOLYLINE
  5
4A
330
17
100
AcDbEntity
  8
RASTER_CONTOURS
100
AcDbPolyline
 90
10
 70
1
 10
12574.181950575707
 20
-156.09719681982705
 10
12615.482637782732
 20
-71.2179463252568
 10
12780.68538661084
 20
-71.2179463252568
 10
12821.986073817867
 20
-28.77832107797169
 10
13069.790197060027
 20
-113.65757157254193
 10
12987.188822645974
 20
-198.53682206711215
 10
12821.986073817867
 20
-198.53682206711215
 10
12780.68538661084
 20
-156.09719681982705
 10
12739.384699403812
 20
-198.53682206711215
 10
12615.482637782732
 20
-198.53682206711215
  0
LWPOLYLINE
  5
4B
330
17
100
AcDbEntity
  8
RASTER_CONTOURS
100
AcDbPolyline
 90
6
 70
1
 10
11789.468893642197
 20
-113.65757157254193
 10
11830.769580849224
 20
-28.77832107797169
 10
12367.678514540572
 20
-28.77832107797169
 10
12408.9792017476
 20
-71.2179463252568
 10
12161.17507850544
 20
-156.09719681982705
 10
11830.769580849224
 20
-156.09719681982705
  0
LWPOLYLINE
  5
4C
330
17
100
AcDbEntity
  8
RASTER_CONTOURS
100
AcDbPolyline
 90
6
 70
1
 10
10922.154462294633
 20
-71.2179463252568
 10
10963.45514950166
 20
-28.77832107797169
 10
11500.36408319301
 20
-28.77832107797169
 10
11541.664770400037
 20
-71.2179463252568
 10
11500.36408319301
 20
-113.65757157254193
 10
10963.45514950166
 20
-113.65757157254193
  0
LWPOLYLINE
  5
4D
330
17
100
AcDbEntity
  8
RASTER_CONTOURS
100
AcDbPolyline
 90
5
 70
1
 10
13978.405315614618
 20
-71.2179463252568
 10
14143.608064442726
 20
13.661304169308755
 10
14308.810813270831
 20
-71.2179463252568
 10
14267.510126063806
 20
-113.65757157254193
 10
14019.706002821646
 20
-113.65757157254193
  0
LWPOLYLINE
  5
4E
330
17
100
AcDbEntity
  8
RASTER_CONTOURS
100
AcDbPolyline
 90
6
 70
1
 10
10096.140718154098
 20
-71.2179463252568
 10
10178.742092568153
 20
13.661304169308755
 10
10261.343466982205
 20
-28.77832107797169
 10
10302.644154189233
 20
-113.65757157254193
 10
10261.343466982205
 20
-156.09719681982705
 10
10137.441405361125
 20
-156.09719681982705
  0
LWPOLYLINE
  5
4F
330
17
100
AcDbEntity
  8
RASTER_CONTOURS
100
AcDbPolyline
 90
6
 70
1
 10
12532.88126336868
 20
140.9801799111641
 10
12574.181950575707
 20
183.41980515844924
 10
12945.888135438947
 20
183.41980515844924
 10
12987.188822645974
 20
140.9801799111641
 10
12945.888135438947
 20
98.54055466387899
 10
12574.181950575707
 20
98.54055466387899
  0
LWPOLYLINE
  5
50
330
17
100
AcDbEntity
  8
RASTER_CONTOURS
100
AcDbPolyline
 90
6
 70
1
 10
10839.55308788058
 20
140.9801799111641
 10
10880.853775087606
 20
183.41980515844924
 10
11128.657898329768
 20
183.41980515844924
 10
11169.958585536793
 20
140.9801799111641
 10
11128.657898329768
 20
98.54055466387899
 10
10880.853775087606
 20
98.54055466387899
  0
LWPOLYLINE
  5
51
330
17
100
AcDbEntity
  8
RASTER_CONTOURS
100
AcDbPolyline
 90
6
 70
1
 10
10302.644154189233
 20
140.9801799111641
 10
10343.944841396258
 20
183.41980515844924
 10
10633.049651845446
 20
183.41980515844924
 10
10674.350339052473
 20
140.9801799111641
 10
10633.049651845446
 20
98.54055466387899
 10
10343.944841396258
 20
98.54055466387899
  0
LWPOLYLINE
  5
52
330
17
100
AcDbEntity
  8
RASTER_CONTOURS
100
AcDbPolyline
 90
7
 70
1
 10
11748.168206435172
 20
140.9801799111641
 10
11913.370955263277
 20
225.85943040573434
 10
12119.874391298412
 20
225.85943040573434
 10
12285.07714012652
 20
140.9801799111641
 10
12078.573704091385
 20
56.10092941659387
 10
11995.972329677332
 20
98.54055466387899
 10
11789.468893642197
 20
98.54055466387899
  0
LWPOLYLINE
  5
53
330
17
100
AcDbEntity
  8
RASTER_CONTOURS
100
AcDbPolyline
 90
5
 70
1
 10
10178.742092568153
 20
225.85943040573434
 10
10302.644154189233
 20
140.9801799111641
 10
10220.042779775178
 20
13.661304169308755
 10
10178.742092568153
 20
13.661304169308755
 10
10096.140718154098
 20
140.9801799111641
  0
LWPOLYLINE
  5
54
330
17
100
AcDbEntity
  8
RASTER_CONTOURS
100
AcDbPolyline
 90
6
 70
1
 10
18562.78159559459
 20
183.41980515844924
 10
18604.082282801617
 20
268.2990556530195
 10
18769.285031629723
 20
268.2990556530195
 10
18810.58571883675
 20
225.85943040573434
 10
18727.984344422697
 20
140.9801799111641
 10
18604.082282801617
 20
140.9801799111641
  0
LWPOLYLINE
  5
55
330
17
100
AcDbEntity
  8
RASTER_CONTOURS
100
AcDbPolyline
 90
5
 70
1
 10
53709.66640877441
 20
310.7386809002999
 10
53627.06503436034
 20
56.10092941659387
 10
53627.06503436034
 20
-410.7349483035331
 10
53709.66640877441
 20
-240.9764473143973
 10
53668.36572156737
 20
-156.09719681982705
  0
LWPOLYLINE
  5
56
330
17
100
AcDbEntity
  8
RASTER_CONTOURS
100
AcDbPolyline
 90
6
 70
1
 10
10385.245528603285
 20
353.17830614758503
 10
10426.546215810313
 20
438.05755664215525
 10
10756.951713466526
 20
438.05755664215525
 10
10798.252400673553
 20
395.61793139487014
 10
10674.350339052473
 20
310.7386809002999
 10
10426.546215810313
 20
310.7386809002999
  0
LWPOLYLINE
  5
57
330
17
100
AcDbEntity
  8
RASTER_CONTOURS
100
AcDbPolyline
 90
17
 70
1
 10
13895.803941200564
 20
395.61793139487014
 10
13854.503253993538
 20
353.17830614758503
 10
13606.699130751374
 20
353.17830614758503
 10
13565.398443544349
 20
310.7386809002999
 10
13524.097756337322
 20
353.17830614758503
 10
12904.58744823192
 20
353.17830614758503
 10
12863.286761024894
 20
310.7386809002999
 10
12780.68538661084
 20
353.17830614758503
 10
12491.580576161652
 20
353.17830614758503
 10
12450.279888954627
 20
310.7386809002999
 10
11500.36408319301
 20
353.17830614758503
 10
11417.762708778955
 20
310.7386809002999
 10
11335.1613343649
 20
395.61793139487014
 10
11376.462021571928
 20
438.05755664215525
 10
13441.496381923267
 20
438.05755664215525
 10
13482.797069130294
 20
480.4971818894404
 10
13647.999817958404
 20
480.4971818894404
  0
LWPOLYLINE
  5
58
330
17
100
AcDbEntity
  8
RASTER_CONTOURS
100
AcDbPolyline
 90
2
 70
1
 10
53998.77121922358
 20
480.4971818894404
 10
53998.77121922358
 20
183.41980515844924
  0
LWPOLYLINE
  5
59
330
17
100
AcDbEntity
  8
RASTER_CONTOURS
100
AcDbPolyline
 90
5
 70
1
 10
53337.960223911155
 20
480.4971818894404
 10
53337.960223911155
 20
395.61793139487014
 10
53214.058162290086
 20
268.2990556530195
 10
53048.85541346198
 20
268.2990556530195
 10
53337.960223911155
 20
268.2990556530195
  0
LWPOLYLINE
  5
5A
330
17
100
AcDbEntity
  8
RASTER_CONTOURS
100
AcDbPolyline
 90
14
 70
1
 10
9394.029035634643
 20
480.4971818894404
 10
9394.029035634643
 20
395.61793139487014
 10
9311.427661220587
 20
310.7386809002999
 10
9187.525599599507
 20
395.61793139487014
 10
9187.525599599507
 20
480.4971818894404
 10
9146.224912392481
 20
480.4971818894404
 10
9146.224912392481
 20
353.17830614758503
 10
9022.322850771401
 20
310.7386809002999
 10
9228.826286806534
 20
98.54055466387899
 10
9187.525599599507
 20
-28.77832107797169
 10
9228.826286806534
 20
-28.77832107797169
 10
9394.029035634643
 20
183.41980515844924
 10
9352.728348427614
 20
268.2990556530195
 10
9435.32972284167
 20
395.61793139487014
  0
LWPOLYLINE
  5
5B
330
17
100
AcDbEntity
  8
RASTER_CONTOURS
100
AcDbPolyline
 90
5
 70
1
 10
10385.245528603285
 20
522.9368071367255
 10
10426.546215810313
 20
565.3764323840106
 10
10591.74896463842
 20
565.3764323840106
 10
10633.049651845446
 20
522.9368071367255
 10
10509.147590224366
 20
438.05755664215525
  0
LWPOLYLINE
  5
5C
330
17
100
AcDbEntity
  8
RASTER_CONTOURS
100
AcDbPolyline
 90
4
 70
1
 10
29342.260956628586
 20
1032.2123101041375
 10
29218.358895007506
 20
989.7726848568525
 10
29300.96026942156
 20
862.4538091150018
 10
29300.96026942156
 20
777.5745586204315
  0
LWPOLYLINE
  5
5D
330
17
100
AcDbEntity
  8
RASTER_CONTOURS
100
AcDbPolyline
 90
6
 70
1
 10
31324.69394256587
 20
1074.6519353514227
 10
31200.79188094479
 20
989.7726848568525
 10
31324.69394256587
 20
862.4538091150018
 10
31324.69394256587
 20
735.1349333731464
 10
31324.69394256587
 20
862.4538091150018
 10
31407.295316979926
 20
989.7726848568525
  0
LWPOLYLINE
  5
5E
330
17
100
AcDbEntity
  8
RASTER_CONTOURS
100
AcDbPolyline
 90
4
 70
1
 10
30416.078824011285
 20
1074.6519353514227
 10
30374.778136804256
 20
947.333059609572
 10
30457.37951121831
 20
820.0141838677166
 10
30498.680198425336
 20
1032.2123101041375
  0
LWPOLYLINE
  5
5F
330
17
100
AcDbEntity
  8
RASTER_CONTOURS
100
AcDbPolyline
 90
2
 70
1
 10
22279.843444227005
 20
1074.6519353514227
 10
22279.843444227005
 20
777.5745586204315
  0
LWPOLYLINE
  5
60
330
17
100
AcDbEntity
  8
RASTER_CONTOURS
100
AcDbPolyline
 90
2
 70
1
 10
11954.671642470305
 20
1074.6519353514227
 10
16084.740363172985
 20
1074.6519353514227
  0
LWPOLYLINE
  5
61
330
17
100
AcDbEntity
  8
RASTER_CONTOURS
100
AcDbPolyline
 90
4
 70
1
 10
30705.18363446047
 20
1117.091560598708
 10
30663.882947253445
 20
947.333059609572
 10
30746.484321667496
 20
862.4538091150018
 10
30787.785008874525
 20
1032.2123101041375
  0
LWPOLYLINE
  5
62
330
17
100
AcDbEntity
  8
RASTER_CONTOURS
100
AcDbPolyline
 90
8
 70
1
 10
10178.742092568153
 20
1117.091560598708
 10
10096.140718154098
 20
1032.2123101041375
 10
10137.441405361125
 20
904.8934343622869
 10
10096.140718154098
 20
862.4538091150018
 10
10220.042779775178
 20
820.0141838677166
 10
10178.742092568153
 20
904.8934343622869
 10
10220.042779775178
 20
947.333059609572
 10
10220.042779775178
 20
1074.6519353514227
  0
LWPOLYLINE
  5
63
330
17
100
AcDbEntity
  8
RASTER_CONTOURS
100
AcDbPolyline
 90
7
 70
1
 10
8691.917353115186
 20
1117.091560598708
 10
8650.61666590816
 20
947.333059609572
 10
8774.51872752924
 20
947.333059609572
 10
8939.721476357347
 20
735.1349333731464
 10
9022.322850771401
 20
735.1349333731464
 10
8857.120101943294
 20
862.4538091150018
 10
8857.120101943294
 20
989.7726848568525
  0
LWPOLYLINE
  5
64
330
17
100
AcDbEntity
  8
RASTER_CONTOURS
100
AcDbPolyline
 90
9
 70
1
 10
17695.467164247028
 20
862.4538091150018
 10
17695.467164247028
 20
1117.091560598708
 10
17654.166477040002
 20
1159.531185845993
 10
17571.565102625947
 20
1074.6519353514227
 10
17323.760979383787
 20
1074.6519353514227
 10
17571.565102625947
 20
1074.6519353514227
 10
17654.166477040002
 20
989.7726848568525
 10
17571.565102625947
 20
862.4538091150018
 10
17654.166477040002
 20
820.0141838677166
  0
LWPOLYLINE
  5
65
330
17
100
AcDbEntity
  8
RASTER_CONTOURS
100
AcDbPolyline
 90
8
 70
1
 10
28722.750648523186
 20
1201.9708110932781
 10
28722.750648523186
 20
1074.6519353514227
 10
28681.44996131616
 20
1032.2123101041375
 10
28433.645838074
 20
1032.2123101041375
 10
28474.946525281026
 20
862.4538091150018
 10
28598.848586902106
 20
904.8934343622869
 10
28764.05133573021
 20
777.5745586204315
 10
28846.652710144266
 20
947.333059609572
  0
LWPOLYLINE
  5
66
330
17
100
AcDbEntity
  8
RASTER_CONTOURS
100
AcDbPolyline
 90
33
 70
1
 10
37148.09083875665
 20
1329.2896868351334
 10
37271.992900377736
 20
1456.608562576984
 10
44458.312474400394
 20
1456.608562576984
 10
44540.91384881446
 20
1371.7293120824138
 10
44540.91384881446
 20
904.8934343622869
 10
44582.21453602148
 20
820.0141838677166
 10
44540.91384881446
 20
777.5745586204315
 10
44540.91384881446
 20
438.05755664215525
 10
44417.01178719337
 20
310.7386809002999
 10
43756.20079188095
 20
310.7386809002999
 10
43714.90010467392
 20
268.2990556530195
 10
43219.2918581896
 20
268.2990556530195
 10
43177.99117098256
 20
310.7386809002999
 10
43054.08910936149
 20
310.7386809002999
 10
43012.78842215445
 20
268.2990556530195
 10
42888.88636053339
 20
268.2990556530195
 10
42847.58567332635
 20
310.7386809002999
 10
39708.73344559231
 20
310.7386809002999
 10
39791.33482000638
 20
268.2990556530195
 10
39750.03413279934
 20
225.85943040573434
 10
39460.92932235016
 20
225.85943040573434
 10
39419.628635143126
 20
310.7386809002999
 10
38882.71970145178
 20
310.7386809002999
 10
38758.8176398307
 20
353.17830614758503
 10
38676.216265416646
 20
310.7386809002999
 10
38717.51695262368
 20
268.2990556530195
 10
38676.216265416646
 20
225.85943040573434
 10
37602.39839803395
 20
225.85943040573434
 10
37561.09771082692
 20
268.2990556530195
 10
37313.29358758476
 20
268.2990556530195
 10
37189.39152596368
 20
395.61793139487014
 10
37189.39152596368
 20
565.3764323840106
 10
37148.09083875665
 20
607.8160576312957
  0
LWPOLYLINE
  5
67
330
17
100
AcDbEntity
  8
RASTER_CONTOURS
100
AcDbPolyline
 90
8
 70
1
 10
25253.492923132933
 20
1583.9274383188394
 10
25666.499795203203
 20
1583.9274383188394
 10
25749.101169617254
 20
1499.0481878242692
 10
25749.101169617254
 20
353.17830614758503
 10
25666.499795203203
 20
183.41980515844924
 10
25253.492923132933
 20
183.41980515844924
 10
25088.290174304828
 20
395.61793139487014
 10
25088.290174304828
 20
1499.0481878242692
  0
LWPOLYLINE
  5
68
330
17
100
AcDbEntity
  8
RASTER_CONTOURS
100
AcDbPolyline
 90
33
 70
1
 10
21866.836572156735
 20
1456.608562576984
 10
21949.43794657079
 20
1541.4878130715542
 10
22568.94825467619
 20
1499.0481878242692
 10
22816.75237791835
 20
1583.9274383188394
 10
24014.472306922133
 20
1583.9274383188394
 10
24055.772994129158
 20
1541.4878130715542
 10
24097.073681336184
 20
1583.9274383188394
 10
24344.877804578344
 20
1583.9274383188394
 10
24592.681927820508
 20
1499.0481878242692
 10
24799.18536385564
 20
1499.0481878242692
 10
24881.786738269693
 20
1244.4104363405631
 10
24881.786738269693
 20
1032.2123101041375
 10
24840.486051062668
 20
989.7726848568525
 10
24881.786738269693
 20
904.8934343622869
 10
24881.786738269693
 20
480.4971818894404
 10
24799.18536385564
 20
353.17830614758503
 10
24716.583989441588
 20
353.17830614758503
 10
24757.884676648613
 20
268.2990556530195
 10
24716.583989441588
 20
183.41980515844924
 10
22651.549629090245
 20
183.41980515844924
 10
22610.248941883216
 20
140.9801799111641
 10
22486.346880262136
 20
140.9801799111641
 10
22403.745505848085
 20
225.85943040573434
 10
22527.647567469165
 20
310.7386809002999
 10
22486.346880262136
 20
353.17830614758503
 10
22321.14413143403
 20
353.17830614758503
 10
22321.14413143403
 20
225.85943040573434
 10
22238.542757019975
 20
183.41980515844924
 10
22155.941382605924
 20
268.2990556530195
 10
22197.24206981295
 20
353.17830614758503
 10
22114.640695398895
 20
438.05755664215525
 10
21949.43794657079
 20
438.05755664215525
 10
21866.836572156735
 20
522.9368071367255
  0
LWPOLYLINE
  5
69
330
17
100
AcDbEntity
  8
RASTER_CONTOURS
100
AcDbPolyline
 90
9
 70
1
 10
44664.81591043552
 20
1881.0048150498305
 10
44747.41728484959
 20
1796.1255645552603
 10
44706.11659764256
 20
1711.24631406069
 10
44747.41728484959
 20
1668.8066888134051
 10
44747.41728484959
 20
1499.0481878242692
 10
44664.81591043552
 20
1414.168937329699
 10
44540.91384881446
 20
1583.9274383188394
 10
44623.5152232285
 20
1668.8066888134051
 10
44623.5152232285
 20
1838.5651898025455
  0
LWPOLYLINE
  5
6A
330
17
100
AcDbEntity
  8
RASTER_CONTOURS
100
AcDbPolyline
 90
10
 70
1
 10
24592.681927820508
 20
1711.24631406069
 10
24716.583989441588
 20
1923.4444402971158
 10
25831.70254403131
 20
1923.4444402971158
 10
25914.303918445363
 20
1838.5651898025455
 10
25914.303918445363
 20
1668.8066888134051
 10
25873.003231238337
 20
1626.3670635661247
 10
25046.9894870978
 20
1626.3670635661247
 10
24964.388112683748
 20
1583.9274383188394
 10
24923.08742547672
 20
1626.3670635661247
 10
24675.28330223456
 20
1626.3670635661247
  0
LWPOLYLINE
  5
6B
330
17
100
AcDbEntity
  8
RASTER_CONTOURS
100
AcDbPolyline
 90
5
 70
1
 10
18521.480908387563
 20
2050.7633160389664
 10
18438.87953397351
 20
2050.7633160389664
 10
18438.87953397351
 20
1668.8066888134051
 10
18480.180221180537
 20
1626.3670635661247
 10
18521.480908387563
 20
1668.8066888134051
  0
LWPOLYLINE
  5
6C
330
17
100
AcDbEntity
  8
RASTER_CONTOURS
100
AcDbPolyline
 90
9
 70
1
 10
35785.16816092477
 20
2305.4010675226773
 10
35867.769535338826
 20
2262.961442275392
 10
35867.769535338826
 20
607.8160576312957
 10
35826.4688481318
 20
565.3764323840106
 10
35785.16816092477
 20
607.8160576312957
 10
35785.16816092477
 20
1711.24631406069
 10
35743.86747371774
 20
1753.6859393079753
 10
35785.16816092477
 20
1881.0048150498305
 10
35743.86747371774
 20
2262.961442275392
  0
LWPOLYLINE
  5
6D
330
17
100
AcDbEntity
  8
RASTER_CONTOURS
100
AcDbPolyline
 90
11
 70
1
 10
19471.396714149185
 20
2390.2803180172427
 10
19430.096026942156
 20
2347.8406927699575
 10
19471.396714149185
 20
2305.4010675226773
 10
19471.396714149185
 20
1329.2896868351334
 10
19553.998088563236
 20
1201.9708110932781
 10
19595.298775770265
 20
1244.4104363405631
 10
19595.298775770265
 20
1583.9274383188394
 10
19553.998088563236
 20
1626.3670635661247
 10
19595.298775770265
 20
1753.6859393079753
 10
19595.298775770265
 20
2305.4010675226773
 10
19553.998088563236
 20
2390.2803180172427
  0
LWPOLYLINE
  5
6E
330
17
100
AcDbEntity
  8
RASTER_CONTOURS
100
AcDbPolyline
 90
11
 70
1
 10
21412.52901287944
 20
2517.599193759098
 10
21371.228325672415
 20
2220.521817028107
 10
21412.52901287944
 20
2178.0821917808216
 10
21412.52901287944
 20
1626.3670635661247
 10
21453.82970008647
 20
1626.3670635661247
 10
21495.130387293495
 20
1711.24631406069
 10
21495.130387293495
 20
2220.521817028107
 10
21619.032448914575
 20
2305.4010675226773
 10
21619.032448914575
 20
2390.2803180172427
 10
21577.73176170755
 20
2432.719943264528
 10
21495.130387293495
 20
2390.2803180172427
  0
LWPOLYLINE
  5
6F
330
17
100
AcDbEntity
  8
RASTER_CONTOURS
100
AcDbPolyline
 90
10
 70
1
 10
30374.778136804256
 20
2560.038819006383
 10
30416.078824011285
 20
2432.719943264528
 10
30539.980885632365
 20
2517.599193759098
 10
30622.582260046416
 20
2517.599193759098
 10
30746.484321667496
 20
2432.719943264528
 10
30829.08569608155
 20
2517.599193759098
 10
30705.18363446047
 20
2602.4784442536684
 10
30622.582260046416
 20
2517.599193759098
 10
30539.980885632365
 20
2517.599193759098
 10
30457.37951121831
 20
2602.4784442536684
  0
LWPOLYLINE
  5
70
330
17
100
AcDbEntity
  8
RASTER_CONTOURS
100
AcDbPolyline
 90
5
 70
1
 10
29011.855458972375
 20
2602.4784442536684
 10
28929.25408455832
 20
2517.599193759098
 10
29011.855458972375
 20
2390.2803180172427
 10
29053.1561461794
 20
2475.1595685118127
 10
29135.757520593455
 20
2517.599193759098
  0
LWPOLYLINE
  5
71
330
17
100
AcDbEntity
  8
RASTER_CONTOURS
100
AcDbPolyline
 90
13
 70
1
 10
28103.240340417786
 20
2390.2803180172427
 10
28144.54102762481
 20
2347.8406927699575
 10
28144.54102762481
 20
2390.2803180172427
 10
28309.74377645292
 20
2517.599193759098
 10
28433.645838074
 20
2432.719943264528
 10
28557.54789969508
 20
2517.599193759098
 10
28722.750648523186
 20
2432.719943264528
 10
28805.35202293724
 20
2517.599193759098
 10
28764.05133573021
 20
2560.038819006383
 10
28516.24721248805
 20
2517.599193759098
 10
28474.946525281026
 20
2560.038819006383
 10
28227.142402038866
 20
2517.599193759098
 10
28144.54102762481
 20
2644.9180695009536
  0
LWPOLYLINE
  5
72
330
17
100
AcDbEntity
  8
RASTER_CONTOURS
100
AcDbPolyline
 90
5
 70
1
 10
53668.36572156737
 20
2729.797319995519
 10
53668.36572156737
 20
2050.7633160389664
 10
53668.36572156737
 20
2178.0821917808216
 10
53709.66640877441
 20
2220.521817028107
 10
53668.36572156737
 20
2262.961442275392
  0
LWPOLYLINE
  5
73
330
17
100
AcDbEntity
  8
RASTER_CONTOURS
100
AcDbPolyline
 90
6
 70
1
 10
35785.16816092477
 20
3154.1935724683653
 10
35867.769535338826
 20
3069.3143219737954
 10
35867.769535338826
 20
2772.2369452428043
 10
35826.4688481318
 20
2729.797319995519
 10
35743.86747371774
 20
2899.5558209846595
 10
35743.86747371774
 20
3111.7539472210806
  0
LWPOLYLINE
  5
74
330
17
100
AcDbEntity
  8
RASTER_CONTOURS
100
AcDbPolyline
 90
2
 70
1
 10
53957.47053201656
 20
3196.6331977156506
 10
53957.47053201656
 20
2178.0821917808216
  0
LWPOLYLINE
  5
75
330
17
100
AcDbEntity
  8
RASTER_CONTOURS
100
AcDbPolyline
 90
5
 70
1
 10
29300.96026942156
 20
3323.952073457506
 10
29342.260956628586
 20
3366.391698704791
 10
29590.065079870747
 20
3366.391698704791
 10
29631.365767077776
 20
3323.952073457506
 10
29466.163018249666
 20
3239.072822962936
  0
LWPOLYLINE
  5
76
330
17
100
AcDbEntity
  8
RASTER_CONTOURS
100
AcDbPolyline
 90
25
 70
1
 10
18273.676785145402
 20
3408.8313239520717
 10
18356.278159559457
 20
3366.391698704791
 10
18769.285031629723
 20
3366.391698704791
 10
18810.58571883675
 20
3323.952073457506
 10
18769.285031629723
 20
2941.9954462319447
 10
18851.886406043777
 20
2644.9180695009536
 10
18851.886406043777
 20
904.8934343622869
 10
18810.58571883675
 20
862.4538091150018
 10
18727.984344422697
 20
989.7726848568525
 10
18727.984344422697
 20
862.4538091150018
 10
18769.285031629723
 20
820.0141838677166
 10
18769.285031629723
 20
607.8160576312957
 10
18851.886406043777
 20
353.17830614758503
 10
18769.285031629723
 20
268.2990556530195
 10
18604.082282801617
 20
268.2990556530195
 10
18438.87953397351
 20
438.05755664215525
 10
18232.376097938377
 20
438.05755664215525
 10
18191.075410731348
 20
480.4971818894404
 10
18273.676785145402
 20
1032.2123101041375
 10
18191.075410731348
 20
947.333059609572
 10
18149.774723524322
 20
989.7726848568525
 10
18149.774723524322
 20
2857.1161957373743
 10
18191.075410731348
 20
2899.5558209846595
 10
18232.376097938377
 20
2814.676570490089
 10
18149.774723524322
 20
3323.952073457506
  0
LWPOLYLINE
  5
77
330
17
100
AcDbEntity
  8
RASTER_CONTOURS
100
AcDbPolyline
 90
31
 70
1
 10
44830.01865926363
 20
3493.7105744466417
 10
44953.920720884715
 20
3451.2709491993564
 10
44953.920720884715
 20
2347.8406927699575
 10
45077.8227825058
 20
2262.961442275392
 10
45119.123469712824
 20
2135.642566533537
 10
45243.02553133391
 20
2305.4010675226773
 10
45656.03240340416
 20
2305.4010675226773
 10
45779.93446502525
 20
2220.521817028107
 10
45779.93446502525
 20
480.4971818894404
 10
45656.03240340416
 20
310.7386809002999
 10
45532.1303417831
 20
268.2990556530195
 10
45366.92759295499
 20
268.2990556530195
 10
45325.62690574795
 20
310.7386809002999
 10
45243.02553133391
 20
268.2990556530195
 10
45160.42415691984
 20
353.17830614758503
 10
45160.42415691984
 20
650.2556828785808
 10
45119.123469712824
 20
692.6953081258613
 10
45077.8227825058
 20
565.3764323840106
 10
44871.31934647067
 20
565.3764323840106
 10
44830.01865926363
 20
607.8160576312957
 10
44830.01865926363
 20
820.0141838677166
 10
44788.717972056606
 20
862.4538091150018
 10
44830.01865926363
 20
989.7726848568525
 10
44830.01865926363
 20
1371.7293120824138
 10
44788.717972056606
 20
1414.168937329699
 10
44788.717972056606
 20
2857.1161957373743
 10
44830.01865926363
 20
2899.5558209846595
 10
44788.717972056606
 20
3239.072822962936
 10
44830.01865926363
 20
3281.512448210221
 10
44788.717972056606
 20
3323.952073457506
 10
44788.717972056606
 20
3451.2709491993564
  0
LWPOLYLINE
  5
78
330
17
100
AcDbEntity
  8
RASTER_CONTOURS
100
AcDbPolyline
 90
6
 70
1
 10
44664.81591043552
 20
3493.7105744466417
 10
44706.11659764256
 20
3451.2709491993564
 10
44706.11659764256
 20
3196.6331977156506
 10
44664.81591043552
 20
3154.1935724683653
 10
44623.5152232285
 20
3196.6331977156506
 10
44623.5152232285
 20
3451.2709491993564
  0
LWPOLYLINE
  5
79
330
17
100
AcDbEntity
  8
RASTER_CONTOURS
100
AcDbPolyline
 90
6
 70
1
 10
36982.88808992855
 20
3621.0294501884973
 10
37065.4894643426
 20
3578.589824941212
 10
37065.4894643426
 20
2729.797319995519
 10
37024.188777135576
 20
2687.3576947482384
 10
36941.58740272152
 20
2772.2369452428043
 10
36941.58740272152
 20
3578.589824941212
  0
LWPOLYLINE
  5
7A
330
17
100
AcDbEntity
  8
RASTER_CONTOURS
100
AcDbPolyline
 90
10
 70
1
 10
50694.71624266144
 20
3663.469075435782
 10
50942.52036590361
 20
3663.469075435782
 10
51025.121740317656
 20
3451.2709491993564
 10
50983.82105311063
 20
3323.952073457506
 10
51025.121740317656
 20
3196.6331977156506
 10
51025.121740317656
 20
820.0141838677166
 10
50983.82105311063
 20
777.5745586204315
 10
50736.01692986848
 20
777.5745586204315
 10
50653.41555545442
 20
862.4538091150018
 10
50653.41555545442
 20
3621.0294501884973
  0
LWPOLYLINE
  5
7B
330
17
100
AcDbEntity
  8
RASTER_CONTOURS
100
AcDbPolyline
 90
8
 70
1
 10
35041.75579119829
 20
3621.0294501884973
 10
35083.05647840531
 20
3663.469075435782
 10
35826.4688481318
 20
3663.469075435782
 10
35867.769535338826
 20
3621.0294501884973
 10
35867.769535338826
 20
3493.7105744466417
 10
35785.16816092477
 20
3323.952073457506
 10
35702.56678651071
 20
3536.150199693927
 10
35083.05647840531
 20
3536.150199693927
  0
LWPOLYLINE
  5
7C
330
17
100
AcDbEntity
  8
RASTER_CONTOURS
100
AcDbPolyline
 90
14
 70
1
 10
34050.53929822964
 20
3663.469075435782
 10
34133.1406726437
 20
3578.589824941212
 10
34091.83998543667
 20
3536.150199693927
 10
33554.93105174532
 20
3536.150199693927
 10
33513.630364538294
 20
3493.7105744466417
 10
33389.72830291722
 20
3493.7105744466417
 10
33389.72830291722
 20
522.9368071367255
 10
33307.12692850316
 20
438.05755664215525
 10
33265.826241296134
 20
480.4971818894404
 10
33265.826241296134
 20
2814.676570490089
 10
33224.52555408911
 20
2857.1161957373743
 10
33224.52555408911
 20
3239.072822962936
 10
33183.22486688208
 20
3366.391698704791
 10
33307.12692850316
 20
3663.469075435782
  0
LWPOLYLINE
  5
7D
330
17
100
AcDbEntity
  8
RASTER_CONTOURS
100
AcDbPolyline
 90
2
 70
1
 10
53668.36572156737
 20
3663.469075435782
 10
53668.36572156737
 20
3323.952073457506
  0
LWPOLYLINE
  5
7E
330
17
100
AcDbEntity
  8
RASTER_CONTOURS
100
AcDbPolyline
 90
23
 70
1
 10
50364.31074500523
 20
3621.0294501884973
 10
50364.31074500523
 20
2899.5558209846595
 10
50405.611432212245
 20
2857.1161957373743
 10
50405.611432212245
 20
2602.4784442536684
 10
50364.31074500523
 20
2560.038819006383
 10
50364.31074500523
 20
2220.521817028107
 10
50405.611432212245
 20
2178.0821917808216
 10
50405.611432212245
 20
353.17830614758503
 10
50323.0100577982
 20
268.2990556530195
 10
46069.039275474446
 20
268.2990556530195
 10
45986.43790106038
 20
353.17830614758503
 10
45986.43790106038
 20
1414.168937329699
 10
46069.039275474446
 20
1499.0481878242692
 10
48051.47226141173
 20
1499.0481878242692
 10
48092.77294861875
 20
1541.4878130715542
 10
48753.583943931175
 20
1541.4878130715542
 10
48877.48600555226
 20
1499.0481878242692
 10
49001.38806717335
 20
1541.4878130715542
 10
49001.38806717335
 20
3705.9087006830628
 10
49083.98944158739
 20
3790.7879511776327
 10
50033.90524734901
 20
3790.7879511776327
 10
50199.10799617712
 20
3663.469075435782
 10
50323.0100577982
 20
3663.469075435782
  0
LWPOLYLINE
  5
7F
330
17
100
AcDbEntity
  8
RASTER_CONTOURS
100
AcDbPolyline
 90
5
 70
1
 10
52140.24029490738
 20
3875.667201672203
 10
52057.63892049334
 20
3790.7879511776327
 10
52098.93960770036
 20
3705.9087006830628
 10
52057.63892049334
 20
3366.391698704791
 10
52140.24029490738
 20
3408.8313239520717
  0
LWPOLYLINE
  5
80
330
17
100
AcDbEntity
  8
RASTER_CONTOURS
100
AcDbPolyline
 90
11
 70
1
 10
28144.54102762481
 20
4002.9860774140584
 10
28144.54102762481
 20
3366.391698704791
 10
28185.84171483184
 20
3323.952073457506
 10
28144.54102762481
 20
3239.072822962936
 10
27235.925909070218
 20
3239.072822962936
 10
27194.625221863193
 20
3281.512448210221
 10
27235.925909070218
 20
3323.952073457506
 10
27938.037591589677
 20
3323.952073457506
 10
27979.338278796706
 20
3366.391698704791
 10
27979.338278796706
 20
4002.9860774140584
 10
28061.939653210757
 20
4087.8653279086243
  0
LWPOLYLINE
  5
81
330
17
100
AcDbEntity
  8
RASTER_CONTOURS
100
AcDbPolyline
 90
7
 70
1
 10
48753.583943931175
 20
4427.3823298869
 10
48712.28325672416
 20
4342.503079392335
 10
48340.57707186092
 20
4342.503079392335
 10
48299.276384653895
 20
4384.942704639615
 10
48340.57707186092
 20
4427.3823298869
 10
48629.68188231011
 20
4427.3823298869
 10
48670.98256951713
 20
4469.821955134185
  0
LWPOLYLINE
  5
82
330
17
100
AcDbEntity
  8
RASTER_CONTOURS
100
AcDbPolyline
 90
30
 70
1
 10
48960.087379966324
 20
4130.304953155909
 10
49001.38806717335
 20
4172.744578403194
 10
49001.38806717335
 20
4766.8993318651765
 10
48960.087379966324
 20
4809.338957112462
 10
49001.38806717335
 20
4894.218207607032
 10
48960.087379966324
 20
4979.097458101603
 10
49001.38806717335
 20
5021.537083348888
 10
49001.38806717335
 20
5445.933335821729
 10
49083.98944158739
 20
5530.8125863162995
 10
50240.40868338414
 20
5530.8125863162995
 10
50364.31074500523
 20
5445.933335821729
 10
50446.912119419285
 20
5530.8125863162995
 10
50694.71624266144
 20
5530.8125863162995
 10
50777.3176170755
 20
5445.933335821729
 10
50777.3176170755
 20
4851.778582359747
 10
50818.61830428252
 20
4766.8993318651765
 10
50653.41555545442
 20
4639.580456123326
 10
50488.21280662631
 20
4639.580456123326
 10
50446.912119419285
 20
4682.0200813706115
 10
50199.10799617712
 20
4639.580456123326
 10
50116.506621763074
 20
4469.821955134185
 10
50116.506621763074
 20
4215.1842036504795
 10
50157.8073089701
 20
4172.744578403194
 10
50075.205934556034
 20
4002.9860774140584
 10
49992.60456014199
 20
3960.546452166773
 10
49868.70249852091
 20
4002.9860774140584
 10
49827.40181131388
 20
3960.546452166773
 10
49703.4997496928
 20
4002.9860774140584
 10
49125.29012879443
 20
3960.546452166773
 10
49042.68875438037
 20
4002.9860774140584
  0
LWPOLYLINE
  5
83
330
17
100
AcDbEntity
  8
RASTER_CONTOURS
100
AcDbPolyline
 90
36
 70
1
 10
50942.52036590361
 20
5785.450337800005
 10
50983.82105311063
 20
5743.01071255272
 10
50983.82105311063
 20
4342.503079392335
 10
51025.121740317656
 20
4300.06345414505
 10
50983.82105311063
 20
4257.623828897765
 10
51025.121740317656
 20
4130.304953155909
 10
50983.82105311063
 20
4087.8653279086243
 10
51025.121740317656
 20
3960.546452166773
 10
50942.52036590361
 20
3748.348325930348
 10
50612.114868247394
 20
3748.348325930348
 10
50529.513493833336
 20
3663.469075435782
 10
50570.814181040354
 20
3578.589824941212
 10
50529.513493833336
 20
3536.150199693927
 10
50529.513493833336
 20
3408.8313239520717
 10
50570.814181040354
 20
3366.391698704791
 10
50529.513493833336
 20
3281.512448210221
 10
50529.513493833336
 20
2941.9954462319447
 10
50570.814181040354
 20
2899.5558209846595
 10
50529.513493833336
 20
2857.1161957373743
 10
50529.513493833336
 20
2517.599193759098
 10
50570.814181040354
 20
2475.1595685118127
 10
50570.814181040354
 20
2347.8406927699575
 10
50529.513493833336
 20
2305.4010675226773
 10
50446.912119419285
 20
2390.2803180172427
 10
50446.912119419285
 20
3705.9087006830628
 10
50199.10799617712
 20
3790.7879511776327
 10
50157.8073089701
 20
3918.1068269194884
 10
50199.10799617712
 20
3960.546452166773
 10
50199.10799617712
 20
4469.821955134185
 10
50281.70937059118
 20
4554.701205628756
 10
50694.71624266144
 20
4554.701205628756
 10
50901.21967869659
 20
4639.580456123326
 10
50901.21967869659
 20
4894.218207607032
 10
50859.91899148955
 20
4936.657832854317
 10
50901.21967869659
 20
5445.933335821729
 10
50818.61830428252
 20
5700.5710873054395
  0
LWPOLYLINE
  5
84
330
17
100
AcDbEntity
  8
RASTER_CONTOURS
100
AcDbPolyline
 90
9
 70
1
 10
33100.623492468025
 20
6591.803217498414
 10
33720.13380057343
 20
6591.803217498414
 10
33844.03586219451
 20
6464.484341756558
 10
33844.03586219451
 20
5361.054085327163
 10
33802.73517498748
 20
5318.614460079879
 10
33224.52555408911
 20
5318.614460079879
 10
33100.623492468025
 20
5276.174834832594
 10
33018.022118053974
 20
5361.054085327163
 10
33018.022118053974
 20
6506.923967003843
  0
LWPOLYLINE
  5
85
330
17
100
AcDbEntity
  8
RASTER_CONTOURS
100
AcDbPolyline
 90
25
 70
1
 10
27318.527283484273
 20
6506.923967003843
 10
27442.429345105356
 20
6591.803217498414
 10
27525.03071951941
 20
6549.3635922511285
 10
27566.331406726436
 20
6591.803217498414
 10
27648.93278114049
 20
6549.3635922511285
 10
27772.83484276157
 20
6591.803217498414
 10
27938.037591589677
 20
6591.803217498414
 10
27979.338278796706
 20
6549.3635922511285
 10
28020.63896600373
 20
6591.803217498414
 10
28103.240340417786
 20
6506.923967003843
 10
28103.240340417786
 20
6337.165466014707
 10
28144.54102762481
 20
6294.725840767423
 10
28144.54102762481
 20
5827.889963047291
 10
28103.240340417786
 20
5785.450337800005
 10
28144.54102762481
 20
5530.8125863162995
 10
29383.561643835616
 20
5530.8125863162995
 10
29424.86233104264
 20
5488.372961069014
 10
29424.86233104264
 20
5361.054085327163
 10
29342.260956628586
 20
5276.174834832594
 10
28227.142402038866
 20
5276.174834832594
 10
28185.84171483184
 20
5233.735209585308
 10
27359.8279706913
 20
5276.174834832594
 10
27318.527283484273
 20
5233.735209585308
 10
27235.925909070218
 20
5318.614460079879
 10
27235.925909070218
 20
6294.725840767423
  0
LWPOLYLINE
  5
86
330
17
100
AcDbEntity
  8
RASTER_CONTOURS
100
AcDbPolyline
 90
56
 70
1
 10
12202.475765712465
 20
6040.088089283716
 10
12202.475765712465
 20
5488.372961069014
 10
12243.776452919492
 20
5445.933335821729
 10
12408.9792017476
 20
5445.933335821729
 10
12491.580576161652
 20
5361.054085327163
 10
12491.580576161652
 20
4172.744578403194
 10
12202.475765712465
 20
3960.546452166773
 10
12202.475765712465
 20
3833.227576424918
 10
12243.776452919492
 20
3790.7879511776327
 10
12202.475765712465
 20
3705.9087006830628
 10
12243.776452919492
 20
3663.469075435782
 10
12202.475765712465
 20
3493.7105744466417
 10
12243.776452919492
 20
3451.2709491993564
 10
12367.678514540572
 20
3451.2709491993564
 10
12408.9792017476
 20
3408.8313239520717
 10
12491.580576161652
 20
3451.2709491993564
 10
12821.986073817867
 20
3451.2709491993564
 10
12821.986073817867
 20
3578.589824941212
 10
12904.58744823192
 20
3748.348325930348
 10
16332.544486415145
 20
3748.348325930348
 10
16456.446548036227
 20
3621.0294501884973
 10
16497.747235243252
 20
3493.7105744466417
 10
16952.054794520547
 20
3493.7105744466417
 10
17034.6561689346
 20
3451.2709491993564
 10
17075.956856141627
 20
3493.7105744466417
 10
17075.956856141627
 20
3663.469075435782
 10
17199.858917762707
 20
3748.348325930348
 10
17117.257543348653
 20
3790.7879511776327
 10
17034.6561689346
 20
4087.8653279086243
 10
16456.446548036227
 20
4087.8653279086243
 10
16456.446548036227
 20
3918.1068269194884
 10
16373.845173622172
 20
3790.7879511776327
 10
16126.041050380012
 20
3790.7879511776327
 10
16084.740363172985
 20
3748.348325930348
 10
15754.33486551677
 20
3748.348325930348
 10
15713.034178309741
 20
3790.7879511776327
 10
15465.23005506758
 20
3790.7879511776327
 10
15423.929367860554
 20
3748.348325930348
 10
12904.58744823192
 20
3790.7879511776327
 10
12821.986073817867
 20
3875.667201672203
 10
12821.986073817867
 20
4045.4257026613436
 10
12698.084012196787
 20
4045.4257026613436
 10
12532.88126336868
 20
4215.1842036504795
 10
12532.88126336868
 20
5318.614460079879
 10
12615.482637782732
 20
5445.933335821729
 10
12780.68538661084
 20
5445.933335821729
 10
12821.986073817867
 20
5488.372961069014
 10
12821.986073817867
 20
6082.527714531001
 10
12780.68538661084
 20
6124.967339778282
 10
12615.482637782732
 20
6124.967339778282
 10
12532.88126336868
 20
6209.846590272852
 10
12532.88126336868
 20
6549.3635922511285
 10
12491.580576161652
 20
6549.3635922511285
 10
12491.580576161652
 20
6209.846590272852
 10
12408.9792017476
 20
6124.967339778282
 10
12326.377827333545
 20
6124.967339778282
  0
LWPOLYLINE
  5
87
330
17
100
AcDbEntity
  8
RASTER_CONTOURS
100
AcDbPolyline
 90
33
 70
1
 10
44458.312474400394
 20
6506.923967003843
 10
44540.91384881446
 20
6634.242842745699
 10
45243.02553133391
 20
6634.242842745699
 10
45325.62690574795
 20
6506.923967003843
 10
45284.32621854093
 20
6464.484341756558
 10
45284.32621854093
 20
5743.01071255272
 10
45408.22828016202
 20
5658.131462058155
 10
45656.03240340416
 20
5658.131462058155
 10
45697.33309061121
 20
5700.5710873054395
 10
46523.34683475174
 20
5700.5710873054395
 10
46564.64752195877
 20
5658.131462058155
 10
46647.248896372825
 20
5700.5710873054395
 10
47101.556455650105
 20
5700.5710873054395
 10
47142.857142857145
 20
5658.131462058155
 10
47142.857142857145
 20
5403.493710574448
 10
47101.556455650105
 20
5361.054085327163
 10
46688.54958357985
 20
5361.054085327163
 10
46647.248896372825
 20
5318.614460079879
 10
46564.64752195877
 20
5361.054085327163
 10
46440.745460337675
 20
5361.054085327163
 10
46399.44477313066
 20
5318.614460079879
 10
46151.64064988849
 20
5318.614460079879
 10
46110.339962681464
 20
5361.054085327163
 10
45945.137213853355
 20
5361.054085327163
 10
45903.83652664634
 20
5318.614460079879
 10
45862.53583943931
 20
5361.054085327163
 10
45738.63377781823
 20
5361.054085327163
 10
45697.33309061121
 20
5318.614460079879
 10
45573.43102899012
 20
5318.614460079879
 10
45532.1303417831
 20
5361.054085327163
 10
45490.82965457606
 20
5318.614460079879
 10
44540.91384881446
 20
5318.614460079879
 10
44458.312474400394
 20
5403.493710574448
  0
LWPOLYLINE
  5
88
330
17
100
AcDbEntity
  8
RASTER_CONTOURS
100
AcDbPolyline
 90
10
 70
1
 10
38841.41901424475
 20
6591.803217498414
 10
39213.125199108
 20
6634.242842745699
 10
39254.42588631502
 20
6591.803217498414
 10
39502.23000955718
 20
6591.803217498414
 10
39584.831383971235
 20
6506.923967003843
 10
39584.831383971235
 20
5403.493710574448
 10
39502.23000955718
 20
5318.614460079879
 10
38800.11832703773
 20
5318.614460079879
 10
38758.8176398307
 20
5361.054085327163
 10
38758.8176398307
 20
6506.923967003843
  0
LWPOLYLINE
  5
89
330
17
100
AcDbEntity
  8
RASTER_CONTOURS
100
AcDbPolyline
 90
6
 70
1
 10
50901.21967869659
 20
6973.759844723975
 10
50983.82105311063
 20
6931.32021947669
 10
50983.82105311063
 20
5870.329588294576
 10
50942.52036590361
 20
5827.889963047291
 10
50859.91899148955
 20
5912.769213541861
 10
50859.91899148955
 20
6931.32021947669
  0
LWPOLYLINE
  5
8A
330
17
100
AcDbEntity
  8
RASTER_CONTOURS
100
AcDbPolyline
 90
3
 70
1
 10
53255.358849497105
 20
6973.759844723975
 10
53255.358849497105
 20
6422.044716509273
 10
53296.65953670413
 20
6464.484341756558
  0
LWPOLYLINE
  5
8B
330
17
100
AcDbEntity
  8
RASTER_CONTOURS
100
AcDbPolyline
 90
12
 70
1
 10
50281.70937059118
 20
8034.7504759060885
 10
50818.61830428252
 20
8034.7504759060885
 10
50859.91899148955
 20
8077.190101153374
 10
50983.82105311063
 20
8034.7504759060885
 10
50983.82105311063
 20
7058.639095218545
 10
50942.52036590361
 20
7016.1994699712595
 10
50859.91899148955
 20
7101.078720465825
 10
50859.91899148955
 20
7185.957970960396
 10
50736.01692986848
 20
7228.397596207681
 10
50240.40868338414
 20
7228.397596207681
 10
50157.8073089701
 20
7313.276846702251
 10
50157.8073089701
 20
7907.431600164234
  0
LWPOLYLINE
  5
8C
330
17
100
AcDbEntity
  8
RASTER_CONTOURS
100
AcDbPolyline
 90
16
 70
1
 10
53255.358849497105
 20
8162.06935164794
 10
53131.45678787602
 20
8077.190101153374
 10
53214.058162290086
 20
7949.871225411519
 10
53048.85541346198
 20
7822.552349669663
 10
53090.156100669
 20
7780.112724422378
 10
53048.85541346198
 20
7737.673099175097
 10
53048.85541346198
 20
7313.276846702251
 10
53214.058162290086
 20
7313.276846702251
 10
53255.358849497105
 20
7270.837221454966
 10
53296.65953670413
 20
7313.276846702251
 10
53255.358849497105
 20
7398.156097196821
 10
53131.45678787602
 20
7483.035347691387
 10
53131.45678787602
 20
7695.233473927812
 10
53090.156100669
 20
7737.673099175097
 10
53214.058162290086
 20
7780.112724422378
 10
53296.65953670413
 20
7907.431600164234
  0
LWPOLYLINE
  5
8D
330
17
100
AcDbEntity
  8
RASTER_CONTOURS
100
AcDbPolyline
 90
8
 70
1
 10
50694.71624266144
 20
8968.422231346347
 10
50777.3176170755
 20
8925.982606099062
 10
50777.3176170755
 20
8204.508976895224
 10
50736.01692986848
 20
8162.06935164794
 10
50653.41555545442
 20
8204.508976895224
 10
50694.71624266144
 20
8289.388227389794
 10
50653.41555545442
 20
8416.70710313165
 10
50653.41555545442
 20
8925.982606099062
  0
LWPOLYLINE
  5
8E
330
17
100
AcDbEntity
  8
RASTER_CONTOURS
100
AcDbPolyline
 90
12
 70
1
 10
12491.580576161652
 20
9520.137359561044
 10
12450.279888954627
 20
9477.697734313764
 10
12491.580576161652
 20
6719.122093240268
 10
12532.88126336868
 20
6761.561718487554
 10
12532.88126336868
 20
7610.354223433243
 10
12491.580576161652
 20
7652.793848680527
 10
12491.580576161652
 20
7992.310850658803
 10
12532.88126336868
 20
8034.7504759060885
 10
12532.88126336868
 20
8374.267477884365
 10
12491.580576161652
 20
8416.70710313165
 10
12532.88126336868
 20
9010.861856593632
 10
12491.580576161652
 20
9053.301481840917
  0
LWPOLYLINE
  5
8F
330
17
100
AcDbEntity
  8
RASTER_CONTOURS
100
AcDbPolyline
 90
19
 70
1
 10
5222.6596277249355
 20
10581.127990743158
 10
5263.960314931962
 20
10538.688365495873
 10
5263.960314931962
 20
10411.369489754023
 10
5181.358940517908
 20
10368.929864506737
 10
5222.6596277249355
 20
10156.731738270317
 10
5181.358940517908
 20
10029.412862528461
 10
5098.7575661038545
 20
9986.973237281176
 10
5098.7575661038545
 20
9859.65436153932
 10
5016.156191689802
 20
9817.214736292035
 10
4974.855504482774
 20
9859.65436153932
 10
4974.855504482774
 20
10071.852487775746
 10
4809.652755654668
 20
10199.171363517597
 10
4809.652755654668
 20
10284.050614012167
 10
4933.554817275748
 20
10368.929864506737
 10
4933.554817275748
 20
10538.688365495873
 10
4974.855504482774
 20
10581.127990743158
 10
5057.456878896828
 20
10581.127990743158
 10
5140.058253310882
 20
10496.248740248588
 10
5181.358940517908
 20
10496.248740248588
  0
LWPOLYLINE
  5
90
330
17
100
AcDbEntity
  8
RASTER_CONTOURS
100
AcDbPolyline
 90
13
 70
1
 10
12450.279888954627
 20
10878.20536747415
 10
12326.377827333545
 20
10708.446866485014
 10
12202.475765712465
 20
10708.446866485014
 10
12161.17507850544
 20
10666.007241237729
 10
12161.17507850544
 20
10156.731738270317
 10
12450.279888954627
 20
10029.412862528461
 10
12491.580576161652
 20
9732.33548579747
 10
12491.580576161652
 20
10029.412862528461
 10
12574.181950575707
 20
10114.292113023032
 10
12739.384699403812
 20
10114.292113023032
 10
12780.68538661084
 20
10156.731738270317
 10
12780.68538661084
 20
10708.446866485014
 10
12532.88126336868
 20
10750.886491732299
  0
LWPOLYLINE
  5
91
330
17
100
AcDbEntity
  8
RASTER_CONTOURS
100
AcDbPolyline
 90
10
 70
1
 10
5263.960314931962
 20
11090.403493710575
 10
5263.960314931962
 20
10835.76574222687
 10
5222.6596277249355
 20
10793.326116979584
 10
5140.058253310882
 20
10835.76574222687
 10
5016.156191689802
 20
10835.76574222687
 10
4974.855504482774
 20
10793.326116979584
 10
4809.652755654668
 20
10920.644992721434
 10
4850.953442861694
 20
11047.96386846329
 10
5098.7575661038545
 20
11047.96386846329
 10
5222.6596277249355
 20
11132.84311895786
  0
LWPOLYLINE
  5
92
330
17
100
AcDbEntity
  8
RASTER_CONTOURS
100
AcDbPolyline
 90
19
 70
1
 10
51685.93273563008
 20
11429.920495688852
 10
51809.83479725117
 20
11345.041245194281
 10
51933.73685887225
 20
11387.480870441566
 10
51892.43617166523
 20
11514.799746183422
 10
51892.43617166523
 20
11769.437497667128
 10
51933.73685887225
 20
11811.877122914413
 10
52346.74373094251
 20
11811.877122914413
 10
52429.34510535657
 20
11642.118621925272
 10
52429.34510535657
 20
11472.360120936137
 10
52388.04441814955
 20
11429.920495688852
 10
52222.841669321446
 20
11429.920495688852
 10
52511.94647977062
 20
11387.480870441566
 10
52553.24716697766
 20
11429.920495688852
 10
52470.64579256359
 20
11557.239371430702
 10
52470.64579256359
 20
11854.316748161693
 10
52346.74373094251
 20
11939.195998656263
 10
51892.43617166523
 20
11896.756373408978
 10
51809.83479725117
 20
11811.877122914413
 10
51809.83479725117
 20
11514.799746183422
  0
LWPOLYLINE
  5
93
330
17
100
AcDbEntity
  8
RASTER_CONTOURS
100
AcDbPolyline
 90
6
 70
1
 10
21619.032448914575
 20
12321.152625881825
 10
21660.3331361216
 20
12278.71300063454
 10
21660.3331361216
 20
12066.514874398119
 10
21619.032448914575
 20
12024.075249150834
 10
21577.73176170755
 20
12066.514874398119
 10
21577.73176170755
 20
12278.71300063454
  0
LWPOLYLINE
  5
94
330
17
100
AcDbEntity
  8
RASTER_CONTOURS
100
AcDbPolyline
 90
19
 70
1
 10
41154.257497838254
 20
12533.350752118246
 10
40947.75406180313
 20
12533.350752118246
 10
40865.15268738906
 20
12618.230002612816
 10
40782.55131297502
 20
12618.230002612816
 10
40699.94993856095
 20
12533.350752118246
 10
40493.446502525825
 20
12533.350752118246
 10
40493.446502525825
 20
12108.954499645404
 10
40452.14581531881
 20
12066.514874398119
 10
40452.14581531881
 20
11939.195998656263
 10
40493.446502525825
 20
11896.756373408978
 10
40617.34856414691
 20
11896.756373408978
 10
40741.25062576798
 20
11726.997872419843
 10
40823.85200018204
 20
11726.997872419843
 10
40947.75406180313
 20
11896.756373408978
 10
41071.65612342419
 20
11896.756373408978
 10
41112.95681063123
 20
11854.316748161693
 10
41236.8588722523
 20
12024.075249150834
 10
41112.95681063123
 20
12193.833750139975
 10
41112.95681063123
 20
12448.47150162368
  0
LWPOLYLINE
  5
95
330
17
100
AcDbEntity
  8
RASTER_CONTOURS
100
AcDbPolyline
 90
33
 70
1
 10
24799.18536385564
 20
12533.350752118246
 10
24799.18536385564
 20
12490.911126870966
 10
24881.786738269693
 20
12448.47150162368
 10
24923.08742547672
 20
12490.911126870966
 10
25005.688799890773
 20
12448.47150162368
 10
24799.18536385564
 20
12278.71300063454
 10
24799.18536385564
 20
12108.954499645404
 10
24757.884676648613
 20
12066.514874398119
 10
24923.08742547672
 20
11981.635623903549
 10
24799.18536385564
 20
11811.877122914413
 10
24923.08742547672
 20
11811.877122914413
 10
25005.688799890773
 20
11896.756373408978
 10
25088.290174304828
 20
11896.756373408978
 10
25170.891548718882
 20
11811.877122914413
 10
25294.793610339962
 20
11896.756373408978
 10
25377.394984754013
 20
11896.756373408978
 10
25459.996359168068
 20
11811.877122914413
 10
25625.199107996174
 20
11811.877122914413
 10
25459.996359168068
 20
11981.635623903549
 10
25625.199107996174
 20
12066.514874398119
 10
25336.094297546988
 20
12151.39412489269
 10
25418.695671961043
 20
12236.273375387254
 10
25501.297046375093
 20
12193.833750139975
 10
25583.898420789148
 20
12236.273375387254
 10
25459.996359168068
 20
12406.031876376395
 10
25542.597733582123
 20
12490.911126870966
 10
25501.297046375093
 20
12575.79037736553
 10
25336.094297546988
 20
12533.350752118246
 10
25212.192235925908
 20
12618.230002612816
 10
25129.590861511853
 20
12618.230002612816
 10
25046.9894870978
 20
12533.350752118246
 10
24923.08742547672
 20
12533.350752118246
 10
24881.786738269693
 20
12575.79037736553
  0
LWPOLYLINE
  5
96
330
17
100
AcDbEntity
  8
RASTER_CONTOURS
100
AcDbPolyline
 90
22
 70
1
 10
42434.57880125609
 20
12618.230002612816
 10
42351.97742684202
 20
12533.350752118246
 10
42351.97742684202
 20
12363.59225112911
 10
42393.27811404907
 20
12321.152625881825
 10
42558.48086287717
 20
12363.59225112911
 10
42599.7815500842
 20
12278.71300063454
 10
42475.87948846311
 20
12236.273375387254
 10
42475.87948846311
 20
12108.954499645404
 10
42558.48086287717
 20
11981.635623903549
 10
42393.27811404907
 20
11854.316748161693
 10
42434.57880125609
 20
11811.877122914413
 10
43136.690483775536
 20
11811.877122914413
 10
43177.99117098256
 20
11896.756373408978
 10
43054.08910936149
 20
11981.635623903549
 10
43095.38979656852
 20
12024.075249150834
 10
43054.08910936149
 20
12363.59225112911
 10
43095.38979656852
 20
12406.031876376395
 10
43177.99117098256
 20
12363.59225112911
 10
43219.2918581896
 20
12406.031876376395
 10
43177.99117098256
 20
12618.230002612816
 10
42888.88636053339
 20
12618.230002612816
 10
42847.58567332635
 20
12660.669627860101
  0
LWPOLYLINE
  5
97
330
17
100
AcDbEntity
  8
RASTER_CONTOURS
100
AcDbPolyline
 90
33
 70
1
 10
41443.36230828745
 20
12660.669627860101
 10
41402.06162108041
 20
12575.79037736553
 10
41484.662995494466
 20
12490.911126870966
 10
41484.662995494466
 20
12406.031876376395
 10
41402.06162108041
 20
12278.71300063454
 10
41484.662995494466
 20
12193.833750139975
 10
41402.06162108041
 20
12066.514874398119
 10
41402.06162108041
 20
11981.635623903549
 10
41525.96368270149
 20
11981.635623903549
 10
41567.26436990851
 20
11939.195998656263
 10
41525.96368270149
 20
11896.756373408978
 10
41525.96368270149
 20
11769.437497667128
 10
41608.56505711556
 20
11769.437497667128
 10
41608.56505711556
 20
11981.635623903549
 10
41691.1664315296
 20
12151.39412489269
 10
41856.3691803577
 20
11939.195998656263
 10
41773.76780594366
 20
11854.316748161693
 10
41773.76780594366
 20
11769.437497667128
 10
41897.66986756473
 20
11811.877122914413
 10
42021.57192918581
 20
12024.075249150834
 10
42145.473990806895
 20
11939.195998656263
 10
42021.57192918581
 20
11811.877122914413
 10
42145.473990806895
 20
11769.437497667128
 10
42228.07536522096
 20
11854.316748161693
 10
42228.07536522096
 20
12108.954499645404
 10
42186.77467801392
 20
12151.39412489269
 10
42228.07536522096
 20
12278.71300063454
 10
42145.473990806895
 20
12321.152625881825
 10
42186.77467801392
 20
12575.79037736553
 10
42021.57192918581
 20
12575.79037736553
 10
41938.97055477177
 20
12660.669627860101
 10
41815.068493150684
 20
12575.79037736553
 10
41649.865744322575
 20
12660.669627860101
  0
LWPOLYLINE
  5
98
330
17
100
AcDbEntity
  8
RASTER_CONTOURS
100
AcDbPolyline
 90
15
 70
1
 10
25831.70254403131
 20
12618.230002612816
 10
25831.70254403131
 20
12278.71300063454
 10
25873.003231238337
 20
12236.273375387254
 10
25749.101169617254
 20
11854.316748161693
 10
25955.60460565239
 20
11769.437497667128
 10
26533.814226550763
 20
11769.437497667128
 10
26575.11491375779
 20
11854.316748161693
 10
26451.21285213671
 20
11896.756373408978
 10
26451.21285213671
 20
11981.635623903549
 10
26533.814226550763
 20
12066.514874398119
 10
26533.814226550763
 20
12618.230002612816
 10
26409.912164929683
 20
12660.669627860101
 10
26079.50666727347
 20
12660.669627860101
 10
26038.205980066443
 20
12618.230002612816
 10
25914.303918445363
 20
12660.669627860101
  0
LWPOLYLINE
  5
99
330
17
100
AcDbEntity
  8
RASTER_CONTOURS
100
AcDbPolyline
 90
12
 70
1
 10
53585.76434715332
 20
12703.109253107386
 10
53585.76434715332
 20
12533.350752118246
 10
53544.4636599463
 20
12490.911126870966
 10
53544.4636599463
 20
12363.59225112911
 10
53585.76434715332
 20
12321.152625881825
 10
53585.76434715332
 20
12193.833750139975
 10
53544.4636599463
 20
12151.39412489269
 10
53585.76434715332
 20
12108.954499645404
 10
53585.76434715332
 20
9095.741107088203
 10
53585.76434715332
 20
9859.65436153932
 10
53627.06503436034
 20
9902.093986786605
 10
53585.76434715332
 20
9986.973237281176
  0
LWPOLYLINE
  5
9A
330
17
100
AcDbEntity
  8
RASTER_CONTOURS
100
AcDbPolyline
 90
2
 70
1
 10
52801.05129021981
 20
13764.0998842895
 10
52842.35197742683
 20
13467.02250755851
  0
LWPOLYLINE
  5
9B
330
17
100
AcDbEntity
  8
RASTER_CONTOURS
100
AcDbPolyline
 90
3
 70
1
 10
51562.03067400902
 20
14443.133888246053
 10
51520.729986801976
 20
14146.056511515062
 10
51562.03067400902
 20
14230.935762009633
  0
LWPOLYLINE
  5
9C
330
17
100
AcDbEntity
  8
RASTER_CONTOURS
100
AcDbPolyline
 90
6
 70
1
 10
4437.946570791426
 20
14909.969765966185
 10
4561.848632412506
 20
14697.771639729759
 10
4561.848632412506
 20
14612.892389235189
 10
4479.247257998452
 20
14528.013138740624
 10
4396.645883584399
 20
14570.452763987903
 10
4396.645883584399
 20
14867.5301407189
  0
LWPOLYLINE
  5
9D
330
17
100
AcDbEntity
  8
RASTER_CONTOURS
100
AcDbPolyline
 90
5
 70
1
 10
52594.54785418468
 20
14909.969765966185
 10
52635.8485413917
 20
14528.013138740624
 10
52677.149228598726
 20
14485.573513493338
 10
52677.149228598726
 20
14230.935762009633
 10
52718.449915805766
 20
14188.496136762347
  0
LWPOLYLINE
  5
9E
330
17
100
AcDbEntity
  8
RASTER_CONTOURS
100
AcDbPolyline
 90
21
 70
1
 10
50653.41555545442
 20
15970.960397148294
 10
50736.01692986848
 20
15928.520771901009
 10
50736.01692986848
 20
15122.167892202606
 10
50777.3176170755
 20
15079.72826695532
 10
50777.3176170755
 20
14782.65089022433
 10
50736.01692986848
 20
14740.211264977044
 10
50777.3176170755
 20
14697.771639729759
 10
50736.01692986848
 20
14570.452763987903
 10
50777.3176170755
 20
14528.013138740624
 10
50777.3176170755
 20
14400.694262998768
 10
50736.01692986848
 20
14358.254637751483
 10
50777.3176170755
 20
14273.375387256912
 10
50777.3176170755
 20
13509.462132805795
 10
50694.71624266144
 20
13339.703631816654
 10
50612.114868247394
 20
13509.462132805795
 10
50653.41555545442
 20
13551.90175805308
 10
50612.114868247394
 20
13636.781008547645
 10
50612.114868247394
 20
14146.056511515062
 10
50653.41555545442
 20
14188.496136762347
 10
50612.114868247394
 20
14230.935762009633
 10
50612.114868247394
 20
15928.520771901009
  0
LWPOLYLINE
  5
9F
330
17
100
AcDbEntity
  8
RASTER_CONTOURS
100
AcDbPolyline
 90
2
 70
1
 10
52346.74373094251
 20
16310.47739912657
 10
52429.34510535657
 20
15716.322645664588
  0
LWPOLYLINE
  5
A0
330
17
100
AcDbEntity
  8
RASTER_CONTOURS
100
AcDbPolyline
 90
4
 70
1
 10
51851.13548445819
 20
16310.47739912657
 10
51851.13548445819
 20
16055.839647642864
 10
51809.83479725117
 20
16013.400022395579
 10
51851.13548445819
 20
16013.400022395579
  0
LWPOLYLINE
  5
A1
330
17
100
AcDbEntity
  8
RASTER_CONTOURS
100
AcDbPolyline
 90
28
 70
1
 10
53131.45678787602
 20
17116.83027882498
 10
53131.45678787602
 20
15928.520771901009
 10
53172.757475083046
 20
15886.081146653729
 10
53172.757475083046
 20
12490.911126870966
 10
53214.058162290086
 20
12448.47150162368
 10
53214.058162290086
 20
12236.273375387254
 10
53131.45678787602
 20
12193.833750139975
 10
53090.156100669
 20
12321.152625881825
 10
53090.156100669
 20
12151.39412489269
 10
53131.45678787602
 20
12108.954499645404
 10
53131.45678787602
 20
11811.877122914413
 10
53172.757475083046
 20
11769.437497667128
 10
53172.757475083046
 20
11345.041245194281
 10
53255.358849497105
 20
11387.480870441566
 10
53255.358849497105
 20
11557.239371430702
 10
53214.058162290086
 20
11599.678996677987
 10
53255.358849497105
 20
11684.558247172557
 10
53214.058162290086
 20
11726.997872419843
 10
53255.358849497105
 20
11769.437497667128
 10
53214.058162290086
 20
11854.316748161693
 10
53214.058162290086
 20
12915.307379343807
 10
53172.757475083046
 20
12957.747004591092
 10
53172.757475083046
 20
13085.065880332948
 10
53214.058162290086
 20
13127.505505580233
 10
53214.058162290086
 20
15037.288641708035
 10
53172.757475083046
 20
15079.72826695532
 10
53172.757475083046
 20
16904.632152588558
 10
53131.45678787602
 20
16947.07177783584
  0
LWPOLYLINE
  5
A2
330
17
100
AcDbEntity
  8
RASTER_CONTOURS
100
AcDbPolyline
 90
6
 70
1
 10
53544.4636599463
 20
17159.269904072262
 10
53503.16297273926
 20
15631.443395170018
 10
53544.4636599463
 20
15589.003769922738
 10
53544.4636599463
 20
13424.582882311224
 10
53585.76434715332
 20
13382.143257063939
 10
53585.76434715332
 20
13042.626255085663
  0
LWPOLYLINE
  5
A3
330
17
100
AcDbEntity
  8
RASTER_CONTOURS
100
AcDbPolyline
 90
8
 70
1
 10
50694.71624266144
 20
17201.70952931955
 10
50777.3176170755
 20
17116.83027882498
 10
50777.3176170755
 20
17031.951028330408
 10
50736.01692986848
 20
16989.51140308312
 10
50736.01692986848
 20
16140.718898137435
 10
50653.41555545442
 20
16055.839647642864
 10
50612.114868247394
 20
16098.27927289015
 10
50612.114868247394
 20
17116.83027882498
  0
LWPOLYLINE
  5
A4
330
17
100
AcDbEntity
  8
RASTER_CONTOURS
100
AcDbPolyline
 90
15
 70
1
 10
21784.23519774268
 20
17244.149154566832
 10
22032.03932098484
 20
17244.149154566832
 10
22114.640695398895
 20
17159.269904072262
 10
22114.640695398895
 20
16522.675525362996
 10
22155.941382605924
 20
16480.23590011571
 10
22197.24206981295
 20
6676.682467992983
 10
22073.34000819187
 20
6591.803217498414
 10
21866.836572156735
 20
6591.803217498414
 10
21742.934510535655
 20
6719.122093240268
 10
21701.63382332863
 20
16268.03777387929
 10
21660.3331361216
 20
16310.47739912657
 10
21660.3331361216
 20
16777.3132768467
 10
21701.63382332863
 20
16819.752902093987
 10
21660.3331361216
 20
16862.19252734127
 10
21660.3331361216
 20
17116.83027882498
  0
LWPOLYLINE
  5
A5
330
17
100
AcDbEntity
  8
RASTER_CONTOURS
100
AcDbPolyline
 90
24
 70
1
 10
16126.041050380012
 20
17159.269904072262
 10
16126.041050380012
 20
17031.951028330408
 10
16043.439675965958
 20
16947.07177783584
 10
16126.041050380012
 20
16819.752902093987
 10
16126.041050380012
 20
16692.43402635213
 10
16043.439675965958
 20
16607.55477585756
 10
16043.439675965958
 20
16522.675525362996
 10
16291.24379920812
 20
16480.23590011571
 10
16332.544486415145
 20
16352.917024373855
 10
16786.85204569244
 20
16310.47739912657
 10
16869.453420106493
 20
16437.796274868426
 10
16869.453420106493
 20
16819.752902093987
 10
16828.152732899467
 20
16862.19252734127
 10
16828.152732899467
 20
17116.83027882498
 10
16786.85204569244
 20
17201.70952931955
 10
16704.250671278387
 20
17244.149154566832
 10
16662.949984071358
 20
17201.70952931955
 10
16539.047922450278
 20
17201.70952931955
 10
16497.747235243252
 20
17244.149154566832
 10
16415.145860829198
 20
17201.70952931955
 10
16415.145860829198
 20
17031.951028330408
 10
16332.544486415145
 20
16947.07177783584
 10
16208.642424794065
 20
17074.39065357769
 10
16208.642424794065
 20
17159.269904072262
  0
LWPOLYLINE
  5
A6
330
17
100
AcDbEntity
  8
RASTER_CONTOURS
100
AcDbPolyline
 90
22
 70
1
 10
15134.824557411368
 20
17244.149154566832
 10
15093.52387020434
 20
17201.70952931955
 10
15093.52387020434
 20
16904.632152588558
 10
15217.42593182542
 20
16904.632152588558
 10
15258.726619032448
 20
16819.752902093987
 10
15176.125244618393
 20
16734.873651599417
 10
15134.824557411368
 20
16777.3132768467
 10
15052.223182997313
 20
16734.873651599417
 10
15052.223182997313
 20
16352.917024373855
 10
15093.52387020434
 20
16310.47739912657
 10
15300.027306239474
 20
16310.47739912657
 10
15341.3279934465
 20
16352.917024373855
 10
15382.628680653528
 20
16310.47739912657
 10
15795.635552723797
 20
16310.47739912657
 10
15878.236927137852
 20
16352.917024373855
 10
15795.635552723797
 20
16480.23590011571
 10
15795.635552723797
 20
16862.19252734127
 10
15878.236927137852
 20
16947.07177783584
 10
15836.936239930825
 20
17244.149154566832
 10
15506.530742274608
 20
17244.149154566832
 10
15465.23005506758
 20
17286.588779814112
 10
15382.628680653528
 20
17244.149154566832
  0
LWPOLYLINE
  5
A7
330
17
100
AcDbEntity
  8
RASTER_CONTOURS
100
AcDbPolyline
 90
5
 70
1
 10
27483.730032312385
 20
17626.105781792394
 10
27607.632093933466
 20
17541.226531297823
 10
27525.03071951941
 20
17413.90765555597
 10
27483.730032312385
 20
17413.90765555597
 10
27401.12865789833
 20
17541.226531297823
  0
LWPOLYLINE
  5
A8
330
17
100
AcDbEntity
  8
RASTER_CONTOURS
100
AcDbPolyline
 90
10
 70
1
 10
4809.652755654668
 20
17541.226531297823
 10
4768.352068447641
 20
17456.347280803253
 10
4685.750694033587
 20
17413.90765555597
 10
4644.450006826561
 20
17456.347280803253
 10
4603.149319619532
 20
17371.468030308683
 10
4479.247257998452
 20
17413.90765555597
 10
4603.149319619532
 20
17626.105781792394
 10
4644.450006826561
 20
17541.226531297823
 10
4685.750694033587
 20
17541.226531297823
 10
4727.051381240614
 20
17626.105781792394
  0
LWPOLYLINE
  5
A9
330
17
100
AcDbEntity
  8
RASTER_CONTOURS
100
AcDbPolyline
 90
6
 70
1
 10
29259.659582214535
 20
17710.98503228696
 10
29342.260956628586
 20
17668.545407039674
 10
29342.260956628586
 20
17371.468030308683
 10
29300.96026942156
 20
17329.0284050614
 10
29177.05820780048
 20
17456.347280803253
 10
29177.05820780048
 20
17626.105781792394
  0
LWPOLYLINE
  5
AA
330
17
100
AcDbEntity
  8
RASTER_CONTOURS
100
AcDbPolyline
 90
8
 70
1
 10
27648.93278114049
 20
17583.66615654511
 10
27814.135529968597
 20
17710.98503228696
 10
28103.240340417786
 20
17710.98503228696
 10
28185.84171483184
 20
17626.105781792394
 10
28185.84171483184
 20
17413.90765555597
 10
28103.240340417786
 20
17329.0284050614
 10
27814.135529968597
 20
17329.0284050614
 10
27648.93278114049
 20
17498.78690605054
  0
LWPOLYLINE
  5
AB
330
17
100
AcDbEntity
  8
RASTER_CONTOURS
100
AcDbPolyline
 90
11
 70
1
 10
22073.34000819187
 20
17710.98503228696
 10
22197.24206981295
 20
17710.98503228696
 10
22238.542757019975
 20
17668.545407039674
 10
22238.542757019975
 20
17541.226531297823
 10
22279.843444227005
 20
17498.78690605054
 10
22238.542757019975
 20
17413.90765555597
 10
22279.843444227005
 20
17371.468030308683
 10
22197.24206981295
 20
17286.588779814112
 10
22073.34000819187
 20
17286.588779814112
 10
21908.13725936376
 20
17456.347280803253
 10
21908.13725936376
 20
17541.226531297823
  0
LWPOLYLINE
  5
AC
330
17
100
AcDbEntity
  8
RASTER_CONTOURS
100
AcDbPolyline
 90
5
 70
1
 10
21536.43107450052
 20
17753.424657534244
 10
21825.53588494971
 20
17541.226531297823
 10
21577.73176170755
 20
17244.149154566832
 10
21495.130387293495
 20
17329.0284050614
 10
21495.130387293495
 20
17710.98503228696
  0
LWPOLYLINE
  5
AD
330
17
100
AcDbEntity
  8
RASTER_CONTOURS
100
AcDbPolyline
 90
9
 70
1
 10
39047.92245027989
 20
17795.86428278153
 10
39006.62176307286
 20
17753.424657534244
 10
39047.92245027989
 20
17668.545407039674
 10
39006.62176307286
 20
17413.90765555597
 10
39047.92245027989
 20
17371.468030308683
 10
39171.824511900966
 20
17371.468030308683
 10
39213.125199108
 20
17413.90765555597
 10
39130.52382469394
 20
17541.226531297823
 10
39171.824511900966
 20
17753.424657534244
  0
LWPOLYLINE
  5
AE
330
17
100
AcDbEntity
  8
RASTER_CONTOURS
100
AcDbPolyline
 90
10
 70
1
 10
27153.324534656163
 20
17753.424657534244
 10
27359.8279706913
 20
17668.545407039674
 10
27359.8279706913
 20
17413.90765555597
 10
27277.226596277244
 20
17329.0284050614
 10
27194.625221863193
 20
17329.0284050614
 10
27153.324534656163
 20
17286.588779814112
 10
27194.625221863193
 20
17244.149154566832
 10
28227.142402038866
 20
17244.149154566832
 10
28227.142402038866
 20
17795.86428278153
 10
27194.625221863193
 20
17795.86428278153
  0
LWPOLYLINE
  5
AF
330
17
100
AcDbEntity
  8
RASTER_CONTOURS
100
AcDbPolyline
 90
11
 70
1
 10
50446.912119419285
 20
17838.303908028814
 10
50405.611432212245
 20
17753.424657534244
 10
50488.21280662631
 20
17668.545407039674
 10
50488.21280662631
 20
17583.66615654511
 10
50405.611432212245
 20
17456.347280803253
 10
50446.912119419285
 20
17413.90765555597
 10
50570.814181040354
 20
17413.90765555597
 10
50612.114868247394
 20
17456.347280803253
 10
50529.513493833336
 20
17626.105781792394
 10
50612.114868247394
 20
17795.86428278153
 10
50570.814181040354
 20
17838.303908028814
  0
LWPOLYLINE
  5
B0
330
17
100
AcDbEntity
  8
RASTER_CONTOURS
100
AcDbPolyline
 90
6
 70
1
 10
4107.541073135211
 20
17880.7435332761
 10
4231.443134756292
 20
17923.183158523385
 10
4272.743821963319
 20
17880.7435332761
 10
4272.743821963319
 20
17753.424657534244
 10
4148.841760342239
 20
17710.98503228696
 10
4107.541073135211
 20
17753.424657534244
  0
LWPOLYLINE
  5
B1
330
17
100
AcDbEntity
  8
RASTER_CONTOURS
100
AcDbPolyline
 90
86
 70
1
 10
50901.21967869659
 20
17371.468030308683
 10
50818.61830428252
 20
17286.588779814112
 10
50364.31074500523
 20
17286.588779814112
 10
50323.0100577982
 20
17329.0284050614
 10
50281.70937059118
 20
17710.98503228696
 10
50116.506621763074
 20
17710.98503228696
 10
50075.205934556034
 20
17753.424657534244
 10
49951.303872934965
 20
17710.98503228696
 10
45119.123469712824
 20
17710.98503228696
 10
45036.52209529878
 20
17668.545407039674
 10
45036.52209529878
 20
17498.78690605054
 10
44953.920720884715
 20
17413.90765555597
 10
44871.31934647067
 20
17498.78690605054
 10
44871.31934647067
 20
17710.98503228696
 10
44912.6200336777
 20
17753.424657534244
 10
44871.31934647067
 20
17795.86428278153
 10
44747.41728484959
 20
17795.86428278153
 10
44706.11659764256
 20
17753.424657534244
 10
44788.717972056606
 20
17668.545407039674
 10
44747.41728484959
 20
17413.90765555597
 10
44788.717972056606
 20
17371.468030308683
 10
44953.920720884715
 20
17413.90765555597
 10
44995.22140809174
 20
17371.468030308683
 10
44953.920720884715
 20
17286.588779814112
 10
44664.81591043552
 20
17286.588779814112
 10
44540.91384881446
 20
17710.98503228696
 10
42228.07536522096
 20
17710.98503228696
 10
42186.77467801392
 20
17668.545407039674
 10
39502.23000955718
 20
17668.545407039674
 10
39419.628635143126
 20
17710.98503228696
 10
39337.027260729075
 20
17668.545407039674
 10
39295.72657352205
 20
17583.66615654511
 10
39295.72657352205
 20
17329.0284050614
 10
39130.52382469394
 20
17244.149154566832
 10
38965.32107586584
 20
17244.149154566832
 10
38882.71970145178
 20
17329.0284050614
 10
38924.020388658806
 20
17456.347280803253
 10
38841.41901424475
 20
17668.545407039674
 10
33596.231738952345
 20
17668.545407039674
 10
33513.630364538294
 20
17456.347280803253
 10
33554.93105174532
 20
17329.0284050614
 10
33472.32967733127
 20
17244.149154566832
 10
33224.52555408911
 20
17244.149154566832
 10
33183.22486688208
 20
17286.588779814112
 10
33224.52555408911
 20
17371.468030308683
 10
33307.12692850316
 20
17329.0284050614
 10
33431.02899012424
 20
17371.468030308683
 10
33389.72830291722
 20
17456.347280803253
 10
33389.72830291722
 20
17668.545407039674
 10
33431.02899012424
 20
17753.424657534244
 10
33265.826241296134
 20
17753.424657534244
 10
33307.12692850316
 20
17498.78690605054
 10
33183.22486688208
 20
17413.90765555597
 10
33141.92417967506
 20
17456.347280803253
 10
33141.92417967506
 20
17583.66615654511
 10
33059.322805261
 20
17668.545407039674
 10
31365.9946297729
 20
17668.545407039674
 10
31324.69394256587
 20
17710.98503228696
 10
31324.69394256587
 20
17838.303908028814
 10
31365.9946297729
 20
17880.7435332761
 10
33224.52555408911
 20
17880.7435332761
 10
33265.826241296134
 20
17923.183158523385
 10
33348.427615710185
 20
17880.7435332761
 10
33513.630364538294
 20
17880.7435332761
 10
33554.93105174532
 20
17923.183158523385
 10
33885.33654940154
 20
17923.183158523385
 10
33926.63723660856
 20
17880.7435332761
 10
34050.53929822964
 20
17880.7435332761
 10
34091.83998543667
 20
17923.183158523385
 10
34835.25235516315
 20
17923.183158523385
 10
34876.55304237018
 20
17880.7435332761
 10
34959.15441678423
 20
17923.183158523385
 10
39047.92245027989
 20
17923.183158523385
 10
39089.22313748691
 20
17880.7435332761
 10
39130.52382469394
 20
17923.183158523385
 10
47555.86401492741
 20
17923.183158523385
 10
47597.164702134425
 20
17965.622783770665
 10
47721.066763755516
 20
17923.183158523385
 10
47886.26951258362
 20
17923.183158523385
 10
47927.57019979064
 20
17965.622783770665
 10
50446.912119419285
 20
17965.622783770665
 10
50488.21280662631
 20
17923.183158523385
 10
50612.114868247394
 20
17923.183158523385
 10
50653.41555545442
 20
17965.622783770665
 10
50777.3176170755
 20
17965.622783770665
 10
50901.21967869659
 20
17880.7435332761
  0
LWPOLYLINE
  5
B2
330
17
100
AcDbEntity
  8
RASTER_CONTOURS
100
AcDbPolyline
 90
6
 70
1
 10
53503.16297273926
 20
18262.700160501656
 10
53503.16297273926
 20
17838.303908028814
 10
53544.4636599463
 20
17795.86428278153
 10
53503.16297273926
 20
17371.468030308683
 10
53544.4636599463
 20
17244.149154566832
 10
53544.4636599463
 20
18220.260535254376
  0
LWPOLYLINE
  5
B3
330
17
100
AcDbEntity
  8
RASTER_CONTOURS
100
AcDbPolyline
 90
12
 70
1
 10
52181.540982114406
 20
18262.700160501656
 10
52140.24029490738
 20
18092.941659512522
 10
52057.63892049334
 20
18050.502034265235
 10
52098.93960770036
 20
17626.105781792394
 10
52016.3382332863
 20
17329.0284050614
 10
52016.3382332863
 20
16989.51140308312
 10
52016.3382332863
 20
17201.70952931955
 10
52098.93960770036
 20
17286.588779814112
 10
52181.540982114406
 20
17244.149154566832
 10
52181.540982114406
 20
17116.83027882498
 10
52140.24029490738
 20
17583.66615654511
 10
52098.93960770036
 20
17626.105781792394
  0
LWPOLYLINE
  5
B4
330
17
100
AcDbEntity
  8
RASTER_CONTOURS
100
AcDbPolyline
 90
20
 70
1
 10
8774.51872752924
 20
18390.019036243513
 10
8733.218040322214
 20
18347.579410996226
 10
8733.218040322214
 20
17668.545407039674
 10
8691.917353115186
 20
17626.105781792394
 10
8444.113229873026
 20
17626.105781792394
 10
8361.511855458972
 20
17541.226531297823
 10
8444.113229873026
 20
17498.78690605054
 10
9146.224912392481
 20
17498.78690605054
 10
9228.826286806534
 20
17541.226531297823
 10
9228.826286806534
 20
17583.66615654511
 10
9146.224912392481
 20
17626.105781792394
 10
8857.120101943294
 20
17626.105781792394
 10
8815.819414736266
 20
17668.545407039674
 10
8815.819414736266
 20
17880.7435332761
 10
8898.42078915032
 20
17965.622783770665
 10
9063.623537978427
 20
17965.622783770665
 10
9146.224912392481
 20
18008.06240901795
 10
9146.224912392481
 20
18050.502034265235
 10
8939.721476357347
 20
18050.502034265235
 10
8857.120101943294
 20
18092.941659512522
  0
LWPOLYLINE
  5
B5
330
17
100
AcDbEntity
  8
RASTER_CONTOURS
100
AcDbPolyline
 90
14
 70
1
 10
7494.19742411141
 20
18347.579410996226
 10
7494.19742411141
 20
17838.303908028814
 10
7411.596049697357
 20
17541.226531297823
 10
7535.498111318437
 20
17498.78690605054
 10
8237.609793837892
 20
17498.78690605054
 10
8278.910481044919
 20
17541.226531297823
 10
8113.707732216812
 20
17626.105781792394
 10
8196.309106630864
 20
17795.86428278153
 10
8155.008419423838
 20
17965.622783770665
 10
8237.609793837892
 20
18050.502034265235
 10
8196.309106630864
 20
18092.941659512522
 10
8196.309106630864
 20
18347.579410996226
 10
8155.008419423838
 20
18390.019036243513
 10
7576.798798525464
 20
18390.019036243513
  0
LWPOLYLINE
  5
B6
330
17
100
AcDbEntity
  8
RASTER_CONTOURS
100
AcDbPolyline
 90
70
 70
1
 10
16869.453420106493
 20
18305.139785748943
 10
16786.85204569244
 20
18390.019036243513
 10
16621.649296864332
 20
18390.019036243513
 10
16497.747235243252
 20
18220.260535254376
 10
16373.845173622172
 20
18220.260535254376
 10
16332.544486415145
 20
18177.820910007093
 10
16249.943112001092
 20
18220.260535254376
 10
16167.341737587038
 20
18390.019036243513
 10
16126.041050380012
 20
18390.019036243513
 10
16002.138988758932
 20
18177.820910007093
 10
16043.439675965958
 20
17965.622783770665
 10
15919.537614344878
 20
17838.303908028814
 10
15878.236927137852
 20
17880.7435332761
 10
15878.236927137852
 20
18262.700160501656
 10
15795.635552723797
 20
18390.019036243513
 10
15713.034178309741
 20
18347.579410996226
 10
15589.132116688661
 20
18432.458661490797
 10
15547.831429481635
 20
18390.019036243513
 10
15423.929367860554
 20
18390.019036243513
 10
15258.726619032448
 20
18220.260535254376
 10
15134.824557411368
 20
18390.019036243513
 10
15052.223182997313
 20
18177.820910007093
 10
15052.223182997313
 20
17923.183158523385
 10
14928.321121376233
 20
17838.303908028814
 10
14721.8176853411
 20
18050.502034265235
 10
14721.8176853411
 20
18390.019036243513
 10
14639.216310927046
 20
18347.579410996226
 10
14639.216310927046
 20
18220.260535254376
 10
14597.915623720019
 20
18177.820910007093
 10
14226.209438856778
 20
18390.019036243513
 10
14143.608064442726
 20
18135.381284759806
 10
14061.006690028671
 20
18050.502034265235
 10
14061.006690028671
 20
17923.183158523385
 10
14184.908751649751
 20
17965.622783770665
 10
14267.510126063806
 20
17880.7435332761
 10
14267.510126063806
 20
17795.86428278153
 10
14102.307377235698
 20
17583.66615654511
 10
14143.608064442726
 20
17541.226531297823
 10
14226.209438856778
 20
17583.66615654511
 10
14391.412187684886
 20
17753.424657534244
 10
14474.013562098939
 20
18008.06240901795
 10
14556.614936512993
 20
18050.502034265235
 10
14639.216310927046
 20
17923.183158523385
 10
14639.216310927046
 20
17583.66615654511
 10
14721.8176853411
 20
17541.226531297823
 10
14763.118372548126
 20
17626.105781792394
 10
14721.8176853411
 20
17710.98503228696
 10
14804.419059755153
 20
17795.86428278153
 10
14928.321121376233
 20
17795.86428278153
 10
15093.52387020434
 20
17710.98503228696
 10
15134.824557411368
 20
17541.226531297823
 10
15671.733491102716
 20
17583.66615654511
 10
15754.33486551677
 20
17498.78690605054
 10
15878.236927137852
 20
17498.78690605054
 10
15919.537614344878
 20
17583.66615654511
 10
15878.236927137852
 20
17710.98503228696
 10
15960.838301551905
 20
17795.86428278153
 10
16126.041050380012
 20
17710.98503228696
 10
16126.041050380012
 20
17541.226531297823
 10
16249.943112001092
 20
17541.226531297823
 10
16373.845173622172
 20
17626.105781792394
 10
16456.446548036227
 20
17498.78690605054
 10
16539.047922450278
 20
17498.78690605054
 10
16621.649296864332
 20
17583.66615654511
 10
16869.453420106493
 20
17498.78690605054
 10
16869.453420106493
 20
17668.545407039674
 10
16786.85204569244
 20
17710.98503228696
 10
16828.152732899467
 20
18008.06240901795
 10
16745.551358485412
 20
18092.941659512522
 10
16869.453420106493
 20
18177.820910007093
  0
LWPOLYLINE
  5
B7
330
17
100
AcDbEntity
  8
RASTER_CONTOURS
100
AcDbPolyline
 90
17
 70
1
 10
13193.692258681107
 20
18390.019036243513
 10
13152.39157147408
 20
18347.579410996226
 10
13152.39157147408
 20
17880.7435332761
 10
13069.790197060027
 20
17710.98503228696
 10
13069.790197060027
 20
17583.66615654511
 10
13152.39157147408
 20
17541.226531297823
 10
13606.699130751374
 20
17541.226531297823
 10
13647.999817958404
 20
17498.78690605054
 10
13689.30050516543
 20
17541.226531297823
 10
13895.803941200564
 20
17541.226531297823
 10
13895.803941200564
 20
17583.66615654511
 10
13771.901879579484
 20
17668.545407039674
 10
13813.202566786511
 20
18008.06240901795
 10
13854.503253993538
 20
18050.502034265235
 10
13854.503253993538
 20
18390.019036243513
 10
13565.398443544349
 20
18390.019036243513
 10
13524.097756337322
 20
18432.458661490797
  0
LWPOLYLINE
  5
B8
330
17
100
AcDbEntity
  8
RASTER_CONTOURS
100
AcDbPolyline
 90
2
 70
1
 10
53131.45678787602
 20
19578.32854316748
 10
53131.45678787602
 20
18262.700160501656
  0
LWPOLYLINE
  5
B9
330
17
100
AcDbEntity
  8
RASTER_CONTOURS
100
AcDbPolyline
 90
4
 70
1
 10
53503.16297273926
 20
19748.08704415662
 10
53503.16297273926
 20
18347.579410996226
 10
53503.16297273926
 20
18517.337911985367
 10
53544.4636599463
 20
18559.777537232654
  0
LWPOLYLINE
  5
BA
330
17
100
AcDbEntity
  8
RASTER_CONTOURS
100
AcDbPolyline
 90
6
 70
1
 10
4603.149319619532
 20
20214.92292187675
 10
4727.051381240614
 20
20130.04367138218
 10
4727.051381240614
 20
19917.84554514576
 10
4685.750694033587
 20
19875.405919898472
 10
4603.149319619532
 20
19875.405919898472
 10
4520.547945205479
 20
20002.724795640323
  0
LWPOLYLINE
  5
BB
330
17
100
AcDbEntity
  8
RASTER_CONTOURS
100
AcDbPolyline
 90
5
 70
1
 10
4479.247257998452
 20
20299.802172371314
 10
4520.547945205479
 20
20257.362547124034
 10
4520.547945205479
 20
20130.04367138218
 10
4437.946570791426
 20
20045.16442088761
 10
4355.345196377372
 20
20214.92292187675
  0
LWPOLYLINE
  5
BC
330
17
100
AcDbEntity
  8
RASTER_CONTOURS
100
AcDbPolyline
 90
6
 70
1
 10
4355.345196377372
 20
20639.31917434959
 10
4437.946570791426
 20
20554.439923855025
 10
4437.946570791426
 20
20384.681422865884
 10
4396.645883584399
 20
20342.2417976186
 10
4314.044509170345
 20
20427.12104811317
 10
4314.044509170345
 20
20596.879549102312
  0
LWPOLYLINE
  5
BD
330
17
100
AcDbEntity
  8
RASTER_CONTOURS
100
AcDbPolyline
 90
8
 70
1
 10
4190.142447549265
 20
20766.638050091446
 10
4272.743821963319
 20
20596.879549102312
 10
4272.743821963319
 20
20384.681422865884
 10
4148.841760342239
 20
20045.16442088761
 10
4066.240385928185
 20
20214.92292187675
 10
4066.240385928185
 20
20512.00029860774
 10
4107.541073135211
 20
20554.439923855025
 10
4107.541073135211
 20
20724.198424844162
  0
LWPOLYLINE
  5
BE
330
17
100
AcDbEntity
  8
RASTER_CONTOURS
100
AcDbPolyline
 90
9
 70
1
 10
53792.26778318845
 20
21191.034302564294
 10
53792.26778318845
 20
17031.951028330408
 10
53833.568470395476
 20
16989.51140308312
 10
53792.26778318845
 20
16862.19252734127
 10
53792.26778318845
 20
15886.081146653729
 10
53833.568470395476
 20
15843.641521406444
 10
53874.869157602516
 20
11047.96386846329
 10
53874.869157602516
 20
15079.72826695532
 10
53833.568470395476
 20
15122.167892202606
  0
LWPOLYLINE
  5
BF
330
17
100
AcDbEntity
  8
RASTER_CONTOURS
100
AcDbPolyline
 90
2
 70
1
 10
53131.45678787602
 20
21870.068306520847
 10
53131.45678787602
 20
20469.560673360455
  0
LWPOLYLINE
  5
C0
330
17
100
AcDbEntity
  8
RASTER_CONTOURS
100
AcDbPolyline
 90
5
 70
1
 10
4314.044509170345
 20
21912.50793176813
 10
4355.345196377372
 20
21785.189056026276
 10
4231.443134756292
 20
21700.309805531706
 10
4190.142447549265
 20
21785.189056026276
 10
4272.743821963319
 20
21827.62868127356
  0
LWPOLYLINE
  5
C1
330
17
100
AcDbEntity
  8
RASTER_CONTOURS
100
AcDbPolyline
 90
7
 70
1
 10
51272.92586355982
 20
22082.266432757267
 10
51272.92586355982
 20
21870.068306520847
 10
51355.52723797387
 20
21572.990929789856
 10
51355.52723797387
 20
21700.309805531706
 10
51314.22655076685
 20
21742.74943077899
 10
51355.52723797387
 20
21954.947557015417
 10
51314.22655076685
 20
22082.266432757267
  0
LWPOLYLINE
  5
C2
330
17
100
AcDbEntity
  8
RASTER_CONTOURS
100
AcDbPolyline
 90
26
 70
1
 10
18108.474036317297
 20
22209.58530849912
 10
19884.40358621945
 20
22209.58530849912
 10
20090.907022254585
 20
22124.70605800455
 10
20090.907022254585
 20
21700.309805531706
 10
20132.20770946161
 20
21657.87018028442
 10
20132.20770946161
 20
21488.111679295285
 10
20090.907022254585
 20
21445.672054048
 10
20132.20770946161
 20
21360.792803553428
 10
20132.20770946161
 20
17795.86428278153
 10
20173.50839666864
 20
17753.424657534244
 10
20173.50839666864
 20
13594.34138330036
 10
20132.20770946161
 20
13551.90175805308
 10
20173.50839666864
 20
13000.186629838377
 10
20090.907022254585
 20
12872.867754096527
 10
18191.075410731348
 20
12872.867754096527
 10
18067.173349110268
 20
13000.186629838377
 10
18067.173349110268
 20
14952.409391213465
 10
18025.872661903242
 20
14994.84901646075
 10
18025.872661903242
 20
21191.034302564294
 10
17984.571974696217
 20
21233.473927811578
 10
18025.872661903242
 20
21360.792803553428
 10
17984.571974696217
 20
21488.111679295285
 10
18025.872661903242
 20
21572.990929789856
 10
17984.571974696217
 20
21657.87018028442
 10
18025.872661903242
 20
21700.309805531706
 10
18025.872661903242
 20
22124.70605800455
  0
LWPOLYLINE
  5
C3
330
17
100
AcDbEntity
  8
RASTER_CONTOURS
100
AcDbPolyline
 90
38
 70
1
 10
17984.571974696217
 20
22252.02493374641
 10
17943.271287489188
 20
22209.58530849912
 10
17943.271287489188
 20
17753.424657534244
 10
17984.571974696217
 20
17710.98503228696
 10
17984.571974696217
 20
13721.660259042215
 10
18025.872661903242
 20
13679.22063379493
 10
17984.571974696217
 20
13594.34138330036
 10
17984.571974696217
 20
13000.186629838377
 10
18067.173349110268
 20
12830.428128849242
 10
20214.809083875665
 20
12830.428128849242
 10
20256.10977108269
 20
12872.867754096527
 10
20256.10977108269
 20
13764.0998842895
 10
20214.809083875665
 20
13806.539509536786
 10
20256.10977108269
 20
13848.979134784071
 10
20256.10977108269
 20
13976.298010525921
 10
20214.809083875665
 20
14018.737635773206
 10
20256.10977108269
 20
14103.616886267777
 10
20214.809083875665
 20
14230.935762009633
 10
20214.809083875665
 20
14740.211264977044
 10
20256.10977108269
 20
14782.65089022433
 10
20214.809083875665
 20
14825.090515471615
 10
20214.809083875665
 20
20384.681422865884
 10
20173.50839666864
 20
20427.12104811317
 10
20173.50839666864
 20
20809.077675338733
 10
20214.809083875665
 20
20851.517300586016
 10
20173.50839666864
 20
20893.956925833303
 10
20214.809083875665
 20
20936.396551080587
 10
20214.809083875665
 20
21148.594677317007
 10
20173.50839666864
 20
21191.034302564294
 10
20173.50839666864
 20
21742.74943077899
 10
20214.809083875665
 20
21785.189056026276
 10
20173.50839666864
 20
21870.068306520847
 10
20214.809083875665
 20
21912.50793176813
 10
20173.50839666864
 20
21954.947557015417
 10
20214.809083875665
 20
21997.387182262697
 10
20173.50839666864
 20
22039.82680750998
 10
20173.50839666864
 20
22209.58530849912
 10
20132.20770946161
 20
22252.02493374641
  0
LWPOLYLINE
  5
C4
330
17
100
AcDbEntity
  8
RASTER_CONTOURS
100
AcDbPolyline
 90
7
 70
1
 10
41567.26436990851
 20
22888.619312455674
 10
41608.56505711556
 20
22931.05893770296
 10
41897.66986756473
 20
22931.05893770296
 10
41980.271241978786
 20
22803.740061961103
 10
41897.66986756473
 20
22718.860811466533
 10
41649.865744322575
 20
22718.860811466533
 10
41567.26436990851
 20
22803.740061961103
  0
LWPOLYLINE
  5
C5
330
17
100
AcDbEntity
  8
RASTER_CONTOURS
100
AcDbPolyline
 90
5
 70
1
 10
51149.02380193874
 20
22973.498562950244
 10
51190.32448914576
 20
22888.619312455674
 10
51149.02380193874
 20
22718.860811466533
 10
51272.92586355982
 20
22336.90418424097
 10
51231.6251763528
 20
22888.619312455674
  0
LWPOLYLINE
  5
C6
330
17
100
AcDbEntity
  8
RASTER_CONTOURS
100
AcDbPolyline
 90
6
 70
1
 10
24716.583989441588
 20
22973.498562950244
 10
24799.18536385564
 20
23058.37781344481
 10
24881.786738269693
 20
23058.37781344481
 10
24964.388112683748
 20
22973.498562950244
 10
24923.08742547672
 20
22931.05893770296
 10
24757.884676648613
 20
22931.05893770296
  0
LWPOLYLINE
  5
C7
330
17
100
AcDbEntity
  8
RASTER_CONTOURS
100
AcDbPolyline
 90
27
 70
1
 10
41319.460246666364
 20
23270.575939681235
 10
41319.460246666364
 20
23228.136314433952
 10
41402.06162108041
 20
23185.696689186665
 10
41525.96368270149
 20
23228.136314433952
 10
41732.46711873662
 20
23100.817438692095
 10
41649.865744322575
 20
23015.938188197524
 10
41443.36230828745
 20
22973.498562950244
 10
41443.36230828745
 20
22633.98156097197
 10
41484.662995494466
 20
22591.541935724683
 10
41608.56505711556
 20
22633.98156097197
 10
41938.97055477177
 20
22633.98156097197
 10
42021.57192918581
 20
22591.541935724683
 10
42062.87261639284
 20
22633.98156097197
 10
42062.87261639284
 20
22973.498562950244
 10
42021.57192918581
 20
23015.938188197524
 10
41856.3691803577
 20
23015.938188197524
 10
41815.068493150684
 20
23143.25706393938
 10
41897.66986756473
 20
23228.136314433952
 10
42104.17330359988
 20
23185.696689186665
 10
42186.77467801392
 20
23228.136314433952
 10
42145.473990806895
 20
23270.575939681235
 10
42021.57192918581
 20
23270.575939681235
 10
41980.271241978786
 20
23313.015564928523
 10
41897.66986756473
 20
23270.575939681235
 10
41773.76780594366
 20
23440.334440670373
 10
41732.46711873662
 20
23440.334440670373
 10
41608.56505711556
 20
23270.575939681235
  0
LWPOLYLINE
  5
C8
330
17
100
AcDbEntity
  8
RASTER_CONTOURS
100
AcDbPolyline
 90
23
 70
1
 10
40369.54444090474
 20
23397.894815423086
 10
40410.84512811176
 20
23313.015564928523
 10
40369.54444090474
 20
23228.136314433952
 10
40410.84512811176
 20
23100.817438692095
 10
40369.54444090474
 20
22803.740061961103
 10
40452.14581531881
 20
22761.30043671382
 10
40452.14581531881
 20
22676.42118621925
 10
40534.74718973285
 20
22633.98156097197
 10
40534.74718973285
 20
22803.740061961103
 10
40658.649251353934
 20
22973.498562950244
 10
40741.25062576798
 20
22888.619312455674
 10
40741.25062576798
 20
22591.541935724683
 10
41112.95681063123
 20
22591.541935724683
 10
41154.257497838254
 20
22633.98156097197
 10
41154.257497838254
 20
22931.05893770296
 10
41195.55818504527
 20
22973.498562950244
 10
41154.257497838254
 20
23143.25706393938
 10
41236.8588722523
 20
23228.136314433952
 10
41195.55818504527
 20
23355.455190175802
 10
41112.95681063123
 20
23440.334440670373
 10
40906.45337459609
 20
23440.334440670373
 10
40741.25062576798
 20
23355.455190175802
 10
40576.04787693987
 20
23440.334440670373
  0
LWPOLYLINE
  5
C9
330
17
100
AcDbEntity
  8
RASTER_CONTOURS
100
AcDbPolyline
 90
37
 70
1
 10
24675.28330223456
 20
23355.455190175802
 10
24757.884676648613
 20
23270.575939681235
 10
24840.486051062668
 20
23313.015564928523
 10
24881.786738269693
 20
23270.575939681235
 10
24840.486051062668
 20
23185.696689186665
 10
24675.28330223456
 20
23100.817438692095
 10
24716.583989441588
 20
22973.498562950244
 10
24675.28330223456
 20
22846.17968720839
 10
24799.18536385564
 20
22846.17968720839
 10
24840.486051062668
 20
22803.740061961103
 10
24675.28330223456
 20
22591.541935724683
 10
24757.884676648613
 20
22591.541935724683
 10
25005.688799890773
 20
22718.860811466533
 10
25046.9894870978
 20
22633.98156097197
 10
25129.590861511853
 20
22633.98156097197
 10
25170.891548718882
 20
22718.860811466533
 10
25253.492923132933
 20
22718.860811466533
 10
25336.094297546988
 20
22633.98156097197
 10
25501.297046375093
 20
22633.98156097197
 10
25501.297046375093
 20
22676.42118621925
 10
25336.094297546988
 20
22803.740061961103
 10
25377.394984754013
 20
22846.17968720839
 10
25501.297046375093
 20
22846.17968720839
 10
25501.297046375093
 20
22888.619312455674
 10
25212.192235925908
 20
22973.498562950244
 10
25294.793610339962
 20
23058.37781344481
 10
25459.996359168068
 20
23015.938188197524
 10
25459.996359168068
 20
23100.817438692095
 10
25294.793610339962
 20
23185.696689186665
 10
25336.094297546988
 20
23270.575939681235
 10
25459.996359168068
 20
23313.015564928523
 10
25459.996359168068
 20
23397.894815423086
 10
25253.492923132933
 20
23355.455190175802
 10
25129.590861511853
 20
23440.334440670373
 10
25046.9894870978
 20
23440.334440670373
 10
24881.786738269693
 20
23313.015564928523
 10
24716.583989441588
 20
23397.894815423086
  0
LWPOLYLINE
  5
CA
330
17
100
AcDbEntity
  8
RASTER_CONTOURS
100
AcDbPolyline
 90
20
 70
1
 10
42434.57880125609
 20
23397.894815423086
 10
42310.676739635004
 20
23185.696689186665
 10
42393.27811404907
 20
23058.37781344481
 10
42393.27811404907
 20
22888.619312455674
 10
42310.676739635004
 20
22761.30043671382
 10
42517.18017567013
 20
22761.30043671382
 10
42599.7815500842
 20
22633.98156097197
 10
42723.68361170528
 20
22633.98156097197
 10
42764.9842989123
 20
22591.541935724683
 10
43095.38979656852
 20
22591.541935724683
 10
43136.690483775536
 20
22676.42118621925
 10
43136.690483775536
 20
23100.817438692095
 10
43095.38979656852
 20
23143.25706393938
 10
43095.38979656852
 20
23355.455190175802
 10
43012.78842215445
 20
23482.774065917656
 10
42888.88636053339
 20
23440.334440670373
 10
42806.284986119324
 20
23482.774065917656
 10
42682.38292449824
 20
23397.894815423086
 10
42682.38292449824
 20
23270.575939681235
 10
42599.7815500842
 20
23185.696689186665
  0
LWPOLYLINE
  5
CB
330
17
100
AcDbEntity
  8
RASTER_CONTOURS
100
AcDbPolyline
 90
16
 70
1
 10
25749.101169617254
 20
23440.334440670373
 10
25749.101169617254
 20
22931.05893770296
 10
25666.499795203203
 20
22761.30043671382
 10
25666.499795203203
 20
22633.98156097197
 10
25790.401856824283
 20
22591.541935724683
 10
26492.513539343738
 20
22591.541935724683
 10
26451.21285213671
 20
22676.42118621925
 10
26327.31079051563
 20
22718.860811466533
 10
26368.611477722658
 20
22846.17968720839
 10
26451.21285213671
 20
22888.619312455674
 10
26409.912164929683
 20
23015.938188197524
 10
26492.513539343738
 20
23100.817438692095
 10
26451.21285213671
 20
23143.25706393938
 10
26451.21285213671
 20
23440.334440670373
 10
25914.303918445363
 20
23440.334440670373
 10
25873.003231238337
 20
23482.774065917656
  0
LWPOLYLINE
  5
CC
330
17
100
AcDbEntity
  8
RASTER_CONTOURS
100
AcDbPolyline
 90
19
 70
1
 10
51685.93273563008
 20
23822.291067895934
 10
51727.233422837126
 20
23737.411817401364
 10
51727.233422837126
 20
23440.334440670373
 10
51851.13548445819
 20
23313.015564928523
 10
52346.74373094251
 20
23313.015564928523
 10
52429.34510535657
 20
23355.455190175802
 10
52470.64579256359
 20
23440.334440670373
 10
52470.64579256359
 20
23737.411817401364
 10
52511.94647977062
 20
23779.851442648647
 10
52429.34510535657
 20
23864.730693143218
 10
52264.142356528464
 20
23779.851442648647
 10
52346.74373094251
 20
23737.411817401364
 10
52346.74373094251
 20
23482.774065917656
 10
52264.142356528464
 20
23397.894815423086
 10
51933.73685887225
 20
23397.894815423086
 10
51851.13548445819
 20
23482.774065917656
 10
51851.13548445819
 20
23737.411817401364
 10
51892.43617166523
 20
23822.291067895934
 10
51809.83479725117
 20
23864.730693143218
  0
LWPOLYLINE
  5
CD
330
17
100
AcDbEntity
  8
RASTER_CONTOURS
100
AcDbPolyline
 90
12
 70
1
 10
53090.156100669
 20
23907.170318390505
 10
53007.55472625494
 20
23822.291067895934
 10
53048.85541346198
 20
23779.851442648647
 10
53048.85541346198
 20
23440.334440670373
 10
53007.55472625494
 20
23397.894815423086
 10
52966.25403904792
 20
22973.498562950244
 10
53090.156100669
 20
23058.37781344481
 10
53090.156100669
 20
23228.136314433952
 10
53131.45678787602
 20
23270.575939681235
 10
53131.45678787602
 20
23652.532566906797
 10
53090.156100669
 20
23694.972192154077
 10
53131.45678787602
 20
23822.291067895934
  0
LWPOLYLINE
  5
CE
330
17
100
AcDbEntity
  8
RASTER_CONTOURS
100
AcDbPolyline
 90
2
 70
1
 10
53461.86228553224
 20
24289.126945616066
 10
53461.86228553224
 20
23949.609943637788
  0
LWPOLYLINE
  5
CF
330
17
100
AcDbEntity
  8
RASTER_CONTOURS
100
AcDbPolyline
 90
5
 70
1
 10
3942.3383243071044
 20
24840.84207383076
 10
4024.939698721158
 20
24798.402448583478
 10
4024.939698721158
 20
24628.64394759434
 10
3983.639011514131
 20
24586.204322347057
 10
3901.037637100078
 20
24755.96282333619
  0
LWPOLYLINE
  5
D0
330
17
100
AcDbEntity
  8
RASTER_CONTOURS
100
AcDbPolyline
 90
2
 70
1
 10
53420.561598325214
 20
26029.151580754733
 10
53420.561598325214
 20
25562.3157030346
  0
LWPOLYLINE
  5
D1
330
17
100
AcDbEntity
  8
RASTER_CONTOURS
100
AcDbPolyline
 90
13
 70
1
 10
33554.93105174532
 20
26156.470456496583
 10
33389.72830291722
 20
26071.591206002013
 10
33307.12692850316
 20
26114.030831249296
 10
33265.826241296134
 20
26071.591206002013
 10
31489.89669139398
 20
26071.591206002013
 10
31365.9946297729
 20
26241.349706991154
 10
31448.59600418695
 20
26326.228957485724
 10
32976.72143084695
 20
26326.228957485724
 10
33018.022118053974
 20
26368.668582733007
 10
33183.22486688208
 20
26368.668582733007
 10
33224.52555408911
 20
26326.228957485724
 10
33513.630364538294
 20
26326.228957485724
 10
33554.93105174532
 20
26283.789332238437
  0
LWPOLYLINE
  5
D2
330
17
100
AcDbEntity
  8
RASTER_CONTOURS
100
AcDbPolyline
 90
12
 70
1
 10
17819.369225868108
 20
27938.934716882533
 10
17778.068538661082
 20
27896.49509163525
 10
17901.970600282162
 20
27811.61584114068
 10
17860.669913075137
 20
27684.29696539883
 10
17901.970600282162
 20
27429.659213915118
 10
17778.068538661082
 20
27217.461087678697
 10
17819.369225868108
 20
27175.02146243141
 10
17860.669913075137
 20
27217.461087678697
 10
17984.571974696217
 20
27175.02146243141
 10
18025.872661903242
 20
27217.461087678697
 10
17984.571974696217
 20
27259.90071292598
 10
17984.571974696217
 20
27938.934716882533
  0
LWPOLYLINE
  5
D3
330
17
100
AcDbEntity
  8
RASTER_CONTOURS
100
AcDbPolyline
 90
9
 70
1
 10
52842.35197742683
 20
28023.813967377104
 10
52801.05129021981
 20
27896.49509163525
 10
52842.35197742683
 20
27514.53846440969
 10
52966.25403904792
 20
27387.21958866784
 10
52966.25403904792
 20
27132.581837184127
 10
53048.85541346198
 20
27090.14221193684
 10
53090.156100669
 20
27429.659213915118
 10
52924.95335184089
 20
27599.41771490426
 10
52966.25403904792
 20
27981.37434212982
  0
LWPOLYLINE
  5
D4
330
17
100
AcDbEntity
  8
RASTER_CONTOURS
100
AcDbPolyline
 90
3
 70
1
 10
51190.32448914576
 20
28320.891344108095
 10
51149.02380193874
 20
28236.012093613524
 10
51149.02380193874
 20
28023.813967377104
  0
LWPOLYLINE
  5
D5
330
17
100
AcDbEntity
  8
RASTER_CONTOURS
100
AcDbPolyline
 90
14
 70
1
 10
21701.63382332863
 20
28533.089470344516
 10
21949.43794657079
 20
28533.089470344516
 10
22032.03932098484
 20
28448.210219849945
 10
22032.03932098484
 20
28320.891344108095
 10
22073.34000819187
 20
28278.45171886081
 10
22032.03932098484
 20
27514.53846440969
 10
22073.34000819187
 20
27472.0988391624
 10
22114.640695398895
 20
17838.303908028814
 10
21908.13725936376
 20
17753.424657534244
 10
21784.23519774268
 20
17753.424657534244
 10
21660.3331361216
 20
17838.303908028814
 10
21619.032448914575
 20
28066.25359262439
 10
21577.73176170755
 20
28108.69321787167
 10
21577.73176170755
 20
28363.330969355382
  0
LWPOLYLINE
  5
D6
330
17
100
AcDbEntity
  8
RASTER_CONTOURS
100
AcDbPolyline
 90
2
 70
1
 10
53420.561598325214
 20
28617.968720839086
 10
53420.561598325214
 20
27090.14221193684
  0
LWPOLYLINE
  5
D7
330
17
100
AcDbEntity
  8
RASTER_CONTOURS
100
AcDbPolyline
 90
6
 70
1
 10
40658.649251353934
 20
28745.28759658094
 10
40617.34856414691
 20
28533.089470344516
 10
40658.649251353934
 20
28448.210219849945
 10
40741.25062576798
 20
28405.770594602665
 10
40699.94993856095
 20
28490.649845097232
 10
40699.94993856095
 20
28745.28759658094
  0
LWPOLYLINE
  5
D8
330
17
100
AcDbEntity
  8
RASTER_CONTOURS
100
AcDbPolyline
 90
4
 70
1
 10
43095.38979656852
 20
28787.727221828223
 10
43054.08910936149
 20
28745.28759658094
 10
43054.08910936149
 20
28448.210219849945
 10
43136.690483775536
 20
28448.210219849945
  0
LWPOLYLINE
  5
D9
330
17
100
AcDbEntity
  8
RASTER_CONTOURS
100
AcDbPolyline
 90
4
 70
1
 10
37354.59427479179
 20
28787.727221828223
 10
37313.29358758476
 20
28745.28759658094
 10
37313.29358758476
 20
28490.649845097232
 10
37395.89496199881
 20
28405.770594602665
  0
LWPOLYLINE
  5
DA
330
17
100
AcDbEntity
  8
RASTER_CONTOURS
100
AcDbPolyline
 90
4
 70
1
 10
34917.853729577204
 20
28787.727221828223
 10
34917.853729577204
 20
28448.210219849945
 10
34959.15441678423
 20
28448.210219849945
 10
34959.15441678423
 20
28787.727221828223
  0
LWPOLYLINE
  5
DB
330
17
100
AcDbEntity
  8
RASTER_CONTOURS
100
AcDbPolyline
 90
53
 70
1
 10
18521.480908387563
 20
29042.364973311935
 10
18851.886406043777
 20
29042.364973311935
 10
18893.187093250803
 20
29084.804598559214
 10
21082.123515223226
 20
29084.804598559214
 10
21123.424202430255
 20
29042.364973311935
 10
21247.326264051335
 20
29042.364973311935
 10
21329.92763846539
 20
28872.606472322794
 10
21329.92763846539
 20
28533.089470344516
 10
21371.228325672415
 20
28490.649845097232
 10
21371.228325672415
 20
24755.96282333619
 10
21412.52901287944
 20
24713.523198088908
 10
21412.52901287944
 20
19832.96629465119
 10
21453.82970008647
 20
19790.526669403902
 10
21412.52901287944
 20
19705.64741890933
 10
21412.52901287944
 20
18771.975663469075
 10
21453.82970008647
 20
18729.536038221788
 10
21495.130387293495
 20
7695.233473927812
 10
21536.43107450052
 20
7652.793848680527
 10
21536.43107450052
 20
6719.122093240268
 10
21453.82970008647
 20
6506.923967003843
 10
21453.82970008647
 20
5276.174834832594
 10
21577.73176170755
 20
5106.416333843453
 10
21577.73176170755
 20
4894.218207607032
 10
21619.032448914575
 20
4851.778582359747
 10
21619.032448914575
 20
3790.7879511776327
 10
21536.43107450052
 20
3621.0294501884973
 10
18232.376097938377
 20
3621.0294501884973
 10
18149.774723524322
 20
3705.9087006830628
 10
18149.774723524322
 20
4936.657832854317
 10
18108.474036317297
 20
4979.097458101603
 10
18108.474036317297
 20
5403.493710574448
 10
18191.075410731348
 20
5530.8125863162995
 10
18397.578846766482
 20
5530.8125863162995
 10
18480.180221180537
 20
5615.69183681087
 10
18480.180221180537
 20
5785.450337800005
 10
18438.87953397351
 20
5870.329588294576
 10
18356.278159559457
 20
5912.769213541861
 10
18232.376097938377
 20
5870.329588294576
 10
18108.474036317297
 20
6040.088089283716
 10
18067.173349110268
 20
12533.350752118246
 10
18149.774723524322
 20
12618.230002612816
 10
20380.01183270377
 20
12618.230002612816
 10
20421.3125199108
 20
12660.669627860101
 10
20380.01183270377
 20
22336.90418424097
 10
20338.711145496745
 20
22421.783434735542
 10
18067.173349110268
 20
22421.783434735542
 10
17984.571974696217
 20
22506.662685230112
 10
17984.571974696217
 20
26623.306334216715
 10
18067.173349110268
 20
26708.185584711286
 10
18108.474036317297
 20
26665.745959464
 10
18232.376097938377
 20
26665.745959464
 10
18480.180221180537
 20
26750.625209958565
 10
18480.180221180537
 20
28999.925348064648
  0
LWPOLYLINE
  5
DC
330
17
100
AcDbEntity
  8
RASTER_CONTOURS
100
AcDbPolyline
 90
83
 70
1
 10
22362.444818641055
 20
29806.27822776305
 10
24510.080553406453
 20
29806.27822776305
 10
24592.681927820508
 20
29678.9593520212
 10
24592.681927820508
 20
27854.055466387963
 10
24633.982615027533
 20
27811.61584114068
 10
24633.982615027533
 20
27641.857340151542
 10
24510.080553406453
 20
27556.978089656972
 10
24592.681927820508
 20
27514.53846440969
 10
24716.583989441588
 20
27514.53846440969
 10
24757.884676648613
 20
27556.978089656972
 10
24716.583989441588
 20
27599.41771490426
 10
24716.583989441588
 20
28320.891344108095
 10
24675.28330223456
 20
28363.330969355382
 10
24675.28330223456
 20
28617.968720839086
 10
24716.583989441588
 20
28660.408346086373
 10
24716.583989441588
 20
29721.398977268484
 10
24799.18536385564
 20
29806.27822776305
 10
26946.821098621032
 20
29806.27822776305
 10
27029.422473035083
 20
29721.398977268484
 10
27029.422473035083
 20
28533.089470344516
 10
27070.723160242112
 20
28490.649845097232
 10
27112.023847449138
 20
28533.089470344516
 10
27442.429345105356
 20
28533.089470344516
 10
27525.03071951941
 20
28363.330969355382
 10
27525.03071951941
 20
26580.866708969428
 10
27566.331406726436
 20
26538.427083722145
 10
29094.456833386426
 20
26538.427083722145
 10
29177.05820780048
 20
26411.108207980287
 10
29218.358895007506
 20
18771.975663469075
 10
29094.456833386426
 20
18687.096412974504
 10
29177.05820780048
 20
18559.777537232654
 10
29177.05820780048
 20
18432.458661490797
 10
29135.757520593455
 20
18390.019036243513
 10
29135.757520593455
 20
18008.06240901795
 10
29177.05820780048
 20
17965.622783770665
 10
29135.757520593455
 20
17880.7435332761
 10
29135.757520593455
 20
16352.917024373855
 10
29259.659582214535
 20
16183.15852338472
 10
29259.659582214535
 20
10453.809115001308
 10
29300.96026942156
 20
10411.369489754023
 10
29300.96026942156
 20
9095.741107088203
 10
29218.358895007506
 20
8883.542980851777
 10
27855.436217175626
 20
8883.542980851777
 10
27648.93278114049
 20
8798.663730357212
 10
27648.93278114049
 20
6719.122093240268
 10
27566.331406726436
 20
6634.242842745699
 10
27277.226596277244
 20
6634.242842745699
 10
27235.925909070218
 20
6676.682467992983
 10
27194.625221863193
 20
6634.242842745699
 10
27194.625221863193
 20
5530.8125863162995
 10
27112.023847449138
 20
5403.493710574448
 10
25377.394984754013
 20
5403.493710574448
 10
25336.094297546988
 20
5361.054085327163
 10
24964.388112683748
 20
5403.493710574448
 10
24881.786738269693
 20
5488.372961069014
 10
24840.486051062668
 20
7567.914598185957
 10
24757.884676648613
 20
7525.474972938672
 10
24757.884676648613
 20
5488.372961069014
 10
24633.982615027533
 20
5361.054085327163
 10
22568.94825467619
 20
5361.054085327163
 10
22486.346880262136
 20
5445.933335821729
 10
22486.346880262136
 20
5912.769213541861
 10
22445.04619305511
 20
5955.208838789146
 10
22445.04619305511
 20
7610.354223433243
 10
22403.745505848085
 20
7652.793848680527
 10
22403.745505848085
 20
9138.180732335482
 10
22362.444818641055
 20
9180.620357582768
 10
22321.14413143403
 20
17159.269904072262
 10
22527.647567469165
 20
17286.588779814112
 10
22445.04619305511
 20
17286.588779814112
 10
22321.14413143403
 20
17371.468030308683
 10
22321.14413143403
 20
17583.66615654511
 10
22527.647567469165
 20
17753.424657534244
 10
22445.04619305511
 20
17753.424657534244
 10
22321.14413143403
 20
17880.7435332761
 10
22279.843444227005
 20
26411.108207980287
 10
22238.542757019975
 20
26453.547833227574
 10
22238.542757019975
 20
27302.340338173268
 10
22321.14413143403
 20
27514.53846440969
 10
22279.843444227005
 20
27641.857340151542
 10
22279.843444227005
 20
28872.606472322794
 10
22321.14413143403
 20
28915.046097570077
 10
22279.843444227005
 20
29594.08010152663
  0
LWPOLYLINE
  5
DD
330
17
100
AcDbEntity
  8
RASTER_CONTOURS
100
AcDbPolyline
 90
299
 70
1
 10
17943.271287489188
 20
29721.398977268484
 10
18067.173349110268
 20
29848.717853010337
 10
18108.474036317297
 20
29806.27822776305
 10
18191.075410731348
 20
29848.717853010337
 10
19677.900150184316
 20
29848.717853010337
 10
19719.200837391345
 20
29806.27822776305
 10
19884.40358621945
 20
29806.27822776305
 10
19925.70427342648
 20
29848.717853010337
 10
20173.50839666864
 20
29848.717853010337
 10
20214.809083875665
 20
29806.27822776305
 10
20256.10977108269
 20
29848.717853010337
 10
20338.711145496745
 20
29806.27822776305
 10
20462.613207117825
 20
29806.27822776305
 10
20503.91389432485
 20
29848.717853010337
 10
21082.123515223226
 20
29848.717853010337
 10
21123.424202430255
 20
29806.27822776305
 10
21164.72488963728
 20
29848.717853010337
 10
21371.228325672415
 20
29848.717853010337
 10
21412.52901287944
 20
29933.597103504908
 10
21825.53588494971
 20
29933.597103504908
 10
21866.836572156735
 20
29976.03672875219
 10
22032.03932098484
 20
29976.03672875219
 10
22279.843444227005
 20
29891.15747825762
 10
22238.542757019975
 20
29848.717853010337
 10
22238.542757019975
 20
28872.606472322794
 10
22155.941382605924
 20
28745.28759658094
 10
22197.24206981295
 20
28660.408346086373
 10
22073.34000819187
 20
28575.529095591803
 10
21990.738633777815
 20
28617.968720839086
 10
21908.13725936376
 20
28575.529095591803
 10
21866.836572156735
 20
28617.968720839086
 10
21660.3331361216
 20
28617.968720839086
 10
21536.43107450052
 20
28575.529095591803
 10
21495.130387293495
 20
28490.649845097232
 10
21371.228325672415
 20
28660.408346086373
 10
21371.228325672415
 20
29084.804598559214
 10
21288.62695125836
 20
29127.244223806498
 10
18438.87953397351
 20
29127.244223806498
 10
18397.578846766482
 20
29084.804598559214
 10
18397.578846766482
 20
26835.504460453136
 10
18314.97747235243
 20
26750.625209958565
 10
17943.271287489188
 20
26750.625209958565
 10
17901.970600282162
 20
26665.745959464
 10
17943.271287489188
 20
22421.783434735542
 10
18108.474036317297
 20
22336.90418424097
 10
18232.376097938377
 20
22379.34380948826
 10
18356.278159559457
 20
22336.90418424097
 10
18438.87953397351
 20
22379.34380948826
 10
19306.193965321076
 20
22379.34380948826
 10
19347.494652528105
 20
22336.90418424097
 10
19430.096026942156
 20
22379.34380948826
 10
19719.200837391345
 20
22379.34380948826
 10
19760.50152459837
 20
22336.90418424097
 10
19801.802211805396
 20
22379.34380948826
 10
20132.20770946161
 20
22379.34380948826
 10
20297.41045828972
 20
22294.46455899369
 10
20297.41045828972
 20
20045.16442088761
 10
20338.711145496745
 20
20002.724795640323
 10
20338.711145496745
 20
19875.405919898472
 10
20297.41045828972
 20
19832.96629465119
 10
20338.711145496745
 20
19790.526669403902
 10
20338.711145496745
 20
18220.260535254376
 10
20297.41045828972
 20
18177.820910007093
 10
20338.711145496745
 20
18135.381284759806
 10
20338.711145496745
 20
15504.124519428167
 10
20380.01183270377
 20
15461.684894180882
 10
20380.01183270377
 20
13891.41876003135
 10
20338.711145496745
 20
13848.979134784071
 10
20380.01183270377
 20
12787.988503601957
 10
20297.41045828972
 20
12703.109253107386
 10
18975.78846766486
 20
12703.109253107386
 10
18934.487780457835
 20
12660.669627860101
 10
18149.774723524322
 20
12703.109253107386
 10
18025.872661903242
 20
12660.669627860101
 10
17984.571974696217
 20
12406.031876376395
 10
18025.872661903242
 20
12363.59225112911
 10
18025.872661903242
 20
6549.3635922511285
 10
18067.173349110268
 20
6506.923967003843
 10
18025.872661903242
 20
6082.527714531001
 10
18067.173349110268
 20
6040.088089283716
 10
18067.173349110268
 20
3621.0294501884973
 10
18232.376097938377
 20
3536.150199693927
 10
18314.97747235243
 20
3578.589824941212
 10
18356.278159559457
 20
3536.150199693927
 10
18397.578846766482
 20
3578.589824941212
 10
18480.180221180537
 20
3536.150199693927
 10
18562.78159559459
 20
3578.589824941212
 10
19140.99121649297
 20
3578.589824941212
 10
19182.291903699996
 20
3536.150199693927
 10
19264.89327811405
 20
3578.589824941212
 10
21206.025576844306
 20
3578.589824941212
 10
21247.326264051335
 20
3536.150199693927
 10
21660.3331361216
 20
3578.589824941212
 10
21701.63382332863
 20
3663.469075435782
 10
21660.3331361216
 20
3748.348325930348
 10
21701.63382332863
 20
3833.227576424918
 10
21701.63382332863
 20
4257.623828897765
 10
21660.3331361216
 20
4300.06345414505
 10
21660.3331361216
 20
4554.701205628756
 10
21701.63382332863
 20
4597.140830876041
 10
21701.63382332863
 20
4894.218207607032
 10
21660.3331361216
 20
4979.097458101603
 10
21701.63382332863
 20
5063.976708596168
 10
21536.43107450052
 20
5361.054085327163
 10
21536.43107450052
 20
6506.923967003843
 10
21660.3331361216
 20
6719.122093240268
 10
21742.934510535655
 20
6549.3635922511285
 10
22279.843444227005
 20
6549.3635922511285
 10
22321.14413143403
 20
6506.923967003843
 10
22403.745505848085
 20
6209.846590272852
 10
22403.745505848085
 20
5361.054085327163
 10
22445.04619305511
 20
5318.614460079879
 10
22362.444818641055
 20
5233.735209585308
 10
21949.43794657079
 20
5233.735209585308
 10
21908.13725936376
 20
5191.295584338023
 10
21825.53588494971
 20
5233.735209585308
 10
21784.23519774268
 20
5191.295584338023
 10
21784.23519774268
 20
3069.3143219737954
 10
21742.934510535655
 20
3026.87469672651
 10
21701.63382332863
 20
3069.3143219737954
 10
21701.63382332863
 20
3366.391698704791
 10
21577.73176170755
 20
3451.2709491993564
 10
20545.21458153188
 20
3451.2709491993564
 10
20503.91389432485
 20
3408.8313239520717
 10
20297.41045828972
 20
3408.8313239520717
 10
20256.10977108269
 20
3451.2709491993564
 10
19058.389842078916
 20
3451.2709491993564
 10
19017.08915487189
 20
3408.8313239520717
 10
19017.08915487189
 20
692.6953081258613
 10
18975.78846766486
 20
650.2556828785808
 10
18934.487780457835
 20
692.6953081258613
 10
18934.487780457835
 20
2262.961442275392
 10
18893.187093250803
 20
2305.4010675226773
 10
18934.487780457835
 20
3323.952073457506
 10
18851.886406043777
 20
3451.2709491993564
 10
18727.984344422697
 20
3451.2709491993564
 10
18686.68365721567
 20
3408.8313239520717
 10
18604.082282801617
 20
3451.2709491993564
 10
18149.774723524322
 20
3451.2709491993564
 10
18067.173349110268
 20
3408.8313239520717
 10
18067.173349110268
 20
565.3764323840106
 10
18191.075410731348
 20
183.41980515844924
 10
18314.97747235243
 20
225.85943040573434
 10
18480.180221180537
 20
98.54055466387899
 10
18893.187093250803
 20
98.54055466387899
 10
18934.487780457835
 20
140.9801799111641
 10
18934.487780457835
 20
565.3764323840106
 10
18975.78846766486
 20
607.8160576312957
 10
19017.08915487189
 20
565.3764323840106
 10
19017.08915487189
 20
225.85943040573434
 10
19058.389842078916
 20
98.54055466387899
 10
21660.3331361216
 20
98.54055466387899
 10
21701.63382332863
 20
140.9801799111641
 10
21701.63382332863
 20
1286.8500615878484
 10
21742.934510535655
 20
1329.2896868351334
 10
21784.23519774268
 20
1286.8500615878484
 10
21784.23519774268
 20
438.05755664215525
 10
21949.43794657079
 20
225.85943040573434
 10
21908.13725936376
 20
-113.65757157254193
 10
21990.738633777815
 20
-156.09719681982705
 10
22073.34000819187
 20
-113.65757157254193
 10
22032.03932098484
 20
-28.77832107797169
 10
22032.03932098484
 20
98.54055466387899
 10
22073.34000819187
 20
140.9801799111641
 10
22197.24206981295
 20
56.10092941659387
 10
22238.542757019975
 20
98.54055466387899
 10
24881.786738269693
 20
98.54055466387899
 10
24964.388112683748
 20
183.41980515844924
 10
25046.9894870978
 20
98.54055466387899
 10
25790.401856824283
 20
98.54055466387899
 10
25873.003231238337
 20
395.61793139487014
 10
25996.905292859417
 20
225.85943040573434
 10
26162.108041687523
 20
225.85943040573434
 10
26286.010103308603
 20
98.54055466387899
 10
33224.52555408911
 20
140.9801799111641
 10
33307.12692850316
 20
395.61793139487014
 10
33431.02899012424
 20
268.2990556530195
 10
33389.72830291722
 20
183.41980515844924
 10
33431.02899012424
 20
98.54055466387899
 10
33348.427615710185
 20
-28.77832107797169
 10
33389.72830291722
 20
-71.2179463252568
 10
33513.630364538294
 20
-71.2179463252568
 10
33554.93105174532
 20
-28.77832107797169
 10
33472.32967733127
 20
98.54055466387899
 10
33554.93105174532
 20
183.41980515844924
 10
33637.53242615938
 20
140.9801799111641
 10
35702.56678651071
 20
140.9801799111641
 10
35785.16816092477
 20
225.85943040573434
 10
35743.86747371774
 20
310.7386809002999
 10
35826.4688481318
 20
438.05755664215525
 10
35867.769535338826
 20
395.61793139487014
 10
35867.769535338826
 20
183.41980515844924
 10
35950.37090975288
 20
140.9801799111641
 10
36900.28671551449
 20
140.9801799111641
 10
36982.88808992855
 20
225.85943040573434
 10
36982.88808992855
 20
438.05755664215525
 10
36941.58740272152
 20
480.4971818894404
 10
36982.88808992855
 20
565.3764323840106
 10
36982.88808992855
 20
692.6953081258613
 10
36941.58740272152
 20
735.1349333731464
 10
36941.58740272152
 20
1626.3670635661247
 10
37024.188777135576
 20
1711.24631406069
 10
37148.09083875665
 20
1583.9274383188394
 10
37065.4894643426
 20
1371.7293120824138
 10
37106.79015154963
 20
1244.4104363405631
 10
37065.4894643426
 20
1201.9708110932781
 10
37106.79015154963
 20
183.41980515844924
 10
37189.39152596368
 20
140.9801799111641
 10
38924.020388658806
 20
140.9801799111641
 10
38965.32107586584
 20
183.41980515844924
 10
39130.52382469394
 20
56.10092941659387
 10
39171.824511900966
 20
-28.77832107797169
 10
39130.52382469394
 20
-113.65757157254193
 10
39171.824511900966
 20
-156.09719681982705
 10
39295.72657352205
 20
-113.65757157254193
 10
39254.42588631502
 20
13.661304169308755
 10
39337.027260729075
 20
140.9801799111641
 10
44623.5152232285
 20
183.41980515844924
 10
44623.5152232285
 20
438.05755664215525
 10
44706.11659764256
 20
607.8160576312957
 10
44747.41728484959
 20
480.4971818894404
 10
44912.6200336777
 20
268.2990556530195
 10
44871.31934647067
 20
-28.77832107797169
 10
44995.22140809174
 20
-28.77832107797169
 10
44995.22140809174
 20
98.54055466387899
 10
44953.920720884715
 20
140.9801799111641
 10
44995.22140809174
 20
183.41980515844924
 10
45821.23515223227
 20
183.41980515844924
 10
45862.53583943931
 20
225.85943040573434
 10
45945.137213853355
 20
183.41980515844924
 10
48670.98256951713
 20
183.41980515844924
 10
48712.28325672416
 20
225.85943040573434
 10
48836.18531834524
 20
183.41980515844924
 10
49538.29700086469
 20
183.41980515844924
 10
49579.59768807171
 20
225.85943040573434
 10
50405.611432212245
 20
183.41980515844924
 10
50529.513493833336
 20
353.17830614758503
 10
50570.814181040354
 20
310.7386809002999
 10
50570.814181040354
 20
98.54055466387899
 10
50529.513493833336
 20
13.661304169308755
 10
50653.41555545442
 20
-28.77832107797169
 10
50694.71624266144
 20
13.661304169308755
 10
50653.41555545442
 20
140.9801799111641
 10
50694.71624266144
 20
480.4971818894404
 10
50488.21280662631
 20
565.3764323840106
 10
50488.21280662631
 20
947.333059609572
 10
50529.513493833336
 20
989.7726848568525
 10
50612.114868247394
 20
692.6953081258613
 10
50942.52036590361
 20
692.6953081258613
 10
51025.121740317656
 20
607.8160576312957
 10
51025.121740317656
 20
-283.4160725616824
 10
50901.21967869659
 20
-368.29532305625264
 10
50859.91899148955
 20
-325.85569780896753
 10
50570.814181040354
 20
-325.85569780896753
 10
50529.513493833336
 20
-368.29532305625264
 10
42641.082237291215
 20
-368.29532305625264
 10
42599.7815500842
 20
-410.7349483035331
 10
29135.757520593455
 20
-410.7349483035331
 10
29094.456833386426
 20
-453.1745735508182
 10
21825.53588494971
 20
-453.1745735508182
 10
21784.23519774268
 20
-495.6141987981033
 10
21577.73176170755
 20
-453.1745735508182
 10
21412.52901287944
 20
-325.85569780896753
 10
21288.62695125836
 20
-368.29532305625264
 10
18067.173349110268
 20
-368.29532305625264
 10
17984.571974696217
 20
-283.4160725616824
 10
17984.571974696217
 20
-28.77832107797169
 10
17943.271287489188
 20
13.661304169308755
 10
17984.571974696217
 20
692.6953081258613
 10
17943.271287489188
 20
735.1349333731464
 10
17901.970600282162
 20
11090.403493710575
 10
17860.669913075137
 20
11132.84311895786
 10
17860.669913075137
 20
15079.72826695532
 10
17819.369225868108
 20
15122.167892202606
 10
17819.369225868108
 20
22336.90418424097
 10
17778.068538661082
 20
22379.34380948826
 10
17778.068538661082
 20
22506.662685230112
 10
17819.369225868108
 20
22549.1023104774
 10
17819.369225868108
 20
22846.17968720839
 10
17778.068538661082
 20
22888.619312455674
 10
17778.068538661082
 20
23864.730693143218
 10
17819.369225868108
 20
23907.170318390505
 10
17819.369225868108
 20
24034.489194132355
 10
17778.068538661082
 20
24076.92881937964
 10
17778.068538661082
 20
26835.504460453136
 10
17901.970600282162
 20
26920.383710947706
 10
17943.271287489188
 20
26877.94408570042
 10
17984.571974696217
 20
26920.383710947706
 10
18191.075410731348
 20
26877.94408570042
 10
18273.676785145402
 20
26920.383710947706
 10
18314.97747235243
 20
27047.70258668956
 10
18314.97747235243
 20
28405.770594602665
 10
18273.676785145402
 20
28448.210219849945
 10
18314.97747235243
 20
28617.968720839086
 10
18273.676785145402
 20
28660.408346086373
 10
18273.676785145402
 20
29084.804598559214
 10
18025.872661903242
 20
29127.244223806498
 10
17901.970600282162
 20
29212.12347430107
 10
17943.271287489188
 20
29297.00272479564
  0
LWPOLYLINE
  5
DE
330
17
100
AcDbEntity
  8
RASTER_CONTOURS
100
AcDbPolyline
 90
12
 70
1
 10
38593.61489100259
 20
30018.47635399948
 10
39419.628635143126
 20
30018.47635399948
 10
39502.23000955718
 20
29933.597103504908
 10
39502.23000955718
 20
29763.838602515767
 10
39460.92932235016
 20
29721.398977268484
 10
39460.92932235016
 20
28915.046097570077
 10
39378.3279479361
 20
28702.847971333656
 10
39295.72657352205
 20
28660.408346086373
 10
38717.51695262368
 20
28660.408346086373
 10
38593.61489100259
 20
28787.727221828223
 10
38552.31420379557
 20
28915.046097570077
 10
38552.31420379557
 20
29976.03672875219
  0
LWPOLYLINE
  5
DF
330
17
100
AcDbEntity
  8
RASTER_CONTOURS
100
AcDbPolyline
 90
17
 70
1
 10
33018.022118053974
 20
30018.47635399948
 10
33678.8331133664
 20
30018.47635399948
 10
33761.434487780454
 20
29891.15747825762
 10
33761.434487780454
 20
28999.925348064648
 10
33678.8331133664
 20
28745.28759658094
 10
33596.231738952345
 20
28660.408346086373
 10
32935.42074363992
 20
28660.408346086373
 10
32894.12005643289
 20
28702.847971333656
 10
32894.12005643289
 20
28830.166847075507
 10
32852.819369225865
 20
28872.606472322794
 10
32852.819369225865
 20
28999.925348064648
 10
32894.12005643289
 20
29042.364973311935
 10
32852.819369225865
 20
29084.804598559214
 10
32894.12005643289
 20
29127.244223806498
 10
32852.819369225865
 20
29169.683849053785
 10
32852.819369225865
 20
29806.27822776305
 10
32894.12005643289
 20
29933.597103504908
  0
LWPOLYLINE
  5
E0
330
17
100
AcDbEntity
  8
RASTER_CONTOURS
100
AcDbPolyline
 90
22
 70
1
 10
27153.324534656163
 20
28660.408346086373
 10
27070.723160242112
 20
28915.046097570077
 10
27070.723160242112
 20
29848.717853010337
 10
27029.422473035083
 20
29891.15747825762
 10
27070.723160242112
 20
29933.597103504908
 10
27401.12865789833
 20
29933.597103504908
 10
27442.429345105356
 20
29976.03672875219
 10
27814.135529968597
 20
29976.03672875219
 10
27896.73690438265
 20
30018.47635399948
 10
27938.037591589677
 20
29976.03672875219
 10
29177.05820780048
 20
29976.03672875219
 10
29259.659582214535
 20
29891.15747825762
 10
29259.659582214535
 20
29763.838602515767
 10
29218.358895007506
 20
29721.398977268484
 10
28268.44308924589
 20
29721.398977268484
 10
28227.142402038866
 20
29678.9593520212
 10
28185.84171483184
 20
29721.398977268484
 10
28020.63896600373
 20
29721.398977268484
 10
27979.338278796706
 20
29678.9593520212
 10
27979.338278796706
 20
28702.847971333656
 10
27896.73690438265
 20
28617.968720839086
 10
27194.625221863193
 20
28617.968720839086
  0
LWPOLYLINE
  5
E1
330
17
100
AcDbEntity
  8
RASTER_CONTOURS
100
AcDbPolyline
 90
17
 70
1
 10
45160.42415691984
 20
28787.727221828223
 10
45077.8227825058
 20
28702.847971333656
 10
44417.01178719337
 20
28702.847971333656
 10
44293.109725572285
 20
28915.046097570077
 10
44293.109725572285
 20
29678.9593520212
 10
44251.80903836527
 20
29763.838602515767
 10
43260.59254539663
 20
29763.838602515767
 10
43177.99117098256
 20
29848.717853010337
 10
43177.99117098256
 20
29976.03672875219
 10
43219.2918581896
 20
30018.47635399948
 10
44871.31934647067
 20
30018.47635399948
 10
44912.6200336777
 20
30060.91597924676
 10
45077.8227825058
 20
30018.47635399948
 10
45160.42415691984
 20
29933.597103504908
 10
45160.42415691984
 20
29763.838602515767
 10
45201.72484412688
 20
29721.398977268484
 10
45160.42415691984
 20
29678.9593520212
  0
LWPOLYLINE
  5
E2
330
17
100
AcDbEntity
  8
RASTER_CONTOURS
100
AcDbPolyline
 90
6
 70
1
 10
53668.36572156737
 20
30230.6744802359
 10
53668.36572156737
 20
29678.9593520212
 10
53709.66640877441
 20
29636.519726773917
 10
53668.36572156737
 20
29042.364973311935
 10
53709.66640877441
 20
29042.364973311935
 10
53709.66640877441
 20
30230.6744802359
  0
LWPOLYLINE
  5
E3
330
17
100
AcDbEntity
  8
RASTER_CONTOURS
100
AcDbPolyline
 90
12
 70
1
 10
53420.561598325214
 20
30357.993355977753
 10
53420.561598325214
 20
30103.355604494045
 10
53379.260911118196
 20
30060.91597924676
 10
53420.561598325214
 20
30018.47635399948
 10
53379.260911118196
 20
29933.597103504908
 10
53379.260911118196
 20
29806.27822776305
 10
53420.561598325214
 20
29763.838602515767
 10
53379.260911118196
 20
29678.9593520212
 10
53420.561598325214
 20
29594.08010152663
 10
53379.260911118196
 20
29466.761225784776
 10
53379.260911118196
 20
28957.485722817364
 10
53420.561598325214
 20
28957.485722817364
  0
LWPOLYLINE
  5
E4
330
17
100
AcDbEntity
  8
RASTER_CONTOURS
100
AcDbPolyline
 90
2
 70
1
 10
53007.55472625494
 20
30824.82923369788
 10
53007.55472625494
 20
29721.398977268484
  0
LWPOLYLINE
  5
E5
330
17
100
AcDbEntity
  8
RASTER_CONTOURS
100
AcDbPolyline
 90
14
 70
1
 10
17654.166477040002
 20
30824.82923369788
 10
17530.264415418922
 20
30867.268858945165
 10
17365.061666590813
 20
30824.82923369788
 10
17447.663041004867
 20
30655.070732708744
 10
17323.760979383787
 20
30570.191482214173
 10
17447.663041004867
 20
30400.432981225036
 10
17365.061666590813
 20
30315.55373073047
 10
17282.460292176762
 20
30315.55373073047
 10
17406.362353797842
 20
30273.114105483182
 10
17571.565102625947
 20
30315.55373073047
 10
17530.264415418922
 20
30442.87260647232
 10
17612.865789832977
 20
30570.191482214173
 10
17530.264415418922
 20
30655.070732708744
 10
17530.264415418922
 20
30739.949983203314
  0
LWPOLYLINE
  5
E6
330
17
100
AcDbEntity
  8
RASTER_CONTOURS
100
AcDbPolyline
 90
3
 70
1
 10
53379.260911118196
 20
31037.027359934305
 10
53420.561598325214
 20
30442.87260647232
 10
53420.561598325214
 20
31037.027359934305
  0
LWPOLYLINE
  5
E7
330
17
100
AcDbEntity
  8
RASTER_CONTOURS
100
AcDbPolyline
 90
9
 70
1
 10
18025.872661903242
 20
31249.225486170726
 10
18232.376097938377
 20
31249.225486170726
 10
18356.278159559457
 20
31164.346235676156
 10
18356.278159559457
 20
29976.03672875219
 10
18273.676785145402
 20
29891.15747825762
 10
18067.173349110268
 20
29891.15747825762
 10
17943.271287489188
 20
30060.91597924676
 10
17984.571974696217
 20
30103.355604494045
 10
17984.571974696217
 20
31206.785860923443
  0
LWPOLYLINE
  5
E8
330
17
100
AcDbEntity
  8
RASTER_CONTOURS
100
AcDbPolyline
 90
5
 70
1
 10
19347.494652528105
 20
31418.983987159867
 10
19430.096026942156
 20
31291.665111418013
 10
19388.79533973513
 20
31164.346235676156
 10
19306.193965321076
 20
31206.785860923443
 10
19306.193965321076
 20
31376.54436191258
  0
LWPOLYLINE
  5
E9
330
17
100
AcDbEntity
  8
RASTER_CONTOURS
100
AcDbPolyline
 90
10
 70
1
 10
18810.58571883675
 20
31376.54436191258
 10
18727.984344422697
 20
31291.665111418013
 10
18810.58571883675
 20
31249.225486170726
 10
18851.886406043777
 20
31164.346235676156
 10
18686.68365721567
 20
31037.027359934305
 10
18769.285031629723
 20
30994.587734687022
 10
19058.389842078916
 20
31037.027359934305
 10
18975.78846766486
 20
31037.027359934305
 10
18851.886406043777
 20
31164.346235676156
 10
18934.487780457835
 20
31334.104736665297
  0
LWPOLYLINE
  5
EA
330
17
100
AcDbEntity
  8
RASTER_CONTOURS
100
AcDbPolyline
 90
7
 70
1
 10
12202.475765712465
 20
31418.983987159867
 10
12202.475765712465
 20
31546.302862901717
 10
12243.776452919492
 20
31588.742488149004
 10
12367.678514540572
 20
31588.742488149004
 10
12408.9792017476
 20
31546.302862901717
 10
12285.07714012652
 20
31461.42361240715
 10
12243.776452919492
 20
31376.54436191258
  0
LWPOLYLINE
  5
EB
330
17
100
AcDbEntity
  8
RASTER_CONTOURS
100
AcDbPolyline
 90
6
 70
1
 10
48547.08050789605
 20
31631.182113396288
 10
48588.38119510307
 20
31673.62173864357
 10
48753.583943931175
 20
31673.62173864357
 10
48794.884631138215
 20
31631.182113396288
 10
48712.28325672416
 20
31546.302862901717
 10
48629.68188231011
 20
31546.302862901717
  0
LWPOLYLINE
  5
EC
330
17
100
AcDbEntity
  8
RASTER_CONTOURS
100
AcDbPolyline
 90
6
 70
1
 10
44706.11659764256
 20
31631.182113396288
 10
44747.41728484959
 20
31673.62173864357
 10
45449.528967369035
 20
31673.62173864357
 10
45490.82965457606
 20
31631.182113396288
 10
45449.528967369035
 20
31588.742488149004
 10
44747.41728484959
 20
31588.742488149004
  0
LWPOLYLINE
  5
ED
330
17
100
AcDbEntity
  8
RASTER_CONTOURS
100
AcDbPolyline
 90
10
 70
1
 10
37519.797023619896
 20
31588.742488149004
 10
37561.09771082692
 20
31673.62173864357
 10
38717.51695262368
 20
31673.62173864357
 10
38758.8176398307
 20
31631.182113396288
 10
38717.51695262368
 20
31588.742488149004
 10
38263.20939334638
 20
31588.742488149004
 10
38221.90870613935
 20
31546.302862901717
 10
37850.20252127611
 20
31546.302862901717
 10
37808.901834069075
 20
31588.742488149004
 10
37561.09771082692
 20
31546.302862901717
  0
LWPOLYLINE
  5
EE
330
17
100
AcDbEntity
  8
RASTER_CONTOURS
100
AcDbPolyline
 90
6
 70
1
 10
36858.98602830747
 20
31631.182113396288
 10
36900.28671551449
 20
31673.62173864357
 10
37395.89496199881
 20
31673.62173864357
 10
37437.19564920584
 20
31631.182113396288
 10
37395.89496199881
 20
31588.742488149004
 10
36900.28671551449
 20
31588.742488149004
  0
LWPOLYLINE
  5
EF
330
17
100
AcDbEntity
  8
RASTER_CONTOURS
100
AcDbPolyline
 90
6
 70
1
 10
34917.853729577204
 20
31631.182113396288
 10
34959.15441678423
 20
31673.62173864357
 10
35248.259227233415
 20
31673.62173864357
 10
35289.55991444045
 20
31631.182113396288
 10
35248.259227233415
 20
31588.742488149004
 10
34959.15441678423
 20
31588.742488149004
  0
LWPOLYLINE
  5
F0
330
17
100
AcDbEntity
  8
RASTER_CONTOURS
100
AcDbPolyline
 90
26
 70
1
 10
38758.8176398307
 20
31631.182113396288
 10
38800.11832703773
 20
31673.62173864357
 10
39997.838256041505
 20
31673.62173864357
 10
40039.13894324853
 20
31716.061363890858
 10
40080.43963045555
 20
31673.62173864357
 10
43301.893232603645
 20
31673.62173864357
 10
43343.19391981067
 20
31716.061363890858
 10
43425.79529422473
 20
31631.182113396288
 10
43384.49460701771
 20
31588.742488149004
 10
42764.9842989123
 20
31588.742488149004
 10
42723.68361170528
 20
31546.302862901717
 10
42475.87948846311
 20
31588.742488149004
 10
42434.57880125609
 20
31546.302862901717
 10
42393.27811404907
 20
31588.742488149004
 10
42269.37605242798
 20
31588.742488149004
 10
42228.07536522096
 20
31546.302862901717
 10
42104.17330359988
 20
31588.742488149004
 10
41195.55818504527
 20
31588.742488149004
 10
41154.257497838254
 20
31546.302862901717
 10
40906.45337459609
 20
31546.302862901717
 10
40865.15268738906
 20
31588.742488149004
 10
40534.74718973285
 20
31588.742488149004
 10
40493.446502525825
 20
31546.302862901717
 10
40369.54444090474
 20
31588.742488149004
 10
39006.62176307286
 20
31588.742488149004
 10
38882.71970145178
 20
31546.302862901717
  0
LWPOLYLINE
  5
F1
330
17
100
AcDbEntity
  8
RASTER_CONTOURS
100
AcDbPolyline
 90
5
 70
1
 10
35413.461976061524
 20
31631.182113396288
 10
35537.36403768261
 20
31716.061363890858
 10
35661.266099303684
 20
31631.182113396288
 10
35578.66472488963
 20
31546.302862901717
 10
35496.06335047558
 20
31546.302862901717
  0
LWPOLYLINE
  5
F2
330
17
100
AcDbEntity
  8
RASTER_CONTOURS
100
AcDbPolyline
 90
5
 70
1
 10
45656.03240340416
 20
31758.50098913814
 10
45697.33309061121
 20
31631.182113396288
 10
45656.03240340416
 20
31588.742488149004
 10
45532.1303417831
 20
31588.742488149004
 10
45490.82965457606
 20
31631.182113396288
  0
LWPOLYLINE
  5
F3
330
17
100
AcDbEntity
  8
RASTER_CONTOURS
100
AcDbPolyline
 90
3
 70
1
 10
53379.260911118196
 20
31800.940614385425
 10
53379.260911118196
 20
31461.42361240715
 10
53420.561598325214
 20
31418.983987159867
  0
LWPOLYLINE
  5
F4
330
17
100
AcDbEntity
  8
RASTER_CONTOURS
100
AcDbPolyline
 90
6
 70
1
 10
42558.48086287717
 20
31800.940614385425
 10
42599.7815500842
 20
31843.38023963271
 10
42930.18704774041
 20
31843.38023963271
 10
42971.48773494743
 20
31800.940614385425
 10
42930.18704774041
 20
31758.50098913814
 10
42599.7815500842
 20
31758.50098913814
  0
LWPOLYLINE
  5
F5
330
17
100
AcDbEntity
  8
RASTER_CONTOURS
100
AcDbPolyline
 90
15
 70
1
 10
17778.068538661082
 20
31758.50098913814
 10
17860.669913075137
 20
31716.061363890858
 10
17984.571974696217
 20
31716.061363890858
 10
18025.872661903242
 20
31758.50098913814
 10
18108.474036317297
 20
31716.061363890858
 10
18232.376097938377
 20
31758.50098913814
 10
18480.180221180537
 20
31716.061363890858
 10
18604.082282801617
 20
31758.50098913814
 10
18521.480908387563
 20
31758.50098913814
 10
18397.578846766482
 20
31843.38023963271
 10
18314.97747235243
 20
31758.50098913814
 10
18232.376097938377
 20
31758.50098913814
 10
18149.774723524322
 20
31843.38023963271
 10
18067.173349110268
 20
31758.50098913814
 10
17984.571974696217
 20
31800.940614385425
  0
LWPOLYLINE
  5
F6
330
17
100
AcDbEntity
  8
RASTER_CONTOURS
100
AcDbPolyline
 90
6
 70
1
 10
29177.05820780048
 20
32013.13874062185
 10
29218.358895007506
 20
32055.578365869133
 10
29548.76439266372
 20
32055.578365869133
 10
29590.065079870747
 20
32013.13874062185
 10
29548.76439266372
 20
31970.699115374562
 10
29218.358895007506
 20
31970.699115374562
  0
LWPOLYLINE
  5
F7
330
17
100
AcDbEntity
  8
RASTER_CONTOURS
100
AcDbPolyline
 90
6
 70
1
 10
28516.24721248805
 20
32013.13874062185
 10
28557.54789969508
 20
32055.578365869133
 10
28887.95339735129
 20
32055.578365869133
 10
28929.25408455832
 20
32013.13874062185
 10
28887.95339735129
 20
31970.699115374562
 10
28557.54789969508
 20
31970.699115374562
  0
LWPOLYLINE
  5
F8
330
17
100
AcDbEntity
  8
RASTER_CONTOURS
100
AcDbPolyline
 90
6
 70
1
 10
31283.393255358846
 20
32055.578365869133
 10
31324.69394256587
 20
32098.01799111642
 10
32687.61662039776
 20
32098.01799111642
 10
32728.91730760479
 20
32055.578365869133
 10
32687.61662039776
 20
32013.13874062185
 10
31324.69394256587
 20
32013.13874062185
  0
LWPOLYLINE
  5
F9
330
17
100
AcDbEntity
  8
RASTER_CONTOURS
100
AcDbPolyline
 90
14
 70
1
 10
28433.645838074
 20
32055.578365869133
 10
28474.946525281026
 20
32013.13874062185
 10
28433.645838074
 20
31970.699115374562
 10
28020.63896600373
 20
31970.699115374562
 10
27938.037591589677
 20
31843.38023963271
 10
27938.037591589677
 20
31249.225486170726
 10
27855.436217175626
 20
31206.785860923443
 10
27814.135529968597
 20
31249.225486170726
 10
27814.135529968597
 20
31928.25949012728
 10
27525.03071951941
 20
32013.13874062185
 10
27566.331406726436
 20
32055.578365869133
 10
27814.135529968597
 20
32055.578365869133
 10
27855.436217175626
 20
32098.01799111642
 10
27938.037591589677
 20
32055.578365869133
  0
LWPOLYLINE
  5
FA
330
17
100
AcDbEntity
  8
RASTER_CONTOURS
100
AcDbPolyline
 90
8
 70
1
 10
16704.250671278387
 20
32182.897241610986
 10
16952.054794520547
 20
32182.897241610986
 10
17034.6561689346
 20
32055.578365869133
 10
17034.6561689346
 20
29721.398977268484
 10
16952.054794520547
 20
29636.519726773917
 10
16704.250671278387
 20
29636.519726773917
 10
16621.649296864332
 20
29763.838602515767
 10
16621.649296864332
 20
32098.01799111642
  0
LWPOLYLINE
  5
FB
330
17
100
AcDbEntity
  8
RASTER_CONTOURS
100
AcDbPolyline
 90
4
 70
1
 10
52677.149228598726
 20
32437.534993094694
 10
52677.149228598726
 20
31291.665111418013
 10
52718.449915805766
 20
31291.665111418013
 10
52677.149228598726
 20
31376.54436191258
  0
LWPOLYLINE
  5
FC
330
17
100
AcDbEntity
  8
RASTER_CONTOURS
100
AcDbPolyline
 90
10
 70
1
 10
22032.03932098484
 20
32395.09536784741
 10
22155.941382605924
 20
32522.41424358926
 10
23890.570245301053
 20
32522.41424358926
 10
24014.472306922133
 20
32395.09536784741
 10
24014.472306922133
 20
31843.38023963271
 10
23890.570245301053
 20
31716.061363890858
 10
22114.640695398895
 20
31716.061363890858
 10
22032.03932098484
 20
31885.819864879995
 10
22073.34000819187
 20
31928.25949012728
 10
22032.03932098484
 20
32055.578365869133
  0
LWPOLYLINE
  5
FD
330
17
100
AcDbEntity
  8
RASTER_CONTOURS
100
AcDbPolyline
 90
5
 70
1
 10
4231.443134756292
 20
32479.974618341977
 10
4314.044509170345
 20
32522.41424358926
 10
4437.946570791426
 20
32395.09536784741
 10
4396.645883584399
 20
32352.655742600124
 10
4272.743821963319
 20
32352.655742600124
  0
LWPOLYLINE
  5
FE
330
17
100
AcDbEntity
  8
RASTER_CONTOURS
100
AcDbPolyline
 90
12
 70
1
 10
51975.03754607927
 20
32564.853868836548
 10
51933.73685887225
 20
32310.21611735284
 10
51851.13548445819
 20
32225.33686685827
 10
51809.83479725117
 20
32267.776492105557
 10
51809.83479725117
 20
32140.457616363703
 10
51851.13548445819
 20
32098.01799111642
 10
51851.13548445819
 20
31673.62173864357
 10
51892.43617166523
 20
31716.061363890858
 10
51933.73685887225
 20
31673.62173864357
 10
51892.43617166523
 20
31758.50098913814
 10
51892.43617166523
 20
32098.01799111642
 10
51933.73685887225
 20
32140.457616363703
  0
LWPOLYLINE
  5
FF
330
17
100
AcDbEntity
  8
RASTER_CONTOURS
100
AcDbPolyline
 90
16
 70
1
 10
40121.74031766259
 20
32607.29349408383
 10
40204.34169207663
 20
32692.1727445784
 10
40865.15268738906
 20
32692.1727445784
 10
40906.45337459609
 20
32649.733119331115
 10
40865.15268738906
 20
32564.853868836548
 10
40906.45337459609
 20
32352.655742600124
 10
41154.257497838254
 20
32225.33686685827
 10
41112.95681063123
 20
31800.940614385425
 10
40906.45337459609
 20
31716.061363890858
 10
40328.243753697716
 20
31716.061363890858
 10
40204.34169207663
 20
31758.50098913814
 10
40121.74031766259
 20
31843.38023963271
 10
40121.74031766259
 20
32013.13874062185
 10
40163.041004869614
 20
32140.457616363703
 10
40286.9430664907
 20
32225.33686685827
 10
40121.74031766259
 20
32437.534993094694
  0
LWPOLYLINE
  5
100
330
17
100
AcDbEntity
  8
RASTER_CONTOURS
100
AcDbPolyline
 90
18
 70
1
 10
39213.125199108
 20
32692.1727445784
 10
39873.93619442042
 20
32692.1727445784
 10
39956.53756883448
 20
32607.29349408383
 10
39956.53756883448
 20
32479.974618341977
 10
39915.23688162744
 20
32437.534993094694
 10
39956.53756883448
 20
32395.09536784741
 10
39791.33482000638
 20
32267.776492105557
 10
39791.33482000638
 20
32225.33686685827
 10
39915.23688162744
 20
32140.457616363703
 10
39956.53756883448
 20
32013.13874062185
 10
39915.23688162744
 20
31928.25949012728
 10
39956.53756883448
 20
31843.38023963271
 10
39873.93619442042
 20
31758.50098913814
 10
39089.22313748691
 20
31716.061363890858
 10
38965.32107586584
 20
31800.940614385425
 10
38924.020388658806
 20
32225.33686685827
 10
39171.824511900966
 20
32395.09536784741
 10
39171.824511900966
 20
32649.733119331115
  0
LWPOLYLINE
  5
101
330
17
100
AcDbEntity
  8
RASTER_CONTOURS
100
AcDbPolyline
 90
6
 70
1
 10
4272.743821963319
 20
32777.05199507297
 10
4314.044509170345
 20
32819.49162032026
 10
4437.946570791426
 20
32777.05199507297
 10
4479.247257998452
 20
32649.733119331115
 10
4437.946570791426
 20
32607.29349408383
 10
4314.044509170345
 20
32649.733119331115
  0
LWPOLYLINE
  5
102
330
17
100
AcDbEntity
  8
RASTER_CONTOURS
100
AcDbPolyline
 90
6
 70
1
 10
19347.494652528105
 20
32904.370870814826
 10
19388.79533973513
 20
32861.93124556754
 10
19388.79533973513
 20
32649.733119331115
 10
19347.494652528105
 20
32607.29349408383
 10
19306.193965321076
 20
32649.733119331115
 10
19306.193965321076
 20
32861.93124556754
  0
LWPOLYLINE
  5
103
330
17
100
AcDbEntity
  8
RASTER_CONTOURS
100
AcDbPolyline
 90
6
 70
1
 10
45614.731716197144
 20
32946.810496062106
 10
45656.03240340416
 20
32904.370870814826
 10
45656.03240340416
 20
32479.974618341977
 10
45614.731716197144
 20
32437.534993094694
 10
45573.43102899012
 20
32479.974618341977
 10
45573.43102899012
 20
32904.370870814826
  0
LWPOLYLINE
  5
104
330
17
100
AcDbEntity
  8
RASTER_CONTOURS
100
AcDbPolyline
 90
5
 70
1
 10
3818.4362626860243
 20
32861.93124556754
 10
3901.037637100078
 20
32946.810496062106
 10
4066.240385928185
 20
32946.810496062106
 10
4107.541073135211
 20
32904.370870814826
 10
3901.037637100078
 20
32819.49162032026
  0
LWPOLYLINE
  5
105
330
17
100
AcDbEntity
  8
RASTER_CONTOURS
100
AcDbPolyline
 90
6
 70
1
 10
3529.331452236836
 20
32904.370870814826
 10
3611.9328266508905
 20
32989.25012130939
 10
3694.534201064944
 20
32946.810496062106
 10
3777.1355754789975
 20
32819.49162032026
 10
3653.2335138579174
 20
32777.05199507297
 10
3570.6321394438637
 20
32819.49162032026
  0
LWPOLYLINE
  5
106
330
17
100
AcDbEntity
  8
RASTER_CONTOURS
100
AcDbPolyline
 90
10
 70
1
 10
44499.61316160742
 20
33031.68974655668
 10
44540.91384881446
 20
32989.25012130939
 10
44540.91384881446
 20
31758.50098913814
 10
44582.21453602148
 20
31673.62173864357
 10
44664.81591043552
 20
31631.182113396288
 10
44623.5152232285
 20
31588.742488149004
 10
44417.01178719337
 20
31588.742488149004
 10
44375.71109998635
 20
31631.182113396288
 10
44458.312474400394
 20
31716.061363890858
 10
44458.312474400394
 20
32989.25012130939
  0
LWPOLYLINE
  5
107
330
17
100
AcDbEntity
  8
RASTER_CONTOURS
100
AcDbPolyline
 90
6
 70
1
 10
29961.77126473399
 20
33116.56899705125
 10
29961.77126473399
 20
32946.810496062106
 10
29879.169890319936
 20
32861.93124556754
 10
29961.77126473399
 20
32692.1727445784
 10
30044.37263914804
 20
32861.93124556754
 10
29961.77126473399
 20
32946.810496062106
  0
LWPOLYLINE
  5
108
330
17
100
AcDbEntity
  8
RASTER_CONTOURS
100
AcDbPolyline
 90
5
 70
1
 10
21908.13725936376
 20
33243.8878727931
 10
21990.738633777815
 20
33074.12937180396
 10
21908.13725936376
 20
32989.25012130939
 10
21866.836572156735
 20
33031.68974655668
 10
21866.836572156735
 20
33201.44824754581
  0
LWPOLYLINE
  5
109
330
17
100
AcDbEntity
  8
RASTER_CONTOURS
100
AcDbPolyline
 90
210
 70
1
 10
3529.331452236836
 20
33243.8878727931
 10
3488.030765029809
 20
33201.44824754581
 10
3529.331452236836
 20
33159.00862229853
 10
3570.6321394438637
 20
30782.389608450598
 10
3611.9328266508905
 20
30739.949983203314
 10
3611.9328266508905
 20
30442.87260647232
 10
3653.2335138579174
 20
30400.432981225036
 10
3653.2335138579174
 20
30273.114105483182
 10
3777.1355754789975
 20
30315.55373073047
 10
3818.4362626860243
 20
30400.432981225036
 10
3983.639011514131
 20
30315.55373073047
 10
4066.240385928185
 20
30357.993355977753
 10
4107.541073135211
 20
30315.55373073047
 10
4066.240385928185
 20
30230.6744802359
 10
3901.037637100078
 20
30230.6744802359
 10
3901.037637100078
 20
30188.234854988612
 10
3653.2335138579174
 20
29976.03672875219
 10
3653.2335138579174
 20
29848.717853010337
 10
3735.8348882719706
 20
29806.27822776305
 10
3694.534201064944
 20
29721.398977268484
 10
3735.8348882719706
 20
29678.9593520212
 10
3653.2335138579174
 20
29594.08010152663
 10
3653.2335138579174
 20
28957.485722817364
 10
3694.534201064944
 20
28915.046097570077
 10
3694.534201064944
 20
28363.330969355382
 10
3735.8348882719706
 20
28320.891344108095
 10
3694.534201064944
 20
27684.29696539883
 10
3777.1355754789975
 20
27429.659213915118
 10
3777.1355754789975
 20
27132.581837184127
 10
3818.4362626860243
 20
27047.70258668956
 10
3859.736949893051
 20
27132.581837184127
 10
3942.3383243071044
 20
27132.581837184127
 10
4024.939698721158
 20
27005.262961442277
 10
3983.639011514131
 20
26962.82333619499
 10
3777.1355754789975
 20
26962.82333619499
 10
3777.1355754789975
 20
26750.625209958565
 10
3735.8348882719706
 20
26708.185584711286
 10
3777.1355754789975
 20
25944.272330260163
 10
3818.4362626860243
 20
25901.832705012876
 10
3818.4362626860243
 20
25689.634578776455
 10
3777.1355754789975
 20
25647.19495352917
 10
3777.1355754789975
 20
24968.16094957262
 10
3818.4362626860243
 20
24925.72132432533
 10
3818.4362626860243
 20
24671.083572841628
 10
3859.736949893051
 20
24628.64394759434
 10
3859.736949893051
 20
24034.489194132355
 10
3901.037637100078
 20
23992.049568885075
 10
3901.037637100078
 20
22931.05893770296
 10
4066.240385928185
 20
22931.05893770296
 10
4107.541073135211
 20
22888.619312455674
 10
3983.639011514131
 20
22803.740061961103
 10
3983.639011514131
 20
22676.42118621925
 10
3942.3383243071044
 20
22633.98156097197
 10
3901.037637100078
 20
21445.672054048
 10
3983.639011514131
 20
21275.913553058865
 10
3942.3383243071044
 20
20554.439923855025
 10
3983.639011514131
 20
20639.31917434959
 10
4066.240385928185
 20
20554.439923855025
 10
4066.240385928185
 20
19960.28517039304
 10
4024.939698721158
 20
19917.84554514576
 10
4024.939698721158
 20
18390.019036243513
 10
4066.240385928185
 20
18347.579410996226
 10
4066.240385928185
 20
17031.951028330408
 10
4107.541073135211
 20
16989.51140308312
 10
4107.541073135211
 20
16480.23590011571
 10
4190.142447549265
 20
16352.917024373855
 10
4148.841760342239
 20
16310.47739912657
 10
4148.841760342239
 20
15249.486767944456
 10
4231.443134756292
 20
15419.245268933597
 10
4355.345196377372
 20
15122.167892202606
 10
4355.345196377372
 20
14612.892389235189
 10
4314.044509170345
 20
14570.452763987903
 10
4190.142447549265
 20
14612.892389235189
 10
4231.443134756292
 20
13000.186629838377
 10
4314.044509170345
 20
12703.109253107386
 10
4314.044509170345
 20
11302.601619946996
 10
4355.345196377372
 20
11260.16199469971
 10
4396.645883584399
 20
10708.446866485014
 10
4520.547945205479
 20
10750.886491732299
 10
4561.848632412506
 20
10708.446866485014
 10
4561.848632412506
 20
10623.567615990443
 10
4520.547945205479
 20
10581.127990743158
 10
4396.645883584399
 20
10581.127990743158
 10
4355.345196377372
 20
10496.248740248588
 10
4396.645883584399
 20
10156.731738270317
 10
4479.247257998452
 20
10284.050614012167
 10
4561.848632412506
 20
10199.171363517597
 10
4520.547945205479
 20
10071.852487775746
 10
4396.645883584399
 20
9986.973237281176
 10
4396.645883584399
 20
9605.016610055614
 10
4479.247257998452
 20
9350.378858571908
 10
4355.345196377372
 20
9138.180732335482
 10
4355.345196377372
 20
8968.422231346347
 10
4437.946570791426
 20
8798.663730357212
 10
4437.946570791426
 20
8586.465604120785
 10
4396.645883584399
 20
8544.0259788735
 10
4437.946570791426
 20
7780.112724422378
 10
4520.547945205479
 20
7610.354223433243
 10
4437.946570791426
 20
7440.595722444106
 10
4437.946570791426
 20
7058.639095218545
 10
4479.247257998452
 20
7016.1994699712595
 10
4479.247257998452
 20
6888.880594229405
 10
4603.149319619532
 20
6888.880594229405
 10
4685.750694033587
 20
6973.759844723975
 10
4727.051381240614
 20
6931.32021947669
 10
4727.051381240614
 20
6634.242842745699
 10
4644.450006826561
 20
6506.923967003843
 10
4603.149319619532
 20
6506.923967003843
 10
4561.848632412506
 20
6591.803217498414
 10
4520.547945205479
 20
6506.923967003843
 10
4561.848632412506
 20
6379.605091261992
 10
4520.547945205479
 20
5700.5710873054395
 10
4561.848632412506
 20
5658.131462058155
 10
4603.149319619532
 20
5700.5710873054395
 10
4685.750694033587
 20
5658.131462058155
 10
4644.450006826561
 20
5530.8125863162995
 10
4561.848632412506
 20
5573.252211563585
 10
4561.848632412506
 20
5106.416333843453
 10
4644.450006826561
 20
5148.855959090738
 10
4768.352068447641
 20
5021.537083348888
 10
4727.051381240614
 20
4682.0200813706115
 10
4685.750694033587
 20
4639.580456123326
 10
4644.450006826561
 20
4724.459706617896
 10
4561.848632412506
 20
4682.0200813706115
 10
4561.848632412506
 20
4384.942704639615
 10
4644.450006826561
 20
4427.3823298869
 10
4727.051381240614
 20
4384.942704639615
 10
4727.051381240614
 20
4215.1842036504795
 10
4603.149319619532
 20
4172.744578403194
 10
4561.848632412506
 20
3960.546452166773
 10
4603.149319619532
 20
3918.1068269194884
 10
4727.051381240614
 20
3918.1068269194884
 10
5016.156191689802
 20
4045.4257026613436
 10
5140.058253310882
 20
4172.744578403194
 10
5263.960314931962
 20
4172.744578403194
 10
5470.463750967096
 20
4300.06345414505
 10
5594.365812588176
 20
4300.06345414505
 10
5676.967187002229
 20
4427.3823298869
 10
5594.365812588176
 20
4682.0200813706115
 10
5594.365812588176
 20
5955.208838789146
 10
5553.065125381149
 20
5997.6484640364315
 10
5511.764438174123
 20
8034.7504759060885
 10
5470.463750967096
 20
8077.190101153374
 10
5511.764438174123
 20
8416.70710313165
 10
5470.463750967096
 20
8459.14672837893
 10
5429.163063760069
 20
9986.973237281176
 10
5387.862376553042
 20
10029.412862528461
 10
5387.862376553042
 20
10199.171363517597
 10
5429.163063760069
 20
10241.610988764882
 10
5429.163063760069
 20
10368.929864506737
 10
5387.862376553042
 20
10411.369489754023
 10
5387.862376553042
 20
11599.678996677987
 10
5346.561689346016
 20
11642.118621925272
 10
5346.561689346016
 20
12151.39412489269
 10
5305.261002138988
 20
12193.833750139975
 10
5305.261002138988
 20
12787.988503601957
 10
5346.561689346016
 20
12915.307379343807
 10
5305.261002138988
 20
12957.747004591092
 10
5305.261002138988
 20
13339.703631816654
 10
5263.960314931962
 20
13382.143257063939
 10
5263.960314931962
 20
13679.22063379493
 10
5305.261002138988
 20
13721.660259042215
 10
5263.960314931962
 20
13806.539509536786
 10
5263.960314931962
 20
15079.72826695532
 10
5222.6596277249355
 20
15122.167892202606
 10
5222.6596277249355
 20
15376.805643686312
 10
5263.960314931962
 20
15419.245268933597
 10
5222.6596277249355
 20
15461.684894180882
 10
5222.6596277249355
 20
15758.762270911873
 10
5181.358940517908
 20
15801.201896159158
 10
5222.6596277249355
 20
15843.641521406444
 10
5222.6596277249355
 20
16183.15852338472
 10
5181.358940517908
 20
16225.598148632005
 10
5181.358940517908
 20
17116.83027882498
 10
5140.058253310882
 20
17159.269904072262
 10
5140.058253310882
 20
18602.217162479934
 10
5057.456878896828
 20
18856.854913963645
 10
5057.456878896828
 20
19069.053040200066
 10
5098.7575661038545
 20
19111.49266544735
 10
5098.7575661038545
 20
19875.405919898472
 10
5016.156191689802
 20
20045.16442088761
 10
4974.855504482774
 20
22888.619312455674
 10
4933.554817275748
 20
22931.05893770296
 10
4933.554817275748
 20
23228.136314433952
 10
4892.254130068721
 20
23270.575939681235
 10
4850.953442861694
 20
25816.953454518305
 10
4809.652755654668
 20
25859.393079765592
 10
4768.352068447641
 20
28193.57246836624
 10
4727.051381240614
 20
28236.012093613524
 10
4727.051381240614
 20
29339.442350042926
 10
4685.750694033587
 20
29381.88197529021
 10
4685.750694033587
 20
30442.87260647232
 10
4644.450006826561
 20
30485.312231719603
 10
4644.450006826561
 20
30782.389608450598
 10
4685.750694033587
 20
30824.82923369788
 10
4644.450006826561
 20
30952.148109439735
 10
4644.450006826561
 20
31843.38023963271
 10
4603.149319619532
 20
31885.819864879995
 10
4603.149319619532
 20
32310.21611735284
 10
4437.946570791426
 20
32395.09536784741
 10
4561.848632412506
 20
32479.974618341977
 10
4644.450006826561
 20
32904.370870814826
 10
4561.848632412506
 20
32989.25012130939
 10
4479.247257998452
 20
32904.370870814826
 10
4314.044509170345
 20
32989.25012130939
 10
4355.345196377372
 20
33074.12937180396
 10
4148.841760342239
 20
33031.68974655668
 10
3983.639011514131
 20
33116.56899705125
 10
3859.736949893051
 20
33116.56899705125
 10
3653.2335138579174
 20
33243.8878727931
  0
LWPOLYLINE
  5
10A
330
17
100
AcDbEntity
  8
RASTER_CONTOURS
100
AcDbPolyline
 90
22
 70
1
 10
29713.96714149183
 20
33413.64637378224
 10
29672.6664542848
 20
33371.206748534954
 10
29631.365767077776
 20
32989.25012130939
 10
29548.76439266372
 20
32904.370870814826
 10
29424.86233104264
 20
32946.810496062106
 10
29094.456833386426
 20
32946.810496062106
 10
29011.855458972375
 20
32861.93124556754
 10
29094.456833386426
 20
32734.612369825685
 10
29218.358895007506
 20
32777.05199507297
 10
29383.561643835616
 20
32649.733119331115
 10
29300.96026942156
 20
32352.655742600124
 10
29383.561643835616
 20
32352.655742600124
 10
29424.86233104264
 20
32437.534993094694
 10
29383.561643835616
 20
32564.853868836548
 10
29424.86233104264
 20
32734.612369825685
 10
29507.463705456696
 20
32819.49162032026
 10
29590.065079870747
 20
32819.49162032026
 10
29672.6664542848
 20
32734.612369825685
 10
29755.267828698856
 20
32861.93124556754
 10
29713.96714149183
 20
32904.370870814826
 10
29713.96714149183
 20
33243.8878727931
 10
29755.267828698856
 20
33286.32749804038
  0
LWPOLYLINE
  5
10B
330
17
100
AcDbEntity
  8
RASTER_CONTOURS
100
AcDbPolyline
 90
42
 70
1
 10
26286.010103308603
 20
33031.68974655668
 10
26203.40872889455
 20
32904.370870814826
 10
26162.108041687523
 20
32946.810496062106
 10
24179.67505575024
 20
32946.810496062106
 10
24097.073681336184
 20
32819.49162032026
 10
24138.374368543213
 20
32649.733119331115
 10
24055.772994129158
 20
32564.853868836548
 10
22032.03932098484
 20
32564.853868836548
 10
21990.738633777815
 20
32522.41424358926
 10
21990.738633777815
 20
31716.061363890858
 10
22073.34000819187
 20
31631.182113396288
 10
21990.738633777815
 20
31546.302862901717
 10
21990.738633777815
 20
31206.785860923443
 10
21949.43794657079
 20
31164.346235676156
 10
21908.13725936376
 20
31206.785860923443
 10
21908.13725936376
 20
31461.42361240715
 10
21866.836572156735
 20
31503.863237654434
 10
21908.13725936376
 20
31588.742488149004
 10
21866.836572156735
 20
31631.182113396288
 10
21908.13725936376
 20
31673.62173864357
 10
21866.836572156735
 20
31716.061363890858
 10
21866.836572156735
 20
32819.49162032026
 10
21908.13725936376
 20
32861.93124556754
 10
21990.738633777815
 20
32819.49162032026
 10
21990.738633777815
 20
32734.612369825685
 10
22486.346880262136
 20
32734.612369825685
 10
22527.647567469165
 20
32692.1727445784
 10
22610.248941883216
 20
32734.612369825685
 10
22692.85031629727
 20
32692.1727445784
 10
22734.151003504296
 20
32734.612369825685
 10
23147.15787557457
 20
32734.612369825685
 10
23188.458562781598
 20
32692.1727445784
 10
23973.171619715104
 20
32734.612369825685
 10
24014.472306922133
 20
32777.05199507297
 10
23973.171619715104
 20
32904.370870814826
 10
24014.472306922133
 20
32946.810496062106
 10
24014.472306922133
 20
33583.404874771375
 10
24055.772994129158
 20
33625.84450001866
 10
24138.374368543213
 20
33413.64637378224
 10
24138.374368543213
 20
33074.12937180396
 10
26162.108041687523
 20
33074.12937180396
 10
26203.40872889455
 20
33116.56899705125
  0
LWPOLYLINE
  5
10C
330
17
100
AcDbEntity
  8
RASTER_CONTOURS
100
AcDbPolyline
 90
6
 70
1
 10
44499.61316160742
 20
33668.28412526594
 10
44540.91384881446
 20
33625.84450001866
 10
44540.91384881446
 20
33159.00862229853
 10
44499.61316160742
 20
33116.56899705125
 10
44458.312474400394
 20
33159.00862229853
 10
44458.312474400394
 20
33625.84450001866
  0
LWPOLYLINE
  5
10D
330
17
100
AcDbEntity
  8
RASTER_CONTOURS
100
AcDbPolyline
 90
42
 70
1
 10
41236.8588722523
 20
31843.38023963271
 10
41236.8588722523
 20
32352.655742600124
 10
41195.55818504527
 20
32395.09536784741
 10
41195.55818504527
 20
32522.41424358926
 10
41236.8588722523
 20
32564.853868836548
 10
41236.8588722523
 20
33201.44824754581
 10
41195.55818504527
 20
33243.8878727931
 10
41195.55818504527
 20
33371.206748534954
 10
41236.8588722523
 20
33456.08599902952
 10
41195.55818504527
 20
33498.52562427681
 10
41195.55818504527
 20
33668.28412526594
 10
41278.15955945934
 20
33753.163375760516
 10
41402.06162108041
 20
33795.6030010078
 10
41443.36230828745
 20
33753.163375760516
 10
41484.662995494466
 20
33795.6030010078
 10
41525.96368270149
 20
33753.163375760516
 10
42888.88636053339
 20
33753.163375760516
 10
42930.18704774041
 20
33795.6030010078
 10
43797.501479087965
 20
33795.6030010078
 10
43838.80216629499
 20
33753.163375760516
 10
44004.00491512309
 20
33795.6030010078
 10
44045.30560233014
 20
33753.163375760516
 10
44086.60628953716
 20
33795.6030010078
 10
44210.50835115824
 20
33795.6030010078
 10
44293.109725572285
 20
33710.72375051323
 10
44210.50835115824
 20
33625.84450001866
 10
43343.19391981067
 20
33625.84450001866
 10
43301.893232603645
 20
32861.93124556754
 10
43260.59254539663
 20
32819.49162032026
 10
43260.59254539663
 20
31928.25949012728
 10
43219.2918581896
 20
31885.819864879995
 10
43095.38979656852
 20
31970.699115374562
 10
43136.690483775536
 20
32013.13874062185
 10
43095.38979656852
 20
32182.897241610986
 10
43095.38979656852
 20
31970.699115374562
 10
42930.18704774041
 20
31843.38023963271
 10
42641.082237291215
 20
31843.38023963271
 10
42558.48086287717
 20
31928.25949012728
 10
42558.48086287717
 20
32055.578365869133
 10
42517.18017567013
 20
31928.25949012728
 10
42269.37605242798
 20
31758.50098913814
 10
41360.76093387338
 20
31716.061363890858
  0
LWPOLYLINE
  5
10E
330
17
100
AcDbEntity
  8
RASTER_CONTOURS
100
AcDbPolyline
 90
21
 70
1
 10
40121.74031766259
 20
33668.28412526594
 10
40286.9430664907
 20
33795.6030010078
 10
40369.54444090474
 20
33753.163375760516
 10
40534.74718973285
 20
33753.163375760516
 10
40576.04787693987
 20
33795.6030010078
 10
40617.34856414691
 20
33753.163375760516
 10
40658.649251353934
 20
33795.6030010078
 10
40699.94993856095
 20
33753.163375760516
 10
40865.15268738906
 20
33753.163375760516
 10
40906.45337459609
 20
33710.72375051323
 10
40865.15268738906
 20
33498.52562427681
 10
41154.257497838254
 20
33286.32749804038
 10
41112.95681063123
 20
33201.44824754581
 10
41112.95681063123
 20
32904.370870814826
 10
41030.35543621717
 20
32819.49162032026
 10
40204.34169207663
 20
32819.49162032026
 10
40121.74031766259
 20
32904.370870814826
 10
40121.74031766259
 20
33159.00862229853
 10
40245.64237928366
 20
33286.32749804038
 10
40245.64237928366
 20
33371.206748534954
 10
40121.74031766259
 20
33498.52562427681
  0
LWPOLYLINE
  5
10F
330
17
100
AcDbEntity
  8
RASTER_CONTOURS
100
AcDbPolyline
 90
17
 70
1
 10
39873.93619442042
 20
33753.163375760516
 10
39915.23688162744
 20
33710.72375051323
 10
39915.23688162744
 20
33456.08599902952
 10
39832.635507213396
 20
33413.64637378224
 10
39791.33482000638
 20
33328.76712328767
 10
39915.23688162744
 20
33201.44824754581
 10
39956.53756883448
 20
32904.370870814826
 10
39873.93619442042
 20
32819.49162032026
 10
39047.92245027989
 20
32819.49162032026
 10
38965.32107586584
 20
32904.370870814826
 10
38965.32107586584
 20
33201.44824754581
 10
38882.71970145178
 20
33328.76712328767
 10
39171.824511900966
 20
33498.52562427681
 10
39130.52382469394
 20
33710.72375051323
 10
39171.824511900966
 20
33753.163375760516
 10
39667.432758385294
 20
33753.163375760516
 10
39708.73344559231
 20
33795.6030010078
  0
LWPOLYLINE
  5
110
330
17
100
AcDbEntity
  8
RASTER_CONTOURS
100
AcDbPolyline
 90
55
 70
1
 10
35702.56678651071
 20
33710.72375051323
 10
35743.86747371774
 20
33753.163375760516
 10
36858.98602830747
 20
33753.163375760516
 10
36900.28671551449
 20
33795.6030010078
 10
37354.59427479179
 20
33795.6030010078
 10
37478.49633641287
 20
33753.163375760516
 10
37561.09771082692
 20
33795.6030010078
 10
37767.601146862056
 20
33668.28412526594
 10
37808.901834069075
 20
33753.163375760516
 10
38263.20939334638
 20
33753.163375760516
 10
38304.51008055341
 20
33795.6030010078
 10
38717.51695262368
 20
33795.6030010078
 10
38800.11832703773
 20
33753.163375760516
 10
38882.71970145178
 20
33583.404874771375
 10
38841.41901424475
 20
33498.52562427681
 10
38841.41901424475
 20
33159.00862229853
 10
38800.11832703773
 20
33116.56899705125
 10
38800.11832703773
 20
32734.612369825685
 10
38882.71970145178
 20
32479.974618341977
 10
38841.41901424475
 20
32395.09536784741
 10
38841.41901424475
 20
31970.699115374562
 10
38800.11832703773
 20
31928.25949012728
 10
38800.11832703773
 20
31800.940614385425
 10
38676.216265416646
 20
31716.061363890858
 10
38593.61489100259
 20
31758.50098913814
 10
38345.81076776043
 20
31758.50098913814
 10
38304.51008055341
 20
31716.061363890858
 10
38098.00664451827
 20
31758.50098913814
 10
38056.70595731125
 20
31716.061363890858
 10
37932.803895690166
 20
31716.061363890858
 10
37643.69908524097
 20
31800.940614385425
 10
37519.797023619896
 20
31928.25949012728
 10
37395.89496199881
 20
31843.38023963271
 10
37230.69221317071
 20
31843.38023963271
 10
37313.29358758476
 20
31800.940614385425
 10
37271.992900377736
 20
31758.50098913814
 10
36900.28671551449
 20
31758.50098913814
 10
36858.98602830747
 20
31800.940614385425
 10
36900.28671551449
 20
31843.38023963271
 10
37024.188777135576
 20
31843.38023963271
 10
36982.88808992855
 20
31928.25949012728
 10
36982.88808992855
 20
32055.578365869133
 10
36982.88808992855
 20
31970.699115374562
 10
36858.98602830747
 20
31843.38023963271
 10
36776.384653893416
 20
31970.699115374562
 10
36776.384653893416
 20
32861.93124556754
 10
36693.78327947936
 20
33031.68974655668
 10
36735.08396668638
 20
33074.12937180396
 10
36735.08396668638
 20
33413.64637378224
 10
36693.78327947936
 20
33456.08599902952
 10
36735.08396668638
 20
33540.96524952409
 10
36652.48259227233
 20
33625.84450001866
 10
35867.769535338826
 20
33625.84450001866
 10
35826.4688481318
 20
33583.404874771375
 10
35743.86747371774
 20
33625.84450001866
  0
LWPOLYLINE
  5
111
330
17
100
AcDbEntity
  8
RASTER_CONTOURS
100
AcDbPolyline
 90
6
 70
1
 10
41897.66986756473
 20
33880.48225150237
 10
41938.97055477177
 20
33922.92187674965
 10
42228.07536522096
 20
33922.92187674965
 10
42269.37605242798
 20
33880.48225150237
 10
42228.07536522096
 20
33838.04262625508
 10
41938.97055477177
 20
33838.04262625508
  0
LWPOLYLINE
  5
112
330
17
100
AcDbEntity
  8
RASTER_CONTOURS
100
AcDbPolyline
 90
6
 70
1
 10
39791.33482000638
 20
33880.48225150237
 10
39832.635507213396
 20
33922.92187674965
 10
41236.8588722523
 20
33922.92187674965
 10
41278.15955945934
 20
33880.48225150237
 10
41236.8588722523
 20
33838.04262625508
 10
39832.635507213396
 20
33838.04262625508
  0
LWPOLYLINE
  5
113
330
17
100
AcDbEntity
  8
RASTER_CONTOURS
100
AcDbPolyline
 90
6
 70
1
 10
35826.4688481318
 20
33880.48225150237
 10
35867.769535338826
 20
33922.92187674965
 10
36115.57365858099
 20
33922.92187674965
 10
36156.87434578801
 20
33880.48225150237
 10
36115.57365858099
 20
33838.04262625508
 10
35867.769535338826
 20
33838.04262625508
  0
LWPOLYLINE
  5
114
330
17
100
AcDbEntity
  8
RASTER_CONTOURS
100
AcDbPolyline
 90
6
 70
1
 10
45614.731716197144
 20
33965.36150199694
 10
45656.03240340416
 20
33922.92187674965
 10
45656.03240340416
 20
33668.28412526594
 10
45614.731716197144
 20
33625.84450001866
 10
45573.43102899012
 20
33668.28412526594
 10
45573.43102899012
 20
33922.92187674965
  0
LWPOLYLINE
  5
115
330
17
100
AcDbEntity
  8
RASTER_CONTOURS
100
AcDbPolyline
 90
9
 70
1
 10
37808.901834069075
 20
33880.48225150237
 10
37767.601146862056
 20
33838.04262625508
 10
36735.08396668638
 20
33838.04262625508
 10
36693.78327947936
 20
33880.48225150237
 10
36735.08396668638
 20
33922.92187674965
 10
37354.59427479179
 20
33922.92187674965
 10
37395.89496199881
 20
33965.36150199694
 10
37478.49633641287
 20
33922.92187674965
 10
37767.601146862056
 20
33922.92187674965
  0
LWPOLYLINE
  5
116
330
17
100
AcDbEntity
  8
RASTER_CONTOURS
100
AcDbPolyline
 90
54
 70
1
 10
31448.59600418695
 20
33710.72375051323
 10
31407.295316979926
 20
33753.163375760516
 10
30911.687070495605
 20
33753.163375760516
 10
30870.386383288576
 20
33795.6030010078
 10
30622.582260046416
 20
33753.163375760516
 10
30539.980885632365
 20
33838.04262625508
 10
30416.078824011285
 20
33753.163375760516
 10
30333.47744959723
 20
33753.163375760516
 10
30250.876075183176
 20
33838.04262625508
 10
30126.974013562096
 20
33795.6030010078
 10
29961.77126473399
 20
33922.92187674965
 10
29837.86920311291
 20
33753.163375760516
 10
29713.96714149183
 20
33795.6030010078
 10
29466.163018249666
 20
33753.163375760516
 10
29424.86233104264
 20
33795.6030010078
 10
29342.260956628586
 20
33753.163375760516
 10
29135.757520593455
 20
33753.163375760516
 10
29094.456833386426
 20
33795.6030010078
 10
29011.855458972375
 20
33753.163375760516
 10
28846.652710144266
 20
33753.163375760516
 10
28805.35202293724
 20
33795.6030010078
 10
28764.05133573021
 20
33753.163375760516
 10
28557.54789969508
 20
33753.163375760516
 10
28516.24721248805
 20
33795.6030010078
 10
28474.946525281026
 20
33753.163375760516
 10
27896.73690438265
 20
33710.72375051323
 10
27855.436217175626
 20
33625.84450001866
 10
27896.73690438265
 20
33498.52562427681
 10
28103.240340417786
 20
33540.96524952409
 10
28227.142402038866
 20
33456.08599902952
 10
28351.044463659946
 20
33540.96524952409
 10
28598.848586902106
 20
33498.52562427681
 10
28640.14927410913
 20
33540.96524952409
 10
28764.05133573021
 20
33498.52562427681
 10
29011.855458972375
 20
33540.96524952409
 10
29053.1561461794
 20
33498.52562427681
 10
29300.96026942156
 20
33540.96524952409
 10
29342.260956628586
 20
33498.52562427681
 10
29590.065079870747
 20
33540.96524952409
 10
29713.96714149183
 20
33498.52562427681
 10
29755.267828698856
 20
33540.96524952409
 10
29961.77126473399
 20
33371.206748534954
 10
29961.77126473399
 20
33456.08599902952
 10
30044.37263914804
 20
33540.96524952409
 10
30168.27470076912
 20
33498.52562427681
 10
30292.1767623902
 20
33540.96524952409
 10
30539.980885632365
 20
33498.52562427681
 10
30663.882947253445
 20
33583.404874771375
 10
30787.785008874525
 20
33498.52562427681
 10
30870.386383288576
 20
33540.96524952409
 10
31076.88981932371
 20
33540.96524952409
 10
31118.190506530736
 20
33583.404874771375
 10
31324.69394256587
 20
33540.96524952409
 10
31448.59600418695
 20
33625.84450001866
  0
LWPOLYLINE
  5
117
330
17
100
AcDbEntity
  8
RASTER_CONTOURS
100
AcDbPolyline
 90
6
 70
1
 10
19099.69052928594
 20
33922.92187674965
 10
18975.78846766486
 20
33838.04262625508
 10
18975.78846766486
 20
33753.163375760516
 10
19017.08915487189
 20
33753.163375760516
 10
19058.389842078916
 20
33668.28412526594
 10
19223.592590907025
 20
33795.6030010078
  0
LWPOLYLINE
  5
118
330
17
100
AcDbEntity
  8
RASTER_CONTOURS
100
AcDbPolyline
 90
7
 70
1
 10
41319.460246666364
 20
33880.48225150237
 10
41567.26436990851
 20
34007.80112724422
 10
41691.1664315296
 20
33922.92187674965
 10
41856.3691803577
 20
33922.92187674965
 10
41897.66986756473
 20
33880.48225150237
 10
41856.3691803577
 20
33838.04262625508
 10
41360.76093387338
 20
33838.04262625508
  0
LWPOLYLINE
  5
119
330
17
100
AcDbEntity
  8
RASTER_CONTOURS
100
AcDbPolyline
 90
5
 70
1
 10
35537.36403768261
 20
34050.2407524915
 10
35661.266099303684
 20
33922.92187674965
 10
35537.36403768261
 20
33710.72375051323
 10
35496.06335047558
 20
33753.163375760516
 10
35496.06335047558
 20
34007.80112724422
  0
LWPOLYLINE
  5
11A
330
17
100
AcDbEntity
  8
RASTER_CONTOURS
100
AcDbPolyline
 90
7
 70
1
 10
53007.55472625494
 20
34050.2407524915
 10
53007.55472625494
 20
32649.733119331115
 10
52966.25403904792
 20
32522.41424358926
 10
53007.55472625494
 20
32522.41424358926
 10
53048.85541346198
 20
32607.29349408383
 10
53048.85541346198
 20
32819.49162032026
 10
53007.55472625494
 20
32861.93124556754
  0
LWPOLYLINE
  5
11B
330
17
100
AcDbEntity
  8
RASTER_CONTOURS
100
AcDbPolyline
 90
8
 70
1
 10
44499.61316160742
 20
34177.559628233364
 10
44540.91384881446
 20
34135.12000298608
 10
44540.91384881446
 20
33795.6030010078
 10
44499.61316160742
 20
33753.163375760516
 10
44375.71109998635
 20
33880.48225150237
 10
44251.80903836527
 20
33922.92187674965
 10
44293.109725572285
 20
33965.36150199694
 10
44417.01178719337
 20
33965.36150199694
  0
LWPOLYLINE
  5
11C
330
17
100
AcDbEntity
  8
RASTER_CONTOURS
100
AcDbPolyline
 90
2
 70
1
 10
7700.700860146544
 20
34135.12000298608
 10
8113.707732216812
 20
34135.12000298608
  0
LWPOLYLINE
  5
11D
330
17
100
AcDbEntity
  8
RASTER_CONTOURS
100
AcDbPolyline
 90
2
 70
1
 10
51314.22655076685
 20
34219.999253480644
 10
51396.82792518091
 20
33922.92187674965
  0
LWPOLYLINE
  5
11E
330
17
100
AcDbEntity
  8
RASTER_CONTOURS
100
AcDbPolyline
 90
8
 70
1
 10
6337.778182314659
 20
34304.87850397521
 10
6420.3795567287125
 20
34177.559628233364
 10
6420.3795567287125
 20
34050.2407524915
 10
6461.680243935739
 20
34007.80112724422
 10
6585.582305556819
 20
34007.80112724422
 10
6626.882992763846
 20
34092.68037773879
 10
6502.980931142766
 20
34177.559628233364
 10
6502.980931142766
 20
34304.87850397521
  0
LWPOLYLINE
  5
11F
330
17
100
AcDbEntity
  8
RASTER_CONTOURS
100
AcDbPolyline
 90
2
 70
1
 10
14474.013562098939
 20
34389.757754469785
 10
14845.71974696218
 20
34389.757754469785
  0
LWPOLYLINE
  5
120
330
17
100
AcDbEntity
  8
RASTER_CONTOURS
100
AcDbPolyline
 90
9
 70
1
 10
29259.659582214535
 20
34432.197379717065
 10
29300.96026942156
 20
34389.757754469785
 10
29548.76439266372
 20
34432.197379717065
 10
29631.365767077776
 20
34347.3181292225
 10
29755.267828698856
 20
34432.197379717065
 10
29713.96714149183
 20
34474.63700496435
 10
29590.065079870747
 20
34474.63700496435
 10
29548.76439266372
 20
34432.197379717065
 10
29342.260956628586
 20
34474.63700496435
  0
LWPOLYLINE
  5
121
330
17
100
AcDbEntity
  8
RASTER_CONTOURS
100
AcDbPolyline
 90
10
 70
1
 10
28640.14927410913
 20
34432.197379717065
 10
28516.24721248805
 20
34559.51625545892
 10
28433.645838074
 20
34474.63700496435
 10
28309.74377645292
 20
34474.63700496435
 10
28268.44308924589
 20
34517.07663021163
 10
28227.142402038866
 20
34474.63700496435
 10
28268.44308924589
 20
34347.3181292225
 10
28433.645838074
 20
34347.3181292225
 10
28474.946525281026
 20
34304.87850397521
 10
28557.54789969508
 20
34304.87850397521
  0
LWPOLYLINE
  5
122
330
17
100
AcDbEntity
  8
RASTER_CONTOURS
100
AcDbPolyline
 90
6
 70
1
 10
42888.88636053339
 20
34517.07663021163
 10
43177.99117098256
 20
34517.07663021163
 10
43260.59254539663
 20
34474.63700496435
 10
43219.2918581896
 20
34474.63700496435
 10
43136.690483775536
 20
34601.955880706206
 10
42930.18704774041
 20
34601.955880706206
  0
LWPOLYLINE
  5
123
330
17
100
AcDbEntity
  8
RASTER_CONTOURS
100
AcDbPolyline
 90
7
 70
1
 10
18438.87953397351
 20
34644.395505953486
 10
18810.58571883675
 20
34644.395505953486
 10
19017.08915487189
 20
34517.07663021163
 10
19017.08915487189
 20
34304.87850397521
 10
19058.389842078916
 20
34347.3181292225
 10
19017.08915487189
 20
34432.197379717065
 10
19017.08915487189
 20
34644.395505953486
  0
LWPOLYLINE
  5
124
330
17
100
AcDbEntity
  8
RASTER_CONTOURS
100
AcDbPolyline
 90
6
 70
1
 10
22486.346880262136
 20
34559.51625545892
 10
23394.96199881673
 20
34559.51625545892
 10
23436.262686023758
 20
34601.955880706206
 10
23394.96199881673
 20
34686.83513120077
 10
22568.94825467619
 20
34686.83513120077
 10
22651.549629090245
 20
34644.395505953486
  0
LWPOLYLINE
  5
125
330
17
100
AcDbEntity
  8
RASTER_CONTOURS
100
AcDbPolyline
 90
10
 70
1
 10
50529.513493833336
 20
34771.71438169535
 10
50777.3176170755
 20
34771.71438169535
 10
50818.61830428252
 20
34729.27475644806
 10
50859.91899148955
 20
31928.25949012728
 10
50777.3176170755
 20
31800.940614385425
 10
50570.814181040354
 20
31800.940614385425
 10
50446.912119419285
 20
31970.699115374562
 10
50488.21280662631
 20
32055.578365869133
 10
50446.912119419285
 20
32182.897241610986
 10
50446.912119419285
 20
34686.83513120077
  0
LWPOLYLINE
  5
126
330
17
100
AcDbEntity
  8
RASTER_CONTOURS
100
AcDbPolyline
 90
6
 70
1
 10
9683.13384608383
 20
34814.15400694263
 10
9724.434533290858
 20
34856.59363218991
 10
10137.441405361125
 20
34856.59363218991
 10
10178.742092568153
 20
34814.15400694263
 10
10137.441405361125
 20
34771.71438169535
 10
9724.434533290858
 20
34771.71438169535
  0
LWPOLYLINE
  5
127
330
17
100
AcDbEntity
  8
RASTER_CONTOURS
100
AcDbPolyline
 90
6
 70
1
 10
8526.714604287079
 20
34814.15400694263
 10
8568.015291494106
 20
34856.59363218991
 10
9517.931097255723
 20
34856.59363218991
 10
9559.23178446275
 20
34814.15400694263
 10
9517.931097255723
 20
34771.71438169535
 10
8568.015291494106
 20
34771.71438169535
  0
LWPOLYLINE
  5
128
330
17
100
AcDbEntity
  8
RASTER_CONTOURS
100
AcDbPolyline
 90
5
 70
1
 10
13441.496381923267
 20
34856.59363218991
 10
13606.699130751374
 20
34941.47288268448
 10
13771.901879579484
 20
34856.59363218991
 10
13730.601192372458
 20
34814.15400694263
 10
13482.797069130294
 20
34814.15400694263
  0
LWPOLYLINE
  5
129
330
17
100
AcDbEntity
  8
RASTER_CONTOURS
100
AcDbPolyline
 90
5
 70
1
 10
6172.575433486551
 20
34856.59363218991
 10
6255.176807900605
 20
34941.47288268448
 10
6420.3795567287125
 20
34856.59363218991
 10
6379.078869521685
 20
34814.15400694263
 10
6213.876120693579
 20
34814.15400694263
  0
LWPOLYLINE
  5
12A
330
17
100
AcDbEntity
  8
RASTER_CONTOURS
100
AcDbPolyline
 90
5
 70
1
 10
16249.943112001092
 20
34941.47288268448
 10
16084.740363172985
 20
34814.15400694263
 10
16002.138988758932
 20
34814.15400694263
 10
15878.236927137852
 20
34899.03325743719
 10
16126.041050380012
 20
34983.91250793177
  0
LWPOLYLINE
  5
12B
330
17
100
AcDbEntity
  8
RASTER_CONTOURS
100
AcDbPolyline
 90
21
 70
1
 10
33100.623492468025
 20
35026.35213317905
 10
33183.22486688208
 20
34941.47288268448
 10
33183.22486688208
 20
34729.27475644806
 10
33224.52555408911
 20
34686.83513120077
 10
33224.52555408911
 20
34219.999253480644
 10
33183.22486688208
 20
34177.559628233364
 10
33224.52555408911
 20
34135.12000298608
 10
33183.22486688208
 20
34092.68037773879
 10
33183.22486688208
 20
33880.48225150237
 10
33224.52555408911
 20
33838.04262625508
 10
33183.22486688208
 20
33243.8878727931
 10
33224.52555408911
 20
33201.44824754581
 10
33224.52555408911
 20
31673.62173864357
 10
33265.826241296134
 20
31631.182113396288
 10
33224.52555408911
 20
31546.302862901717
 10
33141.92417967506
 20
31546.302862901717
 10
33059.322805261
 20
31631.182113396288
 10
33059.322805261
 20
31970.699115374562
 10
32976.72143084695
 20
32055.578365869133
 10
33059.322805261
 20
32140.457616363703
 10
33059.322805261
 20
34983.91250793177
  0
LWPOLYLINE
  5
12C
330
17
100
AcDbEntity
  8
RASTER_CONTOURS
100
AcDbPolyline
 90
6
 70
1
 10
45614.731716197144
 20
35068.791758426334
 10
45656.03240340416
 20
35026.35213317905
 10
45656.03240340416
 20
34135.12000298608
 10
45614.731716197144
 20
34092.68037773879
 10
45573.43102899012
 20
34135.12000298608
 10
45573.43102899012
 20
35026.35213317905
  0
LWPOLYLINE
  5
12D
330
17
100
AcDbEntity
  8
RASTER_CONTOURS
100
AcDbPolyline
 90
6
 70
1
 10
8815.819414736266
 20
35026.35213317905
 10
8857.120101943294
 20
35068.791758426334
 10
9270.126974013561
 20
35068.791758426334
 10
9311.427661220587
 20
35026.35213317905
 10
9270.126974013561
 20
34983.91250793177
 10
8857.120101943294
 20
34983.91250793177
  0
LWPOLYLINE
  5
12E
330
17
100
AcDbEntity
  8
RASTER_CONTOURS
100
AcDbPolyline
 90
9
 70
1
 10
8609.315978701132
 20
35026.35213317905
 10
8650.61666590816
 20
35068.791758426334
 10
8774.51872752924
 20
35068.791758426334
 10
8815.819414736266
 20
35026.35213317905
 10
8774.51872752924
 20
34983.91250793177
 10
8898.42078915032
 20
34941.47288268448
 10
8857.120101943294
 20
34899.03325743719
 10
8733.218040322214
 20
34899.03325743719
 10
8650.61666590816
 20
34941.47288268448
  0
LWPOLYLINE
  5
12F
330
17
100
AcDbEntity
  8
RASTER_CONTOURS
100
AcDbPolyline
 90
5
 70
1
 10
24510.080553406453
 20
35026.35213317905
 10
24675.28330223456
 20
35026.35213317905
 10
24716.583989441588
 20
35068.791758426334
 10
25336.094297546988
 20
35068.791758426334
 10
24551.38124061348
 20
35068.791758426334
  0
LWPOLYLINE
  5
130
330
17
100
AcDbEntity
  8
RASTER_CONTOURS
100
AcDbPolyline
 90
5
 70
1
 10
20173.50839666864
 20
35068.791758426334
 10
20380.01183270377
 20
35068.791758426334
 10
20421.3125199108
 20
35026.35213317905
 10
21329.92763846539
 20
35026.35213317905
 10
21247.326264051335
 20
35068.791758426334
  0
LWPOLYLINE
  5
131
330
17
100
AcDbEntity
  8
RASTER_CONTOURS
100
AcDbPolyline
 90
4
 70
1
 10
19719.200837391345
 20
35068.791758426334
 10
19760.50152459837
 20
35026.35213317905
 10
20049.60633504756
 20
35026.35213317905
 10
20049.60633504756
 20
35068.791758426334
  0
LWPOLYLINE
  5
132
330
17
100
AcDbEntity
  8
RASTER_CONTOURS
100
AcDbPolyline
 90
16
 70
1
 10
24303.57711737132
 20
35153.67100892091
 10
25790.401856824283
 20
35153.67100892091
 10
25831.70254403131
 20
35111.23138367362
 10
25790.401856824283
 20
35068.791758426334
 10
25625.199107996174
 20
35068.791758426334
 10
25955.60460565239
 20
35026.35213317905
 10
26120.807354480497
 20
34814.15400694263
 10
26120.807354480497
 20
33328.76712328767
 10
25996.905292859417
 20
33159.00862229853
 10
24303.57711737132
 20
33159.00862229853
 10
24179.67505575024
 20
33328.76712328767
 10
24179.67505575024
 20
34729.27475644806
 10
24138.374368543213
 20
34814.15400694263
 10
24303.57711737132
 20
35026.35213317905
 10
24386.178491785373
 20
35026.35213317905
 10
24262.276430164293
 20
35111.23138367362
  0
LWPOLYLINE
  5
133
330
17
100
AcDbEntity
  8
RASTER_CONTOURS
100
AcDbPolyline
 90
6
 70
1
 10
22073.34000819187
 20
35111.23138367362
 10
22114.640695398895
 20
35153.67100892091
 10
23849.269558094024
 20
35153.67100892091
 10
23890.570245301053
 20
35111.23138367362
 10
23849.269558094024
 20
35068.791758426334
 10
22114.640695398895
 20
35068.791758426334
  0
LWPOLYLINE
  5
134
330
17
100
AcDbEntity
  8
RASTER_CONTOURS
100
AcDbPolyline
 90
6
 70
1
 10
15630.432803895688
 20
35111.23138367362
 10
15671.733491102716
 20
35153.67100892091
 10
16126.041050380012
 20
35153.67100892091
 10
16167.341737587038
 20
35111.23138367362
 10
16126.041050380012
 20
35068.791758426334
 10
15671.733491102716
 20
35068.791758426334
  0
LWPOLYLINE
  5
135
330
17
100
AcDbEntity
  8
RASTER_CONTOURS
100
AcDbPolyline
 90
6
 70
1
 10
14556.614936512993
 20
35111.23138367362
 10
14597.915623720019
 20
35153.67100892091
 10
14845.71974696218
 20
35153.67100892091
 10
14887.020434169206
 20
35111.23138367362
 10
14845.71974696218
 20
35068.791758426334
 10
14597.915623720019
 20
35068.791758426334
  0
LWPOLYLINE
  5
136
330
17
100
AcDbEntity
  8
RASTER_CONTOURS
100
AcDbPolyline
 90
3
 70
1
 10
43384.49460701771
 20
35111.23138367362
 10
43714.90010467392
 20
35111.23138367362
 10
43797.501479087965
 20
35153.67100892091
  0
LWPOLYLINE
  5
137
330
17
100
AcDbEntity
  8
RASTER_CONTOURS
100
AcDbPolyline
 90
6
 70
1
 10
35909.07022254585
 20
35153.67100892091
 10
35950.37090975288
 20
35196.11063416819
 10
36198.17503299504
 20
35196.11063416819
 10
36239.47572020206
 20
35153.67100892091
 10
36198.17503299504
 20
35111.23138367362
 10
35950.37090975288
 20
35111.23138367362
  0
LWPOLYLINE
  5
138
330
17
100
AcDbEntity
  8
RASTER_CONTOURS
100
AcDbPolyline
 90
24
 70
1
 10
19471.396714149185
 20
34899.03325743719
 10
19512.69740135621
 20
35026.35213317905
 10
19636.59946297729
 20
35068.791758426334
 10
19553.998088563236
 20
35111.23138367362
 10
19595.298775770265
 20
35153.67100892091
 10
20462.613207117825
 20
35196.11063416819
 10
20503.91389432485
 20
35153.67100892091
 10
21453.82970008647
 20
35153.67100892091
 10
21495.130387293495
 20
35111.23138367362
 10
21412.52901287944
 20
35068.791758426334
 10
21536.43107450052
 20
34983.91250793177
 10
21577.73176170755
 20
34856.59363218991
 10
21495.130387293495
 20
34771.71438169535
 10
21247.326264051335
 20
34771.71438169535
 10
21247.326264051335
 20
34729.27475644806
 10
21371.228325672415
 20
34729.27475644806
 10
21412.52901287944
 20
34686.83513120077
 10
21371.228325672415
 20
34644.395505953486
 10
19884.40358621945
 20
34644.395505953486
 10
19843.102899012425
 20
34686.83513120077
 10
19884.40358621945
 20
34729.27475644806
 10
21123.424202430255
 20
34729.27475644806
 10
21123.424202430255
 20
34771.71438169535
 10
19553.998088563236
 20
34771.71438169535
  0
LWPOLYLINE
  5
139
330
17
100
AcDbEntity
  8
RASTER_CONTOURS
100
AcDbPolyline
 90
5
 70
1
 10
15093.52387020434
 20
35153.67100892091
 10
15217.42593182542
 20
35196.11063416819
 10
15423.929367860554
 20
35111.23138367362
 10
15382.628680653528
 20
35068.791758426334
 10
15134.824557411368
 20
35068.791758426334
  0
LWPOLYLINE
  5
13A
330
17
100
AcDbEntity
  8
RASTER_CONTOURS
100
AcDbPolyline
 90
5
 70
1
 10
6626.882992763846
 20
35111.23138367362
 10
6750.785054384926
 20
35196.11063416819
 10
6874.687116006006
 20
35111.23138367362
 10
6833.38642879898
 20
35068.791758426334
 10
6668.183679970873
 20
35068.791758426334
  0
LWPOLYLINE
  5
13B
330
17
100
AcDbEntity
  8
RASTER_CONTOURS
100
AcDbPolyline
 90
28
 70
1
 10
44995.22140809174
 20
35238.55025941547
 10
45366.92759295499
 20
35238.55025941547
 10
45408.22828016202
 20
35196.11063416819
 10
45366.92759295499
 20
35153.67100892091
 10
45160.42415691984
 20
35153.67100892091
 10
45408.22828016202
 20
35153.67100892091
 10
45490.82965457606
 20
35026.35213317905
 10
45490.82965457606
 20
33201.44824754581
 10
45532.1303417831
 20
33159.00862229853
 10
45490.82965457606
 20
33031.68974655668
 10
45490.82965457606
 20
32522.41424358926
 10
45532.1303417831
 20
32479.974618341977
 10
45490.82965457606
 20
32055.578365869133
 10
45532.1303417831
 20
31970.699115374562
 10
45408.22828016202
 20
31758.50098913814
 10
45036.52209529878
 20
31758.50098913814
 10
44953.920720884715
 20
31843.38023963271
 10
44953.920720884715
 20
32055.578365869133
 10
44953.920720884715
 20
31843.38023963271
 10
44871.31934647067
 20
31758.50098913814
 10
44706.11659764256
 20
31758.50098913814
 10
44623.5152232285
 20
31843.38023963271
 10
44623.5152232285
 20
34899.03325743719
 10
44830.01865926363
 20
34983.91250793177
 10
44953.920720884715
 20
34941.47288268448
 10
44953.920720884715
 20
35068.791758426334
 10
44995.22140809174
 20
35111.23138367362
 10
44953.920720884715
 20
35196.11063416819
  0
LWPOLYLINE
  5
13C
330
17
100
AcDbEntity
  8
RASTER_CONTOURS
100
AcDbPolyline
 90
10
 70
1
 10
39006.62176307286
 20
35196.11063416819
 10
39047.92245027989
 20
35238.55025941547
 10
41319.460246666364
 20
35238.55025941547
 10
41360.76093387338
 20
35153.67100892091
 10
41319.460246666364
 20
35111.23138367362
 10
39997.838256041505
 20
35111.23138367362
 10
39956.53756883448
 20
35153.67100892091
 10
39584.831383971235
 20
35111.23138367362
 10
39543.53069676421
 20
35153.67100892091
 10
39047.92245027989
 20
35153.67100892091
  0
LWPOLYLINE
  5
13D
330
17
100
AcDbEntity
  8
RASTER_CONTOURS
100
AcDbPolyline
 90
18
 70
1
 10
35661.266099303684
 20
35026.35213317905
 10
35826.4688481318
 20
35196.11063416819
 10
35867.769535338826
 20
35111.23138367362
 10
36198.17503299504
 20
35111.23138367362
 10
36280.776407409096
 20
35196.11063416819
 10
36322.07709461612
 20
35111.23138367362
 10
36528.580530651256
 20
35111.23138367362
 10
36652.48259227233
 20
35238.55025941547
 10
38882.71970145178
 20
35238.55025941547
 10
38924.020388658806
 20
35196.11063416819
 10
38800.11832703773
 20
35153.67100892091
 10
38924.020388658806
 20
35111.23138367362
 10
41319.460246666364
 20
35111.23138367362
 10
41443.36230828745
 20
35026.35213317905
 10
41443.36230828745
 20
34092.68037773879
 10
41319.460246666364
 20
34007.80112724422
 10
35743.86747371774
 20
34007.80112724422
 10
35661.266099303684
 20
34092.68037773879
  0
LWPOLYLINE
  5
13E
330
17
100
AcDbEntity
  8
RASTER_CONTOURS
100
AcDbPolyline
 90
7
 70
1
 10
13400.195694716242
 20
35111.23138367362
 10
13565.398443544349
 20
35238.55025941547
 10
13689.30050516543
 20
35153.67100892091
 10
13937.104628407591
 20
35153.67100892091
 10
13978.405315614618
 20
35111.23138367362
 10
13937.104628407591
 20
35068.791758426334
 10
13441.496381923267
 20
35068.791758426334
  0
LWPOLYLINE
  5
13F
330
17
100
AcDbEntity
  8
RASTER_CONTOURS
100
AcDbPolyline
 90
29
 70
1
 10
41691.1664315296
 20
35196.11063416819
 10
41815.068493150684
 20
35280.989884662755
 10
44210.50835115824
 20
35280.989884662755
 10
44293.109725572285
 20
35196.11063416819
 10
44251.80903836527
 20
35153.67100892091
 10
44004.00491512309
 20
35153.67100892091
 10
44127.90697674418
 20
35026.35213317905
 10
44293.109725572285
 20
35068.791758426334
 10
44375.71109998635
 20
34983.91250793177
 10
44334.41041277931
 20
34941.47288268448
 10
44375.71109998635
 20
34856.59363218991
 10
44375.71109998635
 20
34177.559628233364
 10
44293.109725572285
 20
34092.68037773879
 10
44045.30560233014
 20
34135.12000298608
 10
44004.00491512309
 20
34050.2407524915
 10
43508.39666863877
 20
34050.2407524915
 10
43467.095981431754
 20
34007.80112724422
 10
43384.49460701771
 20
34050.2407524915
 10
42104.17330359988
 20
34007.80112724422
 10
42021.57192918581
 20
34092.68037773879
 10
42062.87261639284
 20
34135.12000298608
 10
41773.76780594366
 20
34050.2407524915
 10
41691.1664315296
 20
34135.12000298608
 10
41691.1664315296
 20
34983.91250793177
 10
41732.46711873662
 20
35026.35213317905
 10
41856.3691803577
 20
35026.35213317905
 10
41980.271241978786
 20
35111.23138367362
 10
43054.08910936149
 20
35111.23138367362
 10
41773.76780594366
 20
35111.23138367362
  0
LWPOLYLINE
  5
140
330
17
100
AcDbEntity
  8
RASTER_CONTOURS
100
AcDbPolyline
 90
5
 70
1
 10
52924.95335184089
 20
35280.989884662755
 10
53007.55472625494
 20
35068.791758426334
 10
53007.55472625494
 20
34304.87850397521
 10
53007.55472625494
 20
35153.67100892091
 10
52966.25403904792
 20
35280.989884662755
  0
LWPOLYLINE
  5
141
330
17
100
AcDbEntity
  8
RASTER_CONTOURS
100
AcDbPolyline
 90
6
 70
1
 10
7535.498111318437
 20
35323.42950991004
 10
7576.798798525464
 20
35365.86913515733
 10
7989.8056705957315
 20
35365.86913515733
 10
8031.106357802758
 20
35323.42950991004
 10
7989.8056705957315
 20
35280.989884662755
 10
7576.798798525464
 20
35280.989884662755
  0
LWPOLYLINE
  5
142
330
17
100
AcDbEntity
  8
RASTER_CONTOURS
100
AcDbPolyline
 90
6
 70
1
 10
6379.078869521685
 20
35323.42950991004
 10
6420.3795567287125
 20
35365.86913515733
 10
6750.785054384926
 20
35365.86913515733
 10
6792.085741591953
 20
35323.42950991004
 10
6750.785054384926
 20
35280.989884662755
 10
6420.3795567287125
 20
35280.989884662755
  0
LWPOLYLINE
  5
143
330
17
100
AcDbEntity
  8
RASTER_CONTOURS
100
AcDbPolyline
 90
6
 70
1
 10
5924.771310244391
 20
35323.42950991004
 10
5966.071997451418
 20
35365.86913515733
 10
6172.575433486551
 20
35365.86913515733
 10
6213.876120693579
 20
35323.42950991004
 10
6172.575433486551
 20
35280.989884662755
 10
5966.071997451418
 20
35280.989884662755
  0
LWPOLYLINE
  5
144
330
17
100
AcDbEntity
  8
RASTER_CONTOURS
100
AcDbPolyline
 90
6
 70
1
 10
15630.432803895688
 20
35323.42950991004
 10
15713.034178309741
 20
35408.30876040461
 10
15878.236927137852
 20
35408.30876040461
 10
15919.537614344878
 20
35365.86913515733
 10
15878.236927137852
 20
35280.989884662755
 10
15671.733491102716
 20
35280.989884662755
  0
LWPOLYLINE
  5
145
330
17
100
AcDbEntity
  8
RASTER_CONTOURS
100
AcDbPolyline
 90
9
 70
1
 10
13111.090884267054
 20
35323.42950991004
 10
13358.895007509214
 20
35408.30876040461
 10
14226.209438856778
 20
35408.30876040461
 10
14267.510126063806
 20
35365.86913515733
 10
14391.412187684886
 20
35408.30876040461
 10
15423.929367860554
 20
35408.30876040461
 10
15465.23005506758
 20
35365.86913515733
 10
15423.929367860554
 20
35280.989884662755
 10
13152.39157147408
 20
35280.989884662755
  0
LWPOLYLINE
  5
146
330
17
100
AcDbEntity
  8
RASTER_CONTOURS
100
AcDbPolyline
 90
6
 70
1
 10
12326.377827333545
 20
35365.86913515733
 10
12367.678514540572
 20
35408.30876040461
 10
12574.181950575707
 20
35408.30876040461
 10
12615.482637782732
 20
35323.42950991004
 10
12574.181950575707
 20
35280.989884662755
 10
12367.678514540572
 20
35280.989884662755
  0
LWPOLYLINE
  5
147
330
17
100
AcDbEntity
  8
RASTER_CONTOURS
100
AcDbPolyline
 90
15
 70
1
 10
53627.06503436034
 20
35535.62763614647
 10
53668.36572156737
 20
31716.061363890858
 10
53668.36572156737
 20
32522.41424358926
 10
53709.66640877441
 20
32564.853868836548
 10
53709.66640877441
 20
32734.612369825685
 10
53668.36572156737
 20
32777.05199507297
 10
53668.36572156737
 20
34007.80112724422
 10
53627.06503436034
 20
34050.2407524915
 10
53627.06503436034
 20
34304.87850397521
 10
53668.36572156737
 20
34347.3181292225
 10
53627.06503436034
 20
34474.63700496435
 10
53668.36572156737
 20
34559.51625545892
 10
53668.36572156737
 20
35450.748385651896
 10
53627.06503436034
 20
35493.18801089918
 10
53668.36572156737
 20
35535.62763614647
  0
LWPOLYLINE
  5
148
330
17
100
AcDbEntity
  8
RASTER_CONTOURS
100
AcDbPolyline
 90
6
 70
1
 10
8898.42078915032
 20
35578.06726139375
 10
8939.721476357347
 20
35620.50688664103
 10
9352.728348427614
 20
35620.50688664103
 10
9394.029035634643
 20
35578.06726139375
 10
9352.728348427614
 20
35535.62763614647
 10
8939.721476357347
 20
35535.62763614647
  0
LWPOLYLINE
  5
149
330
17
100
AcDbEntity
  8
RASTER_CONTOURS
100
AcDbPolyline
 90
6
 70
1
 10
7907.204296181678
 20
35578.06726139375
 10
7948.504983388704
 20
35620.50688664103
 10
8485.413917080052
 20
35620.50688664103
 10
8526.714604287079
 20
35578.06726139375
 10
8485.413917080052
 20
35535.62763614647
 10
7948.504983388704
 20
35535.62763614647
  0
LWPOLYLINE
  5
14A
330
17
100
AcDbEntity
  8
RASTER_CONTOURS
100
AcDbPolyline
 90
6
 70
1
 10
6998.589177627086
 20
35578.06726139375
 10
7039.889864834114
 20
35620.50688664103
 10
7494.19742411141
 20
35620.50688664103
 10
7535.498111318437
 20
35578.06726139375
 10
7494.19742411141
 20
35535.62763614647
 10
7039.889864834114
 20
35535.62763614647
  0
LWPOLYLINE
  5
14B
330
17
100
AcDbEntity
  8
RASTER_CONTOURS
100
AcDbPolyline
 90
8
 70
1
 10
41649.865744322575
 20
35578.06726139375
 10
41773.76780594366
 20
35705.3861371356
 10
44293.109725572285
 20
35705.3861371356
 10
44375.71109998635
 20
35578.06726139375
 10
44375.71109998635
 20
35450.748385651896
 10
44334.41041277931
 20
35365.86913515733
 10
44210.50835115824
 20
35280.989884662755
 10
41732.46711873662
 20
35280.989884662755
  0
LWPOLYLINE
  5
14C
330
17
100
AcDbEntity
  8
RASTER_CONTOURS
100
AcDbPolyline
 90
148
 70
1
 10
41608.56505711556
 20
35790.26538763017
 10
41608.56505711556
 20
35365.86913515733
 10
41649.865744322575
 20
35323.42950991004
 10
41567.26436990851
 20
35238.55025941547
 10
41525.96368270149
 20
35280.989884662755
 10
39171.824511900966
 20
35280.989884662755
 10
39047.92245027989
 20
35408.30876040461
 10
39047.92245027989
 20
35578.06726139375
 10
38965.32107586584
 20
35620.50688664103
 10
38924.020388658806
 20
35578.06726139375
 10
38924.020388658806
 20
35408.30876040461
 10
38758.8176398307
 20
35280.989884662755
 10
35619.96541209666
 20
35280.989884662755
 10
35578.66472488963
 20
35238.55025941547
 10
35454.76266326855
 20
35280.989884662755
 10
33389.72830291722
 20
35280.989884662755
 10
33389.72830291722
 20
35238.55025941547
 10
33307.12692850316
 20
35196.11063416819
 10
33265.826241296134
 20
35238.55025941547
 10
33307.12692850316
 20
35493.18801089918
 10
33224.52555408911
 20
35535.62763614647
 10
33141.92417967506
 20
35493.18801089918
 10
33183.22486688208
 20
35365.86913515733
 10
33183.22486688208
 20
35068.791758426334
 10
33141.92417967506
 20
35026.35213317905
 10
32976.72143084695
 20
35280.989884662755
 10
26616.415600964818
 20
35238.55025941547
 10
26492.513539343738
 20
35111.23138367362
 10
26327.31079051563
 20
35111.23138367362
 10
26244.709416101578
 20
34983.91250793177
 10
26162.108041687523
 20
35111.23138367362
 10
26162.108041687523
 20
35196.11063416819
 10
26079.50666727347
 20
35238.55025941547
 10
24179.67505575024
 20
35238.55025941547
 10
24097.073681336184
 20
35068.791758426334
 10
24097.073681336184
 20
34771.71438169535
 10
24055.772994129158
 20
34729.27475644806
 10
23973.171619715104
 20
34899.03325743719
 10
24014.472306922133
 20
35111.23138367362
 10
23973.171619715104
 20
35196.11063416819
 10
23890.570245301053
 20
35238.55025941547
 10
21990.738633777815
 20
35238.55025941547
 10
21949.43794657079
 20
35153.67100892091
 10
21990.738633777815
 20
35111.23138367362
 10
21949.43794657079
 20
35068.791758426334
 10
21949.43794657079
 20
34941.47288268448
 10
21990.738633777815
 20
34899.03325743719
 10
21990.738633777815
 20
34771.71438169535
 10
21949.43794657079
 20
34729.27475644806
 10
21990.738633777815
 20
34644.395505953486
 10
21908.13725936376
 20
34347.3181292225
 10
21866.836572156735
 20
34389.757754469785
 10
21866.836572156735
 20
34559.51625545892
 10
21825.53588494971
 20
34601.955880706206
 10
21701.63382332863
 20
34601.955880706206
 10
21619.032448914575
 20
34686.83513120077
 10
21619.032448914575
 20
34856.59363218991
 10
21825.53588494971
 20
34983.91250793177
 10
21742.934510535655
 20
35238.55025941547
 10
21825.53588494971
 20
35450.748385651896
 10
21660.3331361216
 20
35450.748385651896
 10
21701.63382332863
 20
35365.86913515733
 10
21701.63382332863
 20
35238.55025941547
 10
21660.3331361216
 20
35196.11063416819
 10
21577.73176170755
 20
35238.55025941547
 10
19471.396714149185
 20
35238.55025941547
 10
19430.096026942156
 20
35196.11063416819
 10
19430.096026942156
 20
34686.83513120077
 10
19388.79533973513
 20
34644.395505953486
 10
19430.096026942156
 20
34432.197379717065
 10
19347.494652528105
 20
34347.3181292225
 10
19264.89327811405
 20
34389.757754469785
 10
19264.89327811405
 20
34644.395505953486
 10
19306.193965321076
 20
34686.83513120077
 10
19264.89327811405
 20
34729.27475644806
 10
19264.89327811405
 20
35196.11063416819
 10
19223.592590907025
 20
35238.55025941547
 10
17241.159604969733
 20
35238.55025941547
 10
17117.257543348653
 20
35111.23138367362
 10
16952.054794520547
 20
35111.23138367362
 10
16828.152732899467
 20
34941.47288268448
 10
16580.348609657307
 20
34941.47288268448
 10
16539.047922450278
 20
34899.03325743719
 10
16539.047922450278
 20
32777.05199507297
 10
16580.348609657307
 20
32734.612369825685
 10
16539.047922450278
 20
32437.534993094694
 10
16704.250671278387
 20
32352.655742600124
 10
16869.453420106493
 20
32352.655742600124
 10
16910.75410731352
 20
32395.09536784741
 10
17117.257543348653
 20
32395.09536784741
 10
17158.55823055568
 20
32352.655742600124
 10
17323.760979383787
 20
32352.655742600124
 10
17365.061666590813
 20
32395.09536784741
 10
17819.369225868108
 20
32395.09536784741
 10
17860.669913075137
 20
32352.655742600124
 10
17943.271287489188
 20
32395.09536784741
 10
18108.474036317297
 20
32395.09536784741
 10
18149.774723524322
 20
32352.655742600124
 10
18232.376097938377
 20
32395.09536784741
 10
18314.97747235243
 20
32352.655742600124
 10
18397.578846766482
 20
32395.09536784741
 10
19017.08915487189
 20
32395.09536784741
 10
19058.389842078916
 20
32352.655742600124
 10
19099.69052928594
 20
32395.09536784741
 10
19306.193965321076
 20
32395.09536784741
 10
19347.494652528105
 20
32479.974618341977
 10
19430.096026942156
 20
32352.655742600124
 10
19388.79533973513
 20
32225.33686685827
 10
19430.096026942156
 20
32055.578365869133
 10
19388.79533973513
 20
32013.13874062185
 10
19223.592590907025
 20
32267.776492105557
 10
18108.474036317297
 20
32267.776492105557
 10
18067.173349110268
 20
32225.33686685827
 10
18025.872661903242
 20
32267.776492105557
 10
17695.467164247028
 20
32267.776492105557
 10
17654.166477040002
 20
32225.33686685827
 10
17612.865789832977
 20
32267.776492105557
 10
16952.054794520547
 20
32267.776492105557
 10
16910.75410731352
 20
32225.33686685827
 10
16662.949984071358
 20
32267.776492105557
 10
16580.348609657307
 20
32225.33686685827
 10
16580.348609657307
 20
32055.578365869133
 10
16539.047922450278
 20
32013.13874062185
 10
16539.047922450278
 20
31631.182113396288
 10
16580.348609657307
 20
31588.742488149004
 10
16580.348609657307
 20
29594.08010152663
 10
16621.649296864332
 20
29594.08010152663
 10
16786.85204569244
 20
29381.88197529021
 10
16952.054794520547
 20
29381.88197529021
 10
17075.956856141627
 20
29212.12347430107
 10
16952.054794520547
 20
29127.244223806498
 10
16497.747235243252
 20
29127.244223806498
 10
16456.446548036227
 20
29169.683849053785
 10
16456.446548036227
 20
30612.63110746146
 10
16415.145860829198
 20
30655.070732708744
 10
16415.145860829198
 20
31418.983987159867
 10
16456.446548036227
 20
31461.42361240715
 10
16415.145860829198
 20
31588.742488149004
 10
16415.145860829198
 20
35578.06726139375
 10
16497.747235243252
 20
35662.946511888316
 10
21412.52901287944
 20
35662.946511888316
 10
21536.43107450052
 20
35790.26538763017
 10
29961.77126473399
 20
35790.26538763017
 10
30003.071951941016
 20
35832.70501287746
 10
30044.37263914804
 20
35790.26538763017
 10
30209.57538797615
 20
35790.26538763017
 10
30250.876075183176
 20
35832.70501287746
 10
41567.26436990851
 20
35832.70501287746
  0
LWPOLYLINE
  5
14D
330
17
100
AcDbEntity
  8
RASTER_CONTOURS
100
AcDbPolyline
 90
12
 70
1
 10
53255.358849497105
 20
35832.70501287746
 10
53214.058162290086
 20
35790.26538763017
 10
53255.358849497105
 20
35705.3861371356
 10
53255.358849497105
 20
35493.18801089918
 10
53337.960223911155
 20
35450.748385651896
 10
53337.960223911155
 20
33159.00862229853
 10
53379.260911118196
 20
33116.56899705125
 10
53379.260911118196
 20
32310.21611735284
 10
53379.260911118196
 20
35365.86913515733
 10
53255.358849497105
 20
35578.06726139375
 10
53255.358849497105
 20
35662.946511888316
 10
53337.960223911155
 20
35790.26538763017
  0
LWPOLYLINE
  5
14E
330
17
100
AcDbEntity
  8
RASTER_CONTOURS
100
AcDbPolyline
 90
79
 70
1
 10
44499.61316160742
 20
35875.14463812474
 10
50736.01692986848
 20
35875.14463812474
 10
50818.61830428252
 20
35790.26538763017
 10
50818.61830428252
 20
34899.03325743719
 10
50777.3176170755
 20
34856.59363218991
 10
50446.912119419285
 20
34856.59363218991
 10
50405.611432212245
 20
34814.15400694263
 10
50405.611432212245
 20
31758.50098913814
 10
50488.21280662631
 20
31716.061363890858
 10
50777.3176170755
 20
31716.061363890858
 10
50859.91899148955
 20
31588.742488149004
 10
50859.91899148955
 20
30612.63110746146
 10
50818.61830428252
 20
30570.191482214173
 10
50859.91899148955
 20
30442.87260647232
 10
50818.61830428252
 20
30315.55373073047
 10
50818.61830428252
 20
29806.27822776305
 10
50859.91899148955
 20
29763.838602515767
 10
50859.91899148955
 20
28575.529095591803
 10
50818.61830428252
 20
28533.089470344516
 10
50859.91899148955
 20
28405.770594602665
 10
50859.91899148955
 20
27259.90071292598
 10
50818.61830428252
 20
27217.461087678697
 10
50116.506621763074
 20
27217.461087678697
 10
50075.205934556034
 20
27259.90071292598
 10
50075.205934556034
 20
27981.37434212982
 10
50157.8073089701
 20
28066.25359262439
 10
50653.41555545442
 20
28066.25359262439
 10
50736.01692986848
 20
28108.69321787167
 10
50694.71624266144
 20
29509.20085103206
 10
50653.41555545442
 20
29551.640476279346
 10
50653.41555545442
 20
29721.398977268484
 10
50736.01692986848
 20
29806.27822776305
 10
50736.01692986848
 20
30824.82923369788
 10
50694.71624266144
 20
30867.268858945165
 10
50240.40868338414
 20
30867.268858945165
 10
50199.10799617712
 20
30824.82923369788
 10
50116.506621763074
 20
30867.268858945165
 10
50033.90524734901
 20
30994.587734687022
 10
50033.90524734901
 20
31546.302862901717
 10
49992.60456014199
 20
31588.742488149004
 10
50033.90524734901
 20
31716.061363890858
 10
50240.40868338414
 20
31716.061363890858
 10
50281.70937059118
 20
31758.50098913814
 10
50281.70937059118
 20
34983.91250793177
 10
50488.21280662631
 20
35068.791758426334
 10
50488.21280662631
 20
35196.11063416819
 10
50446.912119419285
 20
35238.55025941547
 10
50488.21280662631
 20
35578.06726139375
 10
50323.0100577982
 20
35535.62763614647
 10
50405.611432212245
 20
35408.30876040461
 10
50405.611432212245
 20
35196.11063416819
 10
50364.31074500523
 20
35153.67100892091
 10
50281.70937059118
 20
35196.11063416819
 10
50281.70937059118
 20
35280.989884662755
 10
50199.10799617712
 20
35365.86913515733
 10
49992.60456014199
 20
35365.86913515733
 10
49951.303872934965
 20
35323.42950991004
 10
45697.33309061121
 20
35323.42950991004
 10
45614.731716197144
 20
35153.67100892091
 10
45532.1303417831
 20
35323.42950991004
 10
44912.6200336777
 20
35323.42950991004
 10
44830.01865926363
 20
35196.11063416819
 10
44788.717972056606
 20
35238.55025941547
 10
44788.717972056606
 20
35450.748385651896
 10
44830.01865926363
 20
35493.18801089918
 10
44788.717972056606
 20
35535.62763614647
 10
44664.81591043552
 20
35535.62763614647
 10
44623.5152232285
 20
35493.18801089918
 10
44706.11659764256
 20
35408.30876040461
 10
44706.11659764256
 20
35196.11063416819
 10
44540.91384881446
 20
34983.91250793177
 10
44540.91384881446
 20
34262.438878727924
 10
44499.61316160742
 20
34219.999253480644
 10
44458.312474400394
 20
34262.438878727924
 10
44458.312474400394
 20
35280.989884662755
 10
44417.01178719337
 20
35323.42950991004
 10
44417.01178719337
 20
35705.3861371356
 10
44458.312474400394
 20
35747.82576238289
 10
44417.01178719337
 20
35790.26538763017
  0
LWPOLYLINE
  5
14F
330
17
100
AcDbEntity
  8
RASTER_CONTOURS
100
AcDbPolyline
 90
2205
 70
1
 10
50942.52036590361
 20
35960.02388861931
 10
44334.41041277931
 20
35917.584263372024
 10
44169.2076639512
 20
35832.70501287746
 10
44045.30560233014
 20
35875.14463812474
 10
41608.56505711556
 20
35875.14463812474
 10
41567.26436990851
 20
35917.584263372024
 10
41525.96368270149
 20
35875.14463812474
 10
41443.36230828745
 20
35917.584263372024
 10
39791.33482000638
 20
35917.584263372024
 10
39750.03413279934
 20
35875.14463812474
 10
39419.628635143126
 20
35875.14463812474
 10
39378.3279479361
 20
35917.584263372024
 10
36528.580530651256
 20
35917.584263372024
 10
36487.27984344422
 20
35875.14463812474
 10
36239.47572020206
 20
35875.14463812474
 10
36198.17503299504
 20
35917.584263372024
 10
35991.6715969599
 20
35917.584263372024
 10
35950.37090975288
 20
35875.14463812474
 10
35909.07022254585
 20
35917.584263372024
 10
35867.769535338826
 20
35875.14463812474
 10
29053.1561461794
 20
35875.14463812474
 10
29011.855458972375
 20
35832.70501287746
 10
21412.52901287944
 20
35832.70501287746
 10
21371.228325672415
 20
35790.26538763017
 10
16580.348609657307
 20
35790.26538763017
 10
16539.047922450278
 20
35747.82576238289
 10
16332.544486415145
 20
35790.26538763017
 10
16208.642424794065
 20
35662.946511888316
 10
16126.041050380012
 20
35747.82576238289
 10
15052.223182997313
 20
35747.82576238289
 10
15010.922495790286
 20
35705.3861371356
 10
14887.020434169206
 20
35705.3861371356
 10
14969.62180858326
 20
35662.946511888316
 10
14763.118372548126
 20
35578.06726139375
 10
14515.314249305966
 20
35578.06726139375
 10
14432.712874891913
 20
35662.946511888316
 10
13895.803941200564
 20
35662.946511888316
 10
13854.503253993538
 20
35705.3861371356
 10
13647.999817958404
 20
35620.50688664103
 10
13441.496381923267
 20
35705.3861371356
 10
13524.097756337322
 20
35747.82576238289
 10
12491.580576161652
 20
35747.82576238289
 10
12450.279888954627
 20
35705.3861371356
 10
11995.972329677332
 20
35705.3861371356
 10
11954.671642470305
 20
35747.82576238289
 10
9641.833158876803
 20
35747.82576238289
 10
9600.532471669778
 20
35705.3861371356
 10
9476.630410048698
 20
35747.82576238289
 10
9187.525599599507
 20
35747.82576238289
 10
9146.224912392481
 20
35705.3861371356
 10
8939.721476357347
 20
35705.3861371356
 10
8898.42078915032
 20
35747.82576238289
 10
8361.511855458972
 20
35747.82576238289
 10
8320.211168251946
 20
35705.3861371356
 10
8113.707732216812
 20
35705.3861371356
 10
8072.407045009785
 20
35747.82576238289
 10
7205.092613662221
 20
35747.82576238289
 10
7163.791926455194
 20
35705.3861371356
 10
6957.28849042006
 20
35705.3861371356
 10
6874.687116006006
 20
35747.82576238289
 10
6833.38642879898
 20
35705.3861371356
 10
6461.680243935739
 20
35705.3861371356
 10
6420.3795567287125
 20
35620.50688664103
 10
5842.169935830338
 20
35620.50688664103
 10
5759.568561416284
 20
35705.3861371356
 10
5635.666499795203
 20
35705.3861371356
 10
5594.365812588176
 20
35578.06726139375
 10
5800.869248623311
 20
35238.55025941547
 10
5924.771310244391
 20
34814.15400694263
 10
6131.274746279525
 20
34559.51625545892
 10
6255.176807900605
 20
34559.51625545892
 10
6296.477495107632
 20
34601.955880706206
 10
6833.38642879898
 20
34601.955880706206
 10
6750.785054384926
 20
34644.395505953486
 10
6915.987803213034
 20
34729.27475644806
 10
7246.3933008692475
 20
34729.27475644806
 10
7370.29536249033
 20
34644.395505953486
 10
9311.427661220587
 20
34644.395505953486
 10
9228.826286806534
 20
34686.83513120077
 10
9270.126974013561
 20
34729.27475644806
 10
10137.441405361125
 20
34729.27475644806
 10
10178.742092568153
 20
34686.83513120077
 10
10054.84003094707
 20
34644.395505953486
 10
11128.657898329768
 20
34644.395505953486
 10
11169.958585536793
 20
34686.83513120077
 10
13482.797069130294
 20
34686.83513120077
 10
13565.398443544349
 20
34771.71438169535
 10
13647.999817958404
 20
34729.27475644806
 10
13937.104628407591
 20
34729.27475644806
 10
13978.405315614618
 20
34686.83513120077
 10
16126.041050380012
 20
34729.27475644806
 10
16332.544486415145
 20
34601.955880706206
 10
16332.544486415145
 20
34474.63700496435
 10
16208.642424794065
 20
34389.757754469785
 10
15010.922495790286
 20
34389.757754469785
 10
16167.341737587038
 20
34389.757754469785
 10
16332.544486415145
 20
34219.999253480644
 10
16373.845173622172
 20
31673.62173864357
 10
16249.943112001092
 20
31503.863237654434
 10
16126.041050380012
 20
31588.742488149004
 10
16002.138988758932
 20
31503.863237654434
 10
15630.432803895688
 20
31503.863237654434
 10
15547.831429481635
 20
31588.742488149004
 10
15547.831429481635
 20
31716.061363890858
 10
15423.929367860554
 20
31800.940614385425
 10
15382.628680653528
 20
31758.50098913814
 10
15341.3279934465
 20
31800.940614385425
 10
15176.125244618393
 20
31800.940614385425
 10
15134.824557411368
 20
31758.50098913814
 10
15010.922495790286
 20
31800.940614385425
 10
14928.321121376233
 20
31716.061363890858
 10
14928.321121376233
 20
31546.302862901717
 10
14763.118372548126
 20
31461.42361240715
 10
14639.216310927046
 20
31503.863237654434
 10
14556.614936512993
 20
31461.42361240715
 10
14432.712874891913
 20
31503.863237654434
 10
14391.412187684886
 20
31461.42361240715
 10
14184.908751649751
 20
31461.42361240715
 10
14143.608064442726
 20
31503.863237654434
 10
14019.706002821646
 20
31461.42361240715
 10
13111.090884267054
 20
31461.42361240715
 10
13069.790197060027
 20
31503.863237654434
 10
12904.58744823192
 20
31461.42361240715
 10
12863.286761024894
 20
31503.863237654434
 10
12698.084012196787
 20
31503.863237654434
 10
12615.482637782732
 20
31588.742488149004
 10
12615.482637782732
 20
31716.061363890858
 10
12574.181950575707
 20
31758.50098913814
 10
12285.07714012652
 20
31758.50098913814
 10
12243.776452919492
 20
31716.061363890858
 10
12078.573704091385
 20
31758.50098913814
 10
11995.972329677332
 20
31631.182113396288
 10
11995.972329677332
 20
31461.42361240715
 10
12037.273016884357
 20
31418.983987159867
 10
11995.972329677332
 20
31164.346235676156
 10
12202.475765712465
 20
31079.46698518159
 10
12285.07714012652
 20
30994.587734687022
 10
12285.07714012652
 20
30442.87260647232
 10
12326.377827333545
 20
30400.432981225036
 10
12326.377827333545
 20
29848.717853010337
 10
12285.07714012652
 20
29721.398977268484
 10
12037.273016884357
 20
29636.519726773917
 10
12037.273016884357
 20
28999.925348064648
 10
12202.475765712465
 20
28957.485722817364
 10
12326.377827333545
 20
28787.727221828223
 10
12285.07714012652
 20
28702.847971333656
 10
12326.377827333545
 20
28660.408346086373
 10
12326.377827333545
 20
27472.0988391624
 10
12285.07714012652
 20
27429.659213915118
 10
12285.07714012652
 20
27005.262961442277
 10
12326.377827333545
 20
26962.82333619499
 10
12326.377827333545
 20
24968.16094957262
 10
12202.475765712465
 20
24840.84207383076
 10
12078.573704091385
 20
24840.84207383076
 10
12037.273016884357
 20
24755.96282333619
 10
12078.573704091385
 20
24713.523198088908
 10
12078.573704091385
 20
24289.126945616066
 10
12119.874391298412
 20
24246.68732036878
 10
12285.07714012652
 20
24246.68732036878
 10
12367.678514540572
 20
23992.049568885075
 10
12367.678514540572
 20
22591.541935724683
 10
12326.377827333545
 20
22549.1023104774
 10
12326.377827333545
 20
21233.473927811578
 10
12367.678514540572
 20
21191.034302564294
 10
12326.377827333545
 20
20936.396551080587
 10
12367.678514540572
 20
20893.956925833303
 10
12367.678514540572
 20
20299.802172371314
 10
12243.776452919492
 20
20172.483296629463
 10
12119.874391298412
 20
20172.483296629463
 10
12078.573704091385
 20
20045.16442088761
 10
12078.573704091385
 20
19620.76816841476
 10
12119.874391298412
 20
19578.32854316748
 10
12243.776452919492
 20
19578.32854316748
 10
12367.678514540572
 20
19451.009667425627
 10
12367.678514540572
 20
18390.019036243513
 10
12408.9792017476
 20
18347.579410996226
 10
12408.9792017476
 20
18008.06240901795
 10
12367.678514540572
 20
17965.622783770665
 10
12408.9792017476
 20
17838.303908028814
 10
12408.9792017476
 20
17498.78690605054
 10
12367.678514540572
 20
17456.347280803253
 10
12367.678514540572
 20
17244.149154566832
 10
12408.9792017476
 20
17201.70952931955
 10
12408.9792017476
 20
15546.564144675453
 10
12326.377827333545
 20
15419.245268933597
 10
12161.17507850544
 20
15376.805643686312
 10
12119.874391298412
 20
15291.926393191741
 10
12119.874391298412
 20
15122.167892202606
 10
12161.17507850544
 20
15079.72826695532
 10
12119.874391298412
 20
15037.288641708035
 10
12119.874391298412
 20
14825.090515471615
 10
12161.17507850544
 20
14782.65089022433
 10
12285.07714012652
 20
14782.65089022433
 10
12408.9792017476
 20
14655.332014482474
 10
12450.279888954627
 20
11260.16199469971
 10
12450.279888954627
 20
11557.239371430702
 10
12491.580576161652
 20
11599.678996677987
 10
12491.580576161652
 20
11811.877122914413
 10
12450.279888954627
 20
11854.316748161693
 10
12450.279888954627
 20
14655.332014482474
 10
12532.88126336868
 20
14740.211264977044
 10
12739.384699403812
 20
14825.090515471615
 10
12739.384699403812
 20
15376.805643686312
 10
12698.084012196787
 20
15419.245268933597
 10
12532.88126336868
 20
15419.245268933597
 10
12450.279888954627
 20
15504.124519428167
 10
12450.279888954627
 20
19493.44929267291
 10
12532.88126336868
 20
19578.32854316748
 10
12698.084012196787
 20
19578.32854316748
 10
12698.084012196787
 20
20172.483296629463
 10
12532.88126336868
 20
20172.483296629463
 10
12450.279888954627
 20
20257.362547124034
 10
12450.279888954627
 20
21191.034302564294
 10
12408.9792017476
 20
21233.473927811578
 10
12408.9792017476
 20
21488.111679295285
 10
12450.279888954627
 20
21530.55130454257
 10
12408.9792017476
 20
21572.990929789856
 10
12408.9792017476
 20
22039.82680750998
 10
12450.279888954627
 20
22082.266432757267
 10
12450.279888954627
 20
22209.58530849912
 10
12408.9792017476
 20
22252.02493374641
 10
12408.9792017476
 20
23482.774065917656
 10
12367.678514540572
 20
23525.213691164943
 10
12367.678514540572
 20
23737.411817401364
 10
12408.9792017476
 20
23779.851442648647
 10
12408.9792017476
 20
24161.80806987421
 10
12491.580576161652
 20
24246.68732036878
 10
12615.482637782732
 20
24246.68732036878
 10
12656.78332498976
 20
24289.126945616066
 10
12656.78332498976
 20
24840.84207383076
 10
12491.580576161652
 20
24883.28169907805
 10
12408.9792017476
 20
24968.16094957262
 10
12408.9792017476
 20
25137.919450561752
 10
12367.678514540572
 20
25180.35907580904
 10
12408.9792017476
 20
25265.23832630361
 10
12367.678514540572
 20
25307.677951550893
 10
12367.678514540572
 20
28533.089470344516
 10
12326.377827333545
 20
28575.529095591803
 10
12367.678514540572
 20
28745.28759658094
 10
12326.377827333545
 20
28830.166847075507
 10
12408.9792017476
 20
28957.485722817364
 10
12532.88126336868
 20
28957.485722817364
 10
12615.482637782732
 20
28999.925348064648
 10
12656.78332498976
 20
29084.804598559214
 10
12615.482637782732
 20
29127.244223806498
 10
12615.482637782732
 20
29636.519726773917
 10
12408.9792017476
 20
29678.9593520212
 10
12326.377827333545
 20
29848.717853010337
 10
12326.377827333545
 20
30400.432981225036
 10
12367.678514540572
 20
30442.87260647232
 10
12326.377827333545
 20
30570.191482214173
 10
12326.377827333545
 20
30909.70848419245
 10
12408.9792017476
 20
31079.46698518159
 10
12615.482637782732
 20
31164.346235676156
 10
12615.482637782732
 20
31291.665111418013
 10
12698.084012196787
 20
31376.54436191258
 10
12821.986073817867
 20
31376.54436191258
 10
12863.286761024894
 20
31418.983987159867
 10
14845.71974696218
 20
31418.983987159867
 10
14928.321121376233
 20
31334.104736665297
 10
14928.321121376233
 20
31249.225486170726
 10
15010.922495790286
 20
31121.906610428872
 10
15134.824557411368
 20
31164.346235676156
 10
15506.530742274608
 20
31121.906610428872
 10
15547.831429481635
 20
31164.346235676156
 10
15547.831429481635
 20
31334.104736665297
 10
15671.733491102716
 20
31418.983987159867
 10
16043.439675965958
 20
31418.983987159867
 10
16084.740363172985
 20
31376.54436191258
 10
16291.24379920812
 20
31418.983987159867
 10
16373.845173622172
 20
31291.665111418013
 10
16373.845173622172
 20
29084.804598559214
 10
16415.145860829198
 20
29042.364973311935
 10
16539.047922450278
 20
29084.804598559214
 10
16910.75410731352
 20
29042.364973311935
 10
17075.956856141627
 20
28872.606472322794
 10
17075.956856141627
 20
28787.727221828223
 10
17117.257543348653
 20
28787.727221828223
 10
17158.55823055568
 20
28915.046097570077
 10
17158.55823055568
 20
29254.563099548355
 10
17117.257543348653
 20
29297.00272479564
 10
17117.257543348653
 20
29678.9593520212
 10
17075.956856141627
 20
29721.398977268484
 10
17075.956856141627
 20
30188.234854988612
 10
17158.55823055568
 20
30273.114105483182
 10
17117.257543348653
 20
30357.993355977753
 10
17117.257543348653
 20
30485.312231719603
 10
17158.55823055568
 20
30527.75185696689
 10
17117.257543348653
 20
30739.949983203314
 10
17199.858917762707
 20
30824.82923369788
 10
17117.257543348653
 20
30909.70848419245
 10
17117.257543348653
 20
30994.587734687022
 10
17158.55823055568
 20
31037.027359934305
 10
17282.460292176762
 20
31037.027359934305
 10
17199.858917762707
 20
31037.027359934305
 10
17075.956856141627
 20
31164.346235676156
 10
17158.55823055568
 20
31291.665111418013
 10
17075.956856141627
 20
31418.983987159867
 10
17075.956856141627
 20
32055.578365869133
 10
17158.55823055568
 20
32182.897241610986
 10
17819.369225868108
 20
32182.897241610986
 10
17860.669913075137
 20
32140.457616363703
 10
17984.571974696217
 20
32140.457616363703
 10
18025.872661903242
 20
32182.897241610986
 10
18108.474036317297
 20
32140.457616363703
 10
18232.376097938377
 20
32182.897241610986
 10
18356.278159559457
 20
32140.457616363703
 10
18480.180221180537
 20
32182.897241610986
 10
19140.99121649297
 20
32182.897241610986
 10
19223.592590907025
 20
32098.01799111642
 10
19223.592590907025
 20
31376.54436191258
 10
19182.291903699996
 20
31334.104736665297
 10
19223.592590907025
 20
31121.906610428872
 10
19182.291903699996
 20
31037.027359934305
 10
19264.89327811405
 20
30952.148109439735
 10
19512.69740135621
 20
30952.148109439735
 10
19471.396714149185
 20
31079.46698518159
 10
19471.396714149185
 20
33328.76712328767
 10
19223.592590907025
 20
33328.76712328767
 10
19140.99121649297
 20
33286.32749804038
 10
19223.592590907025
 20
33116.56899705125
 10
19223.592590907025
 20
32522.41424358926
 10
19140.99121649297
 20
32437.534993094694
 10
16704.250671278387
 20
32437.534993094694
 10
16621.649296864332
 20
32522.41424358926
 10
16621.649296864332
 20
34814.15400694263
 10
16786.85204569244
 20
34899.03325743719
 10
16910.75410731352
 20
34899.03325743719
 10
16952.054794520547
 20
34856.59363218991
 10
16993.355481727573
 20
34899.03325743719
 10
17241.159604969733
 20
34899.03325743719
 10
17365.061666590813
 20
35068.791758426334
 10
17447.663041004867
 20
35026.35213317905
 10
17488.963728211893
 20
35068.791758426334
 10
18149.774723524322
 20
35068.791758426334
 10
17488.963728211893
 20
35068.791758426334
 10
17447.663041004867
 20
35111.23138367362
 10
17488.963728211893
 20
35153.67100892091
 10
18480.180221180537
 20
35153.67100892091
 10
18521.480908387563
 20
35111.23138367362
 10
18480.180221180537
 20
35068.791758426334
 10
18314.97747235243
 20
35068.791758426334
 10
18893.187093250803
 20
35068.791758426334
 10
18686.68365721567
 20
35068.791758426334
 10
18645.382970008643
 20
35111.23138367362
 10
18686.68365721567
 20
35153.67100892091
 10
19099.69052928594
 20
35153.67100892091
 10
19223.592590907025
 20
34941.47288268448
 10
19223.592590907025
 20
34559.51625545892
 10
19264.89327811405
 20
34517.07663021163
 10
19140.99121649297
 20
34347.3181292225
 10
19140.99121649297
 20
34219.999253480644
 10
19430.096026942156
 20
34219.999253480644
 10
19471.396714149185
 20
34262.438878727924
 10
19471.396714149185
 20
34474.63700496435
 10
19553.998088563236
 20
34559.51625545892
 10
21701.63382332863
 20
34559.51625545892
 10
21784.23519774268
 20
34474.63700496435
 10
21784.23519774268
 20
34304.87850397521
 10
21866.836572156735
 20
34219.999253480644
 10
21990.738633777815
 20
34219.999253480644
 10
22073.34000819187
 20
34262.438878727924
 10
22114.640695398895
 20
34347.3181292225
 10
22197.24206981295
 20
34304.87850397521
 10
22155.941382605924
 20
33880.48225150237
 10
22032.03932098484
 20
33795.6030010078
 10
22238.542757019975
 20
33668.28412526594
 10
22321.14413143403
 20
33838.04262625508
 10
22197.24206981295
 20
34007.80112724422
 10
22238.542757019975
 20
34092.68037773879
 10
22197.24206981295
 20
34135.12000298608
 10
22197.24206981295
 20
34262.438878727924
 10
22279.843444227005
 20
34347.3181292225
 10
22073.34000819187
 20
34347.3181292225
 10
22032.03932098484
 20
34389.757754469785
 10
22032.03932098484
 20
34941.47288268448
 10
22114.640695398895
 20
35026.35213317905
 10
23849.269558094024
 20
35026.35213317905
 10
23931.870932508078
 20
34941.47288268448
 10
23931.870932508078
 20
32861.93124556754
 10
23807.968870886998
 20
32777.05199507297
 10
22445.04619305511
 20
32777.05199507297
 10
22403.745505848085
 20
32819.49162032026
 10
22362.444818641055
 20
32777.05199507297
 10
22197.24206981295
 20
32777.05199507297
 10
22032.03932098484
 20
32904.370870814826
 10
22073.34000819187
 20
32946.810496062106
 10
22032.03932098484
 20
33074.12937180396
 10
22073.34000819187
 20
33116.56899705125
 10
22073.34000819187
 20
33328.76712328767
 10
21825.53588494971
 20
33371.206748534954
 10
21784.23519774268
 20
33286.32749804038
 10
21784.23519774268
 20
32395.09536784741
 10
21825.53588494971
 20
32352.655742600124
 10
21825.53588494971
 20
31461.42361240715
 10
21784.23519774268
 20
31376.54436191258
 10
21825.53588494971
 20
31334.104736665297
 10
21825.53588494971
 20
31079.46698518159
 10
22073.34000819187
 20
31079.46698518159
 10
22114.640695398895
 20
31121.906610428872
 10
22032.03932098484
 20
31291.665111418013
 10
22073.34000819187
 20
31334.104736665297
 10
22073.34000819187
 20
31461.42361240715
 10
22197.24206981295
 20
31546.302862901717
 10
22279.843444227005
 20
31503.863237654434
 10
24138.374368543213
 20
31503.863237654434
 10
24179.67505575024
 20
31546.302862901717
 10
24179.67505575024
 20
32777.05199507297
 10
24303.57711737132
 20
32904.370870814826
 10
24510.080553406453
 20
32904.370870814826
 10
24551.38124061348
 20
32861.93124556754
 10
25955.60460565239
 20
32904.370870814826
 10
26038.205980066443
 20
32861.93124556754
 10
26120.807354480497
 20
32734.612369825685
 10
26120.807354480497
 20
31928.25949012728
 10
26162.108041687523
 20
31885.819864879995
 10
26368.611477722658
 20
31885.819864879995
 10
26451.21285213671
 20
32055.578365869133
 10
26409.912164929683
 20
32098.01799111642
 10
26409.912164929683
 20
32989.25012130939
 10
26368.611477722658
 20
33031.68974655668
 10
26409.912164929683
 20
33116.56899705125
 10
26327.31079051563
 20
33286.32749804038
 10
26327.31079051563
 20
34814.15400694263
 10
26368.611477722658
 20
34856.59363218991
 10
26575.11491375779
 20
34856.59363218991
 10
26657.716288171843
 20
34899.03325743719
 10
26657.716288171843
 20
34983.91250793177
 10
26740.317662585898
 20
35068.791758426334
 10
28185.84171483184
 20
35068.791758426334
 10
28227.142402038866
 20
35026.35213317905
 10
28309.74377645292
 20
35068.791758426334
 10
28433.645838074
 20
35068.791758426334
 10
28474.946525281026
 20
35026.35213317905
 10
28722.750648523186
 20
35068.791758426334
 10
28805.35202293724
 20
34983.91250793177
 10
28887.95339735129
 20
35068.791758426334
 10
29011.855458972375
 20
35068.791758426334
 10
29053.1561461794
 20
35026.35213317905
 10
29135.757520593455
 20
35068.791758426334
 10
29342.260956628586
 20
35068.791758426334
 10
29383.561643835616
 20
35026.35213317905
 10
29424.86233104264
 20
35068.791758426334
 10
29879.169890319936
 20
35068.791758426334
 10
29920.47057752696
 20
35026.35213317905
 10
30168.27470076912
 20
35068.791758426334
 10
30250.876075183176
 20
35026.35213317905
 10
30374.778136804256
 20
35111.23138367362
 10
30539.980885632365
 20
35026.35213317905
 10
30581.28157283939
 20
35068.791758426334
 10
30870.386383288576
 20
35068.791758426334
 10
30911.687070495605
 20
35111.23138367362
 10
32894.12005643289
 20
35111.23138367362
 10
32976.72143084695
 20
35026.35213317905
 10
32976.72143084695
 20
34007.80112724422
 10
33018.022118053974
 20
33965.36150199694
 10
32976.72143084695
 20
33922.92187674965
 10
32976.72143084695
 20
32777.05199507297
 10
33018.022118053974
 20
32734.612369825685
 10
32976.72143084695
 20
32692.1727445784
 10
33018.022118053974
 20
32649.733119331115
 10
33018.022118053974
 20
32310.21611735284
 10
32852.819369225865
 20
32182.897241610986
 10
30911.687070495605
 20
32182.897241610986
 10
30829.08569608155
 20
32267.776492105557
 10
30746.484321667496
 20
32182.897241610986
 10
30622.582260046416
 20
32182.897241610986
 10
30539.980885632365
 20
32267.776492105557
 10
30539.980885632365
 20
32437.534993094694
 10
30498.680198425336
 20
32225.33686685827
 10
30457.37951121831
 20
32182.897241610986
 10
30333.47744959723
 20
32182.897241610986
 10
30250.876075183176
 20
32267.776492105557
 10
30250.876075183176
 20
32777.05199507297
 10
30292.1767623902
 20
32819.49162032026
 10
30250.876075183176
 20
33116.56899705125
 10
30250.876075183176
 20
32989.25012130939
 10
30168.27470076912
 20
32861.93124556754
 10
30250.876075183176
 20
32734.612369825685
 10
30250.876075183176
 20
32310.21611735284
 10
30168.27470076912
 20
32182.897241610986
 10
30044.37263914804
 20
32182.897241610986
 10
30003.071951941016
 20
32225.33686685827
 10
29755.267828698856
 20
32182.897241610986
 10
29672.6664542848
 20
32267.776492105557
 10
29590.065079870747
 20
32182.897241610986
 10
29466.163018249666
 20
32182.897241610986
 10
29424.86233104264
 20
32225.33686685827
 10
29259.659582214535
 20
32182.897241610986
 10
29094.456833386426
 20
32267.776492105557
 10
29053.1561461794
 20
32182.897241610986
 10
28846.652710144266
 20
32182.897241610986
 10
28805.35202293724
 20
32225.33686685827
 10
28764.05133573021
 20
32182.897241610986
 10
27401.12865789833
 20
32140.457616363703
 10
27401.12865789833
 20
31928.25949012728
 10
27442.429345105356
 20
31885.819864879995
 10
27690.233468347516
 20
31885.819864879995
 10
27731.534155554546
 20
31843.38023963271
 10
27731.534155554546
 20
31164.346235676156
 10
27690.233468347516
 20
31121.906610428872
 10
27731.534155554546
 20
31079.46698518159
 10
27979.338278796706
 20
31079.46698518159
 10
28020.63896600373
 20
31121.906610428872
 10
28020.63896600373
 20
31800.940614385425
 10
28103.240340417786
 20
31885.819864879995
 10
29177.05820780048
 20
31885.819864879995
 10
29218.358895007506
 20
31928.25949012728
 10
29342.260956628586
 20
31885.819864879995
 10
29466.163018249666
 20
31928.25949012728
 10
29672.6664542848
 20
31928.25949012728
 10
29713.96714149183
 20
31885.819864879995
 10
29796.56851590588
 20
31928.25949012728
 10
32935.42074363992
 20
31928.25949012728
 10
33018.022118053974
 20
31843.38023963271
 10
33018.022118053974
 20
31673.62173864357
 10
33059.322805261
 20
31631.182113396288
 10
33018.022118053974
 20
31546.302862901717
 10
33059.322805261
 20
31503.863237654434
 10
33183.22486688208
 20
31503.863237654434
 10
33224.52555408911
 20
31461.42361240715
 10
33389.72830291722
 20
31503.863237654434
 10
33389.72830291722
 20
31800.940614385425
 10
33348.427615710185
 20
31843.38023963271
 10
33389.72830291722
 20
32522.41424358926
 10
33265.826241296134
 20
32692.1727445784
 10
33265.826241296134
 20
34050.2407524915
 10
33348.427615710185
 20
34177.559628233364
 10
33637.53242615938
 20
34177.559628233364
 10
33678.8331133664
 20
34262.438878727924
 10
33307.12692850316
 20
34262.438878727924
 10
33265.826241296134
 20
34304.87850397521
 10
33265.826241296134
 20
34814.15400694263
 10
33307.12692850316
 20
34899.03325743719
 10
33431.02899012424
 20
34983.91250793177
 10
33431.02899012424
 20
35111.23138367362
 10
33554.93105174532
 20
35238.55025941547
 10
35289.55991444045
 20
35238.55025941547
 10
35413.461976061524
 20
35153.67100892091
 10
35413.461976061524
 20
34304.87850397521
 10
35372.1612888545
 20
34262.438878727924
 10
35000.455103991255
 20
34262.438878727924
 10
34959.15441678423
 20
34219.999253480644
 10
34835.25235516315
 20
34262.438878727924
 10
34298.3434214718
 20
34262.438878727924
 10
34339.64410867883
 20
34177.559628233364
 10
35206.95854002639
 20
34177.559628233364
 10
35330.86060164747
 20
34050.2407524915
 10
35330.86060164747
 20
33965.36150199694
 10
35248.259227233415
 20
33880.48225150237
 10
35083.05647840531
 20
33880.48225150237
 10
35083.05647840531
 20
33838.04262625508
 10
35206.95854002639
 20
33880.48225150237
 10
35330.86060164747
 20
33753.163375760516
 10
35330.86060164747
 20
33456.08599902952
 10
35248.259227233415
 20
33371.206748534954
 10
35165.657852819364
 20
33371.206748534954
 10
35330.86060164747
 20
33243.8878727931
 10
35330.86060164747
 20
33159.00862229853
 10
35248.259227233415
 20
33074.12937180396
 10
35083.05647840531
 20
33074.12937180396
 10
35041.75579119829
 20
33031.68974655668
 10
35000.455103991255
 20
33074.12937180396
 10
34917.853729577204
 20
33031.68974655668
 10
34835.25235516315
 20
33074.12937180396
 10
34752.650980749095
 20
33031.68974655668
 10
34793.95166795613
 20
32946.810496062106
 10
35248.259227233415
 20
32946.810496062106
 10
35289.55991444045
 20
32904.370870814826
 10
35248.259227233415
 20
32777.05199507297
 10
35124.35716561234
 20
32777.05199507297
 10
35206.95854002639
 20
32777.05199507297
 10
35330.86060164747
 20
32692.1727445784
 10
35330.86060164747
 20
32267.776492105557
 10
35248.259227233415
 20
32182.897241610986
 10
35330.86060164747
 20
32098.01799111642
 10
35330.86060164747
 20
31800.940614385425
 10
35206.95854002639
 20
31716.061363890858
 10
34298.3434214718
 20
31716.061363890858
 10
34174.44135985072
 20
31758.50098913814
 10
34174.44135985072
 20
31503.863237654434
 10
35785.16816092477
 20
31503.863237654434
 10
35785.16816092477
 20
31758.50098913814
 10
35743.86747371774
 20
31800.940614385425
 10
35785.16816092477
 20
31928.25949012728
 10
35743.86747371774
 20
32055.578365869133
 10
35743.86747371774
 20
32437.534993094694
 10
35785.16816092477
 20
32564.853868836548
 10
35661.266099303684
 20
32649.733119331115
 10
35661.266099303684
 20
32734.612369825685
 10
35826.4688481318
 20
32904.370870814826
 10
35826.4688481318
 20
33456.08599902952
 10
35867.769535338826
 20
33498.52562427681
 10
36569.88121785828
 20
33498.52562427681
 10
36611.18190506531
 20
33456.08599902952
 10
36611.18190506531
 20
33328.76712328767
 10
36652.48259227233
 20
33286.32749804038
 10
36611.18190506531
 20
32522.41424358926
 10
36569.88121785828
 20
32479.974618341977
 10
36611.18190506531
 20
32437.534993094694
 10
36611.18190506531
 20
32140.457616363703
 10
36528.580530651256
 20
32055.578365869133
 10
36569.88121785828
 20
31546.302862901717
 10
36611.18190506531
 20
31503.863237654434
 10
43467.095981431754
 20
31503.863237654434
 10
43508.39666863877
 20
31546.302862901717
 10
43549.69735584581
 20
32098.01799111642
 10
43467.095981431754
 20
32140.457616363703
 10
43467.095981431754
 20
32819.49162032026
 10
43425.79529422473
 20
32861.93124556754
 10
43425.79529422473
 20
33371.206748534954
 10
43384.49460701771
 20
33413.64637378224
 10
43508.39666863877
 20
33540.96524952409
 10
44045.30560233014
 20
33540.96524952409
 10
44210.50835115824
 20
33456.08599902952
 10
44251.80903836527
 20
32819.49162032026
 10
44375.71109998635
 20
32734.612369825685
 10
44375.71109998635
 20
32649.733119331115
 10
44251.80903836527
 20
32564.853868836548
 10
44086.60628953716
 20
32564.853868836548
 10
44210.50835115824
 20
32564.853868836548
 10
44293.109725572285
 20
32437.534993094694
 10
44293.109725572285
 20
31716.061363890858
 10
44251.80903836527
 20
31673.62173864357
 10
44293.109725572285
 20
31503.863237654434
 10
45821.23515223227
 20
31503.863237654434
 10
45862.53583943931
 20
31546.302862901717
 10
45821.23515223227
 20
32395.09536784741
 10
45903.83652664634
 20
32479.974618341977
 10
45986.43790106038
 20
32479.974618341977
 10
45903.83652664634
 20
32479.974618341977
 10
45821.23515223227
 20
32607.29349408383
 10
45862.53583943931
 20
32649.733119331115
 10
46399.44477313066
 20
32649.733119331115
 10
46440.745460337675
 20
32692.1727445784
 10
46399.44477313066
 20
32734.612369825685
 10
45945.137213853355
 20
32734.612369825685
 10
45862.53583943931
 20
32819.49162032026
 10
45862.53583943931
 20
32861.93124556754
 10
45986.43790106038
 20
32946.810496062106
 10
46151.64064988849
 20
32946.810496062106
 10
45945.137213853355
 20
32946.810496062106
 10
45862.53583943931
 20
33031.68974655668
 10
45862.53583943931
 20
33201.44824754581
 10
45821.23515223227
 20
33243.8878727931
 10
45862.53583943931
 20
33328.76712328767
 10
45821.23515223227
 20
33371.206748534954
 10
45945.137213853355
 20
33540.96524952409
 10
45738.63377781823
 20
33880.48225150237
 10
45738.63377781823
 20
34135.12000298608
 10
45821.23515223227
 20
34219.999253480644
 10
46482.04614754472
 20
34219.999253480644
 10
46523.34683475174
 20
34262.438878727924
 10
46482.04614754472
 20
34304.87850397521
 10
46358.14408592363
 20
34262.438878727924
 10
45862.53583943931
 20
34262.438878727924
 10
45738.63377781823
 20
34347.3181292225
 10
45738.63377781823
 20
35196.11063416819
 10
45862.53583943931
 20
35280.989884662755
 10
47101.556455650105
 20
35280.989884662755
 10
47225.45851727119
 20
35111.23138367362
 10
47225.45851727119
 20
34941.47288268448
 10
47060.25576844309
 20
34856.59363218991
 10
47101.556455650105
 20
34814.15400694263
 10
47101.556455650105
 20
34389.757754469785
 10
47142.857142857145
 20
34347.3181292225
 10
47142.857142857145
 20
34219.999253480644
 10
47225.45851727119
 20
34135.12000298608
 10
47225.45851727119
 20
31885.819864879995
 10
47101.556455650105
 20
31758.50098913814
 10
46688.54958357985
 20
31758.50098913814
 10
46523.34683475174
 20
31885.819864879995
 10
46523.34683475174
 20
31970.699115374562
 10
46523.34683475174
 20
31546.302862901717
 10
46564.64752195877
 20
31503.863237654434
 10
47390.6612660993
 20
31503.863237654434
 10
47431.96195330632
 20
31418.983987159867
 10
47473.26264051336
 20
31461.42361240715
 10
47473.26264051336
 20
31758.50098913814
 10
47431.96195330632
 20
31800.940614385425
 10
47431.96195330632
 20
35196.11063416819
 10
47555.86401492741
 20
35280.989884662755
 10
50116.506621763074
 20
35280.989884662755
 10
50199.10799617712
 20
35196.11063416819
 10
50199.10799617712
 20
31885.819864879995
 10
50116.506621763074
 20
31800.940614385425
 10
49910.003185727925
 20
31800.940614385425
 10
49868.70249852091
 20
31758.50098913814
 10
48464.479133482004
 20
31758.50098913814
 10
48423.178446274964
 20
31716.061363890858
 10
48423.178446274964
 20
31461.42361240715
 10
48381.87775906794
 20
31376.54436191258
 10
48423.178446274964
 20
31334.104736665297
 10
48464.479133482004
 20
31461.42361240715
 10
48588.38119510307
 20
31376.54436191258
 10
48547.08050789605
 20
31334.104736665297
 10
48588.38119510307
 20
31079.46698518159
 10
48547.08050789605
 20
31037.027359934305
 10
48588.38119510307
 20
30952.148109439735
 10
48588.38119510307
 20
30655.070732708744
 10
48712.28325672416
 20
30655.070732708744
 10
48836.18531834524
 20
30909.70848419245
 10
48753.583943931175
 20
31037.027359934305
 10
48794.884631138215
 20
31079.46698518159
 10
48753.583943931175
 20
31121.906610428872
 10
48753.583943931175
 20
31291.665111418013
 10
48836.18531834524
 20
31461.42361240715
 10
48918.786692759284
 20
31418.983987159867
 10
48918.786692759284
 20
30909.70848419245
 10
49249.192190415495
 20
30909.70848419245
 10
49207.89150320848
 20
31037.027359934305
 10
49249.192190415495
 20
31121.906610428872
 10
49249.192190415495
 20
31334.104736665297
 10
49207.89150320848
 20
31418.983987159867
 10
49331.79356482956
 20
31503.863237654434
 10
49455.695626450644
 20
31461.42361240715
 10
49868.70249852091
 20
31461.42361240715
 10
49910.003185727925
 20
31418.983987159867
 10
49868.70249852091
 20
31037.027359934305
 10
49827.40181131388
 20
30994.587734687022
 10
49538.29700086469
 20
30994.587734687022
 10
49496.99631365767
 20
31037.027359934305
 10
49496.99631365767
 20
31206.785860923443
 10
49579.59768807171
 20
31334.104736665297
 10
49496.99631365767
 20
31334.104736665297
 10
49455.695626450644
 20
31291.665111418013
 10
49455.695626450644
 20
30952.148109439735
 10
49414.394939243604
 20
30909.70848419245
 10
49455.695626450644
 20
30867.268858945165
 10
49496.99631365767
 20
30909.70848419245
 10
49579.59768807171
 20
30867.268858945165
 10
49910.003185727925
 20
30867.268858945165
 10
50033.90524734901
 20
30782.389608450598
 10
50570.814181040354
 20
30782.389608450598
 10
50653.41555545442
 20
30697.510357956027
 10
50653.41555545442
 20
29891.15747825762
 10
50405.611432212245
 20
29806.27822776305
 10
48836.18531834524
 20
29806.27822776305
 10
48712.28325672416
 20
29891.15747825762
 10
48629.68188231011
 20
29891.15747825762
 10
48505.77982068903
 20
29806.27822776305
 10
47349.36057889228
 20
29806.27822776305
 10
47225.45851727119
 20
29891.15747825762
 10
47225.45851727119
 20
29976.03672875219
 10
47225.45851727119
 20
29848.717853010337
 10
47184.15783006417
 20
29806.27822776305
 10
47184.15783006417
 20
29636.519726773917
 10
47225.45851727119
 20
29594.08010152663
 10
47225.45851727119
 20
28702.847971333656
 10
47184.15783006417
 20
28660.408346086373
 10
47308.059891685254
 20
28490.649845097232
 10
47349.36057889228
 20
28533.089470344516
 10
47349.36057889228
 20
29509.20085103206
 10
47431.96195330632
 20
29594.08010152663
 10
50529.513493833336
 20
29594.08010152663
 10
50612.114868247394
 20
29466.761225784776
 10
50612.114868247394
 20
28999.925348064648
 10
50570.814181040354
 20
28957.485722817364
 10
50612.114868247394
 20
28787.727221828223
 10
50529.513493833336
 20
28702.847971333656
 10
49951.303872934965
 20
28702.847971333656
 10
49910.003185727925
 20
28660.408346086373
 10
49910.003185727925
 20
28490.649845097232
 10
50157.8073089701
 20
28575.529095591803
 10
50199.10799617712
 20
28533.089470344516
 10
50529.513493833336
 20
28575.529095591803
 10
50653.41555545442
 20
28490.649845097232
 10
50653.41555545442
 20
28236.012093613524
 10
50570.814181040354
 20
28151.132843118954
 10
50033.90524734901
 20
28151.132843118954
 10
49992.60456014199
 20
28108.69321787167
 10
49951.303872934965
 20
28151.132843118954
 10
49910.003185727925
 20
28108.69321787167
 10
49910.003185727925
 20
27259.90071292598
 10
50033.90524734901
 20
27132.581837184127
 10
50446.912119419285
 20
27132.581837184127
 10
50529.513493833336
 20
27047.70258668956
 10
50529.513493833336
 20
26283.789332238437
 10
50570.814181040354
 20
26326.228957485724
 10
50529.513493833336
 20
26580.866708969428
 10
50570.814181040354
 20
26623.306334216715
 10
50570.814181040354
 20
27047.70258668956
 10
50612.114868247394
 20
27090.14221193684
 10
50694.71624266144
 20
26920.383710947706
 10
50694.71624266144
 20
24755.96282333619
 10
50653.41555545442
 20
24713.523198088908
 10
50570.814181040354
 20
24755.96282333619
 10
50529.513493833336
 20
24671.083572841628
 10
50570.814181040354
 20
24586.204322347057
 10
50612.114868247394
 20
24628.64394759434
 10
50694.71624266144
 20
24543.76469709977
 10
50694.71624266144
 20
23907.170318390505
 10
50736.01692986848
 20
23864.730693143218
 10
50736.01692986848
 20
23567.653316412227
 10
50694.71624266144
 20
23525.213691164943
 10
50694.71624266144
 20
23313.015564928523
 10
50736.01692986848
 20
23270.575939681235
 10
50736.01692986848
 20
22973.498562950244
 10
50694.71624266144
 20
22931.05893770296
 10
50736.01692986848
 20
22846.17968720839
 10
50736.01692986848
 20
22591.541935724683
 10
50694.71624266144
 20
22549.1023104774
 10
50736.01692986848
 20
22124.70605800455
 10
50653.41555545442
 20
21997.387182262697
 10
50570.814181040354
 20
22039.82680750998
 10
50570.814181040354
 20
21912.50793176813
 10
50612.114868247394
 20
21870.068306520847
 10
50653.41555545442
 20
21912.50793176813
 10
50736.01692986848
 20
21785.189056026276
 10
50736.01692986848
 20
21148.594677317007
 10
50694.71624266144
 20
21106.155052069724
 10
50694.71624266144
 20
20978.836176327866
 10
50736.01692986848
 20
20936.396551080587
 10
50736.01692986848
 20
20002.724795640323
 10
50694.71624266144
 20
19960.28517039304
 10
50736.01692986848
 20
19366.130416931057
 10
50653.41555545442
 20
19281.251166436487
 10
50612.114868247394
 20
19323.69079168377
 10
50612.114868247394
 20
20002.724795640323
 10
50570.814181040354
 20
19960.28517039304
 10
50570.814181040354
 20
19790.526669403902
 10
50612.114868247394
 20
19748.08704415662
 10
50570.814181040354
 20
19620.76816841476
 10
50570.814181040354
 20
19408.57004217834
 10
50612.114868247394
 20
19366.130416931057
 10
50570.814181040354
 20
19281.251166436487
 10
50612.114868247394
 20
19153.932290694636
 10
50570.814181040354
 20
19069.053040200066
 10
50612.114868247394
 20
18390.019036243513
 10
50612.114868247394
 20
19196.37191594192
 10
50653.41555545442
 20
19238.811541189207
 10
50736.01692986848
 20
19111.49266544735
 10
50736.01692986848
 20
18135.381284759806
 10
50653.41555545442
 20
18050.502034265235
 10
50612.114868247394
 20
18092.941659512522
 10
50612.114868247394
 20
18220.260535254376
 10
50612.114868247394
 20
18135.381284759806
 10
50446.912119419285
 20
18008.06240901795
 10
33885.33654940154
 20
17965.622783770665
 10
33678.8331133664
 20
18092.941659512522
 10
33513.630364538294
 20
18008.06240901795
 10
33348.427615710185
 20
18050.502034265235
 10
33307.12692850316
 20
18008.06240901795
 10
32852.819369225865
 20
18008.06240901795
 10
32811.51868201884
 20
17965.622783770665
 10
31613.798753015064
 20
17965.622783770665
 10
31572.49806580803
 20
18008.06240901795
 10
31613.798753015064
 20
18135.381284759806
 10
31861.602876257224
 20
18135.381284759806
 10
31613.798753015064
 20
18135.381284759806
 10
31489.89669139398
 20
18262.700160501656
 10
31489.89669139398
 20
18432.458661490797
 10
31572.49806580803
 20
18729.536038221788
 10
31407.295316979926
 20
19026.61341495278
 10
31407.295316979926
 20
21785.189056026276
 10
31572.49806580803
 20
21870.068306520847
 10
31613.798753015064
 20
21827.62868127356
 10
31737.700814636144
 20
21870.068306520847
 10
32522.413871569654
 20
21870.068306520847
 10
32563.71455877668
 20
21827.62868127356
 10
33141.92417967506
 20
21827.62868127356
 10
33183.22486688208
 20
21870.068306520847
 10
33348.427615710185
 20
21870.068306520847
 10
33389.72830291722
 20
21827.62868127356
 10
33513.630364538294
 20
21827.62868127356
 10
33596.231738952345
 20
21742.74943077899
 10
33637.53242615938
 20
19323.69079168377
 10
33554.93105174532
 20
19238.811541189207
 10
32894.12005643289
 20
19238.811541189207
 10
32811.51868201884
 20
19196.37191594192
 10
32852.819369225865
 20
19153.932290694636
 10
33554.93105174532
 20
19153.932290694636
 10
33596.231738952345
 20
19111.49266544735
 10
33596.231738952345
 20
18941.73416445821
 10
33554.93105174532
 20
18899.29453921093
 10
33596.231738952345
 20
18856.854913963645
 10
33761.434487780454
 20
18856.854913963645
 10
33802.73517498748
 20
18899.29453921093
 10
33802.73517498748
 20
22082.266432757267
 10
33761.434487780454
 20
22167.145683251838
 10
33596.231738952345
 20
22167.145683251838
 10
33554.93105174532
 20
22124.70605800455
 10
32935.42074363992
 20
22124.70605800455
 10
32852.819369225865
 20
22209.58530849912
 10
32770.217994811814
 20
22039.82680750998
 10
31613.798753015064
 20
22039.82680750998
 10
31531.197378601006
 20
22124.70605800455
 10
31613.798753015064
 20
22209.58530849912
 10
31820.3021890502
 20
22209.58530849912
 10
31613.798753015064
 20
22209.58530849912
 10
31489.89669139398
 20
22421.783434735542
 10
31531.197378601006
 20
22464.22305998283
 10
31489.89669139398
 20
22506.662685230112
 10
31531.197378601006
 20
22549.1023104774
 10
31531.197378601006
 20
22888.619312455674
 10
31407.295316979926
 20
23058.37781344481
 10
31407.295316979926
 20
25180.35907580904
 10
31365.9946297729
 20
25265.23832630361
 10
31407.295316979926
 20
25307.677951550893
 10
31407.295316979926
 20
25859.393079765592
 10
31448.59600418695
 20
25901.832705012876
 10
33513.630364538294
 20
25901.832705012876
 10
33596.231738952345
 20
25732.074204023735
 10
33596.231738952345
 20
23270.575939681235
 10
33513.630364538294
 20
23185.696689186665
 10
32811.51868201884
 20
23143.25706393938
 10
32811.51868201884
 20
23100.817438692095
 10
33513.630364538294
 20
23058.37781344481
 10
33596.231738952345
 20
22931.05893770296
 10
33720.13380057343
 20
22931.05893770296
 10
33802.73517498748
 20
23100.817438692095
 10
33761.434487780454
 20
23185.696689186665
 10
33802.73517498748
 20
23270.575939681235
 10
33761.434487780454
 20
23313.015564928523
 10
33761.434487780454
 20
26538.427083722145
 10
33018.022118053974
 20
26538.427083722145
 10
32935.42074363992
 20
26623.306334216715
 10
32935.42074363992
 20
28533.089470344516
 10
32976.72143084695
 20
28575.529095591803
 10
33307.12692850316
 20
28575.529095591803
 10
33348.427615710185
 20
28617.968720839086
 10
33431.02899012424
 20
28575.529095591803
 10
33554.93105174532
 20
28617.968720839086
 10
33802.73517498748
 20
28533.089470344516
 10
33802.73517498748
 20
29763.838602515767
 10
33885.33654940154
 20
29848.717853010337
 10
34050.53929822964
 20
29848.717853010337
 10
34091.83998543667
 20
29891.15747825762
 10
34215.74204705775
 20
29848.717853010337
 10
34463.54617029991
 20
29848.717853010337
 10
34504.846857506935
 20
29891.15747825762
 10
34628.74891912802
 20
29891.15747825762
 10
34670.049606335044
 20
29848.717853010337
 10
34752.650980749095
 20
29891.15747825762
 10
34835.25235516315
 20
29848.717853010337
 10
35785.16816092477
 20
29848.717853010337
 10
35826.4688481318
 20
29891.15747825762
 10
35950.37090975288
 20
29891.15747825762
 10
36074.27297137396
 20
29763.838602515767
 10
36074.27297137396
 20
28787.727221828223
 10
36115.57365858099
 20
28745.28759658094
 10
36115.57365858099
 20
27726.736590646113
 10
36074.27297137396
 20
27641.857340151542
 10
36115.57365858099
 20
27599.41771490426
 10
36239.47572020206
 20
27641.857340151542
 10
36198.17503299504
 20
27726.736590646113
 10
36198.17503299504
 20
29806.27822776305
 10
36404.67846903017
 20
29891.15747825762
 10
38345.81076776043
 20
29891.15747825762
 10
38469.71282938152
 20
29763.838602515767
 10
38511.01351658854
 20
28490.649845097232
 10
38634.91557820962
 20
28617.968720839086
 10
39337.027260729075
 20
28617.968720839086
 10
39460.92932235016
 20
28575.529095591803
 10
39543.53069676421
 20
28490.649845097232
 10
39543.53069676421
 20
27896.49509163525
 10
39543.53069676421
 20
29806.27822776305
 10
39626.13207117827
 20
29891.15747825762
 10
41608.56505711556
 20
29891.15747825762
 10
41732.46711873662
 20
29848.717853010337
 10
41815.068493150684
 20
29763.838602515767
 10
41815.068493150684
 20
27684.29696539883
 10
41773.76780594366
 20
27641.857340151542
 10
41525.96368270149
 20
27641.857340151542
 10
41691.1664315296
 20
27641.857340151542
 10
41732.46711873662
 20
27599.41771490426
 10
42145.473990806895
 20
27641.857340151542
 10
41980.271241978786
 20
27641.857340151542
 10
41938.97055477177
 20
27684.29696539883
 10
41938.97055477177
 20
29806.27822776305
 10
42021.57192918581
 20
29891.15747825762
 10
43054.08910936149
 20
29891.15747825762
 10
43177.99117098256
 20
29678.9593520212
 10
44169.2076639512
 20
29678.9593520212
 10
44210.50835115824
 20
29636.519726773917
 10
44210.50835115824
 20
28830.166847075507
 10
44251.80903836527
 20
28787.727221828223
 10
44251.80903836527
 20
28617.968720839086
 10
45243.02553133391
 20
28617.968720839086
 10
45284.32621854093
 20
28660.408346086373
 10
45243.02553133391
 20
28702.847971333656
 10
45243.02553133391
 20
29594.08010152663
 10
45284.32621854093
 20
29636.519726773917
 10
45284.32621854093
 20
29848.717853010337
 10
45243.02553133391
 20
29891.15747825762
 10
45243.02553133391
 20
30145.79522974133
 10
45160.42415691984
 20
30103.355604494045
 10
39254.42588631502
 20
30103.355604494045
 10
39213.125199108
 20
30060.91597924676
 10
39089.22313748691
 20
30103.355604494045
 10
38428.412142174486
 20
30103.355604494045
 10
38387.11145496746
 20
30060.91597924676
 10
38015.40527010422
 20
30060.91597924676
 10
37974.10458289719
 20
30103.355604494045
 10
37395.89496199881
 20
30103.355604494045
 10
37354.59427479179
 20
30060.91597924676
 10
37189.39152596368
 20
30060.91597924676
 10
37148.09083875665
 20
30103.355604494045
 10
36735.08396668638
 20
30103.355604494045
 10
36693.78327947936
 20
30060.91597924676
 10
36652.48259227233
 20
30103.355604494045
 10
36569.88121785828
 20
30060.91597924676
 10
32811.51868201884
 20
30060.91597924676
 10
32770.217994811814
 20
30018.47635399948
 10
32811.51868201884
 20
29933.597103504908
 10
32811.51868201884
 20
29678.9593520212
 10
32728.91730760479
 20
29551.640476279346
 10
31448.59600418695
 20
29551.640476279346
 10
31365.9946297729
 20
29636.519726773917
 10
31365.9946297729
 20
30018.47635399948
 10
31242.09256815182
 20
30060.91597924676
 10
31076.88981932371
 20
29933.597103504908
 10
31118.190506530736
 20
29848.717853010337
 10
31118.190506530736
 20
29636.519726773917
 10
31159.491193737766
 20
29594.08010152663
 10
31159.491193737766
 20
29466.761225784776
 10
31118.190506530736
 20
29424.321600537492
 10
31118.190506530736
 20
28872.606472322794
 10
31200.79188094479
 20
28787.727221828223
 10
31407.295316979926
 20
28830.166847075507
 10
31365.9946297729
 20
28915.046097570077
 10
31365.9946297729
 20
29212.12347430107
 10
31489.89669139398
 20
29339.442350042926
 10
32687.61662039776
 20
29339.442350042926
 10
32811.51868201884
 20
29254.563099548355
 10
32811.51868201884
 20
28575.529095591803
 10
32852.819369225865
 20
28533.089470344516
 10
32811.51868201884
 20
28490.649845097232
 10
32852.819369225865
 20
28448.210219849945
 10
32852.819369225865
 20
28320.891344108095
 10
32811.51868201884
 20
28278.45171886081
 10
32852.819369225865
 20
26708.185584711286
 10
32770.217994811814
 20
26538.427083722145
 10
31448.59600418695
 20
26538.427083722145
 10
31407.295316979926
 20
26580.866708969428
 10
31407.295316979926
 20
26708.185584711286
 10
31489.89669139398
 20
26750.625209958565
 10
31242.09256815182
 20
26750.625209958565
 10
31200.79188094479
 20
26708.185584711286
 10
31242.09256815182
 20
16437.796274868426
 10
31283.393255358846
 20
16395.35664962114
 10
31242.09256815182
 20
15801.201896159158
 10
31283.393255358846
 20
15758.762270911873
 10
31283.393255358846
 20
11260.16199469971
 10
31324.69394256587
 20
11217.722369452425
 10
31283.393255358846
 20
11090.403493710575
 10
31324.69394256587
 20
6464.484341756558
 10
31283.393255358846
 20
6422.044716509273
 10
31283.393255358846
 20
5445.933335821729
 10
31242.09256815182
 20
5361.054085327163
 10
31365.9946297729
 20
5233.735209585308
 10
40121.74031766259
 20
5233.735209585308
 10
40163.041004869614
 20
5191.295584338023
 10
40204.34169207663
 20
5233.735209585308
 10
40204.34169207663
 20
5403.493710574448
 10
40163.041004869614
 20
5445.933335821729
 10
39750.03413279934
 20
5445.933335821729
 10
39626.13207117827
 20
5573.252211563585
 10
39626.13207117827
 20
6761.561718487554
 10
39584.831383971235
 20
6804.001343734834
 10
39626.13207117827
 20
6846.44096898212
 10
39626.13207117827
 20
7016.1994699712595
 10
39584.831383971235
 20
7058.639095218545
 10
39626.13207117827
 20
7398.156097196821
 10
39584.831383971235
 20
7440.595722444106
 10
39584.831383971235
 20
7822.552349669663
 10
39584.831383971235
 20
7398.156097196821
 10
39460.92932235016
 20
7228.397596207681
 10
39254.42588631502
 20
7313.276846702251
 10
39047.92245027989
 20
7525.474972938672
 10
38965.32107586584
 20
7483.035347691387
 10
38841.41901424475
 20
7525.474972938672
 10
38800.11832703773
 20
7440.595722444106
 10
38841.41901424475
 20
7185.957970960396
 10
38882.71970145178
 20
7228.397596207681
 10
39171.824511900966
 20
7228.397596207681
 10
39213.125199108
 20
7270.837221454966
 10
39460.92932235016
 20
7228.397596207681
 10
39543.53069676421
 20
7143.518345713111
 10
39502.23000955718
 20
7101.078720465825
 10
39543.53069676421
 20
7016.1994699712595
 10
39543.53069676421
 20
6761.561718487554
 10
39502.23000955718
 20
6719.122093240268
 10
38924.020388658806
 20
6719.122093240268
 10
38841.41901424475
 20
6804.001343734834
 10
38676.216265416646
 20
6676.682467992983
 10
38676.216265416646
 20
5530.8125863162995
 10
38593.61489100259
 20
5445.933335821729
 10
34959.15441678423
 20
5445.933335821729
 10
34876.55304237018
 20
5530.8125863162995
 10
34215.74204705775
 20
5530.8125863162995
 10
34091.83998543667
 20
5488.372961069014
 10
34009.238611022614
 20
5573.252211563585
 10
34009.238611022614
 20
5743.01071255272
 10
34050.53929822964
 20
5785.450337800005
 10
33967.93792381559
 20
5700.5710873054395
 10
33885.33654940154
 20
5785.450337800005
 10
33885.33654940154
 20
6634.242842745699
 10
33844.03586219451
 20
6676.682467992983
 10
33141.92417967506
 20
6676.682467992983
 10
33100.623492468025
 20
6634.242842745699
 10
33059.322805261
 20
6676.682467992983
 10
32976.72143084695
 20
6634.242842745699
 10
32976.72143084695
 20
5573.252211563585
 10
32894.12005643289
 20
5445.933335821729
 10
32770.217994811814
 20
5403.493710574448
 10
31985.504937878304
 20
5403.493710574448
 10
31944.20425067128
 20
5445.933335821729
 10
31572.49806580803
 20
5445.933335821729
 10
31531.197378601006
 20
5488.372961069014
 10
31489.89669139398
 20
8713.784479862641
 10
31572.49806580803
 20
8798.663730357212
 10
32852.819369225865
 20
8798.663730357212
 10
32894.12005643289
 20
8841.103355604491
 10
33967.93792381559
 20
8841.103355604491
 10
34009.238611022614
 20
8798.663730357212
 10
34133.1406726437
 20
8841.103355604491
 10
34257.042734264774
 20
8798.663730357212
 10
34298.3434214718
 20
8841.103355604491
 10
34587.44823192099
 20
8841.103355604491
 10
34711.35029354207
 20
8713.784479862641
 10
34711.35029354207
 20
6379.605091261992
 10
34670.049606335044
 20
6294.725840767423
 10
34793.95166795613
 20
6252.286215520137
 10
34876.55304237018
 20
6294.725840767423
 10
34876.55304237018
 20
9053.301481840917
 10
34835.25235516315
 20
9095.741107088203
 10
34091.83998543667
 20
9053.301481840917
 10
34009.238611022614
 20
9138.180732335482
 10
33926.63723660856
 20
9010.861856593632
 10
33059.322805261
 20
9010.861856593632
 10
33018.022118053974
 20
8968.422231346347
 10
31696.40012742912
 20
8968.422231346347
 10
31489.89669139398
 20
9095.741107088203
 10
31448.59600418695
 20
13976.298010525921
 10
31572.49806580803
 20
14103.616886267777
 10
31613.798753015064
 20
14061.177261020492
 10
31655.09944022209
 20
14103.616886267777
 10
31902.90356346425
 20
14061.177261020492
 10
31944.20425067128
 20
14103.616886267777
 10
32109.406999499384
 20
14103.616886267777
 10
32150.707686706413
 20
14061.177261020492
 10
34257.042734264774
 20
14103.616886267777
 10
34298.3434214718
 20
14061.177261020492
 10
34587.44823192099
 20
14061.177261020492
 10
34670.049606335044
 20
13976.298010525921
 10
34670.049606335044
 20
9859.65436153932
 10
34711.35029354207
 20
9817.214736292035
 10
34876.55304237018
 20
9859.65436153932
 10
34835.25235516315
 20
14018.737635773206
 10
35041.75579119829
 20
14103.616886267777
 10
38593.61489100259
 20
14103.616886267777
 10
38676.216265416646
 20
13891.41876003135
 10
38676.216265416646
 20
7864.9919749169485
 10
38841.41901424475
 20
7737.673099175097
 10
38924.020388658806
 20
7822.552349669663
 10
39130.52382469394
 20
7822.552349669663
 10
39171.824511900966
 20
7780.112724422378
 10
39254.42588631502
 20
7907.431600164234
 10
38924.020388658806
 20
7907.431600164234
 10
38841.41901424475
 20
7992.310850658803
 10
38841.41901424475
 20
9435.258109066479
 10
38800.11832703773
 20
9477.697734313764
 10
38800.11832703773
 20
14230.935762009633
 10
38758.8176398307
 20
14273.375387256912
 10
34917.853729577204
 20
14273.375387256912
 10
34835.25235516315
 20
14358.254637751483
 10
34835.25235516315
 20
15504.124519428167
 10
34793.95166795613
 20
15546.564144675453
 10
34628.74891912802
 20
15546.564144675453
 10
34587.44823192099
 20
15504.124519428167
 10
34670.049606335044
 20
15376.805643686312
 10
34670.049606335044
 20
14358.254637751483
 10
34587.44823192099
 20
14273.375387256912
 10
33141.92417967506
 20
14273.375387256912
 10
33100.623492468025
 20
14230.935762009633
 10
31655.09944022209
 20
14230.935762009633
 10
31613.798753015064
 20
14273.375387256912
 10
31572.49806580803
 20
14230.935762009633
 10
31448.59600418695
 20
14315.815012504198
 10
31448.59600418695
 20
17541.226531297823
 10
31489.89669139398
 20
17583.66615654511
 10
33018.022118053974
 20
17583.66615654511
 10
33100.623492468025
 20
17456.347280803253
 10
33059.322805261
 20
17413.90765555597
 10
33141.92417967506
 20
17159.269904072262
 10
33554.93105174532
 20
17159.269904072262
 10
33678.8331133664
 20
17583.66615654511
 10
33802.73517498748
 20
17626.105781792394
 10
34504.846857506935
 20
17626.105781792394
 10
34628.74891912802
 20
17541.226531297823
 10
34628.74891912802
 20
16777.3132768467
 10
34670.049606335044
 20
16734.873651599417
 10
34628.74891912802
 20
16310.47739912657
 10
34752.650980749095
 20
16268.03777387929
 10
34835.25235516315
 20
16352.917024373855
 10
34835.25235516315
 20
17541.226531297823
 10
34917.853729577204
 20
17626.105781792394
 10
38717.51695262368
 20
17626.105781792394
 10
38800.11832703773
 20
17541.226531297823
 10
38800.11832703773
 20
17244.149154566832
 10
38841.41901424475
 20
17201.70952931955
 10
39337.027260729075
 20
17201.70952931955
 10
39378.3279479361
 20
17244.149154566832
 10
39378.3279479361
 20
17541.226531297823
 10
39460.92932235016
 20
17626.105781792394
 10
44458.312474400394
 20
17626.105781792394
 10
44540.91384881446
 20
17541.226531297823
 10
44540.91384881446
 20
17244.149154566832
 10
44582.21453602148
 20
17201.70952931955
 10
45077.8227825058
 20
17201.70952931955
 10
45119.123469712824
 20
17286.588779814112
 10
45077.8227825058
 20
17371.468030308683
 10
45160.42415691984
 20
17626.105781792394
 10
45656.03240340416
 20
17626.105781792394
 10
45697.33309061121
 20
17668.545407039674
 10
50116.506621763074
 20
17668.545407039674
 10
50240.40868338414
 20
17498.78690605054
 10
50240.40868338414
 20
17244.149154566832
 10
50281.70937059118
 20
17201.70952931955
 10
50446.912119419285
 20
17244.149154566832
 10
50612.114868247394
 20
17116.83027882498
 10
50612.114868247394
 20
16310.47739912657
 10
50570.814181040354
 20
16268.03777387929
 10
50612.114868247394
 20
16225.598148632005
 10
50612.114868247394
 20
16055.839647642864
 10
50570.814181040354
 20
16013.400022395579
 10
50612.114868247394
 20
15801.201896159158
 10
50570.814181040354
 20
15758.762270911873
 10
50570.814181040354
 20
15631.443395170018
 10
50612.114868247394
 20
15589.003769922738
 10
50612.114868247394
 20
11260.16199469971
 10
50653.41555545442
 20
11175.28274420514
 10
50653.41555545442
 20
13254.824381322083
 10
50694.71624266144
 20
13297.264006569369
 10
50777.3176170755
 20
13127.505505580233
 10
50777.3176170755
 20
10750.886491732299
 10
50694.71624266144
 20
10666.007241237729
 10
50653.41555545442
 20
10793.326116979584
 10
50612.114868247394
 20
10793.326116979584
 10
50653.41555545442
 20
10708.446866485014
 10
50653.41555545442
 20
10538.688365495873
 10
50694.71624266144
 20
10623.567615990443
 10
50777.3176170755
 20
10581.127990743158
 10
50777.3176170755
 20
9265.499608077338
 10
50736.01692986848
 20
9223.059982830053
 10
50653.41555545442
 20
9265.499608077338
 10
50653.41555545442
 20
10368.929864506737
 10
50653.41555545442
 20
9307.939233324623
 10
50570.814181040354
 20
9180.620357582768
 10
45201.72484412688
 20
9180.620357582768
 10
45160.42415691984
 20
8968.422231346347
 10
45201.72484412688
 20
8883.542980851777
 10
45408.22828016202
 20
8883.542980851777
 10
45449.528967369035
 20
8925.982606099062
 10
45614.731716197144
 20
8925.982606099062
 10
45656.03240340416
 20
8883.542980851777
 10
45697.33309061121
 20
8925.982606099062
 10
46069.039275474446
 20
8925.982606099062
 10
46151.64064988849
 20
8883.542980851777
 10
46358.14408592363
 20
9010.861856593632
 10
46895.05301961498
 20
9010.861856593632
 10
46936.353706822
 20
8968.422231346347
 10
47101.556455650105
 20
8968.422231346347
 10
47142.857142857145
 20
9010.861856593632
 10
50529.513493833336
 20
9010.861856593632
 10
50653.41555545442
 20
8925.982606099062
 10
50653.41555545442
 20
8246.94860214251
 10
50570.814181040354
 20
8119.629726400659
 10
50199.10799617712
 20
8119.629726400659
 10
50116.506621763074
 20
8077.190101153374
 10
50116.506621763074
 20
7185.957970960396
 10
50157.8073089701
 20
7143.518345713111
 10
50694.71624266144
 20
7143.518345713111
 10
50777.3176170755
 20
7058.639095218545
 10
50777.3176170755
 20
5827.889963047291
 10
50736.01692986848
 20
5785.450337800005
 10
50488.21280662631
 20
5785.450337800005
 10
50446.912119419285
 20
5743.01071255272
 10
50405.611432212245
 20
5785.450337800005
 10
50281.70937059118
 20
5743.01071255272
 10
49538.29700086469
 20
5743.01071255272
 10
49496.99631365767
 20
5785.450337800005
 10
49414.394939243604
 20
5743.01071255272
 10
49331.79356482956
 20
5785.450337800005
 10
49207.89150320848
 20
5743.01071255272
 10
49125.29012879443
 20
5785.450337800005
 10
49083.98944158739
 20
5743.01071255272
 10
49042.68875438037
 20
5785.450337800005
 10
48794.884631138215
 20
5743.01071255272
 10
48753.583943931175
 20
5785.450337800005
 10
48629.68188231011
 20
5785.450337800005
 10
48588.38119510307
 20
5743.01071255272
 10
47184.15783006417
 20
5743.01071255272
 10
47142.857142857145
 20
5785.450337800005
 10
47101.556455650105
 20
5743.01071255272
 10
45449.528967369035
 20
5743.01071255272
 10
45366.92759295499
 20
5827.889963047291
 10
45366.92759295499
 20
8034.7504759060885
 10
45201.72484412688
 20
8034.7504759060885
 10
45201.72484412688
 20
7864.9919749169485
 10
45160.42415691984
 20
7822.552349669663
 10
45160.42415691984
 20
6761.561718487554
 10
45119.123469712824
 20
6719.122093240268
 10
44788.717972056606
 20
6719.122093240268
 10
44747.41728484959
 20
6676.682467992983
 10
44540.91384881446
 20
6719.122093240268
 10
44417.01178719337
 20
6676.682467992983
 10
44417.01178719337
 20
5530.8125863162995
 10
44375.71109998635
 20
5488.372961069014
 10
44045.30560233014
 20
5488.372961069014
 10
44004.00491512309
 20
5445.933335821729
 10
42186.77467801392
 20
5445.933335821729
 10
42145.473990806895
 20
5403.493710574448
 10
42145.473990806895
 20
5191.295584338023
 10
42228.07536522096
 20
5233.735209585308
 10
42558.48086287717
 20
5233.735209585308
 10
42599.7815500842
 20
5276.174834832594
 10
43673.59941746688
 20
5276.174834832594
 10
43714.90010467392
 20
5233.735209585308
 10
43797.501479087965
 20
5276.174834832594
 10
46977.65439402904
 20
5276.174834832594
 10
47018.95508123606
 20
5233.735209585308
 10
47184.15783006417
 20
5233.735209585308
 10
47184.15783006417
 20
5403.493710574448
 10
47266.759204478214
 20
5530.8125863162995
 10
48092.77294861875
 20
5530.8125863162995
 10
48216.67501023984
 20
5403.493710574448
 10
48175.37432303281
 20
5318.614460079879
 10
48216.67501023984
 20
5063.976708596168
 10
48299.276384653895
 20
5106.416333843453
 10
48299.276384653895
 20
5361.054085327163
 10
48381.87775906794
 20
5445.933335821729
 10
48588.38119510307
 20
5403.493710574448
 10
48629.68188231011
 20
5361.054085327163
 10
48629.68188231011
 20
5106.416333843453
 10
48588.38119510307
 20
5063.976708596168
 10
48629.68188231011
 20
5063.976708596168
 10
48629.68188231011
 20
5191.295584338023
 10
48670.98256951713
 20
5233.735209585308
 10
48753.583943931175
 20
5063.976708596168
 10
48753.583943931175
 20
4809.338957112462
 10
48712.28325672416
 20
4766.8993318651765
 10
48299.276384653895
 20
4766.8993318651765
 10
48257.975697446855
 20
4809.338957112462
 10
48216.67501023984
 20
4766.8993318651765
 10
48216.67501023984
 20
4215.1842036504795
 10
48257.975697446855
 20
4172.744578403194
 10
48216.67501023984
 20
4130.304953155909
 10
48340.57707186092
 20
4300.06345414505
 10
48423.178446274964
 20
4257.623828897765
 10
48712.28325672416
 20
4257.623828897765
 10
48794.884631138215
 20
4172.744578403194
 10
48794.884631138215
 20
4045.4257026613436
 10
48753.583943931175
 20
4002.9860774140584
 10
48381.87775906794
 20
3960.546452166773
 10
48216.67501023984
 20
4045.4257026613436
 10
48092.77294861875
 20
3960.546452166773
 10
47308.059891685254
 20
3960.546452166773
 10
47225.45851727119
 20
4045.4257026613436
 10
47225.45851727119
 20
4215.1842036504795
 10
47184.15783006417
 20
4257.623828897765
 10
47225.45851727119
 20
4342.503079392335
 10
47142.857142857145
 20
4427.3823298869
 10
47060.25576844309
 20
4427.3823298869
 10
47018.95508123606
 20
4384.942704639615
 10
47018.95508123606
 20
3875.667201672203
 10
46936.353706822
 20
3790.7879511776327
 10
46234.24202430255
 20
3748.348325930348
 10
46192.94133709553
 20
3705.9087006830628
 10
46192.94133709553
 20
3578.589824941212
 10
46234.24202430255
 20
3536.150199693927
 10
46316.84339871659
 20
3578.589824941212
 10
47184.15783006417
 20
3578.589824941212
 10
47308.059891685254
 20
3790.7879511776327
 10
48712.28325672416
 20
3790.7879511776327
 10
48794.884631138215
 20
3705.9087006830628
 10
48794.884631138215
 20
1796.1255645552603
 10
48670.98256951713
 20
1711.24631406069
 10
46069.039275474446
 20
1711.24631406069
 10
45986.43790106038
 20
1796.1255645552603
 10
45986.43790106038
 20
2390.2803180172427
 10
45903.83652664634
 20
2517.599193759098
 10
45573.43102899012
 20
2517.599193759098
 10
45490.82965457606
 20
2602.4784442536684
 10
45532.1303417831
 20
2644.9180695009536
 10
45490.82965457606
 20
2602.4784442536684
 10
45449.528967369035
 20
2644.9180695009536
 10
45366.92759295499
 20
2602.4784442536684
 10
45243.02553133391
 20
2687.3576947482384
 10
45243.02553133391
 20
3748.348325930348
 10
43260.59254539663
 20
3748.348325930348
 10
43177.99117098256
 20
3663.469075435782
 10
43219.2918581896
 20
3493.7105744466417
 10
43384.49460701771
 20
3536.150199693927
 10
43467.095981431754
 20
3408.8313239520717
 10
43467.095981431754
 20
2517.599193759098
 10
43508.39666863877
 20
2475.1595685118127
 10
43590.99804305284
 20
2517.599193759098
 10
43549.69735584581
 20
2560.038819006383
 10
43549.69735584581
 20
3451.2709491993564
 10
43673.59941746688
 20
3578.589824941212
 10
44293.109725572285
 20
3578.589824941212
 10
44334.41041277931
 20
3536.150199693927
 10
44417.01178719337
 20
3578.589824941212
 10
44540.91384881446
 20
3451.2709491993564
 10
44540.91384881446
 20
1796.1255645552603
 10
44458.312474400394
 20
1711.24631406069
 10
44004.00491512309
 20
1711.24631406069
 10
43962.704227916074
 20
1753.6859393079753
 10
43714.90010467392
 20
1711.24631406069
 10
43673.59941746688
 20
1753.6859393079753
 10
43714.90010467392
 20
1838.5651898025455
 10
43508.39666863877
 20
1838.5651898025455
 10
43384.49460701771
 20
1711.24631406069
 10
43260.59254539663
 20
1668.8066888134051
 10
43219.2918581896
 20
1711.24631406069
 10
43177.99117098256
 20
1668.8066888134051
 10
42888.88636053339
 20
1668.8066888134051
 10
42847.58567332635
 20
1711.24631406069
 10
42723.68361170528
 20
1711.24631406069
 10
42682.38292449824
 20
1668.8066888134051
 10
41897.66986756473
 20
1711.24631406069
 10
41773.76780594366
 20
1668.8066888134051
 10
41649.865744322575
 20
1796.1255645552603
 10
41649.865744322575
 20
1838.5651898025455
 10
41732.46711873662
 20
1881.0048150498305
 10
41608.56505711556
 20
2008.323690791686
 10
41649.865744322575
 20
2560.038819006383
 10
41525.96368270149
 20
2772.2369452428043
 10
41525.96368270149
 20
3408.8313239520717
 10
41608.56505711556
 20
3536.150199693927
 10
42021.57192918581
 20
3536.150199693927
 10
42062.87261639284
 20
3578.589824941212
 10
42434.57880125609
 20
3536.150199693927
 10
42434.57880125609
 20
3705.9087006830628
 10
42393.27811404907
 20
3748.348325930348
 10
39089.22313748691
 20
3748.348325930348
 10
39047.92245027989
 20
3705.9087006830628
 10
39006.62176307286
 20
3748.348325930348
 10
38717.51695262368
 20
3748.348325930348
 10
38676.216265416646
 20
3705.9087006830628
 10
38056.70595731125
 20
3748.348325930348
 10
37974.10458289719
 20
3663.469075435782
 10
37974.10458289719
 20
3239.072822962936
 10
38056.70595731125
 20
3069.3143219737954
 10
38056.70595731125
 20
2857.1161957373743
 10
38098.00664451827
 20
2899.5558209846595
 10
38098.00664451827
 20
3323.952073457506
 10
38180.608018932326
 20
3451.2709491993564
 10
38221.90870613935
 20
3451.2709491993564
 10
38304.51008055341
 20
3323.952073457506
 10
38428.412142174486
 20
3451.2709491993564
 10
38552.31420379557
 20
3451.2709491993564
 10
38593.61489100259
 20
3493.7105744466417
 10
38800.11832703773
 20
3408.8313239520717
 10
38882.71970145178
 20
3281.512448210221
 10
38882.71970145178
 20
3366.391698704791
 10
38965.32107586584
 20
3451.2709491993564
 10
39089.22313748691
 20
3239.072822962936
 10
39089.22313748691
 20
2857.1161957373743
 10
39130.52382469394
 20
2814.676570490089
 10
39171.824511900966
 20
2857.1161957373743
 10
39171.824511900966
 20
3323.952073457506
 10
39295.72657352205
 20
3451.2709491993564
 10
39378.3279479361
 20
3366.391698704791
 10
39460.92932235016
 20
3366.391698704791
 10
39543.53069676421
 20
3451.2709491993564
 10
39832.635507213396
 20
3451.2709491993564
 10
39956.53756883448
 20
3366.391698704791
 10
40039.13894324853
 20
3451.2709491993564
 10
40121.74031766259
 20
3451.2709491993564
 10
40245.64237928366
 20
3281.512448210221
 10
40245.64237928366
 20
2475.1595685118127
 10
40328.243753697716
 20
2475.1595685118127
 10
40328.243753697716
 20
2602.4784442536684
 10
40286.9430664907
 20
2644.9180695009536
 10
40286.9430664907
 20
3408.8313239520717
 10
40369.54444090474
 20
3536.150199693927
 10
41236.8588722523
 20
3536.150199693927
 10
41319.460246666364
 20
3451.2709491993564
 10
41319.460246666364
 20
2432.719943264528
 10
41360.76093387338
 20
2390.2803180172427
 10
41319.460246666364
 20
1753.6859393079753
 10
41154.257497838254
 20
1668.8066888134051
 10
40947.75406180313
 20
1668.8066888134051
 10
40823.85200018204
 20
1753.6859393079753
 10
40699.94993856095
 20
1711.24631406069
 10
40410.84512811176
 20
1796.1255645552603
 10
40286.9430664907
 20
1796.1255645552603
 10
40121.74031766259
 20
1668.8066888134051
 10
38056.70595731125
 20
1668.8066888134051
 10
37932.803895690166
 20
1796.1255645552603
 10
37808.901834069075
 20
1753.6859393079753
 10
36982.88808992855
 20
1796.1255645552603
 10
36900.28671551449
 20
1753.6859393079753
 10
36900.28671551449
 20
310.7386809002999
 10
36817.68534110044
 20
225.85943040573434
 10
36032.97228416693
 20
225.85943040573434
 10
35950.37090975288
 20
310.7386809002999
 10
35950.37090975288
 20
2560.038819006383
 10
35909.07022254585
 20
2602.4784442536684
 10
35950.37090975288
 20
2644.9180695009536
 10
35950.37090975288
 20
2772.2369452428043
 10
35909.07022254585
 20
2814.676570490089
 10
35909.07022254585
 20
3026.87469672651
 10
35950.37090975288
 20
3069.3143219737954
 10
35909.07022254585
 20
3111.7539472210806
 10
35909.07022254585
 20
3281.512448210221
 10
35991.6715969599
 20
3408.8313239520717
 10
36074.27297137396
 20
3366.391698704791
 10
36115.57365858099
 20
3239.072822962936
 10
36115.57365858099
 20
3323.952073457506
 10
36198.17503299504
 20
3451.2709491993564
 10
36569.88121785828
 20
3451.2709491993564
 10
36652.48259227233
 20
3408.8313239520717
 10
36735.08396668638
 20
3281.512448210221
 10
36693.78327947936
 20
3196.6331977156506
 10
36735.08396668638
 20
3069.3143219737954
 10
36735.08396668638
 20
3323.952073457506
 10
36817.68534110044
 20
3366.391698704791
 10
36858.98602830747
 20
3323.952073457506
 10
36858.98602830747
 20
2984.4350714792295
 10
36900.28671551449
 20
2941.9954462319447
 10
36858.98602830747
 20
2644.9180695009536
 10
36982.88808992855
 20
2560.038819006383
 10
37148.09083875665
 20
2560.038819006383
 10
37230.69221317071
 20
2687.3576947482384
 10
37230.69221317071
 20
2814.676570490089
 10
37189.39152596368
 20
2857.1161957373743
 10
37189.39152596368
 20
3705.9087006830628
 10
37106.79015154963
 20
3748.348325930348
 10
36858.98602830747
 20
3748.348325930348
 10
36817.68534110044
 20
3705.9087006830628
 10
36528.580530651256
 20
3705.9087006830628
 10
36487.27984344422
 20
3748.348325930348
 10
36404.67846903017
 20
3705.9087006830628
 10
36280.776407409096
 20
3748.348325930348
 10
35950.37090975288
 20
3748.348325930348
 10
35909.07022254585
 20
3705.9087006830628
 10
35826.4688481318
 20
3748.348325930348
 10
34959.15441678423
 20
3748.348325930348
 10
34959.15441678423
 20
3493.7105744466417
 10
35000.455103991255
 20
3451.2709491993564
 10
35578.66472488963
 20
3451.2709491993564
 10
35661.266099303684
 20
3366.391698704791
 10
35702.56678651071
 20
310.7386809002999
 10
35619.96541209666
 20
225.85943040573434
 10
33720.13380057343
 20
225.85943040573434
 10
33637.53242615938
 20
310.7386809002999
 10
33637.53242615938
 20
480.4971818894404
 10
33472.32967733127
 20
607.8160576312957
 10
33472.32967733127
 20
3366.391698704791
 10
33554.93105174532
 20
3451.2709491993564
 10
34133.1406726437
 20
3451.2709491993564
 10
34215.74204705775
 20
3493.7105744466417
 10
34215.74204705775
 20
3748.348325930348
 10
34050.53929822964
 20
3748.348325930348
 10
34009.238611022614
 20
3705.9087006830628
 10
33720.13380057343
 20
3705.9087006830628
 10
33678.8331133664
 20
3748.348325930348
 10
33596.231738952345
 20
3705.9087006830628
 10
33224.52555408911
 20
3705.9087006830628
 10
33183.22486688208
 20
3663.469075435782
 10
33183.22486688208
 20
3536.150199693927
 10
33100.623492468025
 20
3451.2709491993564
 10
32770.217994811814
 20
3451.2709491993564
 10
32728.91730760479
 20
3408.8313239520717
 10
31035.589132116686
 20
3408.8313239520717
 10
30994.288444909656
 20
3451.2709491993564
 10
30911.687070495605
 20
3408.8313239520717
 10
30292.1767623902
 20
3408.8313239520717
 10
30250.876075183176
 20
3451.2709491993564
 10
30126.974013562096
 20
3451.2709491993564
 10
30085.67332635507
 20
3408.8313239520717
 10
28309.74377645292
 20
3408.8313239520717
 10
28227.142402038866
 20
3493.7105744466417
 10
28185.84171483184
 20
4172.744578403194
 10
28020.63896600373
 20
4215.1842036504795
 10
27896.73690438265
 20
4172.744578403194
 10
27938.037591589677
 20
4087.8653279086243
 10
27938.037591589677
 20
3536.150199693927
 10
27855.436217175626
 20
3408.8313239520717
 10
27070.723160242112
 20
3408.8313239520717
 10
27029.422473035083
 20
3366.391698704791
 10
27029.422473035083
 20
3154.1935724683653
 10
27070.723160242112
 20
3111.7539472210806
 10
27318.527283484273
 20
3196.6331977156506
 10
28020.63896600373
 20
3196.6331977156506
 10
28144.54102762481
 20
3111.7539472210806
 10
28144.54102762481
 20
2941.9954462319447
 10
28144.54102762481
 20
3111.7539472210806
 10
28268.44308924589
 20
3196.6331977156506
 10
28640.14927410913
 20
3154.1935724683653
 10
28681.44996131616
 20
3111.7539472210806
 10
28805.35202293724
 20
3196.6331977156506
 10
28970.554771765346
 20
3154.1935724683653
 10
29011.855458972375
 20
3069.3143219737954
 10
29094.456833386426
 20
3196.6331977156506
 10
29259.659582214535
 20
3154.1935724683653
 10
29300.96026942156
 20
3069.3143219737954
 10
29383.561643835616
 20
3196.6331977156506
 10
29466.163018249666
 20
3196.6331977156506
 10
29590.065079870747
 20
3111.7539472210806
 10
29672.6664542848
 20
3196.6331977156506
 10
29755.267828698856
 20
3196.6331977156506
 10
29879.169890319936
 20
3069.3143219737954
 10
29837.86920311291
 20
2644.9180695009536
 10
29755.267828698856
 20
2560.038819006383
 10
29672.6664542848
 20
2560.038819006383
 10
29590.065079870747
 20
2644.9180695009536
 10
29590.065079870747
 20
2857.1161957373743
 10
29590.065079870747
 20
2687.3576947482384
 10
29507.463705456696
 20
2602.4784442536684
 10
29383.561643835616
 20
2602.4784442536684
 10
29300.96026942156
 20
2687.3576947482384
 10
29218.358895007506
 20
2517.599193759098
 10
29300.96026942156
 20
2347.8406927699575
 10
29383.561643835616
 20
2432.719943264528
 10
29466.163018249666
 20
2432.719943264528
 10
29548.76439266372
 20
2305.4010675226773
 10
29507.463705456696
 20
2050.7633160389664
 10
29590.065079870747
 20
2008.323690791686
 10
29590.065079870747
 20
1923.4444402971158
 10
29507.463705456696
 20
1838.5651898025455
 10
29466.163018249666
 20
1838.5651898025455
 10
29383.561643835616
 20
1965.8840655444008
 10
29218.358895007506
 20
1838.5651898025455
 10
29094.456833386426
 20
1838.5651898025455
 10
29053.1561461794
 20
1881.0048150498305
 10
28805.35202293724
 20
1838.5651898025455
 10
28764.05133573021
 20
1881.0048150498305
 10
28681.44996131616
 20
1838.5651898025455
 10
28516.24721248805
 20
1838.5651898025455
 10
28474.946525281026
 20
1881.0048150498305
 10
28392.34515086697
 20
1838.5651898025455
 10
28185.84171483184
 20
1838.5651898025455
 10
28144.54102762481
 20
1881.0048150498305
 10
28103.240340417786
 20
1838.5651898025455
 10
28103.240340417786
 20
1626.3670635661247
 10
28351.044463659946
 20
1626.3670635661247
 10
28433.645838074
 20
1541.4878130715542
 10
28557.54789969508
 20
1626.3670635661247
 10
28640.14927410913
 20
1626.3670635661247
 10
28722.750648523186
 20
1541.4878130715542
 10
28722.750648523186
 20
1456.608562576984
 10
28722.750648523186
 20
1541.4878130715542
 10
28805.35202293724
 20
1626.3670635661247
 10
28887.95339735129
 20
1626.3670635661247
 10
29011.855458972375
 20
1541.4878130715542
 10
29053.1561461794
 20
1371.7293120824138
 10
29135.757520593455
 20
1541.4878130715542
 10
29218.358895007506
 20
1499.0481878242692
 10
29300.96026942156
 20
1371.7293120824138
 10
29300.96026942156
 20
1541.4878130715542
 10
29383.561643835616
 20
1626.3670635661247
 10
29507.463705456696
 20
1626.3670635661247
 10
29590.065079870747
 20
1541.4878130715542
 10
29590.065079870747
 20
1201.9708110932781
 10
29590.065079870747
 20
1456.608562576984
 10
29631.365767077776
 20
1499.0481878242692
 10
29590.065079870747
 20
1541.4878130715542
 10
29672.6664542848
 20
1626.3670635661247
 10
29796.56851590588
 20
1626.3670635661247
 10
29837.86920311291
 20
1583.9274383188394
 10
29920.47057752696
 20
1626.3670635661247
 10
30085.67332635507
 20
1626.3670635661247
 10
30126.974013562096
 20
1583.9274383188394
 10
30333.47744959723
 20
1626.3670635661247
 10
30416.078824011285
 20
1499.0481878242692
 10
30457.37951121831
 20
1499.0481878242692
 10
30539.980885632365
 20
1626.3670635661247
 10
30663.882947253445
 20
1626.3670635661247
 10
30746.484321667496
 20
1541.4878130715542
 10
30829.08569608155
 20
1626.3670635661247
 10
30952.98775770263
 20
1626.3670635661247
 10
30994.288444909656
 20
1499.0481878242692
 10
31035.589132116686
 20
1499.0481878242692
 10
31118.190506530736
 20
1626.3670635661247
 10
31242.09256815182
 20
1626.3670635661247
 10
31283.393255358846
 20
1583.9274383188394
 10
31531.197378601006
 20
1626.3670635661247
 10
31572.49806580803
 20
1583.9274383188394
 10
31655.09944022209
 20
1668.8066888134051
 10
31655.09944022209
 20
1796.1255645552603
 10
31613.798753015064
 20
1838.5651898025455
 10
31407.295316979926
 20
1838.5651898025455
 10
31365.9946297729
 20
1881.0048150498305
 10
31242.09256815182
 20
1881.0048150498305
 10
31200.79188094479
 20
1838.5651898025455
 10
30663.882947253445
 20
1881.0048150498305
 10
30539.980885632365
 20
1838.5651898025455
 10
30457.37951121831
 20
1923.4444402971158
 10
30457.37951121831
 20
2008.323690791686
 10
30416.078824011285
 20
2008.323690791686
 10
30416.078824011285
 20
1923.4444402971158
 10
30333.47744959723
 20
1838.5651898025455
 10
30250.876075183176
 20
1838.5651898025455
 10
30168.27470076912
 20
1923.4444402971158
 10
30085.67332635507
 20
1838.5651898025455
 10
29920.47057752696
 20
1838.5651898025455
 10
29879.169890319936
 20
1881.0048150498305
 10
29672.6664542848
 20
1838.5651898025455
 10
29590.065079870747
 20
1923.4444402971158
 10
29590.065079870747
 20
2305.4010675226773
 10
29672.6664542848
 20
2475.1595685118127
 10
29796.56851590588
 20
2475.1595685118127
 10
29879.169890319936
 20
2390.2803180172427
 10
29961.77126473399
 20
2517.599193759098
 10
29879.169890319936
 20
2644.9180695009536
 10
29879.169890319936
 20
2814.676570490089
 10
29920.47057752696
 20
2857.1161957373743
 10
29879.169890319936
 20
3111.7539472210806
 10
29920.47057752696
 20
3154.1935724683653
 10
30003.071951941016
 20
3154.1935724683653
 10
30044.37263914804
 20
3069.3143219737954
 10
30126.974013562096
 20
3069.3143219737954
 10
30250.876075183176
 20
3196.6331977156506
 10
30333.47744959723
 20
3196.6331977156506
 10
30416.078824011285
 20
3069.3143219737954
 10
30498.680198425336
 20
3196.6331977156506
 10
30622.582260046416
 20
3196.6331977156506
 10
30705.18363446047
 20
3111.7539472210806
 10
30829.08569608155
 20
3196.6331977156506
 10
30911.687070495605
 20
3196.6331977156506
 10
30994.288444909656
 20
3069.3143219737954
 10
31076.88981932371
 20
3196.6331977156506
 10
31242.09256815182
 20
3196.6331977156506
 10
31283.393255358846
 20
3154.1935724683653
 10
31407.295316979926
 20
3196.6331977156506
 10
33059.322805261
 20
3196.6331977156506
 10
33141.92417967506
 20
3111.7539472210806
 10
33141.92417967506
 20
2262.961442275392
 10
33183.22486688208
 20
2220.521817028107
 10
33183.22486688208
 20
395.61793139487014
 10
32976.72143084695
 20
310.7386809002999
 10
31696.40012742912
 20
310.7386809002999
 10
31655.09944022209
 20
353.17830614758503
 10
31407.295316979926
 20
310.7386809002999
 10
31324.69394256587
 20
395.61793139487014
 10
31200.79188094479
 20
310.7386809002999
 10
31076.88981932371
 20
353.17830614758503
 10
30870.386383288576
 20
310.7386809002999
 10
30746.484321667496
 20
395.61793139487014
 10
30622.582260046416
 20
310.7386809002999
 10
30539.980885632365
 20
310.7386809002999
 10
30457.37951121831
 20
438.05755664215525
 10
30416.078824011285
 20
438.05755664215525
 10
30333.47744959723
 20
310.7386809002999
 10
30209.57538797615
 20
353.17830614758503
 10
29961.77126473399
 20
310.7386809002999
 10
29879.169890319936
 20
395.61793139487014
 10
29755.267828698856
 20
310.7386809002999
 10
29672.6664542848
 20
353.17830614758503
 10
29548.76439266372
 20
310.7386809002999
 10
29383.561643835616
 20
310.7386809002999
 10
29342.260956628586
 20
353.17830614758503
 10
29218.358895007506
 20
310.7386809002999
 10
28970.554771765346
 20
353.17830614758503
 10
28929.25408455832
 20
310.7386809002999
 10
28805.35202293724
 20
353.17830614758503
 10
28516.24721248805
 20
310.7386809002999
 10
28433.645838074
 20
353.17830614758503
 10
28268.44308924589
 20
268.2990556530195
 10
26409.912164929683
 20
268.2990556530195
 10
26244.709416101578
 20
480.4971818894404
 10
26079.50666727347
 20
480.4971818894404
 10
25996.905292859417
 20
565.3764323840106
 10
25996.905292859417
 20
2093.2029412862516
 10
26079.50666727347
 20
2178.0821917808216
 10
26079.50666727347
 20
2347.8406927699575
 10
26038.205980066443
 20
2390.2803180172427
 10
26079.50666727347
 20
2432.719943264528
 10
26079.50666727347
 20
3323.952073457506
 10
25996.905292859417
 20
3408.8313239520717
 10
25831.70254403131
 20
3408.8313239520717
 10
25749.101169617254
 20
3323.952073457506
 10
25749.101169617254
 20
2050.7633160389664
 10
25583.898420789148
 20
1965.8840655444008
 10
24592.681927820508
 20
1965.8840655444008
 10
24427.4791789924
 20
1753.6859393079753
 10
21908.13725936376
 20
1753.6859393079753
 10
21866.836572156735
 20
1796.1255645552603
 10
21660.3331361216
 20
1796.1255645552603
 10
21619.032448914575
 20
1753.6859393079753
 10
21619.032448914575
 20
395.61793139487014
 10
21495.130387293495
 20
183.41980515844924
 10
20338.711145496745
 20
183.41980515844924
 10
20297.41045828972
 20
140.9801799111641
 10
20090.907022254585
 20
140.9801799111641
 10
20049.60633504756
 20
183.41980515844924
 10
19884.40358621945
 20
183.41980515844924
 10
19843.102899012425
 20
140.9801799111641
 10
19223.592590907025
 20
183.41980515844924
 10
19099.69052928594
 20
395.61793139487014
 10
19099.69052928594
 20
3323.952073457506
 10
19140.99121649297
 20
3366.391698704791
 10
21536.43107450052
 20
3366.391698704791
 10
21619.032448914575
 20
3196.6331977156506
 10
21577.73176170755
 20
3069.3143219737954
 10
21577.73176170755
 20
2517.599193759098
 10
21619.032448914575
 20
2814.676570490089
 10
21660.3331361216
 20
2857.1161957373743
 10
21784.23519774268
 20
2857.1161957373743
 10
21866.836572156735
 20
2984.4350714792295
 10
21866.836572156735
 20
4002.9860774140584
 10
21825.53588494971
 20
4045.4257026613436
 10
21866.836572156735
 20
4087.8653279086243
 10
21866.836572156735
 20
4384.942704639615
 10
21825.53588494971
 20
4427.3823298869
 10
21825.53588494971
 20
4766.8993318651765
 10
21866.836572156735
 20
4809.338957112462
 10
21866.836572156735
 20
5106.416333843453
 10
21949.43794657079
 20
5191.295584338023
 10
22403.745505848085
 20
5191.295584338023
 10
22445.04619305511
 20
5148.855959090738
 10
22568.94825467619
 20
5191.295584338023
 10
26864.219724206978
 20
5191.295584338023
 10
26946.821098621032
 20
5106.416333843453
 10
27029.422473035083
 20
5106.416333843453
 10
27070.723160242112
 20
5148.855959090738
 10
28185.84171483184
 20
5148.855959090738
 10
28309.74377645292
 20
5233.735209585308
 10
29466.163018249666
 20
5233.735209585308
 10
29548.76439266372
 20
5276.174834832594
 10
29590.065079870747
 20
5361.054085327163
 10
29548.76439266372
 20
5403.493710574448
 10
29548.76439266372
 20
6379.605091261992
 10
29507.463705456696
 20
6422.044716509273
 10
29507.463705456696
 20
6676.682467992983
 10
29424.86233104264
 20
6719.122093240268
 10
29218.358895007506
 20
6676.682467992983
 10
29300.96026942156
 20
6591.803217498414
 10
29300.96026942156
 20
5658.131462058155
 10
29218.358895007506
 20
5573.252211563585
 10
28268.44308924589
 20
5573.252211563585
 10
28185.84171483184
 20
5658.131462058155
 10
28185.84171483184
 20
6591.803217498414
 10
28144.54102762481
 20
6634.242842745699
 10
27855.436217175626
 20
6634.242842745699
 10
27731.534155554546
 20
6804.001343734834
 10
27731.534155554546
 20
8713.784479862641
 10
27814.135529968597
 20
8798.663730357212
 10
28309.74377645292
 20
8798.663730357212
 10
28392.34515086697
 20
8713.784479862641
 10
28764.05133573021
 20
8756.224105109926
 10
28805.35202293724
 20
8713.784479862641
 10
29259.659582214535
 20
8713.784479862641
 10
29300.96026942156
 20
8671.344854615356
 10
29383.561643835616
 20
8671.344854615356
 10
29507.463705456696
 20
8756.224105109926
 10
29466.163018249666
 20
8798.663730357212
 10
29424.86233104264
 20
18135.381284759806
 10
29383.561643835616
 20
18177.820910007093
 10
29383.561643835616
 20
26708.185584711286
 10
29342.260956628586
 20
26750.625209958565
 10
29135.757520593455
 20
26750.625209958565
 10
29053.1561461794
 20
26708.185584711286
 10
29011.855458972375
 20
26623.306334216715
 10
28887.95339735129
 20
26708.185584711286
 10
28268.44308924589
 20
26708.185584711286
 10
28227.142402038866
 20
26623.306334216715
 10
27648.93278114049
 20
26623.306334216715
 10
27607.632093933466
 20
26665.745959464
 10
27607.632093933466
 20
28490.649845097232
 10
27772.83484276157
 20
28575.529095591803
 10
27979.338278796706
 20
28533.089470344516
 10
28061.939653210757
 20
28660.408346086373
 10
28020.63896600373
 20
28702.847971333656
 10
28020.63896600373
 20
29509.20085103206
 10
28103.240340417786
 20
29636.519726773917
 10
29094.456833386426
 20
29636.519726773917
 10
29135.757520593455
 20
29594.08010152663
 10
29135.757520593455
 20
28999.925348064648
 10
29177.05820780048
 20
28957.485722817364
 10
29094.456833386426
 20
28830.166847075507
 10
29135.757520593455
 20
28787.727221828223
 10
29342.260956628586
 20
28787.727221828223
 10
29383.561643835616
 20
28830.166847075507
 10
29383.561643835616
 20
29806.27822776305
 10
29424.86233104264
 20
29933.597103504908
 10
29300.96026942156
 20
30018.47635399948
 10
28103.240340417786
 20
30018.47635399948
 10
28061.939653210757
 20
30060.91597924676
 10
26740.317662585898
 20
30060.91597924676
 10
26699.016975378872
 20
30018.47635399948
 10
23064.55650116051
 20
30018.47635399948
 10
23023.255813953485
 20
30060.91597924676
 10
21866.836572156735
 20
30060.91597924676
 10
21825.53588494971
 20
30018.47635399948
 10
21371.228325672415
 20
30018.47635399948
 10
21206.025576844306
 20
29891.15747825762
 10
20503.91389432485
 20
29891.15747825762
 10
20462.613207117825
 20
29933.597103504908
 10
20297.41045828972
 20
29933.597103504908
 10
20256.10977108269
 20
29891.15747825762
 10
20214.809083875665
 20
29933.597103504908
 10
18521.480908387563
 20
29891.15747825762
 10
18438.87953397351
 20
29976.03672875219
 10
18438.87953397351
 20
30952.148109439735
 10
18480.180221180537
 20
30994.587734687022
 10
18438.87953397351
 20
31206.785860923443
 10
18480.180221180537
 20
31334.104736665297
 10
18397.578846766482
 20
31376.54436191258
 10
18314.97747235243
 20
31334.104736665297
 10
18191.075410731348
 20
31376.54436191258
 10
17984.571974696217
 20
31334.104736665297
 10
17901.970600282162
 20
31376.54436191258
 10
17819.369225868108
 20
31291.665111418013
 10
17860.669913075137
 20
31249.225486170726
 10
17860.669913075137
 20
31121.906610428872
 10
17736.767851454057
 20
31037.027359934305
 10
17406.362353797842
 20
31079.46698518159
 10
17365.061666590813
 20
31037.027359934305
 10
17488.963728211893
 20
30952.148109439735
 10
17612.865789832977
 20
31037.027359934305
 10
17778.068538661082
 20
31037.027359934305
 10
17860.669913075137
 20
30952.148109439735
 10
17860.669913075137
 20
30867.268858945165
 10
17778.068538661082
 20
30824.82923369788
 10
17860.669913075137
 20
30739.949983203314
 10
17860.669913075137
 20
30612.63110746146
 10
17819.369225868108
 20
30570.191482214173
 10
17860.669913075137
 20
30357.993355977753
 10
17819.369225868108
 20
30273.114105483182
 10
17901.970600282162
 20
30188.234854988612
 10
17860.669913075137
 20
30145.79522974133
 10
17901.970600282162
 20
30103.355604494045
 10
17901.970600282162
 20
29806.27822776305
 10
17860.669913075137
 20
29763.838602515767
 10
17901.970600282162
 20
29678.9593520212
 10
17860.669913075137
 20
29636.519726773917
 10
17860.669913075137
 20
29381.88197529021
 10
17819.369225868108
 20
29339.442350042926
 10
17819.369225868108
 20
29042.364973311935
 10
17860.669913075137
 20
28999.925348064648
 10
17943.271287489188
 20
29042.364973311935
 10
18149.774723524322
 20
29042.364973311935
 10
18232.376097938377
 20
28957.485722817364
 10
18232.376097938377
 20
28320.891344108095
 10
18108.474036317297
 20
28236.012093613524
 10
18232.376097938377
 20
27981.37434212982
 10
18232.376097938377
 20
27132.581837184127
 10
18149.774723524322
 20
27005.262961442277
 10
18025.872661903242
 20
26962.82333619499
 10
17695.467164247028
 20
26962.82333619499
 10
17695.467164247028
 20
26198.910081743867
 10
17736.767851454057
 20
26156.470456496583
 10
17736.767851454057
 20
25816.953454518305
 10
17695.467164247028
 20
25774.51382927102
 10
17695.467164247028
 20
25647.19495352917
 10
17736.767851454057
 20
25604.755328281884
 10
17695.467164247028
 20
25477.43645254003
 10
17695.467164247028
 20
25307.677951550893
 10
17736.767851454057
 20
25265.23832630361
 10
17736.767851454057
 20
25137.919450561752
 10
17695.467164247028
 20
25095.47982531447
 10
17695.467164247028
 20
24968.16094957262
 10
17736.767851454057
 20
24925.72132432533
 10
17736.767851454057
 20
18559.777537232654
 10
17778.068538661082
 20
18517.337911985367
 10
17778.068538661082
 20
14782.65089022433
 10
17819.369225868108
 20
14740.211264977044
 10
17778.068538661082
 20
14697.771639729759
 10
17778.068538661082
 20
14315.815012504198
 10
17819.369225868108
 20
14273.375387256912
 10
17778.068538661082
 20
14146.056511515062
 10
17819.369225868108
 20
14061.177261020492
 10
17819.369225868108
 20
13848.979134784071
 10
17778.068538661082
 20
13806.539509536786
 10
17819.369225868108
 20
13467.02250755851
 10
17778.068538661082
 20
13424.582882311224
 10
17778.068538661082
 20
13254.824381322083
 10
17819.369225868108
 20
13212.384756074798
 10
17860.669913075137
 20
3918.1068269194884
 10
17778.068538661082
 20
3833.227576424918
 10
17612.865789832977
 20
3875.667201672203
 10
17530.264415418922
 20
3790.7879511776327
 10
17323.760979383787
 20
3790.7879511776327
 10
17282.460292176762
 20
3748.348325930348
 10
17530.264415418922
 20
3748.348325930348
 10
17612.865789832977
 20
3663.469075435782
 10
17778.068538661082
 20
3748.348325930348
 10
17860.669913075137
 20
3663.469075435782
 10
17860.669913075137
 20
1201.9708110932781
 10
17901.970600282162
 20
1159.531185845993
 10
17901.970600282162
 20
862.4538091150018
 10
17819.369225868108
 20
650.2556828785808
 10
17736.767851454057
 20
565.3764323840106
 10
17447.663041004867
 20
565.3764323840106
 10
17406.362353797842
 20
607.8160576312957
 10
17323.760979383787
 20
565.3764323840106
 10
15093.52387020434
 20
565.3764323840106
 10
14887.020434169206
 20
480.4971818894404
 10
14804.419059755153
 20
395.61793139487014
 10
14597.915623720019
 20
395.61793139487014
 10
14556.614936512993
 20
353.17830614758503
 10
14391.412187684886
 20
395.61793139487014
 10
14267.510126063806
 20
522.9368071367255
 10
11500.36408319301
 20
480.4971818894404
 10
11459.06339598598
 20
565.3764323840106
 10
11169.958585536793
 20
565.3764323840106
 10
11169.958585536793
 20
522.9368071367255
 10
11087.35721112274
 20
480.4971818894404
 10
10880.853775087606
 20
565.3764323840106
 10
10261.343466982205
 20
565.3764323840106
 10
10220.042779775178
 20
522.9368071367255
 10
9930.93796932599
 20
565.3764323840106
 10
9889.637282118965
 20
438.05755664215525
 10
9807.03590770491
 20
353.17830614758503
 10
9724.434533290858
 20
395.61793139487014
 10
9724.434533290858
 20
310.7386809002999
 10
9641.833158876803
 20
225.85943040573434
 10
9641.833158876803
 20
98.54055466387899
 10
9724.434533290858
 20
-28.77832107797169
 10
9600.532471669778
 20
-198.53682206711215
 10
9476.630410048698
 20
140.9801799111641
 10
9476.630410048698
 20
-28.77832107797169
 10
9394.029035634643
 20
-156.09719681982705
 10
9600.532471669778
 20
-283.4160725616824
 10
9517.931097255723
 20
-538.0538240453884
 10
9559.23178446275
 20
-580.4934492926735
 10
9724.434533290858
 20
-580.4934492926735
 10
9724.434533290858
 20
-410.7349483035331
 10
9765.735220497883
 20
-368.29532305625264
 10
9848.336594911938
 20
-368.29532305625264
 10
9930.93796932599
 20
-453.1745735508182
 10
9848.336594911938
 20
-538.0538240453884
 10
9972.238656533018
 20
-495.6141987981033
 10
10054.84003094707
 20
-580.4934492926735
 10
10922.154462294633
 20
-538.0538240453884
 10
11087.35721112274
 20
-410.7349483035331
 10
11252.559959950848
 20
-410.7349483035331
 10
11293.860647157875
 20
-495.6141987981033
 10
11417.762708778955
 20
-495.6141987981033
 10
11376.462021571928
 20
-453.1745735508182
 10
11417.762708778955
 20
-410.7349483035331
 10
11541.664770400037
 20
-410.7349483035331
 10
11582.965457607064
 20
-453.1745735508182
 10
11541.664770400037
 20
-495.6141987981033
 10
11706.867519228144
 20
-538.0538240453884
 10
11706.867519228144
 20
-495.6141987981033
 10
11830.769580849224
 20
-410.7349483035331
 10
11872.070268056252
 20
-453.1745735508182
 10
11830.769580849224
 20
-538.0538240453884
 10
19925.70427342648
 20
-538.0538240453884
 10
19967.004960633505
 20
-495.6141987981033
 10
21288.62695125836
 20
-495.6141987981033
 10
21329.92763846539
 20
-538.0538240453884
 10
27318.527283484273
 20
-538.0538240453884
 10
27359.8279706913
 20
-495.6141987981033
 10
45449.528967369035
 20
-453.1745735508182
 10
45490.82965457606
 20
-410.7349483035331
 10
45532.1303417831
 20
-453.1745735508182
 10
47142.857142857145
 20
-453.1745735508182
 10
47184.15783006417
 20
-410.7349483035331
 10
50818.61830428252
 20
-410.7349483035331
 10
50859.91899148955
 20
-453.1745735508182
 10
50901.21967869659
 20
-410.7349483035331
 10
51149.02380193874
 20
-410.7349483035331
 10
51190.32448914576
 20
-368.29532305625264
 10
51190.32448914576
 20
-240.9764473143973
 10
51272.92586355982
 20
-156.09719681982705
 10
52883.65266463387
 20
-156.09719681982705
 10
52924.95335184089
 20
-113.65757157254193
 10
52883.65266463387
 20
13.661304169308755
 10
52801.05129021981
 20
-113.65757157254193
 10
52635.8485413917
 20
-113.65757157254193
 10
52594.54785418468
 20
-156.09719681982705
 10
51272.92586355982
 20
-156.09719681982705
 10
51190.32448914576
 20
-71.2179463252568
 10
51314.22655076685
 20
565.3764323840106
 10
51272.92586355982
 20
438.05755664215525
 10
51190.32448914576
 20
522.9368071367255
 10
51190.32448914576
 20
1032.2123101041375
 10
51149.02380193874
 20
1074.6519353514227
 10
51190.32448914576
 20
1117.091560598708
 10
51190.32448914576
 20
1499.0481878242692
 10
51149.02380193874
 20
1541.4878130715542
 10
51149.02380193874
 20
6506.923967003843
 10
51107.723114731714
 20
6549.3635922511285
 10
51107.723114731714
 20
6761.561718487554
 10
51149.02380193874
 20
6804.001343734834
 10
51107.723114731714
 20
6931.32021947669
 10
51149.02380193874
 20
6973.759844723975
 10
51107.723114731714
 20
7058.639095218545
 10
51149.02380193874
 20
7101.078720465825
 10
51149.02380193874
 20
7398.156097196821
 10
51190.32448914576
 20
7440.595722444106
 10
51231.6251763528
 20
7355.716471949536
 10
51231.6251763528
 20
7483.035347691387
 10
51190.32448914576
 20
7525.474972938672
 10
51231.6251763528
 20
7737.673099175097
 10
51149.02380193874
 20
7822.552349669663
 10
51149.02380193874
 20
8034.7504759060885
 10
51190.32448914576
 20
8077.190101153374
 10
51314.22655076685
 20
8034.7504759060885
 10
51479.42929959495
 20
8077.190101153374
 10
51149.02380193874
 20
8077.190101153374
 10
51107.723114731714
 20
8119.629726400659
 10
51107.723114731714
 20
8925.982606099062
 10
51231.6251763528
 20
8968.422231346347
 10
51314.22655076685
 20
9095.741107088203
 10
51066.422427524696
 20
9265.499608077338
 10
51107.723114731714
 20
9307.939233324623
 10
51066.422427524696
 20
10453.809115001308
 10
51149.02380193874
 20
10666.007241237729
 10
51066.422427524696
 20
10793.326116979584
 10
51066.422427524696
 20
11302.601619946996
 10
51149.02380193874
 20
11387.480870441566
 10
51107.723114731714
 20
11472.360120936137
 10
51107.723114731714
 20
11684.558247172557
 10
51314.22655076685
 20
11896.756373408978
 10
51190.32448914576
 20
12108.954499645404
 10
51190.32448914576
 20
12236.273375387254
 10
51272.92586355982
 20
12321.152625881825
 10
51272.92586355982
 20
12448.47150162368
 10
51314.22655076685
 20
12490.911126870966
 10
51314.22655076685
 20
12872.867754096527
 10
51355.52723797387
 20
12915.307379343807
 10
51396.82792518091
 20
13551.90175805308
 10
51438.12861238793
 20
13594.34138330036
 10
51479.42929959495
 20
13891.41876003135
 10
51438.12861238793
 20
13636.781008547645
 10
51355.52723797387
 20
13551.90175805308
 10
51355.52723797387
 20
13127.505505580233
 10
51272.92586355982
 20
12872.867754096527
 10
51231.6251763528
 20
12321.152625881825
 10
51149.02380193874
 20
12236.273375387254
 10
51066.422427524696
 20
12321.152625881825
 10
51066.422427524696
 20
13254.824381322083
 10
51107.723114731714
 20
13297.264006569369
 10
51107.723114731714
 20
13424.582882311224
 10
51066.422427524696
 20
13467.02250755851
 10
51066.422427524696
 20
14570.452763987903
 10
51272.92586355982
 20
14697.771639729759
 10
51272.92586355982
 20
14825.090515471615
 10
51066.422427524696
 20
14909.969765966185
 10
51066.422427524696
 20
15928.520771901009
 10
51107.723114731714
 20
16055.839647642864
 10
51066.422427524696
 20
16098.27927289015
 10
51066.422427524696
 20
16777.3132768467
 10
51025.121740317656
 20
16819.752902093987
 10
51066.422427524696
 20
16904.632152588558
 10
51025.121740317656
 20
16947.07177783584
 10
51066.422427524696
 20
16989.51140308312
 10
51025.121740317656
 20
17074.39065357769
 10
51066.422427524696
 20
17116.83027882498
 10
51066.422427524696
 20
17456.347280803253
 10
51231.6251763528
 20
17541.226531297823
 10
51231.6251763528
 20
17710.98503228696
 10
51149.02380193874
 20
17710.98503228696
 10
51025.121740317656
 20
17923.183158523385
 10
51025.121740317656
 20
18135.381284759806
 10
51066.422427524696
 20
18177.820910007093
 10
51025.121740317656
 20
18220.260535254376
 10
51066.422427524696
 20
18347.579410996226
 10
51025.121740317656
 20
20384.681422865884
 10
51231.6251763528
 20
20512.00029860774
 10
51231.6251763528
 20
20639.31917434959
 10
51107.723114731714
 20
20639.31917434959
 10
51025.121740317656
 20
20724.198424844162
 10
51025.121740317656
 20
21870.068306520847
 10
51066.422427524696
 20
21912.50793176813
 10
51025.121740317656
 20
22039.82680750998
 10
51025.121740317656
 20
22931.05893770296
 10
51149.02380193874
 20
23100.817438692095
 10
51149.02380193874
 20
23228.136314433952
 10
51231.6251763528
 20
23397.894815423086
 10
51107.723114731714
 20
23482.774065917656
 10
51025.121740317656
 20
23652.532566906797
 10
51066.422427524696
 20
23822.291067895934
 10
50983.82105311063
 20
23949.609943637788
 10
50983.82105311063
 20
24501.325071852487
 10
51025.121740317656
 20
24543.76469709977
 10
50983.82105311063
 20
25986.711955507446
 10
51149.02380193874
 20
26114.030831249296
 10
51231.6251763528
 20
26241.349706991154
 10
50983.82105311063
 20
26411.108207980287
 10
50983.82105311063
 20
27047.70258668956
 10
51190.32448914576
 20
27175.02146243141
 10
51231.6251763528
 20
27132.581837184127
 10
51768.534110044144
 20
27132.581837184127
 10
51809.83479725117
 20
27175.02146243141
 10
51975.03754607927
 20
27175.02146243141
 10
51107.723114731714
 20
27175.02146243141
 10
51025.121740317656
 20
27259.90071292598
 10
51025.121740317656
 20
27387.21958866784
 10
51107.723114731714
 20
27599.41771490426
 10
51107.723114731714
 20
27726.736590646113
 10
51066.422427524696
 20
27769.176215893393
 10
51107.723114731714
 20
27896.49509163525
 10
51025.121740317656
 20
28023.813967377104
 10
51025.121740317656
 20
28405.770594602665
 10
50983.82105311063
 20
28448.210219849945
 10
51025.121740317656
 20
28533.089470344516
 10
51025.121740317656
 20
28999.925348064648
 10
50983.82105311063
 20
29042.364973311935
 10
50983.82105311063
 20
35111.23138367362
 10
51025.121740317656
 20
35153.67100892091
 10
51149.02380193874
 20
34899.03325743719
 10
51025.121740317656
 20
35323.42950991004
 10
51025.121740317656
 20
35493.18801089918
 10
50983.82105311063
 20
35535.62763614647
 10
51025.121740317656
 20
35705.3861371356
  0
LWPOLYLINE
  5
150
330
17
100
AcDbEntity
  8
RASTER_CONTOURS
100
AcDbPolyline
 90
2
 70
1
 10
22568.94825467619
 20
36002.46351386659
 10
23973.171619715104
 20
36002.46351386659
  0
LWPOLYLINE
  5
151
330
17
100
AcDbEntity
  8
RASTER_CONTOURS
100
AcDbPolyline
 90
2
 70
1
 10
25046.9894870978
 20
36044.90313911388
 10
25336.094297546988
 20
36044.90313911388
  0
LWPOLYLINE
  5
152
330
17
100
AcDbEntity
  8
RASTER_CONTOURS
100
AcDbPolyline
 90
6
 70
1
 10
21082.123515223226
 20
36044.90313911388
 10
21082.123515223226
 20
36002.46351386659
 10
22114.640695398895
 20
36002.46351386659
 10
22032.03932098484
 20
36044.90313911388
 10
21288.62695125836
 20
36044.90313911388
 10
21247.326264051335
 20
36002.46351386659
  0
LWPOLYLINE
  5
153
330
17
100
AcDbEntity
  8
RASTER_CONTOURS
100
AcDbPolyline
 90
2
 70
1
 10
42558.48086287717
 20
36087.342764361165
 10
43136.690483775536
 20
36087.342764361165
  0
LWPOLYLINE
  5
154
330
17
100
AcDbEntity
  8
RASTER_CONTOURS
100
AcDbPolyline
 90
2
 70
1
 10
39915.23688162744
 20
36087.342764361165
 10
42228.07536522096
 20
36087.342764361165
  0
TEXT
  5
156
330
17
100
AcDbEntity
  8
EDITABLE_ROOM_LABELS
100
AcDbText
 10
8237.609793837892
 20
17668.545407039674
 30
0.0
 40
400.0
  1
屋上
  7
JAPANESE
100
AcDbText
  0
TEXT
  5
157
330
17
100
AcDbEntity
  8
EDITABLE_ROOM_LABELS
100
AcDbText
 10
14969.62180858326
 20
17668.545407039674
 30
0.0
 40
400.0
  1
屋外機械置場
  7
JAPANESE
100
AcDbText
  0
TEXT
  5
158
330
17
100
AcDbEntity
  8
EDITABLE_ROOM_LABELS
100
AcDbText
 10
25583.898420789148
 20
22973.498562950244
 30
0.0
 40
400.0
  1
楽屋
  7
JAPANESE
100
AcDbText
  0
TEXT
  5
159
330
17
100
AcDbEntity
  8
EDITABLE_ROOM_LABELS
100
AcDbText
 10
25583.898420789148
 20
11939.195998656263
 30
0.0
 40
400.0
  1
楽屋
  7
JAPANESE
100
AcDbText
  0
TEXT
  5
15A
330
17
100
AcDbEntity
  8
EDITABLE_ROOM_LABELS
100
AcDbText
 10
41856.3691803577
 20
23015.938188197524
 30
0.0
 40
400.0
  1
稽古場
  7
JAPANESE
100
AcDbText
  0
TEXT
  5
15B
330
17
100
AcDbEntity
  8
EDITABLE_ROOM_LABELS
100
AcDbText
 10
41815.068493150684
 20
11939.195998656263
 30
0.0
 40
400.0
  1
事務室
  7
JAPANESE
100
AcDbText
  0
TEXT
  5
15D
330
17
100
AcDbEntity
  8
ANNOTATION
100
AcDbText
 10
-1000.0
 20
-4000.0
 30
0.0
 40
600.0
  1
RASTER REFERENCE / UNCALIBRATED
  7
JAPANESE
100
AcDbText
  0
ENDSEC
  0
SECTION
  2
OBJECTS
  0
DICTIONARY
  5
A
330
0
100
AcDbDictionary
281
1
  3
ACAD_COLOR
350
B
  3
ACAD_GROUP
350
C
  3
ACAD_LAYOUT
350
D
  3
ACAD_MATERIAL
350
E
  3
ACAD_MLEADERSTYLE
350
F
  3
ACAD_MLINESTYLE
350
10
  3
ACAD_PLOTSETTINGS
350
11
  3
ACAD_PLOTSTYLENAME
350
12
  3
ACAD_SCALELIST
350
14
  3
ACAD_TABLESTYLE
350
15
  3
ACAD_VISUALSTYLE
350
16
  3
EZDXF_META
350
2D
  0
DICTIONARY
  5
B
330
A
100
AcDbDictionary
281
1
  0
DICTIONARY
  5
C
330
A
100
AcDbDictionary
281
1
  0
DICTIONARY
  5
D
330
A
100
AcDbDictionary
281
1
  3
Model
350
1A
  3
Layout1
350
1E
  0
DICTIONARY
  5
E
330
A
100
AcDbDictionary
281
1
  3
ByBlock
350
1F
  3
ByLayer
350
20
  3
Global
350
21
  0
DICTIONARY
  5
F
330
A
100
AcDbDictionary
281
1
  3
Standard
350
2C
  0
DICTIONARY
  5
10
330
A
100
AcDbDictionary
281
1
  3
Standard
350
22
  0
DICTIONARY
  5
11
330
A
100
AcDbDictionary
281
1
  0
ACDBDICTIONARYWDFLT
  5
12
330
A
100
AcDbDictionary
281
1
  3
Normal
350
13
100
AcDbDictionaryWithDefault
340
13
  0
ACDBPLACEHOLDER
  5
13
330
12
  0
DICTIONARY
  5
14
330
A
100
AcDbDictionary
281
1
  0
DICTIONARY
  5
15
330
A
100
AcDbDictionary
281
1
  0
DICTIONARY
  5
16
330
A
100
AcDbDictionary
281
1
  0
LAYOUT
  5
1A
330
D
100
AcDbPlotSettings
  1

  4
A3
  6

 40
7.5
 41
20.0
 42
7.5
 43
20.0
 44
420.0
 45
297.0
 46
0.0
 47
0.0
 48
0.0
 49
0.0
140
0.0
141
0.0
142
1.0
143
1.0
 70
1024
 72
1
 73
0
 74
5
  7

 75
16
 76
0
 77
2
 78
300
147
1.0
148
0.0
149
0.0
100
AcDbLayout
  1
Model
 70
1
 71
0
 10
0.0
 20
0.0
 11
420.0
 21
297.0
 12
0.0
 22
0.0
 32
0.0
 14
1e+20
 24
1e+20
 34
1e+20
 15
-1e+20
 25
-1e+20
 35
-1e+20
146
0.0
 13
0.0
 23
0.0
 33
0.0
 16
1.0
 26
0.0
 36
0.0
 17
0.0
 27
1.0
 37
0.0
 76
1
330
17
  0
LAYOUT
  5
1E
330
D
100
AcDbPlotSettings
  1

  4
A3
  6

 40
7.5
 41
20.0
 42
7.5
 43
20.0
 44
420.0
 45
297.0
 46
0.0
 47
0.0
 48
0.0
 49
0.0
140
0.0
141
0.0
142
1.0
143
1.0
 70
0
 72
1
 73
0
 74
5
  7

 75
16
 76
0
 77
2
 78
300
147
1.0
148
0.0
149
0.0
100
AcDbLayout
  1
Layout1
 70
1
 71
1
 10
0.0
 20
0.0
 11
420.0
 21
297.0
 12
0.0
 22
0.0
 32
0.0
 14
1e+20
 24
1e+20
 34
1e+20
 15
-1e+20
 25
-1e+20
 35
-1e+20
146
0.0
 13
0.0
 23
0.0
 33
0.0
 16
1.0
 26
0.0
 36
0.0
 17
0.0
 27
1.0
 37
0.0
 76
1
330
1B
  0
MATERIAL
  5
1F
102
{ACAD_REACTORS
330
E
102
}
330
E
100
AcDbMaterial
  1
ByBlock
  2

 70
0
 40
1.0
 71
1
 41
1.0
 91
-1023410177
 42
1.0
 72
1
  3

 73
1
 74
1
 75
1
 44
0.5
 73
0
 45
1.0
 46
1.0
 77
1
  4

 78
1
 79
1
170
1
 48
1.0
171
1
  6

172
1
173
1
174
1
140
1.0
141
1.0
175
1
  7

176
1
177
1
178
1
143
1.0
179
1
  8

270
1
271
1
272
1
145
1.0
146
1.0
273
1
  9

274
1
275
1
276
1
 42
1.0
 72
1
  3

 73
1
 74
1
 75
1
 94
63
  0
MATERIAL
  5
20
102
{ACAD_REACTORS
330
E
102
}
330
E
100
AcDbMaterial
  1
ByLayer
  2

 70
0
 40
1.0
 71
1
 41
1.0
 91
-1023410177
 42
1.0
 72
1
  3

 73
1
 74
1
 75
1
 44
0.5
 73
0
 45
1.0
 46
1.0
 77
1
  4

 78
1
 79
1
170
1
 48
1.0
171
1
  6

172
1
173
1
174
1
140
1.0
141
1.0
175
1
  7

176
1
177
1
178
1
143
1.0
179
1
  8

270
1
271
1
272
1
145
1.0
146
1.0
273
1
  9

274
1
275
1
276
1
 42
1.0
 72
1
  3

 73
1
 74
1
 75
1
 94
63
  0
MATERIAL
  5
21
102
{ACAD_REACTORS
330
E
102
}
330
E
100
AcDbMaterial
  1
Global
  2

 70
0
 40
1.0
 71
1
 41
1.0
 91
-1023410177
 42
1.0
 72
1
  3

 73
1
 74
1
 75
1
 44
0.5
 73
0
 45
1.0
 46
1.0
 77
1
  4

 78
1
 79
1
170
1
 48
1.0
171
1
  6

172
1
173
1
174
1
140
1.0
141
1.0
175
1
  7

176
1
177
1
178
1
143
1.0
179
1
  8

270
1
271
1
272
1
145
1.0
146
1.0
273
1
  9

274
1
275
1
276
1
 42
1.0
 72
1
  3

 73
1
 74
1
 75
1
 94
63
  0
MLINESTYLE
  5
22
102
{ACAD_REACTORS
330
10
102
}
330
10
100
AcDbMlineStyle
  2
Standard
 70
0
  3

 62
256
 51
90.0
 52
90.0
 71
2
 49
0.5
 62
256
  6
BYLAYER
 49
-0.5
 62
256
  6
BYLAYER
  0
MLEADERSTYLE
  5
2C
102
{ACAD_REACTORS
330
F
102
}
330
F
100
AcDbMLeaderStyle
179
2
170
2
171
1
172
0
 90
2
 40
0.0
 41
0.0
173
1
 91
-1056964608
 92
-2
290
1
 42
2.0
291
1
 43
8.0
  3
Standard
 44
4.0
300

342
29
174
1
175
1
176
0
178
1
 93
-1056964608
 45
4.0
292
0
297
0
 46
4.0
 94
-1056964608
 47
1.0
 49
1.0
140
1.0
294
1
141
0.0
177
0
142
1.0
295
0
296
0
143
3.75
271
0
272
9
273
9
  0
DICTIONARY
  5
2D
330
A
100
AcDbDictionary
280
1
281
1
  3
CREATED_BY_EZDXF
350
2E
  3
WRITTEN_BY_EZDXF
350
161
  0
DICTIONARYVAR
  5
2E
330
2D
100
DictionaryVariables
280
0
  1
1.4.4 @ 2026-09-10T15:48:16.538580+00:00
  0
DICTIONARYVAR
  5
161
330
2D
100
DictionaryVariables
280
0
  1
1.4.4 @ 2026-09-10T15:48:16.612197+00:00
  0
ENDSEC
  0
EOF
