  0
SECTION
  2
HEADER
  9
$ACADVER
  1
AC1024
  9
$ACADMAINTVER
 70
6
  9
$DWGCODEPAGE
  3
ANSI_1252
  9
$LASTSAVEDBY
  1
ezdxf
  9
$INSBASE
 10
0.0
 20
0.0
 30
0.0
  9
$EXTMIN
 10
1e+20
 20
1e+20
 30
1e+20
  9
$EXTMAX
 10
-1e+20
 20
-1e+20
 30
-1e+20
  9
$LIMMIN
 10
0.0
 20
0.0
  9
$LIMMAX
 10
420.0
 20
297.0
  9
$ORTHOMODE
 70
0
  9
$REGENMODE
 70
1
  9
$FILLMODE
 70
1
  9
$QTEXTMODE
 70
0
  9
$MIRRTEXT
 70
1
  9
$LTSCALE
 40
1.0
  9
$ATTMODE
 70
1
  9
$TEXTSIZE
 40
2.5
  9
$TRACEWID
 40
1.0
  9
$TEXTSTYLE
  7
Standard
  9
$CLAYER
  8
0
  9
$CELTYPE
  6
ByLayer
  9
$CECOLOR
 62
256
  9
$CELTSCALE
 40
1.0
  9
$DISPSILH
 70
0
  9
$DIMSCALE
 40
1.0
  9
$DIMASZ
 40
2.5
  9
$DIMEXO
 40
0.625
  9
$DIMDLI
 40
3.75
  9
$DIMRND
 40
0.0
  9
$DIMDLE
 40
0.0
  9
$DIMEXE
 40
1.25
  9
$DIMTP
 40
0.0
  9
$DIMTM
 40
0.0
  9
$DIMTXT
 40
2.5
  9
$DIMCEN
 40
2.5
  9
$DIMTSZ
 40
0.0
  9
$DIMTOL
 70
0
  9
$DIMLIM
 70
0
  9
$DIMTIH
 70
0
  9
$DIMTOH
 70
0
  9
$DIMSE1
 70
0
  9
$DIMSE2
 70
0
  9
$DIMTAD
 70
1
  9
$DIMZIN
 70
8
  9
$DIMBLK
  1

  9
$DIMASO
 70
1
  9
$DIMSHO
 70
1
  9
$DIMPOST
  1

  9
$DIMAPOST
  1

  9
$DIMALT
 70
0
  9
$DIMALTD
 70
3
  9
$DIMALTF
 40
0.03937007874
  9
$DIMLFAC
 40
1.0
  9
$DIMTOFL
 70
1
  9
$DIMTVP
 40
0.0
  9
$DIMTIX
 70
0
  9
$DIMSOXD
 70
0
  9
$DIMSAH
 70
0
  9
$DIMBLK1
  1

  9
$DIMBLK2
  1

  9
$DIMSTYLE
  2
ISO-25
  9
$DIMCLRD
 70
0
  9
$DIMCLRE
 70
0
  9
$DIMCLRT
 70
0
  9
$DIMTFAC
 40
1.0
  9
$DIMGAP
 40
0.625
  9
$DIMJUST
 70
0
  9
$DIMSD1
 70
0
  9
$DIMSD2
 70
0
  9
$DIMTOLJ
 70
0
  9
$DIMTZIN
 70
8
  9
$DIMALTZ
 70
0
  9
$DIMALTTZ
 70
0
  9
$DIMUPT
 70
0
  9
$DIMDEC
 70
2
  9
$DIMTDEC
 70
2
  9
$DIMALTU
 70
2
  9
$DIMALTTD
 70
3
  9
$DIMTXSTY
  7
Standard
  9
$DIMAUNIT
 70
0
  9
$DIMADEC
 70
0
  9
$DIMALTRND
 40
0.0
  9
$DIMAZIN
 70
0
  9
$DIMDSEP
 70
44
  9
$DIMATFIT
 70
3
  9
$DIMFRAC
 70
0
  9
$DIMLDRBLK
  1

  9
$DIMLUNIT
 70
2
  9
$DIMLWD
 70
-2
  9
$DIMLWE
 70
-2
  9
$DIMTMOVE
 70
0
  9
$DIMFXL
 40
1.0
  9
$DIMFXLON
 70
0
  9
$DIMJOGANG
 40
0.785398163397
  9
$DIMTFILL
 70
0
  9
$DIMTFILLCLR
 70
0
  9
$DIMARCSYM
 70
0
  9
$DIMLTYPE
  6

  9
$DIMLTEX1
  6

  9
$DIMLTEX2
  6

  9
$DIMTXTDIRECTION
 70
0
  9
$LUNITS
 70
2
  9
$LUPREC
 70
4
  9
$SKETCHINC
 40
1.0
  9
$FILLETRAD
 40
10.0
  9
$AUNITS
 70
0
  9
$AUPREC
 70
2
  9
$MENU
  1
.
  9
$ELEVATION
 40
0.0
  9
$PELEVATION
 40
0.0
  9
$THICKNESS
 40
0.0
  9
$LIMCHECK
 70
0
  9
$CHAMFERA
 40
0.0
  9
$CHAMFERB
 40
0.0
  9
$CHAMFERC
 40
0.0
  9
$CHAMFERD
 40
0.0
  9
$SKPOLY
 70
0
  9
$TDCREATE
 40
2461295.0335069443
  9
$TDUCREATE
 40
2458532.153996898
  9
$TDUPDATE
 40
2461295.0335069443
  9
$TDUUPDATE
 40
2458532.1544311
  9
$TDINDWG
 40
0.0
  9
$TDUSRTIMER
 40
0.0
  9
$USRTIMER
 70
1
  9
$ANGBASE
 50
0.0
  9
$ANGDIR
 70
0
  9
$PDMODE
 70
0
  9
$PDSIZE
 40
0.0
  9
$PLINEWID
 40
0.0
  9
$SPLFRAME
 70
0
  9
$SPLINETYPE
 70
6
  9
$SPLINESEGS
 70
8
  9
$HANDSEED
  5
18E
  9
$SURFTAB1
 70
6
  9
$SURFTAB2
 70
6
  9
$SURFTYPE
 70
6
  9
$SURFU
 70
6
  9
$SURFV
 70
6
  9
$UCSBASE
  2

  9
$UCSNAME
  2

  9
$UCSORG
 10
0.0
 20
0.0
 30
0.0
  9
$UCSXDIR
 10
1.0
 20
0.0
 30
0.0
  9
$UCSYDIR
 10
0.0
 20
1.0
 30
0.0
  9
$UCSORTHOREF
  2

  9
$UCSORTHOVIEW
 70
0
  9
$UCSORGTOP
 10
0.0
 20
0.0
 30
0.0
  9
$UCSORGBOTTOM
 10
0.0
 20
0.0
 30
0.0
  9
$UCSORGLEFT
 10
0.0
 20
0.0
 30
0.0
  9
$UCSORGRIGHT
 10
0.0
 20
0.0
 30
0.0
  9
$UCSORGFRONT
 10
0.0
 20
0.0
 30
0.0
  9
$UCSORGBACK
 10
0.0
 20
0.0
 30
0.0
  9
$PUCSBASE
  2

  9
$PUCSNAME
  2

  9
$PUCSORG
 10
0.0
 20
0.0
 30
0.0
  9
$PUCSXDIR
 10
1.0
 20
0.0
 30
0.0
  9
$PUCSYDIR
 10
0.0
 20
1.0
 30
0.0
  9
$PUCSORTHOREF
  2

  9
$PUCSORTHOVIEW
 70
0
  9
$PUCSORGTOP
 10
0.0
 20
0.0
 30
0.0
  9
$PUCSORGBOTTOM
 10
0.0
 20
0.0
 30
0.0
  9
$PUCSORGLEFT
 10
0.0
 20
0.0
 30
0.0
  9
$PUCSORGRIGHT
 10
0.0
 20
0.0
 30
0.0
  9
$PUCSORGFRONT
 10
0.0
 20
0.0
 30
0.0
  9
$PUCSORGBACK
 10
0.0
 20
0.0
 30
0.0
  9
$USERI1
 70
0
  9
$USERI2
 70
0
  9
$USERI3
 70
0
  9
$USERI4
 70
0
  9
$USERI5
 70
0
  9
$USERR1
 40
0.0
  9
$USERR2
 40
0.0
  9
$USERR3
 40
0.0
  9
$USERR4
 40
0.0
  9
$USERR5
 40
0.0
  9
$WORLDVIEW
 70
1
  9
$SHADEDGE
 70
3
  9
$SHADEDIF
 70
70
  9
$TILEMODE
 70
1
  9
$MAXACTVP
 70
64
  9
$PINSBASE
 10
0.0
 20
0.0
 30
0.0
  9
$PLIMCHECK
 70
0
  9
$PEXTMIN
 10
1e+20
 20
1e+20
 30
1e+20
  9
$PEXTMAX
 10
-1e+20
 20
-1e+20
 30
-1e+20
  9
$PLIMMIN
 10
0.0
 20
0.0
  9
$PLIMMAX
 10
420.0
 20
297.0
  9
$UNITMODE
 70
0
  9
$VISRETAIN
 70
1
  9
$PLINEGEN
 70
0
  9
$PSLTSCALE
 70
1
  9
$TREEDEPTH
 70
3020
  9
$CMLSTYLE
  2
Standard
  9
$CMLJUST
 70
0
  9
$CMLSCALE
 40
20.0
  9
$PROXYGRAPHICS
 70
1
  9
$MEASUREMENT
 70
1
  9
$CELWEIGHT
370
-1
  9
$ENDCAPS
280
0
  9
$JOINSTYLE
280
0
  9
$LWDISPLAY
290
0
  9
$INSUNITS
 70
4
  9
$HYPERLINKBASE
  1

  9
$STYLESHEET
  1

  9
$XEDIT
290
1
  9
$CEPSNTYPE
380
0
  9
$PSTYLEMODE
290
1
  9
$FINGERPRINTGUID
  2
{AA7031B0-2F57-4C9D-AFCC-C4F66ACA8436}
  9
$VERSIONGUID
  2
{B376A87F-4866-40C2-BCE3-D4D515E51240}
  9
$EXTNAMES
290
1
  9
$PSVPSCALE
 40
0.0
  9
$OLESTARTUP
290
0
  9
$SORTENTS
280
127
  9
$INDEXCTL
280
0
  9
$HIDETEXT
280
1
  9
$XCLIPFRAME
280
1
  9
$HALOGAP
280
0
  9
$OBSCOLOR
 70
257
  9
$OBSLTYPE
280
0
  9
$INTERSECTIONDISPLAY
280
0
  9
$INTERSECTIONCOLOR
 70
257
  9
$DIMASSOC
280
2
  9
$PROJECTNAME
  1

  9
$CAMERADISPLAY
290
0
  9
$LENSLENGTH
 40
50.0
  9
$CAMERAHEIGHT
 40
0.0
  9
$STEPSPERSEC
 40
24.0
  9
$STEPSIZE
 40
100.0
  9
$3DDWFPREC
 40
2.0
  9
$PSOLWIDTH
 40
0.005
  9
$PSOLHEIGHT
 40
0.08
  9
$LOFTANG1
 40
1.570796326795
  9
$LOFTANG2
 40
1.570796326795
  9
$LOFTMAG1
 40
0.0
  9
$LOFTMAG2
 40
0.0
  9
$LOFTPARAM
 70
7
  9
$LOFTNORMALS
280
1
  9
$LATITUDE
 40
37.795
  9
$LONGITUDE
 40
-122.394
  9
$NORTHDIRECTION
 40
0.0
  9
$TIMEZONE
 70
-8000
  9
$LIGHTGLYPHDISPLAY
280
1
  9
$TILEMODELIGHTSYNCH
280
1
  9
$CMATERIAL
347
20
  9
$SOLIDHIST
280
0
  9
$SHOWHIST
280
1
  9
$DWFFRAME
280
2
  9
$DGNFRAME
280
2
  9
$REALWORLDSCALE
290
1
  9
$INTERFERECOLOR
 62
256
  9
$CSHADOW
280
0
  9
$SHADOWPLANELOCATION
 40
0.0
  0
ENDSEC
  0
SECTION
  2
CLASSES
  0
CLASS
  1
ACDBDICTIONARYWDFLT
  2
AcDbDictionaryWithDefault
  3
ObjectDBX Classes
 90
0
 91
0
280
0
281
0
  0
CLASS
  1
SUN
  2
AcDbSun
  3
SCENEOE
 90
1153
 91
0
280
0
281
0
  0
CLASS
  1
VISUALSTYLE
  2
AcDbVisualStyle
  3
ObjectDBX Classes
 90
4095
 91
0
280
0
281
0
  0
CLASS
  1
MATERIAL
  2
AcDbMaterial
  3
ObjectDBX Classes
 90
1153
 91
0
280
0
281
0
  0
CLASS
  1
SCALE
  2
AcDbScale
  3
ObjectDBX Classes
 90
1153
 91
0
280
0
281
0
  0
CLASS
  1
TABLESTYLE
  2
AcDbTableStyle
  3
ObjectDBX Classes
 90
4095
 91
0
280
0
281
0
  0
CLASS
  1
MLEADERSTYLE
  2
AcDbMLeaderStyle
  3
ACDB_MLEADERSTYLE_CLASS
 90
4095
 91
0
280
0
281
0
  0
CLASS
  1
DICTIONARYVAR
  2
AcDbDictionaryVar
  3
ObjectDBX Classes
 90
0
 91
0
280
0
281
0
  0
CLASS
  1
CELLSTYLEMAP
  2
AcDbCellStyleMap
  3
ObjectDBX Classes
 90
1152
 91
0
280
0
281
0
  0
CLASS
  1
MENTALRAYRENDERSETTINGS
  2
AcDbMentalRayRenderSettings
  3
SCENEOE
 90
1024
 91
0
280
0
281
0
  0
CLASS
  1
ACDBDETAILVIEWSTYLE
  2
AcDbDetailViewStyle
  3
ObjectDBX Classes
 90
1025
 91
0
280
0
281
0
  0
CLASS
  1
ACDBSECTIONVIEWSTYLE
  2
AcDbSectionViewStyle
  3
ObjectDBX Classes
 90
1025
 91
0
280
0
281
0
  0
CLASS
  1
RASTERVARIABLES
  2
AcDbRasterVariables
  3
ISM
 90
0
 91
0
280
0
281
0
  0
CLASS
  1
ACDBPLACEHOLDER
  2
AcDbPlaceHolder
  3
ObjectDBX Classes
 90
0
 91
0
280
0
281
0
  0
CLASS
  1
LAYOUT
  2
AcDbLayout
  3
ObjectDBX Classes
 90
0
 91
0
280
0
281
0
  0
ENDSEC
  0
SECTION
  2
TABLES
  0
TABLE
  2
VPORT
  5
8
330
0
100
AcDbSymbolTable
 70
1
  0
VPORT
  5
18A
330
8
100
AcDbSymbolTableRecord
100
AcDbViewportTableRecord
  2
*Active
 70
0
 10
0.0
 20
0.0
 11
1.0
 21
1.0
 12
26000.0
 22
17000.0
 13
0.0
 23
0.0
 14
0.5
 24
0.5
 15
0.5
 25
0.5
 16
0.0
 26
0.0
 36
1.0
 17
0.0
 27
0.0
 37
0.0
 40
50000.0
 41
1.34
 42
50.0
 43
0.0
 44
0.0
 50
0.0
 51
0.0
 71
0
 72
1000
 73
1
 74
3
 75
0
 76
0
 77
0
 78
0
281
0
 65
1
110
0.0
120
0.0
130
0.0
111
1.0
121
0.0
131
0.0
112
0.0
122
1.0
132
0.0
 79
0
146
0.0
  0
ENDTAB
  0
TABLE
  2
LTYPE
  5
2
330
0
100
AcDbSymbolTable
 70
3
  0
LTYPE
  5
24
330
2
100
AcDbSymbolTableRecord
100
AcDbLinetypeTableRecord
  2
ByBlock
 70
0
  3

 72
65
 73
0
 40
0.0
  0
LTYPE
  5
25
330
2
100
AcDbSymbolTableRecord
100
AcDbLinetypeTableRecord
  2
ByLayer
 70
0
  3

 72
65
 73
0
 40
0.0
  0
LTYPE
  5
26
330
2
100
AcDbSymbolTableRecord
100
AcDbLinetypeTableRecord
  2
Continuous
 70
0
  3

 72
65
 73
0
 40
0.0
  0
ENDTAB
  0
TABLE
  2
LAYER
  5
1
330
0
100
AcDbSymbolTable
 70
5
  0
LAYER
  5
27
330
1
100
AcDbSymbolTableRecord
100
AcDbLayerTableRecord
  2
0
 70
0
 62
7
  6
Continuous
370
-3
390
13
347
21
  0
LAYER
  5
28
330
1
100
AcDbSymbolTableRecord
100
AcDbLayerTableRecord
  2
Defpoints
 70
0
 62
7
  6
Continuous
290
0
370
-3
390
13
347
21
  0
LAYER
  5
31
330
1
100
AcDbSymbolTableRecord
100
AcDbLayerTableRecord
  2
RASTER_CONTOURS
 70
0
 62
7
420
5264735
  6
Continuous
370
18
390
13
347
21
  0
LAYER
  5
17E
330
1
100
AcDbSymbolTableRecord
100
AcDbLayerTableRecord
  2
EDITABLE_ROOM_LABELS
 70
0
 62
7
420
5264735
  6
Continuous
370
18
390
13
347
21
  0
LAYER
  5
188
330
1
100
AcDbSymbolTableRecord
100
AcDbLayerTableRecord
  2
ANNOTATION
 70
0
 62
7
420
5264735
  6
Continuous
370
18
390
13
347
21
  0
ENDTAB
  0
TABLE
  2
STYLE
  5
5
330
0
100
AcDbSymbolTable
 70
2
  0
STYLE
  5
29
330
5
100
AcDbSymbolTableRecord
100
AcDbTextStyleTableRecord
  2
Standard
 70
0
 40
0.0
 41
1.0
 50
0.0
 71
0
 42
2.5
  3
txt
  4

  0
STYLE
  5
2F
330
5
100
AcDbSymbolTableRecord
100
AcDbTextStyleTableRecord
  2
JAPANESE
 70
0
 40
0.0
 41
1.0
 50
0.0
 71
0
 42
2.5
  3
msgothic.ttc
  4

  0
ENDTAB
  0
TABLE
  2
VIEW
  5
7
330
0
100
AcDbSymbolTable
 70
0
  0
ENDTAB
  0
TABLE
  2
UCS
  5
6
330
0
100
AcDbSymbolTable
 70
0
  0
ENDTAB
  0
TABLE
  2
APPID
  5
3
330
0
100
AcDbSymbolTable
 70
4
  0
APPID
  5
2A
330
3
100
AcDbSymbolTableRecord
100
AcDbRegAppTableRecord
  2
ACAD
 70
0
  0
APPID
  5
30
330
3
100
AcDbSymbolTableRecord
100
AcDbRegAppTableRecord
  2
SHOCHIKUZA
 70
0
  0
APPID
  5
18B
330
3
100
AcDbSymbolTableRecord
100
AcDbRegAppTableRecord
  2
HATCHBACKGROUNDCOLOR
 70
0
  0
APPID
  5
18C
330
3
100
AcDbSymbolTableRecord
100
AcDbRegAppTableRecord
  2
EZDXF
 70
0
  0
ENDTAB
  0
TABLE
  2
DIMSTYLE
  5
4
330
0
100
AcDbSymbolTable
 70
1
100
AcDbDimStyleTable
  0
DIMSTYLE
105
2B
330
4
100
AcDbSymbolTableRecord
100
AcDbDimStyleTableRecord
  2
Standard
 70
0
 40
1.0
 41
2.5
 42
0.625
 43
3.75
 44
1.25
 45
0.0
 46
0.0
 47
0.0
 48
0.0
 49
2.5
140
2.5
141
2.5
142
0.0
143
0.03937007874
144
1.0
145
0.0
146
1.0
147
0.625
148
0.0
 69
0
 70
0
 71
0
 72
0
 73
0
 74
0
 75
0
 76
0
 77
1
 78
8
 79
3
170
0
171
3
172
1
173
0
174
0
175
0
176
0
177
0
178
0
179
2
271
2
272
2
273
2
274
3
275
0
276
0
277
2
278
44
279
0
280
0
281
0
282
0
283
0
284
8
285
0
286
0
288
0
289
3
290
0
371
-2
372
-2
  0
ENDTAB
  0
TABLE
  2
BLOCK_RECORD
  5
9
330
0
100
AcDbSymbolTable
 70
2
  0
BLOCK_RECORD
  5
17
330
9
100
AcDbSymbolTableRecord
100
AcDbBlockTableRecord
  2
*Model_Space
340
1A
 70
0
280
1
281
0
  0
BLOCK_RECORD
  5
1B
330
9
100
AcDbSymbolTableRecord
100
AcDbBlockTableRecord
  2
*Paper_Space
340
1E
 70
0
280
1
281
0
  0
ENDTAB
  0
ENDSEC
  0
SECTION
  2
BLOCKS
  0
BLOCK
  5
18
330
17
100
AcDbEntity
  8
0
100
AcDbBlockBegin
  2
*Model_Space
 70
0
 10
0.0
 20
0.0
 30
0.0
  3
*Model_Space
  1

  0
ENDBLK
  5
19
330
17
100
AcDbEntity
  8
0
100
AcDbBlockEnd
  0
BLOCK
  5
1C
330
1B
100
AcDbEntity
  8
0
100
AcDbBlockBegin
  2
*Paper_Space
 70
0
 10
0.0
 20
0.0
 30
0.0
  3
*Paper_Space
  1

  0
ENDBLK
  5
1D
330
1B
100
AcDbEntity
  8
0
100
AcDbBlockEnd
  0
ENDSEC
  0
SECTION
  2
ENTITIES
  0
LWPOLYLINE
  5
32
330
17
100
AcDbEntity
  8
RASTER_CONTOURS
100
AcDbPolyline
 90
6
 70
1
 10
82.1917808219178
 20
-3000.0
 10
123.2876712328767
 20
-2958.9041095890407
 10
493.1506849315068
 20
-2958.9041095890407
 10
534.2465753424657
 20
-3041.095890410959
 10
493.1506849315068
 20
-3082.1917808219177
 10
123.2876712328767
 20
-3082.1917808219177
  0
LWPOLYLINE
  5
33
330
17
100
AcDbEntity
  8
RASTER_CONTOURS
100
AcDbPolyline
 90
6
 70
1
 10
2876.712328767123
 20
-2958.9041095890407
 10
2917.808219178082
 20
-2917.808219178082
 10
3164.3835616438355
 20
-2917.808219178082
 10
3205.4794520547944
 20
-3041.095890410959
 10
3164.3835616438355
 20
-3082.1917808219177
 10
2958.9041095890407
 20
-3082.1917808219177
  0
LWPOLYLINE
  5
34
330
17
100
AcDbEntity
  8
RASTER_CONTOURS
100
AcDbPolyline
 90
7
 70
1
 10
6246.575342465753
 20
-3041.095890410959
 10
6246.575342465753
 20
-2958.9041095890407
 10
6328.767123287671
 20
-2876.712328767123
 10
6452.054794520547
 20
-2876.712328767123
 10
6534.246575342465
 20
-2958.9041095890407
 10
6452.054794520547
 20
-3082.1917808219177
 10
6287.671232876712
 20
-3082.1917808219177
  0
LWPOLYLINE
  5
35
330
17
100
AcDbEntity
  8
RASTER_CONTOURS
100
AcDbPolyline
 90
6
 70
1
 10
82.1917808219178
 20
-2794.520547945205
 10
123.2876712328767
 20
-2753.4246575342463
 10
493.1506849315068
 20
-2753.4246575342463
 10
534.2465753424657
 20
-2835.616438356164
 10
493.1506849315068
 20
-2876.712328767123
 10
123.2876712328767
 20
-2876.712328767123
  0
LWPOLYLINE
  5
36
330
17
100
AcDbEntity
  8
RASTER_CONTOURS
100
AcDbPolyline
 90
5
 70
1
 10
5794.520547945205
 20
-2753.4246575342463
 10
5753.424657534246
 20
-2794.520547945205
 10
5794.520547945205
 20
-3041.095890410959
 10
5835.616438356164
 20
-3041.095890410959
 10
5835.616438356164
 20
-2794.520547945205
  0
LWPOLYLINE
  5
37
330
17
100
AcDbEntity
  8
RASTER_CONTOURS
100
AcDbPolyline
 90
6
 70
1
 10
6246.575342465753
 20
-2712.3287671232874
 10
6287.671232876712
 20
-2671.2328767123286
 10
6452.054794520547
 20
-2671.2328767123286
 10
6493.1506849315065
 20
-2753.4246575342463
 10
6410.958904109589
 20
-2835.616438356164
 10
6328.767123287671
 20
-2835.616438356164
  0
LWPOLYLINE
  5
38
330
17
100
AcDbEntity
  8
RASTER_CONTOURS
100
AcDbPolyline
 90
6
 70
1
 10
2876.712328767123
 20
-2753.4246575342463
 10
2958.9041095890407
 20
-2671.2328767123286
 10
3164.3835616438355
 20
-2671.2328767123286
 10
3205.4794520547944
 20
-2712.3287671232874
 10
3123.2876712328766
 20
-2835.616438356164
 10
3000.0
 20
-2835.616438356164
  0
LWPOLYLINE
  5
39
330
17
100
AcDbEntity
  8
RASTER_CONTOURS
100
AcDbPolyline
 90
7
 70
1
 10
10849.31506849315
 20
-2589.041095890411
 10
11013.698630136985
 20
-2712.3287671232874
 10
11013.698630136985
 20
-2876.712328767123
 10
10890.410958904109
 20
-3000.0
 10
10767.123287671233
 20
-3000.0
 10
10684.931506849314
 20
-2917.808219178082
 10
10684.931506849314
 20
-2712.3287671232874
  0
LWPOLYLINE
  5
3A
330
17
100
AcDbEntity
  8
RASTER_CONTOURS
100
AcDbPolyline
 90
11
 70
1
 10
0.0
 20
-2671.2328767123286
 10
-41.0958904109589
 20
-3205.4794520547944
 10
82.1917808219178
 20
-3205.4794520547944
 10
123.2876712328767
 20
-3164.3835616438355
 10
493.1506849315068
 20
-3164.3835616438355
 10
616.4383561643835
 20
-3205.4794520547944
 10
616.4383561643835
 20
-2671.2328767123286
 10
369.8630136986301
 20
-2671.2328767123286
 10
328.7671232876712
 20
-2589.041095890411
 10
246.5753424657534
 20
-2547.945205479452
 10
164.3835616438356
 20
-2671.2328767123286
  0
LWPOLYLINE
  5
3B
330
17
100
AcDbEntity
  8
RASTER_CONTOURS
100
AcDbPolyline
 90
6
 70
1
 10
-410.958904109589
 20
-2465.753424657534
 10
-287.67123287671234
 20
-2589.041095890411
 10
-287.67123287671234
 20
-2712.3287671232874
 10
-410.958904109589
 20
-2835.616438356164
 10
-452.05479452054794
 20
-2794.520547945205
 10
-452.05479452054794
 20
-2506.849315068493
  0
LWPOLYLINE
  5
3C
330
17
100
AcDbEntity
  8
RASTER_CONTOURS
100
AcDbPolyline
 90
8
 70
1
 10
3328.767123287671
 20
-2424.6575342465753
 10
3493.1506849315065
 20
-2424.6575342465753
 10
3534.2465753424653
 20
-2465.753424657534
 10
3534.2465753424653
 20
-3041.095890410959
 10
3493.1506849315065
 20
-3082.1917808219177
 10
3369.86301369863
 20
-3082.1917808219177
 10
3287.671232876712
 20
-3000.0
 10
3287.671232876712
 20
-2465.753424657534
  0
LWPOLYLINE
  5
3D
330
17
100
AcDbEntity
  8
RASTER_CONTOURS
100
AcDbPolyline
 90
6
 70
1
 10
2876.712328767123
 20
-2465.753424657534
 10
2917.808219178082
 20
-2424.6575342465753
 10
3164.3835616438355
 20
-2424.6575342465753
 10
3205.4794520547944
 20
-2506.849315068493
 10
3123.2876712328766
 20
-2589.041095890411
 10
2958.9041095890407
 20
-2589.041095890411
  0
LWPOLYLINE
  5
3E
330
17
100
AcDbEntity
  8
RASTER_CONTOURS
100
AcDbPolyline
 90
8
 70
1
 10
2630.1369863013697
 20
-2424.6575342465753
 10
2753.4246575342463
 20
-2424.6575342465753
 10
2794.520547945205
 20
-2465.753424657534
 10
2794.520547945205
 20
-3000.0
 10
2712.3287671232874
 20
-3082.1917808219177
 10
2630.1369863013697
 20
-3082.1917808219177
 10
2547.945205479452
 20
-3000.0
 10
2547.945205479452
 20
-2506.849315068493
  0
LWPOLYLINE
  5
3F
330
17
100
AcDbEntity
  8
RASTER_CONTOURS
100
AcDbPolyline
 90
8
 70
1
 10
12246.575342465752
 20
-2219.1780821917805
 10
12369.863013698628
 20
-2219.1780821917805
 10
12493.150684931506
 20
-2342.4657534246576
 10
12493.150684931506
 20
-2835.616438356164
 10
12369.863013698628
 20
-3000.0
 10
12246.575342465752
 20
-3000.0
 10
12164.383561643835
 20
-2917.808219178082
 10
12123.287671232876
 20
-2383.5616438356165
  0
LWPOLYLINE
  5
40
330
17
100
AcDbEntity
  8
RASTER_CONTOURS
100
AcDbPolyline
 90
8
 70
1
 10
11506.849315068492
 20
-2219.1780821917805
 10
11630.13698630137
 20
-2219.1780821917805
 10
11753.424657534246
 20
-2383.5616438356165
 10
11753.424657534246
 20
-2835.616438356164
 10
11630.13698630137
 20
-3000.0
 10
11506.849315068492
 20
-3000.0
 10
11383.561643835616
 20
-2794.520547945205
 10
11383.561643835616
 20
-2424.6575342465753
  0
LWPOLYLINE
  5
41
330
17
100
AcDbEntity
  8
RASTER_CONTOURS
100
AcDbPolyline
 90
5
 70
1
 10
1150.6849315068494
 20
-2260.2739726027394
 10
1109.5890410958903
 20
-2342.4657534246576
 10
1150.6849315068494
 20
-2424.6575342465753
 10
1273.972602739726
 20
-2506.849315068493
 10
1315.0684931506848
 20
-2465.753424657534
  0
LWPOLYLINE
  5
42
330
17
100
AcDbEntity
  8
RASTER_CONTOURS
100
AcDbPolyline
 90
5
 70
1
 10
6164.3835616438355
 20
-2260.2739726027394
 10
6452.054794520547
 20
-2178.0821917808216
 10
6575.342465753424
 20
-2301.3698630136987
 10
6534.246575342465
 20
-2342.4657534246576
 10
6246.575342465753
 20
-2342.4657534246576
  0
LWPOLYLINE
  5
43
330
17
100
AcDbEntity
  8
RASTER_CONTOURS
100
AcDbPolyline
 90
4
 70
1
 10
8547.945205479451
 20
-2178.0821917808216
 10
8547.945205479451
 20
-3041.095890410959
 10
8630.13698630137
 20
-3082.1917808219177
 10
8630.13698630137
 20
-2178.0821917808216
  0
LWPOLYLINE
  5
44
330
17
100
AcDbEntity
  8
RASTER_CONTOURS
100
AcDbPolyline
 90
8
 70
1
 10
7232.876712328767
 20
-2178.0821917808216
 10
7273.9726027397255
 20
-2136.9863013698628
 10
7849.31506849315
 20
-2136.9863013698628
 10
7890.410958904109
 20
-2178.0821917808216
 10
7890.410958904109
 20
-2342.4657534246576
 10
7849.31506849315
 20
-2383.5616438356165
 10
7273.9726027397255
 20
-2383.5616438356165
 10
7232.876712328767
 20
-2342.4657534246576
  0
LWPOLYLINE
  5
45
330
17
100
AcDbEntity
  8
RASTER_CONTOURS
100
AcDbPolyline
 90
5
 70
1
 10
-1438.3561643835615
 20
-2219.1780821917805
 10
-1438.3561643835615
 20
-3041.095890410959
 10
-1397.2602739726026
 20
-3123.2876712328766
 10
-1356.1643835616437
 20
-3123.2876712328766
 10
-1356.1643835616437
 20
-2178.0821917808216
  0
LWPOLYLINE
  5
46
330
17
100
AcDbEntity
  8
RASTER_CONTOURS
100
AcDbPolyline
 90
10
 70
1
 10
12205.479452054793
 20
-2095.890410958904
 10
12082.191780821917
 20
-2178.0821917808216
 10
12041.095890410958
 20
-2301.3698630136987
 10
12041.095890410958
 20
-2876.712328767123
 10
12164.383561643835
 20
-3082.1917808219177
 10
12369.863013698628
 20
-3123.2876712328766
 10
12575.342465753423
 20
-2958.9041095890407
 10
12616.438356164383
 20
-2835.616438356164
 10
12575.342465753423
 20
-2260.2739726027394
 10
12452.054794520547
 20
-2095.890410958904
  0
LWPOLYLINE
  5
47
330
17
100
AcDbEntity
  8
RASTER_CONTOURS
100
AcDbPolyline
 90
9
 70
1
 10
11465.753424657534
 20
-2095.890410958904
 10
11301.369863013699
 20
-2301.3698630136987
 10
11301.369863013699
 20
-2917.808219178082
 10
11424.657534246575
 20
-3082.1917808219177
 10
11630.13698630137
 20
-3123.2876712328766
 10
11753.424657534246
 20
-3082.1917808219177
 10
11835.616438356163
 20
-2958.9041095890407
 10
11835.616438356163
 20
-2260.2739726027394
 10
11712.328767123287
 20
-2095.890410958904
  0
LWPOLYLINE
  5
48
330
17
100
AcDbEntity
  8
RASTER_CONTOURS
100
AcDbPolyline
 90
17
 70
1
 10
10767.123287671233
 20
-2095.890410958904
 10
10602.739726027397
 20
-2219.1780821917805
 10
10602.739726027397
 20
-2342.4657534246576
 10
10561.643835616438
 20
-2383.5616438356165
 10
10561.643835616438
 20
-2917.808219178082
 10
10726.027397260274
 20
-3123.2876712328766
 10
10931.506849315068
 20
-3123.2876712328766
 10
11054.794520547945
 20
-3041.095890410959
 10
11136.986301369861
 20
-2876.712328767123
 10
11095.890410958904
 20
-2630.1369863013697
 10
10972.602739726026
 20
-2506.849315068493
 10
10726.027397260274
 20
-2506.849315068493
 10
10643.835616438355
 20
-2383.5616438356165
 10
10767.123287671233
 20
-2219.1780821917805
 10
11054.794520547945
 20
-2260.2739726027394
 10
11054.794520547945
 20
-2178.0821917808216
 10
10972.602739726026
 20
-2095.890410958904
  0
LWPOLYLINE
  5
49
330
17
100
AcDbEntity
  8
RASTER_CONTOURS
100
AcDbPolyline
 90
27
 70
1
 10
7150.684931506848
 20
-2054.794520547945
 10
7109.58904109589
 20
-2712.3287671232874
 10
6986.301369863013
 20
-3000.0
 10
6904.109589041095
 20
-3082.1917808219177
 10
6904.109589041095
 20
-3164.3835616438355
 10
7068.493150684931
 20
-3041.095890410959
 10
7191.780821917808
 20
-2753.4246575342463
 10
7191.780821917808
 20
-2630.1369863013697
 10
7273.9726027397255
 20
-2506.849315068493
 10
7397.260273972603
 20
-2506.849315068493
 10
7479.45205479452
 20
-2589.041095890411
 10
7479.45205479452
 20
-2671.2328767123286
 10
7726.027397260274
 20
-3000.0
 10
7972.602739726027
 20
-3164.3835616438355
 10
8095.890410958904
 20
-3164.3835616438355
 10
8095.890410958904
 20
-3082.1917808219177
 10
7726.027397260274
 20
-2876.712328767123
 10
7520.547945205479
 20
-2589.041095890411
 10
7561.643835616438
 20
-2506.849315068493
 10
7931.506849315068
 20
-2506.849315068493
 10
7972.602739726027
 20
-2465.753424657534
 10
7972.602739726027
 20
-2054.794520547945
 10
7931.506849315068
 20
-2013.6986301369861
 10
7808.219178082191
 20
-2013.6986301369861
 10
7767.123287671232
 20
-2054.794520547945
 10
7273.9726027397255
 20
-2054.794520547945
 10
7232.876712328767
 20
-2013.6986301369861
  0
LWPOLYLINE
  5
4A
330
17
100
AcDbEntity
  8
RASTER_CONTOURS
100
AcDbPolyline
 90
55
 70
1
 10
5589.04109589041
 20
-2013.6986301369861
 10
5424.657534246575
 20
-2219.1780821917805
 10
5547.945205479452
 20
-2424.6575342465753
 10
5424.657534246575
 20
-2506.849315068493
 10
5424.657534246575
 20
-2630.1369863013697
 10
5465.753424657534
 20
-2671.2328767123286
 10
5383.561643835616
 20
-2794.520547945205
 10
5383.561643835616
 20
-3082.1917808219177
 10
5465.753424657534
 20
-3000.0
 10
5465.753424657534
 20
-2671.2328767123286
 10
5506.849315068493
 20
-2630.1369863013697
 10
5589.04109589041
 20
-2835.616438356164
 10
5547.945205479452
 20
-3000.0
 10
5589.04109589041
 20
-3041.095890410959
 10
5589.04109589041
 20
-3164.3835616438355
 10
5630.13698630137
 20
-3164.3835616438355
 10
5671.232876712328
 20
-2671.2328767123286
 10
5753.424657534246
 20
-2630.1369863013697
 10
5958.904109589041
 20
-2712.3287671232874
 10
5958.904109589041
 20
-2835.616438356164
 10
6000.0
 20
-2876.712328767123
 10
5958.904109589041
 20
-2917.808219178082
 10
5958.904109589041
 20
-3123.2876712328766
 10
6000.0
 20
-3205.4794520547944
 10
6041.095890410958
 20
-3164.3835616438355
 10
6041.095890410958
 20
-2506.849315068493
 10
6123.287671232876
 20
-2424.6575342465753
 10
6205.479452054794
 20
-2424.6575342465753
 10
6287.671232876712
 20
-2506.849315068493
 10
6164.3835616438355
 20
-2589.041095890411
 10
6164.3835616438355
 20
-3164.3835616438355
 10
6205.479452054794
 20
-3205.4794520547944
 10
6328.767123287671
 20
-3164.3835616438355
 10
6575.342465753424
 20
-3205.4794520547944
 10
6616.438356164384
 20
-3164.3835616438355
 10
6616.438356164384
 20
-2753.4246575342463
 10
6575.342465753424
 20
-2712.3287671232874
 10
6616.438356164384
 20
-2630.1369863013697
 10
6493.1506849315065
 20
-2506.849315068493
 10
6616.438356164384
 20
-2383.5616438356165
 10
6616.438356164384
 20
-2136.9863013698628
 10
6575.342465753424
 20
-2095.890410958904
 10
6410.958904109589
 20
-2136.9863013698628
 10
6287.671232876712
 20
-2013.6986301369861
 10
6164.3835616438355
 20
-2095.890410958904
 10
5917.808219178081
 20
-2136.9863013698628
 10
5876.712328767123
 20
-2219.1780821917805
 10
6000.0
 20
-2383.5616438356165
 10
6000.0
 20
-2465.753424657534
 10
5876.712328767123
 20
-2506.849315068493
 10
5712.328767123287
 20
-2383.5616438356165
 10
5794.520547945205
 20
-2178.0821917808216
 10
5671.232876712328
 20
-2260.2739726027394
 10
5589.04109589041
 20
-2219.1780821917805
 10
5630.13698630137
 20
-2013.6986301369861
  0
LWPOLYLINE
  5
4B
330
17
100
AcDbEntity
  8
RASTER_CONTOURS
100
AcDbPolyline
 90
29
 70
1
 10
2465.753424657534
 20
-2013.6986301369861
 10
2424.6575342465753
 20
-2054.794520547945
 10
2465.753424657534
 20
-2136.9863013698628
 10
2958.9041095890407
 20
-2136.9863013698628
 10
3041.095890410959
 20
-2219.1780821917805
 10
2958.9041095890407
 20
-2301.3698630136987
 10
2835.616438356164
 20
-2301.3698630136987
 10
2794.520547945205
 20
-2342.4657534246576
 10
2630.1369863013697
 20
-2342.4657534246576
 10
2589.041095890411
 20
-2301.3698630136987
 10
2465.753424657534
 20
-2383.5616438356165
 10
2465.753424657534
 20
-3205.4794520547944
 10
2506.849315068493
 20
-3246.5753424657532
 10
2630.1369863013697
 20
-3164.3835616438355
 10
3452.0547945205476
 20
-3164.3835616438355
 10
3493.1506849315065
 20
-3205.4794520547944
 10
3616.4383561643835
 20
-3205.4794520547944
 10
3616.4383561643835
 20
-2342.4657534246576
 10
3164.3835616438355
 20
-2342.4657534246576
 10
3123.2876712328766
 20
-2219.1780821917805
 10
3205.4794520547944
 20
-2136.9863013698628
 10
3657.5342465753424
 20
-2136.9863013698628
 10
3698.6301369863013
 20
-2054.794520547945
 10
3616.4383561643835
 20
-2013.6986301369861
 10
3246.5753424657532
 20
-2013.6986301369861
 10
3205.4794520547944
 20
-2054.794520547945
 10
3123.2876712328766
 20
-2013.6986301369861
 10
3000.0
 20
-2054.794520547945
 10
2917.808219178082
 20
-2013.6986301369861
  0
LWPOLYLINE
  5
4C
330
17
100
AcDbEntity
  8
RASTER_CONTOURS
100
AcDbPolyline
 90
38
 70
1
 10
1027.3972602739725
 20
-2054.794520547945
 10
1027.3972602739725
 20
-2136.9863013698628
 10
1438.3561643835615
 20
-2136.9863013698628
 10
1520.5479452054794
 20
-2219.1780821917805
 10
1520.5479452054794
 20
-2547.945205479452
 10
1438.3561643835615
 20
-2630.1369863013697
 10
945.2054794520548
 20
-2630.1369863013697
 10
904.1095890410959
 20
-2712.3287671232874
 10
986.3013698630136
 20
-2753.4246575342463
 10
1109.5890410958903
 20
-2712.3287671232874
 10
1150.6849315068494
 20
-2753.4246575342463
 10
1273.972602739726
 20
-2712.3287671232874
 10
1479.4520547945203
 20
-2753.4246575342463
 10
1520.5479452054794
 20
-2794.520547945205
 10
1520.5479452054794
 20
-3205.4794520547944
 10
1561.6438356164383
 20
-3246.5753424657532
 10
1602.7397260273972
 20
-3205.4794520547944
 10
1602.7397260273972
 20
-2794.520547945205
 10
1726.0273972602738
 20
-2712.3287671232874
 10
2178.0821917808216
 20
-2753.4246575342463
 10
2219.1780821917805
 20
-2712.3287671232874
 10
2178.0821917808216
 20
-2630.1369863013697
 10
1931.5068493150684
 20
-2630.1369863013697
 10
1890.4109589041095
 20
-2589.041095890411
 10
2054.794520547945
 20
-2342.4657534246576
 10
2013.6986301369861
 20
-2260.2739726027394
 10
1972.6027397260273
 20
-2260.2739726027394
 10
1890.4109589041095
 20
-2383.5616438356165
 10
1808.2191780821918
 20
-2630.1369863013697
 10
1643.835616438356
 20
-2630.1369863013697
 10
1602.7397260273972
 20
-2589.041095890411
 10
1602.7397260273972
 20
-2178.0821917808216
 10
1643.835616438356
 20
-2136.9863013698628
 10
2095.890410958904
 20
-2136.9863013698628
 10
2054.794520547945
 20
-2013.6986301369861
 10
1890.4109589041095
 20
-2013.6986301369861
 10
1849.3150684931506
 20
-2054.794520547945
 10
1068.4931506849314
 20
-2013.6986301369861
  0
LWPOLYLINE
  5
4D
330
17
100
AcDbEntity
  8
RASTER_CONTOURS
100
AcDbPolyline
 90
17
 70
1
 10
369.8630136986301
 20
-2013.6986301369861
 10
369.8630136986301
 20
-2178.0821917808216
 10
328.7671232876712
 20
-2219.1780821917805
 10
369.8630136986301
 20
-2465.753424657534
 10
410.958904109589
 20
-2506.849315068493
 10
616.4383561643835
 20
-2506.849315068493
 10
698.6301369863013
 20
-2547.945205479452
 10
739.7260273972602
 20
-2465.753424657534
 10
698.6301369863013
 20
-2301.3698630136987
 10
575.3424657534247
 20
-2424.6575342465753
 10
410.958904109589
 20
-2342.4657534246576
 10
493.1506849315068
 20
-2219.1780821917805
 10
657.5342465753424
 20
-2219.1780821917805
 10
698.6301369863013
 20
-2178.0821917808216
 10
698.6301369863013
 20
-2054.794520547945
 10
493.1506849315068
 20
-2136.9863013698628
 10
410.958904109589
 20
-2013.6986301369861
  0
LWPOLYLINE
  5
4E
330
17
100
AcDbEntity
  8
RASTER_CONTOURS
100
AcDbPolyline
 90
6
 70
1
 10
10315.068493150684
 20
-1972.6027397260273
 10
10068.493150684932
 20
-2178.0821917808216
 10
9863.013698630137
 20
-2465.753424657534
 10
9287.671232876712
 20
-2958.9041095890407
 10
9123.287671232876
 20
-3205.4794520547944
 10
10273.972602739725
 20
-2095.890410958904
  0
LWPOLYLINE
  5
4F
330
17
100
AcDbEntity
  8
RASTER_CONTOURS
100
AcDbPolyline
 90
11
 70
1
 10
0.0
 20
-1972.6027397260273
 10
0.0
 20
-2342.4657534246576
 10
-123.2876712328767
 20
-2465.753424657534
 10
-82.1917808219178
 20
-2506.849315068493
 10
82.1917808219178
 20
-2506.849315068493
 10
246.5753424657534
 20
-2424.6575342465753
 10
246.5753424657534
 20
-2383.5616438356165
 10
123.2876712328767
 20
-2383.5616438356165
 10
82.1917808219178
 20
-2301.3698630136987
 10
246.5753424657534
 20
-2178.0821917808216
 10
123.2876712328767
 20
-2136.9863013698628
  0
LWPOLYLINE
  5
50
330
17
100
AcDbEntity
  8
RASTER_CONTOURS
100
AcDbPolyline
 90
20
 70
1
 10
-246.5753424657534
 20
-1972.6027397260273
 10
-287.67123287671234
 20
-2013.6986301369861
 10
-369.8630136986301
 20
-1972.6027397260273
 10
-493.1506849315068
 20
-2013.6986301369861
 10
-534.2465753424657
 20
-2136.9863013698628
 10
-534.2465753424657
 20
-2424.6575342465753
 10
-493.1506849315068
 20
-2465.753424657534
 10
-534.2465753424657
 20
-2506.849315068493
 10
-534.2465753424657
 20
-2712.3287671232874
 10
-493.1506849315068
 20
-2753.4246575342463
 10
-534.2465753424657
 20
-3205.4794520547944
 10
-452.05479452054794
 20
-3205.4794520547944
 10
-452.05479452054794
 20
-2917.808219178082
 10
-410.958904109589
 20
-2876.712328767123
 10
-246.5753424657534
 20
-2876.712328767123
 10
-164.3835616438356
 20
-2712.3287671232874
 10
-287.67123287671234
 20
-2424.6575342465753
 10
-287.67123287671234
 20
-2301.3698630136987
 10
-205.4794520547945
 20
-2136.9863013698628
 10
-205.4794520547945
 20
-2013.6986301369861
  0
LWPOLYLINE
  5
51
330
17
100
AcDbEntity
  8
RASTER_CONTOURS
100
AcDbPolyline
 90
5
 70
1
 10
60986.30136986301
 20
-41.0958904109589
 10
60821.91780821917
 20
-205.4794520547945
 10
60945.20547945205
 20
-410.958904109589
 10
60986.30136986301
 20
-410.958904109589
 10
61027.39726027397
 20
-328.7671232876712
  0
LWPOLYLINE
  5
52
330
17
100
AcDbEntity
  8
RASTER_CONTOURS
100
AcDbPolyline
 90
6
 70
1
 10
26013.698630136983
 20
369.8630136986301
 10
26054.794520547945
 20
493.1506849315068
 10
28684.931506849312
 20
493.1506849315068
 10
28767.12328767123
 20
410.958904109589
 10
28643.835616438355
 20
328.7671232876712
 10
26054.794520547945
 20
328.7671232876712
  0
LWPOLYLINE
  5
53
330
17
100
AcDbEntity
  8
RASTER_CONTOURS
100
AcDbPolyline
 90
2
 70
1
 10
31972.602739726026
 20
493.1506849315068
 10
32465.75342465753
 20
493.1506849315068
  0
LWPOLYLINE
  5
54
330
17
100
AcDbEntity
  8
RASTER_CONTOURS
100
AcDbPolyline
 90
30
 70
1
 10
29136.98630136986
 20
493.1506849315068
 10
29260.27397260274
 20
452.05479452054794
 10
29301.369863013697
 20
493.1506849315068
 10
29465.75342465753
 20
493.1506849315068
 10
29506.84931506849
 20
452.05479452054794
 10
29589.04109589041
 20
493.1506849315068
 10
29753.424657534244
 20
493.1506849315068
 10
29794.520547945205
 20
452.05479452054794
 10
29917.80821917808
 20
452.05479452054794
 10
29958.90410958904
 20
493.1506849315068
 10
30328.76712328767
 20
493.1506849315068
 10
30369.86301369863
 20
452.05479452054794
 10
30410.958904109586
 20
493.1506849315068
 10
31808.21917808219
 20
493.1506849315068
 10
31109.58904109589
 20
493.1506849315068
 10
30986.301369863013
 20
575.3424657534247
 10
30863.013698630133
 20
493.1506849315068
 10
30821.917808219176
 20
534.2465753424657
 10
30493.150684931505
 20
493.1506849315068
 10
30410.958904109586
 20
575.3424657534247
 10
30328.76712328767
 20
534.2465753424657
 10
30205.47945205479
 20
534.2465753424657
 10
30164.383561643834
 20
575.3424657534247
 10
29958.90410958904
 20
534.2465753424657
 10
29835.616438356163
 20
575.3424657534247
 10
29753.424657534244
 20
493.1506849315068
 10
29506.84931506849
 20
575.3424657534247
 10
29383.561643835616
 20
493.1506849315068
 10
29260.27397260274
 20
616.4383561643835
 10
29260.27397260274
 20
575.3424657534247
  0
LWPOLYLINE
  5
55
330
17
100
AcDbEntity
  8
RASTER_CONTOURS
100
AcDbPolyline
 90
6
 70
1
 10
47178.08219178082
 20
821.917808219178
 10
47178.08219178082
 20
698.6301369863013
 10
47465.75342465753
 20
698.6301369863013
 10
47506.84931506849
 20
739.7260273972602
 10
47383.561643835616
 20
821.917808219178
 10
47342.46575342465
 20
780.8219178082192
  0
LWPOLYLINE
  5
56
330
17
100
AcDbEntity
  8
RASTER_CONTOURS
100
AcDbPolyline
 90
3
 70
1
 10
575.3424657534247
 20
1232.876712328767
 10
575.3424657534247
 20
904.1095890410959
 10
616.4383561643835
 20
863.0136986301369
  0
LWPOLYLINE
  5
57
330
17
100
AcDbEntity
  8
RASTER_CONTOURS
100
AcDbPolyline
 90
13
 70
1
 10
17342.465753424658
 20
1232.876712328767
 10
17465.753424657534
 20
1109.5890410958903
 10
17383.561643835616
 20
945.2054794520548
 10
18369.86301369863
 20
945.2054794520548
 10
18410.95890410959
 20
986.3013698630136
 10
18369.86301369863
 20
1027.3972602739725
 10
17547.94520547945
 20
1027.3972602739725
 10
17465.753424657534
 20
1109.5890410958903
 10
17506.84931506849
 20
1191.7808219178082
 10
18369.86301369863
 20
1191.7808219178082
 10
18410.95890410959
 20
1232.876712328767
 10
18287.67123287671
 20
1273.972602739726
 10
17424.657534246573
 20
1273.972602739726
  0
LWPOLYLINE
  5
58
330
17
100
AcDbEntity
  8
RASTER_CONTOURS
100
AcDbPolyline
 90
26
 70
1
 10
59630.13698630137
 20
1356.1643835616437
 10
59712.32876712328
 20
1356.1643835616437
 10
59835.61643835616
 20
1273.972602739726
 10
60041.09589041096
 20
1356.1643835616437
 10
60246.57534246575
 20
1356.1643835616437
 10
60287.67123287671
 20
1315.0684931506848
 10
60493.150684931505
 20
1315.0684931506848
 10
60575.34246575342
 20
1356.1643835616437
 10
60698.6301369863
 20
1232.876712328767
 10
60657.53424657534
 20
1150.6849315068494
 10
60657.53424657534
 20
575.3424657534247
 10
60616.43835616438
 20
534.2465753424657
 10
60657.53424657534
 20
493.1506849315068
 10
60657.53424657534
 20
287.67123287671234
 10
60575.34246575342
 20
205.4794520547945
 10
60493.150684931505
 20
287.67123287671234
 10
60369.863013698625
 20
287.67123287671234
 10
60328.76712328767
 20
246.5753424657534
 10
59917.80821917808
 20
246.5753424657534
 10
59876.71232876712
 20
287.67123287671234
 10
59712.32876712328
 20
205.4794520547945
 10
59547.945205479446
 20
287.67123287671234
 10
59547.945205479446
 20
410.958904109589
 10
59589.04109589041
 20
452.05479452054794
 10
59589.04109589041
 20
1150.6849315068494
 10
59547.945205479446
 20
1273.972602739726
  0
LWPOLYLINE
  5
59
330
17
100
AcDbEntity
  8
RASTER_CONTOURS
100
AcDbPolyline
 90
12
 70
1
 10
49273.97260273972
 20
1273.972602739726
 10
50424.65753424657
 20
1273.972602739726
 10
50465.75342465753
 20
1232.876712328767
 10
51287.67123287671
 20
1232.876712328767
 10
51328.76712328767
 20
1191.7808219178082
 10
51452.05479452055
 20
1232.876712328767
 10
51328.76712328767
 20
1315.0684931506848
 10
51287.67123287671
 20
1273.972602739726
 10
50958.904109589035
 20
1273.972602739726
 10
50917.80821917808
 20
1315.0684931506848
 10
49479.452054794514
 20
1315.0684931506848
 10
49438.35616438356
 20
1273.972602739726
  0
LWPOLYLINE
  5
5A
330
17
100
AcDbEntity
  8
RASTER_CONTOURS
100
AcDbPolyline
 90
8
 70
1
 10
47589.04109589041
 20
1315.0684931506848
 10
47465.75342465753
 20
1356.1643835616437
 10
47219.17808219178
 20
1315.0684931506848
 10
47178.08219178082
 20
1191.7808219178082
 10
47301.36986301369
 20
1273.972602739726
 10
47383.561643835616
 20
1232.876712328767
 10
47424.65753424657
 20
1273.972602739726
 10
47589.04109589041
 20
1273.972602739726
  0
LWPOLYLINE
  5
5B
330
17
100
AcDbEntity
  8
RASTER_CONTOURS
100
AcDbPolyline
 90
5
 70
1
 10
47712.32876712328
 20
1315.0684931506848
 10
47712.32876712328
 20
1273.972602739726
 10
48410.95890410958
 20
1273.972602739726
 10
47958.904109589035
 20
1315.0684931506848
 10
47876.71232876712
 20
1397.2602739726026
  0
LWPOLYLINE
  5
5C
330
17
100
AcDbEntity
  8
RASTER_CONTOURS
100
AcDbPolyline
 90
5
 70
1
 10
30945.20547945205
 20
1397.2602739726026
 10
30863.013698630133
 20
1273.972602739726
 10
30986.301369863013
 20
1191.7808219178082
 10
31027.39726027397
 20
1232.876712328767
 10
31027.39726027397
 20
1356.1643835616437
  0
LWPOLYLINE
  5
5D
330
17
100
AcDbEntity
  8
RASTER_CONTOURS
100
AcDbPolyline
 90
9
 70
1
 10
23835.616438356163
 20
1438.3561643835615
 10
23835.616438356163
 20
1356.1643835616437
 10
23958.90410958904
 20
1356.1643835616437
 10
24000.0
 20
1397.2602739726026
 10
24246.575342465752
 20
1356.1643835616437
 10
24287.67123287671
 20
1438.3561643835615
 10
24123.287671232876
 20
1438.3561643835615
 10
24082.191780821915
 20
1397.2602739726026
 10
24041.095890410958
 20
1438.3561643835615
  0
LWPOLYLINE
  5
5E
330
17
100
AcDbEntity
  8
RASTER_CONTOURS
100
AcDbPolyline
 90
4
 70
1
 10
18739.72602739726
 20
1438.3561643835615
 10
18698.6301369863
 20
1438.3561643835615
 10
18534.246575342466
 20
1232.876712328767
 10
18739.72602739726
 20
1232.876712328767
  0
LWPOLYLINE
  5
5F
330
17
100
AcDbEntity
  8
RASTER_CONTOURS
100
AcDbPolyline
 90
6
 70
1
 10
28150.684931506847
 20
1561.6438356164383
 10
28150.684931506847
 20
1479.4520547945203
 10
28068.493150684928
 20
1397.2602739726026
 10
28150.684931506847
 20
1315.0684931506848
 10
28232.876712328765
 20
1397.2602739726026
 10
28150.684931506847
 20
1479.4520547945203
  0
LWPOLYLINE
  5
60
330
17
100
AcDbEntity
  8
RASTER_CONTOURS
100
AcDbPolyline
 90
10
 70
1
 10
27863.013698630137
 20
1602.7397260273972
 10
27780.821917808218
 20
1479.4520547945203
 10
27616.43835616438
 20
1479.4520547945203
 10
27575.342465753423
 20
1520.5479452054794
 10
27575.342465753423
 20
1273.972602739726
 10
27657.534246575342
 20
1356.1643835616437
 10
27821.917808219176
 20
1273.972602739726
 10
27904.109589041094
 20
1273.972602739726
 10
27904.109589041094
 20
1315.0684931506848
 10
27986.301369863013
 20
1356.1643835616437
  0
LWPOLYLINE
  5
61
330
17
100
AcDbEntity
  8
RASTER_CONTOURS
100
AcDbPolyline
 90
34
 70
1
 10
21904.109589041094
 20
1684.931506849315
 10
22027.39726027397
 20
1849.3150684931506
 10
22602.739726027397
 20
1808.2191780821918
 10
22643.835616438355
 20
1767.1232876712327
 10
22849.31506849315
 20
1767.1232876712327
 10
23013.698630136983
 20
1849.3150684931506
 10
24287.67123287671
 20
1849.3150684931506
 10
24328.76712328767
 20
1808.2191780821918
 10
24452.054794520547
 20
1849.3150684931506
 10
25027.39726027397
 20
1849.3150684931506
 10
25232.876712328765
 20
1767.1232876712327
 10
25684.931506849312
 20
1808.2191780821918
 10
25767.12328767123
 20
1726.0273972602738
 10
25767.12328767123
 20
1068.4931506849314
 10
25643.835616438355
 20
986.3013698630136
 10
25602.739726027394
 20
1027.3972602739725
 10
25315.068493150684
 20
1027.3972602739725
 10
25356.16438356164
 20
945.2054794520548
 10
25684.931506849312
 20
904.1095890410959
 10
25767.12328767123
 20
821.917808219178
 10
25767.12328767123
 20
410.958904109589
 10
25684.931506849312
 20
328.7671232876712
 10
22520.54794520548
 20
328.7671232876712
 10
22397.260273972603
 20
410.958904109589
 10
22397.260273972603
 20
863.0136986301369
 10
22479.452054794518
 20
945.2054794520548
 10
22726.027397260274
 20
945.2054794520548
 10
22767.12328767123
 20
1027.3972602739725
 10
22479.452054794518
 20
986.3013698630136
 10
22397.260273972603
 20
1068.4931506849314
 10
22397.260273972603
 20
1232.876712328767
 10
22356.16438356164
 20
1273.972602739726
 10
21986.301369863013
 20
1273.972602739726
 10
21904.109589041094
 20
1438.3561643835615
  0
LWPOLYLINE
  5
62
330
17
100
AcDbEntity
  8
RASTER_CONTOURS
100
AcDbPolyline
 90
17
 70
1
 10
15986.301369863013
 20
1890.4109589041095
 10
16273.972602739725
 20
1890.4109589041095
 10
16315.068493150684
 20
1849.3150684931506
 10
16356.164383561643
 20
1890.4109589041095
 10
16520.54794520548
 20
1767.1232876712327
 10
16520.54794520548
 20
1068.4931506849314
 10
16479.45205479452
 20
1027.3972602739725
 10
16479.45205479452
 20
904.1095890410959
 10
16520.54794520548
 20
863.0136986301369
 10
16520.54794520548
 20
452.05479452054794
 10
16438.35616438356
 20
369.8630136986301
 10
15945.205479452054
 20
369.8630136986301
 10
15863.013698630137
 20
452.05479452054794
 10
15863.013698630137
 20
904.1095890410959
 10
15945.205479452054
 20
945.2054794520548
 10
15863.013698630137
 20
1027.3972602739725
 10
15863.013698630137
 20
1808.2191780821918
  0
LWPOLYLINE
  5
63
330
17
100
AcDbEntity
  8
RASTER_CONTOURS
100
AcDbPolyline
 90
18
 70
1
 10
14054.794520547945
 20
1808.2191780821918
 10
14219.17808219178
 20
1890.4109589041095
 10
15246.575342465752
 20
1890.4109589041095
 10
15287.671232876712
 20
1849.3150684931506
 10
15328.767123287671
 20
1890.4109589041095
 10
15534.246575342464
 20
1890.4109589041095
 10
15616.438356164383
 20
1849.3150684931506
 10
15698.6301369863
 20
1726.0273972602738
 10
15698.6301369863
 20
1150.6849315068494
 10
15616.438356164383
 20
986.3013698630136
 10
15698.6301369863
 20
821.917808219178
 10
15698.6301369863
 20
452.05479452054794
 10
15616.438356164383
 20
369.8630136986301
 10
14178.08219178082
 20
369.8630136986301
 10
14054.794520547945
 20
452.05479452054794
 10
14054.794520547945
 20
904.1095890410959
 10
14095.890410958904
 20
945.2054794520548
 10
14054.794520547945
 20
1027.3972602739725
  0
LWPOLYLINE
  5
64
330
17
100
AcDbEntity
  8
RASTER_CONTOURS
100
AcDbPolyline
 90
23
 70
1
 10
37150.68493150685
 20
1931.5068493150684
 10
37273.97260273973
 20
2013.6986301369861
 10
37315.068493150684
 20
1972.6027397260273
 10
37479.45205479452
 20
1972.6027397260273
 10
37520.54794520548
 20
2013.6986301369861
 10
37890.4109589041
 20
2013.6986301369861
 10
37931.50684931507
 20
1972.6027397260273
 10
38136.98630136986
 20
1972.6027397260273
 10
38178.08219178082
 20
2013.6986301369861
 10
38342.46575342466
 20
2013.6986301369861
 10
38383.561643835616
 20
1972.6027397260273
 10
44383.561643835616
 20
1972.6027397260273
 10
44465.75342465753
 20
1890.4109589041095
 10
44465.75342465753
 20
986.3013698630136
 10
44424.65753424657
 20
945.2054794520548
 10
44465.75342465753
 20
821.917808219178
 10
44465.75342465753
 20
410.958904109589
 10
44383.561643835616
 20
287.67123287671234
 10
37232.87671232876
 20
328.7671232876712
 10
37150.68493150685
 20
410.958904109589
 10
37150.68493150685
 20
863.0136986301369
 10
37191.780821917804
 20
904.1095890410959
 10
37150.68493150685
 20
986.3013698630136
  0
LWPOLYLINE
  5
65
330
17
100
AcDbEntity
  8
RASTER_CONTOURS
100
AcDbPolyline
 90
26
 70
1
 10
14013.698630136985
 20
1890.4109589041095
 10
14013.698630136985
 20
1602.7397260273972
 10
13972.602739726026
 20
1561.6438356164383
 10
14013.698630136985
 20
1520.5479452054794
 10
14013.698630136985
 20
328.7671232876712
 10
14136.986301369861
 20
287.67123287671234
 10
15698.6301369863
 20
287.67123287671234
 10
15739.726027397259
 20
328.7671232876712
 10
15821.917808219177
 20
287.67123287671234
 10
16520.54794520548
 20
287.67123287671234
 10
16602.739726027397
 20
369.8630136986301
 10
16561.643835616436
 20
493.1506849315068
 10
16602.739726027397
 20
575.3424657534247
 10
16602.739726027397
 20
821.917808219178
 10
16561.643835616436
 20
863.0136986301369
 10
16602.739726027397
 20
945.2054794520548
 10
16561.643835616436
 20
1931.5068493150684
 10
16438.35616438356
 20
1931.5068493150684
 10
16397.260273972603
 20
1972.6027397260273
 10
16273.972602739725
 20
1972.6027397260273
 10
16232.876712328765
 20
1931.5068493150684
 10
16150.684931506848
 20
1972.6027397260273
 10
16109.58904109589
 20
1931.5068493150684
 10
14424.657534246575
 20
1931.5068493150684
 10
14383.561643835616
 20
1972.6027397260273
 10
14219.17808219178
 20
1972.6027397260273
  0
LWPOLYLINE
  5
66
330
17
100
AcDbEntity
  8
RASTER_CONTOURS
100
AcDbPolyline
 90
26
 70
1
 10
37068.49315068493
 20
2013.6986301369861
 10
37068.49315068493
 20
1890.4109589041095
 10
37109.58904109589
 20
1849.3150684931506
 10
37109.58904109589
 20
1684.931506849315
 10
37068.49315068493
 20
1643.835616438356
 10
37068.49315068493
 20
780.8219178082192
 10
37109.58904109589
 20
739.7260273972602
 10
37068.49315068493
 20
287.67123287671234
 10
37150.68493150685
 20
246.5753424657534
 10
43232.87671232876
 20
246.5753424657534
 10
43273.97260273973
 20
205.4794520547945
 10
44424.65753424657
 20
205.4794520547945
 10
44506.84931506849
 20
287.67123287671234
 10
44506.84931506849
 20
821.917808219178
 10
44547.945205479446
 20
863.0136986301369
 10
44506.84931506849
 20
904.1095890410959
 10
44506.84931506849
 20
1273.972602739726
 10
44547.945205479446
 20
1315.0684931506848
 10
44506.84931506849
 20
1356.1643835616437
 10
44506.84931506849
 20
2013.6986301369861
 10
44383.561643835616
 20
2013.6986301369861
 10
44342.46575342466
 20
2054.794520547945
 10
44260.273972602736
 20
2013.6986301369861
 10
42904.109589041094
 20
2013.6986301369861
 10
42863.01369863014
 20
2054.794520547945
 10
37109.58904109589
 20
2054.794520547945
  0
LWPOLYLINE
  5
67
330
17
100
AcDbEntity
  8
RASTER_CONTOURS
100
AcDbPolyline
 90
26
 70
1
 10
863.0136986301369
 20
2136.9863013698628
 10
986.3013698630136
 20
2219.1780821917805
 10
1109.5890410958903
 20
2178.0821917808216
 10
1397.2602739726026
 20
2178.0821917808216
 10
1438.3561643835615
 20
2219.1780821917805
 10
2301.3698630136987
 20
2219.1780821917805
 10
2342.4657534246576
 20
2178.0821917808216
 10
2835.616438356164
 20
2178.0821917808216
 10
2876.712328767123
 20
2219.1780821917805
 10
3000.0
 20
2219.1780821917805
 10
3041.095890410959
 20
2178.0821917808216
 10
3616.4383561643835
 20
2178.0821917808216
 10
3657.5342465753424
 20
2219.1780821917805
 10
3698.6301369863013
 20
2178.0821917808216
 10
7068.493150684931
 20
2178.0821917808216
 10
7561.643835616438
 20
1808.2191780821918
 10
7643.835616438356
 20
1684.931506849315
 10
7972.602739726027
 20
1438.3561643835615
 10
8835.616438356165
 20
616.4383561643835
 10
9123.287671232876
 20
410.958904109589
 10
9452.054794520547
 20
41.0958904109589
 10
9410.958904109588
 20
0.0
 10
1232.876712328767
 20
0.0
 10
1191.7808219178082
 20
41.0958904109589
 10
1027.3972602739725
 20
0.0
 10
904.1095890410959
 20
205.4794520547945
  0
LWPOLYLINE
  5
68
330
17
100
AcDbEntity
  8
RASTER_CONTOURS
100
AcDbPolyline
 90
9
 70
1
 10
54000.0
 20
2506.849315068493
 10
53753.42465753424
 20
2342.4657534246576
 10
53753.42465753424
 20
2219.1780821917805
 10
54000.0
 20
2054.794520547945
 10
54123.28767123287
 20
2054.794520547945
 10
54164.38356164383
 20
2136.9863013698628
 10
54123.28767123287
 20
2260.2739726027394
 10
54164.38356164383
 20
2424.6575342465753
 10
54123.28767123287
 20
2506.849315068493
  0
LWPOLYLINE
  5
69
330
17
100
AcDbEntity
  8
RASTER_CONTOURS
100
AcDbPolyline
 90
9
 70
1
 10
19520.54794520548
 20
3041.095890410959
 10
19561.643835616436
 20
2917.808219178082
 10
19561.643835616436
 20
2178.0821917808216
 10
19520.54794520548
 20
2136.9863013698628
 10
19520.54794520548
 20
2013.6986301369861
 10
19602.739726027397
 20
2013.6986301369861
 10
19643.835616438355
 20
2136.9863013698628
 10
19643.835616438355
 20
2917.808219178082
 10
19602.739726027397
 20
3041.095890410959
  0
LWPOLYLINE
  5
6A
330
17
100
AcDbEntity
  8
RASTER_CONTOURS
100
AcDbPolyline
 90
9
 70
1
 10
48287.67123287671
 20
3205.4794520547944
 10
48246.57534246575
 20
3082.1917808219177
 10
48328.76712328767
 20
3000.0
 10
48410.95890410958
 20
3041.095890410959
 10
48452.05479452055
 20
3000.0
 10
48452.05479452055
 20
2835.616438356164
 10
48534.24657534246
 20
2835.616438356164
 10
48575.34246575342
 20
2958.9041095890407
 10
48452.05479452055
 20
3000.0
  0
LWPOLYLINE
  5
6B
330
17
100
AcDbEntity
  8
RASTER_CONTOURS
100
AcDbPolyline
 90
8
 70
1
 10
28972.602739726026
 20
3205.4794520547944
 10
28890.410958904107
 20
3082.1917808219177
 10
28972.602739726026
 20
2876.712328767123
 10
29178.08219178082
 20
2876.712328767123
 10
29178.08219178082
 20
2958.9041095890407
 10
29301.369863013697
 20
3082.1917808219177
 10
29301.369863013697
 20
3164.3835616438355
 10
29095.890410958902
 20
3123.2876712328766
  0
LWPOLYLINE
  5
6C
330
17
100
AcDbEntity
  8
RASTER_CONTOURS
100
AcDbPolyline
 90
7
 70
1
 10
56424.65753424657
 20
3657.5342465753424
 10
56506.84931506849
 20
3575.342465753424
 10
56424.65753424657
 20
3493.1506849315065
 10
56506.84931506849
 20
3452.0547945205476
 10
56589.04109589041
 20
3493.1506849315065
 10
56506.84931506849
 20
3575.342465753424
 10
56506.84931506849
 20
3657.5342465753424
  0
LWPOLYLINE
  5
6D
330
17
100
AcDbEntity
  8
RASTER_CONTOURS
100
AcDbPolyline
 90
28
 70
1
 10
45452.05479452055
 20
3780.821917808219
 10
45616.43835616438
 20
3739.72602739726
 10
45698.6301369863
 20
3657.5342465753424
 10
45698.6301369863
 20
1191.7808219178082
 10
45657.53424657534
 20
1150.6849315068494
 10
45657.53424657534
 20
739.7260273972602
 10
45698.6301369863
 20
698.6301369863013
 10
45698.6301369863
 20
575.3424657534247
 10
45657.53424657534
 20
534.2465753424657
 10
45657.53424657534
 20
369.8630136986301
 10
45575.34246575342
 20
287.67123287671234
 10
45287.67123287671
 20
287.67123287671234
 10
45205.479452054795
 20
369.8630136986301
 10
45205.479452054795
 20
534.2465753424657
 10
45164.38356164383
 20
575.3424657534247
 10
45164.38356164383
 20
739.7260273972602
 10
45205.479452054795
 20
780.8219178082192
 10
45164.38356164383
 20
1191.7808219178082
 10
45000.0
 20
1273.972602739726
 10
44917.80821917808
 20
1191.7808219178082
 10
44794.520547945205
 20
1315.0684931506848
 10
44794.520547945205
 20
3123.2876712328766
 10
44876.71232876712
 20
3205.4794520547944
 10
45041.09589041096
 20
3164.3835616438355
 10
45082.191780821915
 20
3246.5753424657532
 10
45082.191780821915
 20
3698.6301369863013
 10
45123.28767123287
 20
3739.72602739726
 10
45410.95890410959
 20
3739.72602739726
  0
LWPOLYLINE
  5
6E
330
17
100
AcDbEntity
  8
RASTER_CONTOURS
100
AcDbPolyline
 90
17
 70
1
 10
25643.835616438355
 20
3863.013698630137
 10
25767.12328767123
 20
3739.72602739726
 10
25767.12328767123
 20
2136.9863013698628
 10
25684.931506849312
 20
2054.794520547945
 10
24657.534246575342
 20
2054.794520547945
 10
24534.246575342466
 20
2219.1780821917805
 10
24534.246575342466
 20
2424.6575342465753
 10
24575.342465753423
 20
2465.753424657534
 10
24534.246575342466
 20
2547.945205479452
 10
24575.342465753423
 20
2630.1369863013697
 10
24575.342465753423
 20
3452.0547945205476
 10
24534.246575342466
 20
3493.1506849315065
 10
24534.246575342466
 20
3616.4383561643835
 10
24575.342465753423
 20
3657.5342465753424
 10
24575.342465753423
 20
3780.821917808219
 10
24616.43835616438
 20
3821.917808219178
 10
25602.739726027394
 20
3821.917808219178
  0
LWPOLYLINE
  5
6F
330
17
100
AcDbEntity
  8
RASTER_CONTOURS
100
AcDbPolyline
 90
14
 70
1
 10
36904.109589041094
 20
3945.2054794520545
 10
37068.49315068493
 20
3945.2054794520545
 10
37109.58904109589
 20
3904.1095890410957
 10
37068.49315068493
 20
3821.917808219178
 10
37068.49315068493
 20
3657.5342465753424
 10
37109.58904109589
 20
3616.4383561643835
 10
37068.49315068493
 20
3575.342465753424
 10
37068.49315068493
 20
3369.86301369863
 10
37109.58904109589
 20
3246.5753424657532
 10
37027.39726027397
 20
3164.3835616438355
 10
36945.20547945205
 20
3205.4794520547944
 10
36945.20547945205
 20
3657.5342465753424
 10
36863.01369863014
 20
3780.821917808219
 10
36863.01369863014
 20
3904.1095890410957
  0
LWPOLYLINE
  5
70
330
17
100
AcDbEntity
  8
RASTER_CONTOURS
100
AcDbPolyline
 90
9
 70
1
 10
36082.191780821915
 20
3904.1095890410957
 10
36246.57534246575
 20
3986.3013698630134
 10
36328.76712328767
 20
3945.2054794520545
 10
36657.53424657534
 20
3986.3013698630134
 10
36739.72602739726
 20
3904.1095890410957
 10
36657.53424657534
 20
3821.917808219178
 10
36452.05479452055
 20
3821.917808219178
 10
36410.95890410959
 20
3863.013698630137
 10
36205.479452054795
 20
3821.917808219178
  0
LWPOLYLINE
  5
71
330
17
100
AcDbEntity
  8
RASTER_CONTOURS
100
AcDbPolyline
 90
134
 70
1
 10
28726.027397260274
 20
164.3835616438356
 10
28767.12328767123
 20
246.5753424657534
 10
31438.35616438356
 20
246.5753424657534
 10
31479.452054794518
 20
287.67123287671234
 10
31890.410958904107
 20
287.67123287671234
 10
31931.506849315065
 20
246.5753424657534
 10
32178.08219178082
 20
246.5753424657534
 10
32219.17808219178
 20
287.67123287671234
 10
32630.136986301368
 20
287.67123287671234
 10
32671.232876712325
 20
246.5753424657534
 10
32712.328767123287
 20
287.67123287671234
 10
32753.424657534244
 20
246.5753424657534
 10
33041.09589041096
 20
246.5753424657534
 10
33164.38356164383
 20
328.7671232876712
 10
33123.28767123287
 20
410.958904109589
 10
33164.38356164383
 20
452.05479452054794
 10
33164.38356164383
 20
1109.5890410958903
 10
33246.57534246575
 20
1191.7808219178082
 10
33246.57534246575
 20
3041.095890410959
 10
33287.67123287671
 20
3082.1917808219177
 10
33246.57534246575
 20
3164.3835616438355
 10
33246.57534246575
 20
3945.2054794520545
 10
33287.67123287671
 20
3986.3013698630134
 10
33780.821917808214
 20
3986.3013698630134
 10
33821.91780821918
 20
3945.2054794520545
 10
33739.72602739726
 20
3698.6301369863013
 10
33739.72602739726
 20
3205.4794520547944
 10
33410.95890410959
 20
3082.1917808219177
 10
33410.95890410959
 20
1273.972602739726
 10
33452.05479452055
 20
1191.7808219178082
 10
33657.53424657534
 20
1191.7808219178082
 10
33739.72602739726
 20
1109.5890410958903
 10
33739.72602739726
 20
369.8630136986301
 10
33780.821917808214
 20
287.67123287671234
 10
34315.068493150684
 20
287.67123287671234
 10
34356.16438356164
 20
246.5753424657534
 10
35671.232876712325
 20
246.5753424657534
 10
35712.32876712328
 20
287.67123287671234
 10
35712.32876712328
 20
3863.013698630137
 10
35589.04109589041
 20
3904.1095890410957
 10
35712.32876712328
 20
3986.3013698630134
 10
35835.61643835616
 20
3986.3013698630134
 10
35958.904109589035
 20
3904.1095890410957
 10
35958.904109589035
 20
3821.917808219178
 10
35876.71232876712
 20
3698.6301369863013
 10
35876.71232876712
 20
945.2054794520548
 10
35835.61643835616
 20
904.1095890410959
 10
35835.61643835616
 20
452.05479452054794
 10
35917.80821917808
 20
246.5753424657534
 10
36863.01369863014
 20
246.5753424657534
 10
36945.20547945205
 20
328.7671232876712
 10
36904.109589041094
 20
369.8630136986301
 10
36945.20547945205
 20
410.958904109589
 10
36945.20547945205
 20
1068.4931506849314
 10
36986.30136986301
 20
1109.5890410958903
 10
36945.20547945205
 20
1191.7808219178082
 10
36945.20547945205
 20
2301.3698630136987
 10
37027.39726027397
 20
2342.4657534246576
 10
37109.58904109589
 20
2219.1780821917805
 10
38342.46575342466
 20
2219.1780821917805
 10
38383.561643835616
 20
2178.0821917808216
 10
38547.94520547945
 20
2178.0821917808216
 10
38589.04109589041
 20
2219.1780821917805
 10
38835.61643835616
 20
2219.1780821917805
 10
38876.71232876712
 20
2178.0821917808216
 10
44506.84931506849
 20
2178.0821917808216
 10
44506.84931506849
 20
3821.917808219178
 10
44465.75342465753
 20
3863.013698630137
 10
44506.84931506849
 20
3945.2054794520545
 10
45000.0
 20
3945.2054794520545
 10
45041.09589041096
 20
3904.1095890410957
 10
45123.28767123287
 20
3945.2054794520545
 10
45739.72602739726
 20
3945.2054794520545
 10
45780.821917808214
 20
3904.1095890410957
 10
45739.72602739726
 20
3780.821917808219
 10
45657.53424657534
 20
3821.917808219178
 10
45041.09589041096
 20
3821.917808219178
 10
45041.09589041096
 20
3657.5342465753424
 10
45000.0
 20
3616.4383561643835
 10
45000.0
 20
3452.0547945205476
 10
45041.09589041096
 20
3410.9589041095887
 10
44917.80821917808
 20
3287.671232876712
 10
44753.42465753424
 20
3246.5753424657532
 10
44753.42465753424
 20
1150.6849315068494
 10
45000.0
 20
1150.6849315068494
 10
45123.28767123287
 20
1027.3972602739725
 10
45123.28767123287
 20
287.67123287671234
 10
45164.38356164383
 20
246.5753424657534
 10
45575.34246575342
 20
246.5753424657534
 10
45657.53424657534
 20
205.4794520547945
 10
45739.72602739726
 20
287.67123287671234
 10
45821.91780821917
 20
287.67123287671234
 10
45863.01369863014
 20
246.5753424657534
 10
46150.68493150685
 20
246.5753424657534
 10
46191.780821917804
 20
205.4794520547945
 10
46726.02739726027
 20
205.4794520547945
 10
46767.12328767123
 20
246.5753424657534
 10
46931.50684931507
 20
246.5753424657534
 10
46972.602739726026
 20
205.4794520547945
 10
48780.821917808214
 20
205.4794520547945
 10
48821.91780821917
 20
246.5753424657534
 10
49191.780821917804
 20
246.5753424657534
 10
49232.87671232876
 20
205.4794520547945
 10
52684.93150684931
 20
205.4794520547945
 10
52684.93150684931
 20
328.7671232876712
 10
52726.02739726027
 20
369.8630136986301
 10
52684.93150684931
 20
410.958904109589
 10
52684.93150684931
 20
1191.7808219178082
 10
52767.12328767123
 20
1315.0684931506848
 10
52890.4109589041
 20
1273.972602739726
 10
53589.04109589041
 20
1273.972602739726
 10
53671.232876712325
 20
1150.6849315068494
 10
53671.232876712325
 20
698.6301369863013
 10
53465.75342465753
 20
534.2465753424657
 10
53424.65753424657
 20
452.05479452054794
 10
53424.65753424657
 20
123.2876712328767
 10
53342.46575342465
 20
41.0958904109589
 10
52684.93150684931
 20
41.0958904109589
 10
52643.83561643835
 20
82.1917808219178
 10
52602.739726027394
 20
41.0958904109589
 10
52438.35616438356
 20
41.0958904109589
 10
52397.2602739726
 20
82.1917808219178
 10
52356.16438356164
 20
41.0958904109589
 10
52109.58904109589
 20
41.0958904109589
 10
52068.49315068493
 20
82.1917808219178
 10
52027.39726027397
 20
41.0958904109589
 10
51657.53424657534
 20
41.0958904109589
 10
51616.43835616438
 20
82.1917808219178
 10
42369.863013698625
 20
82.1917808219178
 10
42328.76712328767
 20
123.2876712328767
 10
42205.479452054795
 20
82.1917808219178
 10
41876.71232876712
 20
82.1917808219178
 10
41835.61643835616
 20
123.2876712328767
 10
28767.12328767123
 20
123.2876712328767
  0
LWPOLYLINE
  5
72
330
17
100
AcDbEntity
  8
RASTER_CONTOURS
100
AcDbPolyline
 90
6
 70
1
 10
30986.301369863013
 20
3945.2054794520545
 10
31027.39726027397
 20
3986.3013698630134
 10
31150.684931506847
 20
3986.3013698630134
 10
31191.780821917808
 20
3904.1095890410957
 10
31109.58904109589
 20
3821.917808219178
 10
31027.39726027397
 20
3863.013698630137
  0
LWPOLYLINE
  5
73
330
17
100
AcDbEntity
  8
RASTER_CONTOURS
100
AcDbPolyline
 90
6
 70
1
 10
41095.8904109589
 20
4109.58904109589
 10
41136.98630136986
 20
4150.684931506849
 10
41342.46575342466
 20
4150.684931506849
 10
41383.561643835616
 20
4068.493150684931
 10
41342.46575342466
 20
4027.3972602739723
 10
41136.98630136986
 20
4027.3972602739723
  0
LWPOLYLINE
  5
74
330
17
100
AcDbEntity
  8
RASTER_CONTOURS
100
AcDbPolyline
 90
10
 70
1
 10
38178.08219178082
 20
4027.3972602739723
 10
38178.08219178082
 20
3863.013698630137
 10
38301.36986301369
 20
3780.821917808219
 10
38794.520547945205
 20
3780.821917808219
 10
38876.71232876712
 20
3863.013698630137
 10
38876.71232876712
 20
3986.3013698630134
 10
38794.520547945205
 20
4109.58904109589
 10
38589.04109589041
 20
4068.493150684931
 10
38424.65753424657
 20
4150.684931506849
 10
38260.273972602736
 20
4150.684931506849
  0
LWPOLYLINE
  5
75
330
17
100
AcDbEntity
  8
RASTER_CONTOURS
100
AcDbPolyline
 90
7
 70
1
 10
12821.917808219177
 20
4191.780821917808
 10
12904.109589041094
 20
4109.58904109589
 10
12821.917808219177
 20
3863.013698630137
 10
12739.726027397259
 20
3821.917808219178
 10
12698.630136986301
 20
3863.013698630137
 10
12698.630136986301
 20
4027.3972602739723
 10
12739.726027397259
 20
4150.684931506849
  0
LWPOLYLINE
  5
76
330
17
100
AcDbEntity
  8
RASTER_CONTOURS
100
AcDbPolyline
 90
11
 70
1
 10
12986.301369863013
 20
4150.684931506849
 10
13273.972602739725
 20
4273.9726027397255
 10
13356.164383561643
 20
4191.780821917808
 10
13643.835616438355
 20
4191.780821917808
 10
13684.931506849314
 20
4150.684931506849
 10
13479.45205479452
 20
4068.493150684931
 10
13397.260273972603
 20
4109.58904109589
 10
13356.164383561643
 20
4068.493150684931
 10
13232.876712328767
 20
4068.493150684931
 10
13191.780821917808
 20
4109.58904109589
 10
13150.684931506848
 20
4068.493150684931
  0
LWPOLYLINE
  5
77
330
17
100
AcDbEntity
  8
RASTER_CONTOURS
100
AcDbPolyline
 90
196
 70
1
 10
28561.643835616436
 20
205.4794520547945
 10
28479.452054794518
 20
123.2876712328767
 10
26506.84931506849
 20
123.2876712328767
 10
26465.753424657534
 20
164.3835616438356
 10
26424.657534246573
 20
123.2876712328767
 10
20835.616438356163
 20
123.2876712328767
 10
20794.520547945205
 20
164.3835616438356
 10
13150.684931506848
 20
164.3835616438356
 10
13109.58904109589
 20
205.4794520547945
 10
13027.397260273972
 20
164.3835616438356
 10
9575.342465753423
 20
164.3835616438356
 10
7273.9726027397255
 20
2219.1780821917805
 10
7273.9726027397255
 20
3904.1095890410957
 10
7356.164383561643
 20
3986.3013698630134
 10
7438.356164383561
 20
3863.013698630137
 10
7397.260273972603
 20
3821.917808219178
 10
7397.260273972603
 20
2301.3698630136987
 10
8095.890410958904
 20
1643.835616438356
 10
8383.561643835616
 20
1438.3561643835615
 10
8589.04109589041
 20
1191.7808219178082
 10
8794.520547945205
 20
1027.3972602739725
 10
8876.712328767122
 20
1027.3972602739725
 10
9452.054794520547
 20
410.958904109589
 10
9575.342465753423
 20
410.958904109589
 10
9575.342465753423
 20
1273.972602739726
 10
9657.534246575342
 20
1356.1643835616437
 10
9863.013698630137
 20
1356.1643835616437
 10
9904.109589041096
 20
1397.2602739726026
 10
9904.109589041096
 20
3739.72602739726
 10
9863.013698630137
 20
3780.821917808219
 10
9863.013698630137
 20
3904.1095890410957
 10
9904.109589041096
 20
3945.2054794520545
 10
10356.164383561643
 20
3945.2054794520545
 10
10397.260273972603
 20
3904.1095890410957
 10
10315.068493150684
 20
3821.917808219178
 10
10109.58904109589
 20
3821.917808219178
 10
10027.397260273972
 20
3616.4383561643835
 10
10027.397260273972
 20
3369.86301369863
 10
10068.493150684932
 20
3328.767123287671
 10
10068.493150684932
 20
3000.0
 10
10027.397260273972
 20
2958.9041095890407
 10
10068.493150684932
 20
1767.1232876712327
 10
10027.397260273972
 20
1726.0273972602738
 10
10027.397260273972
 20
1602.7397260273972
 10
10068.493150684932
 20
1561.6438356164383
 10
10068.493150684932
 20
1356.1643835616437
 10
10191.780821917808
 20
1356.1643835616437
 10
10232.876712328767
 20
1315.0684931506848
 10
10273.972602739725
 20
1356.1643835616437
 10
10397.260273972603
 20
1232.876712328767
 10
10397.260273972603
 20
328.7671232876712
 10
10520.547945205479
 20
328.7671232876712
 10
10561.643835616438
 20
287.67123287671234
 10
10643.835616438355
 20
328.7671232876712
 10
11136.986301369861
 20
328.7671232876712
 10
11178.08219178082
 20
287.67123287671234
 10
11260.27397260274
 20
328.7671232876712
 10
11424.657534246575
 20
328.7671232876712
 10
11465.753424657534
 20
287.67123287671234
 10
13109.58904109589
 20
287.67123287671234
 10
13150.684931506848
 20
328.7671232876712
 10
13150.684931506848
 20
945.2054794520548
 10
13191.780821917808
 20
986.3013698630136
 10
13150.684931506848
 20
1027.3972602739725
 10
13150.684931506848
 20
1191.7808219178082
 10
13232.876712328767
 20
1315.0684931506848
 10
13438.35616438356
 20
1315.0684931506848
 10
13479.45205479452
 20
1356.1643835616437
 10
13767.123287671231
 20
1315.0684931506848
 10
13849.31506849315
 20
1356.1643835616437
 10
13849.31506849315
 20
1972.6027397260273
 10
13931.506849315068
 20
2095.890410958904
 10
15164.383561643835
 20
2095.890410958904
 10
15205.479452054793
 20
2054.794520547945
 10
15287.671232876712
 20
2095.890410958904
 10
15328.767123287671
 20
2054.794520547945
 10
15369.863013698628
 20
2095.890410958904
 10
15616.438356164383
 20
2095.890410958904
 10
15657.534246575342
 20
2054.794520547945
 10
15739.726027397259
 20
2095.890410958904
 10
15821.917808219177
 20
2054.794520547945
 10
15945.205479452054
 20
2095.890410958904
 10
15986.301369863013
 20
2054.794520547945
 10
16027.397260273972
 20
2095.890410958904
 10
16109.58904109589
 20
2054.794520547945
 10
16479.45205479452
 20
2095.890410958904
 10
16520.54794520548
 20
2054.794520547945
 10
16602.739726027397
 20
2178.0821917808216
 10
16602.739726027397
 20
2383.5616438356165
 10
16561.643835616436
 20
2424.6575342465753
 10
16561.643835616436
 20
2589.041095890411
 10
16602.739726027397
 20
2630.1369863013697
 10
16602.739726027397
 20
2835.616438356164
 10
16561.643835616436
 20
2876.712328767123
 10
16602.739726027397
 20
3863.013698630137
 10
16561.643835616436
 20
3945.2054794520545
 10
16602.739726027397
 20
4027.3972602739723
 10
16520.54794520548
 20
4109.58904109589
 10
16438.35616438356
 20
4068.493150684931
 10
16232.876712328765
 20
4068.493150684931
 10
16191.780821917808
 20
4109.58904109589
 10
15739.726027397259
 20
4109.58904109589
 10
15698.6301369863
 20
4068.493150684931
 10
14301.369863013697
 20
4068.493150684931
 10
14260.27397260274
 20
4109.58904109589
 10
13808.21917808219
 20
4109.58904109589
 10
13767.123287671231
 20
4150.684931506849
 10
13808.21917808219
 20
4191.780821917808
 10
16602.739726027397
 20
4191.780821917808
 10
16726.027397260274
 20
4068.493150684931
 10
16726.027397260274
 20
3945.2054794520545
 10
16684.931506849312
 20
3904.1095890410957
 10
16726.027397260274
 20
3452.0547945205476
 10
16684.931506849312
 20
3328.767123287671
 10
16726.027397260274
 20
3287.671232876712
 10
17178.08219178082
 20
3287.671232876712
 10
17260.27397260274
 20
3205.4794520547944
 10
17219.17808219178
 20
3164.3835616438355
 10
16931.50684931507
 20
3164.3835616438355
 10
16684.931506849312
 20
3082.1917808219177
 10
16726.027397260274
 20
3000.0
 10
16684.931506849312
 20
2917.808219178082
 10
16684.931506849312
 20
452.05479452054794
 10
16767.12328767123
 20
287.67123287671234
 10
18904.109589041094
 20
287.67123287671234
 10
18986.301369863013
 20
410.958904109589
 10
18945.20547945205
 20
493.1506849315068
 10
18945.20547945205
 20
3082.1917808219177
 10
18821.917808219176
 20
3164.3835616438355
 10
18575.342465753423
 20
3123.2876712328766
 10
18452.054794520547
 20
3205.4794520547944
 10
18575.342465753423
 20
3287.671232876712
 10
18698.6301369863
 20
3246.5753424657532
 10
18945.20547945205
 20
3328.767123287671
 10
18945.20547945205
 20
4109.58904109589
 10
19068.49315068493
 20
4191.780821917808
 10
21246.575342465752
 20
4191.780821917808
 10
21287.67123287671
 20
4150.684931506849
 10
21657.534246575342
 20
4150.684931506849
 10
21698.6301369863
 20
4191.780821917808
 10
21698.6301369863
 20
4356.164383561643
 10
21821.917808219176
 20
4479.45205479452
 10
22232.876712328765
 20
4438.356164383561
 10
22273.972602739723
 20
4397.260273972603
 10
22273.972602739723
 20
3739.72602739726
 10
22150.684931506847
 20
3657.5342465753424
 10
21904.109589041094
 20
3657.5342465753424
 10
21780.821917808218
 20
3575.342465753424
 10
21698.6301369863
 20
3739.72602739726
 10
21698.6301369863
 20
4027.3972602739723
 10
21616.43835616438
 20
4068.493150684931
 10
19150.684931506847
 20
4068.493150684931
 10
19068.49315068493
 20
3945.2054794520545
 10
19109.58904109589
 20
3904.1095890410957
 10
19109.58904109589
 20
3616.4383561643835
 10
19068.49315068493
 20
3575.342465753424
 10
19109.58904109589
 20
3452.0547945205476
 10
19109.58904109589
 20
3123.2876712328766
 10
19068.49315068493
 20
3082.1917808219177
 10
19109.58904109589
 20
2958.9041095890407
 10
19109.58904109589
 20
1150.6849315068494
 10
19068.49315068493
 20
1068.4931506849314
 10
19109.58904109589
 20
1027.3972602739725
 10
19109.58904109589
 20
328.7671232876712
 10
19150.684931506847
 20
287.67123287671234
 10
21698.6301369863
 20
287.67123287671234
 10
21698.6301369863
 20
945.2054794520548
 10
21739.72602739726
 20
986.3013698630136
 10
21698.6301369863
 20
1027.3972602739725
 10
21698.6301369863
 20
1684.931506849315
 10
21739.72602739726
 20
1726.0273972602738
 10
21698.6301369863
 20
1767.1232876712327
 10
21698.6301369863
 20
2301.3698630136987
 10
21780.821917808218
 20
2383.5616438356165
 10
21863.013698630137
 20
2301.3698630136987
 10
21863.013698630137
 20
2054.794520547945
 10
21945.20547945205
 20
1972.6027397260273
 10
21863.013698630137
 20
1849.3150684931506
 10
21863.013698630137
 20
1232.876712328767
 10
21904.109589041094
 20
1191.7808219178082
 10
22232.876712328765
 20
1191.7808219178082
 10
22315.068493150684
 20
1109.5890410958903
 10
22315.068493150684
 20
698.6301369863013
 10
22356.16438356164
 20
657.5342465753424
 10
22315.068493150684
 20
452.05479452054794
 10
22356.16438356164
 20
410.958904109589
 10
22356.16438356164
 20
287.67123287671234
 10
22438.35616438356
 20
246.5753424657534
 10
22561.643835616436
 20
246.5753424657534
 10
22602.739726027397
 20
287.67123287671234
 10
23342.465753424654
 20
287.67123287671234
 10
23383.561643835616
 20
246.5753424657534
 10
25684.931506849312
 20
246.5753424657534
 10
25890.410958904107
 20
328.7671232876712
 10
26013.698630136983
 20
246.5753424657534
 10
28520.54794520548
 20
246.5753424657534
  0
LWPOLYLINE
  5
78
330
17
100
AcDbEntity
  8
RASTER_CONTOURS
100
AcDbPolyline
 90
8
 70
1
 10
41013.69863013698
 20
4561.643835616438
 10
41095.8904109589
 20
4561.643835616438
 10
41178.08219178082
 20
4479.45205479452
 10
41178.08219178082
 20
4315.068493150685
 10
41095.8904109589
 20
4232.876712328767
 10
40972.602739726026
 20
4232.876712328767
 10
40890.4109589041
 20
4315.068493150685
 10
40890.4109589041
 20
4438.356164383561
  0
LWPOLYLINE
  5
79
330
17
100
AcDbEntity
  8
RASTER_CONTOURS
100
AcDbPolyline
 90
22
 70
1
 10
41753.42465753424
 20
4561.643835616438
 10
41712.32876712328
 20
4479.45205479452
 10
41835.61643835616
 20
4356.164383561643
 10
41794.520547945205
 20
4315.068493150685
 10
41794.520547945205
 20
3904.1095890410957
 10
41958.904109589035
 20
3904.1095890410957
 10
42000.0
 20
3863.013698630137
 10
42041.09589041096
 20
3904.1095890410957
 10
42164.38356164383
 20
3904.1095890410957
 10
42246.57534246575
 20
4027.3972602739723
 10
42328.76712328767
 20
3904.1095890410957
 10
42452.05479452055
 20
3904.1095890410957
 10
42493.150684931505
 20
3863.013698630137
 10
42616.43835616438
 20
3904.1095890410957
 10
42616.43835616438
 20
4397.260273972603
 10
42575.34246575342
 20
4438.356164383561
 10
42616.43835616438
 20
4561.643835616438
 10
42534.24657534246
 20
4684.931506849315
 10
42369.863013698625
 20
4684.931506849315
 10
42287.67123287671
 20
4602.739726027397
 10
42123.28767123287
 20
4561.643835616438
 10
41958.904109589035
 20
4726.027397260274
  0
LWPOLYLINE
  5
7A
330
17
100
AcDbEntity
  8
RASTER_CONTOURS
100
AcDbPolyline
 90
22
 70
1
 10
41589.04109589041
 20
4602.739726027397
 10
41547.94520547945
 20
4643.835616438356
 10
41342.46575342466
 20
4643.835616438356
 10
41219.17808219178
 20
4726.027397260274
 10
41095.8904109589
 20
4643.835616438356
 10
40890.4109589041
 20
4643.835616438356
 10
40849.315068493146
 20
4602.739726027397
 10
40849.315068493146
 20
4232.876712328767
 10
40767.12328767123
 20
3986.3013698630134
 10
40808.21917808219
 20
3945.2054794520545
 10
40931.50684931507
 20
3986.3013698630134
 10
41013.69863013698
 20
3904.1095890410957
 10
41136.98630136986
 20
3945.2054794520545
 10
41506.84931506849
 20
3904.1095890410957
 10
41506.84931506849
 20
4232.876712328767
 10
41383.561643835616
 20
4232.876712328767
 10
41342.46575342466
 20
4273.9726027397255
 10
41383.561643835616
 20
4356.164383561643
 10
41506.84931506849
 20
4356.164383561643
 10
41506.84931506849
 20
4397.260273972603
 10
41383.561643835616
 20
4438.356164383561
 10
41342.46575342466
 20
4520.547945205479
  0
LWPOLYLINE
  5
7B
330
17
100
AcDbEntity
  8
RASTER_CONTOURS
100
AcDbPolyline
 90
2
 70
1
 10
10438.35616438356
 20
4767.123287671233
 10
10438.35616438356
 20
4232.876712328767
  0
LWPOLYLINE
  5
7C
330
17
100
AcDbEntity
  8
RASTER_CONTOURS
100
AcDbPolyline
 90
6
 70
1
 10
36534.24657534246
 20
4931.506849315068
 10
36657.53424657534
 20
4849.315068493151
 10
36904.109589041094
 20
4849.315068493151
 10
36945.20547945205
 20
4890.410958904109
 10
36945.20547945205
 20
4972.602739726027
 10
36575.34246575342
 20
4972.602739726027
  0
LWPOLYLINE
  5
7D
330
17
100
AcDbEntity
  8
RASTER_CONTOURS
100
AcDbPolyline
 90
9
 70
1
 10
21493.150684931505
 20
4972.602739726027
 10
21452.054794520547
 20
5136.986301369862
 10
21410.958904109586
 20
5095.890410958904
 10
21041.095890410958
 20
5095.890410958904
 10
21041.095890410958
 20
5054.794520547945
 10
21205.479452054795
 20
4931.506849315068
 10
21287.67123287671
 20
4972.602739726027
 10
21410.958904109586
 20
4972.602739726027
 10
21452.054794520547
 20
4931.506849315068
  0
LWPOLYLINE
  5
7E
330
17
100
AcDbEntity
  8
RASTER_CONTOURS
100
AcDbPolyline
 90
848
 70
1
 10
616.4383561643835
 20
-287.67123287671234
 10
698.6301369863013
 20
-82.1917808219178
 10
945.2054794520548
 20
-82.1917808219178
 10
986.3013698630136
 20
-41.0958904109589
 10
3410.9589041095887
 20
-41.0958904109589
 10
3452.0547945205476
 20
-82.1917808219178
 10
9657.534246575342
 20
-82.1917808219178
 10
9863.013698630137
 20
0.0
 10
9945.205479452054
 20
-41.0958904109589
 10
10027.397260273972
 20
0.0
 10
10150.684931506848
 20
-41.0958904109589
 10
10726.027397260274
 20
0.0
 10
10849.31506849315
 20
-82.1917808219178
 10
10972.602739726026
 20
0.0
 10
11342.465753424656
 20
0.0
 10
11506.849315068492
 20
-82.1917808219178
 10
11671.232876712327
 20
0.0
 10
11876.712328767122
 20
0.0
 10
11917.808219178081
 20
-41.0958904109589
 10
12452.054794520547
 20
0.0
 10
12698.630136986301
 20
-82.1917808219178
 10
12821.917808219177
 20
0.0
 10
13068.49315068493
 20
0.0
 10
13109.58904109589
 20
-41.0958904109589
 10
13643.835616438355
 20
0.0
 10
13849.31506849315
 20
-82.1917808219178
 10
14054.794520547945
 20
0.0
 10
14260.27397260274
 20
0.0
 10
14383.561643835616
 20
-82.1917808219178
 10
14630.13698630137
 20
0.0
 10
14876.712328767122
 20
0.0
 10
14917.808219178081
 20
-41.0958904109589
 10
15493.150684931506
 20
0.0
 10
15657.534246575342
 20
-82.1917808219178
 10
15821.917808219177
 20
0.0
 10
16027.397260273972
 20
0.0
 10
16191.780821917808
 20
-82.1917808219178
 10
16273.972602739725
 20
-41.0958904109589
 10
16479.45205479452
 20
-41.0958904109589
 10
16520.54794520548
 20
0.0
 10
16684.931506849312
 20
0.0
 10
16808.219178082192
 20
-82.1917808219178
 10
16972.602739726026
 20
0.0
 10
17095.890410958902
 20
-41.0958904109589
 10
17219.17808219178
 20
0.0
 10
17383.561643835616
 20
-82.1917808219178
 10
17465.753424657534
 20
-41.0958904109589
 10
17671.23287671233
 20
-41.0958904109589
 10
17712.328767123287
 20
0.0
 10
18000.0
 20
-82.1917808219178
 10
18123.287671232876
 20
0.0
 10
18410.95890410959
 20
0.0
 10
18616.43835616438
 20
-82.1917808219178
 10
18698.6301369863
 20
-41.0958904109589
 10
19109.58904109589
 20
-41.0958904109589
 10
19150.684931506847
 20
-82.1917808219178
 10
19273.972602739726
 20
-41.0958904109589
 10
19684.931506849312
 20
-41.0958904109589
 10
19726.027397260274
 20
-82.1917808219178
 10
19849.31506849315
 20
-82.1917808219178
 10
19890.410958904107
 20
-41.0958904109589
 10
20342.465753424654
 20
-41.0958904109589
 10
20383.561643835616
 20
-82.1917808219178
 10
20506.84931506849
 20
-41.0958904109589
 10
20917.80821917808
 20
-41.0958904109589
 10
20958.90410958904
 20
-82.1917808219178
 10
21082.191780821915
 20
-41.0958904109589
 10
21493.150684931505
 20
-41.0958904109589
 10
21575.342465753423
 20
-123.2876712328767
 10
21657.534246575342
 20
-41.0958904109589
 10
22150.684931506847
 20
-41.0958904109589
 10
22191.780821917808
 20
-82.1917808219178
 10
22232.876712328765
 20
-41.0958904109589
 10
22643.835616438355
 20
-41.0958904109589
 10
22684.931506849312
 20
-82.1917808219178
 10
22808.21917808219
 20
-41.0958904109589
 10
23260.27397260274
 20
-41.0958904109589
 10
23301.369863013697
 20
-82.1917808219178
 10
23424.657534246573
 20
-82.1917808219178
 10
23465.753424657534
 20
-41.0958904109589
 10
23835.616438356163
 20
-41.0958904109589
 10
23876.71232876712
 20
-82.1917808219178
 10
24041.095890410958
 20
-82.1917808219178
 10
24082.191780821915
 20
-41.0958904109589
 10
24410.958904109586
 20
-41.0958904109589
 10
24452.054794520547
 20
-82.1917808219178
 10
24657.534246575342
 20
-82.1917808219178
 10
24698.6301369863
 20
-41.0958904109589
 10
24986.301369863013
 20
-41.0958904109589
 10
25027.39726027397
 20
-82.1917808219178
 10
25191.780821917808
 20
-82.1917808219178
 10
25232.876712328765
 20
-41.0958904109589
 10
25602.739726027394
 20
-41.0958904109589
 10
25643.835616438355
 20
-82.1917808219178
 10
25808.21917808219
 20
-82.1917808219178
 10
25849.31506849315
 20
-41.0958904109589
 10
26219.17808219178
 20
-41.0958904109589
 10
26260.27397260274
 20
-82.1917808219178
 10
26424.657534246573
 20
-82.1917808219178
 10
26465.753424657534
 20
-41.0958904109589
 10
26753.424657534244
 20
-41.0958904109589
 10
26794.520547945205
 20
-82.1917808219178
 10
27041.095890410958
 20
-82.1917808219178
 10
27082.191780821915
 20
-41.0958904109589
 10
27410.958904109586
 20
-41.0958904109589
 10
27452.054794520547
 20
-82.1917808219178
 10
27657.534246575342
 20
-82.1917808219178
 10
27698.6301369863
 20
-41.0958904109589
 10
27986.301369863013
 20
-41.0958904109589
 10
28027.39726027397
 20
-82.1917808219178
 10
28561.643835616436
 20
-41.0958904109589
 10
28726.027397260274
 20
-123.2876712328767
 10
28849.31506849315
 20
-41.0958904109589
 10
29095.890410958902
 20
-41.0958904109589
 10
29136.98630136986
 20
-82.1917808219178
 10
29671.232876712325
 20
-41.0958904109589
 10
29876.71232876712
 20
-123.2876712328767
 10
30041.095890410958
 20
-41.0958904109589
 10
30328.76712328767
 20
-41.0958904109589
 10
30493.150684931505
 20
-123.2876712328767
 10
30657.534246575342
 20
-41.0958904109589
 10
30904.109589041094
 20
-41.0958904109589
 10
30945.20547945205
 20
-82.1917808219178
 10
31602.739726027394
 20
-41.0958904109589
 10
31726.027397260274
 20
-123.2876712328767
 10
31849.31506849315
 20
-41.0958904109589
 10
32136.98630136986
 20
-41.0958904109589
 10
32260.27397260274
 20
-123.2876712328767
 10
32424.657534246573
 20
-41.0958904109589
 10
32753.424657534244
 20
-41.0958904109589
 10
32794.520547945205
 20
-82.1917808219178
 10
32958.90410958904
 20
-82.1917808219178
 10
33000.0
 20
-41.0958904109589
 10
33369.863013698625
 20
-41.0958904109589
 10
33410.95890410959
 20
-82.1917808219178
 10
33575.34246575342
 20
-82.1917808219178
 10
33616.438356164384
 20
-41.0958904109589
 10
33986.30136986301
 20
-41.0958904109589
 10
34027.39726027397
 20
-82.1917808219178
 10
34191.780821917804
 20
-82.1917808219178
 10
34232.87671232876
 20
-41.0958904109589
 10
34561.643835616436
 20
-41.0958904109589
 10
34602.739726027394
 20
-82.1917808219178
 10
34767.12328767123
 20
-82.1917808219178
 10
34808.21917808219
 20
-41.0958904109589
 10
35136.98630136986
 20
-41.0958904109589
 10
35178.08219178082
 20
-82.1917808219178
 10
35671.232876712325
 20
-41.0958904109589
 10
35835.61643835616
 20
-123.2876712328767
 10
36000.0
 20
-41.0958904109589
 10
36246.57534246575
 20
-41.0958904109589
 10
36287.67123287671
 20
-82.1917808219178
 10
36863.01369863014
 20
-41.0958904109589
 10
36986.30136986301
 20
-123.2876712328767
 10
37273.97260273973
 20
-41.0958904109589
 10
37479.45205479452
 20
-41.0958904109589
 10
37602.739726027394
 20
-123.2876712328767
 10
37684.931506849316
 20
-123.2876712328767
 10
37808.21917808219
 20
-41.0958904109589
 10
38013.69863013698
 20
-41.0958904109589
 10
38054.79452054794
 20
-82.1917808219178
 10
38630.13698630137
 20
-41.0958904109589
 10
38835.61643835616
 20
-123.2876712328767
 10
39041.09589041096
 20
-41.0958904109589
 10
39246.57534246575
 20
-41.0958904109589
 10
39452.05479452055
 20
-123.2876712328767
 10
39616.438356164384
 20
-41.0958904109589
 10
39945.20547945205
 20
-82.1917808219178
 10
39986.30136986301
 20
-123.2876712328767
 10
40438.35616438356
 20
-41.0958904109589
 10
40602.739726027394
 20
-123.2876712328767
 10
40643.83561643835
 20
-82.1917808219178
 10
41136.98630136986
 20
-82.1917808219178
 10
41178.08219178082
 20
-123.2876712328767
 10
41301.36986301369
 20
-123.2876712328767
 10
41342.46575342466
 20
-82.1917808219178
 10
41712.32876712328
 20
-82.1917808219178
 10
41753.42465753424
 20
-123.2876712328767
 10
41876.71232876712
 20
-82.1917808219178
 10
42287.67123287671
 20
-82.1917808219178
 10
42328.76712328767
 20
-123.2876712328767
 10
42534.24657534246
 20
-123.2876712328767
 10
42575.34246575342
 20
-82.1917808219178
 10
42863.01369863014
 20
-82.1917808219178
 10
42904.109589041094
 20
-123.2876712328767
 10
43068.49315068493
 20
-123.2876712328767
 10
43109.58904109589
 20
-82.1917808219178
 10
43438.35616438356
 20
-82.1917808219178
 10
43479.45205479452
 20
-123.2876712328767
 10
43684.93150684931
 20
-123.2876712328767
 10
43726.02739726027
 20
-82.1917808219178
 10
44013.69863013698
 20
-82.1917808219178
 10
44054.79452054794
 20
-123.2876712328767
 10
44260.273972602736
 20
-123.2876712328767
 10
44301.36986301369
 20
-82.1917808219178
 10
44671.232876712325
 20
-82.1917808219178
 10
44712.32876712328
 20
-123.2876712328767
 10
44835.61643835616
 20
-123.2876712328767
 10
44876.71232876712
 20
-82.1917808219178
 10
45205.479452054795
 20
-82.1917808219178
 10
45246.57534246575
 20
-123.2876712328767
 10
45410.95890410959
 20
-123.2876712328767
 10
45452.05479452055
 20
-82.1917808219178
 10
45821.91780821917
 20
-82.1917808219178
 10
45863.01369863014
 20
-123.2876712328767
 10
46068.49315068493
 20
-123.2876712328767
 10
46109.58904109589
 20
-82.1917808219178
 10
46356.16438356164
 20
-82.1917808219178
 10
46397.2602739726
 20
-123.2876712328767
 10
46643.83561643835
 20
-123.2876712328767
 10
46684.93150684931
 20
-82.1917808219178
 10
46972.602739726026
 20
-82.1917808219178
 10
47013.69863013698
 20
-123.2876712328767
 10
47219.17808219178
 20
-123.2876712328767
 10
47260.273972602736
 20
-82.1917808219178
 10
47547.945205479446
 20
-82.1917808219178
 10
47589.04109589041
 20
-123.2876712328767
 10
47794.520547945205
 20
-123.2876712328767
 10
47835.61643835616
 20
-82.1917808219178
 10
48041.09589041096
 20
-82.1917808219178
 10
48082.191780821915
 20
-123.2876712328767
 10
48780.821917808214
 20
-82.1917808219178
 10
48821.91780821917
 20
-123.2876712328767
 10
49438.35616438356
 20
-123.2876712328767
 10
49561.643835616436
 20
-164.3835616438356
 10
49767.12328767123
 20
-82.1917808219178
 10
49808.21917808219
 20
-123.2876712328767
 10
50589.04109589041
 20
-123.2876712328767
 10
50630.13698630137
 20
-164.3835616438356
 10
50794.520547945205
 20
-164.3835616438356
 10
50835.61643835616
 20
-123.2876712328767
 10
51164.38356164383
 20
-123.2876712328767
 10
51205.47945205479
 20
-164.3835616438356
 10
51410.95890410958
 20
-164.3835616438356
 10
51452.05479452055
 20
-123.2876712328767
 10
51780.821917808214
 20
-123.2876712328767
 10
51821.91780821917
 20
-164.3835616438356
 10
51986.30136986301
 20
-164.3835616438356
 10
52027.39726027397
 20
-123.2876712328767
 10
52356.16438356164
 20
-123.2876712328767
 10
52397.2602739726
 20
-164.3835616438356
 10
52972.602739726026
 20
-123.2876712328767
 10
53013.69863013698
 20
-164.3835616438356
 10
53260.273972602736
 20
-164.3835616438356
 10
53301.36986301369
 20
-123.2876712328767
 10
53465.75342465753
 20
-123.2876712328767
 10
53506.84931506849
 20
-82.1917808219178
 10
53506.84931506849
 20
82.1917808219178
 10
53589.04109589041
 20
164.3835616438356
 10
55315.068493150684
 20
164.3835616438356
 10
55356.16438356164
 20
123.2876712328767
 10
55643.83561643835
 20
123.2876712328767
 10
55684.93150684931
 20
164.3835616438356
 10
55726.02739726027
 20
123.2876712328767
 10
57986.30136986301
 20
123.2876712328767
 10
58027.39726027397
 20
164.3835616438356
 10
58315.068493150684
 20
164.3835616438356
 10
58356.16438356164
 20
123.2876712328767
 10
59342.46575342465
 20
123.2876712328767
 10
59383.561643835616
 20
164.3835616438356
 10
59424.65753424657
 20
123.2876712328767
 10
59753.42465753424
 20
82.1917808219178
 10
59794.5205479452
 20
-41.0958904109589
 10
59712.32876712328
 20
-123.2876712328767
 10
59547.945205479446
 20
-123.2876712328767
 10
59506.84931506849
 20
-164.3835616438356
 10
58068.493150684924
 20
-164.3835616438356
 10
58109.58904109589
 20
-205.4794520547945
 10
58808.21917808219
 20
-205.4794520547945
 10
58849.315068493146
 20
-164.3835616438356
 10
58931.50684931506
 20
-205.4794520547945
 10
59835.61643835616
 20
-205.4794520547945
 10
59876.71232876712
 20
-164.3835616438356
 10
59876.71232876712
 20
82.1917808219178
 10
60041.09589041096
 20
164.3835616438356
 10
60164.38356164383
 20
123.2876712328767
 10
60575.34246575342
 20
123.2876712328767
 10
60739.72602739726
 20
205.4794520547945
 10
60739.72602739726
 20
1397.2602739726026
 10
60657.53424657534
 20
1438.3561643835615
 10
60616.43835616438
 20
1397.2602739726026
 10
60410.95890410958
 20
1397.2602739726026
 10
60369.863013698625
 20
1438.3561643835615
 10
60246.57534246575
 20
1438.3561643835615
 10
60205.47945205479
 20
1397.2602739726026
 10
60082.191780821915
 20
1397.2602739726026
 10
60041.09589041096
 20
1438.3561643835615
 10
59589.04109589041
 20
1438.3561643835615
 10
59506.84931506849
 20
1397.2602739726026
 10
59424.65753424657
 20
1109.5890410958903
 10
59465.75342465753
 20
1068.4931506849314
 10
59465.75342465753
 20
780.8219178082192
 10
59506.84931506849
 20
739.7260273972602
 10
59465.75342465753
 20
698.6301369863013
 10
59465.75342465753
 20
246.5753424657534
 10
59383.561643835616
 20
164.3835616438356
 10
58643.83561643835
 20
164.3835616438356
 10
58602.739726027394
 20
205.4794520547945
 10
58479.452054794514
 20
164.3835616438356
 10
57863.01369863014
 20
164.3835616438356
 10
57821.91780821917
 20
205.4794520547945
 10
57369.863013698625
 20
205.4794520547945
 10
57328.76712328767
 20
164.3835616438356
 10
57041.09589041096
 20
164.3835616438356
 10
56999.99999999999
 20
205.4794520547945
 10
56095.8904109589
 20
205.4794520547945
 10
56054.79452054794
 20
164.3835616438356
 10
55931.50684931507
 20
164.3835616438356
 10
55890.4109589041
 20
205.4794520547945
 10
55602.739726027394
 20
205.4794520547945
 10
55397.2602739726
 20
287.67123287671234
 10
55150.68493150685
 20
164.3835616438356
 10
55068.493150684924
 20
205.4794520547945
 10
53589.04109589041
 20
205.4794520547945
 10
53506.84931506849
 20
287.67123287671234
 10
53506.84931506849
 20
452.05479452054794
 10
53589.04109589041
 20
534.2465753424657
 10
53712.32876712328
 20
534.2465753424657
 10
53753.42465753424
 20
616.4383561643835
 10
53712.32876712328
 20
657.5342465753424
 10
53712.32876712328
 20
1273.972602739726
 10
53753.42465753424
 20
1315.0684931506848
 10
53671.232876712325
 20
1438.3561643835615
 10
53630.13698630137
 20
1397.2602739726026
 10
52684.93150684931
 20
1397.2602739726026
 10
52643.83561643835
 20
1356.1643835616437
 10
52643.83561643835
 20
328.7671232876712
 10
52561.643835616436
 20
246.5753424657534
 10
51575.34246575342
 20
246.5753424657534
 10
51452.05479452055
 20
328.7671232876712
 10
51452.05479452055
 20
575.3424657534247
 10
51493.150684931505
 20
616.4383561643835
 10
51493.150684931505
 20
821.917808219178
 10
51452.05479452055
 20
904.1095890410959
 10
51328.76712328767
 20
739.7260273972602
 10
51452.05479452055
 20
410.958904109589
 10
51410.95890410958
 20
328.7671232876712
 10
51287.67123287671
 20
246.5753424657534
 10
50876.71232876712
 20
246.5753424657534
 10
50835.61643835616
 20
287.67123287671234
 10
50465.75342465753
 20
287.67123287671234
 10
50424.65753424657
 20
246.5753424657534
 10
50136.98630136986
 20
246.5753424657534
 10
50095.8904109589
 20
287.67123287671234
 10
49931.50684931507
 20
287.67123287671234
 10
49890.4109589041
 20
246.5753424657534
 10
49356.16438356164
 20
246.5753424657534
 10
49315.068493150684
 20
287.67123287671234
 10
49232.87671232876
 20
246.5753424657534
 10
48904.109589041094
 20
246.5753424657534
 10
48863.01369863014
 20
287.67123287671234
 10
47301.36986301369
 20
287.67123287671234
 10
47178.08219178082
 20
369.8630136986301
 10
47095.8904109589
 20
287.67123287671234
 10
45945.20547945205
 20
287.67123287671234
 10
45904.109589041094
 20
328.7671232876712
 10
45904.109589041094
 20
1068.4931506849314
 10
45863.01369863014
 20
1109.5890410958903
 10
45863.01369863014
 20
1356.1643835616437
 10
45904.109589041094
 20
1397.2602739726026
 10
45904.109589041094
 20
1643.835616438356
 10
45863.01369863014
 20
1684.931506849315
 10
45863.01369863014
 20
3575.342465753424
 10
45904.109589041094
 20
3616.4383561643835
 10
45863.01369863014
 20
3863.013698630137
 10
45904.109589041094
 20
3904.1095890410957
 10
45863.01369863014
 20
3986.3013698630134
 10
45082.191780821915
 20
3986.3013698630134
 10
45041.09589041096
 20
4027.3972602739723
 10
45000.0
 20
3986.3013698630134
 10
44876.71232876712
 20
3986.3013698630134
 10
44835.61643835616
 20
4027.3972602739723
 10
44671.232876712325
 20
4027.3972602739723
 10
44630.13698630137
 20
3986.3013698630134
 10
44301.36986301369
 20
3986.3013698630134
 10
44260.273972602736
 20
3904.1095890410957
 10
44301.36986301369
 20
3821.917808219178
 10
44465.75342465753
 20
3698.6301369863013
 10
44465.75342465753
 20
2301.3698630136987
 10
44383.561643835616
 20
2219.1780821917805
 10
37273.97260273973
 20
2260.2739726027394
 10
37150.68493150685
 20
2342.4657534246576
 10
37191.780821917804
 20
2424.6575342465753
 10
36986.30136986301
 20
2465.753424657534
 10
36863.01369863014
 20
2383.5616438356165
 10
36904.109589041094
 20
2301.3698630136987
 10
36863.01369863014
 20
2260.2739726027394
 10
36863.01369863014
 20
1726.0273972602738
 10
36904.109589041094
 20
1684.931506849315
 10
36863.01369863014
 20
1561.6438356164383
 10
36863.01369863014
 20
410.958904109589
 10
36780.821917808214
 20
328.7671232876712
 10
36000.0
 20
328.7671232876712
 10
35917.80821917808
 20
410.958904109589
 10
35917.80821917808
 20
3575.342465753424
 10
36000.0
 20
3657.5342465753424
 10
36821.91780821918
 20
3657.5342465753424
 10
36863.01369863014
 20
3616.4383561643835
 10
36863.01369863014
 20
3164.3835616438355
 10
36945.20547945205
 20
3041.095890410959
 10
37150.68493150685
 20
3041.095890410959
 10
37191.780821917804
 20
3082.1917808219177
 10
37150.68493150685
 20
3123.2876712328766
 10
37109.58904109589
 20
3657.5342465753424
 10
37150.68493150685
 20
3780.821917808219
 10
37232.87671232876
 20
3821.917808219178
 10
37232.87671232876
 20
4068.493150684931
 10
37109.58904109589
 20
4027.3972602739723
 10
37027.39726027397
 20
4068.493150684931
 10
36863.01369863014
 20
4068.493150684931
 10
36821.91780821918
 20
4027.3972602739723
 10
36082.191780821915
 20
4027.3972602739723
 10
36041.09589041096
 20
4068.493150684931
 10
36000.0
 20
4027.3972602739723
 10
35136.98630136986
 20
4027.3972602739723
 10
35095.8904109589
 20
4068.493150684931
 10
34972.602739726026
 20
4068.493150684931
 10
34931.50684931507
 20
3986.3013698630134
 10
34972.602739726026
 20
3945.2054794520545
 10
34931.50684931507
 20
3904.1095890410957
 10
35013.69863013698
 20
3821.917808219178
 10
35589.04109589041
 20
3821.917808219178
 10
35671.232876712325
 20
3739.72602739726
 10
35671.232876712325
 20
452.05479452054794
 10
35589.04109589041
 20
328.7671232876712
 10
33904.109589041094
 20
328.7671232876712
 10
33821.91780821918
 20
410.958904109589
 10
33821.91780821918
 20
1191.7808219178082
 10
33780.821917808214
 20
1232.876712328767
 10
33575.34246575342
 20
1232.876712328767
 10
33493.150684931505
 20
1315.0684931506848
 10
33493.150684931505
 20
3000.0
 10
33575.34246575342
 20
3082.1917808219177
 10
33739.72602739726
 20
3082.1917808219177
 10
33821.91780821918
 20
3164.3835616438355
 10
33821.91780821918
 20
3739.72602739726
 10
33904.109589041094
 20
3821.917808219178
 10
34232.87671232876
 20
3821.917808219178
 10
34273.97260273973
 20
3945.2054794520545
 10
34232.87671232876
 20
4068.493150684931
 10
34109.58904109589
 20
4027.3972602739723
 10
33863.01369863014
 20
4027.3972602739723
 10
33821.91780821918
 20
4068.493150684931
 10
33780.821917808214
 20
4027.3972602739723
 10
33164.38356164383
 20
4027.3972602739723
 10
33000.0
 20
4109.58904109589
 10
32835.61643835616
 20
4027.3972602739723
 10
32835.61643835616
 20
3863.013698630137
 10
32876.71232876712
 20
3821.917808219178
 10
33041.09589041096
 20
3821.917808219178
 10
33164.38356164383
 20
3739.72602739726
 10
33164.38356164383
 20
3164.3835616438355
 10
33205.479452054795
 20
3123.2876712328766
 10
33164.38356164383
 20
3041.095890410959
 10
33205.479452054795
 20
3000.0
 10
33164.38356164383
 20
1315.0684931506848
 10
33082.191780821915
 20
1232.876712328767
 10
33041.09589041096
 20
575.3424657534247
 10
32958.90410958904
 20
493.1506849315068
 10
32589.04109589041
 20
493.1506849315068
 10
33000.0
 20
493.1506849315068
 10
33041.09589041096
 20
410.958904109589
 10
32958.90410958904
 20
328.7671232876712
 10
28890.410958904107
 20
328.7671232876712
 10
28849.31506849315
 20
410.958904109589
 10
29054.794520547945
 20
493.1506849315068
 10
29013.698630136983
 20
534.2465753424657
 10
29013.698630136983
 20
821.917808219178
 10
29095.890410958902
 20
986.3013698630136
 10
29219.17808219178
 20
1109.5890410958903
 10
29260.27397260274
 20
1068.4931506849314
 10
29260.27397260274
 20
945.2054794520548
 10
29260.27397260274
 20
1109.5890410958903
 10
29342.465753424654
 20
1191.7808219178082
 10
29465.75342465753
 20
1191.7808219178082
 10
29547.94520547945
 20
1109.5890410958903
 10
29671.232876712325
 20
1273.972602739726
 10
29547.94520547945
 20
1479.4520547945203
 10
29547.94520547945
 20
1726.0273972602738
 10
29630.136986301368
 20
1931.5068493150684
 10
29712.328767123287
 20
2013.6986301369861
 10
29794.520547945205
 20
1972.6027397260273
 10
29917.80821917808
 20
2013.6986301369861
 10
30082.191780821915
 20
2013.6986301369861
 10
30123.287671232876
 20
1972.6027397260273
 10
30164.383561643834
 20
2013.6986301369861
 10
30369.86301369863
 20
2013.6986301369861
 10
30410.958904109586
 20
1972.6027397260273
 10
30452.054794520547
 20
2013.6986301369861
 10
31068.493150684928
 20
2013.6986301369861
 10
31191.780821917808
 20
2054.794520547945
 10
31232.876712328765
 20
2136.9863013698628
 10
31232.876712328765
 20
2712.3287671232874
 10
31191.780821917808
 20
2753.4246575342463
 10
31232.876712328765
 20
2835.616438356164
 10
31232.876712328765
 20
3698.6301369863013
 10
31315.068493150684
 20
3780.821917808219
 10
31726.027397260274
 20
3780.821917808219
 10
31890.410958904107
 20
3863.013698630137
 10
31890.410958904107
 20
4027.3972602739723
 10
31849.31506849315
 20
4068.493150684931
 10
31726.027397260274
 20
4027.3972602739723
 10
31602.739726027394
 20
4068.493150684931
 10
31520.54794520548
 20
4027.3972602739723
 10
31109.58904109589
 20
4027.3972602739723
 10
31068.493150684928
 20
4068.493150684931
 10
31027.39726027397
 20
4027.3972602739723
 10
30863.013698630133
 20
4027.3972602739723
 10
30821.917808219176
 20
4068.493150684931
 10
30739.726027397257
 20
4027.3972602739723
 10
29999.999999999996
 20
4027.3972602739723
 10
29958.90410958904
 20
4068.493150684931
 10
29753.424657534244
 20
4068.493150684931
 10
29712.328767123287
 20
4027.3972602739723
 10
28520.54794520548
 20
3986.3013698630134
 10
28479.452054794518
 20
4027.3972602739723
 10
27410.958904109586
 20
4027.3972602739723
 10
27287.67123287671
 20
4068.493150684931
 10
27246.575342465752
 20
4027.3972602739723
 10
27246.575342465752
 20
3863.013698630137
 10
27328.76712328767
 20
3780.821917808219
 10
27534.246575342462
 20
3780.821917808219
 10
27575.342465753423
 20
3739.72602739726
 10
27657.534246575342
 20
3780.821917808219
 10
27780.821917808218
 20
3780.821917808219
 10
27821.917808219176
 20
3739.72602739726
 10
27904.109589041094
 20
3780.821917808219
 10
28068.493150684928
 20
3780.821917808219
 10
28109.58904109589
 20
3739.72602739726
 10
28232.876712328765
 20
3780.821917808219
 10
28397.260273972603
 20
3780.821917808219
 10
28438.35616438356
 20
3739.72602739726
 10
28479.452054794518
 20
3780.821917808219
 10
28931.50684931507
 20
3780.821917808219
 10
28972.602739726026
 20
3739.72602739726
 10
29054.794520547945
 20
3780.821917808219
 10
29219.17808219178
 20
3780.821917808219
 10
29260.27397260274
 20
3739.72602739726
 10
29301.369863013697
 20
3780.821917808219
 10
29506.84931506849
 20
3780.821917808219
 10
29547.94520547945
 20
3739.72602739726
 10
29547.94520547945
 20
3616.4383561643835
 10
29589.04109589041
 20
3698.6301369863013
 10
29712.328767123287
 20
3780.821917808219
 10
30904.109589041094
 20
3780.821917808219
 10
30986.301369863013
 20
3698.6301369863013
 10
30986.301369863013
 20
2383.5616438356165
 10
30863.013698630133
 20
2301.3698630136987
 10
29999.999999999996
 20
2301.3698630136987
 10
29958.90410958904
 20
2342.4657534246576
 10
29753.424657534244
 20
2342.4657534246576
 10
29712.328767123287
 20
2301.3698630136987
 10
29054.794520547945
 20
2301.3698630136987
 10
29013.698630136983
 20
2342.4657534246576
 10
28479.452054794518
 20
2342.4657534246576
 10
28438.35616438356
 20
2383.5616438356165
 10
28356.16438356164
 20
2342.4657534246576
 10
27904.109589041094
 20
2342.4657534246576
 10
27821.917808219176
 20
2383.5616438356165
 10
27739.726027397257
 20
2301.3698630136987
 10
27575.342465753423
 20
2383.5616438356165
 10
27493.150684931505
 20
2342.4657534246576
 10
27287.67123287671
 20
2342.4657534246576
 10
27246.575342465752
 20
2136.9863013698628
 10
27287.67123287671
 20
2054.794520547945
 10
27369.86301369863
 20
2013.6986301369861
 10
27493.150684931505
 20
2013.6986301369861
 10
27534.246575342462
 20
1972.6027397260273
 10
27616.43835616438
 20
2013.6986301369861
 10
27780.821917808218
 20
2013.6986301369861
 10
27821.917808219176
 20
1972.6027397260273
 10
27904.109589041094
 20
2013.6986301369861
 10
28109.58904109589
 20
2013.6986301369861
 10
28191.780821917808
 20
1972.6027397260273
 10
28315.068493150684
 20
2054.794520547945
 10
28438.35616438356
 20
1972.6027397260273
 10
28561.643835616436
 20
2054.794520547945
 10
28684.931506849312
 20
1972.6027397260273
 10
28767.12328767123
 20
2013.6986301369861
 10
28931.50684931507
 20
2013.6986301369861
 10
28972.602739726026
 20
1972.6027397260273
 10
29178.08219178082
 20
2013.6986301369861
 10
29301.369863013697
 20
1972.6027397260273
 10
29424.657534246573
 20
2054.794520547945
 10
29547.94520547945
 20
1972.6027397260273
 10
29547.94520547945
 20
1767.1232876712327
 10
29424.657534246573
 20
1520.5479452054794
 10
29342.465753424654
 20
1479.4520547945203
 10
29260.27397260274
 20
1561.6438356164383
 10
29219.17808219178
 20
1315.0684931506848
 10
29095.890410958902
 20
1191.7808219178082
 10
29013.698630136983
 20
1191.7808219178082
 10
28972.602739726026
 20
821.917808219178
 10
28849.31506849315
 20
739.7260273972602
 10
28767.12328767123
 20
780.8219178082192
 10
28520.54794520548
 20
739.7260273972602
 10
28438.35616438356
 20
821.917808219178
 10
28315.068493150684
 20
739.7260273972602
 10
28150.684931506847
 20
821.917808219178
 10
28068.493150684928
 20
739.7260273972602
 10
27945.20547945205
 20
780.8219178082192
 10
27780.821917808218
 20
780.8219178082192
 10
27739.726027397257
 20
739.7260273972602
 10
27657.534246575342
 20
780.8219178082192
 10
27534.246575342462
 20
780.8219178082192
 10
27493.150684931505
 20
739.7260273972602
 10
26095.890410958902
 20
739.7260273972602
 10
25972.602739726026
 20
863.0136986301369
 10
25972.602739726026
 20
1931.5068493150684
 10
26095.890410958902
 20
2054.794520547945
 10
26136.98630136986
 20
2013.6986301369861
 10
26301.369863013697
 20
2054.794520547945
 10
26301.369863013697
 20
2342.4657534246576
 10
26054.794520547945
 20
2342.4657534246576
 10
25972.602739726026
 20
2424.6575342465753
 10
25972.602739726026
 20
3698.6301369863013
 10
26054.794520547945
 20
3780.821917808219
 10
26260.27397260274
 20
3780.821917808219
 10
26301.369863013697
 20
3821.917808219178
 10
26301.369863013697
 20
4068.493150684931
 10
26178.08219178082
 20
4027.3972602739723
 10
25972.602739726026
 20
4027.3972602739723
 10
25931.50684931507
 20
4068.493150684931
 10
25890.410958904107
 20
4027.3972602739723
 10
24369.86301369863
 20
4027.3972602739723
 10
24328.76712328767
 20
3986.3013698630134
 10
24328.76712328767
 20
2178.0821917808216
 10
24164.383561643834
 20
2054.794520547945
 10
22068.49315068493
 20
2054.794520547945
 10
21945.20547945205
 20
2136.9863013698628
 10
21904.109589041094
 20
2219.1780821917805
 10
21904.109589041094
 20
2424.6575342465753
 10
21863.013698630137
 20
2465.753424657534
 10
21698.6301369863
 20
2465.753424657534
 10
21616.43835616438
 20
2383.5616438356165
 10
21575.342465753423
 20
2424.6575342465753
 10
21534.246575342466
 20
2835.616438356164
 10
21575.342465753423
 20
2917.808219178082
 10
21657.534246575342
 20
2958.9041095890407
 10
21657.534246575342
 20
3041.095890410959
 10
21452.054794520547
 20
3041.095890410959
 10
21410.958904109586
 20
3000.0
 10
21452.054794520547
 20
2917.808219178082
 10
21452.054794520547
 20
2383.5616438356165
 10
21493.150684931505
 20
2260.2739726027394
 10
21575.342465753423
 20
2424.6575342465753
 10
21657.534246575342
 20
2342.4657534246576
 10
21657.534246575342
 20
1027.3972602739725
 10
21616.43835616438
 20
986.3013698630136
 10
21657.534246575342
 20
904.1095890410959
 10
21657.534246575342
 20
410.958904109589
 10
21534.246575342466
 20
328.7671232876712
 10
19232.876712328765
 20
369.8630136986301
 10
19150.684931506847
 20
493.1506849315068
 10
19150.684931506847
 20
863.0136986301369
 10
19232.876712328765
 20
945.2054794520548
 10
19150.684931506847
 20
1068.4931506849314
 10
19150.684931506847
 20
3904.1095890410957
 10
19232.876712328765
 20
3986.3013698630134
 10
21575.342465753423
 20
3986.3013698630134
 10
21657.534246575342
 20
3904.1095890410957
 10
21657.534246575342
 20
3698.6301369863013
 10
21616.43835616438
 20
3657.5342465753424
 10
21616.43835616438
 20
3493.1506849315065
 10
21657.534246575342
 20
3452.0547945205476
 10
21698.6301369863
 20
3493.1506849315065
 10
21863.013698630137
 20
3493.1506849315065
 10
22027.39726027397
 20
3616.4383561643835
 10
22315.068493150684
 20
3616.4383561643835
 10
22356.16438356164
 20
3698.6301369863013
 10
22315.068493150684
 20
3739.72602739726
 10
22315.068493150684
 20
4520.547945205479
 10
21821.917808219176
 20
4520.547945205479
 10
21739.72602739726
 20
4561.643835616438
 10
21657.534246575342
 20
4479.45205479452
 10
21657.534246575342
 20
4315.068493150685
 10
21575.342465753423
 20
4232.876712328767
 10
21493.150684931505
 20
4315.068493150685
 10
21452.054794520547
 20
4315.068493150685
 10
21410.958904109586
 20
4232.876712328767
 10
19767.12328767123
 20
4232.876712328767
 10
19726.027397260274
 20
4273.9726027397255
 10
19479.452054794518
 20
4232.876712328767
 10
19438.35616438356
 20
4273.9726027397255
 10
18945.20547945205
 20
4232.876712328767
 10
18904.109589041094
 20
4191.780821917808
 10
18904.109589041094
 20
3452.0547945205476
 10
18780.821917808218
 20
3328.767123287671
 10
18657.534246575342
 20
3328.767123287671
 10
18616.43835616438
 20
3369.86301369863
 10
18575.342465753423
 20
3328.767123287671
 10
18410.95890410959
 20
3328.767123287671
 10
18369.86301369863
 20
3205.4794520547944
 10
18410.95890410959
 20
3041.095890410959
 10
18369.86301369863
 20
3000.0
 10
18000.0
 20
3000.0
 10
17917.80821917808
 20
3082.1917808219177
 10
17671.23287671233
 20
3041.095890410959
 10
17671.23287671233
 20
2958.9041095890407
 10
17876.712328767124
 20
2835.616438356164
 10
18041.095890410958
 20
2917.808219178082
 10
18534.246575342466
 20
2917.808219178082
 10
18452.054794520547
 20
3000.0
 10
18534.246575342466
 20
3082.1917808219177
 10
18780.821917808218
 20
3082.1917808219177
 10
18863.013698630137
 20
3000.0
 10
18904.109589041094
 20
2876.712328767123
 10
18904.109589041094
 20
1520.5479452054794
 10
18863.013698630137
 20
1479.4520547945203
 10
18904.109589041094
 20
1109.5890410958903
 10
18821.917808219176
 20
986.3013698630136
 10
18904.109589041094
 20
863.0136986301369
 10
18904.109589041094
 20
534.2465753424657
 10
18821.917808219176
 20
369.8630136986301
 10
16849.31506849315
 20
369.8630136986301
 10
16767.12328767123
 20
452.05479452054794
 10
16767.12328767123
 20
904.1095890410959
 10
16849.31506849315
 20
986.3013698630136
 10
16767.12328767123
 20
1027.3972602739725
 10
16767.12328767123
 20
3000.0
 10
16849.31506849315
 20
3082.1917808219177
 10
17219.17808219178
 20
3082.1917808219177
 10
17342.465753424658
 20
2958.9041095890407
 10
17301.369863013697
 20
2917.808219178082
 10
17589.04109589041
 20
2917.808219178082
 10
17589.04109589041
 20
3041.095890410959
 10
17547.94520547945
 20
3041.095890410959
 10
17506.84931506849
 20
2958.9041095890407
 10
17383.561643835616
 20
3082.1917808219177
 10
17342.465753424658
 20
3328.767123287671
 10
16808.219178082192
 20
3369.86301369863
 10
16767.12328767123
 20
3410.9589041095887
 10
16767.12328767123
 20
4191.780821917808
 10
16684.931506849312
 20
4273.9726027397255
 10
15616.438356164383
 20
4273.9726027397255
 10
15575.342465753423
 20
4232.876712328767
 10
15452.054794520547
 20
4273.9726027397255
 10
13438.35616438356
 20
4273.9726027397255
 10
13273.972602739725
 20
4397.260273972603
 10
13027.397260273972
 20
4315.068493150685
 10
12780.821917808218
 20
4315.068493150685
 10
12657.534246575342
 20
4438.356164383561
 10
12657.534246575342
 20
4726.027397260274
 10
12616.438356164383
 20
4767.123287671233
 10
12616.438356164383
 20
4931.506849315068
 10
12698.630136986301
 20
5054.794520547945
 10
12575.342465753423
 20
5136.986301369862
 10
12534.246575342466
 20
5095.890410958904
 10
12616.438356164383
 20
4972.602739726027
 10
12616.438356164383
 20
4479.45205479452
 10
12575.342465753423
 20
4438.356164383561
 10
12616.438356164383
 20
4356.164383561643
 10
12616.438356164383
 20
3780.821917808219
 10
12780.821917808218
 20
3780.821917808219
 10
12863.013698630137
 20
3698.6301369863013
 10
12904.109589041094
 20
3945.2054794520545
 10
13027.397260273972
 20
4027.3972602739723
 10
13315.068493150684
 20
4027.3972602739723
 10
13356.164383561643
 20
3986.3013698630134
 10
13643.835616438355
 20
3986.3013698630134
 10
13684.931506849314
 20
4027.3972602739723
 10
15863.013698630137
 20
4027.3972602739723
 10
15904.109589041094
 20
3986.3013698630134
 10
15945.205479452054
 20
4027.3972602739723
 10
16191.780821917808
 20
4027.3972602739723
 10
16232.876712328765
 20
3986.3013698630134
 10
16356.164383561643
 20
4027.3972602739723
 10
16520.54794520548
 20
3945.2054794520545
 10
16520.54794520548
 20
2219.1780821917805
 10
16438.35616438356
 20
2136.9863013698628
 10
15986.301369863013
 20
2136.9863013698628
 10
15945.205479452054
 20
2178.0821917808216
 10
15821.917808219177
 20
2178.0821917808216
 10
15780.821917808218
 20
2136.9863013698628
 10
13767.123287671231
 20
2136.9863013698628
 10
13808.21917808219
 20
2013.6986301369861
 10
13808.21917808219
 20
1520.5479452054794
 10
13726.027397260274
 20
1397.2602739726026
 10
13232.876712328767
 20
1397.2602739726026
 10
13150.684931506848
 20
1479.4520547945203
 10
13109.58904109589
 20
1438.3561643835615
 10
13109.58904109589
 20
1068.4931506849314
 10
13068.49315068493
 20
1027.3972602739725
 10
13109.58904109589
 20
493.1506849315068
 10
12986.301369863013
 20
369.8630136986301
 10
10520.547945205479
 20
369.8630136986301
 10
10438.35616438356
 20
493.1506849315068
 10
10438.35616438356
 20
863.0136986301369
 10
10479.45205479452
 20
904.1095890410959
 10
10438.35616438356
 20
1356.1643835616437
 10
10397.260273972603
 20
1397.2602739726026
 10
10191.780821917808
 20
1397.2602739726026
 10
10109.58904109589
 20
1479.4520547945203
 10
10109.58904109589
 20
3698.6301369863013
 10
10191.780821917808
 20
3780.821917808219
 10
10315.068493150684
 20
3780.821917808219
 10
10356.164383561643
 20
3739.72602739726
 10
10438.35616438356
 20
3780.821917808219
 10
10438.35616438356
 20
4109.58904109589
 10
10356.164383561643
 20
4027.3972602739723
 10
9821.917808219177
 20
4027.3972602739723
 10
9739.726027397259
 20
3863.013698630137
 10
9863.013698630137
 20
3657.5342465753424
 10
9863.013698630137
 20
1479.4520547945203
 10
9698.630136986301
 20
1356.1643835616437
 10
9534.246575342466
 20
1356.1643835616437
 10
9534.246575342466
 20
698.6301369863013
 10
9452.054794520547
 20
534.2465753424657
 10
8260.27397260274
 20
1561.6438356164383
 10
7972.602739726027
 20
1890.4109589041095
 10
7520.547945205479
 20
2219.1780821917805
 10
7438.356164383561
 20
2383.5616438356165
 10
7438.356164383561
 20
3616.4383561643835
 10
7479.45205479452
 20
3657.5342465753424
 10
7520.547945205479
 20
3945.2054794520545
 10
7438.356164383561
 20
4027.3972602739723
 10
7191.780821917808
 20
4027.3972602739723
 10
7150.684931506848
 20
3986.3013698630134
 10
7150.684931506848
 20
2383.5616438356165
 10
7068.493150684931
 20
2260.2739726027394
 10
6328.767123287671
 20
2260.2739726027394
 10
6287.671232876712
 20
2219.1780821917805
 10
6164.3835616438355
 20
2260.2739726027394
 10
3780.821917808219
 20
2260.2739726027394
 10
3739.72602739726
 20
2219.1780821917805
 10
3616.4383561643835
 20
2219.1780821917805
 10
3575.342465753424
 20
2260.2739726027394
 10
3328.767123287671
 20
2260.2739726027394
 10
3287.671232876712
 20
2219.1780821917805
 10
3205.4794520547944
 20
2260.2739726027394
 10
1068.4931506849314
 20
2260.2739726027394
 10
1027.3972602739725
 20
2219.1780821917805
 10
863.0136986301369
 20
2219.1780821917805
 10
821.917808219178
 20
2260.2739726027394
 10
780.8219178082192
 20
2219.1780821917805
 10
780.8219178082192
 20
1191.7808219178082
 10
821.917808219178
 20
1150.6849315068494
 10
821.917808219178
 20
1027.3972602739725
 10
780.8219178082192
 20
986.3013698630136
 10
821.917808219178
 20
945.2054794520548
 10
821.917808219178
 20
246.5753424657534
 10
863.0136986301369
 20
205.4794520547945
 10
821.917808219178
 20
164.3835616438356
 10
821.917808219178
 20
41.0958904109589
 10
698.6301369863013
 20
0.0
 10
657.5342465753424
 20
41.0958904109589
 10
657.5342465753424
 20
410.958904109589
 10
616.4383561643835
 20
493.1506849315068
  0
LWPOLYLINE
  5
7F
330
17
100
AcDbEntity
  8
RASTER_CONTOURS
100
AcDbPolyline
 90
9
 70
1
 10
51739.72602739726
 20
5342.465753424657
 10
51534.24657534246
 20
5219.17808219178
 10
51657.53424657534
 20
5054.794520547945
 10
51616.43835616438
 20
4931.506849315068
 10
51739.72602739726
 20
4931.506849315068
 10
51780.821917808214
 20
4972.602739726027
 10
51739.72602739726
 20
5054.794520547945
 10
51863.01369863014
 20
5219.17808219178
 10
51780.821917808214
 20
5260.273972602739
  0
LWPOLYLINE
  5
80
330
17
100
AcDbEntity
  8
RASTER_CONTOURS
100
AcDbPolyline
 90
6
 70
1
 10
11917.808219178081
 20
5342.465753424657
 10
11794.520547945205
 20
5301.369863013699
 10
11794.520547945205
 20
4931.506849315068
 10
11876.712328767122
 20
4808.219178082191
 10
12246.575342465752
 20
5013.698630136986
 10
12205.479452054793
 20
5178.082191780822
  0
LWPOLYLINE
  5
81
330
17
100
AcDbEntity
  8
RASTER_CONTOURS
100
AcDbPolyline
 90
8
 70
1
 10
51698.6301369863
 20
5876.712328767123
 10
51616.43835616438
 20
5794.520547945205
 10
51698.6301369863
 20
5712.328767123287
 10
51657.53424657534
 20
5465.753424657534
 10
51739.72602739726
 20
5424.657534246575
 10
51780.821917808214
 20
5506.849315068493
 10
51698.6301369863
 20
5671.232876712328
 10
51780.821917808214
 20
5794.520547945205
  0
LWPOLYLINE
  5
82
330
17
100
AcDbEntity
  8
RASTER_CONTOURS
100
AcDbPolyline
 90
69
 70
1
 10
55808.21917808219
 20
5917.808219178081
 10
55808.21917808219
 20
5671.232876712328
 10
55767.12328767123
 20
5630.13698630137
 10
55767.12328767123
 20
5424.657534246575
 10
55808.21917808219
 20
5383.561643835616
 10
55808.21917808219
 20
5260.273972602739
 10
55767.12328767123
 20
5219.17808219178
 10
55767.12328767123
 20
4931.506849315068
 10
55808.21917808219
 20
4890.410958904109
 10
55808.21917808219
 20
4767.123287671233
 10
55767.12328767123
 20
4726.027397260274
 10
55767.12328767123
 20
4520.547945205479
 10
55808.21917808219
 20
4479.45205479452
 10
55767.12328767123
 20
4356.164383561643
 10
55767.12328767123
 20
4027.3972602739723
 10
55808.21917808219
 20
3945.2054794520545
 10
55767.12328767123
 20
3904.1095890410957
 10
55767.12328767123
 20
3452.0547945205476
 10
55726.02739726027
 20
3410.9589041095887
 10
55520.54794520548
 20
3410.9589041095887
 10
55479.452054794514
 20
3452.0547945205476
 10
55356.16438356164
 20
3410.9589041095887
 10
55027.39726027397
 20
3410.9589041095887
 10
54986.30136986301
 20
3452.0547945205476
 10
54863.01369863014
 20
3452.0547945205476
 10
54821.91780821917
 20
3410.9589041095887
 10
54616.43835616438
 20
3410.9589041095887
 10
54575.34246575342
 20
3452.0547945205476
 10
54452.05479452055
 20
3452.0547945205476
 10
54410.95890410958
 20
3410.9589041095887
 10
54123.28767123287
 20
3410.9589041095887
 10
54082.191780821915
 20
3452.0547945205476
 10
53671.232876712325
 20
3410.9589041095887
 10
53589.04109589041
 20
3493.1506849315065
 10
53465.75342465753
 20
3410.9589041095887
 10
53054.79452054794
 20
3452.0547945205476
 10
52767.12328767123
 20
3328.767123287671
 10
52684.93150684931
 20
3452.0547945205476
 10
52561.643835616436
 20
3493.1506849315065
 10
52561.643835616436
 20
3657.5342465753424
 10
52643.83561643835
 20
3863.013698630137
 10
52767.12328767123
 20
3863.013698630137
 10
52849.315068493146
 20
3657.5342465753424
 10
53301.36986301369
 20
3616.4383561643835
 10
53465.75342465753
 20
3698.6301369863013
 10
53465.75342465753
 20
3821.917808219178
 10
53630.13698630137
 20
3945.2054794520545
 10
53958.904109589035
 20
3945.2054794520545
 10
54000.0
 20
3904.1095890410957
 10
54082.191780821915
 20
3945.2054794520545
 10
54410.95890410958
 20
3945.2054794520545
 10
54452.05479452055
 20
3904.1095890410957
 10
54534.24657534246
 20
3945.2054794520545
 10
54863.01369863014
 20
3945.2054794520545
 10
54904.109589041094
 20
3904.1095890410957
 10
55191.780821917804
 20
3945.2054794520545
 10
55273.97260273972
 20
4232.876712328767
 10
55232.87671232876
 20
4315.068493150685
 10
55232.87671232876
 20
4602.739726027397
 10
55273.97260273972
 20
4643.835616438356
 10
55232.87671232876
 20
4767.123287671233
 10
55232.87671232876
 20
5013.698630136986
 10
55273.97260273972
 20
5054.794520547945
 10
55273.97260273972
 20
5219.17808219178
 10
55232.87671232876
 20
5260.273972602739
 10
55273.97260273972
 20
5794.520547945205
 10
55232.87671232876
 20
5917.808219178081
 10
55315.068493150684
 20
6000.0
 10
55561.643835616436
 20
6000.0
  0
LWPOLYLINE
  5
83
330
17
100
AcDbEntity
  8
RASTER_CONTOURS
100
AcDbPolyline
 90
11
 70
1
 10
9698.630136986301
 20
6000.0
 10
9780.821917808218
 20
6082.191780821918
 10
13684.931506849314
 20
6082.191780821918
 10
13767.123287671231
 20
6000.0
 10
13684.931506849314
 20
5917.808219178081
 10
13356.164383561643
 20
5917.808219178081
 10
13273.972602739725
 20
5835.616438356164
 10
13150.684931506848
 20
5917.808219178081
 10
9945.205479452054
 20
5917.808219178081
 10
9904.109589041096
 20
5958.904109589041
 10
9863.013698630137
 20
5917.808219178081
  0
LWPOLYLINE
  5
84
330
17
100
AcDbEntity
  8
RASTER_CONTOURS
100
AcDbPolyline
 90
10
 70
1
 10
8630.13698630137
 20
6041.095890410958
 10
8671.232876712329
 20
6082.191780821918
 10
8753.424657534246
 20
6041.095890410958
 10
8794.520547945205
 20
6082.191780821918
 10
9452.054794520547
 20
6082.191780821918
 10
9698.630136986301
 20
6000.0
 10
9452.054794520547
 20
5917.808219178081
 10
8835.616438356165
 20
5917.808219178081
 10
8794.520547945205
 20
5958.904109589041
 10
8671.232876712329
 20
5958.904109589041
  0
LWPOLYLINE
  5
85
330
17
100
AcDbEntity
  8
RASTER_CONTOURS
100
AcDbPolyline
 90
8
 70
1
 10
26794.520547945205
 20
6657.534246575342
 10
27164.383561643834
 20
6698.630136986301
 10
27246.575342465752
 20
6616.438356164384
 10
27246.575342465752
 20
6164.3835616438355
 10
27123.287671232876
 20
6082.191780821918
 10
26794.520547945205
 20
6082.191780821918
 10
26712.328767123287
 20
6205.479452054794
 10
26712.328767123287
 20
6534.246575342465
  0
LWPOLYLINE
  5
86
330
17
100
AcDbEntity
  8
RASTER_CONTOURS
100
AcDbPolyline
 90
11
 70
1
 10
17095.890410958902
 20
6698.630136986301
 10
17054.794520547945
 20
6657.534246575342
 10
16849.31506849315
 20
6657.534246575342
 10
16890.410958904107
 20
6616.438356164384
 10
16849.31506849315
 20
6493.1506849315065
 10
16890.410958904107
 20
6287.671232876712
 10
16972.602739726026
 20
6246.575342465753
 10
17178.08219178082
 20
6328.767123287671
 10
17178.08219178082
 20
6534.246575342465
 10
17136.986301369863
 20
6575.342465753424
 10
17178.08219178082
 20
6657.534246575342
  0
LWPOLYLINE
  5
87
330
17
100
AcDbEntity
  8
RASTER_CONTOURS
100
AcDbPolyline
 90
8
 70
1
 10
26712.328767123287
 20
6739.72602739726
 10
26671.232876712325
 20
6657.534246575342
 10
26671.232876712325
 20
6082.191780821918
 10
26753.424657534244
 20
6041.095890410958
 10
27246.575342465752
 20
6041.095890410958
 10
27328.76712328767
 20
6123.287671232876
 10
27328.76712328767
 20
6657.534246575342
 10
27287.67123287671
 20
6739.72602739726
  0
LWPOLYLINE
  5
88
330
17
100
AcDbEntity
  8
RASTER_CONTOURS
100
AcDbPolyline
 90
15
 70
1
 10
8178.082191780822
 20
6780.821917808219
 10
8219.17808219178
 20
6739.72602739726
 10
8219.17808219178
 20
6246.575342465753
 10
8260.27397260274
 20
6205.479452054794
 10
8260.27397260274
 20
6082.191780821918
 10
8301.369863013699
 20
6041.095890410958
 10
8383.561643835616
 20
6082.191780821918
 10
8465.753424657534
 20
6000.0
 10
8383.561643835616
 20
5917.808219178081
 10
7397.260273972603
 20
5917.808219178081
 10
7356.164383561643
 20
5958.904109589041
 10
7397.260273972603
 20
6082.191780821918
 10
8054.794520547945
 20
6082.191780821918
 10
8095.890410958904
 20
6123.287671232876
 10
8095.890410958904
 20
6739.72602739726
  0
LWPOLYLINE
  5
89
330
17
100
AcDbEntity
  8
RASTER_CONTOURS
100
AcDbPolyline
 90
6
 70
1
 10
40767.12328767123
 20
7027.397260273972
 10
40808.21917808219
 20
7068.493150684931
 10
41219.17808219178
 20
7068.493150684931
 10
41260.273972602736
 20
7027.397260273972
 10
41054.79452054794
 20
6945.2054794520545
 10
40931.50684931507
 20
6945.2054794520545
  0
LWPOLYLINE
  5
8A
330
17
100
AcDbEntity
  8
RASTER_CONTOURS
100
AcDbPolyline
 90
6
 70
1
 10
43849.315068493146
 20
7109.58904109589
 10
43890.4109589041
 20
7150.684931506848
 10
44054.79452054794
 20
7150.684931506848
 10
44136.98630136986
 20
7027.397260273972
 10
44095.8904109589
 20
6986.301369863013
 10
43931.50684931507
 20
6986.301369863013
  0
LWPOLYLINE
  5
8B
330
17
100
AcDbEntity
  8
RASTER_CONTOURS
100
AcDbPolyline
 90
6
 70
1
 10
32054.794520547945
 20
7150.684931506848
 10
32095.890410958902
 20
7109.58904109589
 10
32095.890410958902
 20
6821.9178082191775
 10
32054.794520547945
 20
6780.821917808219
 10
32013.698630136983
 20
6821.9178082191775
 10
32013.698630136983
 20
7109.58904109589
  0
LWPOLYLINE
  5
8C
330
17
100
AcDbEntity
  8
RASTER_CONTOURS
100
AcDbPolyline
 90
20
 70
1
 10
32178.08219178082
 20
6246.575342465753
 10
32178.08219178082
 20
7150.684931506848
 10
32260.27397260274
 20
7232.876712328767
 10
32424.657534246573
 20
7232.876712328767
 10
32465.75342465753
 20
7273.9726027397255
 10
33410.95890410959
 20
7273.9726027397255
 10
33452.05479452055
 20
7232.876712328767
 10
33493.150684931505
 20
7273.9726027397255
 10
33698.6301369863
 20
7191.780821917808
 10
33698.6301369863
 20
6821.9178082191775
 10
33575.34246575342
 20
6739.72602739726
 10
33000.0
 20
6739.72602739726
 10
33000.0
 20
6575.342465753424
 10
32958.90410958904
 20
6534.246575342465
 10
33000.0
 20
6452.054794520547
 10
32958.90410958904
 20
6410.958904109589
 10
32958.90410958904
 20
6287.671232876712
 10
33000.0
 20
6246.575342465753
 10
32917.80821917808
 20
6123.287671232876
 10
32260.27397260274
 20
6123.287671232876
  0
LWPOLYLINE
  5
8D
330
17
100
AcDbEntity
  8
RASTER_CONTOURS
100
AcDbPolyline
 90
7
 70
1
 10
33780.821917808214
 20
7356.164383561643
 10
33863.01369863014
 20
7315.068493150685
 10
33863.01369863014
 20
6821.9178082191775
 10
33821.91780821918
 20
6780.821917808219
 10
33780.821917808214
 20
6821.9178082191775
 10
33780.821917808214
 20
7191.780821917808
 10
33739.72602739726
 20
7232.876712328767
  0
LWPOLYLINE
  5
8E
330
17
100
AcDbEntity
  8
RASTER_CONTOURS
100
AcDbPolyline
 90
6
 70
1
 10
36205.479452054795
 20
7356.164383561643
 10
36246.57534246575
 20
7397.260273972603
 10
36698.6301369863
 20
7397.260273972603
 10
36739.72602739726
 20
7315.068493150685
 10
36698.6301369863
 20
7273.9726027397255
 10
36287.67123287671
 20
7273.9726027397255
  0
LWPOLYLINE
  5
8F
330
17
100
AcDbEntity
  8
RASTER_CONTOURS
100
AcDbPolyline
 90
6
 70
1
 10
32054.794520547945
 20
7561.643835616438
 10
32136.98630136986
 20
7520.547945205479
 10
32178.08219178082
 20
7397.260273972603
 10
32095.890410958902
 20
7150.684931506848
 10
32013.698630136983
 20
7191.780821917808
 10
32013.698630136983
 20
7520.547945205479
  0
LWPOLYLINE
  5
90
330
17
100
AcDbEntity
  8
RASTER_CONTOURS
100
AcDbPolyline
 90
6
 70
1
 10
46479.452054794514
 20
7602.7397260273965
 10
46479.452054794514
 20
7520.547945205479
 10
46767.12328767123
 20
7520.547945205479
 10
46808.21917808219
 20
7561.643835616438
 10
46767.12328767123
 20
7643.835616438356
 10
46520.54794520548
 20
7643.835616438356
  0
LWPOLYLINE
  5
91
330
17
100
AcDbEntity
  8
RASTER_CONTOURS
100
AcDbPolyline
 90
14
 70
1
 10
50876.71232876712
 20
8136.986301369862
 10
50917.80821917808
 20
8095.890410958904
 10
50917.80821917808
 20
3616.4383561643835
 10
50835.61643835616
 20
3534.2465753424653
 10
50301.36986301369
 20
3534.2465753424653
 10
50260.273972602736
 20
3369.86301369863
 10
50178.08219178082
 20
3328.767123287671
 10
50095.8904109589
 20
3410.9589041095887
 10
50095.8904109589
 20
6780.821917808219
 10
50178.08219178082
 20
6863.013698630137
 10
50753.42465753424
 20
6863.013698630137
 10
50835.61643835616
 20
6945.2054794520545
 10
50794.520547945205
 20
6986.301369863013
 10
50794.520547945205
 20
8054.794520547945
  0
LWPOLYLINE
  5
92
330
17
100
AcDbEntity
  8
RASTER_CONTOURS
100
AcDbPolyline
 90
5
 70
1
 10
7931.506849315068
 20
8178.082191780822
 10
8013.698630136986
 20
8054.794520547945
 10
7890.410958904109
 20
7931.506849315068
 10
7849.31506849315
 20
7972.602739726027
 10
7849.31506849315
 20
8136.986301369862
  0
LWPOLYLINE
  5
93
330
17
100
AcDbEntity
  8
RASTER_CONTOURS
100
AcDbPolyline
 90
8
 70
1
 10
36246.57534246575
 20
8260.27397260274
 10
36369.863013698625
 20
8219.17808219178
 10
36369.863013698625
 20
8095.890410958904
 10
36410.95890410959
 20
8054.794520547945
 10
36410.95890410959
 20
7726.027397260274
 10
36328.76712328767
 20
7643.835616438356
 10
36164.38356164383
 20
7726.027397260274
 10
36164.38356164383
 20
8054.794520547945
  0
LWPOLYLINE
  5
94
330
17
100
AcDbEntity
  8
RASTER_CONTOURS
100
AcDbPolyline
 90
4
 70
1
 10
12657.534246575342
 20
8136.986301369862
 10
13315.068493150684
 20
8136.986301369862
 10
13315.068493150684
 20
8219.17808219178
 10
12698.630136986301
 20
8219.17808219178
  0
LWPOLYLINE
  5
95
330
17
100
AcDbEntity
  8
RASTER_CONTOURS
100
AcDbPolyline
 90
8
 70
1
 10
11424.657534246575
 20
8219.17808219178
 10
11342.465753424656
 20
8260.27397260274
 10
11219.17808219178
 20
8136.986301369862
 10
10890.410958904109
 20
7972.602739726027
 10
10808.21917808219
 20
7972.602739726027
 10
10767.123287671233
 20
7849.31506849315
 10
10972.602739726026
 20
7890.410958904109
 10
11219.17808219178
 20
8013.698630136986
  0
LWPOLYLINE
  5
96
330
17
100
AcDbEntity
  8
RASTER_CONTOURS
100
AcDbPolyline
 90
6
 70
1
 10
22520.54794520548
 20
8219.17808219178
 10
22520.54794520548
 20
8383.561643835616
 10
22561.643835616436
 20
8424.657534246575
 10
22684.931506849312
 20
8424.657534246575
 10
22726.027397260274
 20
8301.369863013699
 10
22561.643835616436
 20
8178.082191780822
  0
LWPOLYLINE
  5
97
330
17
100
AcDbEntity
  8
RASTER_CONTOURS
100
AcDbPolyline
 90
5
 70
1
 10
8054.794520547945
 20
8424.657534246575
 10
8219.17808219178
 20
8301.369863013699
 10
8219.17808219178
 20
8178.082191780822
 10
8136.986301369862
 20
8013.698630136986
 10
7972.602739726027
 20
8301.369863013699
  0
LWPOLYLINE
  5
98
330
17
100
AcDbEntity
  8
RASTER_CONTOURS
100
AcDbPolyline
 90
12
 70
1
 10
37684.931506849316
 20
8383.561643835616
 10
37684.931506849316
 20
8260.27397260274
 10
37726.02739726027
 20
8219.17808219178
 10
38178.08219178082
 20
8219.17808219178
 10
38219.17808219178
 20
8178.082191780822
 10
38342.46575342466
 20
8260.27397260274
 10
38342.46575342466
 20
8301.369863013699
 10
38219.17808219178
 20
8383.561643835616
 10
38178.08219178082
 20
8342.465753424656
 10
38095.8904109589
 20
8424.657534246575
 10
38013.69863013698
 20
8383.561643835616
 10
37767.12328767123
 20
8465.753424657534
  0
LWPOLYLINE
  5
99
330
17
100
AcDbEntity
  8
RASTER_CONTOURS
100
AcDbPolyline
 90
25
 70
1
 10
23095.890410958902
 20
8506.849315068492
 10
23136.986301369863
 20
8383.561643835616
 10
23136.986301369863
 20
8054.794520547945
 10
23095.890410958902
 20
8013.698630136986
 10
23095.890410958902
 20
7849.31506849315
 10
23013.698630136983
 20
7726.027397260274
 10
23095.890410958902
 20
7726.027397260274
 10
23178.08219178082
 20
7931.506849315068
 10
23260.27397260274
 20
8013.698630136986
 10
23342.465753424654
 20
8013.698630136986
 10
23383.561643835616
 20
7890.410958904109
 10
23219.17808219178
 20
7684.931506849314
 10
23301.369863013697
 20
7684.931506849314
 10
23424.657534246573
 20
7767.123287671232
 10
23465.753424657534
 20
7849.31506849315
 10
23589.04109589041
 20
7890.410958904109
 10
23671.232876712325
 20
7808.219178082191
 10
23589.04109589041
 20
7726.027397260274
 10
23589.04109589041
 20
7643.835616438356
 10
23712.328767123287
 20
7643.835616438356
 10
23794.520547945205
 20
7767.123287671232
 10
23794.520547945205
 20
7931.506849315068
 10
23835.616438356163
 20
7972.602739726027
 10
23794.520547945205
 20
8095.890410958904
 10
23835.616438356163
 20
8506.849315068492
  0
LWPOLYLINE
  5
9A
330
17
100
AcDbEntity
  8
RASTER_CONTOURS
100
AcDbPolyline
 90
23
 70
1
 10
9945.205479452054
 20
8506.849315068492
 10
9945.205479452054
 20
8383.561643835616
 10
9739.726027397259
 20
8260.27397260274
 10
9945.205479452054
 20
8136.986301369862
 10
9945.205479452054
 20
7890.410958904109
 10
10027.397260273972
 20
7808.219178082191
 10
10356.164383561643
 20
7808.219178082191
 10
10397.260273972603
 20
7849.31506849315
 10
10356.164383561643
 20
7890.410958904109
 10
10109.58904109589
 20
7931.506849315068
 10
10027.397260273972
 20
8013.698630136986
 10
10027.397260273972
 20
8136.986301369862
 10
10109.58904109589
 20
8219.17808219178
 10
10232.876712328767
 20
8219.17808219178
 10
10273.972602739725
 20
8178.082191780822
 10
10232.876712328767
 20
8136.986301369862
 10
10232.876712328767
 20
8013.698630136986
 10
10397.260273972603
 20
8178.082191780822
 10
10438.35616438356
 20
8260.27397260274
 10
10397.260273972603
 20
8342.465753424656
 10
10109.58904109589
 20
8342.465753424656
 10
10027.397260273972
 20
8424.657534246575
 10
10027.397260273972
 20
8506.849315068492
  0
LWPOLYLINE
  5
9B
330
17
100
AcDbEntity
  8
RASTER_CONTOURS
100
AcDbPolyline
 90
20
 70
1
 10
22890.410958904107
 20
8465.753424657534
 10
22643.835616438355
 20
8547.945205479451
 10
22561.643835616436
 20
8506.849315068492
 10
22109.58904109589
 20
8506.849315068492
 10
22109.58904109589
 20
8013.698630136986
 10
22027.39726027397
 20
7726.027397260274
 10
22068.49315068493
 20
7684.931506849314
 10
22109.58904109589
 20
7726.027397260274
 10
22232.876712328765
 20
7684.931506849314
 10
22520.54794520548
 20
7726.027397260274
 10
22561.643835616436
 20
7849.31506849315
 10
22643.835616438355
 20
7890.410958904109
 10
22684.931506849312
 20
7849.31506849315
 10
22643.835616438355
 20
7684.931506849314
 10
22726.027397260274
 20
7643.835616438356
 10
22808.21917808219
 20
7726.027397260274
 10
22808.21917808219
 20
8054.794520547945
 10
22890.410958904107
 20
8178.082191780822
 10
22808.21917808219
 20
8301.369863013699
 10
22808.21917808219
 20
8383.561643835616
  0
LWPOLYLINE
  5
9C
330
17
100
AcDbEntity
  8
RASTER_CONTOURS
100
AcDbPolyline
 90
23
 70
1
 10
12287.671232876712
 20
8424.657534246575
 10
12123.287671232876
 20
8424.657534246575
 10
12000.0
 20
8547.945205479451
 10
11917.808219178081
 20
8506.849315068492
 10
11876.712328767122
 20
8383.561643835616
 10
11712.328767123287
 20
8178.082191780822
 10
11835.616438356163
 20
8178.082191780822
 10
11876.712328767122
 20
8260.27397260274
 10
12000.0
 20
8342.465753424656
 10
12123.287671232876
 20
8342.465753424656
 10
12205.479452054793
 20
8260.27397260274
 10
12123.287671232876
 20
8178.082191780822
 10
12000.0
 20
8219.17808219178
 10
11958.90410958904
 20
8178.082191780822
 10
12000.0
 20
8013.698630136986
 10
11876.712328767122
 20
7890.410958904109
 10
11794.520547945205
 20
7890.410958904109
 10
11794.520547945205
 20
7808.219178082191
 10
11917.808219178081
 20
7808.219178082191
 10
12123.287671232876
 20
7972.602739726027
 10
12246.575342465752
 20
7972.602739726027
 10
12246.575342465752
 20
8178.082191780822
 10
12328.767123287671
 20
8301.369863013699
  0
LWPOLYLINE
  5
9D
330
17
100
AcDbEntity
  8
RASTER_CONTOURS
100
AcDbPolyline
 90
28
 70
1
 10
9082.191780821917
 20
8589.04109589041
 10
9000.0
 20
8506.849315068492
 10
9041.095890410958
 20
8095.890410958904
 10
9000.0
 20
8013.698630136986
 10
8753.424657534246
 20
7808.219178082191
 10
8753.424657534246
 20
7726.027397260274
 10
8917.808219178081
 20
7767.123287671232
 10
9082.191780821917
 20
7931.506849315068
 10
9328.767123287671
 20
7726.027397260274
 10
9452.054794520547
 20
7726.027397260274
 10
9452.054794520547
 20
7808.219178082191
 10
9287.671232876712
 20
7931.506849315068
 10
9287.671232876712
 20
8013.698630136986
 10
9369.86301369863
 20
8054.794520547945
 10
9452.054794520547
 20
8260.27397260274
 10
9369.86301369863
 20
8424.657534246575
 10
9410.958904109588
 20
8589.04109589041
 10
9287.671232876712
 20
8547.945205479451
 10
9287.671232876712
 20
8383.561643835616
 10
9369.86301369863
 20
8301.369863013699
 10
9369.86301369863
 20
8219.17808219178
 10
9287.671232876712
 20
8136.986301369862
 10
9287.671232876712
 20
8013.698630136986
 10
9246.575342465752
 20
7972.602739726027
 10
9123.287671232876
 20
8136.986301369862
 10
9164.383561643835
 20
8342.465753424656
 10
9123.287671232876
 20
8383.561643835616
 10
9123.287671232876
 20
8589.04109589041
  0
LWPOLYLINE
  5
9E
330
17
100
AcDbEntity
  8
RASTER_CONTOURS
100
AcDbPolyline
 90
11
 70
1
 10
8835.616438356165
 20
8630.13698630137
 10
8712.328767123287
 20
8424.657534246575
 10
8835.616438356165
 20
8219.17808219178
 10
8753.424657534246
 20
8095.890410958904
 10
8753.424657534246
 20
8013.698630136986
 10
8835.616438356165
 20
8013.698630136986
 10
8917.808219178081
 20
8136.986301369862
 10
8917.808219178081
 20
8260.27397260274
 10
8835.616438356165
 20
8383.561643835616
 10
8835.616438356165
 20
8506.849315068492
 10
8876.712328767122
 20
8547.945205479451
  0
LWPOLYLINE
  5
9F
330
17
100
AcDbEntity
  8
RASTER_CONTOURS
100
AcDbPolyline
 90
22
 70
1
 10
7808.219178082191
 20
8630.13698630137
 10
7767.123287671232
 20
8589.04109589041
 10
7767.123287671232
 20
7767.123287671232
 10
7931.506849315068
 20
7890.410958904109
 10
8013.698630136986
 20
7890.410958904109
 10
8136.986301369862
 20
7767.123287671232
 10
8219.17808219178
 20
7890.410958904109
 10
8260.27397260274
 20
8095.890410958904
 10
8383.561643835616
 20
8178.082191780822
 10
8465.753424657534
 20
8095.890410958904
 10
8465.753424657534
 20
7972.602739726027
 10
8301.369863013699
 20
7767.123287671232
 10
8424.657534246575
 20
7726.027397260274
 10
8506.849315068492
 20
7808.219178082191
 10
8506.849315068492
 20
8260.27397260274
 10
8424.657534246575
 20
8342.465753424656
 10
8506.849315068492
 20
8383.561643835616
 10
8547.945205479451
 20
8465.753424657534
 10
8342.465753424656
 20
8589.04109589041
 10
8178.082191780822
 20
8465.753424657534
 10
8095.890410958904
 20
8589.04109589041
 10
8013.698630136986
 20
8630.13698630137
  0
LWPOLYLINE
  5
A0
330
17
100
AcDbEntity
  8
RASTER_CONTOURS
100
AcDbPolyline
 90
6
 70
1
 10
16315.068493150684
 20
8753.424657534246
 10
16356.164383561643
 20
8712.328767123287
 10
16356.164383561643
 20
8342.465753424656
 10
16315.068493150684
 20
8301.369863013699
 10
16273.972602739725
 20
8342.465753424656
 10
16273.972602739725
 20
8712.328767123287
  0
LWPOLYLINE
  5
A1
330
17
100
AcDbEntity
  8
RASTER_CONTOURS
100
AcDbPolyline
 90
5
 70
1
 10
46438.35616438356
 20
8876.712328767122
 10
46438.35616438356
 20
8794.520547945205
 10
46561.643835616436
 20
8753.424657534246
 10
46808.21917808219
 20
8794.520547945205
 10
46808.21917808219
 20
8917.808219178081
  0
LWPOLYLINE
  5
A2
330
17
100
AcDbEntity
  8
RASTER_CONTOURS
100
AcDbPolyline
 90
5
 70
1
 10
18698.6301369863
 20
9041.095890410958
 10
18575.342465753423
 20
9164.383561643835
 10
18452.054794520547
 20
9041.095890410958
 10
18493.150684931505
 20
9000.0
 10
18657.534246575342
 20
9000.0
  0
LWPOLYLINE
  5
A3
330
17
100
AcDbEntity
  8
RASTER_CONTOURS
100
AcDbPolyline
 90
6
 70
1
 10
33246.57534246575
 20
9287.671232876712
 10
33287.67123287671
 20
9246.575342465752
 10
33287.67123287671
 20
8712.328767123287
 10
33246.57534246575
 20
8671.232876712329
 10
33205.479452054795
 20
8712.328767123287
 10
33205.479452054795
 20
9246.575342465752
  0
LWPOLYLINE
  5
A4
330
17
100
AcDbEntity
  8
RASTER_CONTOURS
100
AcDbPolyline
 90
6
 70
1
 10
16315.068493150684
 20
9657.534246575342
 10
16356.164383561643
 20
9616.438356164383
 10
16356.164383561643
 20
9369.86301369863
 10
16315.068493150684
 20
9328.767123287671
 10
16273.972602739725
 20
9369.86301369863
 10
16273.972602739725
 20
9616.438356164383
  0
LWPOLYLINE
  5
A5
330
17
100
AcDbEntity
  8
RASTER_CONTOURS
100
AcDbPolyline
 90
6
 70
1
 10
18616.43835616438
 20
9657.534246575342
 10
18493.150684931505
 20
9616.438356164383
 10
18493.150684931505
 20
9410.958904109588
 10
18410.95890410959
 20
9328.767123287671
 10
18575.342465753423
 20
9246.575342465752
 10
18657.534246575342
 20
9328.767123287671
  0
LWPOLYLINE
  5
A6
330
17
100
AcDbEntity
  8
RASTER_CONTOURS
100
AcDbPolyline
 90
11
 70
1
 10
39657.53424657534
 20
10150.684931506848
 10
39739.72602739726
 20
10232.876712328767
 10
40684.93150684931
 20
10232.876712328767
 10
40726.02739726027
 20
10191.780821917808
 10
40767.12328767123
 20
10232.876712328767
 10
41630.13698630137
 20
10232.876712328767
 10
41712.32876712328
 20
10150.684931506848
 10
41712.32876712328
 20
9945.205479452054
 10
41630.13698630137
 20
9863.013698630137
 10
39739.72602739726
 20
9863.013698630137
 10
39657.53424657534
 20
9945.205479452054
  0
LWPOLYLINE
  5
A7
330
17
100
AcDbEntity
  8
RASTER_CONTOURS
100
AcDbPolyline
 90
8
 70
1
 10
5712.328767123287
 20
10232.876712328767
 10
5589.04109589041
 20
10232.876712328767
 10
5547.945205479452
 20
10191.780821917808
 10
5589.04109589041
 20
9863.013698630137
 10
5630.13698630137
 20
9821.917808219177
 10
5712.328767123287
 20
9904.109589041096
 10
5712.328767123287
 20
10109.58904109589
 10
5753.424657534246
 20
10150.684931506848
  0
LWPOLYLINE
  5
A8
330
17
100
AcDbEntity
  8
RASTER_CONTOURS
100
AcDbPolyline
 90
15
 70
1
 10
50219.17808219178
 20
10438.35616438356
 10
50876.71232876712
 20
10438.35616438356
 10
50958.904109589035
 20
10315.068493150684
 10
50917.80821917808
 20
10232.876712328767
 10
50917.80821917808
 20
8219.17808219178
 10
50876.71232876712
 20
8178.082191780822
 10
50794.520547945205
 20
8260.27397260274
 10
50794.520547945205
 20
8876.712328767122
 10
50835.61643835616
 20
8917.808219178081
 10
50794.520547945205
 20
8958.90410958904
 10
50794.520547945205
 20
9534.246575342466
 10
50547.945205479446
 20
9616.438356164383
 10
50219.17808219178
 20
9616.438356164383
 10
50136.98630136986
 20
9698.630136986301
 10
50136.98630136986
 20
10356.164383561643
  0
LWPOLYLINE
  5
A9
330
17
100
AcDbEntity
  8
RASTER_CONTOURS
100
AcDbPolyline
 90
71
 70
1
 10
51000.0
 20
10561.643835616438
 10
50465.75342465753
 20
10520.547945205479
 10
50424.65753424657
 20
10479.45205479452
 10
50219.17808219178
 20
10520.547945205479
 10
50095.8904109589
 20
10479.45205479452
 10
50054.79452054794
 20
10356.164383561643
 10
50054.79452054794
 20
9616.438356164383
 10
50136.98630136986
 20
9493.150684931506
 10
50219.17808219178
 20
9534.246575342466
 10
50671.232876712325
 20
9534.246575342466
 10
50753.42465753424
 20
9410.958904109588
 10
50753.42465753424
 20
7068.493150684931
 10
50630.13698630137
 20
6945.2054794520545
 10
50506.84931506849
 20
6945.2054794520545
 10
50465.75342465753
 20
6904.109589041095
 10
50178.08219178082
 20
6986.301369863013
 10
50054.79452054794
 20
6904.109589041095
 10
50054.79452054794
 20
4068.493150684931
 10
50013.69863013698
 20
4027.3972602739723
 10
50054.79452054794
 20
3616.4383561643835
 10
50013.69863013698
 20
3575.342465753424
 10
50013.69863013698
 20
3452.0547945205476
 10
50095.8904109589
 20
3246.5753424657532
 10
50301.36986301369
 20
3246.5753424657532
 10
50424.65753424657
 20
3410.9589041095887
 10
50958.904109589035
 20
3410.9589041095887
 10
51000.0
 20
3493.1506849315065
 10
51000.0
 20
4808.219178082191
 10
51041.09589041096
 20
4849.315068493151
 10
51000.0
 20
5095.890410958904
 10
51082.191780821915
 20
5219.17808219178
 10
51000.0
 20
5301.369863013699
 10
51041.09589041096
 20
5424.657534246575
 10
51041.09589041096
 20
5589.04109589041
 10
51000.0
 20
5630.13698630137
 10
51041.09589041096
 20
5712.328767123287
 10
51041.09589041096
 20
5835.616438356164
 10
51000.0
 20
5876.712328767123
 10
51041.09589041096
 20
6000.0
 10
51041.09589041096
 20
6698.630136986301
 10
51000.0
 20
6821.9178082191775
 10
51041.09589041096
 20
6863.013698630137
 10
51041.09589041096
 20
7150.684931506848
 10
51082.191780821915
 20
7191.780821917808
 10
51041.09589041096
 20
7273.9726027397255
 10
51041.09589041096
 20
7397.260273972603
 10
51082.191780821915
 20
7438.356164383561
 10
51041.09589041096
 20
7520.547945205479
 10
51041.09589041096
 20
8013.698630136986
 10
51082.191780821915
 20
8054.794520547945
 10
51082.191780821915
 20
8301.369863013699
 10
51041.09589041096
 20
8342.465753424656
 10
51082.191780821915
 20
8424.657534246575
 10
51082.191780821915
 20
8630.13698630137
 10
51041.09589041096
 20
8671.232876712329
 10
51082.191780821915
 20
8753.424657534246
 10
51082.191780821915
 20
8876.712328767122
 10
51041.09589041096
 20
8917.808219178081
 10
51082.191780821915
 20
9041.095890410958
 10
51082.191780821915
 20
9205.479452054795
 10
51041.09589041096
 20
9246.575342465752
 10
51082.191780821915
 20
9328.767123287671
 10
51082.191780821915
 20
9534.246575342466
 10
51041.09589041096
 20
9616.438356164383
 10
51123.28767123287
 20
9739.726027397259
 10
51082.191780821915
 20
9821.917808219177
 10
51082.191780821915
 20
10109.58904109589
 10
51041.09589041096
 20
10150.684931506848
 10
51082.191780821915
 20
10191.780821917808
 10
51041.09589041096
 20
10232.876712328767
 10
51082.191780821915
 20
10520.547945205479
  0
LWPOLYLINE
  5
AA
330
17
100
AcDbEntity
  8
RASTER_CONTOURS
100
AcDbPolyline
 90
35
 70
1
 10
4479.45205479452
 20
10602.739726027397
 10
4561.643835616438
 20
10520.547945205479
 10
4643.835616438356
 20
8095.890410958904
 10
4726.027397260274
 20
8013.698630136986
 10
4767.123287671233
 20
8054.794520547945
 10
5342.465753424657
 20
8054.794520547945
 10
5424.657534246575
 20
7972.602739726027
 10
5424.657534246575
 20
3945.2054794520545
 10
5383.561643835616
 20
3904.1095890410957
 10
4972.602739726027
 20
4191.780821917808
 10
4602.739726027397
 20
4561.643835616438
 10
4561.643835616438
 20
6328.767123287671
 10
4602.739726027397
 20
6369.863013698629
 10
4684.931506849315
 20
6328.767123287671
 10
4726.027397260274
 20
5383.561643835616
 10
5178.082191780822
 20
5383.561643835616
 10
5219.17808219178
 20
5342.465753424657
 10
5260.273972602739
 20
5383.561643835616
 10
5301.369863013699
 20
6123.287671232876
 10
5260.273972602739
 20
6164.3835616438355
 10
5260.273972602739
 20
7849.31506849315
 10
5219.17808219178
 20
7890.410958904109
 10
4726.027397260274
 20
7890.410958904109
 10
4643.835616438356
 20
7808.219178082191
 10
4643.835616438356
 20
7520.547945205479
 10
4602.739726027397
 20
7479.45205479452
 10
4520.547945205479
 20
7561.643835616438
 10
4520.547945205479
 20
8260.27397260274
 10
4479.45205479452
 20
8301.369863013699
 10
4520.547945205479
 20
8342.465753424656
 10
4520.547945205479
 20
8753.424657534246
 10
4479.45205479452
 20
8794.520547945205
 10
4479.45205479452
 20
9863.013698630137
 10
4438.356164383561
 20
9904.109589041096
 10
4438.356164383561
 20
10561.643835616438
  0
LWPOLYLINE
  5
AB
330
17
100
AcDbEntity
  8
RASTER_CONTOURS
100
AcDbPolyline
 90
11
 70
1
 10
19150.684931506847
 20
10643.835616438355
 10
19273.972602739726
 20
10561.643835616438
 10
19273.972602739726
 20
6123.287671232876
 10
19315.068493150684
 20
6082.191780821918
 10
20794.520547945205
 20
6041.095890410958
 10
20835.616438356163
 20
6000.0
 10
20753.424657534244
 20
5917.808219178081
 10
19191.780821917808
 20
5917.808219178081
 10
19109.58904109589
 20
6000.0
 10
19109.58904109589
 20
10479.45205479452
 10
19068.49315068493
 20
10561.643835616438
  0
LWPOLYLINE
  5
AC
330
17
100
AcDbEntity
  8
RASTER_CONTOURS
100
AcDbPolyline
 90
10
 70
1
 10
58479.452054794514
 20
11178.08219178082
 10
58479.452054794514
 20
11095.890410958904
 10
59219.17808219178
 20
11095.890410958904
 10
59260.273972602736
 20
11054.794520547945
 10
59506.84931506849
 20
11095.890410958904
 10
59465.75342465753
 20
11178.08219178082
 10
59342.46575342465
 20
11178.08219178082
 10
59301.36986301369
 20
11219.17808219178
 10
59136.986301369856
 20
11178.08219178082
 10
58849.315068493146
 20
11260.27397260274
  0
LWPOLYLINE
  5
AD
330
17
100
AcDbEntity
  8
RASTER_CONTOURS
100
AcDbPolyline
 90
9
 70
1
 10
52890.4109589041
 20
11589.04109589041
 10
52849.315068493146
 20
11506.849315068492
 10
52849.315068493146
 20
11342.465753424656
 10
52890.4109589041
 20
11301.369863013699
 10
53178.08219178082
 20
11301.369863013699
 10
53219.17808219178
 20
11342.465753424656
 10
53136.986301369856
 20
11424.657534246575
 10
53136.986301369856
 20
11547.945205479451
 10
53013.69863013698
 20
11630.13698630137
  0
LWPOLYLINE
  5
AE
330
17
100
AcDbEntity
  8
RASTER_CONTOURS
100
AcDbPolyline
 90
5
 70
1
 10
36616.438356164384
 20
11753.424657534246
 10
36657.53424657534
 20
11671.232876712327
 10
36739.72602739726
 20
11630.13698630137
 10
36616.438356164384
 20
11547.945205479451
 10
36534.24657534246
 20
11630.13698630137
  0
LWPOLYLINE
  5
AF
330
17
100
AcDbEntity
  8
RASTER_CONTOURS
100
AcDbPolyline
 90
4
 70
1
 10
58520.54794520548
 20
11753.424657534246
 10
58479.452054794514
 20
11712.328767123287
 10
58479.452054794514
 20
11465.753424657534
 10
58520.54794520548
 20
11465.753424657534
  0
LWPOLYLINE
  5
B0
330
17
100
AcDbEntity
  8
RASTER_CONTOURS
100
AcDbPolyline
 90
6
 70
1
 10
57616.43835616438
 20
11753.424657534246
 10
57616.43835616438
 20
11465.753424657534
 10
57698.6301369863
 20
11383.561643835616
 10
57739.72602739726
 20
11465.753424657534
 10
57739.72602739726
 20
11671.232876712327
 10
57698.6301369863
 20
11753.424657534246
  0
LWPOLYLINE
  5
B1
330
17
100
AcDbEntity
  8
RASTER_CONTOURS
100
AcDbPolyline
 90
75
 70
1
 10
55356.16438356164
 20
12041.095890410958
 10
55602.739726027394
 20
12041.095890410958
 10
55726.02739726027
 20
11958.90410958904
 10
55931.50684931507
 20
11958.90410958904
 10
56136.986301369856
 20
11835.616438356163
 10
56342.46575342465
 20
11835.616438356163
 10
56383.561643835616
 20
11794.520547945205
 10
56383.561643835616
 20
11671.232876712327
 10
56342.46575342465
 20
11630.13698630137
 10
56424.65753424657
 20
11506.849315068492
 10
56383.561643835616
 20
11383.561643835616
 10
56383.561643835616
 20
10767.123287671233
 10
56342.46575342465
 20
10726.027397260274
 10
56383.561643835616
 20
10643.835616438355
 10
56383.561643835616
 20
10273.972602739725
 10
56260.273972602736
 20
10191.780821917808
 10
56136.986301369856
 20
10027.397260273972
 10
56342.46575342465
 20
9780.821917808218
 10
56342.46575342465
 20
9698.630136986301
 10
56506.84931506849
 20
9534.246575342466
 10
56671.232876712325
 20
9534.246575342466
 10
56835.61643835616
 20
9328.767123287671
 10
56958.904109589035
 20
9246.575342465752
 10
56958.904109589035
 20
8835.616438356165
 10
56794.520547945205
 20
8589.04109589041
 10
56506.84931506849
 20
8506.849315068492
 10
55931.50684931507
 20
8465.753424657534
 10
55849.315068493146
 20
8424.657534246575
 10
55767.12328767123
 20
8301.369863013699
 10
55767.12328767123
 20
8178.082191780822
 10
55808.21917808219
 20
8136.986301369862
 10
55808.21917808219
 20
7890.410958904109
 10
55767.12328767123
 20
7849.31506849315
 10
55808.21917808219
 20
7438.356164383561
 10
55767.12328767123
 20
7397.260273972603
 10
55767.12328767123
 20
7232.876712328767
 10
55808.21917808219
 20
7150.684931506848
 10
55726.02739726027
 20
7068.493150684931
 10
55561.643835616436
 20
7068.493150684931
 10
55520.54794520548
 20
7109.58904109589
 10
55479.452054794514
 20
7068.493150684931
 10
55315.068493150684
 20
7068.493150684931
 10
55232.87671232876
 20
7150.684931506848
 10
55232.87671232876
 20
7315.068493150685
 10
55273.97260273972
 20
7356.164383561643
 10
55273.97260273972
 20
7479.45205479452
 10
55232.87671232876
 20
7520.547945205479
 10
55232.87671232876
 20
7643.835616438356
 10
55273.97260273972
 20
7684.931506849314
 10
55273.97260273972
 20
7972.602739726027
 10
55232.87671232876
 20
8013.698630136986
 10
55232.87671232876
 20
8136.986301369862
 10
55273.97260273972
 20
8178.082191780822
 10
55273.97260273972
 20
8506.849315068492
 10
55232.87671232876
 20
8547.945205479451
 10
55273.97260273972
 20
8630.13698630137
 10
55273.97260273972
 20
8794.520547945205
 10
55232.87671232876
 20
8835.616438356165
 10
55232.87671232876
 20
9041.095890410958
 10
55273.97260273972
 20
9082.191780821917
 10
55273.97260273972
 20
9410.958904109588
 10
55232.87671232876
 20
9452.054794520547
 10
55232.87671232876
 20
9575.342465753423
 10
55273.97260273972
 20
9616.438356164383
 10
55273.97260273972
 20
9780.821917808218
 10
55232.87671232876
 20
9821.917808219177
 10
55273.97260273972
 20
10273.972602739725
 10
55232.87671232876
 20
10397.260273972603
 10
55315.068493150684
 20
10602.739726027397
 10
55232.87671232876
 20
10767.123287671233
 10
55273.97260273972
 20
10890.410958904109
 10
55232.87671232876
 20
11424.657534246575
 10
55315.068493150684
 20
11589.04109589041
 10
55232.87671232876
 20
11712.328767123287
 10
55232.87671232876
 20
11917.808219178081
  0
LWPOLYLINE
  5
B2
330
17
100
AcDbEntity
  8
RASTER_CONTOURS
100
AcDbPolyline
 90
27
 70
1
 10
54904.109589041094
 20
12041.095890410958
 10
55109.58904109589
 20
12041.095890410958
 10
55191.780821917804
 20
11958.90410958904
 10
55191.780821917804
 20
7150.684931506848
 10
55150.68493150685
 20
7109.58904109589
 10
55027.39726027397
 20
7150.684931506848
 10
55027.39726027397
 20
8178.082191780822
 10
55068.493150684924
 20
8219.17808219178
 10
55068.493150684924
 20
8712.328767123287
 10
55027.39726027397
 20
8835.616438356165
 10
55068.493150684924
 20
8958.90410958904
 10
55027.39726027397
 20
9000.0
 10
55027.39726027397
 20
9205.479452054795
 10
54904.109589041094
 20
9205.479452054795
 10
54780.821917808214
 20
9287.671232876712
 10
54821.91780821917
 20
9328.767123287671
 10
54780.821917808214
 20
9410.958904109588
 10
54780.821917808214
 20
9945.205479452054
 10
54698.6301369863
 20
10068.493150684932
 10
54780.821917808214
 20
10150.684931506848
 10
54780.821917808214
 20
10561.643835616438
 10
54821.91780821917
 20
10602.739726027397
 10
54821.91780821917
 20
10849.31506849315
 10
54780.821917808214
 20
10890.410958904109
 10
54780.821917808214
 20
11013.698630136985
 10
54821.91780821917
 20
11054.794520547945
 10
54821.91780821917
 20
11958.90410958904
  0
LWPOLYLINE
  5
B3
330
17
100
AcDbEntity
  8
RASTER_CONTOURS
100
AcDbPolyline
 90
5
 70
1
 10
38917.80821917808
 20
12082.191780821917
 10
39082.191780821915
 20
11958.90410958904
 10
39000.0
 20
11876.712328767122
 10
38917.80821917808
 20
11876.712328767122
 10
38835.61643835616
 20
11958.90410958904
  0
LWPOLYLINE
  5
B4
330
17
100
AcDbEntity
  8
RASTER_CONTOURS
100
AcDbPolyline
 90
5
 70
1
 10
37972.602739726026
 20
12000.0
 10
38054.79452054794
 20
12082.191780821917
 10
38178.08219178082
 20
12082.191780821917
 10
38260.273972602736
 20
11958.90410958904
 10
38054.79452054794
 20
11876.712328767122
  0
LWPOLYLINE
  5
B5
330
17
100
AcDbEntity
  8
RASTER_CONTOURS
100
AcDbPolyline
 90
7
 70
1
 10
37068.49315068493
 20
11958.90410958904
 10
37150.68493150685
 20
12082.191780821917
 10
37315.068493150684
 20
12082.191780821917
 10
37356.16438356164
 20
12041.095890410958
 10
37356.16438356164
 20
11917.808219178081
 10
37315.068493150684
 20
11876.712328767122
 10
37109.58904109589
 20
11876.712328767122
  0
LWPOLYLINE
  5
B6
330
17
100
AcDbEntity
  8
RASTER_CONTOURS
100
AcDbPolyline
 90
8
 70
1
 10
50136.98630136986
 20
12123.287671232876
 10
50876.71232876712
 20
12123.287671232876
 10
50917.80821917808
 20
12082.191780821917
 10
50917.80821917808
 20
11506.849315068492
 10
50835.61643835616
 20
11424.657534246575
 10
50178.08219178082
 20
11424.657534246575
 10
50054.79452054794
 20
11506.849315068492
 10
50054.79452054794
 20
12000.0
  0
LWPOLYLINE
  5
B7
330
17
100
AcDbEntity
  8
RASTER_CONTOURS
100
AcDbPolyline
 90
6
 70
1
 10
44260.273972602736
 20
12123.287671232876
 10
44383.561643835616
 20
12041.095890410958
 10
44383.561643835616
 20
11753.424657534246
 10
44301.36986301369
 20
11671.232876712327
 10
44136.98630136986
 20
11794.520547945205
 10
44178.08219178082
 20
12041.095890410958
  0
LWPOLYLINE
  5
B8
330
17
100
AcDbEntity
  8
RASTER_CONTOURS
100
AcDbPolyline
 90
14
 70
1
 10
45287.67123287671
 20
12041.095890410958
 10
45410.95890410959
 20
12164.383561643835
 10
46808.21917808219
 20
12164.383561643835
 10
46890.4109589041
 20
12082.191780821917
 10
46890.4109589041
 20
11547.945205479451
 10
46808.21917808219
 20
11465.753424657534
 10
46726.02739726027
 20
11506.849315068492
 10
46726.02739726027
 20
12000.0
 10
46684.93150684931
 20
12041.095890410958
 10
45616.43835616438
 20
12041.095890410958
 10
45452.05479452055
 20
11958.90410958904
 10
45452.05479452055
 20
11753.424657534246
 10
45410.95890410959
 20
11712.328767123287
 10
45287.67123287671
 20
11794.520547945205
  0
LWPOLYLINE
  5
B9
330
17
100
AcDbEntity
  8
RASTER_CONTOURS
100
AcDbPolyline
 90
30
 70
1
 10
18000.0
 20
12164.383561643835
 10
18082.191780821915
 20
12082.191780821917
 10
18041.095890410958
 20
12000.0
 10
18041.095890410958
 20
11876.712328767122
 10
18082.191780821915
 20
11835.616438356163
 10
18041.095890410958
 20
11712.328767123287
 10
18041.095890410958
 20
10726.027397260274
 10
18123.287671232876
 20
10602.739726027397
 10
18123.287671232876
 20
10520.547945205479
 10
18041.095890410958
 20
10356.164383561643
 10
18041.095890410958
 20
9575.342465753423
 10
18082.191780821915
 20
9534.246575342466
 10
18041.095890410958
 20
9452.054794520547
 10
18041.095890410958
 20
9082.191780821917
 10
17958.90410958904
 20
9041.095890410958
 10
17876.712328767124
 20
9123.287671232876
 10
17876.712328767124
 20
10150.684931506848
 10
17917.80821917808
 20
10191.780821917808
 10
17876.712328767124
 20
10273.972602739725
 10
17917.80821917808
 20
10397.260273972603
 10
17876.712328767124
 20
10438.35616438356
 10
17876.712328767124
 20
10972.602739726026
 10
17917.80821917808
 20
11013.698630136985
 10
17876.712328767124
 20
11095.890410958904
 10
17876.712328767124
 20
11301.369863013699
 10
17917.80821917808
 20
11342.465753424656
 10
17917.80821917808
 20
11506.849315068492
 10
17876.712328767124
 20
11547.945205479451
 10
17876.712328767124
 20
11876.712328767122
 10
17794.520547945205
 20
12000.0
  0
LWPOLYLINE
  5
BA
330
17
100
AcDbEntity
  8
RASTER_CONTOURS
100
AcDbPolyline
 90
279
 70
1
 10
55890.4109589041
 20
12164.383561643835
 10
55356.16438356164
 20
12164.383561643835
 10
55315.068493150684
 20
12123.287671232876
 10
54945.20547945205
 20
12123.287671232876
 10
54904.109589041094
 20
12082.191780821917
 10
54863.01369863014
 20
12123.287671232876
 10
54780.821917808214
 20
12082.191780821917
 10
54780.821917808214
 20
10356.164383561643
 10
54616.43835616438
 20
10109.58904109589
 10
54657.53424657534
 20
10027.397260273972
 10
54657.53424657534
 20
9821.917808219177
 10
54698.6301369863
 20
9780.821917808218
 10
54698.6301369863
 20
9328.767123287671
 10
54657.53424657534
 20
9287.671232876712
 10
54698.6301369863
 20
9164.383561643835
 10
54863.01369863014
 20
9164.383561643835
 10
54986.30136986301
 20
9082.191780821917
 10
54986.30136986301
 20
6986.301369863013
 10
55027.39726027397
 20
6945.2054794520545
 10
55109.58904109589
 20
6986.301369863013
 10
55356.16438356164
 20
6986.301369863013
 10
55479.452054794514
 20
6863.013698630137
 10
55479.452054794514
 20
6205.479452054794
 10
55356.16438356164
 20
6082.191780821918
 10
55109.58904109589
 20
6082.191780821918
 10
55068.493150684924
 20
6123.287671232876
 10
54986.30136986301
 20
6082.191780821918
 10
54986.30136986301
 20
5054.794520547945
 10
54863.01369863014
 20
4931.506849315068
 10
54657.53424657534
 20
4849.315068493151
 10
54657.53424657534
 20
4356.164383561643
 10
54534.24657534246
 20
4273.9726027397255
 10
54410.95890410958
 20
4273.9726027397255
 10
54369.863013698625
 20
4315.068493150685
 10
54246.57534246575
 20
4315.068493150685
 10
54205.47945205479
 20
4273.9726027397255
 10
53753.42465753424
 20
4273.9726027397255
 10
53712.32876712328
 20
4315.068493150685
 10
53630.13698630137
 20
4273.9726027397255
 10
53465.75342465753
 20
4356.164383561643
 10
53465.75342465753
 20
4520.547945205479
 10
53383.561643835616
 20
4602.739726027397
 10
53219.17808219178
 20
4602.739726027397
 10
53136.986301369856
 20
4684.931506849315
 10
53136.986301369856
 20
5753.424657534246
 10
53095.8904109589
 20
5794.520547945205
 10
53095.8904109589
 20
6164.3835616438355
 10
53136.986301369856
 20
6205.479452054794
 10
53136.986301369856
 20
6410.958904109589
 10
53095.8904109589
 20
6452.054794520547
 10
53095.8904109589
 20
6657.534246575342
 10
53136.986301369856
 20
6698.630136986301
 10
53136.986301369856
 20
7150.684931506848
 10
53095.8904109589
 20
7191.780821917808
 10
53095.8904109589
 20
7397.260273972603
 10
53136.986301369856
 20
7438.356164383561
 10
53136.986301369856
 20
9821.917808219177
 10
53260.273972602736
 20
9904.109589041096
 10
53589.04109589041
 20
9904.109589041096
 10
53671.232876712325
 20
9863.013698630137
 10
53712.32876712328
 20
9904.109589041096
 10
53712.32876712328
 20
10191.780821917808
 10
53630.13698630137
 20
10273.972602739725
 10
53383.561643835616
 20
10273.972602739725
 10
53219.17808219178
 20
10356.164383561643
 10
52931.50684931507
 20
10397.260273972603
 10
52726.02739726027
 20
10068.493150684932
 10
52684.93150684931
 20
9780.821917808218
 10
52643.83561643835
 20
9739.726027397259
 10
52684.93150684931
 20
9493.150684931506
 10
52602.739726027394
 20
9410.958904109588
 10
52684.93150684931
 20
9328.767123287671
 10
52684.93150684931
 20
9205.479452054795
 10
52602.739726027394
 20
9123.287671232876
 10
52602.739726027394
 20
9082.191780821917
 10
52684.93150684931
 20
9041.095890410958
 10
52684.93150684931
 20
8917.808219178081
 10
52602.739726027394
 20
8835.616438356165
 10
52684.93150684931
 20
8712.328767123287
 10
52684.93150684931
 20
8589.04109589041
 10
52643.83561643835
 20
8547.945205479451
 10
52684.93150684931
 20
8301.369863013699
 10
52602.739726027394
 20
8219.17808219178
 10
52684.93150684931
 20
8095.890410958904
 10
52684.93150684931
 20
7972.602739726027
 10
52602.739726027394
 20
7931.506849315068
 10
52602.739726027394
 20
7849.31506849315
 10
52684.93150684931
 20
7808.219178082191
 10
52684.93150684931
 20
7643.835616438356
 10
52602.739726027394
 20
7602.7397260273965
 10
52684.93150684931
 20
7479.45205479452
 10
52684.93150684931
 20
7356.164383561643
 10
52602.739726027394
 20
7232.876712328767
 10
52684.93150684931
 20
7150.684931506848
 10
52643.83561643835
 20
7027.397260273972
 10
52726.02739726027
 20
6945.2054794520545
 10
52890.4109589041
 20
6904.109589041095
 10
52890.4109589041
 20
8876.712328767122
 10
52931.50684931507
 20
8917.808219178081
 10
52931.50684931507
 20
9041.095890410958
 10
52890.4109589041
 20
9082.191780821917
 10
52890.4109589041
 20
9616.438356164383
 10
52931.50684931507
 20
9657.534246575342
 10
52890.4109589041
 20
9986.301369863013
 10
52931.50684931507
 20
10027.397260273972
 10
52931.50684931507
 20
10232.876712328767
 10
53013.69863013698
 20
10273.972602739725
 10
53095.8904109589
 20
10191.780821917808
 10
53547.945205479446
 20
10191.780821917808
 10
53630.13698630137
 20
10109.58904109589
 10
53589.04109589041
 20
9986.301369863013
 10
53136.986301369856
 20
9986.301369863013
 10
53054.79452054794
 20
9698.630136986301
 10
53095.8904109589
 20
9616.438356164383
 10
53054.79452054794
 20
9534.246575342466
 10
53054.79452054794
 20
7972.602739726027
 10
53095.8904109589
 20
7931.506849315068
 10
53054.79452054794
 20
7849.31506849315
 10
53054.79452054794
 20
6821.9178082191775
 10
53095.8904109589
 20
6780.821917808219
 10
53095.8904109589
 20
5178.082191780822
 10
53054.79452054794
 20
5136.986301369862
 10
53054.79452054794
 20
4602.739726027397
 10
53136.986301369856
 20
4520.547945205479
 10
53301.36986301369
 20
4520.547945205479
 10
53424.65753424657
 20
4356.164383561643
 10
53383.561643835616
 20
4315.068493150685
 10
53424.65753424657
 20
4232.876712328767
 10
54698.6301369863
 20
4232.876712328767
 10
54739.72602739726
 20
4273.9726027397255
 10
54739.72602739726
 20
4767.123287671233
 10
54821.91780821917
 20
4849.315068493151
 10
55027.39726027397
 20
4890.410958904109
 10
55027.39726027397
 20
5917.808219178081
 10
55109.58904109589
 20
6000.0
 10
55191.780821917804
 20
5876.712328767123
 10
55191.780821917804
 20
5178.082191780822
 10
55150.68493150685
 20
5136.986301369862
 10
55191.780821917804
 20
4767.123287671233
 10
55150.68493150685
 20
4726.027397260274
 10
55150.68493150685
 20
4068.493150684931
 10
55109.58904109589
 20
4027.3972602739723
 10
53506.84931506849
 20
4027.3972602739723
 10
53424.65753424657
 20
3986.3013698630134
 10
53342.46575342465
 20
3739.72602739726
 10
52972.602739726026
 20
3739.72602739726
 10
52890.4109589041
 20
3821.917808219178
 10
52890.4109589041
 20
3904.1095890410957
 10
52643.83561643835
 20
3945.2054794520545
 10
52561.643835616436
 20
4027.3972602739723
 10
52561.643835616436
 20
4890.410958904109
 10
52479.452054794514
 20
5013.698630136986
 10
52479.452054794514
 20
6986.301369863013
 10
52561.643835616436
 20
7068.493150684931
 10
52479.452054794514
 20
7150.684931506848
 10
52479.452054794514
 20
7273.9726027397255
 10
52068.49315068493
 20
7315.068493150685
 10
51904.109589041094
 20
7397.260273972603
 10
51904.109589041094
 20
7479.45205479452
 10
51986.30136986301
 20
7602.7397260273965
 10
51945.20547945205
 20
7643.835616438356
 10
51945.20547945205
 20
7808.219178082191
 10
52027.39726027397
 20
7890.410958904109
 10
51986.30136986301
 20
7931.506849315068
 10
51780.821917808214
 20
7931.506849315068
 10
51739.72602739726
 20
7890.410958904109
 10
51534.24657534246
 20
7890.410958904109
 10
51452.05479452055
 20
7931.506849315068
 10
51328.76712328767
 20
7890.410958904109
 10
51369.863013698625
 20
7767.123287671232
 10
51575.34246575342
 20
7767.123287671232
 10
51616.43835616438
 20
7890.410958904109
 10
51698.6301369863
 20
7890.410958904109
 10
51821.91780821917
 20
7808.219178082191
 10
51739.72602739726
 20
7726.027397260274
 10
51657.53424657534
 20
7726.027397260274
 10
51616.43835616438
 20
7438.356164383561
 10
51657.53424657534
 20
7397.260273972603
 10
51863.01369863014
 20
7438.356164383561
 10
51945.20547945205
 20
7356.164383561643
 10
51945.20547945205
 20
7273.9726027397255
 10
51863.01369863014
 20
7191.780821917808
 10
51739.72602739726
 20
7273.9726027397255
 10
51657.53424657534
 20
7273.9726027397255
 10
51698.6301369863
 20
7109.58904109589
 10
51739.72602739726
 20
7109.58904109589
 10
51780.821917808214
 20
7191.780821917808
 10
51986.30136986301
 20
7191.780821917808
 10
52027.39726027397
 20
7232.876712328767
 10
52109.58904109589
 20
7232.876712328767
 10
52273.97260273972
 20
7109.58904109589
 10
52273.97260273972
 20
6986.301369863013
 10
52232.87671232876
 20
6945.2054794520545
 10
52273.97260273972
 20
6698.630136986301
 10
52232.87671232876
 20
6657.534246575342
 10
52273.97260273972
 20
6410.958904109589
 10
52191.780821917804
 20
6369.863013698629
 10
52273.97260273972
 20
6287.671232876712
 10
52273.97260273972
 20
6164.3835616438355
 10
52232.87671232876
 20
6123.287671232876
 10
52273.97260273972
 20
5876.712328767123
 10
52232.87671232876
 20
5835.616438356164
 10
52273.97260273972
 20
5589.04109589041
 10
52232.87671232876
 20
5547.945205479452
 10
52273.97260273972
 20
5424.657534246575
 10
52273.97260273972
 20
5260.273972602739
 10
52232.87671232876
 20
5219.17808219178
 10
52273.97260273972
 20
5013.698630136986
 10
52232.87671232876
 20
4890.410958904109
 10
52520.54794520548
 20
4767.123287671233
 10
52520.54794520548
 20
3698.6301369863013
 10
52397.2602739726
 20
3575.342465753424
 10
52397.2602739726
 20
3369.86301369863
 10
52438.35616438356
 20
3328.767123287671
 10
52561.643835616436
 20
3369.86301369863
 10
52643.83561643835
 20
3246.5753424657532
 10
53671.232876712325
 20
3287.671232876712
 10
53917.80821917808
 20
3369.86301369863
 10
54410.95890410958
 20
3369.86301369863
 10
54452.05479452055
 20
3328.767123287671
 10
54575.34246575342
 20
3328.767123287671
 10
54616.43835616438
 20
3369.86301369863
 10
54739.72602739726
 20
3369.86301369863
 10
54780.821917808214
 20
3328.767123287671
 10
55027.39726027397
 20
3328.767123287671
 10
55068.493150684924
 20
3369.86301369863
 10
55150.68493150685
 20
3328.767123287671
 10
55808.21917808219
 20
3328.767123287671
 10
55890.4109589041
 20
3410.9589041095887
 10
55890.4109589041
 20
3616.4383561643835
 10
55931.50684931507
 20
3657.5342465753424
 10
55849.315068493146
 20
3739.72602739726
 10
55849.315068493146
 20
5712.328767123287
 10
55931.50684931507
 20
5835.616438356164
 10
55931.50684931507
 20
6000.0
 10
55849.315068493146
 20
6082.191780821918
 10
55643.83561643835
 20
6082.191780821918
 10
55520.54794520548
 20
6205.479452054794
 10
55520.54794520548
 20
6821.9178082191775
 10
55643.83561643835
 20
6986.301369863013
 10
55849.315068493146
 20
6986.301369863013
 10
55890.4109589041
 20
7027.397260273972
 10
55890.4109589041
 20
7315.068493150685
 10
55931.50684931507
 20
7356.164383561643
 10
55849.315068493146
 20
7643.835616438356
 10
55890.4109589041
 20
7726.027397260274
 10
55849.315068493146
 20
7767.123287671232
 10
55890.4109589041
 20
7808.219178082191
 10
55890.4109589041
 20
7931.506849315068
 10
55849.315068493146
 20
7972.602739726027
 10
55849.315068493146
 20
8219.17808219178
 10
55931.50684931507
 20
8342.465753424656
 10
56136.986301369856
 20
8342.465753424656
 10
56342.46575342465
 20
8424.657534246575
 10
56712.32876712328
 20
8465.753424657534
 10
56917.80821917808
 20
8630.13698630137
 10
56917.80821917808
 20
8712.328767123287
 10
57041.09589041096
 20
8917.808219178081
 10
57041.09589041096
 20
9123.287671232876
 10
56958.904109589035
 20
9369.86301369863
 10
56712.32876712328
 20
9616.438356164383
 10
56630.13698630137
 20
9616.438356164383
 10
56506.84931506849
 20
9739.726027397259
 10
56465.75342465753
 20
9863.013698630137
 10
56301.36986301369
 20
9986.301369863013
 10
56301.36986301369
 20
10027.397260273972
 10
56465.75342465753
 20
10150.684931506848
 10
56465.75342465753
 20
10479.45205479452
 10
56424.65753424657
 20
10520.547945205479
 10
56465.75342465753
 20
10643.835616438355
 10
56465.75342465753
 20
10972.602739726026
 10
56424.65753424657
 20
11054.794520547945
 10
56465.75342465753
 20
11095.890410958904
 10
56465.75342465753
 20
11547.945205479451
 10
56547.945205479446
 20
11589.04109589041
 10
56465.75342465753
 20
11712.328767123287
 10
56547.945205479446
 20
11794.520547945205
 10
56383.561643835616
 20
11917.808219178081
 10
56013.69863013698
 20
12000.0
  0
LWPOLYLINE
  5
BB
330
17
100
AcDbEntity
  8
RASTER_CONTOURS
100
AcDbPolyline
 90
231
 70
1
 10
46890.4109589041
 20
10438.35616438356
 10
46890.4109589041
 20
9698.630136986301
 10
46808.21917808219
 20
9616.438356164383
 10
41835.61643835616
 20
9616.438356164383
 10
41794.520547945205
 20
9657.534246575342
 10
41465.75342465753
 20
9657.534246575342
 10
41424.65753424657
 20
9616.438356164383
 10
41301.36986301369
 20
9657.534246575342
 10
41219.17808219178
 20
9616.438356164383
 10
41013.69863013698
 20
9616.438356164383
 10
40972.602739726026
 20
9657.534246575342
 10
40890.4109589041
 20
9616.438356164383
 10
40808.21917808219
 20
9657.534246575342
 10
39657.53424657534
 20
9657.534246575342
 10
39575.34246575342
 20
9616.438356164383
 10
39575.34246575342
 20
6863.013698630137
 10
39616.438356164384
 20
6821.9178082191775
 10
43684.93150684931
 20
6821.9178082191775
 10
43726.02739726027
 20
6780.821917808219
 10
43767.12328767123
 20
6821.9178082191775
 10
45000.0
 20
6821.9178082191775
 10
45041.09589041096
 20
6780.821917808219
 10
45082.191780821915
 20
6821.9178082191775
 10
46438.35616438356
 20
6821.9178082191775
 10
46479.452054794514
 20
6780.821917808219
 10
46520.54794520548
 20
6821.9178082191775
 10
46561.643835616436
 20
6780.821917808219
 10
46602.739726027394
 20
6821.9178082191775
 10
46726.02739726027
 20
6821.9178082191775
 10
46890.4109589041
 20
6698.630136986301
 10
46890.4109589041
 20
6410.958904109589
 10
46767.12328767123
 20
6246.575342465753
 10
45246.57534246575
 20
6246.575342465753
 10
45246.57534246575
 20
5958.904109589041
 10
45164.38356164383
 20
5835.616438356164
 10
44424.65753424657
 20
5835.616438356164
 10
44383.561643835616
 20
5876.712328767123
 10
44383.561643835616
 20
6082.191780821918
 10
44424.65753424657
 20
6123.287671232876
 10
44424.65753424657
 20
6575.342465753424
 10
44383.561643835616
 20
6657.534246575342
 10
39616.438356164384
 20
6657.534246575342
 10
39575.34246575342
 20
6616.438356164384
 10
39575.34246575342
 20
6082.191780821918
 10
39657.53424657534
 20
5958.904109589041
 10
39575.34246575342
 20
5876.712328767123
 10
38465.75342465753
 20
5876.712328767123
 10
38424.65753424657
 20
5835.616438356164
 10
38260.273972602736
 20
5835.616438356164
 10
38219.17808219178
 20
5876.712328767123
 10
33082.191780821915
 20
5876.712328767123
 10
33041.09589041096
 20
5917.808219178081
 10
32917.80821917808
 20
5876.712328767123
 10
32301.369863013697
 20
5876.712328767123
 10
32260.27397260274
 20
5917.808219178081
 10
32219.17808219178
 20
5876.712328767123
 10
31931.506849315065
 20
5876.712328767123
 10
31890.410958904107
 20
5917.808219178081
 10
31767.12328767123
 20
5876.712328767123
 10
31273.972602739723
 20
5876.712328767123
 10
31232.876712328765
 20
5917.808219178081
 10
31109.58904109589
 20
5876.712328767123
 10
30863.013698630133
 20
5876.712328767123
 10
30821.917808219176
 20
5917.808219178081
 10
30534.246575342462
 20
5917.808219178081
 10
30493.150684931505
 20
5876.712328767123
 10
29301.369863013697
 20
5876.712328767123
 10
29260.27397260274
 20
5917.808219178081
 10
29301.369863013697
 20
6041.095890410958
 10
31356.16438356164
 20
6041.095890410958
 10
31397.2602739726
 20
6082.191780821918
 10
31520.54794520548
 20
6082.191780821918
 10
31561.643835616436
 20
6041.095890410958
 10
31972.602739726026
 20
6041.095890410958
 10
32054.794520547945
 20
6287.671232876712
 10
32095.890410958902
 20
6246.575342465753
 10
32095.890410958902
 20
6123.287671232876
 10
32178.08219178082
 20
6041.095890410958
 10
33000.0
 20
6041.095890410958
 10
33041.09589041096
 20
6082.191780821918
 10
33041.09589041096
 20
6616.438356164384
 10
33164.38356164383
 20
6698.630136986301
 10
33739.72602739726
 20
6698.630136986301
 10
33821.91780821918
 20
6780.821917808219
 10
33863.01369863014
 20
6739.72602739726
 10
33863.01369863014
 20
6123.287671232876
 10
33904.109589041094
 20
6041.095890410958
 10
37890.4109589041
 20
6041.095890410958
 10
37931.50684931507
 20
6082.191780821918
 10
37931.50684931507
 20
7150.684931506848
 10
37972.602739726026
 20
7191.780821917808
 10
38876.71232876712
 20
7191.780821917808
 10
38917.80821917808
 20
7232.876712328767
 10
38917.80821917808
 20
10150.684931506848
 10
38958.904109589035
 20
10191.780821917808
 10
38876.71232876712
 20
10315.068493150684
 10
37808.21917808219
 20
10315.068493150684
 10
37767.12328767123
 20
10356.164383561643
 10
37643.83561643835
 20
10315.068493150684
 10
36780.821917808214
 20
10315.068493150684
 10
36739.72602739726
 20
10356.164383561643
 10
36698.6301369863
 20
10315.068493150684
 10
36205.479452054795
 20
10315.068493150684
 10
36164.38356164383
 20
10356.164383561643
 10
36041.09589041096
 20
10273.972602739725
 10
36041.09589041096
 20
9657.534246575342
 10
36000.0
 20
9616.438356164383
 10
36041.09589041096
 20
9575.342465753423
 10
36041.09589041096
 20
9041.095890410958
 10
36000.0
 20
9000.0
 10
36041.09589041096
 20
8876.712328767122
 10
36000.0
 20
8753.424657534246
 10
36041.09589041096
 20
8671.232876712329
 10
36000.0
 20
8589.04109589041
 10
36000.0
 20
7849.31506849315
 10
36041.09589041096
 20
7808.219178082191
 10
36000.0
 20
7767.123287671232
 10
36041.09589041096
 20
7684.931506849314
 10
36000.0
 20
7561.643835616438
 10
36041.09589041096
 20
7438.356164383561
 10
35958.904109589035
 20
7191.780821917808
 10
35835.61643835616
 20
7315.068493150685
 10
35835.61643835616
 20
7479.45205479452
 10
35876.71232876712
 20
7520.547945205479
 10
35876.71232876712
 20
7643.835616438356
 10
35835.61643835616
 20
7684.931506849314
 10
35876.71232876712
 20
7726.027397260274
 10
35835.61643835616
 20
7808.219178082191
 10
35876.71232876712
 20
7890.410958904109
 10
35835.61643835616
 20
8013.698630136986
 10
35876.71232876712
 20
8095.890410958904
 10
35835.61643835616
 20
8178.082191780822
 10
35876.71232876712
 20
8260.27397260274
 10
35835.61643835616
 20
8342.465753424656
 10
35835.61643835616
 20
8506.849315068492
 10
35876.71232876712
 20
8547.945205479451
 10
35835.61643835616
 20
8589.04109589041
 10
35876.71232876712
 20
8671.232876712329
 10
35876.71232876712
 20
9698.630136986301
 10
35835.61643835616
 20
9739.726027397259
 10
35876.71232876712
 20
9863.013698630137
 10
35835.61643835616
 20
9904.109589041096
 10
35835.61643835616
 20
10027.397260273972
 10
35876.71232876712
 20
10068.493150684932
 10
35876.71232876712
 20
10397.260273972603
 10
35958.904109589035
 20
10479.45205479452
 10
38753.42465753424
 20
10479.45205479452
 10
38794.520547945205
 20
10438.35616438356
 10
38917.80821917808
 20
10479.45205479452
 10
38958.904109589035
 20
10438.35616438356
 10
39123.28767123287
 20
10438.35616438356
 10
39164.38356164383
 20
10479.45205479452
 10
39369.863013698625
 20
10479.45205479452
 10
39410.95890410959
 20
10438.35616438356
 10
39575.34246575342
 20
10438.35616438356
 10
39616.438356164384
 20
10479.45205479452
 10
40602.739726027394
 20
10438.35616438356
 10
40726.02739726027
 20
10479.45205479452
 10
40808.21917808219
 20
10397.260273972603
 10
40767.12328767123
 20
10315.068493150684
 10
39616.438356164384
 20
10315.068493150684
 10
39575.34246575342
 20
10273.972602739725
 10
39575.34246575342
 20
9863.013698630137
 10
39657.53424657534
 20
9780.821917808218
 10
41712.32876712328
 20
9780.821917808218
 10
41794.520547945205
 20
9863.013698630137
 10
41753.42465753424
 20
9986.301369863013
 10
41794.520547945205
 20
10191.780821917808
 10
41712.32876712328
 20
10315.068493150684
 10
40890.4109589041
 20
10315.068493150684
 10
40849.315068493146
 20
10356.164383561643
 10
40890.4109589041
 20
10438.35616438356
 10
41178.08219178082
 20
10438.35616438356
 10
41219.17808219178
 20
10479.45205479452
 10
41342.46575342466
 20
10438.35616438356
 10
41671.232876712325
 20
10438.35616438356
 10
41753.42465753424
 20
10479.45205479452
 10
41794.520547945205
 20
10561.643835616438
 10
41794.520547945205
 20
11219.17808219178
 10
41753.42465753424
 20
11260.27397260274
 10
41753.42465753424
 20
11383.561643835616
 10
41794.520547945205
 20
11424.657534246575
 10
41753.42465753424
 20
11465.753424657534
 10
41794.520547945205
 20
11547.945205479451
 10
41794.520547945205
 20
12000.0
 10
41712.32876712328
 20
12041.095890410958
 10
41671.232876712325
 20
12000.0
 10
40356.16438356164
 20
12000.0
 10
40315.068493150684
 20
12041.095890410958
 10
40109.58904109589
 20
12041.095890410958
 10
40068.49315068493
 20
12000.0
 10
39821.91780821917
 20
12000.0
 10
39780.821917808214
 20
12041.095890410958
 10
39739.72602739726
 20
12000.0
 10
39534.24657534246
 20
12000.0
 10
39493.150684931505
 20
12041.095890410958
 10
39369.863013698625
 20
12041.095890410958
 10
39287.67123287671
 20
12000.0
 10
39164.38356164383
 20
12082.191780821917
 10
39246.57534246575
 20
12205.479452054793
 10
39657.53424657534
 20
12205.479452054793
 10
39698.6301369863
 20
12164.383561643835
 10
39821.91780821917
 20
12205.479452054793
 10
40027.39726027397
 20
12205.479452054793
 10
40068.49315068493
 20
12164.383561643835
 10
40315.068493150684
 20
12164.383561643835
 10
40356.16438356164
 20
12205.479452054793
 10
41219.17808219178
 20
12205.479452054793
 10
41260.273972602736
 20
12164.383561643835
 10
41794.520547945205
 20
12164.383561643835
 10
41917.80821917808
 20
12082.191780821917
 10
41917.80821917808
 20
9863.013698630137
 10
42000.0
 20
9780.821917808218
 10
44506.84931506849
 20
9780.821917808218
 10
44547.945205479446
 20
9863.013698630137
 10
44547.945205479446
 20
10232.876712328767
 10
44301.36986301369
 20
10315.068493150684
 10
44260.273972602736
 20
10356.164383561643
 10
44342.46575342466
 20
10438.35616438356
 10
45369.863013698625
 20
10438.35616438356
 10
45410.95890410959
 20
10356.164383561643
 10
45287.67123287671
 20
10273.972602739725
 10
45164.38356164383
 20
10273.972602739725
 10
45123.28767123287
 20
10191.780821917808
 10
45164.38356164383
 20
10109.58904109589
 10
45123.28767123287
 20
9863.013698630137
 10
45205.479452054795
 20
9780.821917808218
 10
46643.83561643835
 20
9780.821917808218
 10
46726.02739726027
 20
9821.917808219177
 10
46726.02739726027
 20
10438.35616438356
 10
46808.21917808219
 20
10520.547945205479
  0
LWPOLYLINE
  5
BC
330
17
100
AcDbEntity
  8
RASTER_CONTOURS
100
AcDbPolyline
 90
6
 70
1
 10
38342.46575342466
 20
12082.191780821917
 10
38383.561643835616
 20
12164.383561643835
 10
38630.13698630137
 20
12205.479452054793
 10
38753.42465753424
 20
12123.287671232876
 10
38671.232876712325
 20
12041.095890410958
 10
38383.561643835616
 20
12041.095890410958
  0
LWPOLYLINE
  5
BD
330
17
100
AcDbEntity
  8
RASTER_CONTOURS
100
AcDbPolyline
 90
6
 70
1
 10
37479.45205479452
 20
12123.287671232876
 10
37602.739726027394
 20
12205.479452054793
 10
37767.12328767123
 20
12205.479452054793
 10
37890.4109589041
 20
12123.287671232876
 10
37808.21917808219
 20
12041.095890410958
 10
37520.54794520548
 20
12041.095890410958
  0
LWPOLYLINE
  5
BE
330
17
100
AcDbEntity
  8
RASTER_CONTOURS
100
AcDbPolyline
 90
6
 70
1
 10
36493.150684931505
 20
12082.191780821917
 10
36534.24657534246
 20
12205.479452054793
 10
36945.20547945205
 20
12205.479452054793
 10
37027.39726027397
 20
12123.287671232876
 10
36945.20547945205
 20
12041.095890410958
 10
36534.24657534246
 20
12041.095890410958
  0
LWPOLYLINE
  5
BF
330
17
100
AcDbEntity
  8
RASTER_CONTOURS
100
AcDbPolyline
 90
21
 70
1
 10
58520.54794520548
 20
12041.095890410958
 10
58520.54794520548
 20
12000.0
 10
58931.50684931506
 20
11958.90410958904
 10
58972.602739726026
 20
11917.808219178081
 10
59013.69863013698
 20
11958.90410958904
 10
59219.17808219178
 20
11958.90410958904
 10
59301.36986301369
 20
11876.712328767122
 10
59219.17808219178
 20
11671.232876712327
 10
59260.273972602736
 20
11301.369863013699
 10
59301.36986301369
 20
11342.465753424656
 10
59301.36986301369
 20
11753.424657534246
 10
59260.273972602736
 20
11794.520547945205
 10
59301.36986301369
 20
11835.616438356163
 10
59301.36986301369
 20
11958.90410958904
 10
59383.561643835616
 20
12041.095890410958
 10
59301.36986301369
 20
12082.191780821917
 10
59219.17808219178
 20
12205.479452054793
 10
59136.986301369856
 20
12082.191780821917
 10
59013.69863013698
 20
12041.095890410958
 10
58808.21917808219
 20
12041.095890410958
 10
58767.12328767123
 20
12082.191780821917
  0
LWPOLYLINE
  5
C0
330
17
100
AcDbEntity
  8
RASTER_CONTOURS
100
AcDbPolyline
 90
19
 70
1
 10
49972.602739726026
 20
12123.287671232876
 10
50013.69863013698
 20
12000.0
 10
50013.69863013698
 20
11424.657534246575
 10
50054.79452054794
 20
11383.561643835616
 10
50260.273972602736
 20
11383.561643835616
 10
50301.36986301369
 20
11342.465753424656
 10
51000.0
 20
11342.465753424656
 10
51082.191780821915
 20
11424.657534246575
 10
51041.09589041096
 20
11671.232876712327
 10
51082.191780821915
 20
11712.328767123287
 10
51041.09589041096
 20
11753.424657534246
 10
51082.191780821915
 20
11835.616438356163
 10
51041.09589041096
 20
12164.383561643835
 10
50958.904109589035
 20
12205.479452054793
 10
50917.80821917808
 20
12164.383561643835
 10
50876.71232876712
 20
12205.479452054793
 10
50589.04109589041
 20
12205.479452054793
 10
50547.945205479446
 20
12164.383561643835
 10
50136.98630136986
 20
12205.479452054793
  0
LWPOLYLINE
  5
C1
330
17
100
AcDbEntity
  8
RASTER_CONTOURS
100
AcDbPolyline
 90
6
 70
1
 10
49397.2602739726
 20
12246.575342465752
 10
49397.2602739726
 20
12000.0
 10
49438.35616438356
 20
11958.90410958904
 10
49602.739726027394
 20
11958.90410958904
 10
49684.93150684931
 20
12041.095890410958
 10
49643.83561643835
 20
12205.479452054793
  0
LWPOLYLINE
  5
C2
330
17
100
AcDbEntity
  8
RASTER_CONTOURS
100
AcDbPolyline
 90
6
 70
1
 10
47301.36986301369
 20
12205.479452054793
 10
47260.273972602736
 20
12041.095890410958
 10
47383.561643835616
 20
11958.90410958904
 10
47506.84931506849
 20
11958.90410958904
 10
47547.945205479446
 20
12205.479452054793
 10
47506.84931506849
 20
12246.575342465752
  0
LWPOLYLINE
  5
C3
330
17
100
AcDbEntity
  8
RASTER_CONTOURS
100
AcDbPolyline
 90
22
 70
1
 10
45246.57534246575
 20
12164.383561643835
 10
45246.57534246575
 20
11671.232876712327
 10
45328.76712328767
 20
11589.04109589041
 10
45452.05479452055
 20
11589.04109589041
 10
45493.150684931505
 20
11630.13698630137
 10
45493.150684931505
 20
11835.616438356163
 10
45575.34246575342
 20
11958.90410958904
 10
46602.739726027394
 20
11958.90410958904
 10
46684.93150684931
 20
11794.520547945205
 10
46643.83561643835
 20
11383.561643835616
 10
46684.93150684931
 20
11342.465753424656
 10
46849.315068493146
 20
11342.465753424656
 10
46931.50684931507
 20
11383.561643835616
 10
46972.602739726026
 20
11465.753424657534
 10
46931.50684931507
 20
11506.849315068492
 10
46972.602739726026
 20
12164.383561643835
 10
46808.21917808219
 20
12246.575342465752
 10
46150.68493150685
 20
12246.575342465752
 10
46109.58904109589
 20
12205.479452054793
 10
45945.20547945205
 20
12205.479452054793
 10
45904.109589041094
 20
12246.575342465752
 10
45369.863013698625
 20
12246.575342465752
  0
LWPOLYLINE
  5
C4
330
17
100
AcDbEntity
  8
RASTER_CONTOURS
100
AcDbPolyline
 90
36
 70
1
 10
33863.01369863014
 20
9739.726027397259
 10
33780.821917808214
 20
9657.534246575342
 10
33328.76712328767
 20
9657.534246575342
 10
33246.57534246575
 20
9410.958904109588
 10
33164.38356164383
 20
9657.534246575342
 10
31027.39726027397
 20
9657.534246575342
 10
30986.301369863013
 20
9616.438356164383
 10
30904.109589041094
 20
9657.534246575342
 10
27534.246575342462
 20
9657.534246575342
 10
27493.150684931505
 20
9575.342465753423
 10
27493.150684931505
 20
8219.17808219178
 10
27410.958904109586
 20
8136.986301369862
 10
27328.76712328767
 20
8136.986301369862
 10
27246.575342465752
 20
8219.17808219178
 10
27328.76712328767
 20
8301.369863013699
 10
27328.76712328767
 20
9698.630136986301
 10
27410.958904109586
 20
9821.917808219177
 10
33000.0
 20
9821.917808219177
 10
33041.09589041096
 20
9863.013698630137
 10
33041.09589041096
 20
11671.232876712327
 10
24287.67123287671
 20
11671.232876712327
 10
24123.287671232876
 20
11589.04109589041
 10
24041.095890410958
 20
11671.232876712327
 10
23917.80821917808
 20
11671.232876712327
 10
23876.71232876712
 20
11794.520547945205
 10
23917.80821917808
 20
11835.616438356163
 10
33000.0
 20
11835.616438356163
 10
33041.09589041096
 20
11876.712328767122
 10
33041.09589041096
 20
12205.479452054793
 10
33082.191780821915
 20
12328.767123287671
 10
33205.479452054795
 20
12369.863013698628
 10
33287.67123287671
 20
12246.575342465752
 10
33287.67123287671
 20
10520.547945205479
 10
33328.76712328767
 20
10479.45205479452
 10
33821.91780821918
 20
10479.45205479452
 10
33863.01369863014
 20
10438.35616438356
  0
LWPOLYLINE
  5
C5
330
17
100
AcDbEntity
  8
RASTER_CONTOURS
100
AcDbPolyline
 90
675
 70
1
 10
47342.46575342465
 20
9328.767123287671
 10
47260.273972602736
 20
9410.958904109588
 10
47095.8904109589
 20
9410.958904109588
 10
46931.50684931507
 20
9534.246575342466
 10
46931.50684931507
 20
10561.643835616438
 10
46890.4109589041
 20
10602.739726027397
 10
46643.83561643835
 20
10602.739726027397
 10
46602.739726027394
 20
10561.643835616438
 10
46684.93150684931
 20
10479.45205479452
 10
46684.93150684931
 20
10397.260273972603
 10
46643.83561643835
 20
10356.164383561643
 10
46643.83561643835
 20
9904.109589041096
 10
46561.643835616436
 20
9821.917808219177
 10
45328.76712328767
 20
9821.917808219177
 10
45205.479452054795
 20
9904.109589041096
 10
45205.479452054795
 20
10150.684931506848
 10
45328.76712328767
 20
10232.876712328767
 10
45493.150684931505
 20
10232.876712328767
 10
45534.24657534246
 20
10356.164383561643
 10
45452.05479452055
 20
10520.547945205479
 10
45123.28767123287
 20
10520.547945205479
 10
45082.191780821915
 20
10479.45205479452
 10
44958.904109589035
 20
10520.547945205479
 10
44260.273972602736
 20
10520.547945205479
 10
44178.08219178082
 20
10479.45205479452
 10
44178.08219178082
 20
10273.972602739725
 10
44219.17808219178
 20
10232.876712328767
 10
44383.561643835616
 20
10232.876712328767
 10
44465.75342465753
 20
10150.684931506848
 10
44465.75342465753
 20
9904.109589041096
 10
44301.36986301369
 20
9821.917808219177
 10
42575.34246575342
 20
9821.917808219177
 10
42534.24657534246
 20
9863.013698630137
 10
42205.479452054795
 20
9863.013698630137
 10
42164.38356164383
 20
9821.917808219177
 10
42000.0
 20
9945.205479452054
 10
42000.0
 20
11835.616438356163
 10
42123.28767123287
 20
11958.90410958904
 10
42287.67123287671
 20
11958.90410958904
 10
42328.76712328767
 20
11917.808219178081
 10
42452.05479452055
 20
11917.808219178081
 10
42493.150684931505
 20
11958.90410958904
 10
42575.34246575342
 20
11917.808219178081
 10
42657.53424657534
 20
11958.90410958904
 10
42780.821917808214
 20
11958.90410958904
 10
42821.91780821917
 20
11917.808219178081
 10
44054.79452054794
 20
11917.808219178081
 10
44136.98630136986
 20
11794.520547945205
 10
44136.98630136986
 20
11630.13698630137
 10
44383.561643835616
 20
11589.04109589041
 10
44424.65753424657
 20
11630.13698630137
 10
44424.65753424657
 20
12205.479452054793
 10
44260.273972602736
 20
12287.671232876712
 10
44136.98630136986
 20
12246.575342465752
 10
44095.8904109589
 20
12123.287671232876
 10
42082.191780821915
 20
12123.287671232876
 10
41958.904109589035
 20
12328.767123287671
 10
41835.61643835616
 20
12246.575342465752
 10
40356.16438356164
 20
12246.575342465752
 10
40315.068493150684
 20
12287.671232876712
 10
40191.780821917804
 20
12246.575342465752
 10
39821.91780821917
 20
12246.575342465752
 10
39698.6301369863
 20
12287.671232876712
 10
39657.53424657534
 20
12246.575342465752
 10
39123.28767123287
 20
12246.575342465752
 10
39000.0
 20
12164.383561643835
 10
38876.71232876712
 20
12164.383561643835
 10
38794.520547945205
 20
12246.575342465752
 10
38260.273972602736
 20
12246.575342465752
 10
38178.08219178082
 20
12164.383561643835
 10
38013.69863013698
 20
12164.383561643835
 10
37931.50684931507
 20
12246.575342465752
 10
37397.2602739726
 20
12246.575342465752
 10
37315.068493150684
 20
12164.383561643835
 10
37150.68493150685
 20
12164.383561643835
 10
37109.58904109589
 20
12246.575342465752
 10
36986.30136986301
 20
12287.671232876712
 10
36863.01369863014
 20
12246.575342465752
 10
36616.438356164384
 20
12287.671232876712
 10
36575.34246575342
 20
12246.575342465752
 10
36410.95890410959
 20
12246.575342465752
 10
36410.95890410959
 20
11876.712328767122
 10
36452.05479452055
 20
11835.616438356163
 10
36287.67123287671
 20
11712.328767123287
 10
36246.57534246575
 20
11835.616438356163
 10
36082.191780821915
 20
11794.520547945205
 10
36082.191780821915
 20
11671.232876712327
 10
36123.28767123287
 20
11630.13698630137
 10
36452.05479452055
 20
11589.04109589041
 10
36575.34246575342
 20
11506.849315068492
 10
36698.6301369863
 20
11547.945205479451
 10
37027.39726027397
 20
11547.945205479451
 10
37109.58904109589
 20
11630.13698630137
 10
37273.97260273973
 20
11547.945205479451
 10
37315.068493150684
 20
11589.04109589041
 10
37972.602739726026
 20
11547.945205479451
 10
38054.79452054794
 20
11671.232876712327
 10
38178.08219178082
 20
11671.232876712327
 10
38219.17808219178
 20
11589.04109589041
 10
38301.36986301369
 20
11547.945205479451
 10
41342.46575342466
 20
11547.945205479451
 10
41465.75342465753
 20
11465.753424657534
 10
41465.75342465753
 20
11342.465753424656
 10
41506.84931506849
 20
11342.465753424656
 10
41547.94520547945
 20
11589.04109589041
 10
41630.13698630137
 20
11671.232876712327
 10
41712.32876712328
 20
11589.04109589041
 10
41712.32876712328
 20
10602.739726027397
 10
41630.13698630137
 20
10520.547945205479
 10
41095.8904109589
 20
10520.547945205479
 10
41013.69863013698
 20
10602.739726027397
 10
41136.98630136986
 20
10890.410958904109
 10
41219.17808219178
 20
10972.602739726026
 10
41219.17808219178
 20
11054.794520547945
 10
41342.46575342466
 20
11178.08219178082
 10
41342.46575342466
 20
11260.27397260274
 10
41260.273972602736
 20
11301.369863013699
 10
41013.69863013698
 20
11301.369863013699
 10
40972.602739726026
 20
11219.17808219178
 10
41136.98630136986
 20
11095.890410958904
 10
41136.98630136986
 20
10972.602739726026
 10
41095.8904109589
 20
10931.506849315068
 10
36739.72602739726
 20
10931.506849315068
 10
36575.34246575342
 20
11013.698630136985
 10
36493.150684931505
 20
10931.506849315068
 10
36164.38356164383
 20
10890.410958904109
 10
36082.191780821915
 20
10808.21917808219
 10
36164.38356164383
 20
10684.931506849314
 10
36082.191780821915
 20
10561.643835616438
 10
35835.61643835616
 20
10561.643835616438
 10
35794.520547945205
 20
10479.45205479452
 10
35794.520547945205
 20
7191.780821917808
 10
35876.71232876712
 20
7109.58904109589
 10
36863.01369863014
 20
7109.58904109589
 10
36904.109589041094
 20
7150.684931506848
 10
36904.109589041094
 20
7232.876712328767
 10
36780.821917808214
 20
7356.164383561643
 10
36821.91780821918
 20
7397.260273972603
 10
36780.821917808214
 20
7479.45205479452
 10
36534.24657534246
 20
7479.45205479452
 10
36493.150684931505
 20
7520.547945205479
 10
36493.150684931505
 20
7726.027397260274
 10
36575.34246575342
 20
7849.31506849315
 10
36493.150684931505
 20
8013.698630136986
 10
36493.150684931505
 20
8219.17808219178
 10
36534.24657534246
 20
8260.27397260274
 10
36780.821917808214
 20
8260.27397260274
 10
36821.91780821918
 20
8342.465753424656
 10
36780.821917808214
 20
8383.561643835616
 10
36698.6301369863
 20
8342.465753424656
 10
36534.24657534246
 20
8342.465753424656
 10
36493.150684931505
 20
8383.561643835616
 10
36287.67123287671
 20
8342.465753424656
 10
36123.28767123287
 20
8465.753424657534
 10
36287.67123287671
 20
8589.04109589041
 10
36164.38356164383
 20
8671.232876712329
 10
36123.28767123287
 20
8794.520547945205
 10
36164.38356164383
 20
9000.0
 10
36246.57534246575
 20
9082.191780821917
 10
36452.05479452055
 20
9041.095890410958
 10
36452.05479452055
 20
9082.191780821917
 10
36287.67123287671
 20
9082.191780821917
 10
36164.38356164383
 20
9164.383561643835
 10
36164.38356164383
 20
9328.767123287671
 10
36205.479452054795
 20
9369.86301369863
 10
36164.38356164383
 20
9863.013698630137
 10
36246.57534246575
 20
9945.205479452054
 10
36164.38356164383
 20
10068.493150684932
 10
36164.38356164383
 20
10150.684931506848
 10
36328.76712328767
 20
10273.972602739725
 10
36657.53424657534
 20
10273.972602739725
 10
36698.6301369863
 20
10232.876712328767
 10
36863.01369863014
 20
10232.876712328767
 10
36904.109589041094
 20
10273.972602739725
 10
37561.643835616436
 20
10273.972602739725
 10
37726.02739726027
 20
10191.780821917808
 10
37726.02739726027
 20
9082.191780821917
 10
37808.21917808219
 20
9082.191780821917
 10
37808.21917808219
 20
10150.684931506848
 10
37931.50684931507
 20
10273.972602739725
 10
37972.602739726026
 20
10232.876712328767
 10
38794.520547945205
 20
10232.876712328767
 10
38876.71232876712
 20
10150.684931506848
 10
38876.71232876712
 20
8547.945205479451
 10
38835.61643835616
 20
8506.849315068492
 10
38835.61643835616
 20
8383.561643835616
 10
38671.232876712325
 20
8260.27397260274
 10
38794.520547945205
 20
8219.17808219178
 10
38876.71232876712
 20
8054.794520547945
 10
38835.61643835616
 20
7931.506849315068
 10
38835.61643835616
 20
7356.164383561643
 10
38753.42465753424
 20
7273.9726027397255
 10
38260.273972602736
 20
7273.9726027397255
 10
38219.17808219178
 20
7315.068493150685
 10
38178.08219178082
 20
7273.9726027397255
 10
37931.50684931507
 20
7273.9726027397255
 10
37849.315068493146
 20
7232.876712328767
 10
37849.315068493146
 20
7068.493150684931
 10
37890.4109589041
 20
7027.397260273972
 10
37890.4109589041
 20
6205.479452054794
 10
37767.12328767123
 20
6082.191780821918
 10
34315.068493150684
 20
6082.191780821918
 10
34273.97260273973
 20
6123.287671232876
 10
34150.68493150685
 20
6082.191780821918
 10
34109.58904109589
 20
6123.287671232876
 10
33986.30136986301
 20
6123.287671232876
 10
33904.109589041094
 20
6205.479452054794
 10
33945.20547945205
 20
6287.671232876712
 10
33945.20547945205
 20
6452.054794520547
 10
33904.109589041094
 20
6493.1506849315065
 10
33945.20547945205
 20
6534.246575342465
 10
33945.20547945205
 20
7397.260273972603
 10
33904.109589041094
 20
7479.45205479452
 10
32301.369863013697
 20
7479.45205479452
 10
32219.17808219178
 20
7561.643835616438
 10
32219.17808219178
 20
8013.698630136986
 10
32260.27397260274
 20
8095.890410958904
 10
32178.08219178082
 20
8178.082191780822
 10
32178.08219178082
 20
8547.945205479451
 10
32136.98630136986
 20
8589.04109589041
 10
32013.698630136983
 20
8589.04109589041
 10
31972.602739726026
 20
8547.945205479451
 10
31972.602739726026
 20
6821.9178082191775
 10
31931.506849315065
 20
6780.821917808219
 10
31972.602739726026
 20
6246.575342465753
 10
31890.410958904107
 20
6123.287671232876
 10
31315.068493150684
 20
6123.287671232876
 10
31273.972602739723
 20
6164.3835616438355
 10
31109.58904109589
 20
6164.3835616438355
 10
31068.493150684928
 20
6123.287671232876
 10
30534.246575342462
 20
6123.287671232876
 10
30493.150684931505
 20
6082.191780821918
 10
30328.76712328767
 20
6082.191780821918
 10
30123.287671232876
 20
6164.3835616438355
 10
29917.80821917808
 20
6082.191780821918
 10
29835.616438356163
 20
6123.287671232876
 10
29794.520547945205
 20
6082.191780821918
 10
29219.17808219178
 20
6082.191780821918
 10
29054.794520547945
 20
6164.3835616438355
 10
28890.410958904107
 20
6164.3835616438355
 10
28684.931506849312
 20
6082.191780821918
 10
28315.068493150684
 20
6082.191780821918
 10
28191.780821917808
 20
6205.479452054794
 10
28191.780821917808
 20
6575.342465753424
 10
28232.876712328765
 20
6616.438356164384
 10
28191.780821917808
 20
6945.2054794520545
 10
28068.493150684928
 20
6945.2054794520545
 10
28027.39726027397
 20
6986.301369863013
 10
27904.109589041094
 20
6945.2054794520545
 10
27780.821917808218
 20
6986.301369863013
 10
27698.6301369863
 20
6945.2054794520545
 10
27534.246575342462
 20
7068.493150684931
 10
27534.246575342462
 20
7150.684931506848
 10
27493.150684931505
 20
7150.684931506848
 10
27493.150684931505
 20
7068.493150684931
 10
27369.86301369863
 20
6945.2054794520545
 10
27287.67123287671
 20
6986.301369863013
 10
27246.575342465752
 20
6945.2054794520545
 10
26958.90410958904
 20
6945.2054794520545
 10
26835.616438356163
 20
7027.397260273972
 10
26835.616438356163
 20
7150.684931506848
 10
26876.71232876712
 20
7191.780821917808
 10
26794.520547945205
 20
7356.164383561643
 10
26794.520547945205
 20
7726.027397260274
 10
26876.71232876712
 20
7849.31506849315
 10
26835.616438356163
 20
7972.602739726027
 10
26917.80821917808
 20
8054.794520547945
 10
27123.287671232876
 20
8095.890410958904
 10
27164.383561643834
 20
8054.794520547945
 10
27410.958904109586
 20
8054.794520547945
 10
27493.150684931505
 20
7931.506849315068
 10
27575.342465753423
 20
7931.506849315068
 10
27575.342465753423
 20
8013.698630136986
 10
27657.534246575342
 20
8095.890410958904
 10
27739.726027397257
 20
8095.890410958904
 10
27739.726027397257
 20
8219.17808219178
 10
27616.43835616438
 20
8178.082191780822
 10
27534.246575342462
 20
8260.27397260274
 10
27534.246575342462
 20
9452.054794520547
 10
27575.342465753423
 20
9534.246575342466
 10
27698.6301369863
 20
9616.438356164383
 10
27780.821917808218
 20
9575.342465753423
 10
27821.917808219176
 20
9616.438356164383
 10
27945.20547945205
 20
9616.438356164383
 10
27986.301369863013
 20
9575.342465753423
 10
28561.643835616436
 20
9575.342465753423
 10
28602.739726027394
 20
9534.246575342466
 10
28602.739726027394
 20
8260.27397260274
 10
28479.452054794518
 20
8136.986301369862
 10
28397.260273972603
 20
8178.082191780822
 10
28397.260273972603
 20
8095.890410958904
 10
28890.410958904107
 20
8095.890410958904
 10
28931.50684931507
 20
8136.986301369862
 10
28890.410958904107
 20
8506.849315068492
 10
28890.410958904107
 20
8219.17808219178
 10
28849.31506849315
 20
8178.082191780822
 10
28726.027397260274
 20
8178.082191780822
 10
28684.931506849312
 20
8219.17808219178
 10
28684.931506849312
 20
9493.150684931506
 10
28767.12328767123
 20
9575.342465753423
 10
29054.794520547945
 20
9575.342465753423
 10
29095.890410958902
 20
9616.438356164383
 10
29260.27397260274
 20
9616.438356164383
 10
29301.369863013697
 20
9575.342465753423
 10
29589.04109589041
 20
9575.342465753423
 10
29630.136986301368
 20
9616.438356164383
 10
29712.328767123287
 20
9534.246575342466
 10
29712.328767123287
 20
9246.575342465752
 10
29753.424657534244
 20
9205.479452054795
 10
29712.328767123287
 20
9082.191780821917
 10
29712.328767123287
 20
8630.13698630137
 10
29753.424657534244
 20
8589.04109589041
 10
29712.328767123287
 20
8547.945205479451
 10
29712.328767123287
 20
8219.17808219178
 10
29671.232876712325
 20
8178.082191780822
 10
29506.84931506849
 20
8178.082191780822
 10
29547.94520547945
 20
8095.890410958904
 10
29999.999999999996
 20
8095.890410958904
 10
30041.095890410958
 20
8136.986301369862
 10
29999.999999999996
 20
8219.17808219178
 10
29876.71232876712
 20
8178.082191780822
 10
29794.520547945205
 20
8260.27397260274
 10
29835.616438356163
 20
8342.465753424656
 10
29835.616438356163
 20
9534.246575342466
 10
30041.095890410958
 20
9616.438356164383
 10
30082.191780821915
 20
9575.342465753423
 10
30205.47945205479
 20
9616.438356164383
 10
30534.246575342462
 20
9616.438356164383
 10
30575.342465753423
 20
9575.342465753423
 10
30780.821917808218
 20
9575.342465753423
 10
30863.013698630133
 20
9493.150684931506
 10
30863.013698630133
 20
8219.17808219178
 10
30739.726027397257
 20
8136.986301369862
 10
30657.534246575342
 20
8136.986301369862
 10
30698.6301369863
 20
8095.890410958904
 10
30863.013698630133
 20
8095.890410958904
 10
30904.109589041094
 20
8054.794520547945
 10
31027.39726027397
 20
8095.890410958904
 10
31027.39726027397
 20
9452.054794520547
 10
31109.58904109589
 20
9575.342465753423
 10
31232.876712328765
 20
9616.438356164383
 10
31931.506849315065
 20
9616.438356164383
 10
31972.602739726026
 20
9575.342465753423
 10
32219.17808219178
 20
9575.342465753423
 10
32260.27397260274
 20
9616.438356164383
 10
33000.0
 20
9616.438356164383
 10
33123.28767123287
 20
9534.246575342466
 10
33123.28767123287
 20
8589.04109589041
 10
33205.479452054795
 20
8506.849315068492
 10
33328.76712328767
 20
8506.849315068492
 10
33369.863013698625
 20
8547.945205479451
 10
33369.863013698625
 20
9534.246575342466
 10
33493.150684931505
 20
9616.438356164383
 10
33780.821917808214
 20
9616.438356164383
 10
33821.91780821918
 20
9575.342465753423
 10
33945.20547945205
 20
9657.534246575342
 10
33945.20547945205
 20
10520.547945205479
 10
33904.109589041094
 20
10561.643835616438
 10
33410.95890410959
 20
10561.643835616438
 10
33328.76712328767
 20
10643.835616438355
 10
33328.76712328767
 20
12410.958904109588
 10
33205.479452054795
 20
12410.958904109588
 10
33164.38356164383
 20
12452.054794520547
 10
33000.0
 20
12410.958904109588
 10
33000.0
 20
12000.0
 10
32917.80821917808
 20
11917.808219178081
 10
31397.2602739726
 20
11917.808219178081
 10
31356.16438356164
 20
11876.712328767122
 10
29219.17808219178
 20
11876.712328767122
 10
29178.08219178082
 20
11917.808219178081
 10
29095.890410958902
 20
11876.712328767122
 10
28767.12328767123
 20
11876.712328767122
 10
28726.027397260274
 20
11917.808219178081
 10
28684.931506849312
 20
11876.712328767122
 10
25972.602739726026
 20
11876.712328767122
 10
25931.50684931507
 20
11917.808219178081
 10
24780.821917808218
 20
11917.808219178081
 10
24739.726027397257
 20
11876.712328767122
 10
24123.287671232876
 20
11917.808219178081
 10
24082.191780821915
 20
11876.712328767122
 10
23876.71232876712
 20
11876.712328767122
 10
23835.616438356163
 20
11917.808219178081
 10
23794.520547945205
 20
11876.712328767122
 10
23794.520547945205
 20
11630.13698630137
 10
23958.90410958904
 20
11589.04109589041
 10
24041.095890410958
 20
11506.849315068492
 10
24945.20547945205
 20
11547.945205479451
 10
25027.39726027397
 20
11630.13698630137
 10
26835.616438356163
 20
11630.13698630137
 10
26876.71232876712
 20
11589.04109589041
 10
27082.191780821915
 20
11589.04109589041
 10
27123.287671232876
 20
11630.13698630137
 10
28232.876712328765
 20
11630.13698630137
 10
28273.972602739723
 20
11589.04109589041
 10
31438.35616438356
 20
11589.04109589041
 10
31479.452054794518
 20
11630.13698630137
 10
32424.657534246573
 20
11589.04109589041
 10
32465.75342465753
 20
11630.13698630137
 10
32712.328767123287
 20
11630.13698630137
 10
32753.424657534244
 20
11589.04109589041
 10
32917.80821917808
 20
11589.04109589041
 10
33000.0
 20
11506.849315068492
 10
33000.0
 20
9986.301369863013
 10
32917.80821917808
 20
9904.109589041096
 10
31068.493150684928
 20
9904.109589041096
 10
31027.39726027397
 20
9863.013698630137
 10
30657.534246575342
 20
9863.013698630137
 10
30616.43835616438
 20
9904.109589041096
 10
30534.246575342462
 20
9863.013698630137
 10
30452.054794520547
 20
9904.109589041096
 10
30410.958904109586
 20
9863.013698630137
 10
29917.80821917808
 20
9863.013698630137
 10
29876.71232876712
 20
9904.109589041096
 10
29054.794520547945
 20
9904.109589041096
 10
29013.698630136983
 20
9863.013698630137
 10
28273.972602739723
 20
9863.013698630137
 10
28232.876712328765
 20
9904.109589041096
 10
27863.013698630137
 20
9904.109589041096
 10
27821.917808219176
 20
9863.013698630137
 10
27616.43835616438
 20
9904.109589041096
 10
27575.342465753423
 20
9863.013698630137
 10
27452.054794520547
 20
9863.013698630137
 10
27410.958904109586
 20
9904.109589041096
 10
27287.67123287671
 20
9863.013698630137
 10
27246.575342465752
 20
9739.726027397259
 10
27246.575342465752
 20
8383.561643835616
 10
27205.47945205479
 20
8342.465753424656
 10
26589.04109589041
 20
8342.465753424656
 10
26465.753424657534
 20
8260.27397260274
 10
26465.753424657534
 20
6164.3835616438355
 10
26424.657534246573
 20
6123.287671232876
 10
25808.21917808219
 20
6123.287671232876
 10
25767.12328767123
 20
6082.191780821918
 10
25356.16438356164
 20
6082.191780821918
 10
25315.068493150684
 20
6123.287671232876
 10
24821.917808219176
 20
6123.287671232876
 10
24780.821917808218
 20
6082.191780821918
 10
24452.054794520547
 20
6082.191780821918
 10
24410.958904109586
 20
6123.287671232876
 10
24123.287671232876
 20
6123.287671232876
 10
24082.191780821915
 20
6082.191780821918
 10
22561.643835616436
 20
6123.287671232876
 10
22479.452054794518
 20
6246.575342465753
 10
22479.452054794518
 20
6739.72602739726
 10
21616.43835616438
 20
6739.72602739726
 10
21575.342465753423
 20
6698.630136986301
 10
21575.342465753423
 20
6205.479452054794
 10
21493.150684931505
 20
6123.287671232876
 10
21246.575342465752
 20
6123.287671232876
 10
21205.479452054795
 20
6082.191780821918
 10
21164.383561643834
 20
6123.287671232876
 10
19438.35616438356
 20
6123.287671232876
 10
19315.068493150684
 20
6246.575342465753
 10
19315.068493150684
 20
9287.671232876712
 10
19356.16438356164
 20
9328.767123287671
 10
19315.068493150684
 20
9493.150684931506
 10
19356.16438356164
 20
9534.246575342466
 10
19356.16438356164
 20
10561.643835616438
 10
19315.068493150684
 20
10684.931506849314
 10
19232.876712328765
 20
10726.027397260274
 10
19027.39726027397
 20
10726.027397260274
 10
18986.301369863013
 20
10684.931506849314
 10
18986.301369863013
 20
10479.45205479452
 10
19068.49315068493
 20
10273.972602739725
 10
19068.49315068493
 20
9739.726027397259
 10
19027.39726027397
 20
9698.630136986301
 10
19027.39726027397
 20
9493.150684931506
 10
19068.49315068493
 20
9452.054794520547
 10
19027.39726027397
 20
9410.958904109588
 10
19027.39726027397
 20
9205.479452054795
 10
19068.49315068493
 20
9164.383561643835
 10
19027.39726027397
 20
9123.287671232876
 10
19027.39726027397
 20
8958.90410958904
 10
19068.49315068493
 20
8917.808219178081
 10
19068.49315068493
 20
7315.068493150685
 10
19027.39726027397
 20
7273.9726027397255
 10
19068.49315068493
 20
5876.712328767123
 10
19273.972602739726
 20
5794.520547945205
 10
19356.16438356164
 20
5835.616438356164
 10
20794.520547945205
 20
5835.616438356164
 10
20835.616438356163
 20
5794.520547945205
 10
20958.90410958904
 20
5876.712328767123
 10
21205.479452054795
 20
5876.712328767123
 10
21246.575342465752
 20
5835.616438356164
 10
21328.76712328767
 20
5876.712328767123
 10
21493.150684931505
 20
5753.424657534246
 10
21575.342465753423
 20
5835.616438356164
 10
21739.72602739726
 20
5835.616438356164
 10
21780.821917808218
 20
5876.712328767123
 10
21863.013698630137
 20
5835.616438356164
 10
28027.39726027397
 20
5835.616438356164
 10
27986.301369863013
 20
5876.712328767123
 10
22315.068493150684
 20
5876.712328767123
 10
22068.49315068493
 20
6000.0
 10
21986.301369863013
 20
5958.904109589041
 10
21698.6301369863
 20
5958.904109589041
 10
21616.43835616438
 20
6041.095890410958
 10
21616.43835616438
 20
6575.342465753424
 10
21739.72602739726
 20
6698.630136986301
 10
22356.16438356164
 20
6698.630136986301
 10
22438.35616438356
 20
6616.438356164384
 10
22438.35616438356
 20
6082.191780821918
 10
22479.452054794518
 20
6041.095890410958
 10
26506.84931506849
 20
6041.095890410958
 10
26506.84931506849
 20
7068.493150684931
 10
26547.94520547945
 20
7109.58904109589
 10
26506.84931506849
 20
7232.876712328767
 10
26506.84931506849
 20
7849.31506849315
 10
26547.94520547945
 20
7890.410958904109
 10
26506.84931506849
 20
8054.794520547945
 10
26630.136986301368
 20
8260.27397260274
 10
27205.47945205479
 20
8260.27397260274
 10
27246.575342465752
 20
8219.17808219178
 10
27205.47945205479
 20
8136.986301369862
 10
26753.424657534244
 20
8136.986301369862
 10
26671.232876712325
 20
8054.794520547945
 10
26671.232876712325
 20
6945.2054794520545
 10
26712.328767123287
 20
6904.109589041095
 10
28068.493150684928
 20
6904.109589041095
 10
28150.684931506847
 20
6821.9178082191775
 10
28150.684931506847
 20
6082.191780821918
 10
28273.972602739723
 20
6000.0
 10
28232.876712328765
 20
5917.808219178081
 10
28109.58904109589
 20
5835.616438356164
 10
29095.890410958902
 20
5835.616438356164
 10
29136.98630136986
 20
5794.520547945205
 10
29260.27397260274
 20
5794.520547945205
 10
29301.369863013697
 20
5835.616438356164
 10
32917.80821917808
 20
5835.616438356164
 10
32958.90410958904
 20
5794.520547945205
 10
33082.191780821915
 20
5794.520547945205
 10
33123.28767123287
 20
5835.616438356164
 10
35753.42465753425
 20
5835.616438356164
 10
35794.520547945205
 20
5794.520547945205
 10
38178.08219178082
 20
5794.520547945205
 10
38260.273972602736
 20
5712.328767123287
 10
38547.94520547945
 20
5712.328767123287
 10
38589.04109589041
 20
5753.424657534246
 10
39123.28767123287
 20
5753.424657534246
 10
39164.38356164383
 20
5712.328767123287
 10
39452.05479452055
 20
5712.328767123287
 10
39534.24657534246
 20
5753.424657534246
 10
39657.53424657534
 20
5712.328767123287
 10
39739.72602739726
 20
6000.0
 10
39616.438356164384
 20
6205.479452054794
 10
39616.438356164384
 20
6493.1506849315065
 10
39739.72602739726
 20
6616.438356164384
 10
42328.76712328767
 20
6616.438356164384
 10
42369.863013698625
 20
6575.342465753424
 10
42452.05479452055
 20
6616.438356164384
 10
42575.34246575342
 20
6616.438356164384
 10
42616.43835616438
 20
6575.342465753424
 10
42739.72602739726
 20
6616.438356164384
 10
43068.49315068493
 20
6616.438356164384
 10
43109.58904109589
 20
6575.342465753424
 10
44301.36986301369
 20
6575.342465753424
 10
44342.46575342466
 20
6534.246575342465
 10
44342.46575342466
 20
6082.191780821918
 10
44301.36986301369
 20
6041.095890410958
 10
44301.36986301369
 20
5835.616438356164
 10
44424.65753424657
 20
5753.424657534246
 10
44547.945205479446
 20
5794.520547945205
 10
45287.67123287671
 20
5794.520547945205
 10
45369.863013698625
 20
5876.712328767123
 10
45287.67123287671
 20
6000.0
 10
45287.67123287671
 20
6123.287671232876
 10
45369.863013698625
 20
6205.479452054794
 10
46808.21917808219
 20
6205.479452054794
 10
46890.4109589041
 20
6164.3835616438355
 10
46931.50684931507
 20
6205.479452054794
 10
46931.50684931507
 20
6904.109589041095
 10
47054.79452054794
 20
6986.301369863013
 10
47260.273972602736
 20
6986.301369863013
 10
47301.36986301369
 20
7027.397260273972
 10
47301.36986301369
 20
7150.684931506848
 10
47136.98630136986
 20
7232.876712328767
 10
46931.50684931507
 20
7232.876712328767
 10
46849.315068493146
 20
7315.068493150685
 10
46767.12328767123
 20
7315.068493150685
 10
46561.643835616436
 20
7232.876712328767
 10
44136.98630136986
 20
7232.876712328767
 10
44013.69863013698
 20
7150.684931506848
 10
43726.02739726027
 20
7232.876712328767
 10
43068.49315068493
 20
7232.876712328767
 10
43027.39726027397
 20
7191.780821917808
 10
42821.91780821917
 20
7191.780821917808
 10
42780.821917808214
 20
7232.876712328767
 10
41671.232876712325
 20
7273.9726027397255
 10
41671.232876712325
 20
7232.876712328767
 10
41794.520547945205
 20
7150.684931506848
 10
41753.42465753424
 20
7109.58904109589
 10
41383.561643835616
 20
7109.58904109589
 10
41342.46575342466
 20
7150.684931506848
 10
41465.75342465753
 20
7232.876712328767
 10
41547.94520547945
 20
7232.876712328767
 10
41506.84931506849
 20
7273.9726027397255
 10
41465.75342465753
 20
7232.876712328767
 10
41383.561643835616
 20
7273.9726027397255
 10
41054.79452054794
 20
7273.9726027397255
 10
41013.69863013698
 20
7232.876712328767
 10
40808.21917808219
 20
7232.876712328767
 10
41054.79452054794
 20
7150.684931506848
 10
41013.69863013698
 20
7109.58904109589
 10
40849.315068493146
 20
7109.58904109589
 10
40808.21917808219
 20
7150.684931506848
 10
40684.93150684931
 20
7150.684931506848
 10
40602.739726027394
 20
7232.876712328767
 10
40561.643835616436
 20
7191.780821917808
 10
40273.97260273973
 20
7191.780821917808
 10
40068.49315068493
 20
7273.9726027397255
 10
39945.20547945205
 20
7273.9726027397255
 10
39904.109589041094
 20
7232.876712328767
 10
39657.53424657534
 20
7356.164383561643
 10
39657.53424657534
 20
7561.643835616438
 10
39698.6301369863
 20
7602.7397260273965
 10
39616.438356164384
 20
7767.123287671232
 10
39698.6301369863
 20
7890.410958904109
 10
40808.21917808219
 20
7890.410958904109
 10
40849.315068493146
 20
7931.506849315068
 10
45000.0
 20
7931.506849315068
 10
45041.09589041096
 20
7890.410958904109
 10
45082.191780821915
 20
7931.506849315068
 10
46315.068493150684
 20
7931.506849315068
 10
46356.16438356164
 20
7890.410958904109
 10
46726.02739726027
 20
7890.410958904109
 10
46849.315068493146
 20
7849.31506849315
 10
46890.4109589041
 20
7890.410958904109
 10
47219.17808219178
 20
7931.506849315068
 10
47342.46575342465
 20
8013.698630136986
 10
47260.273972602736
 20
8178.082191780822
 10
47260.273972602736
 20
8260.27397260274
 10
47342.46575342465
 20
8342.465753424656
 10
47301.36986301369
 20
8424.657534246575
 10
47095.8904109589
 20
8506.849315068492
 10
46931.50684931507
 20
8506.849315068492
 10
46808.21917808219
 20
8589.04109589041
 10
46643.83561643835
 20
8506.849315068492
 10
44917.80821917808
 20
8506.849315068492
 10
44876.71232876712
 20
8547.945205479451
 10
44342.46575342466
 20
8547.945205479451
 10
44301.36986301369
 20
8506.849315068492
 10
42698.6301369863
 20
8506.849315068492
 10
42657.53424657534
 20
8547.945205479451
 10
42246.57534246575
 20
8547.945205479451
 10
41958.904109589035
 20
8465.753424657534
 10
41095.8904109589
 20
8506.849315068492
 10
41054.79452054794
 20
8465.753424657534
 10
41095.8904109589
 20
8424.657534246575
 10
40931.50684931507
 20
8301.369863013699
 10
40890.4109589041
 20
8342.465753424656
 10
40931.50684931507
 20
8465.753424657534
 10
40849.315068493146
 20
8424.657534246575
 10
40767.12328767123
 20
8506.849315068492
 10
40273.97260273973
 20
8465.753424657534
 10
40232.87671232876
 20
8506.849315068492
 10
39739.72602739726
 20
8547.945205479451
 10
39657.53424657534
 20
8630.13698630137
 10
39657.53424657534
 20
8835.616438356165
 10
39698.6301369863
 20
8876.712328767122
 10
39657.53424657534
 20
8917.808219178081
 10
39657.53424657534
 20
9082.191780821917
 10
39863.01369863014
 20
9205.479452054795
 10
39904.109589041094
 20
9164.383561643835
 10
45123.28767123287
 20
9164.383561643835
 10
45205.479452054795
 20
9287.671232876712
 10
45493.150684931505
 20
9287.671232876712
 10
45575.34246575342
 20
9164.383561643835
 10
46109.58904109589
 20
9164.383561643835
 10
46191.780821917804
 20
9246.575342465752
 10
46479.452054794514
 20
9246.575342465752
 10
46767.12328767123
 20
9123.287671232876
 10
46890.4109589041
 20
9123.287671232876
 10
46931.50684931507
 20
9164.383561643835
 10
47219.17808219178
 20
9205.479452054795
 10
47301.36986301369
 20
9246.575342465752
  0
LWPOLYLINE
  5
C6
330
17
100
AcDbEntity
  8
RASTER_CONTOURS
100
AcDbPolyline
 90
20
 70
1
 10
5095.890410958904
 20
14136.986301369861
 10
5136.986301369862
 20
14095.890410958904
 10
5136.986301369862
 20
13726.027397260274
 10
5178.082191780822
 20
13684.931506849314
 10
5136.986301369862
 20
13643.835616438355
 10
5178.082191780822
 20
13273.972602739725
 10
5095.890410958904
 20
13150.684931506848
 10
4726.027397260274
 20
13150.684931506848
 10
4479.45205479452
 20
13068.49315068493
 10
4520.547945205479
 20
11958.90410958904
 10
4438.356164383561
 20
11917.808219178081
 10
4397.260273972603
 20
11958.90410958904
 10
4397.260273972603
 20
12904.109589041094
 10
4356.164383561643
 20
12945.205479452054
 10
4397.260273972603
 20
13068.49315068493
 10
4356.164383561643
 20
13109.58904109589
 10
4356.164383561643
 20
14013.698630136985
 10
4315.068493150685
 20
14136.986301369861
 10
4397.260273972603
 20
14219.17808219178
 10
4602.739726027397
 20
14136.986301369861
  0
LWPOLYLINE
  5
C7
330
17
100
AcDbEntity
  8
RASTER_CONTOURS
100
AcDbPolyline
 90
71
 70
1
 10
6821.9178082191775
 20
15041.095890410958
 10
6821.9178082191775
 20
13479.45205479452
 10
6863.013698630137
 20
13438.35616438356
 10
6863.013698630137
 20
13232.876712328767
 10
6821.9178082191775
 20
13191.780821917808
 10
6821.9178082191775
 20
10767.123287671233
 10
6863.013698630137
 20
10643.835616438355
 10
6821.9178082191775
 20
10602.739726027397
 10
6904.109589041095
 20
10520.547945205479
 10
7027.397260273972
 20
10520.547945205479
 10
7068.493150684931
 20
10561.643835616438
 10
7397.260273972603
 20
10561.643835616438
 10
7438.356164383561
 20
10520.547945205479
 10
12821.917808219177
 20
10520.547945205479
 10
12863.013698630137
 20
10561.643835616438
 10
12657.534246575342
 20
10643.835616438355
 10
12164.383561643835
 20
10684.931506849314
 10
12000.0
 20
10767.123287671233
 10
11671.232876712327
 20
10808.21917808219
 10
11383.561643835616
 20
10931.506849315068
 10
11013.698630136985
 20
11013.698630136985
 10
10726.027397260274
 20
11178.08219178082
 10
10561.643835616438
 20
11219.17808219178
 10
10479.45205479452
 20
11301.369863013699
 10
10356.164383561643
 20
11301.369863013699
 10
9821.917808219177
 20
11630.13698630137
 10
9739.726027397259
 20
11630.13698630137
 10
8630.13698630137
 20
12493.150684931506
 10
8342.465753424656
 20
12821.917808219177
 10
8301.369863013699
 20
12821.917808219177
 10
8506.849315068492
 20
12575.342465753423
 10
9000.0
 20
12164.383561643835
 10
9082.191780821917
 20
12041.095890410958
 10
9082.191780821917
 20
11958.90410958904
 10
9205.479452054795
 20
11958.90410958904
 10
9863.013698630137
 20
11506.849315068492
 10
10397.260273972603
 20
11219.17808219178
 10
10479.45205479452
 20
11219.17808219178
 10
10643.835616438355
 20
11095.890410958904
 10
10726.027397260274
 20
11095.890410958904
 10
11178.08219178082
 20
10890.410958904109
 10
11301.369863013699
 20
10890.410958904109
 10
11547.945205479451
 20
10767.123287671233
 10
11712.328767123287
 20
10767.123287671233
 10
11794.520547945205
 20
10726.027397260274
 10
11835.616438356163
 20
10643.835616438355
 10
11794.520547945205
 20
10602.739726027397
 10
8260.27397260274
 20
10602.739726027397
 10
8219.17808219178
 20
10643.835616438355
 10
8136.986301369862
 20
10602.739726027397
 10
7191.780821917808
 20
10602.739726027397
 10
7109.58904109589
 20
10684.931506849314
 10
6945.2054794520545
 20
10684.931506849314
 10
6904.109589041095
 20
10726.027397260274
 10
6904.109589041095
 20
13808.21917808219
 10
6863.013698630137
 20
13849.31506849315
 10
6904.109589041095
 20
13890.410958904109
 10
6904.109589041095
 20
14753.424657534246
 10
6945.2054794520545
 20
14794.520547945205
 10
7068.493150684931
 20
14630.13698630137
 10
7068.493150684931
 20
14506.849315068492
 10
7191.780821917808
 20
14219.17808219178
 10
8054.794520547945
 20
13068.49315068493
 10
8095.890410958904
 20
13068.49315068493
 10
8095.890410958904
 20
13109.58904109589
 10
7520.547945205479
 20
13849.31506849315
 10
7315.068493150685
 20
14219.17808219178
 10
7273.9726027397255
 20
14383.561643835616
 10
7027.397260273972
 20
14753.424657534246
 10
7027.397260273972
 20
14876.712328767122
 10
6904.109589041095
 20
15123.287671232876
  0
LWPOLYLINE
  5
C8
330
17
100
AcDbEntity
  8
RASTER_CONTOURS
100
AcDbPolyline
 90
9
 70
1
 10
32917.80821917808
 20
15164.383561643835
 10
33000.0
 20
15246.575342465752
 10
33287.67123287671
 20
15246.575342465752
 10
33410.95890410959
 20
15082.191780821917
 10
33410.95890410959
 20
14917.808219178081
 10
33328.76712328767
 20
14835.616438356163
 10
33082.191780821915
 20
14794.520547945205
 10
33000.0
 20
14835.616438356163
 10
32917.80821917808
 20
14958.90410958904
  0
LWPOLYLINE
  5
C9
330
17
100
AcDbEntity
  8
RASTER_CONTOURS
100
AcDbPolyline
 90
7
 70
1
 10
2835.616438356164
 20
15575.342465753423
 10
2753.4246575342463
 20
15534.246575342464
 10
2753.4246575342463
 20
15164.383561643835
 10
2794.520547945205
 20
15123.287671232876
 10
2917.808219178082
 20
15123.287671232876
 10
3123.2876712328766
 20
15246.575342465752
 10
3164.3835616438355
 20
15369.863013698628
  0
LWPOLYLINE
  5
CA
330
17
100
AcDbEntity
  8
RASTER_CONTOURS
100
AcDbPolyline
 90
7
 70
1
 10
54986.30136986301
 20
16027.397260273972
 10
55150.68493150685
 20
15945.205479452054
 10
55150.68493150685
 20
15041.095890410958
 10
55109.58904109589
 20
14999.999999999998
 10
54821.91780821917
 20
14999.999999999998
 10
54780.821917808214
 20
15041.095890410958
 10
54780.821917808214
 20
15904.109589041094
  0
LWPOLYLINE
  5
CB
330
17
100
AcDbEntity
  8
RASTER_CONTOURS
100
AcDbPolyline
 90
22
 70
1
 10
55315.068493150684
 20
16109.58904109589
 10
55643.83561643835
 20
16109.58904109589
 10
55808.21917808219
 20
15945.205479452054
 10
55849.315068493146
 20
15821.917808219177
 10
56054.79452054794
 20
15821.917808219177
 10
56136.986301369856
 20
15739.726027397259
 10
56095.8904109589
 20
15164.383561643835
 10
55931.50684931507
 20
15082.191780821917
 10
55808.21917808219
 20
15123.287671232876
 10
55808.21917808219
 20
14958.90410958904
 10
55726.02739726027
 20
14876.712328767122
 10
55315.068493150684
 20
14876.712328767122
 10
55232.87671232876
 20
14958.90410958904
 10
55232.87671232876
 20
15082.191780821917
 10
55273.97260273972
 20
15123.287671232876
 10
55232.87671232876
 20
15205.479452054793
 10
55232.87671232876
 20
15575.342465753423
 10
55273.97260273972
 20
15616.438356164383
 10
55191.780821917804
 20
15739.726027397259
 10
55191.780821917804
 20
15904.109589041094
 10
55232.87671232876
 20
15945.205479452054
 10
55191.780821917804
 20
15986.301369863013
  0
LWPOLYLINE
  5
CC
330
17
100
AcDbEntity
  8
RASTER_CONTOURS
100
AcDbPolyline
 90
23
 70
1
 10
54657.53424657534
 20
16027.397260273972
 10
54657.53424657534
 20
15164.383561643835
 10
54616.43835616438
 20
15123.287671232876
 10
54616.43835616438
 20
14999.999999999998
 10
54698.6301369863
 20
14917.808219178081
 10
55068.493150684924
 20
14917.808219178081
 10
55150.68493150685
 20
14835.616438356163
 10
55438.35616438356
 20
14712.328767123287
 10
55520.54794520548
 20
14753.424657534246
 10
55849.315068493146
 20
14753.424657534246
 10
55849.315068493146
 20
14958.90410958904
 10
55931.50684931507
 20
15041.095890410958
 10
56095.8904109589
 20
15041.095890410958
 10
56178.08219178082
 20
15205.479452054793
 10
56178.08219178082
 20
15863.013698630137
 10
55890.4109589041
 20
15945.205479452054
 10
55849.315068493146
 20
15986.301369863013
 10
55849.315068493146
 20
16150.684931506848
 10
55767.12328767123
 20
16232.876712328765
 10
55356.16438356164
 20
16232.876712328765
 10
55315.068493150684
 20
16191.780821917808
 10
55191.780821917804
 20
16191.780821917808
 10
55068.493150684924
 20
16068.49315068493
  0
LWPOLYLINE
  5
CD
330
17
100
AcDbEntity
  8
RASTER_CONTOURS
100
AcDbPolyline
 90
16
 70
1
 10
53054.79452054794
 20
16315.068493150684
 10
53054.79452054794
 20
16109.58904109589
 10
53095.8904109589
 20
16068.49315068493
 10
53095.8904109589
 20
15164.383561643835
 10
53013.69863013698
 20
15082.191780821917
 10
53095.8904109589
 20
14958.90410958904
 10
53219.17808219178
 20
14999.999999999998
 10
53589.04109589041
 20
14958.90410958904
 10
53630.13698630137
 20
14999.999999999998
 10
53630.13698630137
 20
15123.287671232876
 10
53589.04109589041
 20
15164.383561643835
 10
53424.65753424657
 20
15082.191780821917
 10
53260.273972602736
 20
15082.191780821917
 10
53136.986301369856
 20
15205.479452054793
 10
53136.986301369856
 20
16068.49315068493
 10
53260.273972602736
 20
16315.068493150684
  0
LWPOLYLINE
  5
CE
330
17
100
AcDbEntity
  8
RASTER_CONTOURS
100
AcDbPolyline
 90
4
 70
1
 10
22520.54794520548
 20
16972.602739726026
 10
22479.452054794518
 20
16931.50684931507
 10
22479.452054794518
 20
14671.232876712327
 10
22520.54794520548
 20
14671.232876712327
  0
LWPOLYLINE
  5
CF
330
17
100
AcDbEntity
  8
RASTER_CONTOURS
100
AcDbPolyline
 90
4
 70
1
 10
53465.75342465753
 20
17095.890410958902
 10
53424.65753424657
 20
17178.08219178082
 10
53178.08219178082
 20
17136.986301369863
 10
53424.65753424657
 20
17054.794520547945
  0
LWPOLYLINE
  5
D0
330
17
100
AcDbEntity
  8
RASTER_CONTOURS
100
AcDbPolyline
 90
6
 70
1
 10
47342.46575342465
 20
17835.616438356163
 10
47383.561643835616
 20
17794.520547945205
 10
47958.904109589035
 20
17794.520547945205
 10
48000.0
 20
17835.616438356163
 10
47958.904109589035
 20
17876.712328767124
 10
47383.561643835616
 20
17876.712328767124
  0
LWPOLYLINE
  5
D1
330
17
100
AcDbEntity
  8
RASTER_CONTOURS
100
AcDbPolyline
 90
8
 70
1
 10
44136.98630136986
 20
17917.80821917808
 10
44054.79452054794
 20
17917.80821917808
 10
43684.93150684931
 20
17671.23287671233
 10
43561.643835616436
 20
17671.23287671233
 10
43520.54794520548
 20
17547.94520547945
 10
43643.83561643835
 20
17547.94520547945
 10
44054.79452054794
 20
17753.424657534244
 10
44136.98630136986
 20
17835.616438356163
  0
LWPOLYLINE
  5
D2
330
17
100
AcDbEntity
  8
RASTER_CONTOURS
100
AcDbPolyline
 90
7
 70
1
 10
41219.17808219178
 20
17958.90410958904
 10
40808.21917808219
 20
17712.328767123287
 10
40602.739726027394
 20
17671.23287671233
 10
40602.739726027394
 20
17589.04109589041
 10
40767.12328767123
 20
17589.04109589041
 10
41013.69863013698
 20
17712.328767123287
 10
41219.17808219178
 20
17876.712328767124
  0
LWPOLYLINE
  5
D3
330
17
100
AcDbEntity
  8
RASTER_CONTOURS
100
AcDbPolyline
 90
8
 70
1
 10
29999.999999999996
 20
17917.80821917808
 10
29917.80821917808
 20
17958.90410958904
 10
29712.328767123287
 20
17712.328767123287
 10
29465.75342465753
 20
17589.04109589041
 10
29424.657534246573
 20
17506.84931506849
 10
29465.75342465753
 20
17465.753424657534
 10
29630.136986301368
 20
17506.84931506849
 10
29958.90410958904
 20
17794.520547945205
  0
LWPOLYLINE
  5
D4
330
17
100
AcDbEntity
  8
RASTER_CONTOURS
100
AcDbPolyline
 90
7
 70
1
 10
29013.698630136983
 20
17958.90410958904
 10
28726.027397260274
 20
17753.424657534244
 10
28438.35616438356
 20
17671.23287671233
 10
28397.260273972603
 20
17589.04109589041
 10
28520.54794520548
 20
17547.94520547945
 10
28849.31506849315
 20
17712.328767123287
 10
29013.698630136983
 20
17835.616438356163
  0
LWPOLYLINE
  5
D5
330
17
100
AcDbEntity
  8
RASTER_CONTOURS
100
AcDbPolyline
 90
6
 70
1
 10
13602.739726027396
 20
17958.90410958904
 10
13520.547945205479
 20
17753.424657534244
 10
13315.068493150684
 20
17589.04109589041
 10
13273.972602739725
 20
17506.84931506849
 10
13397.260273972603
 20
17506.84931506849
 10
13561.643835616438
 20
17671.23287671233
  0
LWPOLYLINE
  5
D6
330
17
100
AcDbEntity
  8
RASTER_CONTOURS
100
AcDbPolyline
 90
12
 70
1
 10
55356.16438356164
 20
17958.90410958904
 10
55397.2602739726
 20
17876.712328767124
 10
55479.452054794514
 20
17876.712328767124
 10
55602.739726027394
 20
17958.90410958904
 10
55726.02739726027
 20
17917.80821917808
 10
56342.46575342465
 20
17917.80821917808
 10
56301.36986301369
 20
18000.0
 10
56095.8904109589
 20
18000.0
 10
56054.79452054794
 20
17958.90410958904
 10
55561.643835616436
 20
17958.90410958904
 10
55520.54794520548
 20
18000.0
 10
55397.2602739726
 20
18000.0
  0
LWPOLYLINE
  5
D7
330
17
100
AcDbEntity
  8
RASTER_CONTOURS
100
AcDbPolyline
 90
8
 70
1
 10
45493.150684931505
 20
17958.90410958904
 10
45575.34246575342
 20
18041.095890410958
 10
45945.20547945205
 20
18041.095890410958
 10
45986.30136986301
 20
18000.0
 10
45986.30136986301
 20
17753.424657534244
 10
45904.109589041094
 20
17671.23287671233
 10
45575.34246575342
 20
17671.23287671233
 10
45493.150684931505
 20
17753.424657534244
  0
LWPOLYLINE
  5
D8
330
17
100
AcDbEntity
  8
RASTER_CONTOURS
100
AcDbPolyline
 90
14
 70
1
 10
42534.24657534246
 20
18000.0
 10
42575.34246575342
 20
17917.80821917808
 10
42945.20547945205
 20
17917.80821917808
 10
42986.30136986301
 20
17876.712328767124
 10
42986.30136986301
 20
17794.520547945205
 10
42904.109589041094
 20
17753.424657534244
 10
42821.91780821917
 20
17630.136986301368
 10
42657.53424657534
 20
17547.94520547945
 10
42698.6301369863
 20
17506.84931506849
 10
42821.91780821917
 20
17506.84931506849
 10
43150.68493150685
 20
17876.712328767124
 10
43150.68493150685
 20
18000.0
 10
43109.58904109589
 20
18041.095890410958
 10
42575.34246575342
 20
18041.095890410958
  0
LWPOLYLINE
  5
D9
330
17
100
AcDbEntity
  8
RASTER_CONTOURS
100
AcDbPolyline
 90
11
 70
1
 10
53013.69863013698
 20
18041.095890410958
 10
53095.8904109589
 20
17917.80821917808
 10
53630.13698630137
 20
17958.90410958904
 10
53671.232876712325
 20
18000.0
 10
53917.80821917808
 20
17958.90410958904
 10
53917.80821917808
 20
18041.095890410958
 10
53794.520547945205
 20
18041.095890410958
 10
53753.42465753424
 20
18000.0
 10
53424.65753424657
 20
18000.0
 10
53219.17808219178
 20
18082.191780821915
 10
53054.79452054794
 20
18082.191780821915
  0
LWPOLYLINE
  5
DA
330
17
100
AcDbEntity
  8
RASTER_CONTOURS
100
AcDbPolyline
 90
11
 70
1
 10
27000.0
 20
18082.191780821915
 10
26465.753424657534
 20
18041.095890410958
 10
26465.753424657534
 20
17958.90410958904
 10
26876.71232876712
 20
17958.90410958904
 10
26917.80821917808
 20
17917.80821917808
 10
26917.80821917808
 20
17835.616438356163
 10
26589.04109589041
 20
17589.04109589041
 10
26630.136986301368
 20
17506.84931506849
 10
26835.616438356163
 20
17589.04109589041
 10
27000.0
 20
17794.520547945205
 10
27082.191780821915
 20
17958.90410958904
  0
LWPOLYLINE
  5
DB
330
17
100
AcDbEntity
  8
RASTER_CONTOURS
100
AcDbPolyline
 90
8
 70
1
 10
56506.84931506849
 20
17958.90410958904
 10
56547.945205479446
 20
17876.712328767124
 10
56835.61643835616
 20
17712.328767123287
 10
56917.80821917808
 20
17712.328767123287
 10
56958.904109589035
 20
17794.520547945205
 10
56958.904109589035
 20
18082.191780821915
 10
56917.80821917808
 20
18164.383561643834
 10
56835.61643835616
 20
18164.383561643834
  0
LWPOLYLINE
  5
DC
330
17
100
AcDbEntity
  8
RASTER_CONTOURS
100
AcDbPolyline
 90
21
 70
1
 10
46438.35616438356
 20
18164.383561643834
 10
46438.35616438356
 20
17917.80821917808
 10
46397.2602739726
 20
17876.712328767124
 10
46438.35616438356
 20
17835.616438356163
 10
46397.2602739726
 20
17753.424657534244
 10
46438.35616438356
 20
17506.84931506849
 10
46520.54794520548
 20
17465.753424657534
 10
46931.50684931507
 20
17465.753424657534
 10
47013.69863013698
 20
17547.94520547945
 10
46931.50684931507
 20
17589.04109589041
 10
46602.739726027394
 20
17547.94520547945
 10
46520.54794520548
 20
17630.136986301368
 10
46520.54794520548
 20
17753.424657534244
 10
46684.93150684931
 20
17876.712328767124
 10
46931.50684931507
 20
17917.80821917808
 10
46972.602739726026
 20
18000.0
 10
46890.4109589041
 20
18041.095890410958
 10
46767.12328767123
 20
17958.90410958904
 10
46561.643835616436
 20
17917.80821917808
 10
46520.54794520548
 20
17958.90410958904
 10
46520.54794520548
 20
18123.287671232876
  0
LWPOLYLINE
  5
DD
330
17
100
AcDbEntity
  8
RASTER_CONTOURS
100
AcDbPolyline
 90
12
 70
1
 10
45410.95890410959
 20
18123.287671232876
 10
45410.95890410959
 20
17547.94520547945
 10
45739.72602739726
 20
17547.94520547945
 10
45780.821917808214
 20
17589.04109589041
 10
45863.01369863014
 20
17589.04109589041
 10
45986.30136986301
 20
17506.84931506849
 10
46068.49315068493
 20
17547.94520547945
 10
46068.49315068493
 20
18123.287671232876
 10
46027.39726027397
 20
18164.383561643834
 10
45945.20547945205
 20
18123.287671232876
 10
45904.109589041094
 20
18164.383561643834
 10
45493.150684931505
 20
18164.383561643834
  0
LWPOLYLINE
  5
DE
330
17
100
AcDbEntity
  8
RASTER_CONTOURS
100
AcDbPolyline
 90
52
 70
1
 10
20876.71232876712
 20
18164.383561643834
 10
21082.191780821915
 20
18164.383561643834
 10
21123.287671232876
 20
18205.479452054795
 10
21698.6301369863
 20
18164.383561643834
 10
21739.72602739726
 20
18205.479452054795
 10
21904.109589041094
 20
18205.479452054795
 10
21945.20547945205
 20
18164.383561643834
 10
22397.260273972603
 20
18164.383561643834
 10
22438.35616438356
 20
18123.287671232876
 10
22438.35616438356
 20
17424.657534246573
 10
22356.16438356164
 20
17342.465753424658
 10
21945.20547945205
 20
17342.465753424658
 10
21904.109589041094
 20
17301.369863013697
 10
21904.109589041094
 20
12041.095890410958
 10
21863.013698630137
 20
12000.0
 10
21945.20547945205
 20
11835.616438356163
 10
22397.260273972603
 20
11835.616438356163
 10
22438.35616438356
 20
11794.520547945205
 10
22397.260273972603
 20
11671.232876712327
 10
21904.109589041094
 20
11671.232876712327
 10
21863.013698630137
 20
11424.657534246575
 10
21904.109589041094
 20
11383.561643835616
 10
21863.013698630137
 20
11342.465753424656
 10
21904.109589041094
 20
11219.17808219178
 10
21904.109589041094
 20
10849.31506849315
 10
21863.013698630137
 20
10808.21917808219
 10
21904.109589041094
 20
10684.931506849314
 10
21904.109589041094
 20
10315.068493150684
 10
21945.20547945205
 20
10273.972602739725
 10
22356.16438356164
 20
10273.972602739725
 10
22438.35616438356
 20
10191.780821917808
 10
22438.35616438356
 20
9863.013698630137
 10
22479.452054794518
 20
9821.917808219177
 10
24041.095890410958
 20
9821.917808219177
 10
24164.383561643834
 20
9904.109589041096
 10
24246.575342465752
 20
9821.917808219177
 10
24164.383561643834
 20
9657.534246575342
 10
21821.917808219176
 20
9657.534246575342
 10
21739.72602739726
 20
9739.726027397259
 10
21739.72602739726
 20
11465.753424657534
 10
21698.6301369863
 20
11506.849315068492
 10
21698.6301369863
 20
11753.424657534246
 10
21739.72602739726
 20
11794.520547945205
 10
21739.72602739726
 20
16890.410958904107
 10
21698.6301369863
 20
16931.50684931507
 10
21739.72602739726
 20
17095.890410958902
 10
21698.6301369863
 20
17178.08219178082
 10
21739.72602739726
 20
17260.27397260274
 10
21698.6301369863
 20
17342.465753424658
 10
20876.71232876712
 20
17342.465753424658
 10
20794.520547945205
 20
17424.657534246573
 10
20794.520547945205
 20
18041.095890410958
  0
LWPOLYLINE
  5
DF
330
17
100
AcDbEntity
  8
RASTER_CONTOURS
100
AcDbPolyline
 90
17
 70
1
 10
44547.945205479446
 20
18164.383561643834
 10
44547.945205479446
 20
18123.287671232876
 10
44630.13698630137
 20
18082.191780821915
 10
44794.520547945205
 20
18082.191780821915
 10
44835.61643835616
 20
17958.90410958904
 10
44424.65753424657
 20
17589.04109589041
 10
44547.945205479446
 20
17547.94520547945
 10
44835.61643835616
 20
17753.424657534244
 10
45041.09589041096
 20
17506.84931506849
 10
45082.191780821915
 20
17547.94520547945
 10
45082.191780821915
 20
17671.23287671233
 10
44917.80821917808
 20
17835.616438356163
 10
44917.80821917808
 20
17958.90410958904
 10
45000.0
 20
18041.095890410958
 10
45000.0
 20
18164.383561643834
 10
44917.80821917808
 20
18205.479452054795
 10
44630.13698630137
 20
18205.479452054795
  0
LWPOLYLINE
  5
E0
330
17
100
AcDbEntity
  8
RASTER_CONTOURS
100
AcDbPolyline
 90
18
 70
1
 10
39657.53424657534
 20
18164.383561643834
 10
39698.6301369863
 20
18082.191780821915
 10
39821.91780821917
 20
18082.191780821915
 10
39863.01369863014
 20
18041.095890410958
 10
39863.01369863014
 20
17753.424657534244
 10
39780.821917808214
 20
17671.23287671233
 10
39575.34246575342
 20
17671.23287671233
 10
39575.34246575342
 20
17589.04109589041
 10
40191.780821917804
 20
17589.04109589041
 10
40232.87671232876
 20
17671.23287671233
 10
40068.49315068493
 20
17671.23287671233
 10
39945.20547945205
 20
17794.520547945205
 10
39945.20547945205
 20
18000.0
 10
40027.39726027397
 20
18082.191780821915
 10
40109.58904109589
 20
18082.191780821915
 10
40150.68493150685
 20
18164.383561643834
 10
39904.109589041094
 20
18164.383561643834
 10
39863.01369863014
 20
18205.479452054795
  0
LWPOLYLINE
  5
E1
330
17
100
AcDbEntity
  8
RASTER_CONTOURS
100
AcDbPolyline
 90
5
 70
1
 10
42616.43835616438
 20
18205.479452054795
 10
42904.109589041094
 20
18123.287671232876
 10
43027.39726027397
 20
18164.383561643834
 10
43027.39726027397
 20
18246.575342465752
 10
42657.53424657534
 20
18246.575342465752
  0
LWPOLYLINE
  5
E2
330
17
100
AcDbEntity
  8
RASTER_CONTOURS
100
AcDbPolyline
 90
13
 70
1
 10
41794.520547945205
 20
18246.575342465752
 10
41753.42465753424
 20
18205.479452054795
 10
41753.42465753424
 20
17547.94520547945
 10
41794.520547945205
 20
17506.84931506849
 10
41835.61643835616
 20
17547.94520547945
 10
41835.61643835616
 20
17835.616438356163
 10
41876.71232876712
 20
17876.712328767124
 10
42123.28767123287
 20
17753.424657534244
 10
42164.38356164383
 20
17794.520547945205
 10
42082.191780821915
 20
17917.80821917808
 10
41958.904109589035
 20
17958.90410958904
 10
41835.61643835616
 20
18082.191780821915
 10
41835.61643835616
 20
18205.479452054795
  0
LWPOLYLINE
  5
E3
330
17
100
AcDbEntity
  8
RASTER_CONTOURS
100
AcDbPolyline
 90
12
 70
1
 10
14383.561643835616
 20
18246.575342465752
 10
14301.369863013697
 20
18246.575342465752
 10
14260.27397260274
 20
18164.383561643834
 10
14301.369863013697
 20
17547.94520547945
 10
14383.561643835616
 20
17589.04109589041
 10
14383.561643835616
 20
17835.616438356163
 10
14424.657534246575
 20
17876.712328767124
 10
14506.849315068492
 20
17876.712328767124
 10
14630.13698630137
 20
17794.520547945205
 10
14671.232876712327
 20
17835.616438356163
 10
14589.04109589041
 20
17958.90410958904
 10
14383.561643835616
 20
18082.191780821915
  0
LWPOLYLINE
  5
E4
330
17
100
AcDbEntity
  8
RASTER_CONTOURS
100
AcDbPolyline
 90
19
 70
1
 10
27739.726027397257
 20
18287.67123287671
 10
27575.342465753423
 20
18123.287671232876
 10
27452.054794520547
 20
18123.287671232876
 10
27410.958904109586
 20
18082.191780821915
 10
27410.958904109586
 20
17835.616438356163
 10
27493.150684931505
 20
17876.712328767124
 10
27493.150684931505
 20
17958.90410958904
 10
27575.342465753423
 20
18041.095890410958
 10
27904.109589041094
 20
18041.095890410958
 10
27945.20547945205
 20
18000.0
 10
27904.109589041094
 20
17794.520547945205
 10
27657.534246575342
 20
17506.84931506849
 10
27780.821917808218
 20
17506.84931506849
 10
27945.20547945205
 20
17671.23287671233
 10
28027.39726027397
 20
17958.90410958904
 10
28027.39726027397
 20
18123.287671232876
 10
27986.301369863013
 20
18164.383561643834
 10
27904.109589041094
 20
18123.287671232876
 10
27821.917808219176
 20
18164.383561643834
  0
LWPOLYLINE
  5
E5
330
17
100
AcDbEntity
  8
RASTER_CONTOURS
100
AcDbPolyline
 90
6
 70
1
 10
26547.94520547945
 20
18246.575342465752
 10
26589.04109589041
 20
18164.383561643834
 10
26876.71232876712
 20
18164.383561643834
 10
26958.90410958904
 20
18205.479452054795
 10
26876.71232876712
 20
18287.67123287671
 10
26630.136986301368
 20
18287.67123287671
  0
LWPOLYLINE
  5
E6
330
17
100
AcDbEntity
  8
RASTER_CONTOURS
100
AcDbPolyline
 90
23
 70
1
 10
12821.917808219177
 20
18328.76712328767
 10
12698.630136986301
 20
18287.67123287671
 10
12698.630136986301
 20
18164.383561643834
 10
12657.534246575342
 20
18123.287671232876
 10
12575.342465753423
 20
18123.287671232876
 10
12452.054794520547
 20
18041.095890410958
 10
12246.575342465752
 20
18041.095890410958
 10
12205.479452054793
 20
18082.191780821915
 10
12246.575342465752
 20
18205.479452054795
 10
12164.383561643835
 20
18287.67123287671
 10
12123.287671232876
 20
18246.575342465752
 10
12123.287671232876
 20
17671.23287671233
 10
12205.479452054793
 20
17547.94520547945
 10
12698.630136986301
 20
17547.94520547945
 10
12739.726027397259
 20
17589.04109589041
 10
12698.630136986301
 20
17671.23287671233
 10
12287.671232876712
 20
17671.23287671233
 10
12205.479452054793
 20
17753.424657534244
 10
12205.479452054793
 20
17835.616438356163
 10
12287.671232876712
 20
17917.80821917808
 10
12657.534246575342
 20
18000.0
 10
12698.630136986301
 20
18082.191780821915
 10
12821.917808219177
 20
18164.383561643834
  0
LWPOLYLINE
  5
E7
330
17
100
AcDbEntity
  8
RASTER_CONTOURS
100
AcDbPolyline
 90
10
 70
1
 10
58726.02739726027
 20
18493.150684931505
 10
58726.02739726027
 20
18328.76712328767
 10
58808.21917808219
 20
18369.86301369863
 10
59260.273972602736
 20
18369.86301369863
 10
59342.46575342465
 20
18410.95890410959
 10
59260.273972602736
 20
18493.150684931505
 10
59178.08219178082
 20
18452.054794520547
 10
59054.79452054794
 20
18493.150684931505
 10
58890.4109589041
 20
18493.150684931505
 10
58849.315068493146
 20
18452.054794520547
  0
LWPOLYLINE
  5
E8
330
17
100
AcDbEntity
  8
RASTER_CONTOURS
100
AcDbPolyline
 90
8
 70
1
 10
5712.328767123287
 20
18986.301369863013
 10
5506.849315068493
 20
18945.20547945205
 10
5589.04109589041
 20
18821.917808219176
 10
5547.945205479452
 20
18616.43835616438
 10
5753.424657534246
 20
18616.43835616438
 10
5712.328767123287
 20
18657.534246575342
 10
5712.328767123287
 20
18780.821917808218
 10
5753.424657534246
 20
18821.917808219176
  0
LWPOLYLINE
  5
E9
330
17
100
AcDbEntity
  8
RASTER_CONTOURS
100
AcDbPolyline
 90
6
 70
1
 10
33164.38356164383
 20
19890.410958904107
 10
33287.67123287671
 20
19808.219178082192
 10
33287.67123287671
 20
15698.6301369863
 10
33205.479452054795
 20
15616.438356164383
 10
33082.191780821915
 20
15698.6301369863
 10
33082.191780821915
 20
19808.219178082192
  0
LWPOLYLINE
  5
EA
330
17
100
AcDbEntity
  8
RASTER_CONTOURS
100
AcDbPolyline
 90
8
 70
1
 10
33082.191780821915
 20
20712.328767123287
 10
33287.67123287671
 20
20712.328767123287
 10
33410.95890410959
 20
20589.04109589041
 10
33452.05479452055
 20
20465.753424657534
 10
33287.67123287671
 20
20260.27397260274
 10
33041.09589041096
 20
20260.27397260274
 10
32917.80821917808
 20
20424.657534246573
 10
32917.80821917808
 20
20547.94520547945
  0
LWPOLYLINE
  5
EB
330
17
100
AcDbEntity
  8
RASTER_CONTOURS
100
AcDbPolyline
 90
44
 70
1
 10
33123.28767123287
 20
20794.520547945205
 10
32917.80821917808
 20
20671.23287671233
 10
32917.80821917808
 20
20547.94520547945
 10
32876.71232876712
 20
20506.84931506849
 10
32958.90410958904
 20
20260.27397260274
 10
33041.09589041096
 20
20219.17808219178
 10
33164.38356164383
 20
20054.794520547945
 10
33000.0
 20
19849.31506849315
 10
33000.0
 20
19684.931506849312
 10
33041.09589041096
 20
19643.835616438355
 10
33000.0
 20
19561.643835616436
 10
33000.0
 20
18164.383561643834
 10
33041.09589041096
 20
18123.287671232876
 10
33041.09589041096
 20
17876.712328767124
 10
33000.0
 20
17835.616438356163
 10
33000.0
 20
15575.342465753423
 10
33123.28767123287
 20
15493.150684931506
 10
33123.28767123287
 20
15369.863013698628
 10
32917.80821917808
 20
15205.479452054793
 10
32876.71232876712
 20
15123.287671232876
 10
32876.71232876712
 20
14917.808219178081
 10
32917.80821917808
 20
14835.616438356163
 10
33041.09589041096
 20
14753.424657534246
 10
33287.67123287671
 20
14753.424657534246
 10
33369.863013698625
 20
14794.520547945205
 10
33452.05479452055
 20
14917.808219178081
 10
33452.05479452055
 20
15123.287671232876
 10
33205.479452054795
 20
15410.958904109588
 10
33205.479452054795
 20
15493.150684931506
 10
33328.76712328767
 20
15534.246575342464
 10
33369.863013698625
 20
15616.438356164383
 10
33328.76712328767
 20
15698.6301369863
 10
33328.76712328767
 20
15986.301369863013
 10
33493.150684931505
 20
16150.684931506848
 10
33493.150684931505
 20
19397.260273972603
 10
33410.95890410959
 20
19438.35616438356
 10
33328.76712328767
 20
19561.643835616436
 10
33369.863013698625
 20
19808.219178082192
 10
33328.76712328767
 20
19931.50684931507
 10
33205.479452054795
 20
20013.698630136983
 10
33205.479452054795
 20
20095.890410958902
 10
33452.05479452055
 20
20342.465753424654
 10
33452.05479452055
 20
20630.136986301368
 10
33328.76712328767
 20
20753.424657534244
  0
LWPOLYLINE
  5
EC
330
17
100
AcDbEntity
  8
RASTER_CONTOURS
100
AcDbPolyline
 90
9
 70
1
 10
54863.01369863014
 20
20917.80821917808
 10
55109.58904109589
 20
20917.80821917808
 10
55191.780821917804
 20
20835.616438356163
 10
55191.780821917804
 20
20054.794520547945
 10
55109.58904109589
 20
19890.410958904107
 10
54904.109589041094
 20
19890.410958904107
 10
54821.91780821917
 20
19972.602739726026
 10
54821.91780821917
 20
20547.94520547945
 10
54780.821917808214
 20
20671.23287671233
  0
LWPOLYLINE
  5
ED
330
17
100
AcDbEntity
  8
RASTER_CONTOURS
100
AcDbPolyline
 90
18
 70
1
 10
53630.13698630137
 20
20917.80821917808
 10
53424.65753424657
 20
20917.80821917808
 10
53383.561643835616
 20
20876.71232876712
 10
53260.273972602736
 20
20876.71232876712
 10
53095.8904109589
 20
20958.90410958904
 10
53013.69863013698
 20
20917.80821917808
 10
53013.69863013698
 20
20794.520547945205
 10
53054.79452054794
 20
20753.424657534244
 10
53054.79452054794
 20
19890.410958904107
 10
53013.69863013698
 20
19849.31506849315
 10
53013.69863013698
 20
19726.027397260274
 10
53054.79452054794
 20
19684.931506849312
 10
53178.08219178082
 20
19684.931506849312
 10
53178.08219178082
 20
19808.219178082192
 10
53136.986301369856
 20
19849.31506849315
 10
53136.986301369856
 20
20712.328767123287
 10
53260.273972602736
 20
20835.616438356163
 10
53630.13698630137
 20
20753.424657534244
  0
LWPOLYLINE
  5
EE
330
17
100
AcDbEntity
  8
RASTER_CONTOURS
100
AcDbPolyline
 90
22
 70
1
 10
55438.35616438356
 20
21041.095890410958
 10
55684.93150684931
 20
21041.095890410958
 10
55890.4109589041
 20
20753.424657534244
 10
56054.79452054794
 20
20753.424657534244
 10
56136.986301369856
 20
20671.23287671233
 10
56095.8904109589
 20
20547.94520547945
 10
56136.986301369856
 20
20136.986301369863
 10
56013.69863013698
 20
20013.698630136983
 10
55849.315068493146
 20
20054.794520547945
 10
55808.21917808219
 20
20013.698630136983
 10
55808.21917808219
 20
19890.410958904107
 10
55726.02739726027
 20
19808.219178082192
 10
55438.35616438356
 20
19808.219178082192
 10
55356.16438356164
 20
19767.12328767123
 10
55232.87671232876
 20
19931.50684931507
 10
55273.97260273972
 20
19972.602739726026
 10
55273.97260273972
 20
20219.17808219178
 10
55232.87671232876
 20
20260.27397260274
 10
55273.97260273972
 20
20589.04109589041
 10
55232.87671232876
 20
20630.136986301368
 10
55232.87671232876
 20
20835.616438356163
 10
55273.97260273972
 20
20917.80821917808
  0
LWPOLYLINE
  5
EF
330
17
100
AcDbEntity
  8
RASTER_CONTOURS
100
AcDbPolyline
 90
23
 70
1
 10
54698.6301369863
 20
20958.90410958904
 10
54616.43835616438
 20
20835.616438356163
 10
54698.6301369863
 20
20630.136986301368
 10
54698.6301369863
 20
19890.410958904107
 10
54739.72602739726
 20
19849.31506849315
 10
55068.493150684924
 20
19849.31506849315
 10
55356.16438356164
 20
19643.835616438355
 10
55767.12328767123
 20
19643.835616438355
 10
55849.315068493146
 20
19684.931506849312
 10
55849.315068493146
 20
19808.219178082192
 10
55972.602739726026
 20
19972.602739726026
 10
56136.986301369856
 20
19972.602739726026
 10
56219.17808219178
 20
20095.890410958902
 10
56219.17808219178
 20
20219.17808219178
 10
56178.08219178082
 20
20260.27397260274
 10
56219.17808219178
 20
20342.465753424654
 10
56178.08219178082
 20
20465.753424657534
 10
56178.08219178082
 20
20835.616438356163
 10
55931.50684931507
 20
20876.71232876712
 10
55849.315068493146
 20
21123.287671232876
 10
55315.068493150684
 20
21123.287671232876
 10
55150.68493150685
 20
21000.0
 10
54821.91780821917
 20
21000.0
  0
LWPOLYLINE
  5
F0
330
17
100
AcDbEntity
  8
RASTER_CONTOURS
100
AcDbPolyline
 90
13
 70
1
 10
21287.67123287671
 20
21616.43835616438
 10
21205.479452054795
 20
21534.246575342466
 10
21246.575342465752
 20
21452.054794520547
 10
21164.383561643834
 20
21369.86301369863
 10
21164.383561643834
 20
21246.575342465752
 10
21205.479452054795
 20
21205.479452054795
 10
21452.054794520547
 20
21205.479452054795
 10
21493.150684931505
 20
21287.67123287671
 10
21410.958904109586
 20
21369.86301369863
 10
21410.958904109586
 20
21452.054794520547
 10
21493.150684931505
 20
21493.150684931505
 10
21534.246575342466
 20
21575.342465753423
 10
21493.150684931505
 20
21616.43835616438
  0
LWPOLYLINE
  5
F1
330
17
100
AcDbEntity
  8
RASTER_CONTOURS
100
AcDbPolyline
 90
7
 70
1
 10
20630.136986301368
 20
21616.43835616438
 10
20835.616438356163
 20
21534.246575342466
 10
20876.71232876712
 20
21575.342465753423
 10
21000.0
 20
21575.342465753423
 10
21041.095890410958
 20
21534.246575342466
 10
21082.191780821915
 20
21575.342465753423
 10
21041.095890410958
 20
21616.43835616438
  0
LWPOLYLINE
  5
F2
330
17
100
AcDbEntity
  8
RASTER_CONTOURS
100
AcDbPolyline
 90
5
 70
1
 10
18616.43835616438
 20
22767.12328767123
 10
18493.150684931505
 20
22726.027397260274
 10
18452.054794520547
 20
22561.643835616436
 10
18534.246575342466
 20
22561.643835616436
 10
18616.43835616438
 20
22684.931506849312
  0
LWPOLYLINE
  5
F3
330
17
100
AcDbEntity
  8
RASTER_CONTOURS
100
AcDbPolyline
 90
6
 70
1
 10
38383.561643835616
 20
23383.561643835616
 10
38424.65753424657
 20
23424.657534246573
 10
38671.232876712325
 20
23424.657534246573
 10
38753.42465753424
 20
23301.369863013697
 10
38712.32876712328
 20
23260.27397260274
 10
38424.65753424657
 20
23260.27397260274
  0
LWPOLYLINE
  5
F4
330
17
100
AcDbEntity
  8
RASTER_CONTOURS
100
AcDbPolyline
 90
6
 70
1
 10
37479.45205479452
 20
23342.465753424654
 10
37561.643835616436
 20
23424.657534246573
 10
37849.315068493146
 20
23424.657534246573
 10
37890.4109589041
 20
23383.561643835616
 10
37849.315068493146
 20
23260.27397260274
 10
37561.643835616436
 20
23260.27397260274
  0
LWPOLYLINE
  5
F5
330
17
100
AcDbEntity
  8
RASTER_CONTOURS
100
AcDbPolyline
 90
6
 70
1
 10
36493.150684931505
 20
23342.465753424654
 10
36575.34246575342
 20
23424.657534246573
 10
36986.30136986301
 20
23424.657534246573
 10
37027.39726027397
 20
23383.561643835616
 10
36986.30136986301
 20
23260.27397260274
 10
36575.34246575342
 20
23260.27397260274
  0
LWPOLYLINE
  5
F6
330
17
100
AcDbEntity
  8
RASTER_CONTOURS
100
AcDbPolyline
 90
2
 70
1
 10
-41.0958904109589
 20
23383.561643835616
 10
-41.0958904109589
 20
22438.35616438356
  0
LWPOLYLINE
  5
F7
330
17
100
AcDbEntity
  8
RASTER_CONTOURS
100
AcDbPolyline
 90
6
 70
1
 10
49438.35616438356
 20
23424.657534246573
 10
49397.2602739726
 20
23342.465753424654
 10
49438.35616438356
 20
23095.890410958902
 10
49684.93150684931
 20
23136.986301369863
 10
49726.02739726027
 20
23342.465753424654
 10
49643.83561643835
 20
23424.657534246573
  0
LWPOLYLINE
  5
F8
330
17
100
AcDbEntity
  8
RASTER_CONTOURS
100
AcDbPolyline
 90
8
 70
1
 10
47342.46575342465
 20
23424.657534246573
 10
47301.36986301369
 20
23219.17808219178
 10
47383.561643835616
 20
23136.986301369863
 10
47506.84931506849
 20
23136.986301369863
 10
47547.945205479446
 20
23095.890410958902
 10
47589.04109589041
 20
23136.986301369863
 10
47589.04109589041
 20
23383.561643835616
 10
47547.945205479446
 20
23424.657534246573
  0
LWPOLYLINE
  5
F9
330
17
100
AcDbEntity
  8
RASTER_CONTOURS
100
AcDbPolyline
 90
7
 70
1
 10
38835.61643835616
 20
23506.84931506849
 10
38917.80821917808
 20
23589.04109589041
 10
39082.191780821915
 20
23589.04109589041
 10
39123.28767123287
 20
23547.94520547945
 10
39123.28767123287
 20
23465.753424657534
 10
39041.09589041096
 20
23383.561643835616
 10
38917.80821917808
 20
23383.561643835616
  0
LWPOLYLINE
  5
FA
330
17
100
AcDbEntity
  8
RASTER_CONTOURS
100
AcDbPolyline
 90
6
 70
1
 10
37931.50684931507
 20
23547.94520547945
 10
37972.602739726026
 20
23589.04109589041
 10
38260.273972602736
 20
23589.04109589041
 10
38301.36986301369
 20
23506.84931506849
 10
38178.08219178082
 20
23383.561643835616
 10
38013.69863013698
 20
23424.657534246573
  0
LWPOLYLINE
  5
FB
330
17
100
AcDbEntity
  8
RASTER_CONTOURS
100
AcDbPolyline
 90
6
 70
1
 10
37109.58904109589
 20
23465.753424657534
 10
37150.68493150685
 20
23589.04109589041
 10
37397.2602739726
 20
23589.04109589041
 10
37438.35616438356
 20
23547.94520547945
 10
37315.068493150684
 20
23383.561643835616
 10
37191.780821917804
 20
23383.561643835616
  0
LWPOLYLINE
  5
FC
330
17
100
AcDbEntity
  8
RASTER_CONTOURS
100
AcDbPolyline
 90
6
 70
1
 10
44301.36986301369
 20
23712.328767123287
 10
44424.65753424657
 20
23547.94520547945
 10
44424.65753424657
 20
23342.465753424654
 10
44342.46575342466
 20
23260.27397260274
 10
44219.17808219178
 20
23342.465753424654
 10
44219.17808219178
 20
23671.232876712325
  0
LWPOLYLINE
  5
FD
330
17
100
AcDbEntity
  8
RASTER_CONTOURS
100
AcDbPolyline
 90
6
 70
1
 10
53136.986301369856
 20
24164.383561643834
 10
53219.17808219178
 20
24082.191780821915
 10
53219.17808219178
 20
23958.90410958904
 10
53095.8904109589
 20
23876.71232876712
 10
53054.79452054794
 20
23917.80821917808
 10
53054.79452054794
 20
24082.191780821915
  0
LWPOLYLINE
  5
FE
330
17
100
AcDbEntity
  8
RASTER_CONTOURS
100
AcDbPolyline
 90
8
 70
1
 10
53013.69863013698
 20
24246.575342465752
 10
52972.602739726026
 20
24164.383561643834
 10
52972.602739726026
 20
23876.71232876712
 10
53013.69863013698
 20
23794.520547945205
 10
53260.273972602736
 20
23794.520547945205
 10
53260.273972602736
 20
24082.191780821915
 10
53342.46575342465
 20
24205.47945205479
 10
53260.273972602736
 20
24246.575342465752
  0
LWPOLYLINE
  5
FF
330
17
100
AcDbEntity
  8
RASTER_CONTOURS
100
AcDbPolyline
 90
7
 70
1
 10
57698.6301369863
 20
24410.958904109586
 10
57657.53424657534
 20
24369.86301369863
 10
57657.53424657534
 20
24246.575342465752
 10
57698.6301369863
 20
24205.47945205479
 10
57657.53424657534
 20
24082.191780821915
 10
57780.821917808214
 20
24082.191780821915
 10
57780.821917808214
 20
24410.958904109586
  0
LWPOLYLINE
  5
100
330
17
100
AcDbEntity
  8
RASTER_CONTOURS
100
AcDbPolyline
 90
22
 70
1
 10
59342.46575342465
 20
24452.054794520547
 10
59301.36986301369
 20
24410.958904109586
 10
59301.36986301369
 20
24000.0
 10
59342.46575342465
 20
23958.90410958904
 10
59260.273972602736
 20
23876.71232876712
 10
58808.21917808219
 20
23917.80821917808
 10
58767.12328767123
 20
23876.71232876712
 10
58520.54794520548
 20
23876.71232876712
 10
58438.35616438356
 20
23835.616438356163
 10
58438.35616438356
 20
23794.520547945205
 10
58684.93150684931
 20
23712.328767123287
 10
58808.21917808219
 20
23753.424657534244
 10
59178.08219178082
 20
23753.424657534244
 10
59260.273972602736
 20
23671.232876712325
 10
59506.84931506849
 20
23753.424657534244
 10
59547.945205479446
 20
23835.616438356163
 10
59506.84931506849
 20
23876.71232876712
 10
59424.65753424657
 20
23835.616438356163
 10
59342.46575342465
 20
23917.80821917808
 10
59342.46575342465
 20
24041.095890410958
 10
59383.561643835616
 20
24082.191780821915
 10
59383.561643835616
 20
24369.86301369863
  0
LWPOLYLINE
  5
101
330
17
100
AcDbEntity
  8
RASTER_CONTOURS
100
AcDbPolyline
 90
4
 70
1
 10
58602.739726027394
 20
24452.054794520547
 10
58520.54794520548
 20
24287.67123287671
 10
58561.643835616436
 20
24082.191780821915
 10
58602.739726027394
 20
24082.191780821915
  0
LWPOLYLINE
  5
102
330
17
100
AcDbEntity
  8
RASTER_CONTOURS
100
AcDbPolyline
 90
4
 70
1
 10
19849.31506849315
 20
24698.6301369863
 10
19808.219178082192
 20
24657.534246575342
 10
19808.219178082192
 20
24369.86301369863
 10
19890.410958904107
 20
24534.246575342466
  0
LWPOLYLINE
  5
103
330
17
100
AcDbEntity
  8
RASTER_CONTOURS
100
AcDbPolyline
 90
14
 70
1
 10
58520.54794520548
 20
24698.6301369863
 10
58561.643835616436
 20
24616.43835616438
 10
58767.12328767123
 20
24616.43835616438
 10
58808.21917808219
 20
24575.342465753423
 10
59054.79452054794
 20
24575.342465753423
 10
59219.17808219178
 20
24657.534246575342
 10
59342.46575342465
 20
24575.342465753423
 10
59547.945205479446
 20
24657.534246575342
 10
59547.945205479446
 20
24698.6301369863
 10
59424.65753424657
 20
24698.6301369863
 10
59383.561643835616
 20
24739.726027397257
 10
59178.08219178082
 20
24739.726027397257
 10
59136.986301369856
 20
24698.6301369863
 10
58561.643835616436
 20
24739.726027397257
  0
LWPOLYLINE
  5
104
330
17
100
AcDbEntity
  8
RASTER_CONTOURS
100
AcDbPolyline
 90
5
 70
1
 10
32136.98630136986
 20
24739.726027397257
 10
32095.890410958902
 20
24739.726027397257
 10
32095.890410958902
 20
24410.958904109586
 10
32054.794520547945
 20
24369.86301369863
 10
32136.98630136986
 20
24369.86301369863
  0
LWPOLYLINE
  5
105
330
17
100
AcDbEntity
  8
RASTER_CONTOURS
100
AcDbPolyline
 90
25
 70
1
 10
4232.876712328767
 20
24986.301369863013
 10
4890.410958904109
 20
24986.301369863013
 10
4931.506849315068
 20
25027.39726027397
 10
5095.890410958904
 20
25027.39726027397
 10
5136.986301369862
 20
24986.301369863013
 10
5630.13698630137
 20
24986.301369863013
 10
5876.712328767123
 20
24698.6301369863
 10
6205.479452054794
 20
24410.958904109586
 10
6657.534246575342
 20
23876.71232876712
 10
6657.534246575342
 20
23753.424657534244
 10
6410.958904109589
 20
23424.657534246573
 10
6328.767123287671
 20
23383.561643835616
 10
6246.575342465753
 20
23219.17808219178
 10
6164.3835616438355
 20
23178.08219178082
 10
6164.3835616438355
 20
23095.890410958902
 10
5589.04109589041
 20
22315.068493150684
 10
4356.164383561643
 20
22315.068493150684
 10
4273.9726027397255
 20
22479.452054794518
 10
4273.9726027397255
 20
22931.50684931507
 10
4232.876712328767
 20
22972.602739726026
 10
4232.876712328767
 20
24041.095890410958
 10
4191.780821917808
 20
24082.191780821915
 10
4191.780821917808
 20
24410.958904109586
 10
4150.684931506849
 20
24452.054794520547
 10
4150.684931506849
 20
24863.013698630137
  0
LWPOLYLINE
  5
106
330
17
100
AcDbEntity
  8
RASTER_CONTOURS
100
AcDbPolyline
 90
226
 70
1
 10
5630.13698630137
 20
25150.684931506847
 10
5753.424657534246
 20
25150.684931506847
 10
6123.287671232876
 20
24739.726027397257
 10
6246.575342465753
 20
24657.534246575342
 10
7109.58904109589
 20
23671.232876712325
 10
7191.780821917808
 20
23630.136986301368
 10
7849.31506849315
 20
22890.410958904107
 10
8095.890410958904
 20
22684.931506849312
 10
8260.27397260274
 20
22438.35616438356
 10
7643.835616438356
 20
21575.342465753423
 10
7191.780821917808
 20
20753.424657534244
 10
7191.780821917808
 20
20671.23287671233
 10
7109.58904109589
 20
20547.94520547945
 10
7068.493150684931
 20
20342.465753424654
 10
6945.2054794520545
 20
20136.986301369863
 10
6821.9178082191775
 20
19767.12328767123
 10
6821.9178082191775
 20
19602.739726027397
 10
6739.72602739726
 20
19479.452054794518
 10
6739.72602739726
 20
19315.068493150684
 10
6698.630136986301
 20
19273.972602739726
 10
6698.630136986301
 20
19109.58904109589
 10
6616.438356164384
 20
18863.013698630137
 10
6616.438356164384
 20
18493.150684931505
 10
6575.342465753424
 20
18452.054794520547
 10
6575.342465753424
 20
17835.616438356163
 10
6534.246575342465
 20
17794.520547945205
 10
6534.246575342465
 20
17630.136986301368
 10
6575.342465753424
 20
17589.04109589041
 10
6575.342465753424
 20
17219.17808219178
 10
6616.438356164384
 20
17178.08219178082
 10
6616.438356164384
 20
16808.219178082192
 10
6657.534246575342
 20
16767.12328767123
 10
6698.630136986301
 20
16356.164383561643
 10
6739.72602739726
 20
16315.068493150684
 10
6780.821917808219
 20
15986.301369863013
 10
6863.013698630137
 20
15821.917808219177
 10
6945.2054794520545
 20
15452.054794520547
 10
7027.397260273972
 20
15369.863013698628
 10
7027.397260273972
 20
15246.575342465752
 10
7150.684931506848
 20
14999.999999999998
 10
7150.684931506848
 20
14917.808219178081
 10
7315.068493150685
 20
14671.232876712327
 10
7315.068493150685
 20
14589.04109589041
 10
7438.356164383561
 20
14424.657534246575
 10
7479.45205479452
 20
14260.27397260274
 10
7602.7397260273965
 20
14136.986301369861
 10
7726.027397260274
 20
13890.410958904109
 10
7808.219178082191
 20
13849.31506849315
 10
7931.506849315068
 20
13561.643835616438
 10
8054.794520547945
 20
13479.45205479452
 10
8260.27397260274
 20
13150.684931506848
 10
8589.04109589041
 20
12780.821917808218
 10
9246.575342465752
 20
12246.575342465752
 10
9369.86301369863
 20
12082.191780821917
 10
9616.438356164383
 20
11958.90410958904
 10
10191.780821917808
 20
11547.945205479451
 10
11095.890410958904
 20
11136.986301369861
 10
11342.465753424656
 20
11095.890410958904
 10
11835.616438356163
 20
10890.410958904109
 10
12000.0
 20
10890.410958904109
 10
12123.287671232876
 20
10808.21917808219
 10
12616.438356164383
 20
10767.123287671233
 10
12657.534246575342
 20
10726.027397260274
 10
13027.397260273972
 20
10726.027397260274
 10
13068.49315068493
 20
10684.931506849314
 10
14342.465753424656
 20
10684.931506849314
 10
14383.561643835616
 20
10726.027397260274
 10
14671.232876712327
 20
10726.027397260274
 10
14712.328767123287
 20
10767.123287671233
 10
14917.808219178081
 20
10767.123287671233
 10
15328.767123287671
 20
10890.410958904109
 10
15493.150684931506
 20
10890.410958904109
 10
16191.780821917808
 20
11136.986301369861
 10
16232.876712328765
 20
11095.890410958904
 10
16232.876712328765
 20
10602.739726027397
 10
16191.780821917808
 20
10561.643835616438
 10
16232.876712328765
 20
10438.35616438356
 10
16191.780821917808
 20
10315.068493150684
 10
16232.876712328765
 20
10191.780821917808
 10
16232.876712328765
 20
7972.602739726027
 10
17876.712328767124
 20
7972.602739726027
 10
17917.80821917808
 20
8054.794520547945
 10
18041.095890410958
 20
8013.698630136986
 10
18041.095890410958
 20
7808.219178082191
 10
18000.0
 20
7767.123287671232
 10
17876.712328767124
 20
7808.219178082191
 10
16602.739726027397
 20
7808.219178082191
 10
16561.643835616436
 20
7849.31506849315
 10
16520.54794520548
 20
7808.219178082191
 10
16479.45205479452
 20
7849.31506849315
 10
16438.35616438356
 20
7808.219178082191
 10
16232.876712328765
 20
7808.219178082191
 10
16232.876712328765
 20
7684.931506849314
 10
16191.780821917808
 20
7643.835616438356
 10
16191.780821917808
 20
7479.45205479452
 10
16232.876712328765
 20
7438.356164383561
 10
16232.876712328765
 20
6698.630136986301
 10
16191.780821917808
 20
6657.534246575342
 10
16232.876712328765
 20
6575.342465753424
 10
16191.780821917808
 20
6534.246575342465
 10
16191.780821917808
 20
6246.575342465753
 10
16232.876712328765
 20
6205.479452054794
 10
16191.780821917808
 20
6123.287671232876
 10
16232.876712328765
 20
6082.191780821918
 10
16643.835616438355
 20
6082.191780821918
 10
16684.931506849312
 20
6041.095890410958
 10
16808.219178082192
 20
6082.191780821918
 10
17095.890410958902
 20
6082.191780821918
 10
17136.986301369863
 20
6041.095890410958
 10
17301.369863013697
 20
6041.095890410958
 10
17342.465753424658
 20
6082.191780821918
 10
17547.94520547945
 20
6082.191780821918
 10
17630.136986301368
 20
6041.095890410958
 10
17753.424657534244
 20
6082.191780821918
 10
17794.520547945205
 20
6041.095890410958
 10
17876.712328767124
 20
6082.191780821918
 10
17876.712328767124
 20
6821.9178082191775
 10
18000.0
 20
6904.109589041095
 10
18041.095890410958
 20
6863.013698630137
 10
18041.095890410958
 20
6000.0
 10
17958.90410958904
 20
5917.808219178081
 10
15246.575342465752
 20
5917.808219178081
 10
15205.479452054793
 20
5958.904109589041
 10
15246.575342465752
 20
6082.191780821918
 10
16027.397260273972
 20
6082.191780821918
 10
16027.397260273972
 20
6246.575342465753
 10
16068.49315068493
 20
6287.671232876712
 10
16027.397260273972
 20
6328.767123287671
 10
16027.397260273972
 20
7068.493150684931
 10
16068.49315068493
 20
7109.58904109589
 10
16027.397260273972
 20
7150.684931506848
 10
16027.397260273972
 20
7808.219178082191
 10
16068.49315068493
 20
7849.31506849315
 10
16068.49315068493
 20
8013.698630136986
 10
16027.397260273972
 20
8054.794520547945
 10
16027.397260273972
 20
10356.164383561643
 10
15986.301369863013
 20
10397.260273972603
 10
14013.698630136985
 20
10397.260273972603
 10
13931.506849315068
 20
10273.972602739725
 10
13931.506849315068
 20
10068.493150684932
 10
13972.602739726026
 20
10027.397260273972
 10
13931.506849315068
 20
9986.301369863013
 10
13931.506849315068
 20
9821.917808219177
 10
13849.31506849315
 20
9739.726027397259
 10
13315.068493150684
 20
9739.726027397259
 10
13232.876712328767
 20
9821.917808219177
 10
13232.876712328767
 20
10315.068493150684
 10
13150.684931506848
 20
10397.260273972603
 10
6904.109589041095
 20
10397.260273972603
 10
6821.9178082191775
 20
10315.068493150684
 10
6863.013698630137
 20
10191.780821917808
 10
6863.013698630137
 20
10027.397260273972
 10
6821.9178082191775
 20
9986.301369863013
 10
6863.013698630137
 20
9945.205479452054
 10
6863.013698630137
 20
9780.821917808218
 10
6780.821917808219
 20
9698.630136986301
 10
6698.630136986301
 20
9739.726027397259
 10
6698.630136986301
 20
15698.6301369863
 10
6657.534246575342
 20
15739.726027397259
 10
6616.438356164384
 20
16068.49315068493
 10
6452.054794520547
 20
16602.739726027397
 10
6410.958904109589
 20
17260.27397260274
 10
6369.863013698629
 20
17301.369863013697
 10
6410.958904109589
 20
18657.534246575342
 10
6452.054794520547
 20
18698.6301369863
 10
6452.054794520547
 20
18945.20547945205
 10
6534.246575342465
 20
19109.58904109589
 10
6534.246575342465
 20
19356.16438356164
 10
6616.438356164384
 20
19520.54794520548
 10
6616.438356164384
 20
19684.931506849312
 10
7027.397260273972
 20
20794.520547945205
 10
7602.7397260273965
 20
21821.917808219176
 10
8054.794520547945
 20
22397.260273972603
 10
8054.794520547945
 20
22479.452054794518
 10
6945.2054794520545
 20
23671.232876712325
 10
6657.534246575342
 20
23424.657534246573
 10
6493.1506849315065
 20
23136.986301369863
 10
6205.479452054794
 20
22808.21917808219
 10
5424.657534246575
 20
21452.054794520547
 10
5301.369863013699
 20
21410.958904109586
 10
5219.17808219178
 20
21452.054794520547
 10
4273.9726027397255
 20
21452.054794520547
 10
4232.876712328767
 20
21328.76712328767
 10
4232.876712328767
 20
21000.0
 10
4273.9726027397255
 20
20958.90410958904
 10
4273.9726027397255
 20
19767.12328767123
 10
4315.068493150685
 20
19726.027397260274
 10
4315.068493150685
 20
18616.43835616438
 10
4356.164383561643
 20
18575.342465753423
 10
4315.068493150685
 20
18534.246575342466
 10
4315.068493150685
 20
18369.86301369863
 10
4356.164383561643
 20
18328.76712328767
 10
4356.164383561643
 20
16972.602739726026
 10
4397.260273972603
 20
16931.50684931507
 10
4397.260273972603
 20
16602.739726027397
 10
4315.068493150685
 20
16520.54794520548
 10
4232.876712328767
 20
16726.027397260274
 10
4232.876712328767
 20
17958.90410958904
 10
4191.780821917808
 20
18000.0
 10
4191.780821917808
 20
19232.876712328765
 10
4150.684931506849
 20
19273.972602739726
 10
4150.684931506849
 20
20630.136986301368
 10
4109.58904109589
 20
20671.23287671233
 10
4109.58904109589
 20
21986.301369863013
 10
4068.493150684931
 20
22027.39726027397
 10
4068.493150684931
 20
22232.876712328765
 10
4109.58904109589
 20
22315.068493150684
 10
4068.493150684931
 20
22356.16438356164
 10
4068.493150684931
 20
22767.12328767123
 10
4109.58904109589
 20
22808.21917808219
 10
4191.780821917808
 20
22767.12328767123
 10
4191.780821917808
 20
22520.54794520548
 10
4273.9726027397255
 20
22232.876712328765
 10
5630.13698630137
 20
22232.876712328765
 10
5753.424657534246
 20
22438.35616438356
 10
5835.616438356164
 20
22479.452054794518
 10
5835.616438356164
 20
22561.643835616436
 10
6041.095890410958
 20
22808.21917808219
 10
6041.095890410958
 20
22890.410958904107
 10
6246.575342465753
 20
23178.08219178082
 10
6328.767123287671
 20
23219.17808219178
 10
6410.958904109589
 20
23383.561643835616
 10
6780.821917808219
 20
23835.616438356163
 10
6287.671232876712
 20
24410.958904109586
 10
5712.328767123287
 20
24945.20547945205
 10
5589.04109589041
 20
25109.58904109589
  0
LWPOLYLINE
  5
107
330
17
100
AcDbEntity
  8
RASTER_CONTOURS
100
AcDbPolyline
 90
46
 70
1
 10
2917.808219178082
 20
25479.452054794518
 10
3000.0
 20
25438.35616438356
 10
3123.2876712328766
 20
25438.35616438356
 10
3164.3835616438355
 20
25479.452054794518
 10
3739.72602739726
 20
25479.452054794518
 10
3863.013698630137
 20
25397.260273972603
 10
3863.013698630137
 20
25273.972602739723
 10
3904.1095890410957
 20
25232.876712328765
 10
3945.2054794520545
 20
23876.71232876712
 10
3986.3013698630134
 20
23835.616438356163
 10
3986.3013698630134
 20
23630.136986301368
 10
3945.2054794520545
 20
23547.94520547945
 10
4068.493150684931
 20
23506.84931506849
 10
4068.493150684931
 20
23424.657534246573
 10
3986.3013698630134
 20
23342.465753424654
 10
4027.3972602739723
 20
23219.17808219178
 10
3945.2054794520545
 20
23095.890410958902
 10
3986.3013698630134
 20
23054.794520547945
 10
3945.2054794520545
 20
22972.602739726026
 10
3945.2054794520545
 20
22520.54794520548
 10
3986.3013698630134
 20
22479.452054794518
 10
3945.2054794520545
 20
22109.58904109589
 10
3986.3013698630134
 20
22068.49315068493
 10
4027.3972602739723
 20
19273.972602739726
 10
4068.493150684931
 20
19232.876712328765
 10
4068.493150684931
 20
18082.191780821915
 10
4109.58904109589
 20
18041.095890410958
 10
4109.58904109589
 20
16890.410958904107
 10
4027.3972602739723
 20
16808.219178082192
 10
3739.72602739726
 20
16808.219178082192
 10
3698.6301369863013
 20
16849.31506849315
 10
3164.3835616438355
 20
16808.219178082192
 10
3082.1917808219177
 20
16890.410958904107
 10
3082.1917808219177
 20
17013.698630136983
 10
3041.095890410959
 20
17054.794520547945
 10
3041.095890410959
 20
18328.76712328767
 10
3000.0
 20
18369.86301369863
 10
3000.0
 20
19643.835616438355
 10
2958.9041095890407
 20
19684.931506849312
 10
2958.9041095890407
 20
21328.76712328767
 10
2917.808219178082
 20
21369.86301369863
 10
2917.808219178082
 20
22520.54794520548
 10
2876.712328767123
 20
22561.643835616436
 10
2876.712328767123
 20
23712.328767123287
 10
2835.616438356164
 20
23753.424657534244
 10
2835.616438356164
 20
25397.260273972603
  0
LWPOLYLINE
  5
108
330
17
100
AcDbEntity
  8
RASTER_CONTOURS
100
AcDbPolyline
 90
8
 70
1
 10
19767.12328767123
 20
25602.739726027394
 10
19849.31506849315
 20
25479.452054794518
 10
19808.219178082192
 20
25397.260273972603
 10
19849.31506849315
 20
25027.39726027397
 10
19849.31506849315
 20
25232.876712328765
 10
19890.410958904107
 20
25315.068493150684
 10
19849.31506849315
 20
25356.16438356164
 10
19849.31506849315
 20
25561.643835616436
  0
LWPOLYLINE
  5
109
330
17
100
AcDbEntity
  8
RASTER_CONTOURS
100
AcDbPolyline
 90
4
 70
1
 10
51821.91780821917
 20
25643.835616438355
 10
51863.01369863014
 20
25561.643835616436
 10
52027.39726027397
 20
25602.739726027394
 10
51945.20547945205
 20
25726.027397260274
  0
LWPOLYLINE
  5
10A
330
17
100
AcDbEntity
  8
RASTER_CONTOURS
100
AcDbPolyline
 90
4
 70
1
 10
19356.16438356164
 20
25726.027397260274
 10
19315.068493150684
 20
25684.931506849312
 10
19315.068493150684
 20
25397.260273972603
 10
19315.068493150684
 20
25684.931506849312
  0
LWPOLYLINE
  5
10B
330
17
100
AcDbEntity
  8
RASTER_CONTOURS
100
AcDbPolyline
 90
18
 70
1
 10
44589.04109589041
 20
25808.21917808219
 10
45369.863013698625
 20
25808.21917808219
 10
45534.24657534246
 20
25726.027397260274
 10
45534.24657534246
 20
23589.04109589041
 10
45698.6301369863
 20
23506.84931506849
 10
45780.821917808214
 20
23547.94520547945
 10
46726.02739726027
 20
23547.94520547945
 10
46931.50684931507
 20
23424.657534246573
 10
46931.50684931507
 20
23301.369863013697
 10
46849.315068493146
 20
23219.17808219178
 10
45493.150684931505
 20
23219.17808219178
 10
45410.95890410959
 20
23301.369863013697
 10
45410.95890410959
 20
24904.109589041094
 10
45328.76712328767
 20
24986.301369863013
 10
44465.75342465753
 20
24986.301369863013
 10
44424.65753424657
 20
25109.58904109589
 10
44465.75342465753
 20
25150.684931506847
 10
44465.75342465753
 20
25726.027397260274
  0
LWPOLYLINE
  5
10C
330
17
100
AcDbEntity
  8
RASTER_CONTOURS
100
AcDbPolyline
 90
6
 70
1
 10
53095.8904109589
 20
25849.31506849315
 10
53219.17808219178
 20
25767.12328767123
 10
53219.17808219178
 20
25315.068493150684
 10
53178.08219178082
 20
25273.972602739723
 10
53054.79452054794
 20
25315.068493150684
 10
53054.79452054794
 20
25808.21917808219
  0
LWPOLYLINE
  5
10D
330
17
100
AcDbEntity
  8
RASTER_CONTOURS
100
AcDbPolyline
 90
8
 70
1
 10
13315.068493150684
 20
25849.31506849315
 10
13890.410958904109
 20
25849.31506849315
 10
13931.506849315068
 20
25808.21917808219
 10
13931.506849315068
 20
25191.780821917808
 10
13849.31506849315
 20
25109.58904109589
 10
13356.164383561643
 20
25109.58904109589
 10
13232.876712328767
 20
25191.780821917808
 10
13232.876712328767
 20
25767.12328767123
  0
LWPOLYLINE
  5
10E
330
17
100
AcDbEntity
  8
RASTER_CONTOURS
100
AcDbPolyline
 90
29
 70
1
 10
44342.46575342466
 20
25849.31506849315
 10
44342.46575342466
 20
25068.49315068493
 10
44301.36986301369
 20
25027.39726027397
 10
44383.561643835616
 20
24904.109589041094
 10
45246.57534246575
 20
24904.109589041094
 10
45328.76712328767
 20
24821.917808219176
 10
45369.863013698625
 20
24698.6301369863
 10
45369.863013698625
 20
24246.575342465752
 10
45328.76712328767
 20
24205.47945205479
 10
45369.863013698625
 20
24082.191780821915
 10
45369.863013698625
 20
23506.84931506849
 10
45328.76712328767
 20
23465.753424657534
 10
45328.76712328767
 20
23178.08219178082
 10
45657.53424657534
 20
23178.08219178082
 10
45698.6301369863
 20
23136.986301369863
 10
45904.109589041094
 20
23136.986301369863
 10
45945.20547945205
 20
23178.08219178082
 10
46109.58904109589
 20
23178.08219178082
 10
46150.68493150685
 20
23136.986301369863
 10
46890.4109589041
 20
23136.986301369863
 10
47013.69863013698
 20
23219.17808219178
 10
47013.69863013698
 20
23383.561643835616
 10
46972.602739726026
 20
23424.657534246573
 10
47013.69863013698
 20
23465.753424657534
 10
46890.4109589041
 20
23589.04109589041
 10
45698.6301369863
 20
23589.04109589041
 10
45616.43835616438
 20
23671.232876712325
 10
45616.43835616438
 20
25767.12328767123
 10
45534.24657534246
 20
25849.31506849315
  0
LWPOLYLINE
  5
10F
330
17
100
AcDbEntity
  8
RASTER_CONTOURS
100
AcDbPolyline
 90
10
 70
1
 10
52890.4109589041
 20
25972.602739726026
 10
52972.602739726026
 20
25890.410958904107
 10
52972.602739726026
 20
25684.931506849312
 10
53013.69863013698
 20
25643.835616438355
 10
52972.602739726026
 20
25561.643835616436
 10
52972.602739726026
 20
25356.16438356164
 10
52931.50684931507
 20
25315.068493150684
 10
52849.315068493146
 20
25356.16438356164
 10
52849.315068493146
 20
25684.931506849312
 10
52808.21917808219
 20
25726.027397260274
  0
LWPOLYLINE
  5
110
330
17
100
AcDbEntity
  8
RASTER_CONTOURS
100
AcDbPolyline
 90
2
 70
1
 10
51410.95890410958
 20
25931.50684931507
 10
51698.6301369863
 20
25931.50684931507
  0
LWPOLYLINE
  5
111
330
17
100
AcDbEntity
  8
RASTER_CONTOURS
100
AcDbPolyline
 90
12
 70
1
 10
13191.780821917808
 20
25890.410958904107
 10
13150.684931506848
 20
25767.12328767123
 10
13150.684931506848
 20
25150.684931506847
 10
13191.780821917808
 20
25068.49315068493
 10
13972.602739726026
 20
25068.49315068493
 10
14013.698630136985
 20
25109.58904109589
 10
14013.698630136985
 20
25849.31506849315
 10
13931.506849315068
 20
25931.50684931507
 10
13890.410958904109
 20
25890.410958904107
 10
13767.123287671231
 20
25931.50684931507
 10
13643.835616438355
 20
25890.410958904107
 10
13602.739726027396
 20
25931.50684931507
  0
LWPOLYLINE
  5
112
330
17
100
AcDbEntity
  8
RASTER_CONTOURS
100
AcDbPolyline
 90
88
 70
1
 10
33904.109589041094
 20
25767.12328767123
 10
33904.109589041094
 20
25109.58904109589
 10
33821.91780821918
 20
25027.39726027397
 10
33410.95890410959
 20
25027.39726027397
 10
33328.76712328767
 20
24986.301369863013
 10
33287.67123287671
 20
24904.109589041094
 10
33287.67123287671
 20
23753.424657534244
 10
33328.76712328767
 20
23671.232876712325
 10
33287.67123287671
 20
23630.136986301368
 10
33287.67123287671
 20
23219.17808219178
 10
33205.479452054795
 20
23136.986301369863
 10
33082.191780821915
 20
23219.17808219178
 10
33082.191780821915
 20
23630.136986301368
 10
32876.71232876712
 20
23712.328767123287
 10
32753.424657534244
 20
23671.232876712325
 10
32383.561643835616
 20
23671.232876712325
 10
32342.465753424654
 20
23712.328767123287
 10
27000.0
 20
23712.328767123287
 10
26958.90410958904
 20
23671.232876712325
 10
26794.520547945205
 20
23671.232876712325
 10
26753.424657534244
 20
23712.328767123287
 10
21986.301369863013
 20
23712.328767123287
 10
21904.109589041094
 20
23671.232876712325
 10
21904.109589041094
 20
23383.561643835616
 10
21863.013698630137
 20
23342.465753424654
 10
21904.109589041094
 20
23301.369863013697
 10
21904.109589041094
 20
21000.0
 10
22315.068493150684
 20
21000.0
 10
22397.260273972603
 20
20917.80821917808
 10
22356.16438356164
 20
20835.616438356163
 10
21945.20547945205
 20
20835.616438356163
 10
21904.109589041094
 20
20794.520547945205
 10
21780.821917808218
 20
20794.520547945205
 10
21739.72602739726
 20
20835.616438356163
 10
21287.67123287671
 20
20835.616438356163
 10
21246.575342465752
 20
20794.520547945205
 10
21123.287671232876
 20
20794.520547945205
 10
21082.191780821915
 20
20835.616438356163
 10
20178.08219178082
 20
20835.616438356163
 10
20013.698630136983
 20
20958.90410958904
 10
20013.698630136983
 20
21041.095890410958
 10
19890.410958904107
 20
21287.67123287671
 10
19356.16438356164
 20
22027.39726027397
 10
19356.16438356164
 20
23835.616438356163
 10
19397.260273972603
 20
23876.71232876712
 10
19849.31506849315
 20
23876.71232876712
 10
19890.410958904107
 20
23835.616438356163
 10
20095.890410958902
 20
23917.80821917808
 10
20342.465753424654
 20
23835.616438356163
 10
20301.369863013697
 20
23712.328767123287
 10
19520.54794520548
 20
23712.328767123287
 10
19479.452054794518
 20
23671.232876712325
 10
19479.452054794518
 20
22150.684931506847
 10
19726.027397260274
 20
21739.72602739726
 10
19931.50684931507
 20
21493.150684931505
 10
20136.986301369863
 20
21082.191780821915
 10
20219.17808219178
 20
21000.0
 10
21698.6301369863
 20
21000.0
 10
21739.72602739726
 20
21082.191780821915
 10
21739.72602739726
 20
23589.04109589041
 10
21657.534246575342
 20
23712.328767123287
 10
21493.150684931505
 20
23712.328767123287
 10
21452.054794520547
 20
23753.424657534244
 10
21493.150684931505
 20
23876.71232876712
 10
26219.17808219178
 20
23876.71232876712
 10
26260.27397260274
 20
23835.616438356163
 10
27657.534246575342
 20
23835.616438356163
 10
27698.6301369863
 20
23876.71232876712
 10
30123.287671232876
 20
23835.616438356163
 10
30164.383561643834
 20
23876.71232876712
 10
30287.67123287671
 20
23876.71232876712
 10
30328.76712328767
 20
23835.616438356163
 10
33041.09589041096
 20
23835.616438356163
 10
33082.191780821915
 20
23876.71232876712
 10
33082.191780821915
 20
25150.684931506847
 10
33041.09589041096
 20
25191.780821917808
 10
33082.191780821915
 20
25315.068493150684
 10
33082.191780821915
 20
26219.17808219178
 10
33164.38356164383
 20
26301.369863013697
 10
33246.57534246575
 20
26260.27397260274
 10
33246.57534246575
 20
26013.698630136983
 10
33287.67123287671
 20
25972.602739726026
 10
33246.57534246575
 20
25890.410958904107
 10
33287.67123287671
 20
25849.31506849315
 10
33452.05479452055
 20
25849.31506849315
 10
33493.150684931505
 20
25808.21917808219
 10
33657.53424657534
 20
25808.21917808219
 10
33698.6301369863
 20
25849.31506849315
  0
LWPOLYLINE
  5
113
330
17
100
AcDbEntity
  8
RASTER_CONTOURS
100
AcDbPolyline
 90
5
 70
1
 10
52273.97260273972
 20
26301.369863013697
 10
52273.97260273972
 20
26260.27397260274
 10
52356.16438356164
 20
26219.17808219178
 10
52520.54794520548
 20
26219.17808219178
 10
52438.35616438356
 20
26301.369863013697
  0
LWPOLYLINE
  5
114
330
17
100
AcDbEntity
  8
RASTER_CONTOURS
100
AcDbPolyline
 90
7
 70
1
 10
51863.01369863014
 20
26589.04109589041
 10
51821.91780821917
 20
26547.94520547945
 10
51863.01369863014
 20
26342.465753424654
 10
51780.821917808214
 20
26260.27397260274
 10
51945.20547945205
 20
26136.98630136986
 10
52068.49315068493
 20
26260.27397260274
 10
52109.58904109589
 20
26424.657534246573
  0
LWPOLYLINE
  5
115
330
17
100
AcDbEntity
  8
RASTER_CONTOURS
100
AcDbPolyline
 90
7
 70
1
 10
2301.3698630136987
 20
26876.71232876712
 10
2260.2739726027394
 20
26835.616438356163
 10
2260.2739726027394
 20
26465.753424657534
 10
2383.5616438356165
 20
26424.657534246573
 10
2589.041095890411
 20
26547.94520547945
 10
2671.2328767123286
 20
26671.232876712325
 10
2383.5616438356165
 20
26876.71232876712
  0
LWPOLYLINE
  5
116
330
17
100
AcDbEntity
  8
RASTER_CONTOURS
100
AcDbPolyline
 90
17
 70
1
 10
26876.71232876712
 20
26958.90410958904
 10
26835.616438356163
 20
26753.424657534244
 10
27082.191780821915
 20
26671.232876712325
 10
26958.90410958904
 20
26589.04109589041
 10
27000.0
 20
26342.465753424654
 10
26876.71232876712
 20
26260.27397260274
 10
26917.80821917808
 20
26178.08219178082
 10
27616.43835616438
 20
26178.08219178082
 10
27657.534246575342
 20
26260.27397260274
 10
27493.150684931505
 20
26342.465753424654
 10
27534.246575342462
 20
26383.561643835616
 10
27534.246575342462
 20
26671.232876712325
 10
27698.6301369863
 20
26753.424657534244
 10
27698.6301369863
 20
26917.80821917808
 10
27657.534246575342
 20
26958.90410958904
 10
27369.86301369863
 20
26958.90410958904
 10
27328.76712328767
 20
27000.0
  0
LWPOLYLINE
  5
117
330
17
100
AcDbEntity
  8
RASTER_CONTOURS
100
AcDbPolyline
 90
20
 70
1
 10
25890.410958904107
 20
26917.80821917808
 10
25849.31506849315
 20
26794.520547945205
 10
25931.50684931507
 20
26712.328767123287
 10
25931.50684931507
 20
26630.136986301368
 10
25849.31506849315
 20
26547.94520547945
 10
25972.602739726026
 20
26465.753424657534
 10
25972.602739726026
 20
26178.08219178082
 10
26136.98630136986
 20
26178.08219178082
 10
26260.27397260274
 20
26260.27397260274
 10
26342.465753424654
 20
26260.27397260274
 10
26465.753424657534
 20
26178.08219178082
 10
26589.04109589041
 20
26178.08219178082
 10
26630.136986301368
 20
26219.17808219178
 10
26589.04109589041
 20
26260.27397260274
 10
26589.04109589041
 20
26671.232876712325
 10
26547.94520547945
 20
26712.328767123287
 10
26589.04109589041
 20
26753.424657534244
 10
26712.328767123287
 20
26753.424657534244
 10
26712.328767123287
 20
26876.71232876712
 10
26301.369863013697
 20
27000.0
  0
LWPOLYLINE
  5
118
330
17
100
AcDbEntity
  8
RASTER_CONTOURS
100
AcDbPolyline
 90
24
 70
1
 10
25561.643835616436
 20
27000.0
 10
25397.260273972603
 20
27000.0
 10
25356.16438356164
 20
27041.095890410958
 10
25273.972602739723
 20
27000.0
 10
25027.39726027397
 20
27000.0
 10
24945.20547945205
 20
26794.520547945205
 10
24945.20547945205
 20
26712.328767123287
 10
25027.39726027397
 20
26589.04109589041
 10
25027.39726027397
 20
26465.753424657534
 10
24986.301369863013
 20
26424.657534246573
 10
25027.39726027397
 20
26342.465753424654
 10
24945.20547945205
 20
26219.17808219178
 10
24986.301369863013
 20
26136.98630136986
 10
25068.49315068493
 20
26136.98630136986
 10
25273.972602739723
 20
26260.27397260274
 10
25356.16438356164
 20
26260.27397260274
 10
25602.739726027394
 20
26136.98630136986
 10
25643.835616438355
 20
26178.08219178082
 10
25602.739726027394
 20
26260.27397260274
 10
25602.739726027394
 20
26671.232876712325
 10
25684.931506849312
 20
26712.328767123287
 10
25684.931506849312
 20
26794.520547945205
 10
25602.739726027394
 20
26835.616438356163
 10
25643.835616438355
 20
26876.71232876712
  0
LWPOLYLINE
  5
119
330
17
100
AcDbEntity
  8
RASTER_CONTOURS
100
AcDbPolyline
 90
4
 70
1
 10
41917.80821917808
 20
27575.342465753423
 10
41958.904109589035
 20
27493.150684931505
 10
42205.479452054795
 20
27493.150684931505
 10
42205.479452054795
 20
27575.342465753423
  0
LWPOLYLINE
  5
11A
330
17
100
AcDbEntity
  8
RASTER_CONTOURS
100
AcDbPolyline
 90
17
 70
1
 10
40027.39726027397
 20
27534.246575342462
 10
39986.30136986301
 20
27493.150684931505
 10
40027.39726027397
 20
27452.054794520547
 10
40027.39726027397
 20
27205.47945205479
 10
39945.20547945205
 20
27082.191780821915
 10
39945.20547945205
 20
27000.0
 10
40150.68493150685
 20
26876.71232876712
 10
40232.87671232876
 20
26753.424657534244
 10
40356.16438356164
 20
26753.424657534244
 10
40438.35616438356
 20
26876.71232876712
 10
40643.83561643835
 20
26876.71232876712
 10
40726.02739726027
 20
27000.0
 10
40726.02739726027
 20
27082.191780821915
 10
40602.739726027394
 20
27205.47945205479
 10
40602.739726027394
 20
27369.86301369863
 10
40684.93150684931
 20
27493.150684931505
 10
40397.2602739726
 20
27575.342465753423
  0
LWPOLYLINE
  5
11B
330
17
100
AcDbEntity
  8
RASTER_CONTOURS
100
AcDbPolyline
 90
29
 70
1
 10
42575.34246575342
 20
27616.43835616438
 10
42534.24657534246
 20
27575.342465753423
 10
42328.76712328767
 20
27575.342465753423
 10
42287.67123287671
 20
27534.246575342462
 10
42328.76712328767
 20
27369.86301369863
 10
42246.57534246575
 20
27287.67123287671
 10
42205.479452054795
 20
27369.86301369863
 10
41917.80821917808
 20
27369.86301369863
 10
41876.71232876712
 20
26835.616438356163
 10
41958.904109589035
 20
26876.71232876712
 10
41958.904109589035
 20
26958.90410958904
 10
42041.09589041096
 20
27041.095890410958
 10
42246.57534246575
 20
27082.191780821915
 10
42287.67123287671
 20
27041.095890410958
 10
42205.479452054795
 20
26876.71232876712
 10
42246.57534246575
 20
26794.520547945205
 10
42369.863013698625
 20
26958.90410958904
 10
42369.863013698625
 20
27123.287671232876
 10
42410.95890410959
 20
27164.383561643834
 10
42534.24657534246
 20
27123.287671232876
 10
42534.24657534246
 20
26835.616438356163
 10
42575.34246575342
 20
26835.616438356163
 10
42575.34246575342
 20
27041.095890410958
 10
42657.53424657534
 20
27287.67123287671
 10
42534.24657534246
 20
27287.67123287671
 10
42410.95890410959
 20
27410.958904109586
 10
42452.05479452055
 20
27493.150684931505
 10
42575.34246575342
 20
27493.150684931505
 10
42616.43835616438
 20
27534.246575342462
  0
LWPOLYLINE
  5
11C
330
17
100
AcDbEntity
  8
RASTER_CONTOURS
100
AcDbPolyline
 90
31
 70
1
 10
40972.602739726026
 20
27616.43835616438
 10
40931.50684931507
 20
27534.246575342462
 10
41013.69863013698
 20
27410.958904109586
 10
40931.50684931507
 20
27328.76712328767
 10
40972.602739726026
 20
27123.287671232876
 10
40890.4109589041
 20
27000.0
 10
41054.79452054794
 20
26917.80821917808
 10
41013.69863013698
 20
26794.520547945205
 10
41095.8904109589
 20
26753.424657534244
 10
41095.8904109589
 20
26958.90410958904
 10
41136.98630136986
 20
27041.095890410958
 10
41219.17808219178
 20
27082.191780821915
 10
41260.273972602736
 20
27000.0
 10
41342.46575342466
 20
26958.90410958904
 10
41260.273972602736
 20
26794.520547945205
 10
41383.561643835616
 20
26794.520547945205
 10
41547.94520547945
 20
27000.0
 10
41630.13698630137
 20
26917.80821917808
 10
41547.94520547945
 20
26835.616438356163
 10
41547.94520547945
 20
26753.424657534244
 10
41630.13698630137
 20
26753.424657534244
 10
41753.42465753424
 20
26958.90410958904
 10
41712.32876712328
 20
27041.095890410958
 10
41712.32876712328
 20
27246.575342465752
 10
41630.13698630137
 20
27328.76712328767
 10
41712.32876712328
 20
27493.150684931505
 10
41671.232876712325
 20
27534.246575342462
 10
41547.94520547945
 20
27534.246575342462
 10
41465.75342465753
 20
27616.43835616438
 10
41301.36986301369
 20
27534.246575342462
 10
41178.08219178082
 20
27616.43835616438
  0
LWPOLYLINE
  5
11D
330
17
100
AcDbEntity
  8
RASTER_CONTOURS
100
AcDbPolyline
 90
48
 70
1
 10
51287.67123287671
 20
27082.191780821915
 10
51328.76712328767
 20
27123.287671232876
 10
51698.6301369863
 20
27123.287671232876
 10
51739.72602739726
 20
27164.383561643834
 10
51780.821917808214
 20
27123.287671232876
 10
53136.986301369856
 20
27123.287671232876
 10
53219.17808219178
 20
27041.095890410958
 10
53219.17808219178
 20
26424.657534246573
 10
53383.561643835616
 20
26342.465753424654
 10
53506.84931506849
 20
26383.561643835616
 10
53547.945205479446
 20
26342.465753424654
 10
53630.13698630137
 20
26383.561643835616
 10
54863.01369863014
 20
26383.561643835616
 10
54904.109589041094
 20
26424.657534246573
 10
54904.109589041094
 20
26876.71232876712
 10
54986.30136986301
 20
26958.90410958904
 10
55109.58904109589
 20
26958.90410958904
 10
55150.68493150685
 20
27041.095890410958
 10
55150.68493150685
 20
27410.958904109586
 10
55109.58904109589
 20
27452.054794520547
 10
55150.68493150685
 20
27493.150684931505
 10
55150.68493150685
 20
28109.58904109589
 10
55109.58904109589
 20
28150.684931506847
 10
55191.780821917804
 20
28273.972602739723
 10
55232.87671232876
 20
28232.876712328765
 10
55232.87671232876
 20
27821.917808219176
 10
55273.97260273972
 20
27780.821917808218
 10
55232.87671232876
 20
27575.342465753423
 10
55273.97260273972
 20
27534.246575342462
 10
55273.97260273972
 20
24534.246575342466
 10
55315.068493150684
 20
24493.150684931505
 10
55315.068493150684
 20
23958.90410958904
 10
55191.780821917804
 20
23835.616438356163
 10
55027.39726027397
 20
23835.616438356163
 10
54945.20547945205
 20
23917.80821917808
 10
54945.20547945205
 20
24164.383561643834
 10
54904.109589041094
 20
24205.47945205479
 10
54904.109589041094
 20
26095.890410958902
 10
54821.91780821917
 20
26178.08219178082
 10
53260.273972602736
 20
26178.08219178082
 10
53219.17808219178
 20
26136.98630136986
 10
53219.17808219178
 20
25972.602739726026
 10
53136.986301369856
 20
25890.410958904107
 10
53054.79452054794
 20
25972.602739726026
 10
53054.79452054794
 20
27000.0
 10
51698.6301369863
 20
27000.0
 10
51657.53424657534
 20
27041.095890410958
 10
51328.76712328767
 20
27041.095890410958
  0
LWPOLYLINE
  5
11E
330
17
100
AcDbEntity
  8
RASTER_CONTOURS
100
AcDbPolyline
 90
4
 70
1
 10
4561.643835616438
 20
28232.876712328765
 10
4520.547945205479
 20
28109.58904109589
 10
4643.835616438356
 20
28068.493150684928
 10
4726.027397260274
 20
28150.684931506847
  0
LWPOLYLINE
  5
11F
330
17
100
AcDbEntity
  8
RASTER_CONTOURS
100
AcDbPolyline
 90
51
 70
1
 10
50260.273972602736
 20
28397.260273972603
 10
50342.46575342465
 20
28191.780821917808
 10
50342.46575342465
 20
27410.958904109586
 10
50301.36986301369
 20
27369.86301369863
 10
50342.46575342465
 20
27287.67123287671
 10
50301.36986301369
 20
27246.575342465752
 10
50342.46575342465
 20
27164.383561643834
 10
50835.61643835616
 20
27164.383561643834
 10
50958.904109589035
 20
27082.191780821915
 10
50958.904109589035
 20
26958.90410958904
 10
51000.0
 20
26917.80821917808
 10
50958.904109589035
 20
26835.616438356163
 10
51000.0
 20
26794.520547945205
 10
50958.904109589035
 20
26712.328767123287
 10
50958.904109589035
 20
26383.561643835616
 10
51000.0
 20
26342.465753424654
 10
50958.904109589035
 20
26260.27397260274
 10
50958.904109589035
 20
26054.794520547945
 10
51000.0
 20
26013.698630136983
 10
50958.904109589035
 20
25972.602739726026
 10
50958.904109589035
 20
23260.27397260274
 10
50835.61643835616
 20
23178.08219178082
 10
50712.32876712328
 20
23178.08219178082
 10
50671.232876712325
 20
23219.17808219178
 10
50178.08219178082
 20
23219.17808219178
 10
50095.8904109589
 20
23342.465753424654
 10
50178.08219178082
 20
23506.84931506849
 10
50794.520547945205
 20
23506.84931506849
 10
50876.71232876712
 20
23753.424657534244
 10
50835.61643835616
 20
23835.616438356163
 10
50876.71232876712
 20
24904.109589041094
 10
50835.61643835616
 20
24945.20547945205
 10
50342.46575342465
 20
24945.20547945205
 10
50301.36986301369
 20
24986.301369863013
 10
50301.36986301369
 20
25561.643835616436
 10
50260.273972602736
 20
25602.739726027394
 10
50383.561643835616
 20
25767.12328767123
 10
50835.61643835616
 20
25767.12328767123
 10
50876.71232876712
 20
25808.21917808219
 10
50876.71232876712
 20
25972.602739726026
 10
50835.61643835616
 20
26013.698630136983
 10
50876.71232876712
 20
26095.890410958902
 10
50835.61643835616
 20
26506.84931506849
 10
50876.71232876712
 20
26547.94520547945
 10
50835.61643835616
 20
26589.04109589041
 10
50835.61643835616
 20
26712.328767123287
 10
50301.36986301369
 20
26712.328767123287
 10
50178.08219178082
 20
26794.520547945205
 10
50178.08219178082
 20
28191.780821917808
 10
50219.17808219178
 20
28232.876712328765
 10
50178.08219178082
 20
28315.068493150684
  0
LWPOLYLINE
  5
120
330
17
100
AcDbEntity
  8
RASTER_CONTOURS
100
AcDbPolyline
 90
15
 70
1
 10
48534.24657534246
 20
28356.16438356164
 10
48575.34246575342
 20
28273.972602739723
 10
48945.20547945205
 20
28273.972602739723
 10
48986.30136986301
 20
28397.260273972603
 10
49068.49315068493
 20
28356.16438356164
 10
49068.49315068493
 20
28273.972602739723
 10
49602.739726027394
 20
28273.972602739723
 10
49397.2602739726
 20
28356.16438356164
 10
49232.87671232876
 20
28315.068493150684
 10
49191.780821917804
 20
28356.16438356164
 10
49232.87671232876
 20
28397.260273972603
 10
48780.821917808214
 20
28397.260273972603
 10
48821.91780821917
 20
28315.068493150684
 10
48739.72602739726
 20
28273.972602739723
 10
48657.53424657534
 20
28397.260273972603
  0
LWPOLYLINE
  5
121
330
17
100
AcDbEntity
  8
RASTER_CONTOURS
100
AcDbPolyline
 90
11
 70
1
 10
20753.424657534244
 20
28520.54794520548
 10
20712.328767123287
 20
28438.35616438356
 10
20794.520547945205
 20
28315.068493150684
 10
20794.520547945205
 20
26013.698630136983
 10
20712.328767123287
 20
25808.21917808219
 10
20753.424657534244
 20
25726.027397260274
 10
20712.328767123287
 20
25561.643835616436
 10
20917.80821917808
 20
25561.643835616436
 10
20794.520547945205
 20
25931.50684931507
 10
20794.520547945205
 20
28356.16438356164
 10
20876.71232876712
 20
28479.452054794518
  0
LWPOLYLINE
  5
122
330
17
100
AcDbEntity
  8
RASTER_CONTOURS
100
AcDbPolyline
 90
10
 70
1
 10
3945.2054794520545
 20
28726.027397260274
 10
4027.3972602739723
 20
28520.54794520548
 10
4027.3972602739723
 20
27904.109589041094
 10
4068.493150684931
 20
27863.013698630137
 10
4068.493150684931
 20
27123.287671232876
 10
4027.3972602739723
 20
27082.191780821915
 10
3945.2054794520545
 20
27164.383561643834
 10
3945.2054794520545
 20
27452.054794520547
 10
3904.1095890410957
 20
27493.150684931505
 10
3904.1095890410957
 20
28684.931506849312
  0
LWPOLYLINE
  5
123
330
17
100
AcDbEntity
  8
RASTER_CONTOURS
100
AcDbPolyline
 90
25
 70
1
 10
5219.17808219178
 20
28767.12328767123
 10
5260.273972602739
 20
28726.027397260274
 10
5260.273972602739
 20
27657.534246575342
 10
5301.369863013699
 20
27616.43835616438
 10
5301.369863013699
 20
27287.67123287671
 10
5260.273972602739
 20
27246.575342465752
 10
5301.369863013699
 20
27205.47945205479
 10
5301.369863013699
 20
25808.21917808219
 10
5342.465753424657
 20
25767.12328767123
 10
5342.465753424657
 20
25232.876712328765
 10
5589.04109589041
 20
25150.684931506847
 10
5506.849315068493
 20
25068.49315068493
 10
5383.561643835616
 20
25109.58904109589
 10
5342.465753424657
 20
25068.49315068493
 10
4109.58904109589
 20
25068.49315068493
 10
3986.3013698630134
 20
25232.876712328765
 10
3986.3013698630134
 20
25890.410958904107
 10
4027.3972602739723
 20
25931.50684931507
 10
4150.684931506849
 20
25890.410958904107
 10
5178.082191780822
 20
25890.410958904107
 10
5219.17808219178
 20
25931.50684931507
 10
5178.082191780822
 20
26054.794520547945
 10
5178.082191780822
 20
27493.150684931505
 10
5136.986301369862
 20
27534.246575342462
 10
5136.986301369862
 20
28726.027397260274
  0
LWPOLYLINE
  5
124
330
17
100
AcDbEntity
  8
RASTER_CONTOURS
100
AcDbPolyline
 90
61
 70
1
 10
55643.83561643835
 20
28808.21917808219
 10
55808.21917808219
 20
28767.12328767123
 10
55890.4109589041
 20
28684.931506849312
 10
55849.315068493146
 20
28602.739726027394
 10
55890.4109589041
 20
28561.643835616436
 10
55849.315068493146
 20
28479.452054794518
 10
55849.315068493146
 20
28315.068493150684
 10
55890.4109589041
 20
28273.972602739723
 10
55890.4109589041
 20
27986.301369863013
 10
55849.315068493146
 20
27945.20547945205
 10
55849.315068493146
 20
27739.726027397257
 10
55890.4109589041
 20
27657.534246575342
 10
55849.315068493146
 20
27616.43835616438
 10
55849.315068493146
 20
27493.150684931505
 10
55931.50684931507
 20
27452.054794520547
 10
56136.986301369856
 20
27452.054794520547
 10
56219.17808219178
 20
27369.86301369863
 10
56506.84931506849
 20
27410.958904109586
 10
56589.04109589041
 20
27328.76712328767
 10
56753.42465753424
 20
27328.76712328767
 10
56958.904109589035
 20
27082.191780821915
 10
57041.09589041096
 20
26835.616438356163
 10
56876.71232876712
 20
26506.84931506849
 10
56794.520547945205
 20
26424.657534246573
 10
56506.84931506849
 20
26301.369863013697
 10
56465.75342465753
 20
26095.890410958902
 10
56424.65753424657
 20
26054.794520547945
 10
56301.36986301369
 20
26054.794520547945
 10
56219.17808219178
 20
25972.602739726026
 10
56301.36986301369
 20
25726.027397260274
 10
56506.84931506849
 20
25561.643835616436
 10
56506.84931506849
 20
25438.35616438356
 10
56465.75342465753
 20
25397.260273972603
 10
56465.75342465753
 20
25191.780821917808
 10
56506.84931506849
 20
25150.684931506847
 10
56506.84931506849
 20
24863.013698630137
 10
56465.75342465753
 20
24821.917808219176
 10
56506.84931506849
 20
24410.958904109586
 10
56465.75342465753
 20
24287.67123287671
 10
56506.84931506849
 20
24246.575342465752
 10
56506.84931506849
 20
24082.191780821915
 10
56424.65753424657
 20
24000.0
 10
56013.69863013698
 20
23958.90410958904
 10
55849.315068493146
 20
23835.616438356163
 10
55684.93150684931
 20
23835.616438356163
 10
55643.83561643835
 20
23876.71232876712
 10
55438.35616438356
 20
23835.616438356163
 10
55356.16438356164
 20
23917.80821917808
 10
55397.2602739726
 20
24328.76712328767
 10
55356.16438356164
 20
24369.86301369863
 10
55356.16438356164
 20
26712.328767123287
 10
55315.068493150684
 20
26753.424657534244
 10
55315.068493150684
 20
26876.71232876712
 10
55356.16438356164
 20
26917.80821917808
 10
55315.068493150684
 20
27904.109589041094
 10
55356.16438356164
 20
27986.301369863013
 10
55315.068493150684
 20
28027.39726027397
 10
55315.068493150684
 20
28273.972602739723
 10
55479.452054794514
 20
28397.260273972603
 10
55520.54794520548
 20
28479.452054794518
 10
55520.54794520548
 20
28726.027397260274
  0
LWPOLYLINE
  5
125
330
17
100
AcDbEntity
  8
RASTER_CONTOURS
100
AcDbPolyline
 90
7
 70
1
 10
4520.547945205479
 20
28808.21917808219
 10
4479.45205479452
 20
28767.12328767123
 10
4520.547945205479
 20
28726.027397260274
 10
4479.45205479452
 20
28438.35616438356
 10
4602.739726027397
 20
28356.16438356164
 10
4684.931506849315
 20
28438.35616438356
 10
4602.739726027397
 20
28767.12328767123
  0
LWPOLYLINE
  5
126
330
17
100
AcDbEntity
  8
RASTER_CONTOURS
100
AcDbPolyline
 90
21
 70
1
 10
3821.917808219178
 20
28890.410958904107
 10
3780.821917808219
 20
28808.21917808219
 10
3780.821917808219
 20
28232.876712328765
 10
3821.917808219178
 20
28191.780821917808
 10
3821.917808219178
 20
27575.342465753423
 10
3780.821917808219
 20
27452.054794520547
 10
3821.917808219178
 20
27410.958904109586
 10
3821.917808219178
 20
27000.0
 10
3863.013698630137
 20
26958.90410958904
 10
4068.493150684931
 20
26958.90410958904
 10
4150.684931506849
 20
27082.191780821915
 10
4150.684931506849
 20
27246.575342465752
 10
4109.58904109589
 20
27287.67123287671
 10
4109.58904109589
 20
28027.39726027397
 10
4150.684931506849
 20
28068.493150684928
 10
4109.58904109589
 20
28191.780821917808
 10
4109.58904109589
 20
28397.260273972603
 10
4150.684931506849
 20
28438.35616438356
 10
4109.58904109589
 20
28479.452054794518
 10
4109.58904109589
 20
28808.21917808219
 10
3945.2054794520545
 20
28890.410958904107
  0
LWPOLYLINE
  5
127
330
17
100
AcDbEntity
  8
RASTER_CONTOURS
100
AcDbPolyline
 90
13
 70
1
 10
49150.68493150685
 20
28972.602739726026
 10
49109.58904109589
 20
29013.698630136983
 10
48986.30136986301
 20
28931.50684931507
 10
48945.20547945205
 20
29013.698630136983
 10
48863.01369863014
 20
29054.794520547945
 10
48780.821917808214
 20
28972.602739726026
 10
48616.43835616438
 20
28972.602739726026
 10
48575.34246575342
 20
28849.31506849315
 10
48780.821917808214
 20
28849.31506849315
 10
48863.01369863014
 20
28767.12328767123
 10
48986.30136986301
 20
28849.31506849315
 10
49109.58904109589
 20
28808.21917808219
 10
49150.68493150685
 20
28849.31506849315
  0
LWPOLYLINE
  5
128
330
17
100
AcDbEntity
  8
RASTER_CONTOURS
100
AcDbPolyline
 90
5
 70
1
 10
40726.02739726027
 20
29095.890410958902
 10
40643.83561643835
 20
28972.602739726026
 10
40684.93150684931
 20
28931.50684931507
 10
40808.21917808219
 20
28931.50684931507
 10
40849.315068493146
 20
29013.698630136983
  0
LWPOLYLINE
  5
129
330
17
100
AcDbEntity
  8
RASTER_CONTOURS
100
AcDbPolyline
 90
21
 70
1
 10
28232.876712328765
 20
28931.50684931507
 10
28273.972602739723
 20
28972.602739726026
 10
28273.972602739723
 20
29342.465753424654
 10
28356.16438356164
 20
29424.657534246573
 10
30041.095890410958
 20
29424.657534246573
 10
30123.287671232876
 20
29342.465753424654
 10
30123.287671232876
 20
29178.08219178082
 10
30164.383561643834
 20
29136.98630136986
 10
30123.287671232876
 20
28849.31506849315
 10
29917.80821917808
 20
28767.12328767123
 10
29835.616438356163
 20
28808.21917808219
 10
29465.75342465753
 20
28808.21917808219
 10
29424.657534246573
 20
28767.12328767123
 10
29260.27397260274
 20
28767.12328767123
 10
29219.17808219178
 20
28808.21917808219
 10
29013.698630136983
 20
28767.12328767123
 10
28931.50684931507
 20
28808.21917808219
 10
28890.410958904107
 20
28767.12328767123
 10
28602.739726027394
 20
28767.12328767123
 10
28561.643835616436
 20
28808.21917808219
 10
28315.068493150684
 20
28808.21917808219
  0
LWPOLYLINE
  5
12A
330
17
100
AcDbEntity
  8
RASTER_CONTOURS
100
AcDbPolyline
 90
72
 70
1
 10
35917.80821917808
 20
29547.94520547945
 10
36000.0
 20
29630.136986301368
 10
36246.57534246575
 20
29630.136986301368
 10
36328.76712328767
 20
29547.94520547945
 10
36287.67123287671
 20
29424.657534246573
 10
36123.28767123287
 20
29424.657534246573
 10
36082.191780821915
 20
29383.561643835616
 10
36082.191780821915
 20
29013.698630136983
 10
36041.09589041096
 20
28972.602739726026
 10
36041.09589041096
 20
28397.260273972603
 10
36082.191780821915
 20
28356.16438356164
 10
36082.191780821915
 20
28068.493150684928
 10
36041.09589041096
 20
28027.39726027397
 10
36041.09589041096
 20
26671.232876712325
 10
36082.191780821915
 20
26630.136986301368
 10
36082.191780821915
 20
26301.369863013697
 10
36041.09589041096
 20
26260.27397260274
 10
36041.09589041096
 20
25191.780821917808
 10
36082.191780821915
 20
25150.684931506847
 10
43397.2602739726
 20
25109.58904109589
 10
43438.35616438356
 20
25027.39726027397
 10
43397.2602739726
 20
24986.301369863013
 10
42041.09589041096
 20
24986.301369863013
 10
41958.904109589035
 20
24904.109589041094
 10
41958.904109589035
 20
23301.369863013697
 10
41794.520547945205
 20
23219.17808219178
 10
41753.42465753424
 20
23260.27397260274
 10
41671.232876712325
 20
23219.17808219178
 10
41342.46575342466
 20
23219.17808219178
 10
41301.36986301369
 20
23260.27397260274
 10
41054.79452054794
 20
23219.17808219178
 10
40890.4109589041
 20
23301.369863013697
 10
40808.21917808219
 20
23301.369863013697
 10
40684.93150684931
 20
23219.17808219178
 10
40438.35616438356
 20
23219.17808219178
 10
40397.2602739726
 20
23260.27397260274
 10
40191.780821917804
 20
23260.27397260274
 10
40150.68493150685
 20
23219.17808219178
 10
39986.30136986301
 20
23219.17808219178
 10
39945.20547945205
 20
23260.27397260274
 10
39657.53424657534
 20
23260.27397260274
 10
39616.438356164384
 20
23219.17808219178
 10
39575.34246575342
 20
23260.27397260274
 10
39410.95890410959
 20
23260.27397260274
 10
39328.76712328767
 20
23219.17808219178
 10
39246.57534246575
 20
23260.27397260274
 10
39205.479452054795
 20
23342.465753424654
 10
39287.67123287671
 20
23424.657534246573
 10
40726.02739726027
 20
23424.657534246573
 10
40767.12328767123
 20
23383.561643835616
 10
40972.602739726026
 20
23383.561643835616
 10
41013.69863013698
 20
23424.657534246573
 10
41794.520547945205
 20
23424.657534246573
 10
41794.520547945205
 20
24493.150684931505
 10
41835.61643835616
 20
24534.246575342466
 10
41794.520547945205
 20
24575.342465753423
 10
41794.520547945205
 20
24698.6301369863
 10
41835.61643835616
 20
24739.726027397257
 10
41835.61643835616
 20
24986.301369863013
 10
38301.36986301369
 20
24986.301369863013
 10
38260.273972602736
 20
25027.39726027397
 10
37890.4109589041
 20
25027.39726027397
 10
37849.315068493146
 20
24986.301369863013
 10
37232.87671232876
 20
24986.301369863013
 10
37191.780821917804
 20
25027.39726027397
 10
37068.49315068493
 20
25027.39726027397
 10
37027.39726027397
 20
24986.301369863013
 10
36328.76712328767
 20
24986.301369863013
 10
36246.57534246575
 20
25027.39726027397
 10
36205.479452054795
 20
24986.301369863013
 10
36041.09589041096
 20
24986.301369863013
 10
35876.71232876712
 20
25109.58904109589
  0
LWPOLYLINE
  5
12B
330
17
100
AcDbEntity
  8
RASTER_CONTOURS
100
AcDbPolyline
 90
8
 70
1
 10
40684.93150684931
 20
29630.136986301368
 10
40684.93150684931
 20
29424.657534246573
 10
40602.739726027394
 20
29301.369863013697
 10
40767.12328767123
 20
29219.17808219178
 10
40849.315068493146
 20
29260.27397260274
 10
40890.4109589041
 20
29342.465753424654
 10
40808.21917808219
 20
29424.657534246573
 10
40808.21917808219
 20
29589.04109589041
  0
LWPOLYLINE
  5
12C
330
17
100
AcDbEntity
  8
RASTER_CONTOURS
100
AcDbPolyline
 90
60
 70
1
 10
21657.534246575342
 20
25315.068493150684
 10
21657.534246575342
 20
26547.94520547945
 10
21616.43835616438
 20
26630.136986301368
 10
21493.150684931505
 20
26712.328767123287
 10
21493.150684931505
 20
29547.94520547945
 10
21575.342465753423
 20
29630.136986301368
 10
22068.49315068493
 20
29630.136986301368
 10
22109.58904109589
 20
29671.232876712325
 10
22438.35616438356
 20
29671.232876712325
 10
22479.452054794518
 20
29630.136986301368
 10
23794.520547945205
 20
29630.136986301368
 10
23835.616438356163
 20
29671.232876712325
 10
23876.71232876712
 20
29630.136986301368
 10
32835.61643835616
 20
29630.136986301368
 10
32876.71232876712
 20
29589.04109589041
 10
32958.90410958904
 20
29630.136986301368
 10
33821.91780821918
 20
29630.136986301368
 10
33904.109589041094
 20
29547.94520547945
 10
33904.109589041094
 20
28849.31506849315
 10
33863.01369863014
 20
28808.21917808219
 10
33287.67123287671
 20
28808.21917808219
 10
33246.57534246575
 20
28767.12328767123
 10
33246.57534246575
 20
28438.35616438356
 10
33164.38356164383
 20
28397.260273972603
 10
33082.191780821915
 20
28520.54794520548
 10
33082.191780821915
 20
29465.75342465753
 10
28191.780821917808
 20
29465.75342465753
 10
28191.780821917808
 20
28890.410958904107
 10
28109.58904109589
 20
28808.21917808219
 10
27452.054794520547
 20
28808.21917808219
 10
27328.76712328767
 20
28972.602739726026
 10
27328.76712328767
 20
29301.369863013697
 10
27369.86301369863
 20
29424.657534246573
 10
27287.67123287671
 20
29506.84931506849
 10
27205.47945205479
 20
29465.75342465753
 10
24904.109589041094
 20
29465.75342465753
 10
24863.013698630137
 20
29506.84931506849
 10
24616.43835616438
 20
29506.84931506849
 10
24575.342465753423
 20
29465.75342465753
 10
24452.054794520547
 20
29465.75342465753
 10
24410.958904109586
 20
29506.84931506849
 10
24123.287671232876
 20
29506.84931506849
 10
24082.191780821915
 20
29465.75342465753
 10
23958.90410958904
 20
29506.84931506849
 10
22808.21917808219
 20
29506.84931506849
 10
22767.12328767123
 20
29465.75342465753
 10
22602.739726027397
 20
29465.75342465753
 10
22520.54794520548
 20
29506.84931506849
 10
22438.35616438356
 20
29342.465753424654
 10
22438.35616438356
 20
28890.410958904107
 10
22356.16438356164
 20
28808.21917808219
 10
21821.917808219176
 20
28808.21917808219
 10
21780.821917808218
 20
28767.12328767123
 10
21780.821917808218
 20
25890.410958904107
 10
21821.917808219176
 20
25849.31506849315
 10
22356.16438356164
 20
25849.31506849315
 10
22438.35616438356
 20
25767.12328767123
 10
22438.35616438356
 20
25315.068493150684
 10
22356.16438356164
 20
25232.876712328765
 10
21739.72602739726
 20
25232.876712328765
  0
LWPOLYLINE
  5
12D
330
17
100
AcDbEntity
  8
RASTER_CONTOURS
100
AcDbPolyline
 90
134
 70
1
 10
35876.71232876712
 20
29671.232876712325
 10
35835.61643835616
 20
29589.04109589041
 10
35835.61643835616
 20
24986.301369863013
 10
35876.71232876712
 20
24945.20547945205
 10
36164.38356164383
 20
24945.20547945205
 10
36246.57534246575
 20
24863.013698630137
 10
36123.28767123287
 20
24739.726027397257
 10
36123.28767123287
 20
24657.534246575342
 10
36205.479452054795
 20
24575.342465753423
 10
36534.24657534246
 20
24534.246575342466
 10
36616.438356164384
 20
24452.054794520547
 10
36739.72602739726
 20
24534.246575342466
 10
41301.36986301369
 20
24534.246575342466
 10
41506.84931506849
 20
24410.958904109586
 10
41506.84931506849
 20
24287.67123287671
 10
41424.65753424657
 20
24205.47945205479
 10
41178.08219178082
 20
24287.67123287671
 10
41013.69863013698
 20
24287.67123287671
 10
41013.69863013698
 20
24164.383561643834
 10
41219.17808219178
 20
24041.095890410958
 10
41547.94520547945
 20
24328.76712328767
 10
41547.94520547945
 20
24493.150684931505
 10
41671.232876712325
 20
24616.43835616438
 10
41753.42465753424
 20
24534.246575342466
 10
41753.42465753424
 20
23589.04109589041
 10
41589.04109589041
 20
23465.753424657534
 10
41178.08219178082
 20
23465.753424657534
 10
41054.79452054794
 20
23547.94520547945
 10
41054.79452054794
 20
23630.136986301368
 10
41178.08219178082
 20
23794.520547945205
 10
41178.08219178082
 20
23917.80821917808
 10
41095.8904109589
 20
23876.71232876712
 10
38917.80821917808
 20
23876.71232876712
 10
38876.71232876712
 20
23835.616438356163
 10
38794.520547945205
 20
23876.71232876712
 10
38589.04109589041
 20
23876.71232876712
 10
38547.94520547945
 20
23835.616438356163
 10
38424.65753424657
 20
23876.71232876712
 10
37767.12328767123
 20
23876.71232876712
 10
37726.02739726027
 20
23835.616438356163
 10
37068.49315068493
 20
23835.616438356163
 10
37027.39726027397
 20
23876.71232876712
 10
36821.91780821918
 20
23876.71232876712
 10
36616.438356164384
 20
23958.90410958904
 10
36493.150684931505
 20
23876.71232876712
 10
36246.57534246575
 20
23876.71232876712
 10
36123.28767123287
 20
23794.520547945205
 10
36123.28767123287
 20
23712.328767123287
 10
36205.479452054795
 20
23630.136986301368
 10
36369.863013698625
 20
23630.136986301368
 10
36452.05479452055
 20
23547.94520547945
 10
36410.95890410959
 20
23465.753424657534
 10
36452.05479452055
 20
23219.17808219178
 10
36534.24657534246
 20
23178.08219178082
 10
37068.49315068493
 20
23178.08219178082
 10
37191.780821917804
 20
23301.369863013697
 10
37315.068493150684
 20
23301.369863013697
 10
37479.45205479452
 20
23178.08219178082
 10
37931.50684931507
 20
23178.08219178082
 10
38054.79452054794
 20
23301.369863013697
 10
38178.08219178082
 20
23301.369863013697
 10
38301.36986301369
 20
23178.08219178082
 10
38753.42465753424
 20
23178.08219178082
 10
38917.80821917808
 20
23301.369863013697
 10
39041.09589041096
 20
23301.369863013697
 10
39164.38356164383
 20
23178.08219178082
 10
39657.53424657534
 20
23178.08219178082
 10
39698.6301369863
 20
23136.986301369863
 10
39821.91780821917
 20
23136.986301369863
 10
39863.01369863014
 20
23178.08219178082
 10
40232.87671232876
 20
23178.08219178082
 10
40273.97260273973
 20
23136.986301369863
 10
40397.2602739726
 20
23136.986301369863
 10
40438.35616438356
 20
23178.08219178082
 10
40684.93150684931
 20
23178.08219178082
 10
40726.02739726027
 20
23136.986301369863
 10
40849.315068493146
 20
23136.986301369863
 10
40890.4109589041
 20
23178.08219178082
 10
41835.61643835616
 20
23178.08219178082
 10
41876.71232876712
 20
23136.986301369863
 10
42000.0
 20
23136.986301369863
 10
42123.28767123287
 20
23301.369863013697
 10
43767.12328767123
 20
23301.369863013697
 10
43808.21917808219
 20
23260.27397260274
 10
44054.79452054794
 20
23301.369863013697
 10
44178.08219178082
 20
23136.986301369863
 10
44383.561643835616
 20
23136.986301369863
 10
44465.75342465753
 20
23219.17808219178
 10
44465.75342465753
 20
23465.753424657534
 10
44424.65753424657
 20
23506.84931506849
 10
44465.75342465753
 20
23547.94520547945
 10
44465.75342465753
 20
23753.424657534244
 10
44424.65753424657
 20
23794.520547945205
 10
44136.98630136986
 20
23794.520547945205
 10
44095.8904109589
 20
23753.424657534244
 10
44136.98630136986
 20
23547.94520547945
 10
44054.79452054794
 20
23465.753424657534
 10
42123.28767123287
 20
23465.753424657534
 10
42041.09589041096
 20
23547.94520547945
 10
42041.09589041096
 20
23712.328767123287
 10
42082.191780821915
 20
23753.424657534244
 10
42041.09589041096
 20
23835.616438356163
 10
42041.09589041096
 20
24164.383561643834
 10
42000.0
 20
24205.47945205479
 10
42041.09589041096
 20
24246.575342465752
 10
42041.09589041096
 20
24698.6301369863
 10
42000.0
 20
24739.726027397257
 10
42041.09589041096
 20
24863.013698630137
 10
42205.479452054795
 20
24945.20547945205
 10
42780.821917808214
 20
24945.20547945205
 10
42821.91780821917
 20
24904.109589041094
 10
42945.20547945205
 20
24904.109589041094
 10
42986.30136986301
 20
24945.20547945205
 10
43068.49315068493
 20
24904.109589041094
 10
43150.68493150685
 20
24945.20547945205
 10
43191.780821917804
 20
24904.109589041094
 10
43479.45205479452
 20
24904.109589041094
 10
43561.643835616436
 20
24986.301369863013
 10
43561.643835616436
 20
25150.684931506847
 10
43520.54794520548
 20
25191.780821917808
 10
42082.191780821915
 20
25191.780821917808
 10
42041.09589041096
 20
25232.876712328765
 10
41917.80821917808
 20
25191.780821917808
 10
36534.24657534246
 20
25191.780821917808
 10
36493.150684931505
 20
25232.876712328765
 10
36205.479452054795
 20
25232.876712328765
 10
36123.28767123287
 20
25315.068493150684
 10
36123.28767123287
 20
29260.27397260274
 10
36205.479452054795
 20
29342.465753424654
 10
36328.76712328767
 20
29342.465753424654
 10
36369.863013698625
 20
29301.369863013697
 10
36410.95890410959
 20
29342.465753424654
 10
36410.95890410959
 20
29630.136986301368
 10
36369.863013698625
 20
29671.232876712325
  0
LWPOLYLINE
  5
12E
330
17
100
AcDbEntity
  8
RASTER_CONTOURS
100
AcDbPolyline
 90
6
 70
1
 10
46150.68493150685
 20
29753.424657534244
 10
46191.780821917804
 20
29794.520547945205
 10
46561.643835616436
 20
29794.520547945205
 10
46602.739726027394
 20
29753.424657534244
 10
46561.643835616436
 20
29712.328767123287
 10
46191.780821917804
 20
29712.328767123287
  0
LWPOLYLINE
  5
12F
330
17
100
AcDbEntity
  8
RASTER_CONTOURS
100
AcDbPolyline
 90
6
 70
1
 10
44794.520547945205
 20
29753.424657534244
 10
44835.61643835616
 20
29794.520547945205
 10
45041.09589041096
 20
29794.520547945205
 10
45082.191780821915
 20
29753.424657534244
 10
45041.09589041096
 20
29712.328767123287
 10
44835.61643835616
 20
29712.328767123287
  0
LWPOLYLINE
  5
130
330
17
100
AcDbEntity
  8
RASTER_CONTOURS
100
AcDbPolyline
 90
20
 70
1
 10
37438.35616438356
 20
29547.94520547945
 10
37561.643835616436
 20
29630.136986301368
 10
38630.13698630137
 20
29630.136986301368
 10
38671.232876712325
 20
29589.04109589041
 10
38712.32876712328
 20
29630.136986301368
 10
38753.42465753424
 20
29589.04109589041
 10
38835.61643835616
 20
29630.136986301368
 10
38917.80821917808
 20
29794.520547945205
 10
39041.09589041096
 20
29589.04109589041
 10
40150.68493150685
 20
29589.04109589041
 10
40232.87671232876
 20
29506.84931506849
 10
40232.87671232876
 20
28849.31506849315
 10
40150.68493150685
 20
28767.12328767123
 10
39041.09589041096
 20
28767.12328767123
 10
39000.0
 20
28808.21917808219
 10
38876.71232876712
 20
28808.21917808219
 10
38794.520547945205
 20
28890.410958904107
 10
38835.61643835616
 20
29013.698630136983
 10
38794.520547945205
 20
29424.657534246573
 10
37520.54794520548
 20
29424.657534246573
  0
LWPOLYLINE
  5
131
330
17
100
AcDbEntity
  8
RASTER_CONTOURS
100
AcDbPolyline
 90
1035
 70
1
 10
33945.20547945205
 20
29671.232876712325
 10
33328.76712328767
 20
29671.232876712325
 10
33287.67123287671
 20
29712.328767123287
 10
32958.90410958904
 20
29712.328767123287
 10
32917.80821917808
 20
29753.424657534244
 10
32753.424657534244
 20
29671.232876712325
 10
32219.17808219178
 20
29671.232876712325
 10
32178.08219178082
 20
29712.328767123287
 10
32054.794520547945
 20
29712.328767123287
 10
32013.698630136983
 20
29671.232876712325
 10
31643.835616438355
 20
29671.232876712325
 10
31602.739726027394
 20
29712.328767123287
 10
31479.452054794518
 20
29671.232876712325
 10
29424.657534246573
 20
29671.232876712325
 10
29301.369863013697
 20
29712.328767123287
 10
29260.27397260274
 20
29794.520547945205
 10
29136.98630136986
 20
29753.424657534244
 10
28643.835616438355
 20
29753.424657534244
 10
28602.739726027394
 20
29794.520547945205
 10
28438.35616438356
 20
29753.424657534244
 10
28397.260273972603
 20
29794.520547945205
 10
28232.876712328765
 20
29794.520547945205
 10
28027.39726027397
 20
29671.232876712325
 10
27575.342465753423
 20
29671.232876712325
 10
27534.246575342462
 20
29712.328767123287
 10
27205.47945205479
 20
29712.328767123287
 10
27164.383561643834
 20
29671.232876712325
 10
25109.58904109589
 20
29671.232876712325
 10
24986.301369863013
 20
29753.424657534244
 10
24986.301369863013
 20
29917.80821917808
 10
24904.109589041094
 20
29794.520547945205
 10
24739.726027397257
 20
29794.520547945205
 10
24698.6301369863
 20
29753.424657534244
 10
24616.43835616438
 20
29794.520547945205
 10
24493.150684931505
 20
29753.424657534244
 10
24452.054794520547
 20
29794.520547945205
 10
23794.520547945205
 20
29794.520547945205
 10
23630.136986301368
 20
29671.232876712325
 10
23506.84931506849
 20
29671.232876712325
 10
23465.753424657534
 20
29712.328767123287
 10
22849.31506849315
 20
29712.328767123287
 10
22808.21917808219
 20
29671.232876712325
 10
21739.72602739726
 20
29671.232876712325
 10
21698.6301369863
 20
29712.328767123287
 10
21657.534246575342
 20
29671.232876712325
 10
21452.054794520547
 20
29671.232876712325
 10
21369.86301369863
 20
29589.04109589041
 10
21328.76712328767
 20
29342.465753424654
 10
21452.054794520547
 20
29095.890410958902
 10
21452.054794520547
 20
28602.739726027394
 10
21410.958904109586
 20
28561.643835616436
 10
21410.958904109586
 20
26712.328767123287
 10
21452.054794520547
 20
26671.232876712325
 10
21452.054794520547
 20
26547.94520547945
 10
21534.246575342466
 20
26465.753424657534
 10
21534.246575342466
 20
25315.068493150684
 10
21452.054794520547
 20
25273.972602739723
 10
21410.958904109586
 20
24904.109589041094
 10
21287.67123287671
 20
24821.917808219176
 10
21287.67123287671
 20
24616.43835616438
 10
21369.86301369863
 20
24493.150684931505
 10
21369.86301369863
 20
24328.76712328767
 10
21410.958904109586
 20
24287.67123287671
 10
21369.86301369863
 20
23630.136986301368
 10
21410.958904109586
 20
23589.04109589041
 10
21452.054794520547
 20
23630.136986301368
 10
21575.342465753423
 20
23630.136986301368
 10
21657.534246575342
 20
23547.94520547945
 10
21657.534246575342
 20
21698.6301369863
 10
21616.43835616438
 20
21657.534246575342
 10
21657.534246575342
 20
21534.246575342466
 10
21657.534246575342
 20
21164.383561643834
 10
21575.342465753423
 20
21082.191780821915
 10
20547.94520547945
 20
21082.191780821915
 10
20424.657534246573
 20
21205.479452054795
 10
20465.753424657534
 20
21287.67123287671
 10
20465.753424657534
 20
21534.246575342466
 10
20506.84931506849
 20
21575.342465753423
 10
20465.753424657534
 20
21657.534246575342
 10
20342.465753424654
 20
21616.43835616438
 10
20424.657534246573
 20
21493.150684931505
 10
20424.657534246573
 20
21164.383561643834
 10
20342.465753424654
 20
21082.191780821915
 10
20260.27397260274
 20
21082.191780821915
 10
20013.698630136983
 20
21410.958904109586
 10
19972.602739726026
 20
21616.43835616438
 10
19767.12328767123
 20
21780.821917808218
 10
19520.54794520548
 20
22232.876712328765
 10
19520.54794520548
 20
22479.452054794518
 10
19561.643835616436
 20
22520.54794520548
 10
19561.643835616436
 20
23589.04109589041
 10
19726.027397260274
 20
23671.232876712325
 10
19767.12328767123
 20
23630.136986301368
 10
19890.410958904107
 20
23630.136986301368
 10
19931.50684931507
 20
23671.232876712325
 10
20136.986301369863
 20
23589.04109589041
 10
20260.27397260274
 20
23630.136986301368
 10
20383.561643835616
 20
23589.04109589041
 10
20465.753424657534
 20
23753.424657534244
 10
20465.753424657534
 20
23876.71232876712
 10
20383.561643835616
 20
23958.90410958904
 10
20219.17808219178
 20
23958.90410958904
 10
20178.08219178082
 20
24000.0
 10
20178.08219178082
 20
25520.54794520548
 10
20219.17808219178
 20
25561.643835616436
 10
20178.08219178082
 20
25602.739726027394
 10
20178.08219178082
 20
28397.260273972603
 10
20219.17808219178
 20
28438.35616438356
 10
20178.08219178082
 20
28561.643835616436
 10
20178.08219178082
 20
29219.17808219178
 10
20301.369863013697
 20
29383.561643835616
 10
20260.27397260274
 20
29424.657534246573
 10
20260.27397260274
 20
29630.136986301368
 10
20260.27397260274
 20
29547.94520547945
 10
20178.08219178082
 20
29465.75342465753
 10
20013.698630136983
 20
29424.657534246573
 10
19972.602739726026
 20
24328.76712328767
 10
19931.50684931507
 20
24287.67123287671
 10
19397.260273972603
 20
24287.67123287671
 10
19315.068493150684
 20
24410.958904109586
 10
19315.068493150684
 20
24575.342465753423
 10
19315.068493150684
 20
24246.575342465752
 10
19273.972602739726
 20
24205.47945205479
 10
19273.972602739726
 20
23547.94520547945
 10
19315.068493150684
 20
23506.84931506849
 10
19273.972602739726
 20
23465.753424657534
 10
19273.972602739726
 20
22109.58904109589
 10
19397.260273972603
 20
21863.013698630137
 10
19479.452054794518
 20
21821.917808219176
 10
19561.643835616436
 20
21616.43835616438
 10
19931.50684931507
 20
21082.191780821915
 10
20013.698630136983
 20
20835.616438356163
 10
20136.986301369863
 20
20712.328767123287
 10
20301.369863013697
 20
20794.520547945205
 10
21000.0
 20
20794.520547945205
 10
21164.383561643834
 20
20630.136986301368
 10
21246.575342465752
 20
20630.136986301368
 10
21410.958904109586
 20
20753.424657534244
 10
21616.43835616438
 20
20753.424657534244
 10
21739.72602739726
 20
20671.23287671233
 10
21904.109589041094
 20
20671.23287671233
 10
21945.20547945205
 20
20712.328767123287
 10
22397.260273972603
 20
20712.328767123287
 10
22479.452054794518
 20
20589.04109589041
 10
22479.452054794518
 20
20301.369863013697
 10
22520.54794520548
 20
20260.27397260274
 10
22520.54794520548
 20
19726.027397260274
 10
22479.452054794518
 20
19684.931506849312
 10
22520.54794520548
 20
19602.739726027397
 10
22520.54794520548
 20
18780.821917808218
 10
22479.452054794518
 20
18739.72602739726
 10
22479.452054794518
 20
18369.86301369863
 10
22397.260273972603
 20
18287.67123287671
 10
21945.20547945205
 20
18287.67123287671
 10
21904.109589041094
 20
18328.76712328767
 10
21780.821917808218
 20
18328.76712328767
 10
21657.534246575342
 20
18246.575342465752
 10
21410.958904109586
 20
18246.575342465752
 10
21287.67123287671
 20
18369.86301369863
 10
21164.383561643834
 20
18369.86301369863
 10
21041.095890410958
 20
18246.575342465752
 10
20753.424657534244
 20
18246.575342465752
 10
20753.424657534244
 20
17095.890410958902
 10
20671.23287671233
 20
16808.219178082192
 10
20671.23287671233
 20
16561.643835616436
 10
20589.04109589041
 20
16356.164383561643
 10
20547.94520547945
 20
15986.301369863013
 10
20095.890410958902
 20
14753.424657534246
 10
19890.410958904107
 20
14465.753424657534
 10
19849.31506849315
 20
14301.369863013697
 10
19726.027397260274
 20
14178.08219178082
 10
19726.027397260274
 20
14095.890410958904
 10
19602.739726027397
 20
13972.602739726026
 10
19479.452054794518
 20
13726.027397260274
 10
19273.972602739726
 20
13520.547945205479
 10
19232.876712328765
 20
13397.260273972603
 10
19068.49315068493
 20
13191.780821917808
 10
18123.287671232876
 20
12287.671232876712
 10
17136.986301369863
 20
11630.13698630137
 10
17054.794520547945
 20
11630.13698630137
 10
16972.602739726026
 20
11547.945205479451
 10
16890.410958904107
 20
11547.945205479451
 10
16808.219178082192
 20
11465.753424657534
 10
16356.164383561643
 20
11301.369863013699
 10
16150.684931506848
 20
11178.08219178082
 10
15123.287671232876
 20
10890.410958904109
 10
14958.90410958904
 20
10890.410958904109
 10
14712.328767123287
 20
10808.21917808219
 10
14013.698630136985
 20
10767.123287671233
 10
13972.602739726026
 20
10726.027397260274
 10
12945.205479452054
 20
10767.123287671233
 10
12904.109589041094
 20
10808.21917808219
 10
12616.438356164383
 20
10808.21917808219
 10
12575.342465753423
 20
10849.31506849315
 10
12164.383561643835
 20
10890.410958904109
 10
12000.0
 20
10972.602739726026
 10
11630.13698630137
 20
11013.698630136985
 10
11506.849315068492
 20
11095.890410958904
 10
10767.123287671233
 20
11342.465753424656
 10
10191.780821917808
 20
11630.13698630137
 10
10109.58904109589
 20
11712.328767123287
 10
10027.397260273972
 20
11712.328767123287
 10
9698.630136986301
 20
11958.90410958904
 10
9616.438356164383
 20
11958.90410958904
 10
8712.328767123287
 20
12780.821917808218
 10
8712.328767123287
 20
12863.013698630137
 10
8835.616438356165
 20
12945.205479452054
 10
8876.712328767122
 20
13068.49315068493
 10
8753.424657534246
 20
13068.49315068493
 10
8630.13698630137
 20
12945.205479452054
 10
8506.849315068492
 20
12945.205479452054
 10
8136.986301369862
 20
13356.164383561643
 10
7972.602739726027
 20
13684.931506849314
 10
7767.123287671232
 20
13890.410958904109
 10
7684.931506849314
 20
14136.986301369861
 10
7561.643835616438
 20
14260.27397260274
 10
7479.45205479452
 20
14465.753424657534
 10
7397.260273972603
 20
14547.945205479451
 10
7356.164383561643
 20
14712.328767123287
 10
7273.9726027397255
 20
14794.520547945205
 10
7109.58904109589
 20
15287.671232876712
 10
7027.397260273972
 20
15369.863013698628
 10
7027.397260273972
 20
15534.246575342464
 10
6863.013698630137
 20
15904.109589041094
 10
6863.013698630137
 20
16027.397260273972
 10
6698.630136986301
 20
16561.643835616436
 10
6698.630136986301
 20
16849.31506849315
 10
6657.534246575342
 20
16890.410958904107
 10
6657.534246575342
 20
17178.08219178082
 10
6616.438356164384
 20
17219.17808219178
 10
6616.438356164384
 20
18369.86301369863
 10
6657.534246575342
 20
18410.95890410959
 10
6657.534246575342
 20
18657.534246575342
 10
6698.630136986301
 20
18698.6301369863
 10
6698.630136986301
 20
19027.39726027397
 10
6821.9178082191775
 20
19397.260273972603
 10
6821.9178082191775
 20
19561.643835616436
 10
6986.301369863013
 20
19972.602739726026
 10
6986.301369863013
 20
20095.890410958902
 10
7232.876712328767
 20
20589.04109589041
 10
7356.164383561643
 20
20958.90410958904
 10
7438.356164383561
 20
21041.095890410958
 10
7684.931506849314
 20
21534.246575342466
 10
8342.465753424656
 20
22438.35616438356
 10
8013.698630136986
 20
22849.31506849315
 10
7315.068493150685
 20
23547.94520547945
 10
6534.246575342465
 20
24452.054794520547
 10
6493.1506849315065
 20
24452.054794520547
 10
5753.424657534246
 20
25232.876712328765
 10
5547.945205479452
 20
25232.876712328765
 10
5424.657534246575
 20
25315.068493150684
 10
5383.561643835616
 20
25397.260273972603
 10
5383.561643835616
 20
26794.520547945205
 10
5342.465753424657
 20
26835.616438356163
 10
5342.465753424657
 20
27164.383561643834
 10
5383.561643835616
 20
27287.67123287671
 10
5342.465753424657
 20
27328.76712328767
 10
5342.465753424657
 20
28479.452054794518
 10
5301.369863013699
 20
28520.54794520548
 10
5301.369863013699
 20
28849.31506849315
 10
5260.273972602739
 20
28890.410958904107
 10
5013.698630136986
 20
28849.31506849315
 10
5054.794520547945
 20
28561.643835616436
 10
4972.602739726027
 20
28479.452054794518
 10
5054.794520547945
 20
28397.260273972603
 10
5013.698630136986
 20
28109.58904109589
 10
5095.890410958904
 20
28027.39726027397
 10
5136.986301369862
 20
26013.698630136983
 10
4972.602739726027
 20
25931.50684931507
 10
4726.027397260274
 20
25931.50684931507
 10
4684.931506849315
 20
25972.602739726026
 10
4602.739726027397
 20
25931.50684931507
 10
4397.260273972603
 20
25931.50684931507
 10
4068.493150684931
 20
26054.794520547945
 10
3904.1095890410957
 20
26054.794520547945
 10
3821.917808219178
 20
26013.698630136983
 10
3863.013698630137
 20
25931.50684931507
 10
3863.013698630137
 20
25602.739726027394
 10
3780.821917808219
 20
25520.54794520548
 10
3739.72602739726
 20
25561.643835616436
 10
3616.4383561643835
 20
25520.54794520548
 10
3452.0547945205476
 20
25520.54794520548
 10
3410.9589041095887
 20
25561.643835616436
 10
3082.1917808219177
 20
25561.643835616436
 10
3041.095890410959
 20
25520.54794520548
 10
2876.712328767123
 20
25561.643835616436
 10
2753.4246575342463
 20
25520.54794520548
 10
2753.4246575342463
 20
24000.0
 10
2794.520547945205
 20
23958.90410958904
 10
2794.520547945205
 20
22602.739726027397
 10
2835.616438356164
 20
22561.643835616436
 10
2835.616438356164
 20
20876.71232876712
 10
2876.712328767123
 20
20835.616438356163
 10
2876.712328767123
 20
19684.931506849312
 10
2917.808219178082
 20
19643.835616438355
 10
2958.9041095890407
 20
17178.08219178082
 10
3000.0
 20
17136.986301369863
 10
3000.0
 20
16808.219178082192
 10
3041.095890410959
 20
16767.12328767123
 10
4027.3972602739723
 20
16767.12328767123
 10
4109.58904109589
 20
16684.931506849312
 10
4109.58904109589
 20
16520.54794520548
 10
4068.493150684931
 20
16479.45205479452
 10
4150.684931506849
 20
16397.260273972603
 10
4438.356164383561
 20
16438.35616438356
 10
4479.45205479452
 20
16561.643835616436
 10
4438.356164383561
 20
16602.739726027397
 10
4438.356164383561
 20
17671.23287671233
 10
4397.260273972603
 20
17712.328767123287
 10
4397.260273972603
 20
19109.58904109589
 10
4356.164383561643
 20
19150.684931506847
 10
4315.068493150685
 20
21287.67123287671
 10
4397.260273972603
 20
21369.86301369863
 10
5301.369863013699
 20
21369.86301369863
 10
5342.465753424657
 20
21328.76712328767
 10
5342.465753424657
 20
21205.479452054795
 10
5219.17808219178
 20
20958.90410958904
 10
5219.17808219178
 20
20835.616438356163
 10
5136.986301369862
 20
20712.328767123287
 10
5054.794520547945
 20
20342.465753424654
 10
4972.602739726027
 20
20178.08219178082
 10
4849.315068493151
 20
19479.452054794518
 10
4808.219178082191
 20
19438.35616438356
 10
4808.219178082191
 20
19273.972602739726
 10
4767.123287671233
 20
19232.876712328765
 10
4726.027397260274
 20
18698.6301369863
 10
4808.219178082191
 20
18616.43835616438
 10
4890.410958904109
 20
18616.43835616438
 10
4931.506849315068
 20
18657.534246575342
 10
4890.410958904109
 20
18904.109589041094
 10
4931.506849315068
 20
18945.20547945205
 10
4931.506849315068
 20
19150.684931506847
 10
5013.698630136986
 20
19315.068493150684
 10
4972.602739726027
 20
19438.35616438356
 10
5054.794520547945
 20
19561.643835616436
 10
5095.890410958904
 20
20054.794520547945
 10
5219.17808219178
 20
20219.17808219178
 10
5219.17808219178
 20
20383.561643835616
 10
5301.369863013699
 20
20506.84931506849
 10
5301.369863013699
 20
20671.23287671233
 10
5424.657534246575
 20
20794.520547945205
 10
5424.657534246575
 20
21000.0
 10
5547.945205479452
 20
21082.191780821915
 10
5547.945205479452
 20
21246.575342465752
 10
5589.04109589041
 20
21328.76712328767
 10
5712.328767123287
 20
21410.958904109586
 10
5671.232876712328
 20
21534.246575342466
 10
5835.616438356164
 20
21739.72602739726
 10
5917.808219178081
 20
21986.301369863013
 10
6041.095890410958
 20
22068.49315068493
 10
6041.095890410958
 20
22191.780821917808
 10
6205.479452054794
 20
22315.068493150684
 10
6205.479452054794
 20
22520.54794520548
 10
6287.671232876712
 20
22602.739726027397
 10
6369.863013698629
 20
22602.739726027397
 10
6328.767123287671
 20
22684.931506849312
 10
6493.1506849315065
 20
22890.410958904107
 10
6575.342465753424
 20
22890.410958904107
 10
6575.342465753424
 20
23013.698630136983
 10
6698.630136986301
 20
23095.890410958902
 10
6904.109589041095
 20
23383.561643835616
 10
7027.397260273972
 20
23383.561643835616
 10
7109.58904109589
 20
23342.465753424654
 10
7479.45205479452
 20
22931.50684931507
 10
7726.027397260274
 20
22767.12328767123
 10
7972.602739726027
 20
22438.35616438356
 10
7520.547945205479
 20
21863.013698630137
 10
7397.260273972603
 20
21657.534246575342
 10
7397.260273972603
 20
21575.342465753423
 10
7068.493150684931
 20
21123.287671232876
 10
7068.493150684931
 20
21000.0
 10
6945.2054794520545
 20
20835.616438356163
 10
6904.109589041095
 20
20876.71232876712
 10
6945.2054794520545
 20
20835.616438356163
 10
6945.2054794520545
 20
20712.328767123287
 10
6863.013698630137
 20
20630.136986301368
 10
6821.9178082191775
 20
20424.657534246573
 10
6739.72602739726
 20
20383.561643835616
 10
6739.72602739726
 20
20219.17808219178
 10
6657.534246575342
 20
20095.890410958902
 10
6657.534246575342
 20
19931.50684931507
 10
6534.246575342465
 20
19808.219178082192
 10
6575.342465753424
 20
19726.027397260274
 10
6493.1506849315065
 20
19561.643835616436
 10
6493.1506849315065
 20
19397.260273972603
 10
6410.958904109589
 20
19315.068493150684
 10
6452.054794520547
 20
19273.972602739726
 10
6452.054794520547
 20
19150.684931506847
 10
6369.863013698629
 20
19068.49315068493
 10
6410.958904109589
 20
18904.109589041094
 10
6328.767123287671
 20
18821.917808219176
 10
6369.863013698629
 20
18739.72602739726
 10
6328.767123287671
 20
18616.43835616438
 10
6328.767123287671
 20
17095.890410958902
 10
6369.863013698629
 20
17054.794520547945
 10
6369.863013698629
 20
16808.219178082192
 10
6410.958904109589
 20
16767.12328767123
 10
6410.958904109589
 20
16561.643835616436
 10
6493.1506849315065
 20
16356.164383561643
 10
6493.1506849315065
 20
16191.780821917808
 10
6616.438356164384
 20
15821.917808219177
 10
6616.438356164384
 20
15287.671232876712
 10
6657.534246575342
 20
15246.575342465752
 10
6616.438356164384
 20
15123.287671232876
 10
6657.534246575342
 20
15041.095890410958
 10
6657.534246575342
 20
14835.616438356163
 10
6616.438356164384
 20
14794.520547945205
 10
6616.438356164384
 20
14506.849315068492
 10
6657.534246575342
 20
14424.657534246575
 10
6575.342465753424
 20
14178.08219178082
 10
6616.438356164384
 20
14136.986301369861
 10
6616.438356164384
 20
13931.506849315068
 10
6534.246575342465
 20
13849.31506849315
 10
6082.191780821918
 20
13849.31506849315
 10
5958.904109589041
 20
13931.506849315068
 10
5835.616438356164
 20
13931.506849315068
 10
5794.520547945205
 20
13890.410958904109
 10
5342.465753424657
 20
13890.410958904109
 10
5219.17808219178
 20
14013.698630136985
 10
5219.17808219178
 20
14136.986301369861
 10
5260.273972602739
 20
14178.08219178082
 10
5219.17808219178
 20
14219.17808219178
 10
4602.739726027397
 20
14219.17808219178
 10
4438.356164383561
 20
14342.465753424656
 10
4273.9726027397255
 20
14342.465753424656
 10
4232.876712328767
 20
14383.561643835616
 10
4109.58904109589
 20
14219.17808219178
 10
3287.671232876712
 20
14219.17808219178
 10
3205.4794520547944
 20
14260.27397260274
 10
3082.1917808219177
 20
14136.986301369861
 10
3123.2876712328766
 20
11383.561643835616
 10
3082.1917808219177
 20
11342.465753424656
 10
2958.9041095890407
 20
11342.465753424656
 10
2876.712328767123
 20
11424.657534246575
 10
2712.3287671232874
 20
11465.753424657534
 10
2671.2328767123286
 20
11424.657534246575
 10
2671.2328767123286
 20
11054.794520547945
 10
2753.4246575342463
 20
10972.602739726026
 10
3041.095890410959
 20
11178.08219178082
 10
3164.3835616438355
 20
11136.986301369861
 10
3246.5753424657532
 20
7520.547945205479
 10
3287.671232876712
 20
7479.45205479452
 10
3287.671232876712
 20
5794.520547945205
 10
3328.767123287671
 20
5753.424657534246
 10
3328.767123287671
 20
5424.657534246575
 10
3369.86301369863
 20
5342.465753424657
 10
3698.6301369863013
 20
5342.465753424657
 10
3739.72602739726
 20
5301.369863013699
 10
3780.821917808219
 20
5342.465753424657
 10
4191.780821917808
 20
5342.465753424657
 10
4232.876712328767
 20
5301.369863013699
 10
4438.356164383561
 20
5301.369863013699
 10
4479.45205479452
 20
5260.273972602739
 10
4479.45205479452
 20
4520.547945205479
 10
4520.547945205479
 20
4438.356164383561
 10
5342.465753424657
 20
3698.6301369863013
 10
5506.849315068493
 20
3616.4383561643835
 10
5547.945205479452
 20
3657.5342465753424
 10
5547.945205479452
 20
5835.616438356164
 10
5589.04109589041
 20
5876.712328767123
 10
6493.1506849315065
 20
5876.712328767123
 10
6657.534246575342
 20
5958.904109589041
 10
7520.547945205479
 20
5876.712328767123
 10
7561.643835616438
 20
5835.616438356164
 10
7684.931506849314
 20
5876.712328767123
 10
8630.13698630137
 20
5876.712328767123
 10
8671.232876712329
 20
5835.616438356164
 10
8712.328767123287
 20
5876.712328767123
 10
9287.671232876712
 20
5876.712328767123
 10
9328.767123287671
 20
5835.616438356164
 10
9410.958904109588
 20
5876.712328767123
 10
9493.150684931506
 20
5835.616438356164
 10
10109.58904109589
 20
5835.616438356164
 10
10150.684931506848
 20
5876.712328767123
 10
11630.13698630137
 20
5876.712328767123
 10
11712.328767123287
 20
5835.616438356164
 10
11753.424657534246
 20
5876.712328767123
 10
12164.383561643835
 20
5876.712328767123
 10
12328.767123287671
 20
5753.424657534246
 10
12410.958904109588
 20
5794.520547945205
 10
12493.150684931506
 20
5753.424657534246
 10
12616.438356164383
 20
5753.424657534246
 10
12657.534246575342
 20
5794.520547945205
 10
12739.726027397259
 20
5753.424657534246
 10
12986.301369863013
 20
5753.424657534246
 10
13027.397260273972
 20
5794.520547945205
 10
13068.49315068493
 20
5753.424657534246
 10
13356.164383561643
 20
5753.424657534246
 10
13479.45205479452
 20
5876.712328767123
 10
13561.643835616438
 20
5835.616438356164
 10
13808.21917808219
 20
5876.712328767123
 10
13849.31506849315
 20
5917.808219178081
 10
13849.31506849315
 20
6041.095890410958
 10
13808.21917808219
 20
6082.191780821918
 10
13808.21917808219
 20
6287.671232876712
 10
13684.931506849314
 20
6123.287671232876
 10
13520.547945205479
 20
6123.287671232876
 10
13479.45205479452
 20
6164.3835616438355
 10
13356.164383561643
 20
6164.3835616438355
 10
13315.068493150684
 20
6123.287671232876
 10
10356.164383561643
 20
6123.287671232876
 10
10315.068493150684
 20
6164.3835616438355
 10
10191.780821917808
 20
6123.287671232876
 10
9986.301369863013
 20
6123.287671232876
 10
9945.205479452054
 20
6164.3835616438355
 10
9821.917808219177
 20
6123.287671232876
 10
9410.958904109588
 20
6123.287671232876
 10
9369.86301369863
 20
6164.3835616438355
 10
9287.671232876712
 20
6123.287671232876
 10
9205.479452054795
 20
6205.479452054794
 10
9123.287671232876
 20
6164.3835616438355
 10
9000.0
 20
6205.479452054794
 10
8794.520547945205
 20
6123.287671232876
 10
8424.657534246575
 20
6123.287671232876
 10
8301.369863013699
 20
6246.575342465753
 10
8301.369863013699
 20
6821.9178082191775
 10
8260.27397260274
 20
6904.109589041095
 10
8178.082191780822
 20
6863.013698630137
 10
8095.890410958904
 20
6904.109589041095
 10
8054.794520547945
 20
6863.013698630137
 10
8054.794520547945
 20
6616.438356164384
 10
8013.698630136986
 20
6575.342465753424
 10
8054.794520547945
 20
6246.575342465753
 10
7890.410958904109
 20
6123.287671232876
 10
7849.31506849315
 20
6164.3835616438355
 10
7767.123287671232
 20
6123.287671232876
 10
7232.876712328767
 20
6123.287671232876
 10
7150.684931506848
 20
6041.095890410958
 10
7068.493150684931
 20
6082.191780821918
 10
6986.301369863013
 20
6041.095890410958
 10
6863.013698630137
 20
6082.191780821918
 10
6821.9178082191775
 20
6041.095890410958
 10
6493.1506849315065
 20
6041.095890410958
 10
6452.054794520547
 20
6082.191780821918
 10
6410.958904109589
 20
6041.095890410958
 10
5589.04109589041
 20
6041.095890410958
 10
5465.753424657534
 20
6205.479452054794
 10
5465.753424657534
 20
6452.054794520547
 10
5506.849315068493
 20
6493.1506849315065
 10
5465.753424657534
 20
6616.438356164384
 10
5465.753424657534
 20
8095.890410958904
 10
4808.219178082191
 20
8095.890410958904
 10
4684.931506849315
 20
8178.082191780822
 10
4684.931506849315
 20
9000.0
 10
4643.835616438356
 20
9041.095890410958
 10
4643.835616438356
 20
9780.821917808218
 10
4684.931506849315
 20
9821.917808219177
 10
4643.835616438356
 20
10150.684931506848
 10
4684.931506849315
 20
10191.780821917808
 10
4602.739726027397
 20
10438.35616438356
 10
4643.835616438356
 20
10561.643835616438
 10
4561.643835616438
 20
10684.931506849314
 10
4356.164383561643
 20
10767.123287671233
 10
4273.9726027397255
 20
10643.835616438355
 10
4315.068493150685
 20
10602.739726027397
 10
4315.068493150685
 20
9780.821917808218
 10
4356.164383561643
 20
9739.726027397259
 10
4397.260273972603
 20
7356.164383561643
 10
4438.356164383561
 20
7315.068493150685
 10
4684.931506849315
 20
7356.164383561643
 10
4726.027397260274
 20
7438.356164383561
 10
4726.027397260274
 20
7767.123287671232
 10
4767.123287671233
 20
7808.219178082191
 10
5054.794520547945
 20
7849.31506849315
 10
5219.17808219178
 20
7726.027397260274
 10
5219.17808219178
 20
5547.945205479452
 10
5095.890410958904
 20
5424.657534246575
 10
4931.506849315068
 20
5424.657534246575
 10
4767.123287671233
 20
5547.945205479452
 10
4767.123287671233
 20
6328.767123287671
 10
4726.027397260274
 20
6369.863013698629
 10
4726.027397260274
 20
6493.1506849315065
 10
4438.356164383561
 20
6534.246575342465
 10
4397.260273972603
 20
6410.958904109589
 10
4438.356164383561
 20
6369.863013698629
 10
4438.356164383561
 20
5671.232876712328
 10
4479.45205479452
 20
5630.13698630137
 10
4438.356164383561
 20
5589.04109589041
 10
4479.45205479452
 20
5465.753424657534
 10
4356.164383561643
 20
5383.561643835616
 10
4315.068493150685
 20
5424.657534246575
 10
4232.876712328767
 20
5383.561643835616
 10
3986.3013698630134
 20
5383.561643835616
 10
3945.2054794520545
 20
5424.657534246575
 10
3575.342465753424
 20
5383.561643835616
 10
3410.9589041095887
 20
5465.753424657534
 10
3410.9589041095887
 20
5712.328767123287
 10
3369.86301369863
 20
5753.424657534246
 10
3328.767123287671
 20
8589.04109589041
 10
3287.671232876712
 20
8630.13698630137
 10
3287.671232876712
 20
9739.726027397259
 10
3246.5753424657532
 20
9780.821917808218
 10
3246.5753424657532
 20
10602.739726027397
 10
3287.671232876712
 20
10643.835616438355
 10
3246.5753424657532
 20
10726.027397260274
 10
3246.5753424657532
 20
10972.602739726026
 10
3287.671232876712
 20
11013.698630136985
 10
3287.671232876712
 20
11136.986301369861
 10
3205.4794520547944
 20
11260.27397260274
 10
3205.4794520547944
 20
12534.246575342466
 10
3164.3835616438355
 20
12575.342465753423
 10
3164.3835616438355
 20
14013.698630136985
 10
3246.5753424657532
 20
14095.890410958904
 10
3739.72602739726
 20
14095.890410958904
 10
3780.821917808219
 20
14054.794520547945
 10
4068.493150684931
 20
14095.890410958904
 10
4191.780821917808
 20
14013.698630136985
 10
4232.876712328767
 20
13890.410958904109
 10
4232.876712328767
 20
12698.630136986301
 10
4273.9726027397255
 20
12657.534246575342
 10
4273.9726027397255
 20
11835.616438356163
 10
4232.876712328767
 20
11753.424657534246
 10
4315.068493150685
 20
11671.232876712327
 10
4561.643835616438
 20
11753.424657534246
 10
4561.643835616438
 20
12986.301369863013
 10
4643.835616438356
 20
13068.49315068493
 10
5178.082191780822
 20
13068.49315068493
 10
5219.17808219178
 20
13109.58904109589
 10
5219.17808219178
 20
13479.45205479452
 10
5260.273972602739
 20
13520.547945205479
 10
5219.17808219178
 20
13767.123287671231
 10
5301.369863013699
 20
13849.31506849315
 10
5794.520547945205
 20
13849.31506849315
 10
5876.712328767123
 20
13767.123287671231
 10
6000.0
 20
13767.123287671231
 10
6041.095890410958
 20
13808.21917808219
 10
6534.246575342465
 20
13808.21917808219
 10
6616.438356164384
 20
13726.027397260274
 10
6616.438356164384
 20
13602.739726027396
 10
6575.342465753424
 20
13561.643835616438
 10
6657.534246575342
 20
13397.260273972603
 10
6657.534246575342
 20
10356.164383561643
 10
6616.438356164384
 20
10315.068493150684
 10
6616.438356164384
 20
9739.726027397259
 10
6657.534246575342
 20
9698.630136986301
 10
6657.534246575342
 20
9575.342465753423
 10
6739.72602739726
 20
9534.246575342466
 10
6904.109589041095
 20
9657.534246575342
 10
6904.109589041095
 20
10273.972602739725
 10
7109.58904109589
 20
10356.164383561643
 10
7232.876712328767
 20
10315.068493150684
 10
8301.369863013699
 20
10315.068493150684
 10
8342.465753424656
 20
10356.164383561643
 10
8383.561643835616
 20
10315.068493150684
 10
13109.58904109589
 20
10315.068493150684
 10
13191.780821917808
 20
10027.397260273972
 10
13191.780821917808
 20
9863.013698630137
 10
13150.684931506848
 20
9821.917808219177
 10
13191.780821917808
 20
9657.534246575342
 10
13972.602739726026
 20
9657.534246575342
 10
14013.698630136985
 20
9698.630136986301
 10
14013.698630136985
 20
10232.876712328767
 10
14095.890410958904
 20
10315.068493150684
 10
15904.109589041094
 20
10315.068493150684
 10
15986.301369863013
 20
10232.876712328767
 10
15986.301369863013
 20
6205.479452054794
 10
15863.013698630137
 20
6123.287671232876
 10
15780.821917808218
 20
6164.3835616438355
 10
15739.726027397259
 20
6123.287671232876
 10
15246.575342465752
 20
6123.287671232876
 10
15123.287671232876
 20
6205.479452054794
 10
15123.287671232876
 20
6821.9178082191775
 10
15123.287671232876
 20
6000.0
 10
15082.191780821917
 20
5958.904109589041
 10
15164.383561643835
 20
5835.616438356164
 10
15246.575342465752
 20
5876.712328767123
 10
15287.671232876712
 20
5835.616438356164
 10
18041.095890410958
 20
5835.616438356164
 10
18123.287671232876
 20
5917.808219178081
 10
18082.191780821915
 20
5958.904109589041
 10
18082.191780821915
 20
6246.575342465753
 10
18123.287671232876
 20
6287.671232876712
 10
18082.191780821915
 20
6328.767123287671
 10
18082.191780821915
 20
6986.301369863013
 10
17835.616438356163
 20
6986.301369863013
 10
17835.616438356163
 20
6821.9178082191775
 10
17753.424657534244
 20
6698.630136986301
 10
17424.657534246573
 20
6698.630136986301
 10
17301.369863013697
 20
6657.534246575342
 10
17301.369863013697
 20
6616.438356164384
 10
17424.657534246573
 20
6616.438356164384
 10
17465.753424657534
 20
6575.342465753424
 10
17671.23287671233
 20
6616.438356164384
 10
17753.424657534244
 20
6534.246575342465
 10
17753.424657534244
 20
6369.863013698629
 10
17630.136986301368
 20
6287.671232876712
 10
17424.657534246573
 20
6287.671232876712
 10
17465.753424657534
 20
6246.575342465753
 10
17547.94520547945
 20
6287.671232876712
 10
17630.136986301368
 20
6246.575342465753
 10
17753.424657534244
 20
6287.671232876712
 10
17794.520547945205
 20
6246.575342465753
 10
17753.424657534244
 20
6164.3835616438355
 10
16767.12328767123
 20
6164.3835616438355
 10
16684.931506849312
 20
6287.671232876712
 10
16684.931506849312
 20
6575.342465753424
 10
16726.027397260274
 20
6616.438356164384
 10
16684.931506849312
 20
6698.630136986301
 10
16643.835616438355
 20
6698.630136986301
 10
16684.931506849312
 20
6575.342465753424
 10
16643.835616438355
 20
6493.1506849315065
 10
16643.835616438355
 20
6205.479452054794
 10
16561.643835616436
 20
6123.287671232876
 10
16520.54794520548
 20
6164.3835616438355
 10
16356.164383561643
 20
6123.287671232876
 10
16273.972602739725
 20
6205.479452054794
 10
16273.972602739725
 20
7684.931506849314
 10
16315.068493150684
 20
7726.027397260274
 10
16561.643835616436
 20
7726.027397260274
 10
16602.739726027397
 20
7767.123287671232
 10
17671.23287671233
 20
7726.027397260274
 10
17712.328767123287
 20
7767.123287671232
 10
17876.712328767124
 20
7684.931506849314
 10
18082.191780821915
 20
7684.931506849314
 10
18123.287671232876
 20
7808.219178082191
 10
18082.191780821915
 20
8136.986301369862
 10
17054.794520547945
 20
8136.986301369862
 10
17013.698630136983
 20
8178.082191780822
 10
16931.50684931507
 20
8054.794520547945
 10
16397.260273972603
 20
8054.794520547945
 10
16356.164383561643
 20
8095.890410958904
 10
16397.260273972603
 20
8219.17808219178
 10
16356.164383561643
 20
8301.369863013699
 10
16356.164383561643
 20
8712.328767123287
 10
16397.260273972603
 20
8753.424657534246
 10
16356.164383561643
 20
8917.808219178081
 10
16479.45205479452
 20
9000.0
 10
17095.890410958902
 20
9000.0
 10
17136.986301369863
 20
9041.095890410958
 10
17095.890410958902
 20
9082.191780821917
 10
16520.54794520548
 20
9082.191780821917
 10
16356.164383561643
 20
9164.383561643835
 10
16356.164383561643
 20
9287.671232876712
 10
16438.35616438356
 20
9369.86301369863
 10
16356.164383561643
 20
9410.958904109588
 10
16356.164383561643
 20
9821.917808219177
 10
16397.260273972603
 20
9863.013698630137
 10
16356.164383561643
 20
9904.109589041096
 10
16356.164383561643
 20
10150.684931506848
 10
16397.260273972603
 20
10191.780821917808
 10
17136.986301369863
 20
10191.780821917808
 10
17136.986301369863
 20
10273.972602739725
 10
16356.164383561643
 20
10273.972602739725
 10
16273.972602739725
 20
10356.164383561643
 10
16273.972602739725
 20
10931.506849315068
 10
16397.260273972603
 20
11054.794520547945
 10
16808.219178082192
 20
11219.17808219178
 10
17301.369863013697
 20
11219.17808219178
 10
17342.465753424658
 20
11260.27397260274
 10
17178.08219178082
 20
11342.465753424656
 10
17301.369863013697
 20
11506.849315068492
 10
17506.84931506849
 20
11589.04109589041
 10
17712.328767123287
 20
11753.424657534246
 10
17835.616438356163
 20
11712.328767123287
 10
17835.616438356163
 20
11383.561643835616
 10
17753.424657534244
 20
11301.369863013699
 10
17753.424657534244
 20
10931.506849315068
 10
17630.136986301368
 20
10849.31506849315
 10
17835.616438356163
 20
10767.123287671233
 10
17835.616438356163
 20
10356.164383561643
 10
17753.424657534244
 20
10273.972602739725
 10
17753.424657534244
 20
9698.630136986301
 10
17630.136986301368
 20
9657.534246575342
 10
17712.328767123287
 20
9657.534246575342
 10
17835.616438356163
 20
9575.342465753423
 10
17835.616438356163
 20
9082.191780821917
 10
17794.520547945205
 20
8958.90410958904
 10
18041.095890410958
 20
8917.808219178081
 10
18164.383561643834
 20
9041.095890410958
 10
18123.287671232876
 20
9287.671232876712
 10
18246.575342465752
 20
9328.767123287671
 10
18123.287671232876
 20
9369.86301369863
 10
18123.287671232876
 20
9575.342465753423
 10
18164.383561643834
 20
9616.438356164383
 10
18123.287671232876
 20
9698.630136986301
 10
18123.287671232876
 20
10356.164383561643
 10
18205.479452054795
 20
10438.35616438356
 10
18205.479452054795
 20
11013.698630136985
 10
18164.383561643834
 20
11054.794520547945
 10
18205.479452054795
 20
11095.890410958904
 10
18205.479452054795
 20
11506.849315068492
 10
18082.191780821915
 20
11589.04109589041
 10
18123.287671232876
 20
11712.328767123287
 10
18123.287671232876
 20
11958.90410958904
 10
18082.191780821915
 20
12000.0
 10
18287.67123287671
 20
12164.383561643835
 10
18410.95890410959
 20
12328.767123287671
 10
18739.72602739726
 20
12575.342465753423
 10
19232.876712328765
 20
13150.684931506848
 10
19356.16438356164
 20
13232.876712328767
 10
19397.260273972603
 20
13356.164383561643
 10
19602.739726027397
 20
13643.835616438355
 10
19684.931506849312
 20
13684.931506849314
 10
19684.931506849312
 20
13767.123287671231
 10
19767.12328767123
 20
13808.21917808219
 10
19849.31506849315
 20
14013.698630136985
 10
20013.698630136983
 20
14219.17808219178
 10
20424.657534246573
 20
15082.191780821917
 10
20465.753424657534
 20
15287.671232876712
 10
20547.94520547945
 20
15410.958904109588
 10
20712.328767123287
 20
15904.109589041094
 10
20712.328767123287
 20
16068.49315068493
 10
20753.424657534244
 20
16109.58904109589
 10
20753.424657534244
 20
16232.876712328765
 10
20835.616438356163
 20
16438.35616438356
 10
20835.616438356163
 20
16643.835616438355
 10
20876.71232876712
 20
16684.931506849312
 10
20917.80821917808
 20
17178.08219178082
 10
21041.095890410958
 20
17301.369863013697
 10
21575.342465753423
 20
17301.369863013697
 10
21698.6301369863
 20
17178.08219178082
 10
21657.534246575342
 20
17095.890410958902
 10
21657.534246575342
 20
16808.219178082192
 10
21698.6301369863
 20
16767.12328767123
 10
21698.6301369863
 20
16643.835616438355
 10
21657.534246575342
 20
16602.739726027397
 10
21657.534246575342
 20
14630.13698630137
 10
21698.6301369863
 20
14589.04109589041
 10
21698.6301369863
 20
14301.369863013697
 10
21657.534246575342
 20
14260.27397260274
 10
21657.534246575342
 20
9657.534246575342
 10
21698.6301369863
 20
9616.438356164383
 10
23465.753424657534
 20
9616.438356164383
 10
23506.84931506849
 20
9575.342465753423
 10
23589.04109589041
 20
9616.438356164383
 10
24164.383561643834
 20
9616.438356164383
 10
24246.575342465752
 20
9575.342465753423
 10
24328.76712328767
 20
9863.013698630137
 10
24287.67123287671
 20
9986.301369863013
 10
24164.383561643834
 20
9986.301369863013
 10
24123.287671232876
 20
10027.397260273972
 10
23958.90410958904
 20
9945.205479452054
 10
23465.753424657534
 20
9945.205479452054
 10
23424.657534246573
 20
9986.301369863013
 10
23342.465753424654
 20
9904.109589041096
 10
22561.643835616436
 20
9904.109589041096
 10
22520.54794520548
 20
9945.205479452054
 10
22479.452054794518
 20
10397.260273972603
 10
22232.876712328765
 20
10315.068493150684
 10
22191.780821917808
 20
10356.164383561643
 10
22027.39726027397
 20
10356.164383561643
 10
21945.20547945205
 20
10438.35616438356
 10
21945.20547945205
 20
11547.945205479451
 10
22109.58904109589
 20
11630.13698630137
 10
22273.972602739723
 20
11630.13698630137
 10
22479.452054794518
 20
11547.945205479451
 10
22561.643835616436
 20
11794.520547945205
 10
22479.452054794518
 20
11958.90410958904
 10
22356.16438356164
 20
11876.712328767122
 10
22191.780821917808
 20
11876.712328767122
 10
22150.684931506847
 20
11917.808219178081
 10
22027.39726027397
 20
11917.808219178081
 10
21945.20547945205
 20
12000.0
 10
21945.20547945205
 20
17219.17808219178
 10
22027.39726027397
 20
17301.369863013697
 10
22397.260273972603
 20
17301.369863013697
 10
22520.54794520548
 20
17136.986301369863
 10
22479.452054794518
 20
17095.890410958902
 10
22520.54794520548
 20
17054.794520547945
 10
22520.54794520548
 20
17136.986301369863
 10
22643.835616438355
 20
17219.17808219178
 10
22684.931506849312
 20
17301.369863013697
 10
22684.931506849312
 20
17424.657534246573
 10
22643.835616438355
 20
17465.753424657534
 10
22684.931506849312
 20
17506.84931506849
 10
22684.931506849312
 20
19438.35616438356
 10
22643.835616438355
 20
19479.452054794518
 10
22643.835616438355
 20
19602.739726027397
 10
22684.931506849312
 20
19643.835616438355
 10
22684.931506849312
 20
21041.095890410958
 10
22561.643835616436
 20
21123.287671232876
 10
22479.452054794518
 20
21123.287671232876
 10
22397.260273972603
 20
21041.095890410958
 10
22068.49315068493
 20
21041.095890410958
 10
21945.20547945205
 20
21123.287671232876
 10
21945.20547945205
 20
23547.94520547945
 10
22027.39726027397
 20
23630.136986301368
 10
22397.260273972603
 20
23630.136986301368
 10
22438.35616438356
 20
23589.04109589041
 10
22561.643835616436
 20
23630.136986301368
 10
32917.80821917808
 20
23630.136986301368
 10
33000.0
 20
23547.94520547945
 10
33000.0
 20
23178.08219178082
 10
33041.09589041096
 20
23054.794520547945
 10
33328.76712328767
 20
23054.794520547945
 10
33369.863013698625
 20
23095.890410958902
 10
33328.76712328767
 20
23178.08219178082
 10
33328.76712328767
 20
23301.369863013697
 10
33369.863013698625
 20
23342.465753424654
 10
33369.863013698625
 20
24863.013698630137
 10
33452.05479452055
 20
24945.20547945205
 10
33945.20547945205
 20
24945.20547945205
 10
33986.30136986301
 20
24986.301369863013
 10
33986.30136986301
 20
25150.684931506847
 10
33945.20547945205
 20
25191.780821917808
 10
33986.30136986301
 20
25273.972602739723
 10
33945.20547945205
 20
25356.16438356164
 10
33986.30136986301
 20
25849.31506849315
 10
33945.20547945205
 20
25890.410958904107
 10
33369.863013698625
 20
25890.410958904107
 10
33287.67123287671
 20
26054.794520547945
 10
33287.67123287671
 20
26260.27397260274
 10
33410.95890410959
 20
26342.465753424654
 10
33410.95890410959
 20
26383.561643835616
 10
33041.09589041096
 20
26383.561643835616
 10
33041.09589041096
 20
25849.31506849315
 10
33000.0
 20
25808.21917808219
 10
33041.09589041096
 20
25767.12328767123
 10
33041.09589041096
 20
25643.835616438355
 10
33000.0
 20
25602.739726027394
 10
33000.0
 20
25397.260273972603
 10
32917.80821917808
 20
25315.068493150684
 10
32095.890410958902
 20
25315.068493150684
 10
32095.890410958902
 20
25150.684931506847
 10
32958.90410958904
 20
25150.684931506847
 10
33041.09589041096
 20
25068.49315068493
 10
33000.0
 20
24780.821917808218
 10
32958.90410958904
 20
24739.726027397257
 10
33000.0
 20
24534.246575342466
 10
32917.80821917808
 20
24369.86301369863
 10
33000.0
 20
24287.67123287671
 10
33000.0
 20
24000.0
 10
32917.80821917808
 20
23917.80821917808
 10
31027.39726027397
 20
23917.80821917808
 10
30986.301369863013
 20
23958.90410958904
 10
30863.013698630133
 20
23917.80821917808
 10
30410.958904109586
 20
23917.80821917808
 10
30328.76712328767
 20
24000.0
 10
30328.76712328767
 20
24205.47945205479
 10
30287.67123287671
 20
24246.575342465752
 10
30287.67123287671
 20
24945.20547945205
 10
30328.76712328767
 20
25068.49315068493
 10
30410.958904109586
 20
25150.684931506847
 10
30863.013698630133
 20
25150.684931506847
 10
30904.109589041094
 20
25109.58904109589
 10
31109.58904109589
 20
25150.684931506847
 10
31191.780821917808
 20
25109.58904109589
 10
31273.972602739723
 20
25232.876712328765
 10
31232.876712328765
 20
25315.068493150684
 10
30369.86301369863
 20
25356.16438356164
 10
30328.76712328767
 20
25397.260273972603
 10
30328.76712328767
 20
26136.98630136986
 10
30287.67123287671
 20
26178.08219178082
 10
30287.67123287671
 20
26424.657534246573
 10
30164.383561643834
 20
26424.657534246573
 10
30123.287671232876
 20
26342.465753424654
 10
30123.287671232876
 20
26013.698630136983
 10
30164.383561643834
 20
25972.602739726026
 10
30164.383561643834
 20
25561.643835616436
 10
30123.287671232876
 20
25520.54794520548
 10
30164.383561643834
 20
24287.67123287671
 10
30123.287671232876
 20
24246.575342465752
 10
30123.287671232876
 20
23958.90410958904
 10
30082.191780821915
 20
23917.80821917808
 10
21698.6301369863
 20
23917.80821917808
 10
21575.342465753423
 20
24041.095890410958
 10
21575.342465753423
 20
25068.49315068493
 10
21657.534246575342
 20
25150.684931506847
 10
21780.821917808218
 20
25150.684931506847
 10
21821.917808219176
 20
25191.780821917808
 10
22397.260273972603
 20
25191.780821917808
 10
22479.452054794518
 20
25150.684931506847
 10
22520.54794520548
 20
25232.876712328765
 10
22520.54794520548
 20
25890.410958904107
 10
22479.452054794518
 20
25972.602739726026
 10
22397.260273972603
 20
25890.410958904107
 10
21904.109589041094
 20
25890.410958904107
 10
21821.917808219176
 20
26013.698630136983
 10
21821.917808219176
 20
27287.67123287671
 10
21863.013698630137
 20
27328.76712328767
 10
21863.013698630137
 20
27616.43835616438
 10
21821.917808219176
 20
27657.534246575342
 10
21821.917808219176
 20
27780.821917808218
 10
21863.013698630137
 20
27821.917808219176
 10
21863.013698630137
 20
28520.54794520548
 10
21821.917808219176
 20
28602.739726027394
 10
21863.013698630137
 20
28684.931506849312
 10
21986.301369863013
 20
28767.12328767123
 10
22397.260273972603
 20
28767.12328767123
 10
22479.452054794518
 20
28684.931506849312
 10
22520.54794520548
 20
28726.027397260274
 10
22520.54794520548
 20
29342.465753424654
 10
22684.931506849312
 20
29465.75342465753
 10
22767.12328767123
 20
29424.657534246573
 10
27205.47945205479
 20
29424.657534246573
 10
27287.67123287671
 20
29342.465753424654
 10
27287.67123287671
 20
28767.12328767123
 10
27410.958904109586
 20
28684.931506849312
 10
27452.054794520547
 20
28726.027397260274
 10
27575.342465753423
 20
28684.931506849312
 10
28232.876712328765
 20
28684.931506849312
 10
28273.972602739723
 20
28561.643835616436
 10
28356.16438356164
 20
28684.931506849312
 10
28520.54794520548
 20
28684.931506849312
 10
28561.643835616436
 20
28726.027397260274
 10
28972.602739726026
 20
28684.931506849312
 10
29054.794520547945
 20
28726.027397260274
 10
29136.98630136986
 20
28643.835616438355
 10
29178.08219178082
 20
28438.35616438356
 10
29219.17808219178
 20
28438.35616438356
 10
29219.17808219178
 20
28561.643835616436
 10
29178.08219178082
 20
28602.739726027394
 10
29342.465753424654
 20
28726.027397260274
 10
29424.657534246573
 20
28684.931506849312
 10
29958.90410958904
 20
28726.027397260274
 10
30123.287671232876
 20
28602.739726027394
 10
30082.191780821915
 20
28561.643835616436
 10
30123.287671232876
 20
28150.684931506847
 10
30328.76712328767
 20
28232.876712328765
 10
30452.054794520547
 20
28191.780821917808
 10
30534.246575342462
 20
28232.876712328765
 10
30945.20547945205
 20
28232.876712328765
 10
31068.493150684928
 20
28191.780821917808
 10
31068.493150684928
 20
28232.876712328765
 10
30328.76712328767
 20
28232.876712328765
 10
30287.67123287671
 20
28273.972602739723
 10
30328.76712328767
 20
28315.068493150684
 10
30328.76712328767
 20
29342.465753424654
 10
30493.150684931505
 20
29424.657534246573
 10
32958.90410958904
 20
29424.657534246573
 10
33041.09589041096
 20
29178.08219178082
 10
33041.09589041096
 20
28315.068493150684
 10
33246.57534246575
 20
28273.972602739723
 10
33410.95890410959
 20
28356.16438356164
 10
33369.863013698625
 20
28356.16438356164
 10
33287.67123287671
 20
28479.452054794518
 10
33369.863013698625
 20
28726.027397260274
 10
33452.05479452055
 20
28767.12328767123
 10
33575.34246575342
 20
28767.12328767123
 10
33616.438356164384
 20
28726.027397260274
 10
33821.91780821918
 20
28726.027397260274
 10
33863.01369863014
 20
28767.12328767123
 10
33904.109589041094
 20
28726.027397260274
 10
33986.30136986301
 20
28808.21917808219
 10
33986.30136986301
 20
29589.04109589041
  0
LWPOLYLINE
  5
132
330
17
100
AcDbEntity
  8
RASTER_CONTOURS
100
AcDbPolyline
 90
6
 70
1
 10
45534.24657534246
 20
29958.90410958904
 10
45575.34246575342
 20
29999.999999999996
 10
46479.452054794514
 20
29999.999999999996
 10
46520.54794520548
 20
29958.90410958904
 10
46479.452054794514
 20
29917.80821917808
 10
45575.34246575342
 20
29917.80821917808
  0
LWPOLYLINE
  5
133
330
17
100
AcDbEntity
  8
RASTER_CONTOURS
100
AcDbPolyline
 90
6
 70
1
 10
44958.904109589035
 20
29958.90410958904
 10
45000.0
 20
29999.999999999996
 10
45452.05479452055
 20
29999.999999999996
 10
45493.150684931505
 20
29958.90410958904
 10
45328.76712328767
 20
29876.71232876712
 10
45000.0
 20
29917.80821917808
  0
LWPOLYLINE
  5
134
330
17
100
AcDbEntity
  8
RASTER_CONTOURS
100
AcDbPolyline
 90
6
 70
1
 10
42041.09589041096
 20
29958.90410958904
 10
42082.191780821915
 20
29999.999999999996
 10
42534.24657534246
 20
29999.999999999996
 10
42575.34246575342
 20
29958.90410958904
 10
42534.24657534246
 20
29917.80821917808
 10
42082.191780821915
 20
29917.80821917808
  0
LWPOLYLINE
  5
135
330
17
100
AcDbEntity
  8
RASTER_CONTOURS
100
AcDbPolyline
 90
9
 70
1
 10
46315.068493150684
 20
30410.958904109586
 10
46397.2602739726
 20
30328.76712328767
 10
46520.54794520548
 20
30328.76712328767
 10
46561.643835616436
 20
30369.86301369863
 10
46726.02739726027
 20
30328.76712328767
 10
46726.02739726027
 20
30452.054794520547
 10
46684.93150684931
 20
30493.150684931505
 10
46643.83561643835
 20
30452.054794520547
 10
46397.2602739726
 20
30493.150684931505
  0
LWPOLYLINE
  5
136
330
17
100
AcDbEntity
  8
RASTER_CONTOURS
100
AcDbPolyline
 90
6
 70
1
 10
5301.369863013699
 20
30493.150684931505
 10
5383.561643835616
 20
30452.054794520547
 10
5589.04109589041
 20
30452.054794520547
 10
5630.13698630137
 20
30493.150684931505
 10
5589.04109589041
 20
30534.246575342462
 10
5342.465753424657
 20
30534.246575342462
  0
LWPOLYLINE
  5
137
330
17
100
AcDbEntity
  8
RASTER_CONTOURS
100
AcDbPolyline
 90
10
 70
1
 10
32876.71232876712
 20
30657.534246575342
 10
32876.71232876712
 20
30493.150684931505
 10
32917.80821917808
 20
30452.054794520547
 10
33041.09589041096
 20
30534.246575342462
 10
33164.38356164383
 20
30534.246575342462
 10
33205.479452054795
 20
30493.150684931505
 10
33246.57534246575
 20
30534.246575342462
 10
33246.57534246575
 20
30657.534246575342
 10
33000.0
 20
30657.534246575342
 10
32917.80821917808
 20
30739.726027397257
  0
LWPOLYLINE
  5
138
330
17
100
AcDbEntity
  8
RASTER_CONTOURS
100
AcDbPolyline
 90
6
 70
1
 10
45575.34246575342
 20
30780.821917808218
 10
45739.72602739726
 20
30863.013698630133
 10
45821.91780821917
 20
30863.013698630133
 10
45945.20547945205
 20
30780.821917808218
 10
45904.109589041094
 20
30739.726027397257
 10
45616.43835616438
 20
30739.726027397257
  0
LWPOLYLINE
  5
139
330
17
100
AcDbEntity
  8
RASTER_CONTOURS
100
AcDbPolyline
 90
30
 70
1
 10
14671.232876712327
 20
30698.6301369863
 10
14712.328767123287
 20
30616.43835616438
 10
14835.616438356163
 20
30616.43835616438
 10
14876.712328767122
 20
30657.534246575342
 10
15082.191780821917
 20
30616.43835616438
 10
15123.287671232876
 20
30575.342465753423
 10
15123.287671232876
 20
30410.958904109586
 10
15041.095890410958
 20
30287.67123287671
 10
15041.095890410958
 20
30205.47945205479
 10
14958.90410958904
 20
30123.287671232876
 10
14835.616438356163
 20
30369.86301369863
 10
14835.616438356163
 20
30452.054794520547
 10
14753.424657534246
 20
30493.150684931505
 10
14835.616438356163
 20
30164.383561643834
 10
14753.424657534246
 20
30082.191780821915
 10
14589.04109589041
 20
30082.191780821915
 10
14589.04109589041
 20
30041.095890410958
 10
14999.999999999998
 20
30041.095890410958
 10
15041.095890410958
 20
29999.999999999996
 10
15082.191780821917
 20
30041.095890410958
 10
15369.863013698628
 20
30041.095890410958
 10
15369.863013698628
 20
30082.191780821915
 10
15205.479452054793
 20
30082.191780821915
 10
15123.287671232876
 20
30164.383561643834
 10
15205.479452054793
 20
30575.342465753423
 10
15328.767123287671
 20
30657.534246575342
 10
15328.767123287671
 20
30698.6301369863
 10
15082.191780821917
 20
30698.6301369863
 10
14999.999999999998
 20
30821.917808219176
 10
14835.616438356163
 20
30698.6301369863
  0
LWPOLYLINE
  5
13A
330
17
100
AcDbEntity
  8
RASTER_CONTOURS
100
AcDbPolyline
 90
23
 70
1
 10
13602.739726027396
 20
30698.6301369863
 10
13684.931506849314
 20
30575.342465753423
 10
13684.931506849314
 20
30493.150684931505
 10
13602.739726027396
 20
30452.054794520547
 10
13602.739726027396
 20
30123.287671232876
 10
13684.931506849314
 20
30123.287671232876
 10
13808.21917808219
 20
30041.095890410958
 10
13808.21917808219
 20
30164.383561643834
 10
13890.410958904109
 20
30205.47945205479
 10
14013.698630136985
 20
29999.999999999996
 10
14095.890410958904
 20
30041.095890410958
 10
14301.369863013697
 20
29999.999999999996
 10
14465.753424657534
 20
30082.191780821915
 10
14383.561643835616
 20
30164.383561643834
 10
14383.561643835616
 20
30780.821917808218
 10
14342.465753424656
 20
30821.917808219176
 10
14054.794520547945
 20
30821.917808219176
 10
14013.698630136985
 20
30739.726027397257
 10
14013.698630136985
 20
30534.246575342462
 10
13972.602739726026
 20
30493.150684931505
 10
13890.410958904109
 20
30575.342465753423
 10
13890.410958904109
 20
30698.6301369863
 10
13767.123287671231
 20
30821.917808219176
  0
LWPOLYLINE
  5
13B
330
17
100
AcDbEntity
  8
RASTER_CONTOURS
100
AcDbPolyline
 90
22
 70
1
 10
8506.849315068492
 20
30616.43835616438
 10
8424.657534246575
 20
30657.534246575342
 10
8178.082191780822
 20
30657.534246575342
 10
8136.986301369862
 20
30698.6301369863
 10
8136.986301369862
 20
30821.917808219176
 10
8054.794520547945
 20
30657.534246575342
 10
7808.219178082191
 20
30657.534246575342
 10
7767.123287671232
 20
30575.342465753423
 10
7931.506849315068
 20
30575.342465753423
 10
8013.698630136986
 20
30493.150684931505
 10
8013.698630136986
 20
30369.86301369863
 10
7972.602739726027
 20
30287.67123287671
 10
7726.027397260274
 20
30082.191780821915
 10
7849.31506849315
 20
30041.095890410958
 10
8095.890410958904
 20
30328.76712328767
 10
8136.986301369862
 20
30328.76712328767
 10
8301.369863013699
 20
30123.287671232876
 10
8506.849315068492
 20
30082.191780821915
 10
8219.17808219178
 20
30369.86301369863
 10
8219.17808219178
 20
30534.246575342462
 10
8260.27397260274
 20
30575.342465753423
 10
8465.753424657534
 20
30575.342465753423
  0
LWPOLYLINE
  5
13C
330
17
100
AcDbEntity
  8
RASTER_CONTOURS
100
AcDbPolyline
 90
26
 70
1
 10
15657.534246575342
 20
30780.821917808218
 10
15657.534246575342
 20
30698.6301369863
 10
15575.342465753423
 20
30616.43835616438
 10
15657.534246575342
 20
30369.86301369863
 10
15534.246575342464
 20
30205.47945205479
 10
15575.342465753423
 20
30164.383561643834
 10
15739.726027397259
 20
30205.47945205479
 10
15863.013698630137
 20
30041.095890410958
 10
16191.780821917808
 20
30041.095890410958
 10
16315.068493150684
 20
29999.999999999996
 10
16356.164383561643
 20
30082.191780821915
 10
16356.164383561643
 20
30493.150684931505
 10
16315.068493150684
 20
30534.246575342462
 10
16315.068493150684
 20
30780.821917808218
 10
16273.972602739725
 20
30863.013698630133
 10
15986.301369863013
 20
30863.013698630133
 10
15904.109589041094
 20
30780.821917808218
 10
15945.205479452054
 20
30616.43835616438
 10
15863.013698630137
 20
30493.150684931505
 10
15904.109589041094
 20
30410.958904109586
 10
15821.917808219177
 20
30328.76712328767
 10
15739.726027397259
 20
30410.958904109586
 10
15739.726027397259
 20
30493.150684931505
 10
15821.917808219177
 20
30575.342465753423
 10
15698.6301369863
 20
30698.6301369863
 10
15698.6301369863
 20
30780.821917808218
  0
LWPOLYLINE
  5
13D
330
17
100
AcDbEntity
  8
RASTER_CONTOURS
100
AcDbPolyline
 90
17
 70
1
 10
11835.616438356163
 20
30863.013698630133
 10
11876.712328767122
 20
30780.821917808218
 10
12000.0
 20
30739.726027397257
 10
12000.0
 20
30534.246575342462
 10
11876.712328767122
 20
30287.67123287671
 10
11630.13698630137
 20
30082.191780821915
 10
11753.424657534246
 20
30041.095890410958
 10
11876.712328767122
 20
30123.287671232876
 10
11958.90410958904
 20
30287.67123287671
 10
12082.191780821917
 20
30369.86301369863
 10
12246.575342465752
 20
30123.287671232876
 10
12410.958904109588
 20
30041.095890410958
 10
12369.863013698628
 20
30205.47945205479
 10
12205.479452054793
 20
30328.76712328767
 10
12123.287671232876
 20
30493.150684931505
 10
12123.287671232876
 20
30780.821917808218
 10
12082.191780821917
 20
30863.013698630133
  0
LWPOLYLINE
  5
13E
330
17
100
AcDbEntity
  8
RASTER_CONTOURS
100
AcDbPolyline
 90
24
 70
1
 10
10767.123287671233
 20
30863.013698630133
 10
10643.835616438355
 20
30657.534246575342
 10
10726.027397260274
 20
30534.246575342462
 10
10726.027397260274
 20
30452.054794520547
 10
10602.739726027397
 20
30328.76712328767
 10
10726.027397260274
 20
30205.47945205479
 10
10684.931506849314
 20
30041.095890410958
 10
10849.31506849315
 20
30041.095890410958
 10
10972.602739726026
 20
30164.383561643834
 10
11013.698630136985
 20
30041.095890410958
 10
11260.27397260274
 20
30041.095890410958
 10
11301.369863013699
 20
30082.191780821915
 10
11424.657534246575
 20
30041.095890410958
 10
11465.753424657534
 20
30082.191780821915
 10
11383.561643835616
 20
30164.383561643834
 10
11383.561643835616
 20
30369.86301369863
 10
11424.657534246575
 20
30410.958904109586
 10
11465.753424657534
 20
30698.6301369863
 10
11424.657534246575
 20
30698.6301369863
 10
11301.369863013699
 20
30863.013698630133
 10
11178.08219178082
 20
30821.917808219176
 10
11013.698630136985
 20
30821.917808219176
 10
10972.602739726026
 20
30863.013698630133
 10
10890.410958904109
 20
30780.821917808218
  0
LWPOLYLINE
  5
13F
330
17
100
AcDbEntity
  8
RASTER_CONTOURS
100
AcDbPolyline
 90
31
 70
1
 10
8671.232876712329
 20
30821.917808219176
 10
8753.424657534246
 20
30698.6301369863
 10
8917.808219178081
 20
30698.6301369863
 10
9000.0
 20
30616.43835616438
 10
8958.90410958904
 20
30534.246575342462
 10
9000.0
 20
30493.150684931505
 10
8958.90410958904
 20
30410.958904109586
 10
9000.0
 20
30205.47945205479
 10
8917.808219178081
 20
30164.383561643834
 10
8876.712328767122
 20
30205.47945205479
 10
8876.712328767122
 20
30410.958904109586
 10
8794.520547945205
 20
30493.150684931505
 10
8671.232876712329
 20
30493.150684931505
 10
8671.232876712329
 20
30410.958904109586
 10
8794.520547945205
 20
30287.67123287671
 10
8671.232876712329
 20
30082.191780821915
 10
8876.712328767122
 20
30082.191780821915
 10
8917.808219178081
 20
30041.095890410958
 10
9493.150684931506
 20
30041.095890410958
 10
9534.246575342466
 20
30082.191780821915
 10
9452.054794520547
 20
30164.383561643834
 10
9452.054794520547
 20
30410.958904109586
 10
9493.150684931506
 20
30452.054794520547
 10
9452.054794520547
 20
30657.534246575342
 10
9493.150684931506
 20
30739.726027397257
 10
9369.86301369863
 20
30863.013698630133
 10
9246.575342465752
 20
30780.821917808218
 10
9164.383561643835
 20
30780.821917808218
 10
9041.095890410958
 20
30863.013698630133
 10
8876.712328767122
 20
30739.726027397257
 10
8753.424657534246
 20
30821.917808219176
  0
LWPOLYLINE
  5
140
330
17
100
AcDbEntity
  8
RASTER_CONTOURS
100
AcDbPolyline
 90
22
 70
1
 10
9863.013698630137
 20
30904.109589041094
 10
9780.821917808218
 20
30780.821917808218
 10
9780.821917808218
 20
30616.43835616438
 10
9821.917808219177
 20
30575.342465753423
 10
9780.821917808218
 20
30534.246575342462
 10
9821.917808219177
 20
30452.054794520547
 10
9780.821917808218
 20
30328.76712328767
 10
9657.534246575342
 20
30246.575342465752
 10
9780.821917808218
 20
30164.383561643834
 10
9698.630136986301
 20
30082.191780821915
 10
9780.821917808218
 20
29999.999999999996
 10
10027.397260273972
 20
30205.47945205479
 10
10150.684931506848
 20
30205.47945205479
 10
10273.972602739725
 20
30041.095890410958
 10
10397.260273972603
 20
29999.999999999996
 10
10438.35616438356
 20
30082.191780821915
 10
10356.164383561643
 20
30164.383561643834
 10
10479.45205479452
 20
30246.575342465752
 10
10315.068493150684
 20
30369.86301369863
 10
10356.164383561643
 20
30410.958904109586
 10
10356.164383561643
 20
30863.013698630133
 10
10273.972602739725
 20
30904.109589041094
  0
LWPOLYLINE
  5
141
330
17
100
AcDbEntity
  8
RASTER_CONTOURS
100
AcDbPolyline
 90
7
 70
1
 10
1561.6438356164383
 20
30904.109589041094
 10
1479.4520547945203
 20
30904.109589041094
 10
1438.3561643835615
 20
30821.917808219176
 10
1438.3561643835615
 20
30493.150684931505
 10
1479.4520547945203
 20
30452.054794520547
 10
1849.3150684931506
 20
30657.534246575342
 10
1767.1232876712327
 20
30780.821917808218
  0
LWPOLYLINE
  5
142
330
17
100
AcDbEntity
  8
RASTER_CONTOURS
100
AcDbPolyline
 90
15
 70
1
 10
46027.39726027397
 20
31109.58904109589
 10
46273.97260273973
 20
31191.780821917808
 10
46602.739726027394
 20
31191.780821917808
 10
46643.83561643835
 20
31150.684931506847
 10
46808.21917808219
 20
31191.780821917808
 10
46849.315068493146
 20
31150.684931506847
 10
46767.12328767123
 20
30986.301369863013
 10
46726.02739726027
 20
30986.301369863013
 10
46684.93150684931
 20
31068.493150684928
 10
46561.643835616436
 20
31027.39726027397
 10
46520.54794520548
 20
31068.493150684928
 10
46479.452054794514
 20
31027.39726027397
 10
46356.16438356164
 20
31027.39726027397
 10
46315.068493150684
 20
31068.493150684928
 10
46232.87671232876
 20
31027.39726027397
  0
LWPOLYLINE
  5
143
330
17
100
AcDbEntity
  8
RASTER_CONTOURS
100
AcDbPolyline
 90
6
 70
1
 10
38917.80821917808
 20
31191.780821917808
 10
39041.09589041096
 20
31109.58904109589
 10
39041.09589041096
 20
31027.39726027397
 10
38917.80821917808
 20
30904.109589041094
 10
38835.61643835616
 20
31027.39726027397
 10
38835.61643835616
 20
31109.58904109589
  0
LWPOLYLINE
  5
144
330
17
100
AcDbEntity
  8
RASTER_CONTOURS
100
AcDbPolyline
 90
2
 70
1
 10
26301.369863013697
 20
31191.780821917808
 10
26301.369863013697
 20
30739.726027397257
  0
LWPOLYLINE
  5
145
330
17
100
AcDbEntity
  8
RASTER_CONTOURS
100
AcDbPolyline
 90
13
 70
1
 10
42657.53424657534
 20
31232.876712328765
 10
42739.72602739726
 20
31315.068493150684
 10
43356.16438356164
 20
31315.068493150684
 10
43397.2602739726
 20
31273.972602739723
 10
44013.69863013698
 20
31273.972602739723
 10
44054.79452054794
 20
31232.876712328765
 10
44013.69863013698
 20
31191.780821917808
 10
43356.16438356164
 20
31191.780821917808
 10
43273.97260273973
 20
31068.493150684928
 10
43191.780821917804
 20
31109.58904109589
 10
43191.780821917804
 20
31191.780821917808
 10
43150.68493150685
 20
31150.684931506847
 10
42739.72602739726
 20
31150.684931506847
  0
LWPOLYLINE
  5
146
330
17
100
AcDbEntity
  8
RASTER_CONTOURS
100
AcDbPolyline
 90
5
 70
1
 10
42123.28767123287
 20
31273.972602739723
 10
42246.57534246575
 20
31315.068493150684
 10
42328.76712328767
 20
31191.780821917808
 10
42287.67123287671
 20
31150.684931506847
 10
42164.38356164383
 20
31150.684931506847
  0
LWPOLYLINE
  5
147
330
17
100
AcDbEntity
  8
RASTER_CONTOURS
100
AcDbPolyline
 90
2
 70
1
 10
32917.80821917808
 20
31315.068493150684
 10
32917.80821917808
 20
30945.20547945205
  0
LWPOLYLINE
  5
148
330
17
100
AcDbEntity
  8
RASTER_CONTOURS
100
AcDbPolyline
 90
6
 70
1
 10
57863.01369863014
 20
31397.2602739726
 10
57739.72602739726
 20
31438.35616438356
 10
57657.53424657534
 20
31397.2602739726
 10
57657.53424657534
 20
31356.16438356164
 10
57739.72602739726
 20
31273.972602739723
 10
57821.91780821917
 20
31315.068493150684
  0
LWPOLYLINE
  5
149
330
17
100
AcDbEntity
  8
RASTER_CONTOURS
100
AcDbPolyline
 90
6
 70
1
 10
28191.780821917808
 20
31602.739726027394
 10
28232.876712328765
 20
31643.835616438355
 10
28438.35616438356
 20
31643.835616438355
 10
28479.452054794518
 20
31602.739726027394
 10
28438.35616438356
 20
31561.643835616436
 10
28232.876712328765
 20
31561.643835616436
  0
LWPOLYLINE
  5
14A
330
17
100
AcDbEntity
  8
RASTER_CONTOURS
100
AcDbPolyline
 90
8
 70
1
 10
31356.16438356164
 20
31602.739726027394
 10
31315.068493150684
 20
31561.643835616436
 10
29095.890410958902
 20
31561.643835616436
 10
29054.794520547945
 20
31602.739726027394
 10
29095.890410958902
 20
31643.835616438355
 10
31068.493150684928
 20
31643.835616438355
 10
31109.58904109589
 20
31684.931506849312
 10
31232.876712328765
 20
31684.931506849312
  0
LWPOLYLINE
  5
14B
330
17
100
AcDbEntity
  8
RASTER_CONTOURS
100
AcDbPolyline
 90
8
 70
1
 10
27410.958904109586
 20
31602.739726027394
 10
27493.150684931505
 20
31684.931506849312
 10
27534.246575342462
 20
31643.835616438355
 10
27986.301369863013
 20
31643.835616438355
 10
28027.39726027397
 20
31684.931506849312
 10
28150.684931506847
 20
31643.835616438355
 10
28109.58904109589
 20
31561.643835616436
 10
27452.054794520547
 20
31561.643835616436
  0
LWPOLYLINE
  5
14C
330
17
100
AcDbEntity
  8
RASTER_CONTOURS
100
AcDbPolyline
 90
5
 70
1
 10
25890.410958904107
 20
31643.835616438355
 10
26013.698630136983
 20
31684.931506849312
 10
26136.98630136986
 20
31602.739726027394
 10
26095.890410958902
 20
31561.643835616436
 10
25931.50684931507
 20
31561.643835616436
  0
LWPOLYLINE
  5
14D
330
17
100
AcDbEntity
  8
RASTER_CONTOURS
100
AcDbPolyline
 90
2
 70
1
 10
43931.50684931507
 20
31684.931506849312
 10
44383.561643835616
 20
31684.931506849312
  0
LWPOLYLINE
  5
14E
330
17
100
AcDbEntity
  8
RASTER_CONTOURS
100
AcDbPolyline
 90
11
 70
1
 10
46726.02739726027
 20
31808.21917808219
 10
46684.93150684931
 20
31808.21917808219
 10
46643.83561643835
 20
31726.027397260274
 10
46397.2602739726
 20
31767.12328767123
 10
46315.068493150684
 20
31684.931506849312
 10
46438.35616438356
 20
31602.739726027394
 10
46561.643835616436
 20
31602.739726027394
 10
46602.739726027394
 20
31643.835616438355
 10
46726.02739726027
 20
31602.739726027394
 10
46726.02739726027
 20
31726.027397260274
 10
46684.93150684931
 20
31767.12328767123
  0
LWPOLYLINE
  5
14F
330
17
100
AcDbEntity
  8
RASTER_CONTOURS
100
AcDbPolyline
 90
18
 70
1
 10
54904.109589041094
 20
31931.506849315065
 10
55068.493150684924
 20
31931.506849315065
 10
55232.87671232876
 20
31808.21917808219
 10
55191.780821917804
 20
31684.931506849312
 10
55232.87671232876
 20
31643.835616438355
 10
55232.87671232876
 20
30246.575342465752
 10
55273.97260273972
 20
30123.287671232876
 10
55232.87671232876
 20
30082.191780821915
 10
55232.87671232876
 20
29958.90410958904
 10
55150.68493150685
 20
29876.71232876712
 10
54945.20547945205
 20
29876.71232876712
 10
54863.01369863014
 20
29958.90410958904
 10
54863.01369863014
 20
30328.76712328767
 10
54821.91780821917
 20
30369.86301369863
 10
54821.91780821917
 20
30986.301369863013
 10
54863.01369863014
 20
31027.39726027397
 10
54821.91780821917
 20
31109.58904109589
 10
54821.91780821917
 20
31808.21917808219
  0
LWPOLYLINE
  5
150
330
17
100
AcDbEntity
  8
RASTER_CONTOURS
100
AcDbPolyline
 90
9
 70
1
 10
22356.16438356164
 20
32095.890410958902
 10
22479.452054794518
 20
32178.08219178082
 10
22602.739726027397
 20
32136.98630136986
 10
23547.94520547945
 20
32178.08219178082
 10
23671.232876712325
 20
32054.794520547945
 10
23671.232876712325
 20
31561.643835616436
 10
23589.04109589041
 20
31479.452054794518
 10
22438.35616438356
 20
31479.452054794518
 10
22356.16438356164
 20
31561.643835616436
  0
LWPOLYLINE
  5
151
330
17
100
AcDbEntity
  8
RASTER_CONTOURS
100
AcDbPolyline
 90
8
 70
1
 10
50506.84931506849
 20
32260.27397260274
 10
50712.32876712328
 20
32260.27397260274
 10
50794.520547945205
 20
32178.08219178082
 10
50794.520547945205
 20
31602.739726027394
 10
50671.232876712325
 20
31520.54794520548
 10
50547.945205479446
 20
31520.54794520548
 10
50424.65753424657
 20
31602.739726027394
 10
50424.65753424657
 20
32178.08219178082
  0
LWPOLYLINE
  5
152
330
17
100
AcDbEntity
  8
RASTER_CONTOURS
100
AcDbPolyline
 90
6
 70
1
 10
41835.61643835616
 20
32219.17808219178
 10
41876.71232876712
 20
32260.27397260274
 10
42205.479452054795
 20
32260.27397260274
 10
42246.57534246575
 20
32219.17808219178
 10
42205.479452054795
 20
32178.08219178082
 10
41876.71232876712
 20
32178.08219178082
  0
LWPOLYLINE
  5
153
330
17
100
AcDbEntity
  8
RASTER_CONTOURS
100
AcDbPolyline
 90
8
 70
1
 10
22315.068493150684
 20
32178.08219178082
 10
22315.068493150684
 20
31438.35616438356
 10
22356.16438356164
 20
31397.2602739726
 10
23712.328767123287
 20
31397.2602739726
 10
23753.424657534244
 20
31479.452054794518
 10
23753.424657534244
 20
32095.890410958902
 10
23671.232876712325
 20
32219.17808219178
 10
22356.16438356164
 20
32219.17808219178
  0
LWPOLYLINE
  5
154
330
17
100
AcDbEntity
  8
RASTER_CONTOURS
100
AcDbPolyline
 90
11
 70
1
 10
50383.561643835616
 20
32301.369863013697
 10
50342.46575342465
 20
32178.08219178082
 10
50383.561643835616
 20
32054.794520547945
 10
50342.46575342465
 20
31931.506849315065
 10
50342.46575342465
 20
31520.54794520548
 10
50465.75342465753
 20
31438.35616438356
 10
50506.84931506849
 20
31479.452054794518
 10
50835.61643835616
 20
31479.452054794518
 10
50876.71232876712
 20
31561.643835616436
 10
50876.71232876712
 20
32260.27397260274
 10
50835.61643835616
 20
32301.369863013697
  0
LWPOLYLINE
  5
155
330
17
100
AcDbEntity
  8
RASTER_CONTOURS
100
AcDbPolyline
 90
11
 70
1
 10
47178.08219178082
 20
32260.27397260274
 10
47136.98630136986
 20
32301.369863013697
 10
47054.79452054794
 20
32260.27397260274
 10
47054.79452054794
 20
32219.17808219178
 10
47178.08219178082
 20
32178.08219178082
 10
47136.98630136986
 20
32136.98630136986
 10
46726.02739726027
 20
32095.890410958902
 10
46643.83561643835
 20
31972.602739726026
 10
46726.02739726027
 20
31931.506849315065
 10
46808.21917808219
 20
32013.698630136983
 10
47219.17808219178
 20
32095.890410958902
  0
LWPOLYLINE
  5
156
330
17
100
AcDbEntity
  8
RASTER_CONTOURS
100
AcDbPolyline
 90
9
 70
1
 10
42698.6301369863
 20
32260.27397260274
 10
42739.72602739726
 20
32301.369863013697
 10
43520.54794520548
 20
32342.465753424654
 10
43561.643835616436
 20
32301.369863013697
 10
43520.54794520548
 20
32260.27397260274
 10
43602.739726027394
 20
32301.369863013697
 10
43890.4109589041
 20
32219.17808219178
 10
43643.83561643835
 20
32136.98630136986
 10
42780.821917808214
 20
32136.98630136986
  0
LWPOLYLINE
  5
157
330
17
100
AcDbEntity
  8
RASTER_CONTOURS
100
AcDbPolyline
 90
7
 70
1
 10
54657.53424657534
 20
32506.84931506849
 10
54780.821917808214
 20
32424.657534246573
 10
54780.821917808214
 20
32219.17808219178
 10
54698.6301369863
 20
32054.794520547945
 10
54616.43835616438
 20
32095.890410958902
 10
54616.43835616438
 20
32219.17808219178
 10
54575.34246575342
 20
32260.27397260274
  0
LWPOLYLINE
  5
158
330
17
100
AcDbEntity
  8
RASTER_CONTOURS
100
AcDbPolyline
 90
42
 70
1
 10
54904.109589041094
 20
32547.94520547945
 10
55191.780821917804
 20
32506.84931506849
 10
55315.068493150684
 20
32589.04109589041
 10
55438.35616438356
 20
32589.04109589041
 10
55479.452054794514
 20
32547.94520547945
 10
55726.02739726027
 20
32547.94520547945
 10
55849.315068493146
 20
32424.657534246573
 10
55808.21917808219
 20
32383.561643835616
 10
55808.21917808219
 20
32054.794520547945
 10
55849.315068493146
 20
32013.698630136983
 10
55849.315068493146
 20
31808.21917808219
 10
55808.21917808219
 20
31767.12328767123
 10
55808.21917808219
 20
31602.739726027394
 10
55849.315068493146
 20
31561.643835616436
 10
55849.315068493146
 20
31356.16438356164
 10
55808.21917808219
 20
31315.068493150684
 10
55808.21917808219
 20
31191.780821917808
 10
55849.315068493146
 20
31150.684931506847
 10
55849.315068493146
 20
30863.013698630133
 10
55808.21917808219
 20
30821.917808219176
 10
55808.21917808219
 20
30698.6301369863
 10
55849.315068493146
 20
30657.534246575342
 10
55849.315068493146
 20
29958.90410958904
 10
55767.12328767123
 20
29876.71232876712
 10
55438.35616438356
 20
29876.71232876712
 10
55315.068493150684
 20
29999.999999999996
 10
55315.068493150684
 20
30410.958904109586
 10
55273.97260273972
 20
30452.054794520547
 10
55273.97260273972
 20
30739.726027397257
 10
55315.068493150684
 20
30780.821917808218
 10
55315.068493150684
 20
30904.109589041094
 10
55273.97260273972
 20
30945.20547945205
 10
55273.97260273972
 20
31232.876712328765
 10
55315.068493150684
 20
31273.972602739723
 10
55273.97260273972
 20
31397.2602739726
 10
55273.97260273972
 20
31726.027397260274
 10
55315.068493150684
 20
31767.12328767123
 10
55232.87671232876
 20
32013.698630136983
 10
55027.39726027397
 20
32013.698630136983
 10
54945.20547945205
 20
31972.602739726026
 10
54863.01369863014
 20
32054.794520547945
 10
54821.91780821917
 20
32465.75342465753
  0
LWPOLYLINE
  5
159
330
17
100
AcDbEntity
  8
RASTER_CONTOURS
100
AcDbPolyline
 90
6
 70
1
 10
42657.53424657534
 20
32547.94520547945
 10
42698.6301369863
 20
32589.04109589041
 10
43232.87671232876
 20
32589.04109589041
 10
43273.97260273973
 20
32547.94520547945
 10
43232.87671232876
 20
32506.84931506849
 10
42698.6301369863
 20
32506.84931506849
  0
LWPOLYLINE
  5
15A
330
17
100
AcDbEntity
  8
RASTER_CONTOURS
100
AcDbPolyline
 90
6
 70
1
 10
45821.91780821917
 20
32547.94520547945
 10
45986.30136986301
 20
32630.136986301368
 10
46109.58904109589
 20
32589.04109589041
 10
46150.68493150685
 20
32506.84931506849
 10
46109.58904109589
 20
32465.75342465753
 10
45904.109589041094
 20
32465.75342465753
  0
LWPOLYLINE
  5
15B
330
17
100
AcDbEntity
  8
RASTER_CONTOURS
100
AcDbPolyline
 90
4
 70
1
 10
27616.43835616438
 20
32630.136986301368
 10
27575.342465753423
 20
32589.04109589041
 10
27616.43835616438
 20
32342.465753424654
 10
27739.726027397257
 20
32506.84931506849
  0
LWPOLYLINE
  5
15C
330
17
100
AcDbEntity
  8
RASTER_CONTOURS
100
AcDbPolyline
 90
9
 70
1
 10
19643.835616438355
 20
32753.424657534244
 10
19726.027397260274
 20
32671.232876712325
 10
19726.027397260274
 20
32342.465753424654
 10
19684.931506849312
 20
32301.369863013697
 10
19726.027397260274
 20
32260.27397260274
 10
19726.027397260274
 20
32136.98630136986
 10
19643.835616438355
 20
32054.794520547945
 10
19602.739726027397
 20
32095.890410958902
 10
19602.739726027397
 20
32712.328767123287
  0
LWPOLYLINE
  5
15D
330
17
100
AcDbEntity
  8
RASTER_CONTOURS
100
AcDbPolyline
 90
16
 70
1
 10
29054.794520547945
 20
32917.80821917808
 10
29054.794520547945
 20
32671.232876712325
 10
28972.602739726026
 20
32589.04109589041
 10
28972.602739726026
 20
32424.657534246573
 10
29054.794520547945
 20
32301.369863013697
 10
29013.698630136983
 20
32013.698630136983
 10
29095.890410958902
 20
32054.794520547945
 10
29095.890410958902
 20
32136.98630136986
 10
29219.17808219178
 20
32301.369863013697
 10
29219.17808219178
 20
32383.561643835616
 10
29342.465753424654
 20
32465.75342465753
 10
29383.561643835616
 20
32547.94520547945
 10
29342.465753424654
 20
32589.04109589041
 10
29260.27397260274
 20
32547.94520547945
 10
29136.98630136986
 20
32547.94520547945
 10
29054.794520547945
 20
32671.232876712325
  0
LWPOLYLINE
  5
15E
330
17
100
AcDbEntity
  8
RASTER_CONTOURS
100
AcDbPolyline
 90
41
 70
1
 10
36287.67123287671
 20
33041.09589041096
 10
36328.76712328767
 20
33082.191780821915
 10
36369.863013698625
 20
33041.09589041096
 10
36369.863013698625
 20
31438.35616438356
 10
36369.863013698625
 20
31726.027397260274
 10
36452.05479452055
 20
31808.21917808219
 10
36657.53424657534
 20
31808.21917808219
 10
36945.20547945205
 20
31972.602739726026
 10
36945.20547945205
 20
32013.698630136983
 10
36575.34246575342
 20
32013.698630136983
 10
36452.05479452055
 20
32095.890410958902
 10
36493.150684931505
 20
32178.08219178082
 10
36410.95890410959
 20
32301.369863013697
 10
36410.95890410959
 20
32589.04109589041
 10
36452.05479452055
 20
32630.136986301368
 10
36410.95890410959
 20
32794.520547945205
 10
36452.05479452055
 20
32835.61643835616
 10
36575.34246575342
 20
32753.424657534244
 10
36657.53424657534
 20
32794.520547945205
 10
36698.6301369863
 20
32753.424657534244
 10
36821.91780821918
 20
32794.520547945205
 10
36863.01369863014
 20
32753.424657534244
 10
36945.20547945205
 20
32794.520547945205
 10
38506.84931506849
 20
32753.424657534244
 10
38753.42465753424
 20
32958.90410958904
 10
38835.61643835616
 20
32835.61643835616
 10
38794.520547945205
 20
32794.520547945205
 10
38794.520547945205
 20
32506.84931506849
 10
38835.61643835616
 20
32465.75342465753
 10
38794.520547945205
 20
32383.561643835616
 10
38794.520547945205
 20
31479.452054794518
 10
38835.61643835616
 20
31438.35616438356
 10
38753.42465753424
 20
31273.972602739723
 10
37520.54794520548
 20
31273.972602739723
 10
37397.2602739726
 20
31191.780821917808
 10
36493.150684931505
 20
31191.780821917808
 10
36369.863013698625
 20
31273.972602739723
 10
36287.67123287671
 20
31273.972602739723
 10
36246.57534246575
 20
31315.068493150684
 10
36246.57534246575
 20
32547.94520547945
 10
36287.67123287671
 20
32589.04109589041
  0
LWPOLYLINE
  5
15F
330
17
100
AcDbEntity
  8
RASTER_CONTOURS
100
AcDbPolyline
 90
2
 70
1
 10
29342.465753424654
 20
33041.09589041096
 10
29342.465753424654
 20
32712.328767123287
  0
LWPOLYLINE
  5
160
330
17
100
AcDbEntity
  8
RASTER_CONTOURS
100
AcDbPolyline
 90
15
 70
1
 10
36493.150684931505
 20
33082.191780821915
 10
36534.24657534246
 20
33123.28767123287
 10
36739.72602739726
 20
33041.09589041096
 10
36863.01369863014
 20
33041.09589041096
 10
36904.109589041094
 20
33123.28767123287
 10
37150.68493150685
 20
33123.28767123287
 10
37191.780821917804
 20
33082.191780821915
 10
37232.87671232876
 20
33123.28767123287
 10
37315.068493150684
 20
33082.191780821915
 10
37972.602739726026
 20
33082.191780821915
 10
38054.79452054794
 20
32917.80821917808
 10
37931.50684931507
 20
32835.61643835616
 10
36821.91780821918
 20
32835.61643835616
 10
36780.821917808214
 20
32876.71232876712
 10
36657.53424657534
 20
32876.71232876712
  0
LWPOLYLINE
  5
161
330
17
100
AcDbEntity
  8
RASTER_CONTOURS
100
AcDbPolyline
 90
11
 70
1
 10
44671.232876712325
 20
33164.38356164383
 10
44753.42465753424
 20
33082.191780821915
 10
45000.0
 20
33082.191780821915
 10
45082.191780821915
 20
33000.0
 10
45082.191780821915
 20
32630.136986301368
 10
45164.38356164383
 20
32547.94520547945
 10
45041.09589041096
 20
32465.75342465753
 10
44630.13698630137
 20
32465.75342465753
 10
44547.945205479446
 20
32547.94520547945
 10
44589.04109589041
 20
32589.04109589041
 10
44589.04109589041
 20
32876.71232876712
  0
LWPOLYLINE
  5
162
330
17
100
AcDbEntity
  8
RASTER_CONTOURS
100
AcDbPolyline
 90
7
 70
1
 10
22561.643835616436
 20
33534.24657534246
 10
22479.452054794518
 20
33493.150684931505
 10
22397.260273972603
 20
33369.863013698625
 10
22561.643835616436
 20
33246.57534246575
 10
22561.643835616436
 20
33164.38356164383
 10
22561.643835616436
 20
33287.67123287671
 10
22602.739726027397
 20
33328.76712328767
  0
LWPOLYLINE
  5
163
330
17
100
AcDbEntity
  8
RASTER_CONTOURS
100
AcDbPolyline
 90
6
 70
1
 10
17630.136986301368
 20
33657.53424657534
 10
17712.328767123287
 20
33493.150684931505
 10
17630.136986301368
 20
33369.863013698625
 10
17630.136986301368
 20
32958.90410958904
 10
17753.424657534244
 20
32876.71232876712
 10
17753.424657534244
 20
33698.6301369863
  0
LWPOLYLINE
  5
164
330
17
100
AcDbEntity
  8
RASTER_CONTOURS
100
AcDbPolyline
 90
6
 70
1
 10
53136.986301369856
 20
33575.34246575342
 10
53136.986301369856
 20
33493.150684931505
 10
53424.65753424657
 20
33287.67123287671
 10
53547.945205479446
 20
33328.76712328767
 10
53547.945205479446
 20
33739.72602739726
 10
53424.65753424657
 20
33739.72602739726
  0
LWPOLYLINE
  5
165
330
17
100
AcDbEntity
  8
RASTER_CONTOURS
100
AcDbPolyline
 90
14
 70
1
 10
4561.643835616438
 20
33863.01369863014
 10
4643.835616438356
 20
33575.34246575342
 10
4643.835616438356
 20
32424.657534246573
 10
4684.931506849315
 20
32383.561643835616
 10
5136.986301369862
 20
32383.561643835616
 10
5178.082191780822
 20
32301.369863013697
 10
5095.890410958904
 20
32219.17808219178
 10
4150.684931506849
 20
32219.17808219178
 10
4109.58904109589
 20
32260.27397260274
 10
4068.493150684931
 20
32219.17808219178
 10
3863.013698630137
 20
32219.17808219178
 10
3780.821917808219
 20
32301.369863013697
 10
3780.821917808219
 20
33082.191780821915
 10
3986.3013698630134
 20
33328.76712328767
  0
LWPOLYLINE
  5
166
330
17
100
AcDbEntity
  8
RASTER_CONTOURS
100
AcDbPolyline
 90
5
 70
1
 10
19273.972602739726
 20
34109.58904109589
 10
19273.972602739726
 20
34027.39726027397
 10
19397.260273972603
 20
33904.109589041094
 10
19397.260273972603
 20
33821.91780821918
 10
19356.16438356164
 20
34109.58904109589
  0
LWPOLYLINE
  5
167
330
17
100
AcDbEntity
  8
RASTER_CONTOURS
100
AcDbPolyline
 90
9
 70
1
 10
22931.50684931507
 20
34232.87671232876
 10
22931.50684931507
 20
34191.780821917804
 10
23712.328767123287
 20
34191.780821917804
 10
23712.328767123287
 20
34232.87671232876
 10
23506.84931506849
 20
34232.87671232876
 10
23465.753424657534
 20
34191.780821917804
 10
23301.369863013697
 20
34191.780821917804
 10
23260.27397260274
 20
34232.87671232876
 10
23054.794520547945
 20
34191.780821917804
  0
LWPOLYLINE
  5
168
330
17
100
AcDbEntity
  8
RASTER_CONTOURS
100
AcDbPolyline
 90
23
 70
1
 10
27616.43835616438
 20
34232.87671232876
 10
27616.43835616438
 20
34150.68493150685
 10
27780.821917808218
 20
34150.68493150685
 10
27904.109589041094
 20
34027.39726027397
 10
28027.39726027397
 20
34191.780821917804
 10
28150.684931506847
 20
34191.780821917804
 10
28191.780821917808
 20
34150.68493150685
 10
28273.972602739723
 20
34191.780821917804
 10
28397.260273972603
 20
34191.780821917804
 10
28438.35616438356
 20
34150.68493150685
 10
28684.931506849312
 20
34191.780821917804
 10
28726.027397260274
 20
34150.68493150685
 10
28890.410958904107
 20
34191.780821917804
 10
28890.410958904107
 20
34232.87671232876
 10
28684.931506849312
 20
34232.87671232876
 10
28643.835616438355
 20
34191.780821917804
 10
28561.643835616436
 20
34232.87671232876
 10
28397.260273972603
 20
34232.87671232876
 10
28356.16438356164
 20
34191.780821917804
 10
28273.972602739723
 20
34232.87671232876
 10
28027.39726027397
 20
34232.87671232876
 10
27904.109589041094
 20
34356.16438356164
 10
27739.726027397257
 20
34232.87671232876
  0
LWPOLYLINE
  5
169
330
17
100
AcDbEntity
  8
RASTER_CONTOURS
100
AcDbPolyline
 90
20
 70
1
 10
4972.602739726027
 20
34356.16438356164
 10
5178.082191780822
 20
34438.35616438356
 10
5219.17808219178
 20
34397.2602739726
 10
5342.465753424657
 20
34397.2602739726
 10
5424.657534246575
 20
34273.97260273973
 10
5630.13698630137
 20
34150.68493150685
 10
5712.328767123287
 20
34191.780821917804
 10
5753.424657534246
 20
34150.68493150685
 10
6616.438356164384
 20
34150.68493150685
 10
6657.534246575342
 20
34109.58904109589
 10
6657.534246575342
 20
32547.94520547945
 10
6575.342465753424
 20
32465.75342465753
 10
5506.849315068493
 20
32465.75342465753
 10
5465.753424657534
 20
32424.657534246573
 10
5219.17808219178
 20
32465.75342465753
 10
5178.082191780822
 20
32424.657534246573
 10
5013.698630136986
 20
32424.657534246573
 10
4808.219178082191
 20
32671.232876712325
 10
4684.931506849315
 20
32712.328767123287
 10
4684.931506849315
 20
34027.39726027397
  0
LWPOLYLINE
  5
16A
330
17
100
AcDbEntity
  8
RASTER_CONTOURS
100
AcDbPolyline
 90
11
 70
1
 10
34438.35616438356
 20
34479.45205479452
 10
34479.45205479452
 20
34356.16438356164
 10
35013.69863013698
 20
34356.16438356164
 10
35054.79452054794
 20
34397.2602739726
 10
35178.08219178082
 20
34356.16438356164
 10
35301.36986301369
 20
34397.2602739726
 10
35301.36986301369
 20
34438.35616438356
 10
35260.273972602736
 20
34397.2602739726
 10
34890.41095890411
 20
34397.2602739726
 10
34849.315068493146
 20
34438.35616438356
 10
34520.54794520548
 20
34438.35616438356
  0
LWPOLYLINE
  5
16B
330
17
100
AcDbEntity
  8
RASTER_CONTOURS
100
AcDbPolyline
 90
10
 70
1
 10
29424.657534246573
 20
34849.315068493146
 10
29506.84931506849
 20
34849.315068493146
 10
29589.04109589041
 20
34767.12328767123
 10
29547.94520547945
 20
34726.02739726027
 10
29547.94520547945
 20
34602.739726027394
 10
29589.04109589041
 20
34561.643835616436
 10
29547.94520547945
 20
34479.45205479452
 10
29465.75342465753
 20
34479.45205479452
 10
29342.465753424654
 20
34561.643835616436
 10
29342.465753424654
 20
34767.12328767123
  0
LWPOLYLINE
  5
16C
330
17
100
AcDbEntity
  8
RASTER_CONTOURS
100
AcDbPolyline
 90
7
 70
1
 10
29178.08219178082
 20
34849.315068493146
 10
29342.465753424654
 20
34726.02739726027
 10
29342.465753424654
 20
34397.2602739726
 10
29219.17808219178
 20
34232.87671232876
 10
29095.890410958902
 20
34232.87671232876
 10
29054.794520547945
 20
34273.97260273973
 10
29054.794520547945
 20
34767.12328767123
  0
LWPOLYLINE
  5
16D
330
17
100
AcDbEntity
  8
RASTER_CONTOURS
100
AcDbPolyline
 90
24
 70
1
 10
45657.53424657534
 20
35260.273972602736
 10
45698.6301369863
 20
35219.17808219178
 10
45821.91780821917
 20
35219.17808219178
 10
45904.109589041094
 20
35136.98630136986
 10
45904.109589041094
 20
34356.16438356164
 10
45863.01369863014
 20
34315.068493150684
 10
45904.109589041094
 20
34191.780821917804
 10
45904.109589041094
 20
32753.424657534244
 10
45780.821917808214
 20
32630.136986301368
 10
45287.67123287671
 20
32630.136986301368
 10
45164.38356164383
 20
32712.328767123287
 10
45164.38356164383
 20
33123.28767123287
 10
45123.28767123287
 20
33205.479452054795
 10
45082.191780821915
 20
33164.38356164383
 10
44835.61643835616
 20
33164.38356164383
 10
44794.520547945205
 20
33205.479452054795
 10
44794.520547945205
 20
33863.01369863014
 10
44917.80821917808
 20
33945.20547945205
 10
45000.0
 20
33945.20547945205
 10
45123.28767123287
 20
33863.01369863014
 10
45287.67123287671
 20
33986.30136986301
 10
45287.67123287671
 20
35178.08219178082
 10
45328.76712328767
 20
35219.17808219178
 10
45575.34246575342
 20
35219.17808219178
  0
LWPOLYLINE
  5
16E
330
17
100
AcDbEntity
  8
RASTER_CONTOURS
100
AcDbPolyline
 90
23
 70
1
 10
42205.479452054795
 20
35219.17808219178
 10
42698.6301369863
 20
35219.17808219178
 10
42739.72602739726
 20
35260.273972602736
 10
43315.068493150684
 20
35219.17808219178
 10
43356.16438356164
 20
35260.273972602736
 10
43643.83561643835
 20
35260.273972602736
 10
43684.93150684931
 20
35219.17808219178
 10
44506.84931506849
 20
35219.17808219178
 10
44547.945205479446
 20
35178.08219178082
 10
44547.945205479446
 20
34315.068493150684
 10
44465.75342465753
 20
34232.87671232876
 10
44547.945205479446
 20
34109.58904109589
 10
44547.945205479446
 20
32753.424657534244
 10
44301.36986301369
 20
32630.136986301368
 10
42534.24657534246
 20
32630.136986301368
 10
42493.150684931505
 20
32671.232876712325
 10
42287.67123287671
 20
32671.232876712325
 10
42123.28767123287
 20
32794.520547945205
 10
42123.28767123287
 20
34068.49315068493
 10
42246.57534246575
 20
34191.780821917804
 10
42164.38356164383
 20
34315.068493150684
 10
42164.38356164383
 20
34972.602739726026
 10
42123.28767123287
 20
35054.79452054794
  0
LWPOLYLINE
  5
16F
330
17
100
AcDbEntity
  8
RASTER_CONTOURS
100
AcDbPolyline
 90
20
 70
1
 10
36246.57534246575
 20
35136.98630136986
 10
36328.76712328767
 20
35260.273972602736
 10
41753.42465753424
 20
35260.273972602736
 10
41917.80821917808
 20
35178.08219178082
 10
41917.80821917808
 20
32753.424657534244
 10
41794.520547945205
 20
32630.136986301368
 10
41630.13698630137
 20
32630.136986301368
 10
41506.84931506849
 20
32712.328767123287
 10
41506.84931506849
 20
33328.76712328767
 10
41465.75342465753
 20
33369.863013698625
 10
36657.53424657534
 20
33369.863013698625
 10
36616.438356164384
 20
33410.95890410959
 10
36534.24657534246
 20
33369.863013698625
 10
36452.05479452055
 20
33410.95890410959
 10
36410.95890410959
 20
33369.863013698625
 10
36246.57534246575
 20
33493.150684931505
 10
36246.57534246575
 20
34068.49315068493
 10
36287.67123287671
 20
34109.58904109589
 10
36287.67123287671
 20
34273.97260273973
 10
36246.57534246575
 20
34315.068493150684
  0
LWPOLYLINE
  5
170
330
17
100
AcDbEntity
  8
RASTER_CONTOURS
100
AcDbPolyline
 90
50
 70
1
 10
34027.39726027397
 20
35301.36986301369
 10
34109.58904109589
 20
35260.273972602736
 10
34232.87671232876
 20
35260.273972602736
 10
34273.97260273973
 20
35301.36986301369
 10
34315.068493150684
 20
35260.273972602736
 10
34356.16438356164
 20
35301.36986301369
 10
34520.54794520548
 20
35301.36986301369
 10
34561.643835616436
 20
35260.273972602736
 10
35712.32876712328
 20
35301.36986301369
 10
35753.42465753425
 20
35260.273972602736
 10
35917.80821917808
 20
35260.273972602736
 10
36000.0
 20
35178.08219178082
 10
36000.0
 20
32958.90410958904
 10
35958.904109589035
 20
32917.80821917808
 10
36000.0
 20
32671.232876712325
 10
35917.80821917808
 20
32547.94520547945
 10
35712.32876712328
 20
32547.94520547945
 10
35671.232876712325
 20
32589.04109589041
 10
35671.232876712325
 20
34315.068493150684
 10
35547.94520547945
 20
34315.068493150684
 10
35671.232876712325
 20
34150.68493150685
 10
35671.232876712325
 20
32835.61643835616
 10
35589.04109589041
 20
32712.328767123287
 10
35465.75342465753
 20
32630.136986301368
 10
35424.65753424657
 20
32671.232876712325
 10
35342.46575342466
 20
32630.136986301368
 10
35301.36986301369
 20
32671.232876712325
 10
34931.50684931507
 20
32671.232876712325
 10
34890.41095890411
 20
32712.328767123287
 10
34808.21917808219
 20
32671.232876712325
 10
34191.780821917804
 20
32630.136986301368
 10
34109.58904109589
 20
32753.424657534244
 10
34068.49315068493
 20
32712.328767123287
 10
34109.58904109589
 20
32630.136986301368
 10
34027.39726027397
 20
32547.94520547945
 10
33945.20547945205
 20
32547.94520547945
 10
33863.01369863014
 20
32630.136986301368
 10
33863.01369863014
 20
32712.328767123287
 10
33863.01369863014
 20
32630.136986301368
 10
33780.821917808214
 20
32547.94520547945
 10
33657.53424657534
 20
32547.94520547945
 10
33534.24657534246
 20
32671.232876712325
 10
33534.24657534246
 20
33575.34246575342
 10
33575.34246575342
 20
33616.438356164384
 10
33534.24657534246
 20
33739.72602739726
 10
33657.53424657534
 20
33863.01369863014
 10
33780.821917808214
 20
33863.01369863014
 10
33863.01369863014
 20
33780.821917808214
 10
33904.109589041094
 20
33904.109589041094
 10
33904.109589041094
 20
35219.17808219178
  0
LWPOLYLINE
  5
171
330
17
100
AcDbEntity
  8
RASTER_CONTOURS
100
AcDbPolyline
 90
13
 70
1
 10
33123.28767123287
 20
35219.17808219178
 10
33041.09589041096
 20
35136.98630136986
 10
29958.90410958904
 20
35136.98630136986
 10
29917.80821917808
 20
35178.08219178082
 10
29958.90410958904
 20
35260.273972602736
 10
31561.643835616436
 20
35260.273972602736
 10
31602.739726027394
 20
35301.36986301369
 10
31726.027397260274
 20
35260.273972602736
 10
31849.31506849315
 20
35301.36986301369
 10
32342.465753424654
 20
35301.36986301369
 10
32383.561643835616
 20
35260.273972602736
 10
32917.80821917808
 20
35260.273972602736
 10
33041.09589041096
 20
35301.36986301369
  0
LWPOLYLINE
  5
172
330
17
100
AcDbEntity
  8
RASTER_CONTOURS
100
AcDbPolyline
 90
17
 70
1
 10
24698.6301369863
 20
35301.36986301369
 10
25479.452054794518
 20
35301.36986301369
 10
25520.54794520548
 20
35260.273972602736
 10
25602.739726027394
 20
35301.36986301369
 10
25808.21917808219
 20
35178.08219178082
 10
25808.21917808219
 20
34191.780821917804
 10
25726.027397260274
 20
34109.58904109589
 10
25808.21917808219
 20
33863.01369863014
 10
25808.21917808219
 20
32465.75342465753
 10
25684.931506849312
 20
32219.17808219178
 10
24657.534246575342
 20
32219.17808219178
 10
24534.246575342466
 20
32424.657534246573
 10
24534.246575342466
 20
33863.01369863014
 10
24575.342465753423
 20
33904.109589041094
 10
24575.342465753423
 20
34150.68493150685
 10
24534.246575342466
 20
34191.780821917804
 10
24534.246575342466
 20
35178.08219178082
  0
LWPOLYLINE
  5
173
330
17
100
AcDbEntity
  8
RASTER_CONTOURS
100
AcDbPolyline
 90
13
 70
1
 10
19808.219178082192
 20
35219.17808219178
 10
19890.410958904107
 20
35301.36986301369
 10
21575.342465753423
 20
35301.36986301369
 10
21698.6301369863
 20
35178.08219178082
 10
21698.6301369863
 20
34643.83561643835
 10
21657.534246575342
 20
34602.739726027394
 10
21698.6301369863
 20
34315.068493150684
 10
21616.43835616438
 20
34191.780821917804
 10
19972.602739726026
 20
34191.780821917804
 10
19808.219178082192
 20
34273.97260273973
 10
19808.219178082192
 20
34520.54794520548
 10
19849.31506849315
 20
34561.643835616436
 10
19808.219178082192
 20
34602.739726027394
  0
LWPOLYLINE
  5
174
330
17
100
AcDbEntity
  8
RASTER_CONTOURS
100
AcDbPolyline
 90
28
 70
1
 10
59917.80821917808
 20
35753.42465753425
 10
59917.80821917808
 20
35589.04109589041
 10
59876.71232876712
 20
35547.94520547945
 10
59876.71232876712
 20
35383.561643835616
 10
59917.80821917808
 20
35342.46575342466
 10
59876.71232876712
 20
34849.315068493146
 10
59917.80821917808
 20
34726.02739726027
 10
59835.61643835616
 20
34643.83561643835
 10
59753.42465753424
 20
34684.931506849316
 10
59506.84931506849
 20
34684.931506849316
 10
59465.75342465753
 20
34643.83561643835
 10
59219.17808219178
 20
34643.83561643835
 10
59178.08219178082
 20
34684.931506849316
 10
58931.50684931506
 20
34643.83561643835
 10
58767.12328767123
 20
34767.12328767123
 10
58808.21917808219
 20
34890.41095890411
 10
58808.21917808219
 20
35095.8904109589
 10
58767.12328767123
 20
35136.98630136986
 10
58808.21917808219
 20
35260.273972602736
 10
58808.21917808219
 20
35589.04109589041
 10
58767.12328767123
 20
35712.32876712328
 10
58849.315068493146
 20
35794.520547945205
 10
59013.69863013698
 20
35794.520547945205
 10
59054.79452054794
 20
35753.42465753425
 10
59219.17808219178
 20
35753.42465753425
 10
59260.273972602736
 20
35794.520547945205
 10
59630.13698630137
 20
35753.42465753425
 10
59753.42465753424
 20
35835.61643835616
  0
LWPOLYLINE
  5
175
330
17
100
AcDbEntity
  8
RASTER_CONTOURS
100
AcDbPolyline
 90
37
 70
1
 10
0.0
 20
32301.369863013697
 10
0.0
 20
32465.75342465753
 10
-41.0958904109589
 20
32506.84931506849
 10
-41.0958904109589
 20
33739.72602739726
 10
-82.1917808219178
 20
33780.821917808214
 10
-82.1917808219178
 20
33904.109589041094
 10
-41.0958904109589
 20
33945.20547945205
 10
-82.1917808219178
 20
34068.49315068493
 10
-82.1917808219178
 20
35506.84931506849
 10
-123.2876712328767
 20
35547.94520547945
 10
-123.2876712328767
 20
35794.520547945205
 10
-41.0958904109589
 20
35876.71232876712
 10
246.5753424657534
 20
35876.71232876712
 10
287.67123287671234
 20
35917.80821917808
 10
5835.616438356164
 20
35917.80821917808
 10
5917.808219178081
 20
35835.61643835616
 10
5917.808219178081
 20
35712.32876712328
 10
5753.424657534246
 20
35465.75342465753
 10
5301.369863013699
 20
34972.602739726026
 10
4972.602739726027
 20
34684.931506849316
 10
5013.698630136986
 20
34561.643835616436
 10
4972.602739726027
 20
34397.2602739726
 10
4561.643835616438
 20
34027.39726027397
 10
4438.356164383561
 20
34027.39726027397
 10
4068.493150684931
 20
33575.34246575342
 10
3698.6301369863013
 20
33246.57534246575
 10
3657.5342465753424
 20
33164.38356164383
 10
3657.5342465753424
 20
32301.369863013697
 10
3575.342465753424
 20
32219.17808219178
 10
3452.0547945205476
 20
32178.08219178082
 10
3287.671232876712
 20
32178.08219178082
 10
3246.5753424657532
 20
32219.17808219178
 10
1808.2191780821918
 20
32219.17808219178
 10
1767.1232876712327
 20
32260.27397260274
 10
1643.835616438356
 20
32260.27397260274
 10
1602.7397260273972
 20
32219.17808219178
 10
82.1917808219178
 20
32219.17808219178
  0
LWPOLYLINE
  5
176
330
17
100
AcDbEntity
  8
RASTER_CONTOURS
100
AcDbPolyline
 90
358
 70
1
 10
53342.46575342465
 20
36000.0
 10
53342.46575342465
 20
34767.12328767123
 10
53219.17808219178
 20
34643.83561643835
 10
52808.21917808219
 20
34643.83561643835
 10
52767.12328767123
 20
34684.931506849316
 10
52643.83561643835
 20
34643.83561643835
 10
52561.643835616436
 20
34684.931506849316
 10
52520.54794520548
 20
34643.83561643835
 10
52315.068493150684
 20
34684.931506849316
 10
52273.97260273972
 20
34643.83561643835
 10
52109.58904109589
 20
34726.02739726027
 10
52109.58904109589
 20
35219.17808219178
 10
52027.39726027397
 20
35260.273972602736
 10
50794.520547945205
 20
35260.273972602736
 10
50753.42465753424
 20
35301.36986301369
 10
50630.13698630137
 20
35260.273972602736
 10
50178.08219178082
 20
35260.273972602736
 10
50136.98630136986
 20
35301.36986301369
 10
46109.58904109589
 20
35301.36986301369
 10
46027.39726027397
 20
35219.17808219178
 10
45904.109589041094
 20
35301.36986301369
 10
45287.67123287671
 20
35301.36986301369
 10
45205.479452054795
 20
35219.17808219178
 10
45205.479452054795
 20
34068.49315068493
 10
45123.28767123287
 20
33986.30136986301
 10
44753.42465753424
 20
33986.30136986301
 10
44671.232876712325
 20
33821.91780821918
 10
44589.04109589041
 20
33904.109589041094
 10
44630.13698630137
 20
33986.30136986301
 10
44630.13698630137
 20
34315.068493150684
 10
44589.04109589041
 20
34356.16438356164
 10
44630.13698630137
 20
34397.2602739726
 10
44630.13698630137
 20
35219.17808219178
 10
44547.945205479446
 20
35301.36986301369
 10
42123.28767123287
 20
35301.36986301369
 10
42041.09589041096
 20
35219.17808219178
 10
41958.904109589035
 20
35301.36986301369
 10
36287.67123287671
 20
35342.46575342466
 10
36205.479452054795
 20
35260.273972602736
 10
36205.479452054795
 20
34232.87671232876
 10
36164.38356164383
 20
34191.780821917804
 10
36164.38356164383
 20
33945.20547945205
 10
36205.479452054795
 20
33904.109589041094
 10
36164.38356164383
 20
33739.72602739726
 10
36205.479452054795
 20
33698.6301369863
 10
36164.38356164383
 20
33616.438356164384
 10
36246.57534246575
 20
33328.76712328767
 10
38876.71232876712
 20
33328.76712328767
 10
38917.80821917808
 20
33287.67123287671
 10
39000.0
 20
33328.76712328767
 10
39863.01369863014
 20
33328.76712328767
 10
39904.109589041094
 20
33287.67123287671
 10
39945.20547945205
 20
33328.76712328767
 10
40397.2602739726
 20
33328.76712328767
 10
40438.35616438356
 20
33287.67123287671
 10
40931.50684931507
 20
33287.67123287671
 10
40972.602739726026
 20
33328.76712328767
 10
41136.98630136986
 20
33328.76712328767
 10
41178.08219178082
 20
33287.67123287671
 10
41342.46575342466
 20
33287.67123287671
 10
41424.65753424657
 20
33205.479452054795
 10
41424.65753424657
 20
32671.232876712325
 10
41465.75342465753
 20
32630.136986301368
 10
41465.75342465753
 20
32465.75342465753
 10
41424.65753424657
 20
32424.657534246573
 10
41424.65753424657
 20
30821.917808219176
 10
41383.561643835616
 20
30780.821917808218
 10
41424.65753424657
 20
30739.726027397257
 10
41424.65753424657
 20
29671.232876712325
 10
41630.13698630137
 20
29671.232876712325
 10
41671.232876712325
 20
29630.136986301368
 10
41712.32876712328
 20
29671.232876712325
 10
41753.42465753424
 20
29630.136986301368
 10
49808.21917808219
 20
29630.136986301368
 10
49849.315068493146
 20
29589.04109589041
 10
50054.79452054794
 20
29630.136986301368
 10
50095.8904109589
 20
29589.04109589041
 10
50178.08219178082
 20
29630.136986301368
 10
50178.08219178082
 20
32383.561643835616
 10
50260.273972602736
 20
32465.75342465753
 10
50917.80821917808
 20
32465.75342465753
 10
51000.0
 20
32383.561643835616
 10
51000.0
 20
30287.67123287671
 10
50917.80821917808
 20
30205.47945205479
 10
50383.561643835616
 20
30205.47945205479
 10
50342.46575342465
 20
30164.383561643834
 10
50342.46575342465
 20
29506.84931506849
 10
50260.273972602736
 20
29424.657534246573
 10
50178.08219178082
 20
29465.75342465753
 10
48657.53424657534
 20
29465.75342465753
 10
48616.43835616438
 20
29506.84931506849
 10
48534.24657534246
 20
29465.75342465753
 10
45369.863013698625
 20
29506.84931506849
 10
45287.67123287671
 20
29301.369863013697
 10
45328.76712328767
 20
29219.17808219178
 10
45287.67123287671
 20
28849.31506849315
 10
45205.479452054795
 20
28767.12328767123
 10
44589.04109589041
 20
28767.12328767123
 10
44465.75342465753
 20
28849.31506849315
 10
44465.75342465753
 20
29506.84931506849
 10
41465.75342465753
 20
29506.84931506849
 10
41424.65753424657
 20
29465.75342465753
 10
41424.65753424657
 20
28931.50684931507
 10
41342.46575342466
 20
28808.21917808219
 10
41260.273972602736
 20
28890.410958904107
 10
41260.273972602736
 20
29876.71232876712
 10
41219.17808219178
 20
29917.80821917808
 10
41260.273972602736
 20
29958.90410958904
 10
41260.273972602736
 20
30986.301369863013
 10
41219.17808219178
 20
31027.39726027397
 10
41260.273972602736
 20
31150.684931506847
 10
41260.273972602736
 20
33123.28767123287
 10
41219.17808219178
 20
33164.38356164383
 10
39000.0
 20
33164.38356164383
 10
39000.0
 20
32917.80821917808
 10
38958.904109589035
 20
32876.71232876712
 10
38835.61643835616
 20
33164.38356164383
 10
37890.4109589041
 20
33164.38356164383
 10
37849.315068493146
 20
33205.479452054795
 10
37315.068493150684
 20
33205.479452054795
 10
37273.97260273973
 20
33164.38356164383
 10
36863.01369863014
 20
33164.38356164383
 10
36739.72602739726
 20
33205.479452054795
 10
36657.53424657534
 20
33164.38356164383
 10
36616.438356164384
 20
33205.479452054795
 10
36246.57534246575
 20
33205.479452054795
 10
36164.38356164383
 20
33000.0
 10
36164.38356164383
 20
32136.98630136986
 10
36205.479452054795
 20
32095.890410958902
 10
36164.38356164383
 20
32013.698630136983
 10
36164.38356164383
 20
31232.876712328765
 10
36246.57534246575
 20
31068.493150684928
 10
36123.28767123287
 20
31027.39726027397
 10
36041.09589041096
 20
31109.58904109589
 10
36041.09589041096
 20
32301.369863013697
 10
36000.0
 20
32342.465753424654
 10
35958.904109589035
 20
32301.369863013697
 10
35753.42465753425
 20
32301.369863013697
 10
35712.32876712328
 20
32342.465753424654
 10
35630.13698630137
 20
32301.369863013697
 10
35465.75342465753
 20
32383.561643835616
 10
35506.84931506849
 20
32465.75342465753
 10
35712.32876712328
 20
32465.75342465753
 10
35753.42465753425
 20
32506.84931506849
 10
36000.0
 20
32465.75342465753
 10
36041.09589041096
 20
32506.84931506849
 10
36041.09589041096
 20
34890.41095890411
 10
36082.191780821915
 20
34931.50684931507
 10
36082.191780821915
 20
35054.79452054794
 10
36041.09589041096
 20
35095.8904109589
 10
36082.191780821915
 20
35178.08219178082
 10
36041.09589041096
 20
35301.36986301369
 10
35958.904109589035
 20
35342.46575342466
 10
34027.39726027397
 20
35342.46575342466
 10
33986.30136986301
 20
35383.561643835616
 10
33821.91780821918
 20
35301.36986301369
 10
33821.91780821918
 20
34027.39726027397
 10
33698.6301369863
 20
33904.109589041094
 10
33657.53424657534
 20
33945.20547945205
 10
33493.150684931505
 20
33904.109589041094
 10
33493.150684931505
 20
32506.84931506849
 10
33739.72602739726
 20
32506.84931506849
 10
33780.821917808214
 20
32465.75342465753
 10
34068.49315068493
 20
32506.84931506849
 10
34109.58904109589
 20
32465.75342465753
 10
34356.16438356164
 20
32465.75342465753
 10
34397.2602739726
 20
32383.561643835616
 10
34273.97260273973
 20
32301.369863013697
 10
34191.780821917804
 20
32342.465753424654
 10
33904.109589041094
 20
32342.465753424654
 10
33821.91780821918
 20
32301.369863013697
 10
33821.91780821918
 20
31643.835616438355
 10
33657.53424657534
 20
31520.54794520548
 10
33575.34246575342
 20
31561.643835616436
 10
33328.76712328767
 20
31561.643835616436
 10
33287.67123287671
 20
31602.739726027394
 10
33328.76712328767
 20
31684.931506849312
 10
33328.76712328767
 20
33904.109589041094
 10
33246.57534246575
 20
33986.30136986301
 10
33246.57534246575
 20
34356.16438356164
 10
33205.479452054795
 20
34397.2602739726
 10
33246.57534246575
 20
34479.45205479452
 10
33246.57534246575
 20
35136.98630136986
 10
33205.479452054795
 20
35178.08219178082
 10
33205.479452054795
 20
35342.46575342466
 10
25972.602739726026
 20
35342.46575342466
 10
25931.50684931507
 20
35260.273972602736
 10
25849.31506849315
 20
35342.46575342466
 10
24493.150684931505
 20
35342.46575342466
 10
24493.150684931505
 20
35054.79452054794
 10
24452.054794520547
 20
35013.69863013698
 10
24493.150684931505
 20
34972.602739726026
 10
24493.150684931505
 20
34808.21917808219
 10
24452.054794520547
 20
34767.12328767123
 10
24452.054794520547
 20
34643.83561643835
 10
24493.150684931505
 20
34602.739726027394
 10
24493.150684931505
 20
34479.45205479452
 10
24452.054794520547
 20
34438.35616438356
 10
24452.054794520547
 20
34273.97260273973
 10
24493.150684931505
 20
34232.87671232876
 10
24452.054794520547
 20
34150.68493150685
 10
24452.054794520547
 20
32260.27397260274
 10
24534.246575342466
 20
32136.98630136986
 10
24739.726027397257
 20
32136.98630136986
 10
24780.821917808218
 20
32178.08219178082
 10
24986.301369863013
 20
32178.08219178082
 10
25027.39726027397
 20
32136.98630136986
 10
25315.068493150684
 20
32136.98630136986
 10
25356.16438356164
 20
32178.08219178082
 10
25397.260273972603
 20
32136.98630136986
 10
25808.21917808219
 20
32136.98630136986
 10
25890.410958904107
 20
32178.08219178082
 10
25972.602739726026
 20
32054.794520547945
 10
25972.602739726026
 20
31972.602739726026
 10
25890.410958904107
 20
31931.506849315065
 10
25808.21917808219
 20
32054.794520547945
 10
25684.931506849312
 20
32054.794520547945
 10
25643.835616438355
 20
32013.698630136983
 10
25561.643835616436
 20
32054.794520547945
 10
25479.452054794518
 20
32013.698630136983
 10
25315.068493150684
 20
32013.698630136983
 10
25273.972602739723
 20
32054.794520547945
 10
25068.49315068493
 20
32054.794520547945
 10
25027.39726027397
 20
32013.698630136983
 10
24780.821917808218
 20
32013.698630136983
 10
24739.726027397257
 20
32054.794520547945
 10
23917.80821917808
 20
32013.698630136983
 10
23876.71232876712
 20
31972.602739726026
 10
23876.71232876712
 20
31356.16438356164
 10
23794.520547945205
 20
31273.972602739723
 10
23671.232876712325
 20
31273.972602739723
 10
23630.136986301368
 20
31315.068493150684
 10
23506.84931506849
 20
31273.972602739723
 10
23383.561643835616
 20
31315.068493150684
 10
23136.986301369863
 20
31315.068493150684
 10
23095.890410958902
 20
31273.972602739723
 10
22479.452054794518
 20
31273.972602739723
 10
22438.35616438356
 20
31315.068493150684
 10
22315.068493150684
 20
31273.972602739723
 10
21904.109589041094
 20
31273.972602739723
 10
21780.821917808218
 20
31397.2602739726
 10
21780.821917808218
 20
32013.698630136983
 10
21863.013698630137
 20
32095.890410958902
 10
22150.684931506847
 20
32136.98630136986
 10
22150.684931506847
 20
32794.520547945205
 10
22232.876712328765
 20
32876.71232876712
 10
22315.068493150684
 20
32835.61643835616
 10
22315.068493150684
 20
32383.561643835616
 10
23136.986301369863
 20
32383.561643835616
 10
23178.08219178082
 20
32342.465753424654
 10
24287.67123287671
 20
32342.465753424654
 10
24328.76712328767
 20
32383.561643835616
 10
24328.76712328767
 20
34643.83561643835
 10
24369.86301369863
 20
34726.02739726027
 10
24328.76712328767
 20
34767.12328767123
 10
24328.76712328767
 20
35301.36986301369
 10
24287.67123287671
 20
35342.46575342466
 10
22397.260273972603
 20
35342.46575342466
 10
22356.16438356164
 20
35260.273972602736
 10
22356.16438356164
 20
34931.50684931507
 10
22397.260273972603
 20
34890.41095890411
 10
22356.16438356164
 20
34849.315068493146
 10
22356.16438356164
 20
34315.068493150684
 10
22315.068493150684
 20
34273.97260273973
 10
22315.068493150684
 20
33986.30136986301
 10
22232.876712328765
 20
33904.109589041094
 10
22150.684931506847
 20
33986.30136986301
 10
22191.780821917808
 20
34068.49315068493
 10
22109.58904109589
 20
34273.97260273973
 10
21863.013698630137
 20
34273.97260273973
 10
21739.72602739726
 20
34356.16438356164
 10
21739.72602739726
 20
35301.36986301369
 10
21657.534246575342
 20
35383.561643835616
 10
21616.43835616438
 20
35342.46575342466
 10
20712.328767123287
 20
35342.46575342466
 10
20671.23287671233
 20
35383.561643835616
 10
19972.602739726026
 20
35383.561643835616
 10
19931.50684931507
 20
35342.46575342466
 10
19726.027397260274
 20
35342.46575342466
 10
19726.027397260274
 20
34643.83561643835
 10
19684.931506849312
 20
34602.739726027394
 10
19726.027397260274
 20
34520.54794520548
 10
19726.027397260274
 20
34150.68493150685
 10
19643.835616438355
 20
34068.49315068493
 10
19602.739726027397
 20
34109.58904109589
 10
19602.739726027397
 20
35301.36986301369
 10
19561.643835616436
 20
35342.46575342466
 10
18452.054794520547
 20
35342.46575342466
 10
18410.95890410959
 20
35383.561643835616
 10
18287.67123287671
 20
35342.46575342466
 10
17794.520547945205
 20
35342.46575342466
 10
17753.424657534244
 20
35383.561643835616
 10
17712.328767123287
 20
35342.46575342466
 10
17547.94520547945
 20
35342.46575342466
 10
17506.84931506849
 20
35383.561643835616
 10
17342.465753424658
 20
35383.561643835616
 10
17219.17808219178
 20
35301.36986301369
 10
17219.17808219178
 20
32095.890410958902
 10
17260.27397260274
 20
32054.794520547945
 10
17630.136986301368
 20
32054.794520547945
 10
17671.23287671233
 20
32013.698630136983
 10
17835.616438356163
 20
32013.698630136983
 10
17876.712328767124
 20
32054.794520547945
 10
18369.86301369863
 20
32054.794520547945
 10
18452.054794520547
 20
31972.602739726026
 10
18410.95890410959
 20
31931.506849315065
 10
17136.986301369863
 20
31931.506849315065
 10
17095.890410958902
 20
31972.602739726026
 10
17095.890410958902
 20
35342.46575342466
 10
17013.698630136983
 20
35383.561643835616
 10
16931.50684931507
 20
35342.46575342466
 10
14178.08219178082
 20
35342.46575342466
 10
14136.986301369861
 20
35383.561643835616
 10
14054.794520547945
 20
35342.46575342466
 10
14054.794520547945
 20
34931.50684931507
 10
14013.698630136985
 20
34890.41095890411
 10
14054.794520547945
 20
34479.45205479452
 10
13972.602739726026
 20
34315.068493150684
 10
13808.21917808219
 20
34315.068493150684
 10
13767.123287671231
 20
34273.97260273973
 10
13315.068493150684
 20
34273.97260273973
 10
13191.780821917808
 20
34356.16438356164
 10
13191.780821917808
 20
35260.273972602736
 10
13150.684931506848
 20
35342.46575342466
 10
9780.821917808218
 20
35342.46575342466
 10
9739.726027397259
 20
35383.561643835616
 10
9657.534246575342
 20
35342.46575342466
 10
8876.712328767122
 20
35342.46575342466
 10
8835.616438356165
 20
35383.561643835616
 10
8136.986301369862
 20
35383.561643835616
 10
8054.794520547945
 20
35342.46575342466
 10
8013.698630136986
 20
35383.561643835616
 10
6821.9178082191775
 20
35383.561643835616
 10
6780.821917808219
 20
35301.36986301369
 10
6780.821917808219
 20
34273.97260273973
 10
6739.72602739726
 20
34232.87671232876
 10
5547.945205479452
 20
34232.87671232876
 10
5178.082191780822
 20
34561.643835616436
 10
5178.082191780822
 20
34684.931506849316
 10
5260.273972602739
 20
34726.02739726027
 10
5383.561643835616
 20
34931.50684931507
 10
5958.904109589041
 20
35506.84931506849
 10
9246.575342465752
 20
35506.84931506849
 10
9287.671232876712
 20
35465.75342465753
 10
36287.67123287671
 20
35465.75342465753
 10
36328.76712328767
 20
35424.65753424657
 10
36410.95890410959
 20
35465.75342465753
 10
37027.39726027397
 20
35465.75342465753
 10
37068.49315068493
 20
35424.65753424657
 10
48452.05479452055
 20
35424.65753424657
 10
48493.150684931505
 20
35383.561643835616
 10
48616.43835616438
 20
35424.65753424657
 10
48986.30136986301
 20
35424.65753424657
 10
49027.39726027397
 20
35383.561643835616
 10
53136.986301369856
 20
35383.561643835616
 10
53178.08219178082
 20
35424.65753424657
 10
53178.08219178082
 20
36000.0
 10
53260.273972602736
 20
36082.191780821915
  0
LWPOLYLINE
  5
177
330
17
100
AcDbEntity
  8
RASTER_CONTOURS
100
AcDbPolyline
 90
27
 70
1
 10
59013.69863013698
 20
36246.57534246575
 10
58972.602739726026
 20
36164.38356164383
 10
58972.602739726026
 20
36041.09589041096
 10
59013.69863013698
 20
36000.0
 10
58890.4109589041
 20
35917.80821917808
 10
58726.02739726027
 20
35917.80821917808
 10
58684.93150684931
 20
35876.71232876712
 10
58726.02739726027
 20
35753.42465753425
 10
58726.02739726027
 20
34972.602739726026
 10
58684.93150684931
 20
34931.50684931507
 10
58684.93150684931
 20
34726.02739726027
 10
58767.12328767123
 20
34602.739726027394
 10
59506.84931506849
 20
34602.739726027394
 10
59547.945205479446
 20
34561.643835616436
 10
59835.61643835616
 20
34602.739726027394
 10
59958.904109589035
 20
34561.643835616436
 10
59999.99999999999
 20
34602.739726027394
 10
59999.99999999999
 20
35671.232876712325
 10
59958.904109589035
 20
35712.32876712328
 10
59999.99999999999
 20
35835.61643835616
 10
59958.904109589035
 20
35876.71232876712
 10
59835.61643835616
 20
35876.71232876712
 10
59794.5205479452
 20
35835.61643835616
 10
59095.8904109589
 20
35876.71232876712
 10
59013.69863013698
 20
36000.0
 10
59054.79452054794
 20
36041.09589041096
 10
59054.79452054794
 20
36246.57534246575
  0
LWPOLYLINE
  5
178
330
17
100
AcDbEntity
  8
RASTER_CONTOURS
100
AcDbPolyline
 90
8
 70
1
 10
51534.24657534246
 20
36246.57534246575
 10
51575.34246575342
 20
36287.67123287671
 10
52068.49315068493
 20
36287.67123287671
 10
52109.58904109589
 20
36205.479452054795
 10
51945.20547945205
 20
36123.28767123287
 10
51780.821917808214
 20
36205.479452054795
 10
51657.53424657534
 20
36123.28767123287
 10
51575.34246575342
 20
36164.38356164383
  0
LWPOLYLINE
  5
179
330
17
100
AcDbEntity
  8
RASTER_CONTOURS
100
AcDbPolyline
 90
6
 70
1
 10
50876.71232876712
 20
36205.479452054795
 10
50958.904109589035
 20
36287.67123287671
 10
51123.28767123287
 20
36287.67123287671
 10
51164.38356164383
 20
36246.57534246575
 10
51041.09589041096
 20
36123.28767123287
 10
50958.904109589035
 20
36123.28767123287
  0
LWPOLYLINE
  5
17A
330
17
100
AcDbEntity
  8
RASTER_CONTOURS
100
AcDbPolyline
 90
6
 70
1
 10
50589.04109589041
 20
36205.479452054795
 10
50712.32876712328
 20
36287.67123287671
 10
50794.520547945205
 20
36287.67123287671
 10
50876.71232876712
 20
36205.479452054795
 10
50794.520547945205
 20
36123.28767123287
 10
50671.232876712325
 20
36123.28767123287
  0
LWPOLYLINE
  5
17B
330
17
100
AcDbEntity
  8
RASTER_CONTOURS
100
AcDbPolyline
 90
35
 70
1
 10
52109.58904109589
 20
36205.479452054795
 10
52191.780821917804
 20
36287.67123287671
 10
52397.2602739726
 20
36287.67123287671
 10
52438.35616438356
 20
36246.57534246575
 10
52479.452054794514
 20
36287.67123287671
 10
52684.93150684931
 20
36287.67123287671
 10
52767.12328767123
 20
36246.57534246575
 10
52931.50684931507
 20
36328.76712328767
 10
53013.69863013698
 20
36287.67123287671
 10
53178.08219178082
 20
36287.67123287671
 10
53219.17808219178
 20
36328.76712328767
 10
53301.36986301369
 20
36287.67123287671
 10
53506.84931506849
 20
36287.67123287671
 10
53547.945205479446
 20
36328.76712328767
 10
53630.13698630137
 20
36287.67123287671
 10
54123.28767123287
 20
36287.67123287671
 10
54164.38356164383
 20
36328.76712328767
 10
54246.57534246575
 20
36287.67123287671
 10
54452.05479452055
 20
36287.67123287671
 10
54534.24657534246
 20
36328.76712328767
 10
54657.53424657534
 20
36246.57534246575
 10
54575.34246575342
 20
36164.38356164383
 10
54328.76712328767
 20
36205.479452054795
 10
54164.38356164383
 20
36123.28767123287
 10
54000.0
 20
36205.479452054795
 10
53917.80821917808
 20
36164.38356164383
 10
53465.75342465753
 20
36164.38356164383
 10
53424.65753424657
 20
36205.479452054795
 10
53095.8904109589
 20
36164.38356164383
 10
53054.79452054794
 20
36205.479452054795
 10
53013.69863013698
 20
36164.38356164383
 10
52643.83561643835
 20
36164.38356164383
 10
52602.739726027394
 20
36123.28767123287
 10
52479.452054794514
 20
36164.38356164383
 10
52191.780821917804
 20
36123.28767123287
  0
LWPOLYLINE
  5
17C
330
17
100
AcDbEntity
  8
RASTER_CONTOURS
100
AcDbPolyline
 90
6
 70
1
 10
51205.47945205479
 20
36246.57534246575
 10
51369.863013698625
 20
36328.76712328767
 10
51452.05479452055
 20
36287.67123287671
 10
51493.150684931505
 20
36205.479452054795
 10
51328.76712328767
 20
36123.28767123287
 10
51246.57534246575
 20
36164.38356164383
  0
LWPOLYLINE
  5
17D
330
17
100
AcDbEntity
  8
RASTER_CONTOURS
100
AcDbPolyline
 90
1021
 70
1
 10
-410.958904109589
 20
36493.150684931505
 10
-410.958904109589
 20
35794.520547945205
 10
-246.5753424657534
 20
35917.80821917808
 10
-164.3835616438356
 20
35630.13698630137
 10
-123.2876712328767
 20
32671.232876712325
 10
-82.1917808219178
 20
32630.136986301368
 10
-82.1917808219178
 20
32219.17808219178
 10
-41.0958904109589
 20
32178.08219178082
 10
1397.2602739726026
 20
32178.08219178082
 10
1684.931506849315
 20
32095.890410958902
 10
1808.2191780821918
 20
32136.98630136986
 10
2876.712328767123
 20
32136.98630136986
 10
2917.808219178082
 20
32178.08219178082
 10
3575.342465753424
 20
32178.08219178082
 10
3657.5342465753424
 20
32095.890410958902
 10
3780.821917808219
 20
32095.890410958902
 10
3986.3013698630134
 20
32178.08219178082
 10
4890.410958904109
 20
32178.08219178082
 10
4931.506849315068
 20
32136.98630136986
 10
5219.17808219178
 20
32136.98630136986
 10
5342.465753424657
 20
32178.08219178082
 10
5383.561643835616
 20
32260.27397260274
 10
5506.849315068493
 20
32178.08219178082
 10
6698.630136986301
 20
32178.08219178082
 10
6739.72602739726
 20
32219.17808219178
 10
6821.9178082191775
 20
32178.08219178082
 10
6863.013698630137
 20
32260.27397260274
 10
6863.013698630137
 20
35260.273972602736
 10
7068.493150684931
 20
35342.46575342466
 10
7150.684931506848
 20
35301.36986301369
 10
13027.397260273972
 20
35301.36986301369
 10
13150.684931506848
 20
35095.8904109589
 10
13109.58904109589
 20
35054.79452054794
 10
13109.58904109589
 20
34479.45205479452
 10
13150.684931506848
 20
34438.35616438356
 10
13109.58904109589
 20
34356.16438356164
 10
13191.780821917808
 20
34232.87671232876
 10
14013.698630136985
 20
34232.87671232876
 10
14095.890410958904
 20
34356.16438356164
 10
14054.794520547945
 20
34438.35616438356
 10
14054.794520547945
 20
34890.41095890411
 10
14095.890410958904
 20
34931.50684931507
 10
14095.890410958904
 20
35219.17808219178
 10
14178.08219178082
 20
35301.36986301369
 10
16890.410958904107
 20
35301.36986301369
 10
17013.698630136983
 20
35219.17808219178
 10
17013.698630136983
 20
34931.50684931507
 10
17054.794520547945
 20
34890.41095890411
 10
17054.794520547945
 20
34726.02739726027
 10
17013.698630136983
 20
34684.931506849316
 10
17013.698630136983
 20
33945.20547945205
 10
17054.794520547945
 20
33904.109589041094
 10
17013.698630136983
 20
31972.602739726026
 10
17095.890410958902
 20
31849.31506849315
 10
18246.575342465752
 20
31849.31506849315
 10
18287.67123287671
 20
31890.410958904107
 10
18369.86301369863
 20
31849.31506849315
 10
19684.931506849312
 20
31849.31506849315
 10
19767.12328767123
 20
31890.410958904107
 10
19767.12328767123
 20
32054.794520547945
 10
19808.219178082192
 20
32095.890410958902
 10
19767.12328767123
 20
32876.71232876712
 10
19479.452054794518
 20
32876.71232876712
 10
19397.260273972603
 20
32958.90410958904
 10
19438.35616438356
 20
33041.09589041096
 10
19397.260273972603
 20
33123.28767123287
 10
19520.54794520548
 20
33246.57534246575
 10
19479.452054794518
 20
33452.05479452055
 10
19397.260273972603
 20
33534.24657534246
 10
19315.068493150684
 20
33328.76712328767
 10
19356.16438356164
 20
33205.479452054795
 10
19356.16438356164
 20
32876.71232876712
 10
19397.260273972603
 20
32794.520547945205
 10
19520.54794520548
 20
32712.328767123287
 10
19561.643835616436
 20
32589.04109589041
 10
19520.54794520548
 20
32547.94520547945
 10
19520.54794520548
 20
32136.98630136986
 10
19479.452054794518
 20
32095.890410958902
 10
17383.561643835616
 20
32095.890410958902
 10
17301.369863013697
 20
32178.08219178082
 10
17301.369863013697
 20
34479.45205479452
 10
17342.465753424658
 20
34520.54794520548
 10
17301.369863013697
 20
34602.739726027394
 10
17301.369863013697
 20
35219.17808219178
 10
17424.657534246573
 20
35301.36986301369
 10
19438.35616438356
 20
35301.36986301369
 10
19561.643835616436
 20
35178.08219178082
 10
19561.643835616436
 20
34643.83561643835
 10
19520.54794520548
 20
34602.739726027394
 10
19520.54794520548
 20
34479.45205479452
 10
19561.643835616436
 20
34438.35616438356
 10
19561.643835616436
 20
33986.30136986301
 10
19479.452054794518
 20
33904.109589041094
 10
19479.452054794518
 20
33698.6301369863
 10
19520.54794520548
 20
33739.72602739726
 10
19767.12328767123
 20
33739.72602739726
 10
19808.219178082192
 20
33986.30136986301
 10
19890.410958904107
 20
34068.49315068493
 10
21986.301369863013
 20
34068.49315068493
 10
22109.58904109589
 20
33945.20547945205
 10
22068.49315068493
 20
33904.109589041094
 10
22109.58904109589
 20
33821.91780821918
 10
22356.16438356164
 20
33821.91780821918
 10
22397.260273972603
 20
33863.01369863014
 10
22479.452054794518
 20
33821.91780821918
 10
22520.54794520548
 20
33904.109589041094
 10
22397.260273972603
 20
33986.30136986301
 10
22356.16438356164
 20
34109.58904109589
 10
22397.260273972603
 20
34150.68493150685
 10
22397.260273972603
 20
34561.643835616436
 10
22438.35616438356
 20
34602.739726027394
 10
22438.35616438356
 20
34808.21917808219
 10
22397.260273972603
 20
34849.315068493146
 10
22438.35616438356
 20
34931.50684931507
 10
22438.35616438356
 20
35219.17808219178
 10
22520.54794520548
 20
35301.36986301369
 10
23547.94520547945
 20
35301.36986301369
 10
23589.04109589041
 20
35260.273972602736
 10
24123.287671232876
 20
35301.36986301369
 10
24287.67123287671
 20
35178.08219178082
 10
24287.67123287671
 20
34849.315068493146
 10
24246.575342465752
 20
34808.21917808219
 10
24246.575342465752
 20
34684.931506849316
 10
24287.67123287671
 20
34643.83561643835
 10
24287.67123287671
 20
32630.136986301368
 10
24246.575342465752
 20
32589.04109589041
 10
24246.575342465752
 20
32465.75342465753
 10
24205.47945205479
 20
32424.657534246573
 10
22479.452054794518
 20
32424.657534246573
 10
22356.16438356164
 20
32506.84931506849
 10
22356.16438356164
 20
32794.520547945205
 10
22397.260273972603
 20
32835.61643835616
 10
22520.54794520548
 20
32835.61643835616
 10
22561.643835616436
 20
32794.520547945205
 10
22561.643835616436
 20
32630.136986301368
 10
22602.739726027397
 20
32589.04109589041
 10
22726.027397260274
 20
32630.136986301368
 10
22561.643835616436
 20
32835.61643835616
 10
22232.876712328765
 20
33000.0
 10
22109.58904109589
 20
32917.80821917808
 10
22109.58904109589
 20
32260.27397260274
 10
21986.301369863013
 20
32136.98630136986
 10
21739.72602739726
 20
32136.98630136986
 10
21698.6301369863
 20
32054.794520547945
 10
21698.6301369863
 20
31273.972602739723
 10
21739.72602739726
 20
31232.876712328765
 10
23630.136986301368
 20
31232.876712328765
 10
23753.424657534244
 20
31109.58904109589
 10
23753.424657534244
 20
30904.109589041094
 10
23835.616438356163
 20
30821.917808219176
 10
23958.90410958904
 20
30863.013698630133
 10
23958.90410958904
 20
30986.301369863013
 10
23917.80821917808
 20
31027.39726027397
 10
23958.90410958904
 20
31109.58904109589
 10
23958.90410958904
 20
31232.876712328765
 10
23917.80821917808
 20
31273.972602739723
 10
23958.90410958904
 20
31602.739726027394
 10
23917.80821917808
 20
31726.027397260274
 10
23958.90410958904
 20
31767.12328767123
 10
23958.90410958904
 20
31890.410958904107
 10
24041.095890410958
 20
31972.602739726026
 10
25684.931506849312
 20
31972.602739726026
 10
25808.21917808219
 20
31849.31506849315
 10
25808.21917808219
 20
31520.54794520548
 10
25890.410958904107
 20
31479.452054794518
 10
26013.698630136983
 20
31479.452054794518
 10
26054.794520547945
 20
31520.54794520548
 10
26260.27397260274
 20
31479.452054794518
 10
26301.369863013697
 20
31356.16438356164
 10
26342.465753424654
 20
31438.35616438356
 10
26342.465753424654
 20
31726.027397260274
 10
26219.17808219178
 20
31726.027397260274
 10
26013.698630136983
 20
31808.21917808219
 10
26013.698630136983
 20
33164.38356164383
 10
26178.08219178082
 20
33287.67123287671
 10
26219.17808219178
 20
33246.57534246575
 10
26342.465753424654
 20
33246.57534246575
 10
26342.465753424654
 20
33493.150684931505
 10
26301.369863013697
 20
33534.24657534246
 10
26095.890410958902
 20
33534.24657534246
 10
26013.698630136983
 20
33616.438356164384
 10
26013.698630136983
 20
34726.02739726027
 10
26136.98630136986
 20
34849.315068493146
 10
27493.150684931505
 20
34849.315068493146
 10
27534.246575342462
 20
34808.21917808219
 10
27698.6301369863
 20
34808.21917808219
 10
27739.726027397257
 20
34849.315068493146
 10
27821.917808219176
 20
34808.21917808219
 10
27986.301369863013
 20
34808.21917808219
 10
28027.39726027397
 20
34849.315068493146
 10
28273.972602739723
 20
34808.21917808219
 10
28315.068493150684
 20
34849.315068493146
 10
28397.260273972603
 20
34808.21917808219
 10
28849.31506849315
 20
34808.21917808219
 10
28972.602739726026
 20
34849.315068493146
 10
29054.794520547945
 20
34767.12328767123
 10
29054.794520547945
 20
34273.97260273973
 10
29013.698630136983
 20
34232.87671232876
 10
29054.794520547945
 20
33821.91780821918
 10
28931.50684931507
 20
33575.34246575342
 10
28849.31506849315
 20
33534.24657534246
 10
28808.21917808219
 20
33575.34246575342
 10
28684.931506849312
 20
33575.34246575342
 10
28643.835616438355
 20
33534.24657534246
 10
28520.54794520548
 20
33575.34246575342
 10
28273.972602739723
 20
33534.24657534246
 10
28232.876712328765
 20
33575.34246575342
 10
28109.58904109589
 20
33534.24657534246
 10
27945.20547945205
 20
33534.24657534246
 10
27904.109589041094
 20
33575.34246575342
 10
27821.917808219176
 20
33534.24657534246
 10
27698.6301369863
 20
33534.24657534246
 10
27657.534246575342
 20
33575.34246575342
 10
27369.86301369863
 20
33534.24657534246
 10
27287.67123287671
 20
33452.05479452055
 10
27287.67123287671
 20
33287.67123287671
 10
27328.76712328767
 20
33246.57534246575
 10
27493.150684931505
 20
33287.67123287671
 10
27616.43835616438
 20
33205.479452054795
 10
27657.534246575342
 20
33246.57534246575
 10
28315.068493150684
 20
33246.57534246575
 10
28356.16438356164
 20
33287.67123287671
 10
28397.260273972603
 20
33246.57534246575
 10
28684.931506849312
 20
33246.57534246575
 10
28767.12328767123
 20
33205.479452054795
 10
28890.410958904107
 20
33287.67123287671
 10
28972.602739726026
 20
33287.67123287671
 10
29054.794520547945
 20
33205.479452054795
 10
29219.17808219178
 20
33287.67123287671
 10
29342.465753424654
 20
33205.479452054795
 10
29342.465753424654
 20
33123.28767123287
 10
29342.465753424654
 20
33246.57534246575
 10
29465.75342465753
 20
33287.67123287671
 10
29589.04109589041
 20
33205.479452054795
 10
29589.04109589041
 20
33000.0
 10
29630.136986301368
 20
33000.0
 10
29671.232876712325
 20
33164.38356164383
 10
29876.71232876712
 20
33287.67123287671
 10
30945.20547945205
 20
33287.67123287671
 10
31027.39726027397
 20
33205.479452054795
 10
31027.39726027397
 20
32958.90410958904
 10
31068.493150684928
 20
32917.80821917808
 10
31027.39726027397
 20
32876.71232876712
 10
31027.39726027397
 20
31808.21917808219
 10
30904.109589041094
 20
31726.027397260274
 10
30863.013698630133
 20
31767.12328767123
 10
30780.821917808218
 20
31726.027397260274
 10
30739.726027397257
 20
31767.12328767123
 10
30493.150684931505
 20
31767.12328767123
 10
30452.054794520547
 20
31726.027397260274
 10
30246.575342465752
 20
31726.027397260274
 10
30205.47945205479
 20
31767.12328767123
 10
29260.27397260274
 20
31767.12328767123
 10
29219.17808219178
 20
31726.027397260274
 10
29095.890410958902
 20
31726.027397260274
 10
29054.794520547945
 20
31767.12328767123
 10
28767.12328767123
 20
31767.12328767123
 10
28726.027397260274
 20
31808.21917808219
 10
28684.931506849312
 20
31767.12328767123
 10
28520.54794520548
 20
31767.12328767123
 10
28479.452054794518
 20
31808.21917808219
 10
28397.260273972603
 20
31767.12328767123
 10
27945.20547945205
 20
31767.12328767123
 10
27904.109589041094
 20
31808.21917808219
 10
27657.534246575342
 20
31767.12328767123
 10
27616.43835616438
 20
31808.21917808219
 10
27452.054794520547
 20
31726.027397260274
 10
27410.958904109586
 20
31767.12328767123
 10
27287.67123287671
 20
31726.027397260274
 10
27287.67123287671
 20
31438.35616438356
 10
27369.86301369863
 20
31479.452054794518
 10
28150.684931506847
 20
31479.452054794518
 10
28232.876712328765
 20
31397.2602739726
 10
28890.410958904107
 20
31397.2602739726
 10
28972.602739726026
 20
31356.16438356164
 10
29013.698630136983
 20
31479.452054794518
 10
31397.2602739726
 20
31479.452054794518
 10
31438.35616438356
 20
31520.54794520548
 10
31561.643835616436
 20
31438.35616438356
 10
31561.643835616436
 20
31315.068493150684
 10
31602.739726027394
 20
31684.931506849312
 10
31479.452054794518
 20
31767.12328767123
 10
31315.068493150684
 20
31767.12328767123
 10
31273.972602739723
 20
31808.21917808219
 10
31273.972602739723
 20
33493.150684931505
 10
31232.876712328765
 20
33534.24657534246
 10
31109.58904109589
 20
33534.24657534246
 10
31068.493150684928
 20
33575.34246575342
 10
30945.20547945205
 20
33534.24657534246
 10
30821.917808219176
 20
33575.34246575342
 10
30534.246575342462
 20
33534.24657534246
 10
30452.054794520547
 20
33616.438356164384
 10
30452.054794520547
 20
33821.91780821918
 10
30452.054794520547
 20
33575.34246575342
 10
30410.958904109586
 20
33534.24657534246
 10
30287.67123287671
 20
33534.24657534246
 10
30205.47945205479
 20
33657.53424657534
 10
30164.383561643834
 20
33657.53424657534
 10
30123.287671232876
 20
33534.24657534246
 10
29999.999999999996
 20
33534.24657534246
 10
29917.80821917808
 20
33616.438356164384
 10
29917.80821917808
 20
33821.91780821918
 10
29876.71232876712
 20
33821.91780821918
 10
29876.71232876712
 20
33575.34246575342
 10
29835.616438356163
 20
33534.24657534246
 10
29712.328767123287
 20
33534.24657534246
 10
29630.136986301368
 20
33657.53424657534
 10
29589.04109589041
 20
33657.53424657534
 10
29547.94520547945
 20
33534.24657534246
 10
29383.561643835616
 20
33534.24657534246
 10
29342.465753424654
 20
33575.34246575342
 10
29342.465753424654
 20
33821.91780821918
 10
29342.465753424654
 20
33616.438356164384
 10
29260.27397260274
 20
33534.24657534246
 10
29136.98630136986
 20
33534.24657534246
 10
29054.794520547945
 20
33616.438356164384
 10
29178.08219178082
 20
34027.39726027397
 10
29219.17808219178
 20
34068.49315068493
 10
29342.465753424654
 20
34068.49315068493
 10
29342.465753424654
 20
34191.780821917804
 10
29383.561643835616
 20
34232.87671232876
 10
29506.84931506849
 20
34232.87671232876
 10
29589.04109589041
 20
34150.68493150685
 10
29630.136986301368
 20
33739.72602739726
 10
29630.136986301368
 20
34150.68493150685
 10
29753.424657534244
 20
34273.97260273973
 10
29589.04109589041
 20
34520.54794520548
 10
29630.136986301368
 20
34767.12328767123
 10
29712.328767123287
 20
34890.41095890411
 10
29671.232876712325
 20
35013.69863013698
 10
29589.04109589041
 20
34972.602739726026
 10
29424.657534246573
 20
34972.602739726026
 10
29383.561643835616
 20
35013.69863013698
 10
29301.369863013697
 20
34972.602739726026
 10
29178.08219178082
 20
35013.69863013698
 10
29136.98630136986
 20
34972.602739726026
 10
27945.20547945205
 20
34972.602739726026
 10
27904.109589041094
 20
35013.69863013698
 10
27575.342465753423
 20
35013.69863013698
 10
27534.246575342462
 20
34972.602739726026
 10
27369.86301369863
 20
34972.602739726026
 10
27328.76712328767
 20
35013.69863013698
 10
27287.67123287671
 20
34972.602739726026
 10
26136.98630136986
 20
34972.602739726026
 10
26013.698630136983
 20
35054.79452054794
 10
26013.698630136983
 20
35136.98630136986
 10
26095.890410958902
 20
35219.17808219178
 10
29753.424657534244
 20
35219.17808219178
 10
29794.520547945205
 20
35178.08219178082
 10
29794.520547945205
 20
35054.79452054794
 10
29876.71232876712
 20
34972.602739726026
 10
29958.90410958904
 20
35054.79452054794
 10
30123.287671232876
 20
35054.79452054794
 10
30164.383561643834
 20
35013.69863013698
 10
30410.958904109586
 20
35054.79452054794
 10
30452.054794520547
 20
35013.69863013698
 10
30534.246575342462
 20
35054.79452054794
 10
30698.6301369863
 20
35054.79452054794
 10
30739.726027397257
 20
35013.69863013698
 10
31027.39726027397
 20
35054.79452054794
 10
31068.493150684928
 20
35013.69863013698
 10
31273.972602739723
 20
35095.8904109589
 10
32794.520547945205
 20
35095.8904109589
 10
32835.61643835616
 20
35054.79452054794
 10
32958.90410958904
 20
35054.79452054794
 10
33000.0
 20
35095.8904109589
 10
33123.28767123287
 20
35013.69863013698
 10
33123.28767123287
 20
33945.20547945205
 10
33246.57534246575
 20
33780.821917808214
 10
33246.57534246575
 20
31849.31506849315
 10
33164.38356164383
 20
31767.12328767123
 10
33041.09589041096
 20
31767.12328767123
 10
33000.0
 20
31726.027397260274
 10
32958.90410958904
 20
31767.12328767123
 10
32835.61643835616
 20
31767.12328767123
 10
32794.520547945205
 20
31726.027397260274
 10
32671.232876712325
 20
31767.12328767123
 10
32547.94520547945
 20
31684.931506849312
 10
32547.94520547945
 20
31479.452054794518
 10
32835.61643835616
 20
31479.452054794518
 10
32876.71232876712
 20
31438.35616438356
 10
33041.09589041096
 20
31520.54794520548
 10
33205.479452054795
 20
31438.35616438356
 10
33369.863013698625
 20
31520.54794520548
 10
33410.95890410959
 20
31479.452054794518
 10
33493.150684931505
 20
31520.54794520548
 10
33821.91780821918
 20
31479.452054794518
 10
33904.109589041094
 20
31684.931506849312
 10
33863.01369863014
 20
31726.027397260274
 10
33863.01369863014
 20
32136.98630136986
 10
33945.20547945205
 20
32260.27397260274
 10
34438.35616438356
 20
32260.27397260274
 10
34479.45205479452
 20
32301.369863013697
 10
34479.45205479452
 20
32506.84931506849
 10
34561.643835616436
 20
32589.04109589041
 10
34767.12328767123
 20
32589.04109589041
 10
34849.315068493146
 20
32506.84931506849
 10
34972.602739726026
 20
32589.04109589041
 10
35301.36986301369
 20
32589.04109589041
 10
35383.561643835616
 20
32506.84931506849
 10
35383.561643835616
 20
32342.465753424654
 10
35465.75342465753
 20
32260.27397260274
 10
35876.71232876712
 20
32260.27397260274
 10
35958.904109589035
 20
32178.08219178082
 10
35958.904109589035
 20
31068.493150684928
 10
36041.09589041096
 20
30945.20547945205
 10
36616.438356164384
 20
30945.20547945205
 10
36657.53424657534
 20
30986.301369863013
 10
36739.72602739726
 20
30945.20547945205
 10
37397.2602739726
 20
30986.301369863013
 10
37438.35616438356
 20
30945.20547945205
 10
37520.54794520548
 20
30986.301369863013
 10
37643.83561643835
 20
31150.684931506847
 10
38547.94520547945
 20
31150.684931506847
 10
38671.232876712325
 20
31109.58904109589
 10
38794.520547945205
 20
30945.20547945205
 10
38794.520547945205
 20
29753.424657534244
 10
38712.32876712328
 20
29671.232876712325
 10
37479.45205479452
 20
29671.232876712325
 10
37397.2602739726
 20
29630.136986301368
 10
37356.16438356164
 20
29547.94520547945
 10
37356.16438356164
 20
29342.465753424654
 10
37561.643835616436
 20
29342.465753424654
 10
37602.739726027394
 20
29383.561643835616
 10
38547.94520547945
 20
29383.561643835616
 10
38671.232876712325
 20
29342.465753424654
 10
38753.42465753424
 20
29219.17808219178
 10
38753.42465753424
 20
28767.12328767123
 10
38794.520547945205
 20
28726.027397260274
 10
40273.97260273973
 20
28726.027397260274
 10
40356.16438356164
 20
28890.410958904107
 10
40356.16438356164
 20
29054.794520547945
 10
40315.068493150684
 20
29095.890410958902
 10
40315.068493150684
 20
29219.17808219178
 10
40356.16438356164
 20
29260.27397260274
 10
40315.068493150684
 20
29506.84931506849
 10
40356.16438356164
 20
29589.04109589041
 10
40273.97260273973
 20
29671.232876712325
 10
39698.6301369863
 20
29671.232876712325
 10
39616.438356164384
 20
29753.424657534244
 10
39575.34246575342
 20
29712.328767123287
 10
39123.28767123287
 20
29712.328767123287
 10
39041.09589041096
 20
29794.520547945205
 10
39041.09589041096
 20
29917.80821917808
 10
39082.191780821915
 20
29958.90410958904
 10
39082.191780821915
 20
30287.67123287671
 10
39041.09589041096
 20
30369.86301369863
 10
39082.191780821915
 20
30410.958904109586
 10
39082.191780821915
 20
30863.013698630133
 10
39123.28767123287
 20
30904.109589041094
 10
39328.76712328767
 20
30904.109589041094
 10
39534.24657534246
 20
30780.821917808218
 10
39534.24657534246
 20
30616.43835616438
 10
39493.150684931505
 20
30575.342465753423
 10
39493.150684931505
 20
30410.958904109586
 10
39534.24657534246
 20
30369.86301369863
 10
39493.150684931505
 20
30328.76712328767
 10
39410.95890410959
 20
30369.86301369863
 10
39287.67123287671
 20
30287.67123287671
 10
39205.479452054795
 20
30287.67123287671
 10
39205.479452054795
 20
30082.191780821915
 10
39287.67123287671
 20
29999.999999999996
 10
39493.150684931505
 20
29999.999999999996
 10
39575.34246575342
 20
29917.80821917808
 10
39616.438356164384
 20
29958.90410958904
 10
39616.438356164384
 20
30205.47945205479
 10
39575.34246575342
 20
30246.575342465752
 10
39575.34246575342
 20
30369.86301369863
 10
39616.438356164384
 20
30410.958904109586
 10
39616.438356164384
 20
30863.013698630133
 10
39698.6301369863
 20
30945.20547945205
 10
40191.780821917804
 20
30945.20547945205
 10
40232.87671232876
 20
30904.109589041094
 10
40315.068493150684
 20
30945.20547945205
 10
40315.068493150684
 20
31109.58904109589
 10
40109.58904109589
 20
31232.876712328765
 10
39575.34246575342
 20
31232.876712328765
 10
39534.24657534246
 20
31315.068493150684
 10
39493.150684931505
 20
31315.068493150684
 10
39410.95890410959
 20
31191.780821917808
 10
39123.28767123287
 20
31191.780821917808
 10
39041.09589041096
 20
31273.972602739723
 10
39041.09589041096
 20
33000.0
 10
39123.28767123287
 20
33082.191780821915
 10
39246.57534246575
 20
33082.191780821915
 10
39287.67123287671
 20
33000.0
 10
39410.95890410959
 20
33123.28767123287
 10
39452.05479452055
 20
33082.191780821915
 10
39575.34246575342
 20
33123.28767123287
 10
39616.438356164384
 20
33082.191780821915
 10
39739.72602739726
 20
33082.191780821915
 10
39780.821917808214
 20
33041.09589041096
 10
39780.821917808214
 20
32917.80821917808
 10
39863.01369863014
 20
33082.191780821915
 10
40027.39726027397
 20
33082.191780821915
 10
40068.49315068493
 20
33041.09589041096
 10
40068.49315068493
 20
31931.506849315065
 10
40027.39726027397
 20
31890.410958904107
 10
40068.49315068493
 20
31849.31506849315
 10
40109.58904109589
 20
31890.410958904107
 10
40109.58904109589
 20
32301.369863013697
 10
40150.68493150685
 20
32342.465753424654
 10
40109.58904109589
 20
32958.90410958904
 10
40191.780821917804
 20
33082.191780821915
 10
40315.068493150684
 20
33082.191780821915
 10
40356.16438356164
 20
33123.28767123287
 10
40931.50684931507
 20
33082.191780821915
 10
41054.79452054794
 20
33123.28767123287
 10
41136.98630136986
 20
33082.191780821915
 10
41219.17808219178
 20
32958.90410958904
 10
41219.17808219178
 20
32630.136986301368
 10
41178.08219178082
 20
32589.04109589041
 10
41178.08219178082
 20
32342.465753424654
 10
41219.17808219178
 20
32301.369863013697
 10
41219.17808219178
 20
32095.890410958902
 10
41178.08219178082
 20
32054.794520547945
 10
41178.08219178082
 20
31232.876712328765
 10
41095.8904109589
 20
31150.684931506847
 10
41136.98630136986
 20
30287.67123287671
 10
41054.79452054794
 20
30205.47945205479
 10
41054.79452054794
 20
30164.383561643834
 10
41178.08219178082
 20
30123.287671232876
 10
41178.08219178082
 20
29342.465753424654
 10
41136.98630136986
 20
29301.369863013697
 10
41178.08219178082
 20
29260.27397260274
 10
41178.08219178082
 20
29054.794520547945
 10
41136.98630136986
 20
28972.602739726026
 10
41219.17808219178
 20
28726.027397260274
 10
41465.75342465753
 20
28726.027397260274
 10
41465.75342465753
 20
29342.465753424654
 10
41630.13698630137
 20
29465.75342465753
 10
44342.46575342466
 20
29424.657534246573
 10
44424.65753424657
 20
29342.465753424654
 10
44424.65753424657
 20
28726.027397260274
 10
44506.84931506849
 20
28684.931506849312
 10
44876.71232876712
 20
28684.931506849312
 10
44917.80821917808
 20
28726.027397260274
 10
45000.0
 20
28684.931506849312
 10
45246.57534246575
 20
28684.931506849312
 10
45369.863013698625
 20
28726.027397260274
 10
45369.863013698625
 20
29342.465753424654
 10
45452.05479452055
 20
29424.657534246573
 10
48493.150684931505
 20
29424.657534246573
 10
48534.24657534246
 20
29383.561643835616
 10
49191.780821917804
 20
29383.561643835616
 10
49232.87671232876
 20
29342.465753424654
 10
50342.46575342465
 20
29342.465753424654
 10
50383.561643835616
 20
29383.561643835616
 10
50383.561643835616
 20
30082.191780821915
 10
50424.65753424657
 20
30123.287671232876
 10
50876.71232876712
 20
30123.287671232876
 10
50917.80821917808
 20
30164.383561643834
 10
51000.0
 20
30123.287671232876
 10
51041.09589041096
 20
30164.383561643834
 10
51164.38356164383
 20
30164.383561643834
 10
51082.191780821915
 20
30246.575342465752
 10
51082.191780821915
 20
30986.301369863013
 10
51123.28767123287
 20
31068.493150684928
 10
51041.09589041096
 20
31273.972602739723
 10
51082.191780821915
 20
31315.068493150684
 10
51082.191780821915
 20
32465.75342465753
 10
51164.38356164383
 20
32547.94520547945
 10
51904.109589041094
 20
32547.94520547945
 10
52027.39726027397
 20
32465.75342465753
 10
52027.39726027397
 20
32342.465753424654
 10
52068.49315068493
 20
32301.369863013697
 10
52191.780821917804
 20
32301.369863013697
 10
52315.068493150684
 20
32424.657534246573
 10
53095.8904109589
 20
32424.657534246573
 10
53260.273972602736
 20
32342.465753424654
 10
54452.05479452055
 20
32342.465753424654
 10
54534.24657534246
 20
32260.27397260274
 10
54534.24657534246
 20
32054.794520547945
 10
54780.821917808214
 20
31890.410958904107
 10
54780.821917808214
 20
31109.58904109589
 10
54739.72602739726
 20
31068.493150684928
 10
54780.821917808214
 20
30986.301369863013
 10
54780.821917808214
 20
30164.383561643834
 10
54739.72602739726
 20
30123.287671232876
 10
54780.821917808214
 20
30082.191780821915
 10
54780.821917808214
 20
29917.80821917808
 10
54821.91780821917
 20
29835.616438356163
 10
55068.493150684924
 20
29753.424657534244
 10
55397.2602739726
 20
29794.520547945205
 10
55520.54794520548
 20
29671.232876712325
 10
55520.54794520548
 20
29178.08219178082
 10
55561.643835616436
 20
29136.98630136986
 10
55479.452054794514
 20
28931.50684931507
 10
55438.35616438356
 20
28520.54794520548
 10
55315.068493150684
 20
28438.35616438356
 10
55191.780821917804
 20
28438.35616438356
 10
55150.68493150685
 20
28479.452054794518
 10
55068.493150684924
 20
28397.260273972603
 10
55068.493150684924
 20
27493.150684931505
 10
55109.58904109589
 20
27452.054794520547
 10
55109.58904109589
 20
27164.383561643834
 10
55027.39726027397
 20
27041.095890410958
 10
54863.01369863014
 20
27000.0
 10
54863.01369863014
 20
26671.232876712325
 10
54821.91780821917
 20
26630.136986301368
 10
54863.01369863014
 20
26547.94520547945
 10
54739.72602739726
 20
26424.657534246573
 10
53753.42465753424
 20
26424.657534246573
 10
53671.232876712325
 20
26465.753424657534
 10
53589.04109589041
 20
26589.04109589041
 10
53630.13698630137
 20
26712.328767123287
 10
53506.84931506849
 20
26794.520547945205
 10
53342.46575342465
 20
26794.520547945205
 10
53260.273972602736
 20
26876.71232876712
 10
53260.273972602736
 20
27164.383561643834
 10
53219.17808219178
 20
27205.47945205479
 10
50547.945205479446
 20
27205.47945205479
 10
50383.561643835616
 20
27287.67123287671
 10
50383.561643835616
 20
28438.35616438356
 10
50342.46575342465
 20
28479.452054794518
 10
49972.602739726026
 20
28479.452054794518
 10
50054.79452054794
 20
28438.35616438356
 10
50054.79452054794
 20
28356.16438356164
 10
50013.69863013698
 20
28315.068493150684
 10
49849.315068493146
 20
28356.16438356164
 10
49767.12328767123
 20
28273.972602739723
 10
50013.69863013698
 20
28273.972602739723
 10
50136.98630136986
 20
28109.58904109589
 10
50136.98630136986
 20
27534.246575342462
 10
50095.8904109589
 20
27493.150684931505
 10
50136.98630136986
 20
26876.71232876712
 10
50013.69863013698
 20
26753.424657534244
 10
48821.91780821917
 20
26753.424657534244
 10
48780.821917808214
 20
26794.520547945205
 10
48493.150684931505
 20
26794.520547945205
 10
48452.05479452055
 20
26753.424657534244
 10
45698.6301369863
 20
26753.424657534244
 10
45698.6301369863
 20
26712.328767123287
 10
47671.232876712325
 20
26712.328767123287
 10
47712.32876712328
 20
26671.232876712325
 10
48123.28767123287
 20
26671.232876712325
 10
48246.57534246575
 20
26712.328767123287
 10
48287.67123287671
 20
26671.232876712325
 10
50136.98630136986
 20
26671.232876712325
 10
50178.08219178082
 20
26630.136986301368
 10
50630.13698630137
 20
26671.232876712325
 10
50794.520547945205
 20
26547.94520547945
 10
50794.520547945205
 20
25972.602739726026
 10
50712.32876712328
 20
25849.31506849315
 10
50260.273972602736
 20
25849.31506849315
 10
50219.17808219178
 20
25808.21917808219
 10
50260.273972602736
 20
25684.931506849312
 10
50219.17808219178
 20
25561.643835616436
 10
50219.17808219178
 20
24904.109589041094
 10
50712.32876712328
 20
24863.013698630137
 10
50794.520547945205
 20
24780.821917808218
 10
50794.520547945205
 20
23671.232876712325
 10
50671.232876712325
 20
23547.94520547945
 10
50054.79452054794
 20
23547.94520547945
 10
50054.79452054794
 20
23383.561643835616
 10
50013.69863013698
 20
23342.465753424654
 10
50054.79452054794
 20
23136.986301369863
 10
51082.191780821915
 20
23136.986301369863
 10
51123.28767123287
 20
23219.17808219178
 10
51123.28767123287
 20
23383.561643835616
 10
51082.191780821915
 20
23424.657534246573
 10
51123.28767123287
 20
23547.94520547945
 10
51123.28767123287
 20
25561.643835616436
 10
51164.38356164383
 20
25602.739726027394
 10
51123.28767123287
 20
25849.31506849315
 10
51205.47945205479
 20
25931.50684931507
 10
51328.76712328767
 20
25931.50684931507
 10
51205.47945205479
 20
25931.50684931507
 10
51123.28767123287
 20
26013.698630136983
 10
51123.28767123287
 20
26178.08219178082
 10
51164.38356164383
 20
26219.17808219178
 10
51123.28767123287
 20
26301.369863013697
 10
51123.28767123287
 20
26465.753424657534
 10
51164.38356164383
 20
26506.84931506849
 10
51123.28767123287
 20
26753.424657534244
 10
51205.47945205479
 20
26835.616438356163
 10
51493.150684931505
 20
26835.616438356163
 10
51452.05479452055
 20
26876.71232876712
 10
51534.24657534246
 20
26958.90410958904
 10
52890.4109589041
 20
26958.90410958904
 10
53013.69863013698
 20
26794.520547945205
 10
52972.602739726026
 20
26753.424657534244
 10
52972.602739726026
 20
26054.794520547945
 10
52890.4109589041
 20
26013.698630136983
 10
52808.21917808219
 20
26095.890410958902
 10
52726.02739726027
 20
26095.890410958902
 10
52684.93150684931
 20
25849.31506849315
 10
52726.02739726027
 20
25808.21917808219
 10
52726.02739726027
 20
25684.931506849312
 10
52684.93150684931
 20
25643.835616438355
 10
52767.12328767123
 20
25232.876712328765
 10
52931.50684931507
 20
25150.684931506847
 10
53301.36986301369
 20
25191.780821917808
 10
53260.273972602736
 20
25397.260273972603
 10
53383.561643835616
 20
25602.739726027394
 10
53301.36986301369
 20
25684.931506849312
 10
53260.273972602736
 20
25849.31506849315
 10
53342.46575342465
 20
26095.890410958902
 10
54534.24657534246
 20
26095.890410958902
 10
54575.34246575342
 20
26136.98630136986
 10
54780.821917808214
 20
26095.890410958902
 10
54821.91780821917
 20
26054.794520547945
 10
54821.91780821917
 20
25643.835616438355
 10
54780.821917808214
 20
25602.739726027394
 10
54863.01369863014
 20
25479.452054794518
 10
54863.01369863014
 20
23876.71232876712
 10
54904.109589041094
 20
23794.520547945205
 10
55027.39726027397
 20
23794.520547945205
 10
55068.493150684924
 20
23753.424657534244
 10
55232.87671232876
 20
23794.520547945205
 10
55356.16438356164
 20
23671.232876712325
 10
55890.4109589041
 20
23712.328767123287
 10
56054.79452054794
 20
23835.616438356163
 10
56178.08219178082
 20
23835.616438356163
 10
56424.65753424657
 20
23958.90410958904
 10
56547.945205479446
 20
23958.90410958904
 10
56630.13698630137
 20
24082.191780821915
 10
56589.04109589041
 20
24123.287671232876
 10
56589.04109589041
 20
24410.958904109586
 10
56547.945205479446
 20
24452.054794520547
 10
56547.945205479446
 20
25726.027397260274
 10
56424.65753424657
 20
25808.21917808219
 10
56383.561643835616
 20
25890.410958904107
 10
56506.84931506849
 20
25972.602739726026
 10
56547.945205479446
 20
26136.98630136986
 10
56999.99999999999
 20
26506.84931506849
 10
57082.191780821915
 20
26671.232876712325
 10
57082.191780821915
 20
27041.095890410958
 10
56835.61643835616
 20
27369.86301369863
 10
56671.232876712325
 20
27452.054794520547
 10
56424.65753424657
 20
27452.054794520547
 10
56260.273972602736
 20
27534.246575342462
 10
56013.69863013698
 20
27534.246575342462
 10
55931.50684931507
 20
27616.43835616438
 10
55931.50684931507
 20
28315.068493150684
 10
55972.602739726026
 20
28356.16438356164
 10
55931.50684931507
 20
28849.31506849315
 10
55890.4109589041
 20
28890.410958904107
 10
55684.93150684931
 20
28890.410958904107
 10
55561.643835616436
 20
29054.794520547945
 10
55561.643835616436
 20
29671.232876712325
 10
55684.93150684931
 20
29835.616438356163
 10
55972.602739726026
 20
29835.616438356163
 10
55972.602739726026
 20
29958.90410958904
 10
55931.50684931507
 20
29999.999999999996
 10
55931.50684931507
 20
30452.054794520547
 10
55890.4109589041
 20
30493.150684931505
 10
55890.4109589041
 20
32219.17808219178
 10
55931.50684931507
 20
32260.27397260274
 10
55890.4109589041
 20
32424.657534246573
 10
55931.50684931507
 20
32506.84931506849
 10
55849.315068493146
 20
32589.04109589041
 10
55726.02739726027
 20
32589.04109589041
 10
55684.93150684931
 20
32630.136986301368
 10
55602.739726027394
 20
32589.04109589041
 10
55479.452054794514
 20
32630.136986301368
 10
55315.068493150684
 20
32630.136986301368
 10
55273.97260273972
 20
32589.04109589041
 10
55150.68493150685
 20
32630.136986301368
 10
55027.39726027397
 20
32589.04109589041
 10
54575.34246575342
 20
32589.04109589041
 10
54534.24657534246
 20
32465.75342465753
 10
54410.95890410958
 20
32383.561643835616
 10
54328.76712328767
 20
32383.561643835616
 10
54205.47945205479
 20
32465.75342465753
 10
54000.0
 20
32465.75342465753
 10
53917.80821917808
 20
32547.94520547945
 10
53753.42465753424
 20
32547.94520547945
 10
53630.13698630137
 20
32383.561643835616
 10
53465.75342465753
 20
32383.561643835616
 10
53342.46575342465
 20
32547.94520547945
 10
53219.17808219178
 20
32547.94520547945
 10
53136.986301369856
 20
32630.136986301368
 10
52972.602739726026
 20
32547.94520547945
 10
52890.4109589041
 20
32589.04109589041
 10
52767.12328767123
 20
32547.94520547945
 10
52726.02739726027
 20
32589.04109589041
 10
52356.16438356164
 20
32547.94520547945
 10
52191.780821917804
 20
32630.136986301368
 10
52027.39726027397
 20
32630.136986301368
 10
51986.30136986301
 20
32589.04109589041
 10
50178.08219178082
 20
32547.94520547945
 10
50136.98630136986
 20
32506.84931506849
 10
50136.98630136986
 20
29794.520547945205
 10
50013.69863013698
 20
29671.232876712325
 10
46849.315068493146
 20
29712.328767123287
 10
46808.21917808219
 20
29753.424657534244
 10
46849.315068493146
 20
29794.520547945205
 10
47136.98630136986
 20
29794.520547945205
 10
47219.17808219178
 20
29876.71232876712
 10
47219.17808219178
 20
29999.999999999996
 10
47178.08219178082
 20
30041.095890410958
 10
46849.315068493146
 20
30041.095890410958
 10
46767.12328767123
 20
30164.383561643834
 10
46479.452054794514
 20
30123.287671232876
 10
46315.068493150684
 20
30041.095890410958
 10
45945.20547945205
 20
30041.095890410958
 10
45904.109589041094
 20
29999.999999999996
 10
45616.43835616438
 20
29999.999999999996
 10
45575.34246575342
 20
30041.095890410958
 10
45410.95890410959
 20
30041.095890410958
 10
45369.863013698625
 20
29999.999999999996
 10
45287.67123287671
 20
30041.095890410958
 10
44547.945205479446
 20
30041.095890410958
 10
44506.84931506849
 20
30082.191780821915
 10
44465.75342465753
 20
30041.095890410958
 10
43643.83561643835
 20
30041.095890410958
 10
43767.12328767123
 20
29999.999999999996
 10
44013.69863013698
 20
30041.095890410958
 10
44095.8904109589
 20
29958.90410958904
 10
44054.79452054794
 20
29917.80821917808
 10
43150.68493150685
 20
29876.71232876712
 10
43027.39726027397
 20
29958.90410958904
 10
43150.68493150685
 20
30041.095890410958
 10
41794.520547945205
 20
30082.191780821915
 10
41753.42465753424
 20
30123.287671232876
 10
41589.04109589041
 20
30123.287671232876
 10
41465.75342465753
 20
30246.575342465752
 10
41506.84931506849
 20
30369.86301369863
 10
41506.84931506849
 20
30698.6301369863
 10
41589.04109589041
 20
30780.821917808218
 10
42410.95890410959
 20
30780.821917808218
 10
42452.05479452055
 20
30821.917808219176
 10
42904.109589041094
 20
30821.917808219176
 10
42945.20547945205
 20
30780.821917808218
 10
43191.780821917804
 20
30780.821917808218
 10
43232.87671232876
 20
30821.917808219176
 10
44424.65753424657
 20
30821.917808219176
 10
44506.84931506849
 20
30780.821917808218
 10
44547.945205479446
 20
30821.917808219176
 10
44589.04109589041
 20
30739.726027397257
 10
44917.80821917808
 20
30739.726027397257
 10
44794.520547945205
 20
30739.726027397257
 10
44753.42465753424
 20
30780.821917808218
 10
45041.09589041096
 20
30863.013698630133
 10
45328.76712328767
 20
30863.013698630133
 10
45452.05479452055
 20
30780.821917808218
 10
45410.95890410959
 20
30739.726027397257
 10
45287.67123287671
 20
30739.726027397257
 10
46602.739726027394
 20
30739.726027397257
 10
46726.02739726027
 20
30657.534246575342
 10
46808.21917808219
 20
30739.726027397257
 10
47219.17808219178
 20
30821.917808219176
 10
47219.17808219178
 20
30986.301369863013
 10
47178.08219178082
 20
31027.39726027397
 10
47219.17808219178
 20
31273.972602739723
 10
46972.602739726026
 20
31356.16438356164
 10
46808.21917808219
 20
31356.16438356164
 10
46726.02739726027
 20
31438.35616438356
 10
46643.83561643835
 20
31438.35616438356
 10
46643.83561643835
 20
31397.2602739726
 10
46808.21917808219
 20
31273.972602739723
 10
46726.02739726027
 20
31191.780821917808
 10
45328.76712328767
 20
31150.684931506847
 10
45287.67123287671
 20
31191.780821917808
 10
45000.0
 20
31191.780821917808
 10
44958.904109589035
 20
31232.876712328765
 10
45123.28767123287
 20
31315.068493150684
 10
46109.58904109589
 20
31315.068493150684
 10
46150.68493150685
 20
31273.972602739723
 10
46191.780821917804
 20
31315.068493150684
 10
46232.87671232876
 20
31273.972602739723
 10
46273.97260273973
 20
31315.068493150684
 10
46561.643835616436
 20
31315.068493150684
 10
43027.39726027397
 20
31315.068493150684
 10
42986.30136986301
 20
31356.16438356164
 10
42739.72602739726
 20
31315.068493150684
 10
42575.34246575342
 20
31397.2602739726
 10
42534.24657534246
 20
31356.16438356164
 10
42452.05479452055
 20
31397.2602739726
 10
42369.863013698625
 20
31356.16438356164
 10
42000.0
 20
31356.16438356164
 10
41958.904109589035
 20
31397.2602739726
 10
41876.71232876712
 20
31356.16438356164
 10
41794.520547945205
 20
31397.2602739726
 10
41753.42465753424
 20
31356.16438356164
 10
41712.32876712328
 20
31397.2602739726
 10
41589.04109589041
 20
31397.2602739726
 10
41465.75342465753
 20
31520.54794520548
 10
41506.84931506849
 20
31561.643835616436
 10
41506.84931506849
 20
31931.506849315065
 10
41589.04109589041
 20
32013.698630136983
 10
42000.0
 20
32013.698630136983
 10
42041.09589041096
 20
32054.794520547945
 10
42164.38356164383
 20
32013.698630136983
 10
42739.72602739726
 20
32013.698630136983
 10
42780.821917808214
 20
32054.794520547945
 10
42821.91780821917
 20
32013.698630136983
 10
43191.780821917804
 20
32013.698630136983
 10
43232.87671232876
 20
32054.794520547945
 10
43273.97260273973
 20
32013.698630136983
 10
46561.643835616436
 20
32013.698630136983
 10
46561.643835616436
 20
32054.794520547945
 10
46479.452054794514
 20
32095.890410958902
 10
45904.109589041094
 20
32095.890410958902
 10
45863.01369863014
 20
32136.98630136986
 10
45780.821917808214
 20
32095.890410958902
 10
45000.0
 20
32095.890410958902
 10
44876.71232876712
 20
32178.08219178082
 10
44958.904109589035
 20
32260.27397260274
 10
45205.479452054795
 20
32342.465753424654
 10
45369.863013698625
 20
32342.465753424654
 10
45534.24657534246
 20
32260.27397260274
 10
45616.43835616438
 20
32301.369863013697
 10
45780.821917808214
 20
32301.369863013697
 10
45821.91780821917
 20
32260.27397260274
 10
46068.49315068493
 20
32342.465753424654
 10
46479.452054794514
 20
32342.465753424654
 10
46520.54794520548
 20
32383.561643835616
 10
46520.54794520548
 20
32630.136986301368
 10
46479.452054794514
 20
32671.232876712325
 10
46397.2602739726
 20
32630.136986301368
 10
46191.780821917804
 20
32630.136986301368
 10
46109.58904109589
 20
32712.328767123287
 10
46109.58904109589
 20
35136.98630136986
 10
46191.780821917804
 20
35219.17808219178
 10
46315.068493150684
 20
35260.273972602736
 10
46520.54794520548
 20
35178.08219178082
 10
46561.643835616436
 20
35219.17808219178
 10
51657.53424657534
 20
35219.17808219178
 10
51698.6301369863
 20
35178.08219178082
 10
51904.109589041094
 20
35219.17808219178
 10
52027.39726027397
 20
35136.98630136986
 10
52027.39726027397
 20
34602.739726027394
 10
52068.49315068493
 20
34520.54794520548
 10
52273.97260273972
 20
34520.54794520548
 10
52315.068493150684
 20
34561.643835616436
 10
53054.79452054794
 20
34561.643835616436
 10
53095.8904109589
 20
34479.45205479452
 10
53136.986301369856
 20
34479.45205479452
 10
53178.08219178082
 20
34602.739726027394
 10
53342.46575342465
 20
34602.739726027394
 10
53424.65753424657
 20
34726.02739726027
 10
53424.65753424657
 20
34849.315068493146
 10
53383.561643835616
 20
34890.41095890411
 10
53424.65753424657
 20
34972.602739726026
 10
53424.65753424657
 20
35260.273972602736
 10
53383.561643835616
 20
35301.36986301369
 10
53424.65753424657
 20
35424.65753424657
 10
53383.561643835616
 20
35547.94520547945
 10
53424.65753424657
 20
35589.04109589041
 10
53424.65753424657
 20
35794.520547945205
 10
53630.13698630137
 20
35917.80821917808
 10
53506.84931506849
 20
36000.0
 10
53547.945205479446
 20
36082.191780821915
 10
54657.53424657534
 20
36082.191780821915
 10
54698.6301369863
 20
36123.28767123287
 10
54945.20547945205
 20
36082.191780821915
 10
55027.39726027397
 20
36123.28767123287
 10
55027.39726027397
 20
36164.38356164383
 10
54945.20547945205
 20
36205.479452054795
 10
54739.72602739726
 20
36164.38356164383
 10
54698.6301369863
 20
36246.57534246575
 10
54780.821917808214
 20
36328.76712328767
 10
55027.39726027397
 20
36287.67123287671
 10
55068.493150684924
 20
36328.76712328767
 10
55356.16438356164
 20
36287.67123287671
 10
55397.2602739726
 20
36246.57534246575
 10
55356.16438356164
 20
36164.38356164383
 10
55232.87671232876
 20
36205.479452054795
 10
55109.58904109589
 20
36164.38356164383
 10
55109.58904109589
 20
36123.28767123287
 10
55315.068493150684
 20
36123.28767123287
 10
55397.2602739726
 20
36082.191780821915
 10
55520.54794520548
 20
36164.38356164383
 10
55479.452054794514
 20
36369.863013698625
 10
54616.43835616438
 20
36369.863013698625
 10
54575.34246575342
 20
36328.76712328767
 10
54452.05479452055
 20
36369.863013698625
 10
52438.35616438356
 20
36369.863013698625
 10
52397.2602739726
 20
36328.76712328767
 10
52273.97260273972
 20
36328.76712328767
 10
52232.87671232876
 20
36369.863013698625
 10
50876.71232876712
 20
36369.863013698625
 10
50835.61643835616
 20
36328.76712328767
 10
50753.42465753424
 20
36369.863013698625
 10
50547.945205479446
 20
36369.863013698625
 10
50424.65753424657
 20
36328.76712328767
 10
50301.36986301369
 20
36369.863013698625
 10
50219.17808219178
 20
36328.76712328767
 10
50260.273972602736
 20
36246.57534246575
 10
50465.75342465753
 20
36287.67123287671
 10
50547.945205479446
 20
36205.479452054795
 10
50465.75342465753
 20
36123.28767123287
 10
50342.46575342465
 20
36123.28767123287
 10
50301.36986301369
 20
36164.38356164383
 10
50219.17808219178
 20
36123.28767123287
 10
50260.273972602736
 20
36082.191780821915
 10
50506.84931506849
 20
36082.191780821915
 10
50547.945205479446
 20
36041.09589041096
 10
50671.232876712325
 20
36041.09589041096
 10
50712.32876712328
 20
36082.191780821915
 10
53054.79452054794
 20
36082.191780821915
 10
53136.986301369856
 20
36000.0
 10
53136.986301369856
 20
35630.13698630137
 10
53054.79452054794
 20
35547.94520547945
 10
48821.91780821917
 20
35547.94520547945
 10
48780.821917808214
 20
35589.04109589041
 10
45904.109589041094
 20
35589.04109589041
 10
45863.01369863014
 20
35547.94520547945
 10
45821.91780821917
 20
35589.04109589041
 10
45246.57534246575
 20
35589.04109589041
 10
45205.479452054795
 20
35547.94520547945
 10
44630.13698630137
 20
35547.94520547945
 10
44589.04109589041
 20
35589.04109589041
 10
35013.69863013698
 20
35589.04109589041
 10
34972.602739726026
 20
35630.13698630137
 10
7726.027397260274
 20
35630.13698630137
 10
7684.931506849314
 20
35671.232876712325
 10
6082.191780821918
 20
35671.232876712325
 10
6000.0
 20
35753.42465753425
 10
6000.0
 20
35958.904109589035
 10
5958.904109589041
 20
36000.0
 10
4849.315068493151
 20
36000.0
 10
4808.219178082191
 20
35958.904109589035
 10
4109.58904109589
 20
35958.904109589035
 10
4068.493150684931
 20
36000.0
 10
3739.72602739726
 20
36000.0
 10
3698.6301369863013
 20
35958.904109589035
 10
-287.67123287671234
 20
35958.904109589035
 10
-410.958904109589
 20
36041.09589041096
  0
TEXT
  5
17F
330
17
100
AcDbEntity
  8
EDITABLE_ROOM_LABELS
100
AcDbText
 10
11506.849315068494
 20
30328.767123287667
 30
0.0
 40
400.0
  1
大道具搬入・組立場
  7
JAPANESE
100
AcDbText
  0
TEXT
  5
180
330
17
100
AcDbEntity
  8
EDITABLE_ROOM_LABELS
100
AcDbText
 10
13602.739726027396
 20
17835.616438356163
 30
0.0
 40
400.0
  1
ピット
  7
JAPANESE
100
AcDbText
  0
TEXT
  5
181
330
17
100
AcDbEntity
  8
EDITABLE_ROOM_LABELS
100
AcDbText
 10
10849.31506849315
 20
8301.369863013699
 30
0.0
 40
400.0
  1
防災センター
  7
JAPANESE
100
AcDbText
  0
TEXT
  5
182
330
17
100
AcDbEntity
  8
EDITABLE_ROOM_LABELS
100
AcDbText
 10
26917.80821917808
 20
26630.13698630137
 30
0.0
 40
400.0
  1
貴賓室
  7
JAPANESE
100
AcDbText
  0
TEXT
  5
183
330
17
100
AcDbEntity
  8
EDITABLE_ROOM_LABELS
100
AcDbText
 10
28479.452054794518
 20
17876.712328767124
 30
0.0
 40
400.0
  1
ラウンジ
  7
JAPANESE
100
AcDbText
  0
TEXT
  5
184
330
17
100
AcDbEntity
  8
EDITABLE_ROOM_LABELS
100
AcDbText
 10
22890.41095890411
 20
8054.7945205479455
 30
0.0
 40
400.0
  1
厨房
  7
JAPANESE
100
AcDbText
  0
TEXT
  5
185
330
17
100
AcDbEntity
  8
EDITABLE_ROOM_LABELS
100
AcDbText
 10
41506.849315068495
 20
27164.383561643834
 30
0.0
 40
400.0
  1
事務所
  7
JAPANESE
100
AcDbText
  0
TEXT
  5
186
330
17
100
AcDbEntity
  8
EDITABLE_ROOM_LABELS
100
AcDbText
 10
44013.69863013698
 20
17835.616438356163
 30
0.0
 40
400.0
  1
エントランスロビー
  7
JAPANESE
100
AcDbText
  0
TEXT
  5
187
330
17
100
AcDbEntity
  8
EDITABLE_ROOM_LABELS
100
AcDbText
 10
41671.232876712325
 20
4315.068493150685
 30
0.0
 40
400.0
  1
店舗
  7
JAPANESE
100
AcDbText
  0
TEXT
  5
189
330
17
100
AcDbEntity
  8
ANNOTATION
100
AcDbText
 10
-1000.0
 20
-4000.0
 30
0.0
 40
600.0
  1
RASTER REFERENCE / UNCALIBRATED
  7
JAPANESE
100
AcDbText
  0
ENDSEC
  0
SECTION
  2
OBJECTS
  0
DICTIONARY
  5
A
330
0
100
AcDbDictionary
281
1
  3
ACAD_COLOR
350
B
  3
ACAD_GROUP
350
C
  3
ACAD_LAYOUT
350
D
  3
ACAD_MATERIAL
350
E
  3
ACAD_MLEADERSTYLE
350
F
  3
ACAD_MLINESTYLE
350
10
  3
ACAD_PLOTSETTINGS
350
11
  3
ACAD_PLOTSTYLENAME
350
12
  3
ACAD_SCALELIST
350
14
  3
ACAD_TABLESTYLE
350
15
  3
ACAD_VISUALSTYLE
350
16
  3
EZDXF_META
350
2D
  0
DICTIONARY
  5
B
330
A
100
AcDbDictionary
281
1
  0
DICTIONARY
  5
C
330
A
100
AcDbDictionary
281
1
  0
DICTIONARY
  5
D
330
A
100
AcDbDictionary
281
1
  3
Model
350
1A
  3
Layout1
350
1E
  0
DICTIONARY
  5
E
330
A
100
AcDbDictionary
281
1
  3
ByBlock
350
1F
  3
ByLayer
350
20
  3
Global
350
21
  0
DICTIONARY
  5
F
330
A
100
AcDbDictionary
281
1
  3
Standard
350
2C
  0
DICTIONARY
  5
10
330
A
100
AcDbDictionary
281
1
  3
Standard
350
22
  0
DICTIONARY
  5
11
330
A
100
AcDbDictionary
281
1
  0
ACDBDICTIONARYWDFLT
  5
12
330
A
100
AcDbDictionary
281
1
  3
Normal
350
13
100
AcDbDictionaryWithDefault
340
13
  0
ACDBPLACEHOLDER
  5
13
330
12
  0
DICTIONARY
  5
14
330
A
100
AcDbDictionary
281
1
  0
DICTIONARY
  5
15
330
A
100
AcDbDictionary
281
1
  0
DICTIONARY
  5
16
330
A
100
AcDbDictionary
281
1
  0
LAYOUT
  5
1A
330
D
100
AcDbPlotSettings
  1

  4
A3
  6

 40
7.5
 41
20.0
 42
7.5
 43
20.0
 44
420.0
 45
297.0
 46
0.0
 47
0.0
 48
0.0
 49
0.0
140
0.0
141
0.0
142
1.0
143
1.0
 70
1024
 72
1
 73
0
 74
5
  7

 75
16
 76
0
 77
2
 78
300
147
1.0
148
0.0
149
0.0
100
AcDbLayout
  1
Model
 70
1
 71
0
 10
0.0
 20
0.0
 11
420.0
 21
297.0
 12
0.0
 22
0.0
 32
0.0
 14
1e+20
 24
1e+20
 34
1e+20
 15
-1e+20
 25
-1e+20
 35
-1e+20
146
0.0
 13
0.0
 23
0.0
 33
0.0
 16
1.0
 26
0.0
 36
0.0
 17
0.0
 27
1.0
 37
0.0
 76
1
330
17
  0
LAYOUT
  5
1E
330
D
100
AcDbPlotSettings
  1

  4
A3
  6

 40
7.5
 41
20.0
 42
7.5
 43
20.0
 44
420.0
 45
297.0
 46
0.0
 47
0.0
 48
0.0
 49
0.0
140
0.0
141
0.0
142
1.0
143
1.0
 70
0
 72
1
 73
0
 74
5
  7

 75
16
 76
0
 77
2
 78
300
147
1.0
148
0.0
149
0.0
100
AcDbLayout
  1
Layout1
 70
1
 71
1
 10
0.0
 20
0.0
 11
420.0
 21
297.0
 12
0.0
 22
0.0
 32
0.0
 14
1e+20
 24
1e+20
 34
1e+20
 15
-1e+20
 25
-1e+20
 35
-1e+20
146
0.0
 13
0.0
 23
0.0
 33
0.0
 16
1.0
 26
0.0
 36
0.0
 17
0.0
 27
1.0
 37
0.0
 76
1
330
1B
  0
MATERIAL
  5
1F
102
{ACAD_REACTORS
330
E
102
}
330
E
100
AcDbMaterial
  1
ByBlock
  2

 70
0
 40
1.0
 71
1
 41
1.0
 91
-1023410177
 42
1.0
 72
1
  3

 73
1
 74
1
 75
1
 44
0.5
 73
0
 45
1.0
 46
1.0
 77
1
  4

 78
1
 79
1
170
1
 48
1.0
171
1
  6

172
1
173
1
174
1
140
1.0
141
1.0
175
1
  7

176
1
177
1
178
1
143
1.0
179
1
  8

270
1
271
1
272
1
145
1.0
146
1.0
273
1
  9

274
1
275
1
276
1
 42
1.0
 72
1
  3

 73
1
 74
1
 75
1
 94
63
  0
MATERIAL
  5
20
102
{ACAD_REACTORS
330
E
102
}
330
E
100
AcDbMaterial
  1
ByLayer
  2

 70
0
 40
1.0
 71
1
 41
1.0
 91
-1023410177
 42
1.0
 72
1
  3

 73
1
 74
1
 75
1
 44
0.5
 73
0
 45
1.0
 46
1.0
 77
1
  4

 78
1
 79
1
170
1
 48
1.0
171
1
  6

172
1
173
1
174
1
140
1.0
141
1.0
175
1
  7

176
1
177
1
178
1
143
1.0
179
1
  8

270
1
271
1
272
1
145
1.0
146
1.0
273
1
  9

274
1
275
1
276
1
 42
1.0
 72
1
  3

 73
1
 74
1
 75
1
 94
63
  0
MATERIAL
  5
21
102
{ACAD_REACTORS
330
E
102
}
330
E
100
AcDbMaterial
  1
Global
  2

 70
0
 40
1.0
 71
1
 41
1.0
 91
-1023410177
 42
1.0
 72
1
  3

 73
1
 74
1
 75
1
 44
0.5
 73
0
 45
1.0
 46
1.0
 77
1
  4

 78
1
 79
1
170
1
 48
1.0
171
1
  6

172
1
173
1
174
1
140
1.0
141
1.0
175
1
  7

176
1
177
1
178
1
143
1.0
179
1
  8

270
1
271
1
272
1
145
1.0
146
1.0
273
1
  9

274
1
275
1
276
1
 42
1.0
 72
1
  3

 73
1
 74
1
 75
1
 94
63
  0
MLINESTYLE
  5
22
102
{ACAD_REACTORS
330
10
102
}
330
10
100
AcDbMlineStyle
  2
Standard
 70
0
  3

 62
256
 51
90.0
 52
90.0
 71
2
 49
0.5
 62
256
  6
BYLAYER
 49
-0.5
 62
256
  6
BYLAYER
  0
MLEADERSTYLE
  5
2C
102
{ACAD_REACTORS
330
F
102
}
330
F
100
AcDbMLeaderStyle
179
2
170
2
171
1
172
0
 90
2
 40
0.0
 41
0.0
173
1
 91
-1056964608
 92
-2
290
1
 42
2.0
291
1
 43
8.0
  3
Standard
 44
4.0
300

342
29
174
1
175
1
176
0
178
1
 93
-1056964608
 45
4.0
292
0
297
0
 46
4.0
 94
-1056964608
 47
1.0
 49
1.0
140
1.0
294
1
141
0.0
177
0
142
1.0
295
0
296
0
143
3.75
271
0
272
9
273
9
  0
DICTIONARY
  5
2D
330
A
100
AcDbDictionary
280
1
281
1
  3
CREATED_BY_EZDXF
350
2E
  3
WRITTEN_BY_EZDXF
350
18D
  0
DICTIONARYVAR
  5
2E
330
2D
100
DictionaryVariables
280
0
  1
1.4.4 @ 2026-09-10T15:48:15.368166+00:00
  0
DICTIONARYVAR
  5
18D
330
2D
100
DictionaryVariables
280
0
  1
1.4.4 @ 2026-09-10T15:48:15.487414+00:00
  0
ENDSEC
  0
EOF
