  0
SECTION
  2
HEADER
  9
$ACADVER
  1
AC1024
  9
$ACADMAINTVER
 70
6
  9
$DWGCODEPAGE
  3
ANSI_1252
  9
$LASTSAVEDBY
  1
ezdxf
  9
$INSBASE
 10
0.0
 20
0.0
 30
0.0
  9
$EXTMIN
 10
1e+20
 20
1e+20
 30
1e+20
  9
$EXTMAX
 10
-1e+20
 20
-1e+20
 30
-1e+20
  9
$LIMMIN
 10
0.0
 20
0.0
  9
$LIMMAX
 10
420.0
 20
297.0
  9
$ORTHOMODE
 70
0
  9
$REGENMODE
 70
1
  9
$FILLMODE
 70
1
  9
$QTEXTMODE
 70
0
  9
$MIRRTEXT
 70
1
  9
$LTSCALE
 40
1.0
  9
$ATTMODE
 70
1
  9
$TEXTSIZE
 40
2.5
  9
$TRACEWID
 40
1.0
  9
$TEXTSTYLE
  7
Standard
  9
$CLAYER
  8
0
  9
$CELTYPE
  6
ByLayer
  9
$CECOLOR
 62
256
  9
$CELTSCALE
 40
1.0
  9
$DISPSILH
 70
0
  9
$DIMSCALE
 40
1.0
  9
$DIMASZ
 40
2.5
  9
$DIMEXO
 40
0.625
  9
$DIMDLI
 40
3.75
  9
$DIMRND
 40
0.0
  9
$DIMDLE
 40
0.0
  9
$DIMEXE
 40
1.25
  9
$DIMTP
 40
0.0
  9
$DIMTM
 40
0.0
  9
$DIMTXT
 40
2.5
  9
$DIMCEN
 40
2.5
  9
$DIMTSZ
 40
0.0
  9
$DIMTOL
 70
0
  9
$DIMLIM
 70
0
  9
$DIMTIH
 70
0
  9
$DIMTOH
 70
0
  9
$DIMSE1
 70
0
  9
$DIMSE2
 70
0
  9
$DIMTAD
 70
1
  9
$DIMZIN
 70
8
  9
$DIMBLK
  1

  9
$DIMASO
 70
1
  9
$DIMSHO
 70
1
  9
$DIMPOST
  1

  9
$DIMAPOST
  1

  9
$DIMALT
 70
0
  9
$DIMALTD
 70
3
  9
$DIMALTF
 40
0.03937007874
  9
$DIMLFAC
 40
1.0
  9
$DIMTOFL
 70
1
  9
$DIMTVP
 40
0.0
  9
$DIMTIX
 70
0
  9
$DIMSOXD
 70
0
  9
$DIMSAH
 70
0
  9
$DIMBLK1
  1

  9
$DIMBLK2
  1

  9
$DIMSTYLE
  2
ISO-25
  9
$DIMCLRD
 70
0
  9
$DIMCLRE
 70
0
  9
$DIMCLRT
 70
0
  9
$DIMTFAC
 40
1.0
  9
$DIMGAP
 40
0.625
  9
$DIMJUST
 70
0
  9
$DIMSD1
 70
0
  9
$DIMSD2
 70
0
  9
$DIMTOLJ
 70
0
  9
$DIMTZIN
 70
8
  9
$DIMALTZ
 70
0
  9
$DIMALTTZ
 70
0
  9
$DIMUPT
 70
0
  9
$DIMDEC
 70
2
  9
$DIMTDEC
 70
2
  9
$DIMALTU
 70
2
  9
$DIMALTTD
 70
3
  9
$DIMTXSTY
  7
Standard
  9
$DIMAUNIT
 70
0
  9
$DIMADEC
 70
0
  9
$DIMALTRND
 40
0.0
  9
$DIMAZIN
 70
0
  9
$DIMDSEP
 70
44
  9
$DIMATFIT
 70
3
  9
$DIMFRAC
 70
0
  9
$DIMLDRBLK
  1

  9
$DIMLUNIT
 70
2
  9
$DIMLWD
 70
-2
  9
$DIMLWE
 70
-2
  9
$DIMTMOVE
 70
0
  9
$DIMFXL
 40
1.0
  9
$DIMFXLON
 70
0
  9
$DIMJOGANG
 40
0.785398163397
  9
$DIMTFILL
 70
0
  9
$DIMTFILLCLR
 70
0
  9
$DIMARCSYM
 70
0
  9
$DIMLTYPE
  6

  9
$DIMLTEX1
  6

  9
$DIMLTEX2
  6

  9
$DIMTXTDIRECTION
 70
0
  9
$LUNITS
 70
2
  9
$LUPREC
 70
4
  9
$SKETCHINC
 40
1.0
  9
$FILLETRAD
 40
10.0
  9
$AUNITS
 70
0
  9
$AUPREC
 70
2
  9
$MENU
  1
.
  9
$ELEVATION
 40
0.0
  9
$PELEVATION
 40
0.0
  9
$THICKNESS
 40
0.0
  9
$LIMCHECK
 70
0
  9
$CHAMFERA
 40
0.0
  9
$CHAMFERB
 40
0.0
  9
$CHAMFERC
 40
0.0
  9
$CHAMFERD
 40
0.0
  9
$SKPOLY
 70
0
  9
$TDCREATE
 40
2461295.0335185183
  9
$TDUCREATE
 40
2458532.153996898
  9
$TDUPDATE
 40
2461295.0335185183
  9
$TDUUPDATE
 40
2458532.1544311
  9
$TDINDWG
 40
0.0
  9
$TDUSRTIMER
 40
0.0
  9
$USRTIMER
 70
1
  9
$ANGBASE
 50
0.0
  9
$ANGDIR
 70
0
  9
$PDMODE
 70
0
  9
$PDSIZE
 40
0.0
  9
$PLINEWID
 40
0.0
  9
$SPLFRAME
 70
0
  9
$SPLINETYPE
 70
6
  9
$SPLINESEGS
 70
8
  9
$HANDSEED
  5
1B8
  9
$SURFTAB1
 70
6
  9
$SURFTAB2
 70
6
  9
$SURFTYPE
 70
6
  9
$SURFU
 70
6
  9
$SURFV
 70
6
  9
$UCSBASE
  2

  9
$UCSNAME
  2

  9
$UCSORG
 10
0.0
 20
0.0
 30
0.0
  9
$UCSXDIR
 10
1.0
 20
0.0
 30
0.0
  9
$UCSYDIR
 10
0.0
 20
1.0
 30
0.0
  9
$UCSORTHOREF
  2

  9
$UCSORTHOVIEW
 70
0
  9
$UCSORGTOP
 10
0.0
 20
0.0
 30
0.0
  9
$UCSORGBOTTOM
 10
0.0
 20
0.0
 30
0.0
  9
$UCSORGLEFT
 10
0.0
 20
0.0
 30
0.0
  9
$UCSORGRIGHT
 10
0.0
 20
0.0
 30
0.0
  9
$UCSORGFRONT
 10
0.0
 20
0.0
 30
0.0
  9
$UCSORGBACK
 10
0.0
 20
0.0
 30
0.0
  9
$PUCSBASE
  2

  9
$PUCSNAME
  2

  9
$PUCSORG
 10
0.0
 20
0.0
 30
0.0
  9
$PUCSXDIR
 10
1.0
 20
0.0
 30
0.0
  9
$PUCSYDIR
 10
0.0
 20
1.0
 30
0.0
  9
$PUCSORTHOREF
  2

  9
$PUCSORTHOVIEW
 70
0
  9
$PUCSORGTOP
 10
0.0
 20
0.0
 30
0.0
  9
$PUCSORGBOTTOM
 10
0.0
 20
0.0
 30
0.0
  9
$PUCSORGLEFT
 10
0.0
 20
0.0
 30
0.0
  9
$PUCSORGRIGHT
 10
0.0
 20
0.0
 30
0.0
  9
$PUCSORGFRONT
 10
0.0
 20
0.0
 30
0.0
  9
$PUCSORGBACK
 10
0.0
 20
0.0
 30
0.0
  9
$USERI1
 70
0
  9
$USERI2
 70
0
  9
$USERI3
 70
0
  9
$USERI4
 70
0
  9
$USERI5
 70
0
  9
$USERR1
 40
0.0
  9
$USERR2
 40
0.0
  9
$USERR3
 40
0.0
  9
$USERR4
 40
0.0
  9
$USERR5
 40
0.0
  9
$WORLDVIEW
 70
1
  9
$SHADEDGE
 70
3
  9
$SHADEDIF
 70
70
  9
$TILEMODE
 70
1
  9
$MAXACTVP
 70
64
  9
$PINSBASE
 10
0.0
 20
0.0
 30
0.0
  9
$PLIMCHECK
 70
0
  9
$PEXTMIN
 10
1e+20
 20
1e+20
 30
1e+20
  9
$PEXTMAX
 10
-1e+20
 20
-1e+20
 30
-1e+20
  9
$PLIMMIN
 10
0.0
 20
0.0
  9
$PLIMMAX
 10
420.0
 20
297.0
  9
$UNITMODE
 70
0
  9
$VISRETAIN
 70
1
  9
$PLINEGEN
 70
0
  9
$PSLTSCALE
 70
1
  9
$TREEDEPTH
 70
3020
  9
$CMLSTYLE
  2
Standard
  9
$CMLJUST
 70
0
  9
$CMLSCALE
 40
20.0
  9
$PROXYGRAPHICS
 70
1
  9
$MEASUREMENT
 70
1
  9
$CELWEIGHT
370
-1
  9
$ENDCAPS
280
0
  9
$JOINSTYLE
280
0
  9
$LWDISPLAY
290
0
  9
$INSUNITS
 70
4
  9
$HYPERLINKBASE
  1

  9
$STYLESHEET
  1

  9
$XEDIT
290
1
  9
$CEPSNTYPE
380
0
  9
$PSTYLEMODE
290
1
  9
$FINGERPRINTGUID
  2
{4FCADC7A-91DB-491E-9FF5-5C9BE6BF1884}
  9
$VERSIONGUID
  2
{AEC9722E-638D-41C7-8F94-AEF366C0756F}
  9
$EXTNAMES
290
1
  9
$PSVPSCALE
 40
0.0
  9
$OLESTARTUP
290
0
  9
$SORTENTS
280
127
  9
$INDEXCTL
280
0
  9
$HIDETEXT
280
1
  9
$XCLIPFRAME
280
1
  9
$HALOGAP
280
0
  9
$OBSCOLOR
 70
257
  9
$OBSLTYPE
280
0
  9
$INTERSECTIONDISPLAY
280
0
  9
$INTERSECTIONCOLOR
 70
257
  9
$DIMASSOC
280
2
  9
$PROJECTNAME
  1

  9
$CAMERADISPLAY
290
0
  9
$LENSLENGTH
 40
50.0
  9
$CAMERAHEIGHT
 40
0.0
  9
$STEPSPERSEC
 40
24.0
  9
$STEPSIZE
 40
100.0
  9
$3DDWFPREC
 40
2.0
  9
$PSOLWIDTH
 40
0.005
  9
$PSOLHEIGHT
 40
0.08
  9
$LOFTANG1
 40
1.570796326795
  9
$LOFTANG2
 40
1.570796326795
  9
$LOFTMAG1
 40
0.0
  9
$LOFTMAG2
 40
0.0
  9
$LOFTPARAM
 70
7
  9
$LOFTNORMALS
280
1
  9
$LATITUDE
 40
37.795
  9
$LONGITUDE
 40
-122.394
  9
$NORTHDIRECTION
 40
0.0
  9
$TIMEZONE
 70
-8000
  9
$LIGHTGLYPHDISPLAY
280
1
  9
$TILEMODELIGHTSYNCH
280
1
  9
$CMATERIAL
347
20
  9
$SOLIDHIST
280
0
  9
$SHOWHIST
280
1
  9
$DWFFRAME
280
2
  9
$DGNFRAME
280
2
  9
$REALWORLDSCALE
290
1
  9
$INTERFERECOLOR
 62
256
  9
$CSHADOW
280
0
  9
$SHADOWPLANELOCATION
 40
0.0
  0
ENDSEC
  0
SECTION
  2
CLASSES
  0
CLASS
  1
ACDBDICTIONARYWDFLT
  2
AcDbDictionaryWithDefault
  3
ObjectDBX Classes
 90
0
 91
0
280
0
281
0
  0
CLASS
  1
SUN
  2
AcDbSun
  3
SCENEOE
 90
1153
 91
0
280
0
281
0
  0
CLASS
  1
VISUALSTYLE
  2
AcDbVisualStyle
  3
ObjectDBX Classes
 90
4095
 91
0
280
0
281
0
  0
CLASS
  1
MATERIAL
  2
AcDbMaterial
  3
ObjectDBX Classes
 90
1153
 91
0
280
0
281
0
  0
CLASS
  1
SCALE
  2
AcDbScale
  3
ObjectDBX Classes
 90
1153
 91
0
280
0
281
0
  0
CLASS
  1
TABLESTYLE
  2
AcDbTableStyle
  3
ObjectDBX Classes
 90
4095
 91
0
280
0
281
0
  0
CLASS
  1
MLEADERSTYLE
  2
AcDbMLeaderStyle
  3
ACDB_MLEADERSTYLE_CLASS
 90
4095
 91
0
280
0
281
0
  0
CLASS
  1
DICTIONARYVAR
  2
AcDbDictionaryVar
  3
ObjectDBX Classes
 90
0
 91
0
280
0
281
0
  0
CLASS
  1
CELLSTYLEMAP
  2
AcDbCellStyleMap
  3
ObjectDBX Classes
 90
1152
 91
0
280
0
281
0
  0
CLASS
  1
MENTALRAYRENDERSETTINGS
  2
AcDbMentalRayRenderSettings
  3
SCENEOE
 90
1024
 91
0
280
0
281
0
  0
CLASS
  1
ACDBDETAILVIEWSTYLE
  2
AcDbDetailViewStyle
  3
ObjectDBX Classes
 90
1025
 91
0
280
0
281
0
  0
CLASS
  1
ACDBSECTIONVIEWSTYLE
  2
AcDbSectionViewStyle
  3
ObjectDBX Classes
 90
1025
 91
0
280
0
281
0
  0
CLASS
  1
RASTERVARIABLES
  2
AcDbRasterVariables
  3
ISM
 90
0
 91
0
280
0
281
0
  0
CLASS
  1
ACDBPLACEHOLDER
  2
AcDbPlaceHolder
  3
ObjectDBX Classes
 90
0
 91
0
280
0
281
0
  0
CLASS
  1
LAYOUT
  2
AcDbLayout
  3
ObjectDBX Classes
 90
0
 91
0
280
0
281
0
  0
ENDSEC
  0
SECTION
  2
TABLES
  0
TABLE
  2
VPORT
  5
8
330
0
100
AcDbSymbolTable
 70
1
  0
VPORT
  5
1B4
330
8
100
AcDbSymbolTableRecord
100
AcDbViewportTableRecord
  2
*Active
 70
0
 10
0.0
 20
0.0
 11
1.0
 21
1.0
 12
26000.0
 22
17000.0
 13
0.0
 23
0.0
 14
0.5
 24
0.5
 15
0.5
 25
0.5
 16
0.0
 26
0.0
 36
1.0
 17
0.0
 27
0.0
 37
0.0
 40
50000.0
 41
1.34
 42
50.0
 43
0.0
 44
0.0
 50
0.0
 51
0.0
 71
0
 72
1000
 73
1
 74
3
 75
0
 76
0
 77
0
 78
0
281
0
 65
1
110
0.0
120
0.0
130
0.0
111
1.0
121
0.0
131
0.0
112
0.0
122
1.0
132
0.0
 79
0
146
0.0
  0
ENDTAB
  0
TABLE
  2
LTYPE
  5
2
330
0
100
AcDbSymbolTable
 70
3
  0
LTYPE
  5
24
330
2
100
AcDbSymbolTableRecord
100
AcDbLinetypeTableRecord
  2
ByBlock
 70
0
  3

 72
65
 73
0
 40
0.0
  0
LTYPE
  5
25
330
2
100
AcDbSymbolTableRecord
100
AcDbLinetypeTableRecord
  2
ByLayer
 70
0
  3

 72
65
 73
0
 40
0.0
  0
LTYPE
  5
26
330
2
100
AcDbSymbolTableRecord
100
AcDbLinetypeTableRecord
  2
Continuous
 70
0
  3

 72
65
 73
0
 40
0.0
  0
ENDTAB
  0
TABLE
  2
LAYER
  5
1
330
0
100
AcDbSymbolTable
 70
5
  0
LAYER
  5
27
330
1
100
AcDbSymbolTableRecord
100
AcDbLayerTableRecord
  2
0
 70
0
 62
7
  6
Continuous
370
-3
390
13
347
21
  0
LAYER
  5
28
330
1
100
AcDbSymbolTableRecord
100
AcDbLayerTableRecord
  2
Defpoints
 70
0
 62
7
  6
Continuous
290
0
370
-3
390
13
347
21
  0
LAYER
  5
31
330
1
100
AcDbSymbolTableRecord
100
AcDbLayerTableRecord
  2
RASTER_CONTOURS
 70
0
 62
7
420
5264735
  6
Continuous
370
18
390
13
347
21
  0
LAYER
  5
19F
330
1
100
AcDbSymbolTableRecord
100
AcDbLayerTableRecord
  2
INFERRED_LEVELS
 70
0
 62
7
420
5264735
  6
Continuous
370
18
390
13
347
21
  0
LAYER
  5
1A1
330
1
100
AcDbSymbolTableRecord
100
AcDbLayerTableRecord
  2
ANNOTATION
 70
0
 62
7
420
5264735
  6
Continuous
370
18
390
13
347
21
  0
ENDTAB
  0
TABLE
  2
STYLE
  5
5
330
0
100
AcDbSymbolTable
 70
2
  0
STYLE
  5
29
330
5
100
AcDbSymbolTableRecord
100
AcDbTextStyleTableRecord
  2
Standard
 70
0
 40
0.0
 41
1.0
 50
0.0
 71
0
 42
2.5
  3
txt
  4

  0
STYLE
  5
2F
330
5
100
AcDbSymbolTableRecord
100
AcDbTextStyleTableRecord
  2
JAPANESE
 70
0
 40
0.0
 41
1.0
 50
0.0
 71
0
 42
2.5
  3
msgothic.ttc
  4

  0
ENDTAB
  0
TABLE
  2
VIEW
  5
7
330
0
100
AcDbSymbolTable
 70
0
  0
ENDTAB
  0
TABLE
  2
UCS
  5
6
330
0
100
AcDbSymbolTable
 70
0
  0
ENDTAB
  0
TABLE
  2
APPID
  5
3
330
0
100
AcDbSymbolTable
 70
4
  0
APPID
  5
2A
330
3
100
AcDbSymbolTableRecord
100
AcDbRegAppTableRecord
  2
ACAD
 70
0
  0
APPID
  5
30
330
3
100
AcDbSymbolTableRecord
100
AcDbRegAppTableRecord
  2
SHOCHIKUZA
 70
0
  0
APPID
  5
1B5
330
3
100
AcDbSymbolTableRecord
100
AcDbRegAppTableRecord
  2
HATCHBACKGROUNDCOLOR
 70
0
  0
APPID
  5
1B6
330
3
100
AcDbSymbolTableRecord
100
AcDbRegAppTableRecord
  2
EZDXF
 70
0
  0
ENDTAB
  0
TABLE
  2
DIMSTYLE
  5
4
330
0
100
AcDbSymbolTable
 70
1
100
AcDbDimStyleTable
  0
DIMSTYLE
105
2B
330
4
100
AcDbSymbolTableRecord
100
AcDbDimStyleTableRecord
  2
Standard
 70
0
 40
1.0
 41
2.5
 42
0.625
 43
3.75
 44
1.25
 45
0.0
 46
0.0
 47
0.0
 48
0.0
 49
2.5
140
2.5
141
2.5
142
0.0
143
0.03937007874
144
1.0
145
0.0
146
1.0
147
0.625
148
0.0
 69
0
 70
0
 71
0
 72
0
 73
0
 74
0
 75
0
 76
0
 77
1
 78
8
 79
3
170
0
171
3
172
1
173
0
174
0
175
0
176
0
177
0
178
0
179
2
271
2
272
2
273
2
274
3
275
0
276
0
277
2
278
44
279
0
280
0
281
0
282
0
283
0
284
8
285
0
286
0
288
0
289
3
290
0
371
-2
372
-2
  0
ENDTAB
  0
TABLE
  2
BLOCK_RECORD
  5
9
330
0
100
AcDbSymbolTable
 70
2
  0
BLOCK_RECORD
  5
17
330
9
100
AcDbSymbolTableRecord
100
AcDbBlockTableRecord
  2
*Model_Space
340
1A
 70
0
280
1
281
0
  0
BLOCK_RECORD
  5
1B
330
9
100
AcDbSymbolTableRecord
100
AcDbBlockTableRecord
  2
*Paper_Space
340
1E
 70
0
280
1
281
0
  0
ENDTAB
  0
ENDSEC
  0
SECTION
  2
BLOCKS
  0
BLOCK
  5
18
330
17
100
AcDbEntity
  8
0
100
AcDbBlockBegin
  2
*Model_Space
 70
0
 10
0.0
 20
0.0
 30
0.0
  3
*Model_Space
  1

  0
ENDBLK
  5
19
330
17
100
AcDbEntity
  8
0
100
AcDbBlockEnd
  0
BLOCK
  5
1C
330
1B
100
AcDbEntity
  8
0
100
AcDbBlockBegin
  2
*Paper_Space
 70
0
 10
0.0
 20
0.0
 30
0.0
  3
*Paper_Space
  1

  0
ENDBLK
  5
1D
330
1B
100
AcDbEntity
  8
0
100
AcDbBlockEnd
  0
ENDSEC
  0
SECTION
  2
ENTITIES
  0
LWPOLYLINE
  5
32
330
17
100
AcDbEntity
  8
RASTER_CONTOURS
100
AcDbPolyline
 90
8
 70
1
 10
3594.2596216568813
 20
-13323.548597521198
 10
3718.199608610567
 20
-13323.548597521198
 10
3842.1395955642524
 20
-13509.458577951726
 10
3842.1395955642524
 20
-13633.398564905412
 10
3718.199608610567
 20
-13757.338551859097
 10
3594.2596216568813
 20
-13757.338551859097
 10
3470.319634703196
 20
-13633.398564905412
 10
3470.319634703196
 20
-13447.488584474884
  0
LWPOLYLINE
  5
33
330
17
100
AcDbEntity
  8
RASTER_CONTOURS
100
AcDbPolyline
 90
6
 70
1
 10
-5949.119373776907
 20
-13323.548597521198
 10
-5887.149380300064
 20
-13385.518590998041
 10
-5887.149380300064
 20
-13633.398564905412
 10
-5949.119373776907
 20
-13695.368558382255
 10
-6196.999347684278
 20
-13695.368558382255
 10
-6258.969341161121
 20
-13571.428571428569
  0
LWPOLYLINE
  5
34
330
17
100
AcDbEntity
  8
RASTER_CONTOURS
100
AcDbPolyline
 90
6
 70
1
 10
-5763.209393346378
 20
-13261.578604044355
 10
-5515.329419439007
 20
-13447.488584474884
 10
-5639.269406392693
 20
-13695.368558382255
 10
-5825.179386823222
 20
-13633.398564905412
 10
-5825.179386823222
 20
-13447.488584474884
 10
-5887.149380300064
 20
-13385.518590998041
  0
LWPOLYLINE
  5
35
330
17
100
AcDbEntity
  8
RASTER_CONTOURS
100
AcDbPolyline
 90
6
 70
1
 10
-6258.969341161121
 20
-13323.548597521198
 10
-6258.969341161121
 20
-13137.63861709067
 10
-6196.999347684278
 20
-13075.668623613827
 10
-6011.0893672537495
 20
-13075.668623613827
 10
-5949.119373776907
 20
-13137.63861709067
 10
-6135.029354207435
 20
-13385.518590998041
  0
LWPOLYLINE
  5
36
330
17
100
AcDbEntity
  8
RASTER_CONTOURS
100
AcDbPolyline
 90
8
 70
1
 10
-3904.109589041095
 20
-13013.698630136983
 10
-3718.199608610567
 20
-13137.63861709067
 10
-3718.199608610567
 20
-13633.398564905412
 10
-3780.1696020874097
 20
-13695.368558382255
 10
-3904.109589041095
 20
-13695.368558382255
 10
-4028.0495759947808
 20
-13571.428571428569
 10
-3966.079582517938
 20
-13509.458577951726
 10
-4028.0495759947808
 20
-13323.548597521198
  0
LWPOLYLINE
  5
37
330
17
100
AcDbEntity
  8
RASTER_CONTOURS
100
AcDbPolyline
 90
6
 70
1
 10
-4585.779517286366
 20
-13013.698630136983
 10
-4461.839530332681
 20
-13137.63861709067
 10
-4461.839530332681
 20
-13571.428571428569
 10
-4647.7495107632085
 20
-13695.368558382255
 10
-4709.719504240052
 20
-13633.398564905412
 10
-4709.719504240052
 20
-13137.63861709067
  0
LWPOLYLINE
  5
38
330
17
100
AcDbEntity
  8
RASTER_CONTOURS
100
AcDbPolyline
 90
8
 70
1
 10
5019.569471624265
 20
-12951.728636660142
 10
5205.479452054794
 20
-12951.728636660142
 10
5267.449445531636
 20
-13013.698630136983
 10
5267.449445531636
 20
-13695.368558382255
 10
5205.479452054794
 20
-13757.338551859097
 10
5019.569471624265
 20
-13757.338551859097
 10
4895.62948467058
 20
-13571.428571428569
 10
4895.62948467058
 20
-13199.608610567513
  0
LWPOLYLINE
  5
39
330
17
100
AcDbEntity
  8
RASTER_CONTOURS
100
AcDbPolyline
 90
8
 70
1
 10
4275.929549902152
 20
-12951.728636660142
 10
4399.869536855837
 20
-12951.728636660142
 10
4523.809523809523
 20
-13075.668623613827
 10
4523.809523809523
 20
-13633.398564905412
 10
4399.869536855837
 20
-13757.338551859097
 10
4275.929549902152
 20
-13757.338551859097
 10
4151.989562948466
 20
-13571.428571428569
 10
4151.989562948466
 20
-13137.63861709067
  0
LWPOLYLINE
  5
3A
330
17
100
AcDbEntity
  8
RASTER_CONTOURS
100
AcDbPolyline
 90
4
 70
1
 10
1363.3398564905413
 20
-12889.758643183299
 10
1363.3398564905413
 20
-13757.338551859097
 10
1425.309849967384
 20
-13757.338551859097
 10
1425.309849967384
 20
-12889.758643183299
  0
LWPOLYLINE
  5
3B
330
17
100
AcDbEntity
  8
RASTER_CONTOURS
100
AcDbPolyline
 90
8
 70
1
 10
-1115.4598825831702
 20
-12889.758643183299
 10
-1053.4898891063274
 20
-12827.788649706456
 10
-805.6099151989562
 20
-12827.788649706456
 10
-681.6699282452706
 20
-13013.698630136983
 10
-743.6399217221134
 20
-13075.668623613827
 10
-805.6099151989562
 20
-13013.698630136983
 10
-929.5499021526417
 20
-13075.668623613827
 10
-1053.4898891063274
 20
-13013.698630136983
  0
LWPOLYLINE
  5
3C
330
17
100
AcDbEntity
  8
RASTER_CONTOURS
100
AcDbPolyline
 90
9
 70
1
 10
5081.539465101108
 20
-12827.788649706456
 10
4957.599478147423
 20
-12889.758643183299
 10
4833.659491193737
 20
-13075.668623613827
 10
4833.659491193737
 20
-13633.398564905412
 10
4957.599478147423
 20
-13819.30854533594
 10
5143.509458577951
 20
-13881.278538812783
 10
5329.4194390084795
 20
-13757.338551859097
 10
5391.389432485322
 20
-13137.63861709067
 10
5329.4194390084795
 20
-12951.728636660142
  0
LWPOLYLINE
  5
3D
330
17
100
AcDbEntity
  8
RASTER_CONTOURS
100
AcDbPolyline
 90
9
 70
1
 10
4275.929549902152
 20
-12827.788649706456
 10
4090.0195694716235
 20
-13013.698630136983
 10
4090.0195694716235
 20
-13695.368558382255
 10
4399.869536855837
 20
-13881.278538812783
 10
4585.779517286366
 20
-13757.338551859097
 10
4647.7495107632085
 20
-13199.608610567513
 10
4585.779517286366
 20
-13137.63861709067
 10
4585.779517286366
 20
-12951.728636660142
 10
4461.839530332681
 20
-12827.788649706456
  0
LWPOLYLINE
  5
3E
330
17
100
AcDbEntity
  8
RASTER_CONTOURS
100
AcDbPolyline
 90
13
 70
1
 10
3718.199608610567
 20
-12827.788649706456
 10
3470.319634703196
 20
-12889.758643183299
 10
3346.3796477495102
 20
-13199.608610567513
 10
3408.349641226353
 20
-13757.338551859097
 10
3594.2596216568813
 20
-13881.278538812783
 10
3842.1395955642524
 20
-13819.30854533594
 10
3904.109589041095
 20
-13695.368558382255
 10
3842.1395955642524
 20
-13323.548597521198
 10
3470.319634703196
 20
-13199.608610567513
 10
3470.319634703196
 20
-13075.668623613827
 10
3656.229615133724
 20
-12889.758643183299
 10
3842.1395955642524
 20
-13013.698630136983
 10
3842.1395955642524
 20
-12889.758643183299
  0
LWPOLYLINE
  5
3F
330
17
100
AcDbEntity
  8
RASTER_CONTOURS
100
AcDbPolyline
 90
6
 70
1
 10
0.0
 20
-12889.758643183299
 10
433.7899543378995
 20
-12765.818656229612
 10
619.6999347684279
 20
-12827.788649706456
 10
681.6699282452706
 20
-13013.698630136983
 10
619.6999347684279
 20
-13075.668623613827
 10
61.96999347684278
 20
-13075.668623613827
  0
LWPOLYLINE
  5
40
330
17
100
AcDbEntity
  8
RASTER_CONTOURS
100
AcDbPolyline
 90
7
 70
1
 10
-5577.299412915851
 20
-12703.84866275277
 10
-5515.329419439007
 20
-12765.818656229612
 10
-5515.329419439007
 20
-13323.548597521198
 10
-5577.299412915851
 20
-13385.518590998041
 10
-5763.209393346378
 20
-13137.63861709067
 10
-5639.269406392693
 20
-13075.668623613827
 10
-5701.239399869536
 20
-12889.758643183299
  0
LWPOLYLINE
  5
41
330
17
100
AcDbEntity
  8
RASTER_CONTOURS
100
AcDbPolyline
 90
2
 70
1
 10
3160.469667318982
 20
-12703.84866275277
 10
1859.0998043052834
 20
-13943.248532289626
  0
LWPOLYLINE
  5
42
330
17
100
AcDbEntity
  8
RASTER_CONTOURS
100
AcDbPolyline
 90
16
 70
1
 10
0.0
 20
-12703.84866275277
 10
-123.93998695368556
 20
-13075.668623613827
 10
-123.93998695368556
 20
-13447.488584474884
 10
-371.8199608610567
 20
-13881.278538812783
 10
-247.87997390737112
 20
-13819.30854533594
 10
0.0
 20
-13199.608610567513
 10
123.93998695368556
 20
-13199.608610567513
 10
309.8499673842139
 20
-13509.458577951726
 10
805.6099151989562
 20
-13881.278538812783
 10
867.579908675799
 20
-13819.30854533594
 10
557.7299412915851
 20
-13633.398564905412
 10
309.8499673842139
 20
-13323.548597521198
 10
433.7899543378995
 20
-13137.63861709067
 10
743.6399217221134
 20
-13199.608610567513
 10
743.6399217221134
 20
-12765.818656229612
 10
681.6699282452706
 20
-12703.84866275277
  0
LWPOLYLINE
  5
43
330
17
100
AcDbEntity
  8
RASTER_CONTOURS
100
AcDbPolyline
 90
51
 70
1
 10
-1611.2198303979123
 20
-12641.878669275928
 10
-1611.2198303979123
 20
-12703.84866275277
 10
-1797.1298108284407
 20
-12827.788649706456
 10
-1673.1898238747551
 20
-13075.668623613827
 10
-1859.0998043052834
 20
-13199.608610567513
 10
-1735.159817351598
 20
-13261.578604044355
 10
-1673.1898238747551
 20
-13385.518590998041
 10
-1859.0998043052834
 20
-13447.488584474884
 10
-1859.0998043052834
 20
-13757.338551859097
 10
-1735.159817351598
 20
-13447.488584474884
 10
-1673.1898238747551
 20
-13509.458577951726
 10
-1673.1898238747551
 20
-13819.30854533594
 10
-1611.2198303979123
 20
-13819.30854533594
 10
-1611.2198303979123
 20
-13323.548597521198
 10
-1425.309849967384
 20
-13261.578604044355
 10
-1239.3998695368557
 20
-13447.488584474884
 10
-1301.3698630136985
 20
-13633.398564905412
 10
-1239.3998695368557
 20
-13695.368558382255
 10
-1239.3998695368557
 20
-13881.278538812783
 10
-1239.3998695368557
 20
-13261.578604044355
 10
-1115.4598825831702
 20
-13075.668623613827
 10
-991.5198956294845
 20
-13075.668623613827
 10
-929.5499021526417
 20
-13199.608610567513
 10
-1053.4898891063274
 20
-13261.578604044355
 10
-1053.4898891063274
 20
-13695.368558382255
 10
-1115.4598825831702
 20
-13819.30854533594
 10
-1053.4898891063274
 20
-13881.278538812783
 10
-929.5499021526417
 20
-13819.30854533594
 10
-681.6699282452706
 20
-13881.278538812783
 10
-619.6999347684279
 20
-13819.30854533594
 10
-681.6699282452706
 20
-13695.368558382255
 10
-619.6999347684279
 20
-13509.458577951726
 10
-681.6699282452706
 20
-13447.488584474884
 10
-681.6699282452706
 20
-13261.578604044355
 10
-743.6399217221134
 20
-13261.578604044355
 10
-805.6099151989562
 20
-13137.63861709067
 10
-619.6999347684279
 20
-13075.668623613827
 10
-619.6999347684279
 20
-12827.788649706456
 10
-743.6399217221134
 20
-12827.788649706456
 10
-991.5198956294845
 20
-12641.878669275928
 10
-1053.4898891063274
 20
-12765.818656229612
 10
-1239.3998695368557
 20
-12765.818656229612
 10
-1301.3698630136985
 20
-12827.788649706456
 10
-1239.3998695368557
 20
-13137.63861709067
 10
-1363.3398564905413
 20
-13199.608610567513
 10
-1549.2498369210696
 20
-13013.698630136983
 10
-1549.2498369210696
 20
-12951.728636660142
 10
-1425.309849967384
 20
-12889.758643183299
 10
-1487.2798434442268
 20
-12827.788649706456
 10
-1611.2198303979123
 20
-12951.728636660142
 10
-1673.1898238747551
 20
-12889.758643183299
  0
LWPOLYLINE
  5
44
330
17
100
AcDbEntity
  8
RASTER_CONTOURS
100
AcDbPolyline
 90
33
 70
1
 10
-4771.689497716894
 20
-12641.878669275928
 10
-4833.659491193737
 20
-12703.84866275277
 10
-4709.719504240052
 20
-12765.818656229612
 10
-4647.7495107632085
 20
-12703.84866275277
 10
-4523.809523809523
 20
-12765.818656229612
 10
-4337.899543378995
 20
-12703.84866275277
 10
-4213.9595564253095
 20
-12889.758643183299
 10
-4275.929549902152
 20
-12951.728636660142
 10
-4771.689497716894
 20
-12951.728636660142
 10
-4771.689497716894
 20
-13695.368558382255
 10
-4833.659491193737
 20
-13819.30854533594
 10
-4771.689497716894
 20
-13881.278538812783
 10
-4585.779517286366
 20
-13757.338551859097
 10
-4461.839530332681
 20
-13819.30854533594
 10
-4337.899543378995
 20
-13757.338551859097
 10
-3966.079582517938
 20
-13819.30854533594
 10
-3904.109589041095
 20
-13757.338551859097
 10
-3656.229615133724
 20
-13881.278538812783
 10
-3656.229615133724
 20
-13013.698630136983
 10
-3718.199608610567
 20
-12951.728636660142
 10
-4090.0195694716235
 20
-12951.728636660142
 10
-4151.989562948466
 20
-12827.788649706456
 10
-4028.0495759947808
 20
-12703.84866275277
 10
-3904.109589041095
 20
-12765.818656229612
 10
-3656.229615133724
 20
-12765.818656229612
 10
-3594.2596216568813
 20
-12703.84866275277
 10
-3656.229615133724
 20
-12641.878669275928
 10
-3780.1696020874097
 20
-12703.84866275277
 10
-3842.1395955642524
 20
-12641.878669275928
 10
-3966.079582517938
 20
-12703.84866275277
 10
-4028.0495759947808
 20
-12641.878669275928
 10
-4213.9595564253095
 20
-12703.84866275277
 10
-4337.899543378995
 20
-12641.878669275928
  0
LWPOLYLINE
  5
45
330
17
100
AcDbEntity
  8
RASTER_CONTOURS
100
AcDbPolyline
 90
31
 70
1
 10
-6320.939334637964
 20
-12641.878669275928
 10
-6320.939334637964
 20
-13819.30854533594
 10
-6196.999347684278
 20
-13757.338551859097
 10
-5763.209393346378
 20
-13757.338551859097
 10
-5639.269406392693
 20
-13881.278538812783
 10
-5453.359425962165
 20
-13509.458577951726
 10
-5453.359425962165
 20
-13199.608610567513
 10
-5329.4194390084795
 20
-13137.63861709067
 10
-5267.449445531636
 20
-13199.608610567513
 10
-5267.449445531636
 20
-13881.278538812783
 10
-5205.479452054794
 20
-13881.278538812783
 10
-5205.479452054794
 20
-13199.608610567513
 10
-5081.539465101108
 20
-13137.63861709067
 10
-5081.539465101108
 20
-13075.668623613827
 10
-5329.4194390084795
 20
-13075.668623613827
 10
-5453.359425962165
 20
-12951.728636660142
 10
-5453.359425962165
 20
-12827.788649706456
 10
-5143.509458577951
 20
-12641.878669275928
 10
-5205.479452054794
 20
-12579.908675799084
 10
-5639.269406392693
 20
-12703.84866275277
 10
-5763.209393346378
 20
-12951.728636660142
 10
-5887.149380300064
 20
-12765.818656229612
 10
-5825.179386823222
 20
-12703.84866275277
 10
-5887.149380300064
 20
-12579.908675799084
 10
-5887.149380300064
 20
-12889.758643183299
 10
-5949.119373776907
 20
-12951.728636660142
 10
-6073.059360730593
 20
-12703.84866275277
 10
-6011.0893672537495
 20
-12889.758643183299
 10
-6196.999347684278
 20
-13013.698630136983
 10
-6258.969341161121
 20
-12951.728636660142
 10
-6258.969341161121
 20
-12641.878669275928
  0
LWPOLYLINE
  5
46
330
17
100
AcDbEntity
  8
RASTER_CONTOURS
100
AcDbPolyline
 90
8
 70
1
 10
46291.58512720156
 20
-9977.168949771687
 10
46415.52511415524
 20
-9853.228962818002
 10
48088.714938029996
 20
-9853.228962818002
 10
48212.65492498368
 20
-9977.168949771687
 10
48212.65492498368
 20
-11216.568819308543
 10
48150.68493150684
 20
-11278.538812785386
 10
46415.52511415524
 20
-11278.538812785386
 10
46291.58512720156
 20
-11154.598825831701
  0
LWPOLYLINE
  5
47
330
17
100
AcDbEntity
  8
RASTER_CONTOURS
100
AcDbPolyline
 90
12
 70
1
 10
40590.345727332024
 20
-9915.198956294846
 10
40714.28571428571
 20
-9791.25896934116
 10
44556.42530984996
 20
-9791.25896934116
 10
44618.395303326804
 20
-9853.228962818002
 10
45547.945205479446
 20
-9853.228962818002
 10
45609.91519895629
 20
-9915.198956294846
 10
45609.91519895629
 20
-11154.598825831701
 10
45424.00521852576
 20
-11278.538812785386
 10
45114.15525114154
 20
-11278.538812785386
 10
45052.1852576647
 20
-11216.568819308543
 10
40652.31572080887
 20
-11216.568819308543
 10
40590.345727332024
 20
-11154.598825831701
  0
LWPOLYLINE
  5
48
330
17
100
AcDbEntity
  8
RASTER_CONTOURS
100
AcDbPolyline
 90
8
 70
1
 10
34827.13633398564
 20
-9853.228962818002
 10
34889.10632746248
 20
-9791.25896934116
 10
39784.73581213307
 20
-9791.25896934116
 10
39846.705805609905
 20
-9853.228962818002
 10
39846.705805609905
 20
-11154.598825831701
 10
39784.73581213307
 20
-11216.568819308543
 10
34951.076320939326
 20
-11216.568819308543
 10
34827.13633398564
 20
-11092.628832354858
  0
LWPOLYLINE
  5
49
330
17
100
AcDbEntity
  8
RASTER_CONTOURS
100
AcDbPolyline
 90
13
 70
1
 10
46291.58512720156
 20
-9853.228962818002
 10
46291.58512720156
 20
-11154.598825831701
 10
46229.615133724714
 20
-11216.568819308543
 10
46415.52511415524
 20
-11340.508806262229
 10
46601.43509458577
 20
-11278.538812785386
 10
46663.40508806262
 20
-11340.508806262229
 10
48212.65492498368
 20
-11340.508806262229
 10
48274.624918460526
 20
-11154.598825831701
 10
48212.65492498368
 20
-10968.688845401171
 10
48212.65492498368
 20
-9853.228962818002
 10
47592.95499021526
 20
-9853.228962818002
 10
47530.984996738414
 20
-9791.25896934116
 10
46353.5551206784
 20
-9791.25896934116
  0
LWPOLYLINE
  5
4A
330
17
100
AcDbEntity
  8
RASTER_CONTOURS
100
AcDbPolyline
 90
22
 70
1
 10
29063.926940639263
 20
-9853.228962818002
 10
29187.86692759295
 20
-9729.288975864316
 10
33959.55642530984
 20
-9729.288975864316
 10
34083.49641226353
 20
-9853.228962818002
 10
34083.49641226353
 20
-11092.628832354858
 10
33835.616438356155
 20
-11216.568819308543
 10
33773.64644487931
 20
-11154.598825831701
 10
33711.676451402476
 20
-11216.568819308543
 10
33277.88649706457
 20
-11216.568819308543
 10
33215.91650358773
 20
-11154.598825831701
 10
32596.2165688193
 20
-11154.598825831701
 10
32534.24657534246
 20
-11216.568819308543
 10
32100.45662100456
 20
-11216.568819308543
 10
32038.486627527716
 20
-11154.598825831701
 10
31728.636660143504
 20
-11154.598825831701
 10
31666.66666666666
 20
-11216.568819308543
 10
31542.726679712974
 20
-11154.598825831701
 10
31418.78669275929
 20
-11216.568819308543
 10
31108.936725375075
 20
-11216.568819308543
 10
31046.966731898232
 20
-11154.598825831701
 10
29187.86692759295
 20
-11154.598825831701
 10
29063.926940639263
 20
-11030.658838878015
  0
LWPOLYLINE
  5
4B
330
17
100
AcDbEntity
  8
RASTER_CONTOURS
100
AcDbPolyline
 90
15
 70
1
 10
40528.37573385518
 20
-9791.25896934116
 10
40528.37573385518
 20
-11216.568819308543
 10
40590.345727332024
 20
-11278.538812785386
 10
45609.91519895629
 20
-11278.538812785386
 10
45671.88519243313
 20
-11216.568819308543
 10
45671.88519243313
 20
-10534.898891063272
 10
45609.91519895629
 20
-10472.92889758643
 10
45671.88519243313
 20
-10348.988910632745
 10
45671.88519243313
 20
-9853.228962818002
 10
45609.91519895629
 20
-9791.25896934116
 10
41829.745596868874
 20
-9791.25896934116
 10
41767.77560339204
 20
-9729.288975864316
 10
40900.19569471623
 20
-9729.288975864316
 10
40838.22570123939
 20
-9791.25896934116
 10
40652.31572080887
 20
-9729.288975864316
  0
LWPOLYLINE
  5
4C
330
17
100
AcDbEntity
  8
RASTER_CONTOURS
100
AcDbPolyline
 90
13
 70
1
 10
34765.1663405088
 20
-9791.25896934116
 10
34765.1663405088
 20
-11154.598825831701
 10
34827.13633398564
 20
-11216.568819308543
 10
36686.23613829093
 20
-11216.568819308543
 10
36748.20613176777
 20
-11278.538812785386
 10
36872.14611872145
 20
-11216.568819308543
 10
37181.99608610567
 20
-11216.568819308543
 10
37243.96607958251
 20
-11278.538812785386
 10
39846.705805609905
 20
-11278.538812785386
 10
39908.67579908675
 20
-11216.568819308543
 10
39908.67579908675
 20
-9791.25896934116
 10
39846.705805609905
 20
-9729.288975864316
 10
34827.13633398564
 20
-9729.288975864316
  0
LWPOLYLINE
  5
4D
330
17
100
AcDbEntity
  8
RASTER_CONTOURS
100
AcDbPolyline
 90
13
 70
1
 10
23300.717547292887
 20
-9791.25896934116
 10
23424.65753424657
 20
-9667.318982387475
 10
25407.69732550554
 20
-9667.318982387475
 10
25469.66731898238
 20
-9729.288975864316
 10
25655.57729941291
 20
-9667.318982387475
 10
28072.40704500978
 20
-9667.318982387475
 10
28382.257012393995
 20
-9791.25896934116
 10
28382.257012393995
 20
-11030.658838878015
 10
28258.31702544031
 20
-11154.598825831701
 10
27328.767123287667
 20
-11154.598825831701
 10
27266.797129810824
 20
-11092.628832354858
 10
23424.65753424657
 20
-11092.628832354858
 10
23300.717547292887
 20
-10968.688845401171
  0
LWPOLYLINE
  5
4E
330
17
100
AcDbEntity
  8
RASTER_CONTOURS
100
AcDbPolyline
 90
10
 70
1
 10
17537.508153946506
 20
-9853.228962818002
 10
17661.448140900193
 20
-9667.318982387475
 10
22495.10763209393
 20
-9667.318982387475
 10
22619.047619047615
 20
-9791.25896934116
 10
22619.047619047615
 20
-11030.658838878015
 10
22557.07762557077
 20
-11092.628832354858
 10
17661.448140900193
 20
-11092.628832354858
 10
17537.508153946506
 20
-10968.688845401171
 10
17599.47814742335
 20
-10844.748858447487
 10
17537.508153946506
 20
-10782.778864970644
  0
LWPOLYLINE
  5
4F
330
17
100
AcDbEntity
  8
RASTER_CONTOURS
100
AcDbPolyline
 90
15
 70
1
 10
29063.926940639263
 20
-9729.288975864316
 10
29063.926940639263
 20
-11030.658838878015
 10
29001.95694716242
 20
-11092.628832354858
 10
29125.896934116106
 20
-11216.568819308543
 10
34083.49641226353
 20
-11216.568819308543
 10
34145.46640574037
 20
-11154.598825831701
 10
34145.46640574037
 20
-9791.25896934116
 10
34083.49641226353
 20
-9729.288975864316
 10
30365.296803652964
 20
-9729.288975864316
 10
30303.32681017612
 20
-9667.318982387475
 10
29683.626875407692
 20
-9667.318982387475
 10
29621.65688193085
 20
-9729.288975864316
 10
29497.716894977162
 20
-9667.318982387475
 10
29311.806914546636
 20
-9729.288975864316
 10
29125.896934116106
 20
-9667.318982387475
  0
LWPOLYLINE
  5
50
330
17
100
AcDbEntity
  8
RASTER_CONTOURS
100
AcDbPolyline
 90
10
 70
1
 10
13199.608610567513
 20
-9791.25896934116
 10
13323.548597521198
 20
-9605.348988910631
 10
16360.078277886494
 20
-9605.348988910631
 10
16422.048271363336
 20
-9667.318982387475
 10
16793.868232224395
 20
-9667.318982387475
 10
16855.838225701238
 20
-9729.288975864316
 10
16855.838225701238
 20
-10968.688845401171
 10
16669.92824527071
 20
-11092.628832354858
 10
13323.548597521198
 20
-11030.658838878015
 10
13199.608610567513
 20
-10844.748858447487
  0
LWPOLYLINE
  5
51
330
17
100
AcDbEntity
  8
RASTER_CONTOURS
100
AcDbPolyline
 90
8
 70
1
 10
9109.58904109589
 20
-9667.318982387475
 10
9171.559034572732
 20
-9605.348988910631
 10
12641.878669275928
 20
-9605.348988910631
 10
12703.84866275277
 20
-9667.318982387475
 10
12703.84866275277
 20
-10968.688845401171
 10
12641.878669275928
 20
-11030.658838878015
 10
9171.559034572732
 20
-11030.658838878015
 10
9109.58904109589
 20
-10968.688845401171
  0
LWPOLYLINE
  5
52
330
17
100
AcDbEntity
  8
RASTER_CONTOURS
100
AcDbPolyline
 90
11
 70
1
 10
23300.717547292887
 20
-9667.318982387475
 10
23300.717547292887
 20
-10782.778864970644
 10
23238.747553816043
 20
-10844.748858447487
 10
23300.717547292887
 20
-11154.598825831701
 10
28196.347031963465
 20
-11154.598825831701
 10
28258.31702544031
 20
-11216.568819308543
 10
28444.22700587084
 20
-11154.598825831701
 10
28444.22700587084
 20
-9729.288975864316
 10
28382.257012393995
 20
-9667.318982387475
 10
23672.537508153942
 20
-9667.318982387475
 10
23610.5675146771
 20
-9605.348988910631
  0
LWPOLYLINE
  5
53
330
17
100
AcDbEntity
  8
RASTER_CONTOURS
100
AcDbPolyline
 90
14
 70
1
 10
17537.508153946506
 20
-9667.318982387475
 10
17537.508153946506
 20
-11092.628832354858
 10
17723.418134377036
 20
-11154.598825831701
 10
22619.047619047615
 20
-11154.598825831701
 10
22681.017612524458
 20
-11030.658838878015
 10
22619.047619047615
 20
-10906.71885192433
 10
22681.017612524458
 20
-10782.778864970644
 10
22619.047619047615
 20
-10596.868884540116
 10
22681.017612524458
 20
-10472.92889758643
 10
22681.017612524458
 20
-9729.288975864316
 10
22619.047619047615
 20
-9667.318982387475
 10
22433.137638617085
 20
-9667.318982387475
 10
22371.167645140245
 20
-9605.348988910631
 10
17599.47814742335
 20
-9605.348988910631
  0
LWPOLYLINE
  5
54
330
17
100
AcDbEntity
  8
RASTER_CONTOURS
100
AcDbPolyline
 90
10
 70
1
 10
4709.719504240052
 20
-9667.318982387475
 10
4833.659491193737
 20
-9543.378995433788
 10
5515.329419439007
 20
-9543.378995433788
 10
5577.299412915851
 20
-9605.348988910631
 10
8303.979125896933
 20
-9605.348988910631
 10
8365.949119373776
 20
-9667.318982387475
 10
8365.949119373776
 20
-10968.688845401171
 10
8303.979125896933
 20
-11030.658838878015
 10
4833.659491193737
 20
-11030.658838878015
 10
4709.719504240052
 20
-10906.71885192433
  0
LWPOLYLINE
  5
55
330
17
100
AcDbEntity
  8
RASTER_CONTOURS
100
AcDbPolyline
 90
8
 70
1
 10
557.7299412915851
 20
-9605.348988910631
 10
619.6999347684279
 20
-9543.378995433788
 10
4090.0195694716235
 20
-9543.378995433788
 10
4275.929549902152
 20
-9667.318982387475
 10
4275.929549902152
 20
-10906.71885192433
 10
4213.9595564253095
 20
-10968.688845401171
 10
619.6999347684279
 20
-10968.688845401171
 10
495.75994781474225
 20
-10720.8088714938
  0
LWPOLYLINE
  5
56
330
17
100
AcDbEntity
  8
RASTER_CONTOURS
100
AcDbPolyline
 90
8
 70
1
 10
-2912.589693411611
 20
-9605.348988910631
 10
-2850.619699934768
 20
-9543.378995433788
 10
-247.87997390737112
 20
-9543.378995433788
 10
-185.90998043052835
 20
-9605.348988910631
 10
-185.90998043052835
 20
-10906.71885192433
 10
-247.87997390737112
 20
-10968.688845401171
 10
-2788.6497064579253
 20
-10968.688845401171
 10
-2912.589693411611
 20
-10844.748858447487
  0
LWPOLYLINE
  5
57
330
17
100
AcDbEntity
  8
RASTER_CONTOURS
100
AcDbPolyline
 90
8
 70
1
 10
13199.608610567513
 20
-9605.348988910631
 10
13199.608610567513
 20
-11092.628832354858
 10
16917.808219178078
 20
-11092.628832354858
 10
16917.808219178078
 20
-9667.318982387475
 10
16855.838225701238
 20
-9605.348988910631
 10
14624.918460534896
 20
-9605.348988910631
 10
14562.948467058053
 20
-9543.378995433788
 10
13261.578604044355
 20
-9543.378995433788
  0
LWPOLYLINE
  5
58
330
17
100
AcDbEntity
  8
RASTER_CONTOURS
100
AcDbPolyline
 90
6
 70
1
 10
9047.619047619046
 20
-9605.348988910631
 10
9047.619047619046
 20
-11092.628832354858
 10
12765.818656229612
 20
-11092.628832354858
 10
12765.818656229612
 20
-9605.348988910631
 10
12703.84866275277
 20
-9543.378995433788
 10
9109.58904109589
 20
-9543.378995433788
  0
LWPOLYLINE
  5
59
330
17
100
AcDbEntity
  8
RASTER_CONTOURS
100
AcDbPolyline
 90
13
 70
1
 10
4647.7495107632085
 20
-9605.348988910631
 10
4647.7495107632085
 20
-9853.228962818002
 10
4709.719504240052
 20
-9915.198956294846
 10
4647.7495107632085
 20
-10039.13894324853
 10
4647.7495107632085
 20
-10968.688845401171
 10
4709.719504240052
 20
-11030.658838878015
 10
6382.909328114806
 20
-11030.658838878015
 10
6444.879321591649
 20
-11092.628832354858
 10
8365.949119373776
 20
-11092.628832354858
 10
8427.919112850619
 20
-11030.658838878015
 10
8427.919112850619
 20
-9605.348988910631
 10
8365.949119373776
 20
-9543.378995433788
 10
4709.719504240052
 20
-9543.378995433788
  0
LWPOLYLINE
  5
5A
330
17
100
AcDbEntity
  8
RASTER_CONTOURS
100
AcDbPolyline
 90
11
 70
1
 10
495.75994781474225
 20
-9543.378995433788
 10
495.75994781474225
 20
-11030.658838878015
 10
4275.929549902152
 20
-11030.658838878015
 10
4337.899543378995
 20
-10906.71885192433
 10
4275.929549902152
 20
-10844.748858447487
 10
4275.929549902152
 20
-9977.168949771687
 10
4337.899543378995
 20
-9915.198956294846
 10
4275.929549902152
 20
-9543.378995433788
 10
3346.3796477495102
 20
-9543.378995433788
 10
3284.4096542726675
 20
-9481.409001956945
 10
557.7299412915851
 20
-9481.409001956945
  0
LWPOLYLINE
  5
5B
330
17
100
AcDbEntity
  8
RASTER_CONTOURS
100
AcDbPolyline
 90
8
 70
1
 10
-2974.5596868884536
 20
-9543.378995433788
 10
-2974.5596868884536
 20
-10968.688845401171
 10
-2912.589693411611
 20
-11030.658838878015
 10
-185.90998043052835
 20
-11030.658838878015
 10
-123.93998695368556
 20
-10968.688845401171
 10
-123.93998695368556
 20
-9543.378995433788
 10
-185.90998043052835
 20
-9481.409001956945
 10
-2912.589693411611
 20
-9481.409001956945
  0
LWPOLYLINE
  5
5C
330
17
100
AcDbEntity
  8
RASTER_CONTOURS
100
AcDbPolyline
 90
6
 70
1
 10
36128.50619699934
 20
-8303.979125896933
 10
36190.47619047618
 20
-8242.00913242009
 10
36438.35616438356
 20
-8242.00913242009
 10
36500.3261578604
 20
-8365.949119373776
 10
36438.35616438356
 20
-8427.919112850619
 10
36190.47619047618
 20
-8427.919112850619
  0
LWPOLYLINE
  5
5D
330
17
100
AcDbEntity
  8
RASTER_CONTOURS
100
AcDbPolyline
 90
6
 70
1
 10
12022.178734507499
 20
-8118.069145466405
 10
12084.148727984342
 20
-8180.039138943247
 10
12084.148727984342
 20
-9233.529028049574
 10
12022.178734507499
 20
-9295.499021526417
 10
11960.208741030658
 20
-9233.529028049574
 10
11960.208741030658
 20
-8180.039138943247
  0
LWPOLYLINE
  5
5E
330
17
100
AcDbEntity
  8
RASTER_CONTOURS
100
AcDbPolyline
 90
6
 70
1
 10
36066.5362035225
 20
-7870.189171559033
 10
36252.44618395303
 20
-7932.159165035876
 10
36252.44618395303
 20
-8118.069145466405
 10
36190.47619047618
 20
-8180.039138943247
 10
36066.5362035225
 20
-8180.039138943247
 10
35942.59621656881
 20
-8056.0991519895615
  0
LWPOLYLINE
  5
5F
330
17
100
AcDbEntity
  8
RASTER_CONTOURS
100
AcDbPolyline
 90
18
 70
1
 10
45424.00521852576
 20
-7746.249184605347
 10
45362.035225048916
 20
-7808.21917808219
 10
45424.00521852576
 20
-7870.189171559033
 10
45424.00521852576
 20
-8365.949119373776
 10
45362.035225048916
 20
-8551.859099804304
 10
45609.91519895629
 20
-8613.829093281147
 10
45795.82517938682
 20
-8427.919112850619
 10
45981.73515981734
 20
-8427.919112850619
 10
46043.705153294184
 20
-8489.88910632746
 10
45919.7651663405
 20
-8551.859099804304
 10
45919.7651663405
 20
-8613.829093281147
 10
46043.705153294184
 20
-8613.829093281147
 10
46167.64514024787
 20
-8242.00913242009
 10
46105.67514677103
 20
-8180.039138943247
 10
46105.67514677103
 20
-7870.189171559033
 10
46167.64514024787
 20
-7808.21917808219
 10
46043.705153294184
 20
-7746.249184605347
 10
45981.73515981734
 20
-7808.21917808219
  0
LWPOLYLINE
  5
60
330
17
100
AcDbEntity
  8
RASTER_CONTOURS
100
AcDbPolyline
 90
17
 70
1
 10
44432.485322896275
 20
-7746.249184605347
 10
44370.51532941943
 20
-7808.21917808219
 10
44432.485322896275
 20
-7870.189171559033
 10
44370.51532941943
 20
-7932.159165035876
 10
44432.485322896275
 20
-8056.0991519895615
 10
44370.51532941943
 20
-8118.069145466405
 10
44370.51532941943
 20
-8427.919112850619
 10
44308.54533594259
 20
-8551.859099804304
 10
44618.395303326804
 20
-8613.829093281147
 10
44866.27527723417
 20
-8489.88910632746
 10
45052.1852576647
 20
-8613.829093281147
 10
45114.15525114154
 20
-8551.859099804304
 10
45114.15525114154
 20
-8180.039138943247
 10
45176.125244618386
 20
-8118.069145466405
 10
45114.15525114154
 20
-7870.189171559033
 10
45176.125244618386
 20
-7808.21917808219
 10
45114.15525114154
 20
-7746.249184605347
  0
LWPOLYLINE
  5
61
330
17
100
AcDbEntity
  8
RASTER_CONTOURS
100
AcDbPolyline
 90
15
 70
1
 10
36996.08610567514
 20
-7684.279191128505
 10
36934.116112198295
 20
-7808.21917808219
 10
36810.17612524461
 20
-7870.189171559033
 10
36872.14611872145
 20
-8489.88910632746
 10
36934.116112198295
 20
-8551.859099804304
 10
37120.026092628825
 20
-8551.859099804304
 10
37367.9060665362
 20
-8427.919112850619
 10
37553.81604696673
 20
-8551.859099804304
 10
37677.756033920414
 20
-8551.859099804304
 10
37677.756033920414
 20
-7994.129158512719
 10
37615.78604044357
 20
-7932.159165035876
 10
37677.756033920414
 20
-7808.21917808219
 10
37615.78604044357
 20
-7746.249184605347
 10
37120.026092628825
 20
-7808.21917808219
 10
37058.05609915198
 20
-7684.279191128505
  0
LWPOLYLINE
  5
62
330
17
100
AcDbEntity
  8
RASTER_CONTOURS
100
AcDbPolyline
 90
17
 70
1
 10
35942.59621656881
 20
-7808.21917808219
 10
35880.62622309197
 20
-8489.88910632746
 10
35942.59621656881
 20
-8427.919112850619
 10
36004.566210045654
 20
-8489.88910632746
 10
36438.35616438356
 20
-8489.88910632746
 10
36500.3261578604
 20
-8551.859099804304
 10
36562.29615133724
 20
-8489.88910632746
 10
36562.29615133724
 20
-8242.00913242009
 10
36500.3261578604
 20
-8180.039138943247
 10
36562.29615133724
 20
-7994.129158512719
 10
36376.38617090671
 20
-7932.159165035876
 10
36500.3261578604
 20
-7808.21917808219
 10
36562.29615133724
 20
-7870.189171559033
 10
36624.266144814086
 20
-7808.21917808219
 10
36562.29615133724
 20
-7746.249184605347
 10
36500.3261578604
 20
-7808.21917808219
 10
36314.41617742987
 20
-7684.279191128505
  0
LWPOLYLINE
  5
63
330
17
100
AcDbEntity
  8
RASTER_CONTOURS
100
AcDbPolyline
 90
5
 70
1
 10
12517.938682322241
 20
-7622.309197651662
 10
12703.84866275277
 20
-7808.21917808219
 10
12579.908675799084
 20
-7994.129158512719
 10
12393.998695368557
 20
-7932.159165035876
 10
12393.998695368557
 20
-7746.249184605347
  0
LWPOLYLINE
  5
64
330
17
100
AcDbEntity
  8
RASTER_CONTOURS
100
AcDbPolyline
 90
13
 70
1
 10
13385.518590998041
 20
-7498.369210697976
 10
13199.608610567513
 20
-7746.249184605347
 10
13261.578604044355
 20
-7870.189171559033
 10
13261.578604044355
 20
-8303.979125896933
 10
13447.488584474884
 20
-8303.979125896933
 10
13509.458577951726
 20
-8365.949119373776
 10
13695.368558382255
 20
-8303.979125896933
 10
13757.338551859097
 20
-8180.039138943247
 10
13819.30854533594
 20
-8303.979125896933
 10
14067.188519243311
 20
-8365.949119373776
 10
14067.188519243311
 20
-7622.309197651662
 10
14005.218525766468
 20
-7560.339204174819
 10
13571.428571428569
 20
-7622.309197651662
  0
LWPOLYLINE
  5
65
330
17
100
AcDbEntity
  8
RASTER_CONTOURS
100
AcDbPolyline
 90
19
 70
1
 10
13075.668623613827
 20
-7622.309197651662
 10
12703.84866275277
 20
-7498.369210697976
 10
12641.878669275928
 20
-7560.339204174819
 10
12393.998695368557
 20
-7560.339204174819
 10
12332.028701891713
 20
-7622.309197651662
 10
12332.028701891713
 20
-8180.039138943247
 10
12270.05870841487
 20
-8303.979125896933
 10
12393.998695368557
 20
-8242.00913242009
 10
12517.938682322241
 20
-8365.949119373776
 10
12579.908675799084
 20
-8303.979125896933
 10
12889.758643183299
 20
-8303.979125896933
 10
12951.728636660142
 20
-8365.949119373776
 10
13013.698630136983
 20
-8303.979125896933
 10
13013.698630136983
 20
-8056.0991519895615
 10
12827.788649706456
 20
-7932.159165035876
 10
13013.698630136983
 20
-7870.189171559033
 10
12889.758643183299
 20
-7808.21917808219
 10
12827.788649706456
 20
-7684.279191128505
 10
12889.758643183299
 20
-7622.309197651662
  0
LWPOLYLINE
  5
66
330
17
100
AcDbEntity
  8
RASTER_CONTOURS
100
AcDbPolyline
 90
16
 70
1
 10
1735.159817351598
 20
-7436.399217221134
 10
1797.1298108284407
 20
-7808.21917808219
 10
1673.1898238747551
 20
-8242.00913242009
 10
1859.0998043052834
 20
-7932.159165035876
 10
1983.039791258969
 20
-7994.129158512719
 10
1859.0998043052834
 20
-8242.00913242009
 10
2106.9797782126548
 20
-8056.0991519895615
 10
2292.889758643183
 20
-8118.069145466405
 10
2168.9497716894975
 20
-8242.00913242009
 10
2292.889758643183
 20
-8303.979125896933
 10
2416.8297455968686
 20
-8242.00913242009
 10
2416.8297455968686
 20
-7994.129158512719
 10
2478.7997390737114
 20
-7932.159165035876
 10
2416.8297455968686
 20
-7870.189171559033
 10
2416.8297455968686
 20
-7560.339204174819
 10
2478.7997390737114
 20
-7436.399217221134
  0
LWPOLYLINE
  5
67
330
17
100
AcDbEntity
  8
RASTER_CONTOURS
100
AcDbPolyline
 90
14
 70
1
 10
805.6099151989562
 20
-7374.4292237442905
 10
743.6399217221134
 20
-7436.399217221134
 10
681.6699282452706
 20
-8242.00913242009
 10
743.6399217221134
 20
-8180.039138943247
 10
867.579908675799
 20
-8242.00913242009
 10
1115.4598825831702
 20
-8180.039138943247
 10
1239.3998695368557
 20
-7994.129158512719
 10
1301.3698630136985
 20
-8056.0991519895615
 10
1239.3998695368557
 20
-8242.00913242009
 10
1425.309849967384
 20
-8242.00913242009
 10
1425.309849967384
 20
-7870.189171559033
 10
1487.2798434442268
 20
-7808.21917808219
 10
1425.309849967384
 20
-7560.339204174819
 10
1487.2798434442268
 20
-7436.399217221134
  0
LWPOLYLINE
  5
68
330
17
100
AcDbEntity
  8
RASTER_CONTOURS
100
AcDbPolyline
 90
10
 70
1
 10
42449.445531637306
 20
-6878.669275929548
 10
42573.38551859099
 20
-6692.7592954990205
 10
46973.255055446825
 20
-6692.7592954990205
 10
47035.22504892367
 20
-6754.729288975863
 10
48088.714938029996
 20
-6754.729288975863
 10
48150.68493150684
 20
-6816.699282452706
 10
48150.68493150684
 20
-9233.529028049574
 10
48026.74494455315
 20
-9357.46901500326
 10
42573.38551859099
 20
-9295.499021526417
 10
42449.445531637306
 20
-9171.559034572732
  0
LWPOLYLINE
  5
69
330
17
100
AcDbEntity
  8
RASTER_CONTOURS
100
AcDbPolyline
 90
10
 70
1
 10
24416.177429876057
 20
-6754.729288975863
 10
24478.147423352897
 20
-6692.7592954990205
 10
27080.887149380294
 20
-6692.7592954990205
 10
27142.857142857138
 20
-6754.729288975863
 10
27142.857142857138
 20
-9295.499021526417
 10
27018.91715590345
 20
-9419.439008480103
 10
24478.147423352897
 20
-9419.439008480103
 10
24354.207436399214
 20
-9295.499021526417
 10
24354.207436399214
 20
-7064.579256360077
 10
24416.177429876057
 20
-7002.609262883234
  0
LWPOLYLINE
  5
6A
330
17
100
AcDbEntity
  8
RASTER_CONTOURS
100
AcDbPolyline
 90
23
 70
1
 10
-2850.619699934768
 20
-6382.909328114806
 10
-2726.6797129810825
 20
-6258.969341161121
 10
3594.2596216568813
 20
-6258.969341161121
 10
3656.229615133724
 20
-6320.939334637964
 10
3842.1395955642524
 20
-6320.939334637964
 10
3904.109589041095
 20
-6258.969341161121
 10
4275.929549902152
 20
-6258.969341161121
 10
4337.899543378995
 20
-6320.939334637964
 10
4523.809523809523
 20
-6258.969341161121
 10
4585.779517286366
 20
-6320.939334637964
 10
5949.119373776907
 20
-6320.939334637964
 10
6073.059360730593
 20
-6444.879321591649
 10
6073.059360730593
 20
-7436.399217221134
 10
6011.0893672537495
 20
-7498.369210697976
 10
6073.059360730593
 20
-7684.279191128505
 10
6073.059360730593
 20
-8056.0991519895615
 10
6011.0893672537495
 20
-8180.039138943247
 10
6073.059360730593
 20
-8242.00913242009
 10
6011.0893672537495
 20
-8303.979125896933
 10
6011.0893672537495
 20
-8923.679060665361
 10
5949.119373776907
 20
-8985.649054142203
 10
-2726.6797129810825
 20
-8985.649054142203
 10
-2850.619699934768
 20
-8861.709067188518
  0
LWPOLYLINE
  5
6B
330
17
100
AcDbEntity
  8
RASTER_CONTOURS
100
AcDbPolyline
 90
41
 70
1
 10
27328.767123287667
 20
-6692.7592954990205
 10
27452.70711024135
 20
-6568.819308545335
 10
29559.686888454005
 20
-6568.819308545335
 10
29621.65688193085
 20
-6630.789302022177
 10
30923.02674494455
 20
-6630.789302022177
 10
30984.99673842139
 20
-6692.7592954990205
 10
30984.99673842139
 20
-6320.939334637964
 10
31108.936725375075
 20
-6196.999347684278
 10
41210.04566210045
 20
-6196.999347684278
 10
41272.01565557729
 20
-6258.969341161121
 10
42201.56555772993
 20
-6258.969341161121
 10
42263.535551206776
 20
-6320.939334637964
 10
42263.535551206776
 20
-9419.439008480103
 10
42139.59556425309
 20
-9543.378995433788
 10
40714.28571428571
 20
-9543.378995433788
 10
40652.31572080887
 20
-9481.409001956945
 10
40280.49575994781
 20
-9481.409001956945
 10
40218.525766470964
 20
-9543.378995433788
 10
40032.615786040435
 20
-9543.378995433788
 10
39970.64579256359
 20
-9481.409001956945
 10
39784.73581213307
 20
-9543.378995433788
 10
37553.81604696673
 20
-9543.378995433788
 10
37491.846053489884
 20
-9481.409001956945
 10
37429.87606001304
 20
-9543.378995433788
 10
36624.266144814086
 20
-9543.378995433788
 10
36562.29615133724
 20
-9481.409001956945
 10
34889.10632746248
 20
-9481.409001956945
 10
34827.13633398564
 20
-9419.439008480103
 10
34579.256360078274
 20
-9419.439008480103
 10
34517.28636660143
 20
-9481.409001956945
 10
32596.2165688193
 20
-9481.409001956945
 10
32534.24657534246
 20
-9419.439008480103
 10
32286.36660143509
 20
-9419.439008480103
 10
32224.396607958246
 20
-9481.409001956945
 10
31046.966731898232
 20
-9481.409001956945
 10
30984.99673842139
 20
-9419.439008480103
 10
30861.056751467706
 20
-9481.409001956945
 10
29063.926940639263
 20
-9481.409001956945
 10
29001.95694716242
 20
-9419.439008480103
 10
27390.73711676451
 20
-9419.439008480103
 10
27328.767123287667
 20
-9357.46901500326
  0
LWPOLYLINE
  5
6C
330
17
100
AcDbEntity
  8
RASTER_CONTOURS
100
AcDbPolyline
 90
20
 70
1
 10
22123.287671232873
 20
-6196.999347684278
 10
22433.137638617085
 20
-6196.999347684278
 10
22495.10763209393
 20
-6258.969341161121
 10
23176.7775603392
 20
-6258.969341161121
 10
23238.747553816043
 20
-6196.999347684278
 10
23424.65753424657
 20
-6258.969341161121
 10
23610.5675146771
 20
-6196.999347684278
 10
23672.537508153942
 20
-6258.969341161121
 10
24106.32746249184
 20
-6258.969341161121
 10
24168.297455968685
 20
-6320.939334637964
 10
24168.297455968685
 20
-8985.649054142203
 10
24106.32746249184
 20
-9047.619047619046
 10
22123.287671232873
 20
-9047.619047619046
 10
21937.377690802343
 20
-8923.679060665361
 10
21937.377690802343
 20
-7746.249184605347
 10
21999.347684279186
 20
-7684.279191128505
 10
21937.377690802343
 20
-7560.339204174819
 10
21937.377690802343
 20
-6692.7592954990205
 10
21999.347684279186
 20
-6630.789302022177
 10
21999.347684279186
 20
-6320.939334637964
  0
LWPOLYLINE
  5
6D
330
17
100
AcDbEntity
  8
RASTER_CONTOURS
100
AcDbPolyline
 90
10
 70
1
 10
19644.48793215916
 20
-6196.999347684278
 10
21565.557729941287
 20
-6196.999347684278
 10
21627.52772341813
 20
-6258.969341161121
 10
21689.497716894974
 20
-6196.999347684278
 10
21813.43770384866
 20
-6320.939334637964
 10
21813.43770384866
 20
-9295.499021526417
 10
21689.497716894974
 20
-9419.439008480103
 10
19644.48793215916
 20
-9419.439008480103
 10
19520.547945205475
 20
-9295.499021526417
 10
19520.547945205475
 20
-6320.939334637964
  0
LWPOLYLINE
  5
6E
330
17
100
AcDbEntity
  8
RASTER_CONTOURS
100
AcDbPolyline
 90
12
 70
1
 10
17041.748206131764
 20
-6196.999347684278
 10
19272.667971298106
 20
-6196.999347684278
 10
19396.60795825179
 20
-6382.909328114806
 10
19396.60795825179
 20
-8242.00913242009
 10
19334.63796477495
 20
-8303.979125896933
 10
19334.63796477495
 20
-8923.679060665361
 10
19272.667971298106
 20
-8985.649054142203
 10
17041.748206131764
 20
-8985.649054142203
 10
16917.808219178078
 20
-8861.709067188518
 10
16917.808219178078
 20
-6816.699282452706
 10
16979.77821265492
 20
-6754.729288975863
 10
16917.808219178078
 20
-6444.879321591649
  0
LWPOLYLINE
  5
6F
330
17
100
AcDbEntity
  8
RASTER_CONTOURS
100
AcDbPolyline
 90
52
 70
1
 10
6258.969341161121
 20
-6506.849315068492
 10
6320.939334637964
 20
-6444.879321591649
 10
10410.958904109588
 20
-6444.879321591649
 10
10472.92889758643
 20
-6382.909328114806
 10
10472.92889758643
 20
-6135.029354207435
 10
10658.838878016959
 20
-6011.0893672537495
 10
11340.508806262229
 20
-6011.0893672537495
 10
11402.478799739072
 20
-6073.059360730593
 10
11526.418786692757
 20
-6011.0893672537495
 10
11650.358773646443
 20
-6073.059360730593
 10
12084.148727984342
 20
-6073.059360730593
 10
12146.118721461185
 20
-6011.0893672537495
 10
12270.05870841487
 20
-6073.059360730593
 10
12393.998695368557
 20
-6011.0893672537495
 10
12641.878669275928
 20
-6011.0893672537495
 10
12703.84866275277
 20
-6073.059360730593
 10
12889.758643183299
 20
-6011.0893672537495
 10
13199.608610567513
 20
-6011.0893672537495
 10
13261.578604044355
 20
-6073.059360730593
 10
13819.30854533594
 20
-6073.059360730593
 10
13881.278538812783
 20
-6011.0893672537495
 10
14067.188519243311
 20
-6073.059360730593
 10
14253.098499673839
 20
-6011.0893672537495
 10
14686.88845401174
 20
-6011.0893672537495
 10
14748.858447488581
 20
-6073.059360730593
 10
16669.92824527071
 20
-6073.059360730593
 10
16731.89823874755
 20
-6135.029354207435
 10
16731.89823874755
 20
-9233.529028049574
 10
16607.958251793865
 20
-9357.46901500326
 10
12208.088714938029
 20
-9357.46901500326
 10
12084.148727984342
 20
-9233.529028049574
 10
12084.148727984342
 20
-8056.0991519895615
 10
11960.208741030658
 20
-8056.0991519895615
 10
11960.208741030658
 20
-9233.529028049574
 10
11774.298760600128
 20
-9357.46901500326
 10
10782.778864970644
 20
-9357.46901500326
 10
10720.8088714938
 20
-9295.499021526417
 10
10534.898891063272
 20
-9295.499021526417
 10
10410.958904109588
 20
-8985.649054142203
 10
10348.988910632745
 20
-9109.58904109589
 10
10163.078930202217
 20
-9171.559034572732
 10
9357.46901500326
 20
-9171.559034572732
 10
9295.499021526417
 20
-9109.58904109589
 10
9295.499021526417
 20
-8180.039138943247
 10
9295.499021526417
 20
-9109.58904109589
 10
9233.529028049574
 20
-9171.559034572732
 10
8365.949119373776
 20
-9171.559034572732
 10
8303.979125896933
 20
-9109.58904109589
 10
8303.979125896933
 20
-8861.709067188518
 10
8242.00913242009
 20
-9047.619047619046
 10
6382.909328114806
 20
-9047.619047619046
 10
6258.969341161121
 20
-8923.679060665361
  0
LWPOLYLINE
  5
70
330
17
100
AcDbEntity
  8
RASTER_CONTOURS
100
AcDbPolyline
 90
14
 70
1
 10
42511.41552511415
 20
-4957.599478147423
 10
42573.38551859099
 20
-4895.62948467058
 10
45609.91519895629
 20
-4895.62948467058
 10
45671.88519243313
 20
-4957.599478147423
 10
45671.88519243313
 20
-5639.269406392693
 10
46291.58512720156
 20
-5639.269406392693
 10
46291.58512720156
 20
-4957.599478147423
 10
46353.5551206784
 20
-4895.62948467058
 10
48026.74494455315
 20
-4895.62948467058
 10
48150.68493150684
 20
-5019.569471624265
 10
48150.68493150684
 20
-6630.789302022177
 10
48088.714938029996
 20
-6692.7592954990205
 10
42573.38551859099
 20
-6630.789302022177
 10
42511.41552511415
 20
-6568.819308545335
  0
LWPOLYLINE
  5
71
330
17
100
AcDbEntity
  8
RASTER_CONTOURS
100
AcDbPolyline
 90
101
 70
1
 10
-2850.619699934768
 20
-5515.329419439007
 10
-2788.6497064579253
 20
-5453.359425962165
 10
-2788.6497064579253
 20
-4709.719504240052
 10
-2664.7097195042397
 20
-4585.779517286366
 10
-247.87997390737112
 20
-4647.7495107632085
 10
-123.93998695368556
 20
-4957.599478147423
 10
-123.93998695368556
 20
-5267.449445531636
 10
-185.90998043052835
 20
-5329.4194390084795
 10
-123.93998695368556
 20
-5391.389432485322
 10
495.75994781474225
 20
-5391.389432485322
 10
557.7299412915851
 20
-5329.4194390084795
 10
557.7299412915851
 20
-4647.7495107632085
 10
619.6999347684279
 20
-4585.779517286366
 10
2974.5596868884536
 20
-4585.779517286366
 10
3036.5296803652964
 20
-4647.7495107632085
 10
3036.5296803652964
 20
-5143.509458577951
 10
3594.2596216568813
 20
-5143.509458577951
 10
3594.2596216568813
 20
-4709.719504240052
 10
3656.229615133724
 20
-4647.7495107632085
 10
8303.979125896933
 20
-4647.7495107632085
 10
8365.949119373776
 20
-4709.719504240052
 10
8365.949119373776
 20
-5329.4194390084795
 10
8551.859099804304
 20
-5453.359425962165
 10
9047.619047619046
 20
-5453.359425962165
 10
9109.58904109589
 20
-5391.389432485322
 10
9109.58904109589
 20
-4771.689497716894
 10
9233.529028049574
 20
-4647.7495107632085
 10
13757.338551859097
 20
-4647.7495107632085
 10
13881.278538812783
 20
-4833.659491193737
 10
13881.278538812783
 20
-5019.569471624265
 10
13819.30854533594
 20
-5081.539465101108
 10
13881.278538812783
 20
-5205.479452054794
 10
14377.038486627525
 20
-5205.479452054794
 10
14439.008480104369
 20
-5081.539465101108
 10
14377.038486627525
 20
-5019.569471624265
 10
14439.008480104369
 20
-4895.62948467058
 10
14377.038486627525
 20
-4833.659491193737
 10
14500.97847358121
 20
-4647.7495107632085
 10
16731.89823874755
 20
-4647.7495107632085
 10
16855.838225701238
 20
-4771.689497716894
 10
16917.808219178078
 20
-5453.359425962165
 10
17537.508153946506
 20
-5453.359425962165
 10
17599.47814742335
 20
-5391.389432485322
 10
17599.47814742335
 20
-4771.689497716894
 10
17661.448140900193
 20
-4709.719504240052
 10
22433.137638617085
 20
-4709.719504240052
 10
22681.017612524458
 20
-4833.659491193737
 10
22681.017612524458
 20
-5515.329419439007
 10
23238.747553816043
 20
-5515.329419439007
 10
23300.717547292887
 20
-5391.389432485322
 10
23300.717547292887
 20
-4833.659491193737
 10
23362.68754076973
 20
-4771.689497716894
 10
28382.257012393995
 20
-4771.689497716894
 10
28444.22700587084
 20
-4833.659491193737
 10
28444.22700587084
 20
-5453.359425962165
 10
28816.046966731894
 20
-5577.299412915851
 10
29063.926940639263
 20
-5515.329419439007
 10
29001.95694716242
 20
-5329.4194390084795
 10
29063.926940639263
 20
-5267.449445531636
 10
29063.926940639263
 20
-4833.659491193737
 10
29125.896934116106
 20
-4771.689497716894
 10
33897.586431833
 20
-4771.689497716894
 10
34145.46640574037
 20
-4895.62948467058
 10
34145.46640574037
 20
-5577.299412915851
 10
34765.1663405088
 20
-5577.299412915851
 10
34765.1663405088
 20
-4957.599478147423
 10
35013.04631441617
 20
-4771.689497716894
 10
35075.01630789301
 20
-4833.659491193737
 10
39846.705805609905
 20
-4833.659491193737
 10
39908.67579908675
 20
-4895.62948467058
 10
39908.67579908675
 20
-5391.389432485322
 10
40032.615786040435
 20
-5639.269406392693
 10
40466.40574037834
 20
-5639.269406392693
 10
40528.37573385518
 20
-5577.299412915851
 10
40528.37573385518
 20
-5019.569471624265
 10
40652.31572080887
 20
-4833.659491193737
 10
42077.62557077625
 20
-4833.659491193737
 10
42263.535551206776
 20
-4957.599478147423
 10
42263.535551206776
 20
-6135.029354207435
 10
42201.56555772993
 20
-6196.999347684278
 10
30984.99673842139
 20
-6135.029354207435
 10
30984.99673842139
 20
-6506.849315068492
 10
30923.02674494455
 20
-6568.819308545335
 10
27266.797129810824
 20
-6568.819308545335
 10
27204.82713633398
 20
-6630.789302022177
 10
24292.23744292237
 20
-6630.789302022177
 10
24230.267449445528
 20
-6568.819308545335
 10
24230.267449445528
 20
-6196.999347684278
 10
18838.878016960207
 20
-6196.999347684278
 10
18776.908023483364
 20
-6135.029354207435
 10
16917.808219178078
 20
-6135.029354207435
 10
16855.838225701238
 20
-6196.999347684278
 10
16731.89823874755
 20
-6011.0893672537495
 10
10472.92889758643
 20
-6011.0893672537495
 10
10348.988910632745
 20
-6382.909328114806
 10
6196.999347684278
 20
-6382.909328114806
 10
6073.059360730593
 20
-6258.969341161121
 10
-2726.6797129810825
 20
-6196.999347684278
 10
-2850.619699934768
 20
-6011.0893672537495
 10
-2850.619699934768
 20
-5825.179386823222
 10
-2788.6497064579253
 20
-5763.209393346378
  0
LWPOLYLINE
  5
72
330
17
100
AcDbEntity
  8
RASTER_CONTOURS
100
AcDbPolyline
 90
174
 70
1
 10
-3036.5296803652964
 20
-5391.389432485322
 10
-3036.5296803652964
 20
-7808.21917808219
 10
-3098.499673842139
 20
-7870.189171559033
 10
-3036.5296803652964
 20
-8613.829093281147
 10
-3098.499673842139
 20
-8799.739073711675
 10
-3036.5296803652964
 20
-8985.649054142203
 10
-2912.589693411611
 20
-9047.619047619046
 10
4709.719504240052
 20
-9047.619047619046
 10
4771.689497716894
 20
-8985.649054142203
 10
4833.659491193737
 20
-9047.619047619046
 10
6073.059360730593
 20
-9047.619047619046
 10
6135.029354207435
 20
-8985.649054142203
 10
6506.849315068492
 20
-9109.58904109589
 10
8242.00913242009
 20
-9109.58904109589
 10
8365.949119373776
 20
-9233.529028049574
 10
9729.288975864316
 20
-9233.529028049574
 10
9791.25896934116
 20
-9171.559034572732
 10
10101.108936725373
 20
-9233.529028049574
 10
10163.078930202217
 20
-9171.559034572732
 10
10348.988910632745
 20
-9233.529028049574
 10
10410.958904109588
 20
-9357.46901500326
 10
16731.89823874755
 20
-9419.439008480103
 10
16855.838225701238
 20
-8985.649054142203
 10
16917.808219178078
 20
-9047.619047619046
 10
19396.60795825179
 20
-9047.619047619046
 10
19520.547945205475
 20
-9419.439008480103
 10
21689.497716894974
 20
-9419.439008480103
 10
21751.467710371817
 20
-9481.409001956945
 10
21875.407697325503
 20
-9357.46901500326
 10
21875.407697325503
 20
-9109.58904109589
 10
21937.377690802343
 20
-9047.619047619046
 10
24230.267449445528
 20
-9047.619047619046
 10
24354.207436399214
 20
-9171.559034572732
 10
24354.207436399214
 20
-9419.439008480103
 10
24416.177429876057
 20
-9481.409001956945
 10
25097.847358121326
 20
-9419.439008480103
 10
25159.81735159817
 20
-9481.409001956945
 10
32162.426614481403
 20
-9481.409001956945
 10
32224.396607958246
 20
-9543.378995433788
 10
42325.50554468362
 20
-9543.378995433788
 10
42387.47553816046
 20
-9357.46901500326
 10
47035.22504892367
 20
-9357.46901500326
 10
47097.19504240051
 20
-9419.439008480103
 10
48274.624918460526
 20
-9419.439008480103
 10
48398.56490541421
 20
-9295.499021526417
 10
48336.59491193737
 20
-9171.559034572732
 10
48398.56490541421
 20
-9047.619047619046
 10
48398.56490541421
 20
-8613.829093281147
 10
48336.59491193737
 20
-8551.859099804304
 10
48336.59491193737
 20
-7994.129158512719
 10
48398.56490541421
 20
-7932.159165035876
 10
48398.56490541421
 20
-4895.62948467058
 10
48274.624918460526
 20
-4833.659491193737
 10
48150.68493150684
 20
-4895.62948467058
 10
47902.80495759947
 20
-4895.62948467058
 10
47840.83496412263
 20
-4833.659491193737
 10
46353.5551206784
 20
-4833.659491193737
 10
46229.615133724714
 20
-4895.62948467058
 10
46229.615133724714
 20
-5515.329419439007
 10
46043.705153294184
 20
-5639.269406392693
 10
45919.7651663405
 20
-5639.269406392693
 10
45733.855185909975
 20
-5515.329419439007
 10
45733.855185909975
 20
-4895.62948467058
 10
45671.88519243313
 20
-4833.659491193737
 10
42449.445531637306
 20
-4833.659491193737
 10
42387.47553816046
 20
-4895.62948467058
 10
42325.50554468362
 20
-4833.659491193737
 10
40528.37573385518
 20
-4833.659491193737
 10
40466.40574037834
 20
-5515.329419439007
 10
40404.435746901494
 20
-5577.299412915851
 10
40094.58577951728
 20
-5577.299412915851
 10
39970.64579256359
 20
-5453.359425962165
 10
39970.64579256359
 20
-4833.659491193737
 10
39784.73581213307
 20
-4771.689497716894
 10
39722.765818656226
 20
-4833.659491193737
 10
39598.82583170254
 20
-4771.689497716894
 10
38917.155903457264
 20
-4771.689497716894
 10
38855.18590998042
 20
-4833.659491193737
 10
38669.2759295499
 20
-4771.689497716894
 10
34765.1663405088
 20
-4771.689497716894
 10
34703.19634703196
 20
-4895.62948467058
 10
34703.19634703196
 20
-5453.359425962165
 10
34517.28636660143
 20
-5577.299412915851
 10
34393.346379647744
 20
-5577.299412915851
 10
34207.436399217215
 20
-5453.359425962165
 10
34207.436399217215
 20
-4833.659491193737
 10
34145.46640574037
 20
-4771.689497716894
 10
32038.486627527716
 20
-4771.689497716894
 10
31976.516634050877
 20
-4709.719504240052
 10
31790.606653620347
 20
-4771.689497716894
 10
29993.476842791904
 20
-4771.689497716894
 10
29931.506849315065
 20
-4709.719504240052
 10
29869.53685583822
 20
-4771.689497716894
 10
29621.65688193085
 20
-4771.689497716894
 10
29559.686888454005
 20
-4709.719504240052
 10
29063.926940639263
 20
-4709.719504240052
 10
29001.95694716242
 20
-4771.689497716894
 10
29001.95694716242
 20
-5391.389432485322
 10
28878.016960208737
 20
-5515.329419439007
 10
28692.106979778207
 20
-5515.329419439007
 10
28506.196999347678
 20
-5391.389432485322
 10
28506.196999347678
 20
-4709.719504240052
 10
23238.747553816043
 20
-4709.719504240052
 10
23238.747553816043
 20
-5329.4194390084795
 10
23114.807566862357
 20
-5453.359425962165
 10
22804.957599478144
 20
-5453.359425962165
 10
22742.9876060013
 20
-5391.389432485322
 10
22742.9876060013
 20
-4709.719504240052
 10
17599.47814742335
 20
-4647.7495107632085
 10
17537.508153946506
 20
-4709.719504240052
 10
17537.508153946506
 20
-5329.4194390084795
 10
17351.59817351598
 20
-5453.359425962165
 10
16917.808219178078
 20
-5329.4194390084795
 10
16917.808219178078
 20
-4647.7495107632085
 10
15492.498369210694
 20
-4647.7495107632085
 10
15430.528375733853
 20
-4585.779517286366
 10
15058.708414872795
 20
-4647.7495107632085
 10
14996.738421395952
 20
-4585.779517286366
 10
14439.008480104369
 20
-4585.779517286366
 10
14377.038486627525
 20
-4647.7495107632085
 10
14377.038486627525
 20
-4957.599478147423
 10
14253.098499673839
 20
-5143.509458577951
 10
14005.218525766468
 20
-5143.509458577951
 10
13881.278538812783
 20
-5019.569471624265
 10
13881.278538812783
 20
-4647.7495107632085
 10
13757.338551859097
 20
-4585.779517286366
 10
12579.908675799084
 20
-4585.779517286366
 10
12517.938682322241
 20
-4647.7495107632085
 10
10968.688845401171
 20
-4647.7495107632085
 10
10906.71885192433
 20
-4585.779517286366
 10
9915.198956294846
 20
-4585.779517286366
 10
9853.228962818002
 20
-4647.7495107632085
 10
9667.318982387475
 20
-4585.779517286366
 10
9481.409001956945
 20
-4647.7495107632085
 10
9419.439008480103
 20
-4585.779517286366
 10
9171.559034572732
 20
-4585.779517286366
 10
9047.619047619046
 20
-4647.7495107632085
 10
9109.58904109589
 20
-4709.719504240052
 10
9047.619047619046
 20
-4771.689497716894
 10
9047.619047619046
 20
-5329.4194390084795
 10
8985.649054142203
 20
-5391.389432485322
 10
8551.859099804304
 20
-5391.389432485322
 10
8427.919112850619
 20
-5267.449445531636
 10
8427.919112850619
 20
-4647.7495107632085
 10
8365.949119373776
 20
-4585.779517286366
 10
3594.2596216568813
 20
-4585.779517286366
 10
3532.2896281800386
 20
-4647.7495107632085
 10
3532.2896281800386
 20
-5019.569471624265
 10
3408.349641226353
 20
-5143.509458577951
 10
3346.3796477495102
 20
-5081.539465101108
 10
3222.4396607958247
 20
-5143.509458577951
 10
3098.499673842139
 20
-5019.569471624265
 10
3098.499673842139
 20
-4585.779517286366
 10
3036.5296803652964
 20
-4523.809523809523
 10
2974.5596868884536
 20
-4585.779517286366
 10
2850.619699934768
 20
-4523.809523809523
 10
2726.6797129810825
 20
-4585.779517286366
 10
2168.9497716894975
 20
-4585.779517286366
 10
2106.9797782126548
 20
-4523.809523809523
 10
929.5499021526417
 20
-4523.809523809523
 10
867.579908675799
 20
-4585.779517286366
 10
743.6399217221134
 20
-4523.809523809523
 10
681.6699282452706
 20
-4585.779517286366
 10
495.75994781474225
 20
-4585.779517286366
 10
495.75994781474225
 20
-5205.479452054794
 10
371.8199608610567
 20
-5329.4194390084795
 10
0.0
 20
-5329.4194390084795
 10
-123.93998695368556
 20
-5205.479452054794
 10
-123.93998695368556
 20
-4709.719504240052
 10
-61.96999347684278
 20
-4647.7495107632085
 10
-123.93998695368556
 20
-4585.779517286366
 10
-2788.6497064579253
 20
-4585.779517286366
 10
-2850.619699934768
 20
-4647.7495107632085
 10
-2850.619699934768
 20
-5267.449445531636
  0
LWPOLYLINE
  5
73
330
17
100
AcDbEntity
  8
RASTER_CONTOURS
100
AcDbPolyline
 90
12
 70
1
 10
1921.0697977821262
 20
-3532.2896281800386
 10
1921.0697977821262
 20
-3780.1696020874097
 10
1859.0998043052834
 20
-3904.109589041095
 10
1735.159817351598
 20
-3966.079582517938
 10
1735.159817351598
 20
-4090.0195694716235
 10
1797.1298108284407
 20
-3966.079582517938
 10
2230.9197651663403
 20
-3966.079582517938
 10
2292.889758643183
 20
-4028.0495759947808
 10
2106.9797782126548
 20
-3780.1696020874097
 10
2106.9797782126548
 20
-3532.2896281800386
 10
2045.0097847358118
 20
-3718.199608610567
 10
1921.0697977821262
 20
-3656.229615133724
  0
LWPOLYLINE
  5
74
330
17
100
AcDbEntity
  8
RASTER_CONTOURS
100
AcDbPolyline
 90
14
 70
1
 10
15678.408349641224
 20
-3408.349641226353
 10
15616.43835616438
 20
-3408.349641226353
 10
15678.408349641224
 20
-3470.319634703196
 10
15678.408349641224
 20
-3656.229615133724
 10
15616.43835616438
 20
-3718.199608610567
 10
15492.498369210694
 20
-3656.229615133724
 10
15492.498369210694
 20
-3470.319634703196
 10
15492.498369210694
 20
-3904.109589041095
 10
15368.55838225701
 20
-4028.0495759947808
 10
15430.528375733853
 20
-3966.079582517938
 10
15740.378343118065
 20
-3966.079582517938
 10
15802.348336594909
 20
-4028.0495759947808
 10
15802.348336594909
 20
-3966.079582517938
 10
15678.408349641224
 20
-3904.109589041095
  0
LWPOLYLINE
  5
75
330
17
100
AcDbEntity
  8
RASTER_CONTOURS
100
AcDbPolyline
 90
5
 70
1
 10
20697.97782126549
 20
-3284.4096542726675
 10
20759.947814742332
 20
-3222.4396607958247
 10
21007.8277886497
 20
-3222.4396607958247
 10
21069.797782126545
 20
-3284.4096542726675
 10
20821.917808219176
 20
-3408.349641226353
  0
LWPOLYLINE
  5
76
330
17
100
AcDbEntity
  8
RASTER_CONTOURS
100
AcDbPolyline
 90
6
 70
1
 10
39165.03587736464
 20
-2912.589693411611
 10
39350.94585779517
 20
-2974.5596868884536
 10
39350.94585779517
 20
-3160.469667318982
 10
39227.00587084148
 20
-3284.4096542726675
 10
39103.06588388779
 20
-3222.4396607958247
 10
39103.06588388779
 20
-2974.5596868884536
  0
LWPOLYLINE
  5
77
330
17
100
AcDbEntity
  8
RASTER_CONTOURS
100
AcDbPolyline
 90
13
 70
1
 10
47221.1350293542
 20
-2850.619699934768
 10
47283.10502283104
 20
-3222.4396607958247
 10
47159.165035877355
 20
-3656.229615133724
 10
47283.10502283104
 20
-3594.2596216568813
 10
47469.01500326157
 20
-3656.229615133724
 10
47654.9249836921
 20
-3470.319634703196
 10
47778.86497064579
 20
-3470.319634703196
 10
47840.83496412263
 20
-3532.2896281800386
 10
47716.894977168944
 20
-3656.229615133724
 10
47840.83496412263
 20
-3718.199608610567
 10
47964.77495107631
 20
-3346.3796477495102
 10
47902.80495759947
 20
-3222.4396607958247
 10
47964.77495107631
 20
-2850.619699934768
  0
LWPOLYLINE
  5
78
330
17
100
AcDbEntity
  8
RASTER_CONTOURS
100
AcDbPolyline
 90
15
 70
1
 10
46291.58512720156
 20
-2850.619699934768
 10
46229.615133724714
 20
-2912.589693411611
 10
46229.615133724714
 20
-3470.319634703196
 10
46167.64514024787
 20
-3656.229615133724
 10
46601.43509458577
 20
-3656.229615133724
 10
46663.40508806262
 20
-3532.2896281800386
 10
46787.3450750163
 20
-3470.319634703196
 10
46849.31506849314
 20
-3532.2896281800386
 10
46787.3450750163
 20
-3656.229615133724
 10
46849.31506849314
 20
-3718.199608610567
 10
46911.28506196998
 20
-3656.229615133724
 10
46911.28506196998
 20
-3346.3796477495102
 10
47035.22504892367
 20
-3160.469667318982
 10
46911.28506196998
 20
-2974.5596868884536
 10
46973.255055446825
 20
-2850.619699934768
  0
LWPOLYLINE
  5
79
330
17
100
AcDbEntity
  8
RASTER_CONTOURS
100
AcDbPolyline
 90
6
 70
1
 10
20636.007827788646
 20
-2788.6497064579253
 10
20821.917808219176
 20
-2912.589693411611
 10
20821.917808219176
 20
-3036.5296803652964
 10
20697.97782126549
 20
-3160.469667318982
 10
20512.06784083496
 20
-3098.499673842139
 10
20512.06784083496
 20
-2912.589693411611
  0
LWPOLYLINE
  5
7A
330
17
100
AcDbEntity
  8
RASTER_CONTOURS
100
AcDbPolyline
 90
16
 70
1
 10
40032.615786040435
 20
-2788.6497064579253
 10
39908.67579908675
 20
-2974.5596868884536
 10
39970.64579256359
 20
-3098.499673842139
 10
39908.67579908675
 20
-3222.4396607958247
 10
39970.64579256359
 20
-3284.4096542726675
 10
39970.64579256359
 20
-3594.2596216568813
 10
40280.49575994781
 20
-3594.2596216568813
 10
40404.435746901494
 20
-3470.319634703196
 10
40528.37573385518
 20
-3594.2596216568813
 10
40714.28571428571
 20
-3594.2596216568813
 10
40776.25570776255
 20
-3532.2896281800386
 10
40714.28571428571
 20
-2850.619699934768
 10
40528.37573385518
 20
-2788.6497064579253
 10
40404.435746901494
 20
-2912.589693411611
 10
40280.49575994781
 20
-2912.589693411611
 10
40156.55577299412
 20
-2788.6497064579253
  0
LWPOLYLINE
  5
7B
330
17
100
AcDbEntity
  8
RASTER_CONTOURS
100
AcDbPolyline
 90
16
 70
1
 10
39722.765818656226
 20
-2850.619699934768
 10
39536.855838225696
 20
-2850.619699934768
 10
39474.88584474885
 20
-2788.6497064579253
 10
39041.09589041095
 20
-2850.619699934768
 10
38979.12589693411
 20
-3594.2596216568813
 10
39103.06588388779
 20
-3408.349641226353
 10
39165.03587736464
 20
-3594.2596216568813
 10
39350.94585779517
 20
-3532.2896281800386
 10
39660.79582517938
 20
-3594.2596216568813
 10
39722.765818656226
 20
-3532.2896281800386
 10
39722.765818656226
 20
-3408.349641226353
 10
39598.82583170254
 20
-3222.4396607958247
 10
39660.79582517938
 20
-3098.499673842139
 10
39474.88584474885
 20
-2974.5596868884536
 10
39536.855838225696
 20
-2912.589693411611
 10
39722.765818656226
 20
-2912.589693411611
  0
LWPOLYLINE
  5
7C
330
17
100
AcDbEntity
  8
RASTER_CONTOURS
100
AcDbPolyline
 90
7
 70
1
 10
28506.196999347678
 20
-2974.5596868884536
 10
28568.16699282452
 20
-2912.589693411611
 10
28506.196999347678
 20
-2788.6497064579253
 10
28568.16699282452
 20
-2726.6797129810825
 10
28692.106979778207
 20
-2726.6797129810825
 10
28816.046966731894
 20
-2850.619699934768
 10
28630.136986301364
 20
-3036.5296803652964
  0
LWPOLYLINE
  5
7D
330
17
100
AcDbEntity
  8
RASTER_CONTOURS
100
AcDbPolyline
 90
19
 70
1
 10
29125.896934116106
 20
-2726.6797129810825
 10
29187.86692759295
 20
-2788.6497064579253
 10
29187.86692759295
 20
-3284.4096542726675
 10
29063.926940639263
 20
-3470.319634703196
 10
29373.77690802348
 20
-3222.4396607958247
 10
29435.746901500323
 20
-3284.4096542726675
 10
29311.806914546636
 20
-3532.2896281800386
 10
29559.686888454005
 20
-3346.3796477495102
 10
29745.596868884535
 20
-3408.349641226353
 10
29621.65688193085
 20
-3532.2896281800386
 10
29683.626875407692
 20
-3594.2596216568813
 10
29807.56686236138
 20
-3532.2896281800386
 10
29869.53685583822
 20
-3408.349641226353
 10
29869.53685583822
 20
-3098.499673842139
 10
29807.56686236138
 20
-3036.5296803652964
 10
29869.53685583822
 20
-2974.5596868884536
 10
29869.53685583822
 20
-2726.6797129810825
 10
29435.746901500323
 20
-2726.6797129810825
 10
29373.77690802348
 20
-2664.7097195042397
  0
LWPOLYLINE
  5
7E
330
17
100
AcDbEntity
  8
RASTER_CONTOURS
100
AcDbPolyline
 90
14
 70
1
 10
28258.31702544031
 20
-2664.7097195042397
 10
28134.377038486622
 20
-2788.6497064579253
 10
28196.347031963465
 20
-2850.619699934768
 10
28134.377038486622
 20
-3470.319634703196
 10
28320.28701891715
 20
-3532.2896281800386
 10
28630.136986301364
 20
-3408.349641226353
 10
28692.106979778207
 20
-3532.2896281800386
 10
28816.046966731894
 20
-3532.2896281800386
 10
28878.016960208737
 20
-3408.349641226353
 10
28878.016960208737
 20
-3098.499673842139
 10
28939.98695368558
 20
-3036.5296803652964
 10
28878.016960208737
 20
-2974.5596868884536
 10
28878.016960208737
 20
-2788.6497064579253
 10
28939.98695368558
 20
-2726.6797129810825
  0
LWPOLYLINE
  5
7F
330
17
100
AcDbEntity
  8
RASTER_CONTOURS
100
AcDbPolyline
 90
17
 70
1
 10
21503.587736464444
 20
-2664.7097195042397
 10
21317.677756033918
 20
-2912.589693411611
 10
21441.6177429876
 20
-3036.5296803652964
 10
21441.6177429876
 20
-3222.4396607958247
 10
21379.64774951076
 20
-3284.4096542726675
 10
21441.6177429876
 20
-3346.3796477495102
 10
21379.64774951076
 20
-3408.349641226353
 10
21441.6177429876
 20
-3470.319634703196
 10
21813.43770384866
 20
-3470.319634703196
 10
21875.407697325503
 20
-3346.3796477495102
 10
21937.377690802343
 20
-3470.319634703196
 10
22185.257664709716
 20
-3470.319634703196
 10
22185.257664709716
 20
-2726.6797129810825
 10
21999.347684279186
 20
-2664.7097195042397
 10
21875.407697325503
 20
-2788.6497064579253
 10
21689.497716894974
 20
-2788.6497064579253
 10
21627.52772341813
 20
-2664.7097195042397
  0
LWPOLYLINE
  5
80
330
17
100
AcDbEntity
  8
RASTER_CONTOURS
100
AcDbPolyline
 90
20
 70
1
 10
21193.73776908023
 20
-2726.6797129810825
 10
20945.85779517286
 20
-2726.6797129810825
 10
20883.88780169602
 20
-2664.7097195042397
 10
20512.06784083496
 20
-2726.6797129810825
 10
20450.097847358116
 20
-2788.6497064579253
 10
20512.06784083496
 20
-2850.619699934768
 10
20450.097847358116
 20
-2974.5596868884536
 10
20450.097847358116
 20
-3470.319634703196
 10
20512.06784083496
 20
-3408.349641226353
 10
20636.007827788646
 20
-3470.319634703196
 10
20883.88780169602
 20
-3470.319634703196
 10
20945.85779517286
 20
-3408.349641226353
 10
21131.767775603388
 20
-3470.319634703196
 10
21131.767775603388
 20
-3160.469667318982
 10
21069.797782126545
 20
-3098.499673842139
 10
21131.767775603388
 20
-2974.5596868884536
 10
21007.8277886497
 20
-2974.5596868884536
 10
20883.88780169602
 20
-2850.619699934768
 10
20945.85779517286
 20
-2788.6497064579253
 10
21193.73776908023
 20
-2788.6497064579253
  0
LWPOLYLINE
  5
81
330
17
100
AcDbEntity
  8
RASTER_CONTOURS
100
AcDbPolyline
 90
12
 70
1
 10
25841.48727984344
 20
-1735.159817351598
 10
25903.457273320284
 20
-1673.1898238747551
 10
30861.056751467706
 20
-1673.1898238747551
 10
30923.02674494455
 20
-1735.159817351598
 10
32100.45662100456
 20
-1735.159817351598
 10
32224.396607958246
 20
-1859.0998043052834
 10
32224.396607958246
 20
-4399.869536855837
 10
32100.45662100456
 20
-4523.809523809523
 10
25841.48727984344
 20
-4461.839530332681
 10
25779.517286366598
 20
-4399.869536855837
 10
25779.517286366598
 20
-1983.039791258969
 10
25841.48727984344
 20
-1921.0697977821262
  0
LWPOLYLINE
  5
82
330
17
100
AcDbEntity
  8
RASTER_CONTOURS
100
AcDbPolyline
 90
10
 70
1
 10
-2912.589693411611
 20
-1797.1298108284407
 10
-2788.6497064579253
 20
-1673.1898238747551
 10
-185.90998043052835
 20
-1673.1898238747551
 10
-61.96999347684278
 20
-1797.1298108284407
 10
-61.96999347684278
 20
-4213.9595564253095
 10
-185.90998043052835
 20
-4337.899543378995
 10
-2912.589693411611
 20
-4337.899543378995
 10
-3036.5296803652964
 20
-4213.9595564253095
 10
-3036.5296803652964
 20
-2045.0097847358118
 10
-2912.589693411611
 20
-1983.039791258969
  0
LWPOLYLINE
  5
83
330
17
100
AcDbEntity
  8
RASTER_CONTOURS
100
AcDbPolyline
 90
27
 70
1
 10
44556.42530984996
 20
-1239.3998695368557
 10
45547.945205479446
 20
-1239.3998695368557
 10
45609.91519895629
 20
-1301.3698630136985
 10
45609.91519895629
 20
-2540.769732550554
 10
45671.88519243313
 20
-2602.739726027397
 10
45857.795172863654
 20
-2540.769732550554
 10
45857.795172863654
 20
-1673.1898238747551
 10
45981.73515981734
 20
-1549.2498369210696
 10
48026.74494455315
 20
-1549.2498369210696
 10
48150.68493150684
 20
-1673.1898238747551
 10
48150.68493150684
 20
-4337.899543378995
 10
48088.714938029996
 20
-4399.869536855837
 10
45919.7651663405
 20
-4399.869536855837
 10
45857.795172863654
 20
-4337.899543378995
 10
45857.795172863654
 20
-3408.349641226353
 10
45919.7651663405
 20
-3284.4096542726675
 10
45671.88519243313
 20
-3284.4096542726675
 10
45609.91519895629
 20
-3346.3796477495102
 10
45609.91519895629
 20
-4523.809523809523
 10
45424.00521852576
 20
-4647.7495107632085
 10
45238.09523809523
 20
-4585.779517286366
 10
44494.45531637312
 20
-4585.779517286366
 10
44432.485322896275
 20
-4523.809523809523
 10
44432.485322896275
 20
-2045.0097847358118
 10
44494.45531637312
 20
-1983.039791258969
 10
44432.485322896275
 20
-1921.0697977821262
 10
44432.485322896275
 20
-1425.309849967384
  0
LWPOLYLINE
  5
84
330
17
100
AcDbEntity
  8
RASTER_CONTOURS
100
AcDbPolyline
 90
32
 70
1
 10
32410.306588388776
 20
-1921.0697977821262
 10
32472.27658186562
 20
-1859.0998043052834
 10
34579.256360078274
 20
-1859.0998043052834
 10
34703.19634703196
 20
-1983.039791258969
 10
34703.19634703196
 20
-2726.6797129810825
 10
34827.13633398564
 20
-2726.6797129810825
 10
34827.13633398564
 20
-1425.309849967384
 10
34951.076320939326
 20
-1177.429876060013
 10
37243.96607958251
 20
-1177.429876060013
 10
37305.936073059354
 20
-1239.3998695368557
 10
37429.87606001304
 20
-1177.429876060013
 10
37553.81604696673
 20
-1239.3998695368557
 10
44184.6053489889
 20
-1239.3998695368557
 10
44308.54533594259
 20
-1363.3398564905413
 10
44308.54533594259
 20
-4461.839530332681
 10
44184.6053489889
 20
-4585.779517286366
 10
36376.38617090671
 20
-4585.779517286366
 10
36314.41617742987
 20
-4523.809523809523
 10
36066.5362035225
 20
-4523.809523809523
 10
35942.59621656881
 20
-4399.869536855837
 10
35942.59621656881
 20
-3656.229615133724
 10
35880.62622309197
 20
-3718.199608610567
 10
35880.62622309197
 20
-4399.869536855837
 10
35756.68623613829
 20
-4523.809523809523
 10
34951.076320939326
 20
-4523.809523809523
 10
34827.13633398564
 20
-4399.869536855837
 10
34827.13633398564
 20
-3470.319634703196
 10
34641.22635355512
 20
-3408.349641226353
 10
34641.22635355512
 20
-4461.839530332681
 10
34579.256360078274
 20
-4523.809523809523
 10
32472.27658186562
 20
-4523.809523809523
 10
32410.306588388776
 20
-4461.839530332681
  0
LWPOLYLINE
  5
85
330
17
100
AcDbEntity
  8
RASTER_CONTOURS
100
AcDbPolyline
 90
10
 70
1
 10
-2912.589693411611
 20
-1301.3698630136985
 10
-2788.6497064579253
 20
-1177.429876060013
 10
-185.90998043052835
 20
-1177.429876060013
 10
-61.96999347684278
 20
-1301.3698630136985
 10
-61.96999347684278
 20
-1549.2498369210696
 10
-247.87997390737112
 20
-1673.1898238747551
 10
-2106.9797782126548
 20
-1673.1898238747551
 10
-2168.9497716894975
 20
-1611.2198303979123
 10
-2788.6497064579253
 20
-1611.2198303979123
 10
-2912.589693411611
 20
-1487.2798434442268
  0
LWPOLYLINE
  5
86
330
17
100
AcDbEntity
  8
RASTER_CONTOURS
100
AcDbPolyline
 90
33
 70
1
 10
16979.77821265492
 20
-1053.4898891063274
 10
17413.56816699282
 20
-1053.4898891063274
 10
17475.538160469663
 20
-1115.4598825831702
 10
17661.448140900193
 20
-1053.4898891063274
 10
18467.058056099148
 20
-1053.4898891063274
 10
18529.02804957599
 20
-1115.4598825831702
 10
25531.637312459225
 20
-1115.4598825831702
 10
25593.607305936068
 20
-1177.429876060013
 10
25593.607305936068
 20
-4399.869536855837
 10
25531.637312459225
 20
-4461.839530332681
 10
22742.9876060013
 20
-4461.839530332681
 10
22619.047619047615
 20
-4337.899543378995
 10
22619.047619047615
 20
-3966.079582517938
 10
22619.047619047615
 20
-4337.899543378995
 10
22557.07762557077
 20
-4399.869536855837
 10
22495.10763209393
 20
-4337.899543378995
 10
22495.10763209393
 20
-3656.229615133724
 10
22557.07762557077
 20
-3594.2596216568813
 10
22619.047619047615
 20
-3656.229615133724
 10
22619.047619047615
 20
-3594.2596216568813
 10
22495.10763209393
 20
-3594.2596216568813
 10
22495.10763209393
 20
-4337.899543378995
 10
22371.167645140245
 20
-4461.839530332681
 10
18219.17808219178
 20
-4461.839530332681
 10
18157.208088714935
 20
-4399.869536855837
 10
16979.77821265492
 20
-4399.869536855837
 10
16855.838225701238
 20
-3966.079582517938
 10
16855.838225701238
 20
-3408.349641226353
 10
16917.808219178078
 20
-3346.3796477495102
 10
16917.808219178078
 20
-2168.9497716894975
 10
16855.838225701238
 20
-2106.9797782126548
 10
16917.808219178078
 20
-1363.3398564905413
 10
16855.838225701238
 20
-1301.3698630136985
  0
LWPOLYLINE
  5
87
330
17
100
AcDbEntity
  8
RASTER_CONTOURS
100
AcDbPolyline
 90
38
 70
1
 10
16669.92824527071
 20
-681.6699282452706
 10
16669.92824527071
 20
-4337.899543378995
 10
16607.958251793865
 20
-4399.869536855837
 10
15926.288323548595
 20
-4399.869536855837
 10
15864.318330071752
 20
-4337.899543378995
 10
15740.378343118065
 20
-4399.869536855837
 10
15430.528375733853
 20
-4399.869536855837
 10
15368.55838225701
 20
-4337.899543378995
 10
15182.648401826482
 20
-4399.869536855837
 10
2354.859752120026
 20
-4337.899543378995
 10
2292.889758643183
 20
-4151.989562948466
 10
2168.9497716894975
 20
-4337.899543378995
 10
1797.1298108284407
 20
-4337.899543378995
 10
1735.159817351598
 20
-4213.9595564253095
 10
1611.2198303979123
 20
-4337.899543378995
 10
247.87997390737112
 20
-4337.899543378995
 10
123.93998695368556
 20
-4213.9595564253095
 10
123.93998695368556
 20
-1797.1298108284407
 10
247.87997390737112
 20
-1611.2198303979123
 10
495.75994781474225
 20
-1611.2198303979123
 10
495.75994781474225
 20
-929.5499021526417
 10
619.6999347684279
 20
-805.6099151989562
 10
1673.1898238747551
 20
-805.6099151989562
 10
1735.159817351598
 20
-867.579908675799
 10
1735.159817351598
 20
-2106.9797782126548
 10
1673.1898238747551
 20
-2168.9497716894975
 10
1425.309849967384
 20
-2168.9497716894975
 10
1425.309849967384
 20
-2974.5596868884536
 10
4523.809523809523
 20
-2974.5596868884536
 10
4585.779517286366
 20
-3036.5296803652964
 10
16174.168297455966
 20
-3036.5296803652964
 10
16236.13829093281
 20
-2974.5596868884536
 10
16174.168297455966
 20
-2230.9197651663403
 10
15926.288323548595
 20
-2230.9197651663403
 10
15864.318330071752
 20
-2168.9497716894975
 10
15864.318330071752
 20
-681.6699282452706
 10
15926.288323548595
 20
-619.6999347684279
 10
16607.958251793865
 20
-619.6999347684279
  0
LWPOLYLINE
  5
88
330
17
100
AcDbEntity
  8
RASTER_CONTOURS
100
AcDbPolyline
 90
9
 70
1
 10
1673.1898238747551
 20
-247.87997390737112
 10
1673.1898238747551
 20
-681.6699282452706
 10
1611.2198303979123
 20
-743.6399217221134
 10
1053.4898891063274
 20
-743.6399217221134
 10
991.5198956294845
 20
-681.6699282452706
 10
1053.4898891063274
 20
-619.6999347684279
 10
1549.2498369210696
 20
-619.6999347684279
 10
1549.2498369210696
 20
-247.87997390737112
 10
1611.2198303979123
 20
-185.90998043052835
  0
LWPOLYLINE
  5
89
330
17
100
AcDbEntity
  8
RASTER_CONTOURS
100
AcDbPolyline
 90
23
 70
1
 10
48956.294846705794
 20
-185.90998043052835
 10
49080.23483365948
 20
-61.96999347684278
 10
49823.8747553816
 20
-61.96999347684278
 10
49947.81474233528
 20
-247.87997390737112
 10
49885.844748858435
 20
-433.7899543378995
 10
49885.844748858435
 20
-1115.4598825831702
 10
49947.81474233528
 20
-1177.429876060013
 10
50505.54468362687
 20
-1177.429876060013
 10
50629.484670580554
 20
-1239.3998695368557
 10
50691.4546640574
 20
-1177.429876060013
 10
50691.4546640574
 20
-619.6999347684279
 10
50753.42465753424
 20
-557.7299412915851
 10
51187.214611872136
 20
-557.7299412915851
 10
51311.15459882582
 20
-681.6699282452706
 10
51311.15459882582
 20
-1363.3398564905413
 10
51249.18460534898
 20
-1425.309849967384
 10
51311.15459882582
 20
-1487.2798434442268
 10
51187.214611872136
 20
-1611.2198303979123
 10
50753.42465753424
 20
-1611.2198303979123
 10
50691.4546640574
 20
-1549.2498369210696
 10
50567.51467710371
 20
-1611.2198303979123
 10
49080.23483365948
 20
-1611.2198303979123
 10
48956.294846705794
 20
-1487.2798434442268
  0
LWPOLYLINE
  5
8A
330
17
100
AcDbEntity
  8
RASTER_CONTOURS
100
AcDbPolyline
 90
80
 70
1
 10
50815.39465101108
 20
123.93998695368556
 10
51187.214611872136
 20
61.96999347684278
 10
51249.18460534898
 20
123.93998695368556
 10
51435.09458577951
 20
61.96999347684278
 10
51682.97455968688
 20
61.96999347684278
 10
51744.944553163725
 20
123.93998695368556
 10
52116.76451402478
 20
61.96999347684278
 10
52178.73450750162
 20
123.93998695368556
 10
52240.70450097846
 20
61.96999347684278
 10
52612.52446183952
 20
61.96999347684278
 10
52798.43444227005
 20
123.93998695368556
 10
52860.404435746896
 20
61.96999347684278
 10
53356.164383561634
 20
61.96999347684278
 10
53418.13437703848
 20
0.0
 10
53480.10437051532
 20
61.96999347684278
 10
54161.77429876059
 20
61.96999347684278
 10
54285.714285714275
 20
-61.96999347684278
 10
54533.59425962165
 20
0.0
 10
54719.50424005218
 20
-123.93998695368556
 10
55029.35420743639
 20
-123.93998695368556
 10
55091.32420091323
 20
-185.90998043052835
 10
55153.29419439007
 20
-433.7899543378995
 10
55029.35420743639
 20
-557.7299412915851
 10
54967.38421395954
 20
-495.75994781474225
 10
54781.47423352902
 20
-495.75994781474225
 10
54719.50424005218
 20
-557.7299412915851
 10
54533.59425962165
 20
-495.75994781474225
 10
54285.714285714275
 20
-495.75994781474225
 10
54223.74429223743
 20
-557.7299412915851
 10
54099.804305283746
 20
-495.75994781474225
 10
53727.98434442269
 20
-495.75994781474225
 10
53666.01435094585
 20
-557.7299412915851
 10
53356.164383561634
 20
-495.75994781474225
 10
53232.22439660795
 20
-619.6999347684279
 10
53294.19439008479
 20
-743.6399217221134
 10
53294.19439008479
 20
-2478.7997390737114
 10
53232.22439660795
 20
-2540.769732550554
 10
53294.19439008479
 20
-2602.739726027397
 10
53294.19439008479
 20
-3470.319634703196
 10
53232.22439660795
 20
-3532.2896281800386
 10
53294.19439008479
 20
-3718.199608610567
 10
53170.254403131104
 20
-3842.1395955642524
 10
52984.344422700575
 20
-3780.1696020874097
 10
52860.404435746896
 20
-3842.1395955642524
 10
52054.794520547934
 20
-3842.1395955642524
 10
51992.82452707109
 20
-3780.1696020874097
 10
51930.85453359425
 20
-3842.1395955642524
 10
51621.00456621004
 20
-3842.1395955642524
 10
51559.034572733195
 20
-3780.1696020874097
 10
51435.09458577951
 20
-3842.1395955642524
 10
51125.24461839529
 20
-3842.1395955642524
 10
51063.27462491845
 20
-3780.1696020874097
 10
50815.39465101108
 20
-3842.1395955642524
 10
50691.4546640574
 20
-3718.199608610567
 10
50691.4546640574
 20
-3222.4396607958247
 10
50815.39465101108
 20
-3098.499673842139
 10
51125.24461839529
 20
-3098.499673842139
 10
51187.214611872136
 20
-3160.469667318982
 10
51249.18460534898
 20
-3098.499673842139
 10
51559.034572733195
 20
-3098.499673842139
 10
51621.00456621004
 20
-3160.469667318982
 10
51744.944553163725
 20
-3098.499673842139
 10
51992.82452707109
 20
-3098.499673842139
 10
52054.794520547934
 20
-3160.469667318982
 10
52178.73450750162
 20
-3098.499673842139
 10
52860.404435746896
 20
-3098.499673842139
 10
52984.344422700575
 20
-2788.6497064579253
 10
52922.37442922373
 20
-2726.6797129810825
 10
52922.37442922373
 20
-619.6999347684279
 10
52984.344422700575
 20
-495.75994781474225
 10
52116.76451402478
 20
-495.75994781474225
 10
52054.794520547934
 20
-433.7899543378995
 10
51992.82452707109
 20
-495.75994781474225
 10
51187.214611872136
 20
-495.75994781474225
 10
51125.24461839529
 20
-433.7899543378995
 10
51063.27462491845
 20
-495.75994781474225
 10
50815.39465101108
 20
-495.75994781474225
 10
50691.4546640574
 20
-371.8199608610567
 10
50753.42465753424
 20
-247.87997390737112
 10
50691.4546640574
 20
0.0
  0
LWPOLYLINE
  5
8B
330
17
100
AcDbEntity
  8
RASTER_CONTOURS
100
AcDbPolyline
 90
36
 70
1
 10
39970.64579256359
 20
-743.6399217221134
 10
40342.46575342465
 20
-743.6399217221134
 10
40404.435746901494
 20
-805.6099151989562
 10
40590.345727332024
 20
-743.6399217221134
 10
40528.37573385518
 20
-557.7299412915851
 10
40590.345727332024
 20
-495.75994781474225
 10
40590.345727332024
 20
-61.96999347684278
 10
40652.31572080887
 20
0.0
 10
42821.26549249836
 20
0.0
 10
42945.205479452045
 20
-123.93998695368556
 10
42945.205479452045
 20
-495.75994781474225
 10
43007.17547292889
 20
-557.7299412915851
 10
43317.025440313104
 20
-557.7299412915851
 10
43378.99543378995
 20
-495.75994781474225
 10
43378.99543378995
 20
-123.93998695368556
 10
43502.93542074363
 20
0.0
 10
45485.9752120026
 20
0.0
 10
45671.88519243313
 20
-247.87997390737112
 10
45609.91519895629
 20
-371.8199608610567
 10
45671.88519243313
 20
-371.8199608610567
 10
45671.88519243313
 20
0.0
 10
43378.99543378995
 20
61.96999347684278
 10
43317.025440313104
 20
0.0
 10
43317.025440313104
 20
-371.8199608610567
 10
43255.05544683626
 20
-433.7899543378995
 10
43069.14546640573
 20
-433.7899543378995
 10
43007.17547292889
 20
-371.8199608610567
 10
43007.17547292889
 20
0.0
 10
42945.205479452045
 20
61.96999347684278
 10
40590.345727332024
 20
61.96999347684278
 10
40528.37573385518
 20
0.0
 10
40528.37573385518
 20
-619.6999347684279
 10
40342.46575342465
 20
-743.6399217221134
 10
40280.49575994781
 20
-681.6699282452706
 10
40156.55577299412
 20
-743.6399217221134
 10
39970.64579256359
 20
-619.6999347684279
  0
LWPOLYLINE
  5
8C
330
17
100
AcDbEntity
  8
RASTER_CONTOURS
100
AcDbPolyline
 90
4
 70
1
 10
41272.01565557729
 20
1673.1898238747551
 10
41272.01565557729
 20
1611.2198303979123
 10
41953.68558382256
 20
1611.2198303979123
 10
41953.68558382256
 20
1673.1898238747551
  0
LWPOLYLINE
  5
8D
330
17
100
AcDbEntity
  8
RASTER_CONTOURS
100
AcDbPolyline
 90
5
 70
1
 10
38049.575994781466
 20
1735.159817351598
 10
37801.69602087409
 20
1549.2498369210696
 10
37553.81604696673
 20
1487.2798434442268
 10
37491.846053489884
 20
1363.3398564905413
 10
37863.666014350936
 20
1487.2798434442268
  0
LWPOLYLINE
  5
8E
330
17
100
AcDbEntity
  8
RASTER_CONTOURS
100
AcDbPolyline
 90
5
 70
1
 10
35136.986301369856
 20
1735.159817351598
 10
34641.22635355512
 20
1487.2798434442268
 10
34517.28636660143
 20
1487.2798434442268
 10
34517.28636660143
 20
1425.309849967384
 10
34827.13633398564
 20
1487.2798434442268
  0
LWPOLYLINE
  5
8F
330
17
100
AcDbEntity
  8
RASTER_CONTOURS
100
AcDbPolyline
 90
7
 70
1
 10
39350.94585779517
 20
1735.159817351598
 10
39474.88584474885
 20
1859.0998043052834
 10
39784.73581213307
 20
1859.0998043052834
 10
39908.67579908675
 20
1611.2198303979123
 10
39784.73581213307
 20
1425.309849967384
 10
39536.855838225696
 20
1425.309849967384
 10
39350.94585779517
 20
1549.2498369210696
  0
LWPOLYLINE
  5
90
330
17
100
AcDbEntity
  8
RASTER_CONTOURS
100
AcDbPolyline
 90
8
 70
1
 10
36996.08610567514
 20
1859.0998043052834
 10
36500.3261578604
 20
1859.0998043052834
 10
36438.35616438356
 20
1797.1298108284407
 10
36810.17612524461
 20
1797.1298108284407
 10
36934.116112198295
 20
1673.1898238747551
 10
36624.266144814086
 20
1301.3698630136985
 10
36934.116112198295
 20
1487.2798434442268
 10
37058.05609915198
 20
1735.159817351598
  0
LWPOLYLINE
  5
91
330
17
100
AcDbEntity
  8
RASTER_CONTOURS
100
AcDbPolyline
 90
5
 70
1
 10
24540.11741682974
 20
1859.0998043052834
 10
24044.357469014998
 20
1487.2798434442268
 10
24044.357469014998
 20
1425.309849967384
 10
24168.297455968685
 20
1425.309849967384
 10
24478.147423352897
 20
1673.1898238747551
  0
LWPOLYLINE
  5
92
330
17
100
AcDbEntity
  8
RASTER_CONTOURS
100
AcDbPolyline
 90
6
 70
1
 10
23610.5675146771
 20
1859.0998043052834
 10
23176.7775603392
 20
1611.2198303979123
 10
23052.837573385514
 20
1611.2198303979123
 10
22990.86757990867
 20
1487.2798434442268
 10
23362.68754076973
 20
1611.2198303979123
 10
23610.5675146771
 20
1797.1298108284407
  0
LWPOLYLINE
  5
93
330
17
100
AcDbEntity
  8
RASTER_CONTOURS
100
AcDbPolyline
 90
12
 70
1
 10
40342.46575342465
 20
1983.039791258969
 10
40342.46575342465
 20
1301.3698630136985
 10
40900.19569471623
 20
1301.3698630136985
 10
40900.19569471623
 20
1363.3398564905413
 10
40466.40574037834
 20
1363.3398564905413
 10
40404.435746901494
 20
1425.309849967384
 10
40404.435746901494
 20
1549.2498369210696
 10
40838.22570123939
 20
1735.159817351598
 10
40838.22570123939
 20
1859.0998043052834
 10
40466.40574037834
 20
1735.159817351598
 10
40404.435746901494
 20
1797.1298108284407
 10
40404.435746901494
 20
1983.039791258969
  0
LWPOLYLINE
  5
94
330
17
100
AcDbEntity
  8
RASTER_CONTOURS
100
AcDbPolyline
 90
6
 70
1
 10
39288.97586431832
 20
1921.0697977821262
 10
39288.97586431832
 20
1363.3398564905413
 10
39970.64579256359
 20
1363.3398564905413
 10
39970.64579256359
 20
1921.0697977821262
 10
39908.67579908675
 20
1983.039791258969
 10
39350.94585779517
 20
1983.039791258969
  0
LWPOLYLINE
  5
95
330
17
100
AcDbEntity
  8
RASTER_CONTOURS
100
AcDbPolyline
 90
11
 70
1
 10
38483.36594911937
 20
1983.039791258969
 10
38545.33594259621
 20
1921.0697977821262
 10
38731.24592302674
 20
1921.0697977821262
 10
38793.21591650358
 20
1797.1298108284407
 10
38421.395955642525
 20
1363.3398564905413
 10
38731.24592302674
 20
1549.2498369210696
 10
38979.12589693411
 20
1363.3398564905413
 10
38979.12589693411
 20
1487.2798434442268
 10
38793.21591650358
 20
1673.1898238747551
 10
38917.155903457264
 20
1859.0998043052834
 10
38917.155903457264
 20
1983.039791258969
  0
LWPOLYLINE
  5
96
330
17
100
AcDbEntity
  8
RASTER_CONTOURS
100
AcDbPolyline
 90
8
 70
1
 10
21565.557729941287
 20
1983.039791258969
 10
21069.797782126545
 20
1983.039791258969
 10
21007.8277886497
 20
1921.0697977821262
 10
21317.677756033918
 20
1921.0697977821262
 10
21503.587736464444
 20
1797.1298108284407
 10
21193.73776908023
 20
1425.309849967384
 10
21503.587736464444
 20
1611.2198303979123
 10
21627.52772341813
 20
1859.0998043052834
  0
LWPOLYLINE
  5
97
330
17
100
AcDbEntity
  8
RASTER_CONTOURS
100
AcDbPolyline
 90
8
 70
1
 10
35694.716242661445
 20
2045.0097847358118
 10
35694.716242661445
 20
1363.3398564905413
 10
35756.68623613829
 20
1363.3398564905413
 10
35756.68623613829
 20
1673.1898238747551
 10
35818.656229615124
 20
1735.159817351598
 10
36066.5362035225
 20
1611.2198303979123
 10
36066.5362035225
 20
1673.1898238747551
 10
35818.656229615124
 20
1797.1298108284407
  0
LWPOLYLINE
  5
98
330
17
100
AcDbEntity
  8
RASTER_CONTOURS
100
AcDbPolyline
 90
11
 70
1
 10
34021.526418786685
 20
1983.039791258969
 10
33835.616438356155
 20
2045.0097847358118
 10
33525.76647097195
 20
1983.039791258969
 10
33773.64644487931
 20
1859.0998043052834
 10
33773.64644487931
 20
1611.2198303979123
 10
33463.7964774951
 20
1425.309849967384
 10
34083.49641226353
 20
1425.309849967384
 10
34083.49641226353
 20
1487.2798434442268
 10
33897.586431833
 20
1487.2798434442268
 10
33835.616438356155
 20
1549.2498369210696
 10
33835.616438356155
 20
1859.0998043052834
  0
LWPOLYLINE
  5
99
330
17
100
AcDbEntity
  8
RASTER_CONTOURS
100
AcDbPolyline
 90
20
 70
1
 10
61.96999347684278
 20
2168.9497716894975
 10
495.75994781474225
 20
2168.9497716894975
 10
557.7299412915851
 20
2106.9797782126548
 10
681.6699282452706
 20
2168.9497716894975
 10
1425.309849967384
 20
2168.9497716894975
 10
1487.2798434442268
 20
2106.9797782126548
 10
1487.2798434442268
 20
-123.93998695368556
 10
1425.309849967384
 20
-185.90998043052835
 10
1487.2798434442268
 20
-247.87997390737112
 10
1487.2798434442268
 20
-495.75994781474225
 10
1425.309849967384
 20
-557.7299412915851
 10
681.6699282452706
 20
-557.7299412915851
 10
619.6999347684279
 20
-495.75994781474225
 10
495.75994781474225
 20
-557.7299412915851
 10
61.96999347684278
 20
-557.7299412915851
 10
-61.96999347684278
 20
-433.7899543378995
 10
-61.96999347684278
 20
123.93998695368556
 10
0.0
 20
185.90998043052835
 10
-61.96999347684278
 20
247.87997390737112
 10
-61.96999347684278
 20
1983.039791258969
  0
LWPOLYLINE
  5
9A
330
17
100
AcDbEntity
  8
RASTER_CONTOURS
100
AcDbPolyline
 90
4
 70
1
 10
21131.767775603388
 20
2168.9497716894975
 10
21131.767775603388
 20
2106.9797782126548
 10
21503.587736464444
 20
2106.9797782126548
 10
21503.587736464444
 20
2168.9497716894975
  0
LWPOLYLINE
  5
9B
330
17
100
AcDbEntity
  8
RASTER_CONTOURS
100
AcDbPolyline
 90
6
 70
1
 10
1611.2198303979123
 20
2230.9197651663403
 10
1673.1898238747551
 20
2168.9497716894975
 10
1673.1898238747551
 20
247.87997390737112
 10
1611.2198303979123
 20
185.90998043052835
 10
1549.2498369210696
 20
247.87997390737112
 10
1549.2498369210696
 20
2168.9497716894975
  0
LWPOLYLINE
  5
9C
330
17
100
AcDbEntity
  8
RASTER_CONTOURS
100
AcDbPolyline
 90
18
 70
1
 10
22247.22765818656
 20
2230.9197651663403
 10
22123.287671232873
 20
2045.0097847358118
 10
21937.377690802343
 20
1983.039791258969
 10
21999.347684279186
 20
1797.1298108284407
 10
22061.31767775603
 20
1797.1298108284407
 10
22123.287671232873
 20
1983.039791258969
 10
22433.137638617085
 20
1983.039791258969
 10
22495.10763209393
 20
1921.0697977821262
 10
22495.10763209393
 20
1735.159817351598
 10
22371.167645140245
 20
1549.2498369210696
 10
22247.22765818656
 20
1487.2798434442268
 10
22247.22765818656
 20
1425.309849967384
 10
22371.167645140245
 20
1425.309849967384
 10
22557.07762557077
 20
1673.1898238747551
 10
22557.07762557077
 20
1921.0697977821262
 10
22619.047619047615
 20
1983.039791258969
 10
22433.137638617085
 20
2045.0097847358118
 10
22309.197651663402
 20
2230.9197651663403
  0
LWPOLYLINE
  5
9D
330
17
100
AcDbEntity
  8
RASTER_CONTOURS
100
AcDbPolyline
 90
12
 70
1
 10
16360.078277886494
 20
3160.469667318982
 10
16731.89823874755
 20
3160.469667318982
 10
16793.868232224395
 20
3098.499673842139
 10
16793.868232224395
 20
557.7299412915851
 10
16607.958251793865
 20
433.7899543378995
 10
16545.988258317022
 20
495.75994781474225
 10
16360.078277886494
 20
495.75994781474225
 10
16236.13829093281
 20
619.6999347684279
 10
16236.13829093281
 20
1611.2198303979123
 10
16298.10828440965
 20
1673.1898238747551
 10
16236.13829093281
 20
1735.159817351598
 10
16236.13829093281
 20
3036.5296803652964
  0
LWPOLYLINE
  5
9E
330
17
100
AcDbEntity
  8
RASTER_CONTOURS
100
AcDbPolyline
 90
17
 70
1
 10
48646.444879321585
 20
3284.4096542726675
 10
50009.78473581212
 20
3284.4096542726675
 10
50071.754729288965
 20
3222.4396607958247
 10
50257.664709719495
 20
3284.4096542726675
 10
50381.60469667318
 20
3160.469667318982
 10
50381.60469667318
 20
309.8499673842139
 10
50257.664709719495
 20
185.90998043052835
 10
48646.444879321585
 20
185.90998043052835
 10
48460.534898891055
 20
433.7899543378995
 10
48522.5048923679
 20
495.75994781474225
 10
48460.534898891055
 20
619.6999347684279
 10
48522.5048923679
 20
681.6699282452706
 10
48522.5048923679
 20
1115.4598825831702
 10
48460.534898891055
 20
1177.429876060013
 10
48460.534898891055
 20
1425.309849967384
 10
48522.5048923679
 20
1487.2798434442268
 10
48522.5048923679
 20
3160.469667318982
  0
LWPOLYLINE
  5
9F
330
17
100
AcDbEntity
  8
RASTER_CONTOURS
100
AcDbPolyline
 90
12
 70
1
 10
433.7899543378995
 20
3532.2896281800386
 10
1425.309849967384
 20
3532.2896281800386
 10
1487.2798434442268
 20
3470.319634703196
 10
1487.2798434442268
 20
2292.889758643183
 10
1301.3698630136985
 20
2168.9497716894975
 10
805.6099151989562
 20
2168.9497716894975
 10
743.6399217221134
 20
2230.9197651663403
 10
61.96999347684278
 20
2230.9197651663403
 10
0.0
 20
2292.889758643183
 10
0.0
 20
2912.589693411611
 10
371.8199608610567
 20
3036.5296803652964
 10
371.8199608610567
 20
3470.319634703196
  0
LWPOLYLINE
  5
A0
330
17
100
AcDbEntity
  8
RASTER_CONTOURS
100
AcDbPolyline
 90
29
 70
1
 10
16979.77821265492
 20
3036.5296803652964
 10
17103.718199608607
 20
3160.469667318982
 10
19768.427919112848
 20
3160.469667318982
 10
19830.39791258969
 20
3284.4096542726675
 10
19768.427919112848
 20
3346.3796477495102
 10
19768.427919112848
 20
3532.2896281800386
 10
19954.337899543374
 20
3718.199608610567
 10
20512.06784083496
 20
3656.229615133724
 10
20574.037834311803
 20
3842.1395955642524
 10
20759.947814742332
 20
3966.079582517938
 10
20883.88780169602
 20
3842.1395955642524
 10
20883.88780169602
 20
3718.199608610567
 10
21007.8277886497
 20
3656.229615133724
 10
27204.82713633398
 20
3656.229615133724
 10
27266.797129810824
 20
3842.1395955642524
 10
27452.70711024135
 20
3904.109589041095
 10
27576.647097195037
 20
3656.229615133724
 10
28258.31702544031
 20
3656.229615133724
 10
28320.28701891715
 20
3594.2596216568813
 10
28320.28701891715
 20
495.75994781474225
 10
28196.347031963465
 20
371.8199608610567
 10
17785.38812785388
 20
433.7899543378995
 10
17661.448140900193
 20
557.7299412915851
 10
17599.47814742335
 20
433.7899543378995
 10
17103.718199608607
 20
433.7899543378995
 10
16979.77821265492
 20
557.7299412915851
 10
16979.77821265492
 20
1425.309849967384
 10
17103.718199608607
 20
1549.2498369210696
 10
16979.77821265492
 20
1673.1898238747551
  0
LWPOLYLINE
  5
A1
330
17
100
AcDbEntity
  8
RASTER_CONTOURS
100
AcDbPolyline
 90
14
 70
1
 10
51621.00456621004
 20
3904.109589041095
 10
51621.00456621004
 20
3470.319634703196
 10
51559.034572733195
 20
3408.349641226353
 10
51373.124592302665
 20
3470.319634703196
 10
51373.124592302665
 20
3718.199608610567
 10
51373.124592302665
 20
3470.319634703196
 10
51311.15459882582
 20
3408.349641226353
 10
51249.18460534898
 20
3470.319634703196
 10
51187.214611872136
 20
3408.349641226353
 10
50939.33463796476
 20
3408.349641226353
 10
50815.39465101108
 20
3532.2896281800386
 10
50939.33463796476
 20
3966.079582517938
 10
51373.124592302665
 20
3966.079582517938
 10
51497.06457925635
 20
4028.0495759947808
  0
LWPOLYLINE
  5
A2
330
17
100
AcDbEntity
  8
RASTER_CONTOURS
100
AcDbPolyline
 90
20
 70
1
 10
9171.559034572732
 20
3904.109589041095
 10
9233.529028049574
 20
3656.229615133724
 10
9419.439008480103
 20
3594.2596216568813
 10
9357.46901500326
 20
3408.349641226353
 10
9171.559034572732
 20
3532.2896281800386
 10
9171.559034572732
 20
3470.319634703196
 10
9295.499021526417
 20
3408.349641226353
 10
9171.559034572732
 20
3160.469667318982
 10
9419.439008480103
 20
3346.3796477495102
 10
9543.378995433788
 20
3098.499673842139
 10
9791.25896934116
 20
3098.499673842139
 10
9915.198956294846
 20
3346.3796477495102
 10
9791.25896934116
 20
3532.2896281800386
 10
9853.228962818002
 20
3656.229615133724
 10
9791.25896934116
 20
3780.1696020874097
 10
9915.198956294846
 20
3842.1395955642524
 10
9915.198956294846
 20
3904.109589041095
 10
9729.288975864316
 20
3966.079582517938
 10
9605.348988910631
 20
3904.109589041095
 10
9419.439008480103
 20
3966.079582517938
  0
LWPOLYLINE
  5
A3
330
17
100
AcDbEntity
  8
RASTER_CONTOURS
100
AcDbPolyline
 90
24
 70
1
 10
8242.00913242009
 20
3904.109589041095
 10
8180.039138943247
 20
3842.1395955642524
 10
8242.00913242009
 20
3842.1395955642524
 10
8303.979125896933
 20
3718.199608610567
 10
8180.039138943247
 20
3656.229615133724
 10
8180.039138943247
 20
3408.349641226353
 10
8242.00913242009
 20
3346.3796477495102
 10
8180.039138943247
 20
3160.469667318982
 10
8427.919112850619
 20
3284.4096542726675
 10
8489.88910632746
 20
3098.499673842139
 10
8551.859099804304
 20
3098.499673842139
 10
8675.79908675799
 20
3284.4096542726675
 10
8923.679060665361
 20
3160.469667318982
 10
8861.709067188518
 20
3284.4096542726675
 10
8985.649054142203
 20
3408.349641226353
 10
8737.769080234832
 20
3532.2896281800386
 10
8799.739073711675
 20
3594.2596216568813
 10
8985.649054142203
 20
3594.2596216568813
 10
8799.739073711675
 20
3718.199608610567
 10
8799.739073711675
 20
3780.1696020874097
 10
8923.679060665361
 20
3842.1395955642524
 10
8861.709067188518
 20
3904.109589041095
 10
8737.769080234832
 20
3842.1395955642524
 10
8551.859099804304
 20
3966.079582517938
  0
LWPOLYLINE
  5
A4
330
17
100
AcDbEntity
  8
RASTER_CONTOURS
100
AcDbPolyline
 90
6
 70
1
 10
50691.4546640574
 20
4151.989562948466
 10
50815.39465101108
 20
4275.929549902152
 10
51063.27462491845
 20
4275.929549902152
 10
51125.24461839529
 20
4213.9595564253095
 10
51063.27462491845
 20
4028.0495759947808
 10
50753.42465753424
 20
4028.0495759947808
  0
LWPOLYLINE
  5
A5
330
17
100
AcDbEntity
  8
RASTER_CONTOURS
100
AcDbPolyline
 90
13
 70
1
 10
16731.89823874755
 20
4709.719504240052
 10
16793.868232224395
 20
4647.7495107632085
 10
16793.868232224395
 20
3284.4096542726675
 10
16731.89823874755
 20
3222.4396607958247
 10
16360.078277886494
 20
3222.4396607958247
 10
16236.13829093281
 20
3408.349641226353
 10
16298.10828440965
 20
3470.319634703196
 10
16236.13829093281
 20
3532.2896281800386
 10
16298.10828440965
 20
3656.229615133724
 10
16236.13829093281
 20
3718.199608610567
 10
16484.01826484018
 20
3904.109589041095
 10
16484.01826484018
 20
4585.779517286366
 10
16607.958251793865
 20
4709.719504240052
  0
LWPOLYLINE
  5
A6
330
17
100
AcDbEntity
  8
RASTER_CONTOURS
100
AcDbPolyline
 90
30
 70
1
 10
42511.41552511415
 20
4585.779517286366
 10
42821.26549249836
 20
4771.689497716894
 10
45609.91519895629
 20
4709.719504240052
 10
45671.88519243313
 20
4647.7495107632085
 10
45671.88519243313
 20
3966.079582517938
 10
46353.5551206784
 20
3966.079582517938
 10
46415.52511415524
 20
4090.0195694716235
 10
46353.5551206784
 20
4585.779517286366
 10
46477.49510763209
 20
4709.719504240052
 10
47035.22504892367
 20
4709.719504240052
 10
47159.165035877355
 20
4585.779517286366
 10
47159.165035877355
 20
3408.349641226353
 10
47097.19504240051
 20
3346.3796477495102
 10
46353.5551206784
 20
3346.3796477495102
 10
46229.615133724714
 20
3532.2896281800386
 10
45485.9752120026
 20
3532.2896281800386
 10
45424.00521852576
 20
3594.2596216568813
 10
45362.035225048916
 20
3532.2896281800386
 10
45238.09523809523
 20
3656.229615133724
 10
45238.09523809523
 20
3842.1395955642524
 10
44928.24527071101
 20
4399.869536855837
 10
44494.45531637312
 20
4399.869536855837
 10
44432.485322896275
 20
4461.839530332681
 10
43007.17547292889
 20
4461.839530332681
 10
42883.2354859752
 20
4399.869536855837
 10
42821.26549249836
 20
4213.9595564253095
 10
42635.355512067836
 20
4028.0495759947808
 10
42511.41552511415
 20
4213.9595564253095
 10
42511.41552511415
 20
4461.839530332681
 10
42573.38551859099
 20
4523.809523809523
  0
LWPOLYLINE
  5
A7
330
17
100
AcDbEntity
  8
RASTER_CONTOURS
100
AcDbPolyline
 90
8
 70
1
 10
47716.894977168944
 20
4771.689497716894
 10
47778.86497064579
 20
4833.659491193737
 10
50009.78473581212
 20
4833.659491193737
 10
50071.754729288965
 20
4771.689497716894
 10
50071.754729288965
 20
3656.229615133724
 10
50009.78473581212
 20
3594.2596216568813
 10
47840.83496412263
 20
3594.2596216568813
 10
47716.894977168944
 20
3718.199608610567
  0
LWPOLYLINE
  5
A8
330
17
100
AcDbEntity
  8
RASTER_CONTOURS
100
AcDbPolyline
 90
127
 70
1
 10
28816.046966731894
 20
4709.719504240052
 10
28939.98695368558
 20
4833.659491193737
 10
31046.966731898232
 20
4833.659491193737
 10
31232.87671232876
 20
4709.719504240052
 10
31232.87671232876
 20
4337.899543378995
 10
31294.846705805605
 20
4337.899543378995
 10
31294.846705805605
 20
4709.719504240052
 10
31480.75668623613
 20
4833.659491193737
 10
34207.436399217215
 20
4833.659491193737
 10
34455.31637312459
 20
4647.7495107632085
 10
34455.31637312459
 20
3966.079582517938
 10
34393.346379647744
 20
3904.109589041095
 10
34455.31637312459
 20
3842.1395955642524
 10
34641.22635355512
 20
3904.109589041095
 10
34517.28636660143
 20
4028.0495759947808
 10
34517.28636660143
 20
4647.7495107632085
 10
34641.22635355512
 20
4771.689497716894
 10
34827.13633398564
 20
4771.689497716894
 10
34889.10632746248
 20
4833.659491193737
 10
36004.566210045654
 20
4833.659491193737
 10
36066.5362035225
 20
4771.689497716894
 10
42263.535551206776
 20
4771.689497716894
 10
42387.47553816046
 20
4709.719504240052
 10
42511.41552511415
 20
4523.809523809523
 10
42449.445531637306
 20
4028.0495759947808
 10
42635.355512067836
 20
3966.079582517938
 10
42635.355512067836
 20
3718.199608610567
 10
42511.41552511415
 20
3594.2596216568813
 10
42015.6555772994
 20
3594.2596216568813
 10
41953.68558382256
 20
3656.229615133724
 10
41953.68558382256
 20
3904.109589041095
 10
41767.77560339204
 20
4275.929549902152
 10
41581.86562296151
 20
4461.839530332681
 10
36376.38617090671
 20
4461.839530332681
 10
36314.41617742987
 20
4523.809523809523
 10
35198.9562948467
 20
4523.809523809523
 10
35075.01630789301
 20
4399.869536855837
 10
34765.1663405088
 20
3656.229615133724
 10
34269.40639269406
 20
3656.229615133724
 10
34145.46640574037
 20
3780.1696020874097
 10
34145.46640574037
 20
3966.079582517938
 10
33835.616438356155
 20
4523.809523809523
 10
31852.57664709719
 20
4523.809523809523
 10
31790.606653620347
 20
4399.869536855837
 10
31852.57664709719
 20
4461.839530332681
 10
33835.616438356155
 20
4461.839530332681
 10
34083.49641226353
 20
4028.0495759947808
 10
34083.49641226353
 20
3842.1395955642524
 10
34021.526418786685
 20
3780.1696020874097
 10
33835.616438356155
 20
3842.1395955642524
 10
33835.616438356155
 20
3718.199608610567
 10
33959.55642530984
 20
3594.2596216568813
 10
35075.01630789301
 20
3594.2596216568813
 10
35136.986301369856
 20
3656.229615133724
 10
35136.986301369856
 20
3842.1395955642524
 10
35075.01630789301
 20
3780.1696020874097
 10
34889.10632746248
 20
3842.1395955642524
 10
34951.076320939326
 20
3904.109589041095
 10
34951.076320939326
 20
4090.0195694716235
 10
35198.9562948467
 20
4461.839530332681
 10
39722.765818656226
 20
4461.839530332681
 10
39784.73581213307
 20
4399.869536855837
 10
41581.86562296151
 20
4399.869536855837
 10
41891.71559034572
 20
3904.109589041095
 10
41829.745596868874
 20
3718.199608610567
 10
41643.83561643835
 20
3780.1696020874097
 10
41643.83561643835
 20
3594.2596216568813
 10
41705.805609915195
 20
3532.2896281800386
 10
42883.2354859752
 20
3532.2896281800386
 10
42945.205479452045
 20
3780.1696020874097
 10
42759.29549902152
 20
3718.199608610567
 10
42697.32550554468
 20
3904.109589041095
 10
43007.17547292889
 20
4399.869536855837
 10
44866.27527723417
 20
4399.869536855837
 10
45176.125244618386
 20
3842.1395955642524
 10
45114.15525114154
 20
3718.199608610567
 10
44928.24527071101
 20
3780.1696020874097
 10
44928.24527071101
 20
3594.2596216568813
 10
44990.21526418786
 20
3532.2896281800386
 10
46105.67514677103
 20
3532.2896281800386
 10
46229.615133724714
 20
3284.4096542726675
 10
46663.40508806262
 20
3284.4096542726675
 10
46725.37508153946
 20
3222.4396607958247
 10
46849.31506849314
 20
3284.4096542726675
 10
48150.68493150684
 20
3284.4096542726675
 10
48274.624918460526
 20
3160.469667318982
 10
48274.624918460526
 20
309.8499673842139
 10
48212.65492498368
 20
247.87997390737112
 10
46849.31506849314
 20
247.87997390737112
 10
46787.3450750163
 20
309.8499673842139
 10
46663.40508806262
 20
247.87997390737112
 10
41024.13568166992
 20
247.87997390737112
 10
40962.165688193076
 20
309.8499673842139
 10
32906.066536203514
 20
309.8499673842139
 10
32844.09654272667
 20
371.8199608610567
 10
32286.36660143509
 20
309.8499673842139
 10
32224.396607958246
 20
371.8199608610567
 10
29187.86692759295
 20
371.8199608610567
 10
29125.896934116106
 20
433.7899543378995
 10
28754.07697325505
 20
371.8199608610567
 10
28630.136986301364
 20
495.75994781474225
 10
28630.136986301364
 20
3532.2896281800386
 10
28754.07697325505
 20
3656.229615133724
 10
29001.95694716242
 20
3656.229615133724
 10
29063.926940639263
 20
3594.2596216568813
 10
29187.86692759295
 20
3656.229615133724
 10
31046.966731898232
 20
3656.229615133724
 10
31108.936725375075
 20
3594.2596216568813
 10
31232.87671232876
 20
3656.229615133724
 10
31294.846705805605
 20
3594.2596216568813
 10
31666.66666666666
 20
3594.2596216568813
 10
31852.57664709719
 20
3718.199608610567
 10
31852.57664709719
 20
3842.1395955642524
 10
31728.636660143504
 20
3780.1696020874097
 10
31604.696673189817
 20
3842.1395955642524
 10
31604.696673189817
 20
4028.0495759947808
 10
31728.636660143504
 20
4275.929549902152
 10
31542.726679712974
 20
3966.079582517938
 10
31542.726679712974
 20
3780.1696020874097
 10
31418.78669275929
 20
3656.229615133724
 10
29187.86692759295
 20
3656.229615133724
 10
29125.896934116106
 20
3718.199608610567
 10
28878.016960208737
 20
3656.229615133724
 10
28692.106979778207
 20
3780.1696020874097
 10
28754.07697325505
 20
3904.109589041095
 10
28878.016960208737
 20
3904.109589041095
 10
28816.046966731894
 20
4028.0495759947808
  0
LWPOLYLINE
  5
A9
330
17
100
AcDbEntity
  8
RASTER_CONTOURS
100
AcDbPolyline
 90
39
 70
1
 10
16979.77821265492
 20
4647.7495107632085
 10
17041.748206131764
 20
4709.719504240052
 10
22061.31767775603
 20
4647.7495107632085
 10
22247.22765818656
 20
4895.62948467058
 10
22742.9876060013
 20
4895.62948467058
 10
22990.86757990867
 20
4771.689497716894
 10
22990.86757990867
 20
4090.0195694716235
 10
22928.897586431827
 20
3966.079582517938
 10
23052.837573385514
 20
3904.109589041095
 10
23114.807566862357
 20
3966.079582517938
 10
23052.837573385514
 20
4090.0195694716235
 10
23052.837573385514
 20
4709.719504240052
 10
23300.717547292887
 20
4895.62948467058
 10
26523.15720808871
 20
4895.62948467058
 10
26585.127201565552
 20
4833.659491193737
 10
26647.097195042395
 20
4895.62948467058
 10
26709.06718851924
 20
4833.659491193737
 10
26833.007175472925
 20
4895.62948467058
 10
28134.377038486622
 20
4833.659491193737
 10
28196.347031963465
 20
4895.62948467058
 10
28320.28701891715
 20
4771.689497716894
 10
28320.28701891715
 20
3780.1696020874097
 10
28072.40704500978
 20
3656.229615133724
 10
28010.437051532936
 20
3718.199608610567
 10
27700.587084148723
 20
3718.199608610567
 10
27514.677103718193
 20
3966.079582517938
 10
27266.797129810824
 20
3966.079582517938
 10
27142.857142857138
 20
3718.199608610567
 10
21007.8277886497
 20
3718.199608610567
 10
20883.88780169602
 20
3842.1395955642524
 10
20883.88780169602
 20
3966.079582517938
 10
20574.037834311803
 20
3966.079582517938
 10
20574.037834311803
 20
3842.1395955642524
 10
20450.097847358116
 20
3718.199608610567
 10
19768.427919112848
 20
3718.199608610567
 10
19768.427919112848
 20
3284.4096542726675
 10
19644.48793215916
 20
3160.469667318982
 10
17103.718199608607
 20
3222.4396607958247
 10
16979.77821265492
 20
3346.3796477495102
  0
LWPOLYLINE
  5
AA
330
17
100
AcDbEntity
  8
RASTER_CONTOURS
100
AcDbPolyline
 90
6
 70
1
 10
22309.197651663402
 20
5453.359425962165
 10
22742.9876060013
 20
5515.329419439007
 10
22804.957599478144
 20
5329.4194390084795
 10
22866.927592954988
 20
5329.4194390084795
 10
22866.927592954988
 20
5515.329419439007
 10
22371.167645140245
 20
5515.329419439007
  0
LWPOLYLINE
  5
AB
330
17
100
AcDbEntity
  8
RASTER_CONTOURS
100
AcDbPolyline
 90
2
 70
1
 10
619.6999347684279
 20
5639.269406392693
 10
619.6999347684279
 20
4275.929549902152
  0
LWPOLYLINE
  5
AC
330
17
100
AcDbEntity
  8
RASTER_CONTOURS
100
AcDbPolyline
 90
8
 70
1
 10
51868.88454011741
 20
6011.0893672537495
 10
51930.85453359425
 20
6073.059360730593
 10
54533.59425962165
 20
6073.059360730593
 10
54657.534246575335
 20
5949.119373776907
 10
54657.534246575335
 20
5515.329419439007
 10
54595.56425309849
 20
5453.359425962165
 10
51992.82452707109
 20
5453.359425962165
 10
51868.88454011741
 20
5577.299412915851
  0
LWPOLYLINE
  5
AD
330
17
100
AcDbEntity
  8
RASTER_CONTOURS
100
AcDbPolyline
 90
8
 70
1
 10
28816.046966731894
 20
6258.969341161121
 10
29001.95694716242
 20
6135.029354207435
 10
29001.95694716242
 20
5515.329419439007
 10
28939.98695368558
 20
5453.359425962165
 10
29001.95694716242
 20
5267.449445531636
 10
28878.016960208737
 20
5143.509458577951
 10
28692.106979778207
 20
5267.449445531636
 10
28692.106979778207
 20
6135.029354207435
  0
LWPOLYLINE
  5
AE
330
17
100
AcDbEntity
  8
RASTER_CONTOURS
100
AcDbPolyline
 90
6
 70
1
 10
26956.947162426608
 20
6258.969341161121
 10
27142.857142857138
 20
6196.999347684278
 10
27142.857142857138
 20
5205.479452054794
 10
27080.887149380294
 20
5143.509458577951
 10
26894.97716894977
 20
5205.479452054794
 10
26894.97716894977
 20
6196.999347684278
  0
LWPOLYLINE
  5
AF
330
17
100
AcDbEntity
  8
RASTER_CONTOURS
100
AcDbPolyline
 90
4
 70
1
 10
38359.42596216568
 20
6258.969341161121
 10
38917.155903457264
 20
6258.969341161121
 10
38979.12589693411
 20
6320.939334637964
 10
38359.42596216568
 20
6320.939334637964
  0
LWPOLYLINE
  5
B0
330
17
100
AcDbEntity
  8
RASTER_CONTOURS
100
AcDbPolyline
 90
2
 70
1
 10
1797.1298108284407
 20
6382.909328114806
 10
1797.1298108284407
 20
5267.449445531636
  0
LWPOLYLINE
  5
B1
330
17
100
AcDbEntity
  8
RASTER_CONTOURS
100
AcDbPolyline
 90
8
 70
1
 10
36438.35616438356
 20
6444.879321591649
 10
36500.3261578604
 20
6506.849315068492
 10
36872.14611872145
 20
6506.849315068492
 10
36934.116112198295
 20
6444.879321591649
 10
36934.116112198295
 20
6196.999347684278
 10
36810.17612524461
 20
6073.059360730593
 10
36562.29615133724
 20
6073.059360730593
 10
36438.35616438356
 20
6196.999347684278
  0
LWPOLYLINE
  5
B2
330
17
100
AcDbEntity
  8
RASTER_CONTOURS
100
AcDbPolyline
 90
15
 70
1
 10
18714.93803000652
 20
6444.879321591649
 10
18590.998043052834
 20
5701.239399869536
 10
18714.93803000652
 20
5763.209393346378
 10
19086.757990867576
 20
5639.269406392693
 10
19148.72798434442
 20
5701.239399869536
 10
19334.63796477495
 20
5701.239399869536
 10
19396.60795825179
 20
5763.209393346378
 10
19334.63796477495
 20
5825.179386823222
 10
19396.60795825179
 20
5887.149380300064
 10
19334.63796477495
 20
5949.119373776907
 10
19396.60795825179
 20
6011.0893672537495
 10
19334.63796477495
 20
6135.029354207435
 10
19396.60795825179
 20
6196.999347684278
 10
19396.60795825179
 20
6382.909328114806
 10
19334.63796477495
 20
6444.879321591649
  0
LWPOLYLINE
  5
B3
330
17
100
AcDbEntity
  8
RASTER_CONTOURS
100
AcDbPolyline
 90
11
 70
1
 10
17661.448140900193
 20
6320.939334637964
 10
17785.38812785388
 20
6135.029354207435
 10
17661.448140900193
 20
5763.209393346378
 10
17723.418134377036
 20
5701.239399869536
 10
17785.38812785388
 20
5763.209393346378
 10
17847.358121330722
 20
5701.239399869536
 10
18343.118069145465
 20
5701.239399869536
 10
18343.118069145465
 20
6196.999347684278
 10
18467.058056099148
 20
6258.969341161121
 10
18095.23809523809
 20
6506.849315068492
 10
17971.298108284405
 20
6506.849315068492
  0
LWPOLYLINE
  5
B4
330
17
100
AcDbEntity
  8
RASTER_CONTOURS
100
AcDbPolyline
 90
12
 70
1
 10
37367.9060665362
 20
6568.819308545335
 10
37367.9060665362
 20
6011.0893672537495
 10
37429.87606001304
 20
5949.119373776907
 10
37925.63600782778
 20
5949.119373776907
 10
37925.63600782778
 20
6011.0893672537495
 10
37553.81604696673
 20
6011.0893672537495
 10
37429.87606001304
 20
6135.029354207435
 10
37553.81604696673
 20
6320.939334637964
 10
37739.72602739726
 20
6320.939334637964
 10
37925.63600782778
 20
6444.879321591649
 10
37491.846053489884
 20
6382.909328114806
 10
37429.87606001304
 20
6568.819308545335
  0
LWPOLYLINE
  5
B5
330
17
100
AcDbEntity
  8
RASTER_CONTOURS
100
AcDbPolyline
 90
4
 70
1
 10
36376.38617090671
 20
6568.819308545335
 10
36376.38617090671
 20
6011.0893672537495
 10
36996.08610567514
 20
6011.0893672537495
 10
36996.08610567514
 20
6568.819308545335
  0
LWPOLYLINE
  5
B6
330
17
100
AcDbEntity
  8
RASTER_CONTOURS
100
AcDbPolyline
 90
27
 70
1
 10
50815.39465101108
 20
6692.7592954990205
 10
50877.36464448792
 20
6568.819308545335
 10
51125.24461839529
 20
6568.819308545335
 10
51249.18460534898
 20
6320.939334637964
 10
51497.06457925635
 20
6258.969341161121
 10
51621.00456621004
 20
6073.059360730593
 10
51806.91454664057
 20
5949.119373776907
 10
51806.91454664057
 20
5453.359425962165
 10
51930.85453359425
 20
5329.4194390084795
 10
51806.91454664057
 20
5143.509458577951
 10
51744.944553163725
 20
4399.869536855837
 10
51559.034572733195
 20
4151.989562948466
 10
51249.18460534898
 20
4213.9595564253095
 10
51125.24461839529
 20
4337.899543378995
 10
50815.39465101108
 20
4337.899543378995
 10
50753.42465753424
 20
4399.869536855837
 10
50753.42465753424
 20
4647.7495107632085
 10
50691.4546640574
 20
4709.719504240052
 10
50691.4546640574
 20
4895.62948467058
 10
50753.42465753424
 20
4957.599478147423
 10
50753.42465753424
 20
5267.449445531636
 10
50691.4546640574
 20
5329.4194390084795
 10
50753.42465753424
 20
5391.389432485322
 10
50753.42465753424
 20
6073.059360730593
 10
50691.4546640574
 20
6196.999347684278
 10
50753.42465753424
 20
6258.969341161121
 10
50753.42465753424
 20
6630.789302022177
  0
LWPOLYLINE
  5
B7
330
17
100
AcDbEntity
  8
RASTER_CONTOURS
100
AcDbPolyline
 90
8
 70
1
 10
16484.01826484018
 20
7064.579256360077
 10
16669.92824527071
 20
7188.519243313763
 10
20326.157860404433
 20
7126.549249836919
 10
20450.097847358116
 20
7002.609262883234
 10
20450.097847358116
 20
5019.569471624265
 10
20388.127853881277
 20
4957.599478147423
 10
16607.958251793865
 20
4957.599478147423
 10
16484.01826484018
 20
5081.539465101108
  0
LWPOLYLINE
  5
B8
330
17
100
AcDbEntity
  8
RASTER_CONTOURS
100
AcDbPolyline
 90
31
 70
1
 10
22123.287671232873
 20
7560.339204174819
 10
22247.22765818656
 20
7684.279191128505
 10
26647.097195042395
 20
7684.279191128505
 10
26709.06718851924
 20
7622.309197651662
 10
26709.06718851924
 20
5205.479452054794
 10
26585.127201565552
 20
5081.539465101108
 10
26399.217221135026
 20
5143.509458577951
 10
25531.637312459225
 20
5143.509458577951
 10
25469.66731898238
 20
5081.539465101108
 10
25221.787345075012
 20
5205.479452054794
 10
25221.787345075012
 20
7126.549249836919
 10
25159.81735159817
 20
7126.549249836919
 10
25159.81735159817
 20
5205.479452054794
 10
24849.967384213956
 20
5081.539465101108
 10
24787.997390737113
 20
5143.509458577951
 10
24726.02739726027
 20
5081.539465101108
 10
24602.087410306583
 20
5143.509458577951
 10
23920.417482061315
 20
5143.509458577951
 10
23858.447488584472
 20
5081.539465101108
 10
23672.537508153942
 20
5267.449445531636
 10
23672.537508153942
 20
7126.549249836919
 10
23610.5675146771
 20
7126.549249836919
 10
23610.5675146771
 20
5205.479452054794
 10
23548.597521200256
 20
5143.509458577951
 10
22928.897586431827
 20
5143.509458577951
 10
22866.927592954988
 20
5205.479452054794
 10
22804.957599478144
 20
5143.509458577951
 10
22433.137638617085
 20
5143.509458577951
 10
22371.167645140245
 20
5205.479452054794
 10
22185.257664709716
 20
5143.509458577951
 10
22123.287671232873
 20
5205.479452054794
  0
LWPOLYLINE
  5
B9
330
17
100
AcDbEntity
  8
RASTER_CONTOURS
100
AcDbPolyline
 90
11
 70
1
 10
20759.947814742332
 20
7684.279191128505
 10
21875.407697325503
 20
7684.279191128505
 10
21937.377690802343
 20
7622.309197651662
 10
21937.377690802343
 20
5019.569471624265
 10
21689.497716894974
 20
4895.62948467058
 10
21627.52772341813
 20
4957.599478147423
 10
21565.557729941287
 20
4895.62948467058
 10
20945.85779517286
 20
4957.599478147423
 10
20883.88780169602
 20
4895.62948467058
 10
20697.97782126549
 20
5019.569471624265
 10
20697.97782126549
 20
7622.309197651662
  0
LWPOLYLINE
  5
BA
330
17
100
AcDbEntity
  8
RASTER_CONTOURS
100
AcDbPolyline
 90
6
 70
1
 10
51930.85453359425
 20
8056.0991519895615
 10
52240.70450097846
 20
7746.249184605347
 10
52240.70450097846
 20
7622.309197651662
 10
52364.64448793215
 20
7622.309197651662
 10
52240.70450097846
 20
7870.189171559033
 10
52116.76451402478
 20
7870.189171559033
  0
LWPOLYLINE
  5
BB
330
17
100
AcDbEntity
  8
RASTER_CONTOURS
100
AcDbPolyline
 90
8
 70
1
 10
20697.97782126549
 20
8737.769080234832
 10
20821.917808219176
 20
8861.709067188518
 10
21813.43770384866
 20
8861.709067188518
 10
21937.377690802343
 20
8737.769080234832
 10
21937.377690802343
 20
7808.21917808219
 10
21875.407697325503
 20
7746.249184605347
 10
20759.947814742332
 20
7746.249184605347
 10
20697.97782126549
 20
7808.21917808219
  0
LWPOLYLINE
  5
BC
330
17
100
AcDbEntity
  8
RASTER_CONTOURS
100
AcDbPolyline
 90
24
 70
1
 10
26709.06718851924
 20
8923.679060665361
 10
26709.06718851924
 20
7808.21917808219
 10
26647.097195042395
 20
7746.249184605347
 10
22185.257664709716
 20
7746.249184605347
 10
22123.287671232873
 20
7808.21917808219
 10
22123.287671232873
 20
8737.769080234832
 10
22247.22765818656
 20
8861.709067188518
 10
22742.9876060013
 20
8861.709067188518
 10
22990.86757990867
 20
8675.79908675799
 10
22990.86757990867
 20
8489.88910632746
 10
23052.837573385514
 20
8427.919112850619
 10
22990.86757990867
 20
8118.069145466405
 10
23052.837573385514
 20
8056.0991519895615
 10
22928.897586431827
 20
7870.189171559033
 10
23176.7775603392
 20
7870.189171559033
 10
23052.837573385514
 20
8056.0991519895615
 10
23052.837573385514
 20
8613.829093281147
 10
23176.7775603392
 20
8799.739073711675
 10
23362.68754076973
 20
8861.709067188518
 10
24602.087410306583
 20
8861.709067188518
 10
24664.057403783427
 20
8923.679060665361
 10
25903.457273320284
 20
8923.679060665361
 10
25965.427266797124
 20
8985.649054142203
 10
26647.097195042395
 20
8985.649054142203
  0
LWPOLYLINE
  5
BD
330
17
100
AcDbEntity
  8
RASTER_CONTOURS
100
AcDbPolyline
 90
6
 70
1
 10
18405.088062622304
 20
8985.649054142203
 10
18467.058056099148
 20
9047.619047619046
 10
18962.81800391389
 20
9047.619047619046
 10
19024.787997390733
 20
8985.649054142203
 10
18962.81800391389
 20
8923.679060665361
 10
18467.058056099148
 20
8923.679060665361
  0
LWPOLYLINE
  5
BE
330
17
100
AcDbEntity
  8
RASTER_CONTOURS
100
AcDbPolyline
 90
5
 70
1
 10
26709.06718851924
 20
9047.619047619046
 10
26771.037181996082
 20
9171.559034572732
 10
27080.887149380294
 20
9171.559034572732
 10
27142.857142857138
 20
9109.58904109589
 10
26771.037181996082
 20
8985.649054142203
  0
LWPOLYLINE
  5
BF
330
17
100
AcDbEntity
  8
RASTER_CONTOURS
100
AcDbPolyline
 90
27
 70
1
 10
31480.75668623613
 20
9109.58904109589
 10
31170.90671885192
 20
8365.949119373776
 10
29125.896934116106
 20
8365.949119373776
 10
29125.896934116106
 20
8056.0991519895615
 10
29001.95694716242
 20
7932.159165035876
 10
27018.91715590345
 20
7932.159165035876
 10
26894.97716894977
 20
8056.0991519895615
 10
26894.97716894977
 20
8923.679060665361
 10
27142.857142857138
 20
9047.619047619046
 10
28630.136986301364
 20
9047.619047619046
 10
28816.046966731894
 20
8861.709067188518
 10
28816.046966731894
 20
8303.979125896933
 10
28692.106979778207
 20
8180.039138943247
 10
28878.016960208737
 20
8118.069145466405
 10
28816.046966731894
 20
8303.979125896933
 10
28816.046966731894
 20
8923.679060665361
 10
29063.926940639263
 20
9109.58904109589
 10
29745.596868884535
 20
9109.58904109589
 10
29807.56686236138
 20
9171.559034572732
 10
30799.086757990863
 20
9233.529028049574
 10
30923.02674494455
 20
9109.58904109589
 10
30923.02674494455
 20
8861.709067188518
 10
30861.056751467706
 20
8799.739073711675
 10
30984.99673842139
 20
8737.769080234832
 10
30984.99673842139
 20
9109.58904109589
 10
31046.966731898232
 20
9171.559034572732
 10
31356.816699282448
 20
9233.529028049574
  0
LWPOLYLINE
  5
C0
330
17
100
AcDbEntity
  8
RASTER_CONTOURS
100
AcDbPolyline
 90
7
 70
1
 10
17475.538160469663
 20
9481.409001956945
 10
17599.47814742335
 20
9419.439008480103
 10
17599.47814742335
 20
9047.619047619046
 10
17661.448140900193
 20
8985.649054142203
 10
17599.47814742335
 20
8923.679060665361
 10
17413.56816699282
 20
9047.619047619046
 10
17413.56816699282
 20
9419.439008480103
  0
LWPOLYLINE
  5
C1
330
17
100
AcDbEntity
  8
RASTER_CONTOURS
100
AcDbPolyline
 90
16
 70
1
 10
16050.22831050228
 20
9481.409001956945
 10
16174.168297455966
 20
9481.409001956945
 10
16360.078277886494
 20
9357.46901500326
 10
16360.078277886494
 20
5639.269406392693
 10
16298.10828440965
 20
5577.299412915851
 10
16360.078277886494
 20
5515.329419439007
 10
16298.10828440965
 20
5391.389432485322
 10
16360.078277886494
 20
5205.479452054794
 10
16174.168297455966
 20
4957.599478147423
 10
16050.22831050228
 20
4957.599478147423
 10
15864.318330071752
 20
5205.479452054794
 10
15864.318330071752
 20
7560.339204174819
 10
15926.288323548595
 20
7622.309197651662
 10
15864.318330071752
 20
7994.129158512719
 10
15926.288323548595
 20
8056.0991519895615
 10
15926.288323548595
 20
9357.46901500326
  0
LWPOLYLINE
  5
C2
330
17
100
AcDbEntity
  8
RASTER_CONTOURS
100
AcDbPolyline
 90
9
 70
1
 10
681.6699282452706
 20
9481.409001956945
 10
1425.309849967384
 20
9481.409001956945
 10
1549.2498369210696
 20
9357.46901500326
 10
1549.2498369210696
 20
7002.609262883234
 10
1487.2798434442268
 20
6940.639269406392
 10
991.5198956294845
 20
6940.639269406392
 10
867.579908675799
 20
6878.669275929548
 10
619.6999347684279
 20
7002.609262883234
 10
619.6999347684279
 20
9419.439008480103
  0
LWPOLYLINE
  5
C3
330
17
100
AcDbEntity
  8
RASTER_CONTOURS
100
AcDbPolyline
 90
12
 70
1
 10
371.8199608610567
 20
9481.409001956945
 10
557.7299412915851
 20
9481.409001956945
 10
619.6999347684279
 20
9419.439008480103
 10
619.6999347684279
 20
7002.609262883234
 10
557.7299412915851
 20
6940.639269406392
 10
61.96999347684278
 20
6940.639269406392
 10
0.0
 20
7002.609262883234
 10
0.0
 20
8799.739073711675
 10
123.93998695368556
 20
8923.679060665361
 10
247.87997390737112
 20
8923.679060665361
 10
309.8499673842139
 20
9047.619047619046
 10
309.8499673842139
 20
9419.439008480103
  0
LWPOLYLINE
  5
C4
330
17
100
AcDbEntity
  8
RASTER_CONTOURS
100
AcDbPolyline
 90
13
 70
1
 10
16484.01826484018
 20
9295.499021526417
 10
16607.958251793865
 20
9481.409001956945
 10
17103.718199608607
 20
9481.409001956945
 10
17227.658186562294
 20
9543.378995433788
 10
17351.59817351598
 20
9419.439008480103
 10
17351.59817351598
 20
8923.679060665361
 10
17475.538160469663
 20
8861.709067188518
 10
20388.127853881277
 20
8861.709067188518
 10
20450.097847358116
 20
8799.739073711675
 10
20450.097847358116
 20
7498.369210697976
 10
20326.157860404433
 20
7374.4292237442905
 10
16607.958251793865
 20
7436.399217221134
 10
16484.01826484018
 20
7560.339204174819
  0
LWPOLYLINE
  5
C5
330
17
100
AcDbEntity
  8
RASTER_CONTOURS
100
AcDbPolyline
 90
8
 70
1
 10
46477.49510763209
 20
9605.348988910631
 10
47097.19504240051
 20
9605.348988910631
 10
47159.165035877355
 20
9543.378995433788
 10
47159.165035877355
 20
8303.979125896933
 10
47097.19504240051
 20
8242.00913242009
 10
46477.49510763209
 20
8242.00913242009
 10
46415.52511415524
 20
8303.979125896933
 10
46415.52511415524
 20
9543.378995433788
  0
LWPOLYLINE
  5
C6
330
17
100
AcDbEntity
  8
RASTER_CONTOURS
100
AcDbPolyline
 90
617
 70
1
 10
50629.484670580554
 20
6568.819308545335
 10
50629.484670580554
 20
5701.239399869536
 10
50567.51467710371
 20
5639.269406392693
 10
50629.484670580554
 20
5515.329419439007
 10
50567.51467710371
 20
5329.4194390084795
 10
50629.484670580554
 20
5267.449445531636
 10
50567.51467710371
 20
5143.509458577951
 10
50629.484670580554
 20
5081.539465101108
 10
50629.484670580554
 20
4523.809523809523
 10
50567.51467710371
 20
4399.869536855837
 10
50629.484670580554
 20
4337.899543378995
 10
50567.51467710371
 20
4275.929549902152
 10
50567.51467710371
 20
3346.3796477495102
 10
50505.54468362687
 20
3284.4096542726675
 10
48460.534898891055
 20
3284.4096542726675
 10
48398.56490541421
 20
3346.3796477495102
 10
48336.59491193737
 20
3284.4096542726675
 10
47407.04500978473
 20
3284.4096542726675
 10
47221.1350293542
 20
3408.349641226353
 10
47221.1350293542
 20
4709.719504240052
 10
47159.165035877355
 20
4771.689497716894
 10
46415.52511415524
 20
4771.689497716894
 10
46353.5551206784
 20
4709.719504240052
 10
46353.5551206784
 20
4151.989562948466
 10
46229.615133724714
 20
3966.079582517938
 10
45795.82517938682
 20
3966.079582517938
 10
45733.855185909975
 20
4028.0495759947808
 10
45733.855185909975
 20
4647.7495107632085
 10
45671.88519243313
 20
4771.689497716894
 10
28630.136986301364
 20
4895.62948467058
 10
28630.136986301364
 20
309.8499673842139
 10
28754.07697325505
 20
371.8199608610567
 10
28816.046966731894
 20
309.8499673842139
 10
36810.17612524461
 20
309.8499673842139
 10
36872.14611872145
 20
247.87997390737112
 10
37243.96607958251
 20
309.8499673842139
 10
37305.936073059354
 20
247.87997390737112
 10
43688.84540117416
 20
247.87997390737112
 10
43750.81539465101
 20
185.90998043052835
 10
44060.665362035215
 20
247.87997390737112
 10
44122.63535551206
 20
185.90998043052835
 10
49699.93476842791
 20
185.90998043052835
 10
49761.904761904756
 20
123.93998695368556
 10
50319.63470319634
 20
185.90998043052835
 10
50567.51467710371
 20
61.96999347684278
 10
50567.51467710371
 20
-1053.4898891063274
 10
50443.574690150024
 20
-1177.429876060013
 10
50071.754729288965
 20
-1177.429876060013
 10
49947.81474233528
 20
-1053.4898891063274
 10
49947.81474233528
 20
-61.96999347684278
 10
49885.844748858435
 20
0.0
 10
49018.26484018264
 20
0.0
 10
48894.32485322895
 20
-185.90998043052835
 10
48894.32485322895
 20
-433.7899543378995
 10
48956.294846705794
 20
-495.75994781474225
 10
48956.294846705794
 20
-681.6699282452706
 10
48894.32485322895
 20
-743.6399217221134
 10
48894.32485322895
 20
-1549.2498369210696
 10
49080.23483365948
 20
-1673.1898238747551
 10
49142.204827136324
 20
-1611.2198303979123
 10
49575.994781474226
 20
-1611.2198303979123
 10
49637.96477495107
 20
-1673.1898238747551
 10
51311.15459882582
 20
-1673.1898238747551
 10
51311.15459882582
 20
-681.6699282452706
 10
51435.09458577951
 20
-557.7299412915851
 10
51744.944553163725
 20
-557.7299412915851
 10
51868.88454011741
 20
-681.6699282452706
 10
51868.88454011741
 20
-2045.0097847358118
 10
51744.944553163725
 20
-2168.9497716894975
 10
48894.32485322895
 20
-2168.9497716894975
 10
48894.32485322895
 20
-11960.208741030658
 10
48770.38486627527
 20
-12084.148727984342
 10
46105.67514677103
 20
-12084.148727984342
 10
46043.705153294184
 20
-12022.178734507499
 10
37058.05609915198
 20
-12022.178734507499
 10
36996.08610567514
 20
-11960.208741030658
 10
28692.106979778207
 20
-11960.208741030658
 10
28630.136986301364
 20
-11898.238747553814
 10
28568.16699282452
 20
-11960.208741030658
 10
28444.22700587084
 20
-11898.238747553814
 10
18219.17808219178
 20
-11898.238747553814
 10
18157.208088714935
 20
-11836.268754076971
 10
7560.339204174819
 20
-11836.268754076971
 10
7498.369210697976
 20
-11774.298760600128
 10
6816.699282452706
 20
-11836.268754076971
 10
6754.729288975863
 20
-11774.298760600128
 10
247.87997390737112
 20
-11774.298760600128
 10
185.90998043052835
 20
-11712.328767123285
 10
0.0
 20
-11774.298760600128
 10
-2540.769732550554
 20
-11774.298760600128
 10
-2602.739726027397
 20
-11712.328767123285
 10
-3532.2896281800386
 20
-11712.328767123285
 10
-3594.2596216568813
 20
-11650.358773646443
 10
-3594.2596216568813
 20
-6135.029354207435
 10
-3470.319634703196
 20
-5949.119373776907
 10
-3594.2596216568813
 20
-5701.239399869536
 10
-3594.2596216568813
 20
-3904.109589041095
 10
-3532.2896281800386
 20
-3842.1395955642524
 10
-3594.2596216568813
 20
-3780.1696020874097
 10
-3594.2596216568813
 20
-2850.619699934768
 10
-3532.2896281800386
 20
-2788.6497064579253
 10
-3532.2896281800386
 20
-1053.4898891063274
 10
-3408.349641226353
 20
-929.5499021526417
 10
-309.8499673842139
 20
-991.5198956294845
 10
-185.90998043052835
 20
-619.6999347684279
 10
433.7899543378995
 20
-619.6999347684279
 10
495.75994781474225
 20
-681.6699282452706
 10
433.7899543378995
 20
-867.579908675799
 10
495.75994781474225
 20
-929.5499021526417
 10
433.7899543378995
 20
-991.5198956294845
 10
495.75994781474225
 20
-1177.429876060013
 10
433.7899543378995
 20
-1301.3698630136985
 10
495.75994781474225
 20
-1363.3398564905413
 10
309.8499673842139
 20
-1611.2198303979123
 10
123.93998695368556
 20
-1611.2198303979123
 10
61.96999347684278
 20
-1797.1298108284407
 10
0.0
 20
-1735.159817351598
 10
0.0
 20
-1239.3998695368557
 10
-61.96999347684278
 20
-1177.429876060013
 10
-371.8199608610567
 20
-1177.429876060013
 10
-433.7899543378995
 20
-1115.4598825831702
 10
-619.6999347684279
 20
-1177.429876060013
 10
-2850.619699934768
 20
-1115.4598825831702
 10
-2912.589693411611
 20
-1177.429876060013
 10
-2912.589693411611
 20
-1735.159817351598
 10
-3036.5296803652964
 20
-1921.0697977821262
 10
-3222.4396607958247
 20
-1921.0697977821262
 10
-3284.4096542726675
 20
-1983.039791258969
 10
-3284.4096542726675
 20
-4275.929549902152
 10
-3222.4396607958247
 20
-4337.899543378995
 10
-61.96999347684278
 20
-4337.899543378995
 10
61.96999347684278
 20
-4275.929549902152
 10
123.93998695368556
 20
-4337.899543378995
 10
557.7299412915851
 20
-4337.899543378995
 10
619.6999347684279
 20
-4399.869536855837
 10
681.6699282452706
 20
-4337.899543378995
 10
867.579908675799
 20
-4337.899543378995
 10
929.5499021526417
 20
-4399.869536855837
 10
1177.429876060013
 20
-4399.869536855837
 10
1239.3998695368557
 20
-4337.899543378995
 10
1425.309849967384
 20
-4399.869536855837
 10
12146.118721461185
 20
-4399.869536855837
 10
12208.088714938029
 20
-4461.839530332681
 10
12270.05870841487
 20
-4399.869536855837
 10
12703.84866275277
 20
-4399.869536855837
 10
12765.818656229612
 20
-4461.839530332681
 10
13571.428571428569
 20
-4461.839530332681
 10
13633.398564905412
 20
-4399.869536855837
 10
14129.158512720154
 20
-4399.869536855837
 10
14191.128506196997
 20
-4461.839530332681
 10
14315.068493150682
 20
-4399.869536855837
 10
14439.008480104369
 20
-4461.839530332681
 10
16669.92824527071
 20
-4461.839530332681
 10
16793.868232224395
 20
-4399.869536855837
 10
16855.838225701238
 20
-4461.839530332681
 10
20326.157860404433
 20
-4461.839530332681
 10
20388.127853881277
 20
-4523.809523809523
 10
30675.146771037176
 20
-4523.809523809523
 10
30737.11676451402
 20
-4585.779517286366
 10
39660.79582517938
 20
-4585.779517286366
 10
39722.765818656226
 20
-4647.7495107632085
 10
39784.73581213307
 20
-4585.779517286366
 10
40466.40574037834
 20
-4585.779517286366
 10
40528.37573385518
 20
-4647.7495107632085
 10
45671.88519243313
 20
-4647.7495107632085
 10
45671.88519243313
 20
-4399.869536855837
 10
45733.855185909975
 20
-4337.899543378995
 10
45981.73515981734
 20
-4461.839530332681
 10
46105.67514677103
 20
-4399.869536855837
 10
46477.49510763209
 20
-4399.869536855837
 10
46539.46510110893
 20
-4461.839530332681
 10
48336.59491193737
 20
-4461.839530332681
 10
48398.56490541421
 20
-4399.869536855837
 10
48398.56490541421
 20
-61.96999347684278
 10
48336.59491193737
 20
0.0
 10
46291.58512720156
 20
0.0
 10
46229.615133724714
 20
-61.96999347684278
 10
46229.615133724714
 20
-371.8199608610567
 10
46291.58512720156
 20
-371.8199608610567
 10
46291.58512720156
 20
-123.93998695368556
 10
46477.49510763209
 20
0.0
 10
46601.43509458577
 20
-61.96999347684278
 10
46663.40508806262
 20
0.0
 10
46911.28506196998
 20
0.0
 10
46973.255055446825
 20
-61.96999347684278
 10
48088.714938029996
 20
-61.96999347684278
 10
48212.65492498368
 20
-185.90998043052835
 10
48150.68493150684
 20
-371.8199608610567
 10
48150.68493150684
 20
-681.6699282452706
 10
48212.65492498368
 20
-743.6399217221134
 10
48212.65492498368
 20
-1239.3998695368557
 10
48150.68493150684
 20
-1301.3698630136985
 10
48212.65492498368
 20
-1363.3398564905413
 10
48088.714938029996
 20
-1549.2498369210696
 10
46415.52511415524
 20
-1549.2498369210696
 10
46353.5551206784
 20
-1487.2798434442268
 10
46043.705153294184
 20
-1487.2798434442268
 10
45981.73515981734
 20
-1549.2498369210696
 10
45857.795172863654
 20
-1425.309849967384
 10
45857.795172863654
 20
-867.579908675799
 10
45919.7651663405
 20
-805.6099151989562
 10
46291.58512720156
 20
-805.6099151989562
 10
46291.58512720156
 20
-681.6699282452706
 10
46167.64514024787
 20
-743.6399217221134
 10
45857.795172863654
 20
-743.6399217221134
 10
45733.855185909975
 20
-929.5499021526417
 10
45671.88519243313
 20
-867.579908675799
 10
45671.88519243313
 20
-619.6999347684279
 10
45609.91519895629
 20
-681.6699282452706
 10
45609.91519895629
 20
-1115.4598825831702
 10
45485.9752120026
 20
-1239.3998695368557
 10
43998.69536855837
 20
-1239.3998695368557
 10
43936.72537508153
 20
-1177.429876060013
 10
43564.90541422048
 20
-1177.429876060013
 10
43502.93542074363
 20
-1239.3998695368557
 10
43317.025440313104
 20
-1177.429876060013
 10
34827.13633398564
 20
-1177.429876060013
 10
34827.13633398564
 20
-1673.1898238747551
 10
34703.19634703196
 20
-1797.1298108284407
 10
32410.306588388776
 20
-1797.1298108284407
 10
32348.336594911932
 20
-1859.0998043052834
 10
32224.396607958246
 20
-1673.1898238747551
 10
28134.377038486622
 20
-1673.1898238747551
 10
28072.40704500978
 20
-1611.2198303979123
 10
25779.517286366598
 20
-1611.2198303979123
 10
25717.547292889754
 20
-1673.1898238747551
 10
25655.57729941291
 20
-1611.2198303979123
 10
25655.57729941291
 20
-1115.4598825831702
 10
25469.66731898238
 20
-1053.4898891063274
 10
25345.7273320287
 20
-1115.4598825831702
 10
25221.787345075012
 20
-1053.4898891063274
 10
17599.47814742335
 20
-1053.4898891063274
 10
17537.508153946506
 20
-991.5198956294845
 10
17165.68819308545
 20
-1053.4898891063274
 10
16917.808219178078
 20
-929.5499021526417
 10
16917.808219178078
 20
-681.6699282452706
 10
16979.77821265492
 20
-619.6999347684279
 10
17537.508153946506
 20
-619.6999347684279
 10
17599.47814742335
 20
-557.7299412915851
 10
17599.47814742335
 20
61.96999347684278
 10
17723.418134377036
 20
185.90998043052835
 10
19830.39791258969
 20
123.93998695368556
 10
19954.337899543374
 20
0.0
 10
19954.337899543374
 20
-371.8199608610567
 10
20326.157860404433
 20
-371.8199608610567
 10
20388.127853881277
 20
-247.87997390737112
 10
20388.127853881277
 20
61.96999347684278
 10
20450.097847358116
 20
123.93998695368556
 10
22619.047619047615
 20
123.93998695368556
 10
22681.017612524458
 20
61.96999347684278
 10
22681.017612524458
 20
-619.6999347684279
 10
22742.9876060013
 20
-681.6699282452706
 10
23238.747553816043
 20
-681.6699282452706
 10
23300.717547292887
 20
-619.6999347684279
 10
23300.717547292887
 20
0.0
 10
23424.65753424657
 20
123.93998695368556
 10
25593.607305936068
 20
123.93998695368556
 10
25655.57729941291
 20
61.96999347684278
 10
25655.57729941291
 20
-309.8499673842139
 10
25841.48727984344
 20
-433.7899543378995
 10
26089.36725375081
 20
-371.8199608610567
 10
26089.36725375081
 20
0.0
 10
26213.307240704497
 20
123.93998695368556
 10
28382.257012393995
 20
123.93998695368556
 10
28506.196999347678
 20
0.0
 10
28506.196999347678
 20
-681.6699282452706
 10
29063.926940639263
 20
-681.6699282452706
 10
29063.926940639263
 20
0.0
 10
29187.86692759295
 20
123.93998695368556
 10
29435.746901500323
 20
123.93998695368556
 10
29497.716894977162
 20
61.96999347684278
 10
29683.626875407692
 20
123.93998695368556
 10
29745.596868884535
 20
61.96999347684278
 10
29993.476842791904
 20
61.96999347684278
 10
30055.446836268748
 20
123.93998695368556
 10
30117.41682974559
 20
61.96999347684278
 10
31046.966731898232
 20
61.96999347684278
 10
31108.936725375075
 20
123.93998695368556
 10
31418.78669275929
 20
0.0
 10
31418.78669275929
 20
-433.7899543378995
 10
31790.606653620347
 20
-433.7899543378995
 10
31852.57664709719
 20
-371.8199608610567
 10
31852.57664709719
 20
0.0
 10
31914.546640574034
 20
61.96999347684278
 10
34083.49641226353
 20
61.96999347684278
 10
34207.436399217215
 20
-123.93998695368556
 10
34145.46640574037
 20
-247.87997390737112
 10
34207.436399217215
 20
-371.8199608610567
 10
34145.46640574037
 20
-681.6699282452706
 10
34207.436399217215
 20
-743.6399217221134
 10
34331.3763861709
 20
-681.6699282452706
 10
34393.346379647744
 20
-743.6399217221134
 10
34765.1663405088
 20
-743.6399217221134
 10
34827.13633398564
 20
0.0
 10
34889.10632746248
 20
61.96999347684278
 10
37058.05609915198
 20
61.96999347684278
 10
37181.99608610567
 20
-123.93998695368556
 10
37181.99608610567
 20
-309.8499673842139
 10
37120.026092628825
 20
-371.8199608610567
 10
37181.99608610567
 20
-495.75994781474225
 10
37553.81604696673
 20
-495.75994781474225
 10
37615.78604044357
 20
-433.7899543378995
 10
37615.78604044357
 20
-61.96999347684278
 10
37739.72602739726
 20
61.96999347684278
 10
39846.705805609905
 20
0.0
 10
39970.64579256359
 20
-123.93998695368556
 10
39970.64579256359
 20
-309.8499673842139
 10
40032.615786040435
 20
-61.96999347684278
 10
39970.64579256359
 20
61.96999347684278
 10
37553.81604696673
 20
61.96999347684278
 10
37553.81604696673
 20
-309.8499673842139
 10
37491.846053489884
 20
-371.8199608610567
 10
37305.936073059354
 20
-371.8199608610567
 10
37181.99608610567
 20
-247.87997390737112
 10
37181.99608610567
 20
61.96999347684278
 10
35198.9562948467
 20
61.96999347684278
 10
35136.986301369856
 20
123.93998695368556
 10
34827.13633398564
 20
123.93998695368556
 10
34765.1663405088
 20
61.96999347684278
 10
34765.1663405088
 20
-557.7299412915851
 10
34641.22635355512
 20
-681.6699282452706
 10
34331.3763861709
 20
-681.6699282452706
 10
34207.436399217215
 20
-557.7299412915851
 10
34207.436399217215
 20
61.96999347684278
 10
34145.46640574037
 20
123.93998695368556
 10
31852.57664709719
 20
123.93998695368556
 10
31790.606653620347
 20
61.96999347684278
 10
31790.606653620347
 20
-309.8499673842139
 10
31728.636660143504
 20
-371.8199608610567
 10
31542.726679712974
 20
-371.8199608610567
 10
31418.78669275929
 20
-185.90998043052835
 10
31418.78669275929
 20
123.93998695368556
 10
29063.926940639263
 20
123.93998695368556
 10
29001.95694716242
 20
61.96999347684278
 10
29001.95694716242
 20
-557.7299412915851
 10
28939.98695368558
 20
-619.6999347684279
 10
28630.136986301364
 20
-619.6999347684279
 10
28506.196999347678
 20
-495.75994781474225
 10
28506.196999347678
 20
123.93998695368556
 10
28258.31702544031
 20
123.93998695368556
 10
28196.347031963465
 20
185.90998043052835
 10
28134.377038486622
 20
123.93998695368556
 10
28072.40704500978
 20
185.90998043052835
 10
26151.337247227653
 20
185.90998043052835
 10
26089.36725375081
 20
123.93998695368556
 10
26089.36725375081
 20
-123.93998695368556
 10
25965.427266797124
 20
-309.8499673842139
 10
25841.48727984344
 20
-309.8499673842139
 10
25717.547292889754
 20
-185.90998043052835
 10
25717.547292889754
 20
123.93998695368556
 10
25655.57729941291
 20
185.90998043052835
 10
25469.66731898238
 20
185.90998043052835
 10
25407.69732550554
 20
123.93998695368556
 10
25345.7273320287
 20
185.90998043052835
 10
25159.81735159817
 20
123.93998695368556
 10
24911.9373776908
 20
123.93998695368556
 10
24849.967384213956
 20
185.90998043052835
 10
23300.717547292887
 20
185.90998043052835
 10
23238.747553816043
 20
123.93998695368556
 10
23238.747553816043
 20
-495.75994781474225
 10
23114.807566862357
 20
-619.6999347684279
 10
22866.927592954988
 20
-619.6999347684279
 10
22742.9876060013
 20
-495.75994781474225
 10
22742.9876060013
 20
123.93998695368556
 10
22681.017612524458
 20
185.90998043052835
 10
20326.157860404433
 20
185.90998043052835
 10
20326.157860404433
 20
-185.90998043052835
 10
20202.217873450747
 20
-309.8499673842139
 10
20016.307893020217
 20
-247.87997390737112
 10
19954.337899543374
 20
-123.93998695368556
 10
19954.337899543374
 20
185.90998043052835
 10
17599.47814742335
 20
185.90998043052835
 10
17537.508153946506
 20
123.93998695368556
 10
17599.47814742335
 20
-371.8199608610567
 10
17475.538160469663
 20
-557.7299412915851
 10
16917.808219178078
 20
-557.7299412915851
 10
16855.838225701238
 20
-619.6999347684279
 10
16669.92824527071
 20
-557.7299412915851
 10
16050.22831050228
 20
-557.7299412915851
 10
15926.288323548595
 20
-433.7899543378995
 10
15926.288323548595
 20
4833.659491193737
 10
16112.198303979123
 20
4957.599478147423
 10
17351.59817351598
 20
4957.599478147423
 10
17413.56816699282
 20
4895.62948467058
 10
20450.097847358116
 20
4895.62948467058
 10
20512.06784083496
 20
4957.599478147423
 10
20450.097847358116
 20
5019.569471624265
 10
20512.06784083496
 20
5081.539465101108
 10
20512.06784083496
 20
7064.579256360077
 10
20450.097847358116
 20
7188.519243313763
 10
20326.157860404433
 20
7126.549249836919
 10
20264.18786692759
 20
7188.519243313763
 10
16422.048271363336
 20
7188.519243313763
 10
16360.078277886494
 20
7312.459230267448
 10
16422.048271363336
 20
7374.4292237442905
 10
20450.097847358116
 20
7312.459230267448
 10
20512.06784083496
 20
7374.4292237442905
 10
20512.06784083496
 20
8551.859099804304
 10
20450.097847358116
 20
8613.829093281147
 10
20574.037834311803
 20
8985.649054142203
 10
20697.97782126549
 20
8923.679060665361
 10
20697.97782126549
 20
8056.0991519895615
 10
20636.007827788646
 20
7994.129158512719
 10
20636.007827788646
 20
7684.279191128505
 10
20697.97782126549
 20
7622.309197651662
 10
20636.007827788646
 20
7560.339204174819
 10
20697.97782126549
 20
7436.399217221134
 10
20636.007827788646
 20
7374.4292237442905
 10
20697.97782126549
 20
7188.519243313763
 10
20636.007827788646
 20
7064.579256360077
 10
20636.007827788646
 20
4957.599478147423
 10
20697.97782126549
 20
4895.62948467058
 10
21999.347684279186
 20
4895.62948467058
 10
22061.31767775603
 20
4771.689497716894
 10
21999.347684279186
 20
4709.719504240052
 10
17847.358121330722
 20
4709.719504240052
 10
17785.38812785388
 20
4771.689497716894
 10
16607.958251793865
 20
4709.719504240052
 10
16545.988258317022
 20
4771.689497716894
 10
16484.01826484018
 20
4709.719504240052
 10
16484.01826484018
 20
4090.0195694716235
 10
16236.13829093281
 20
3904.109589041095
 10
16236.13829093281
 20
433.7899543378995
 10
17599.47814742335
 20
433.7899543378995
 10
17661.448140900193
 20
371.8199608610567
 10
17785.38812785388
 20
433.7899543378995
 10
17971.298108284405
 20
433.7899543378995
 10
18033.26810176125
 20
371.8199608610567
 10
27762.557077625566
 20
371.8199608610567
 10
27824.52707110241
 20
309.8499673842139
 10
27886.497064579253
 20
371.8199608610567
 10
28072.40704500978
 20
371.8199608610567
 10
28134.377038486622
 20
309.8499673842139
 10
28320.28701891715
 20
309.8499673842139
 10
28382.257012393995
 20
371.8199608610567
 10
28382.257012393995
 20
4833.659491193737
 10
28320.28701891715
 20
4895.62948467058
 10
22866.927592954988
 20
4895.62948467058
 10
22804.957599478144
 20
4957.599478147423
 10
22742.9876060013
 20
4895.62948467058
 10
22061.31767775603
 20
4895.62948467058
 10
21999.347684279186
 20
4957.599478147423
 10
22061.31767775603
 20
5081.539465101108
 10
28878.016960208737
 20
5081.539465101108
 10
28939.98695368558
 20
5019.569471624265
 10
29249.836921069793
 20
5081.539465101108
 10
29311.806914546636
 20
5019.569471624265
 10
32286.36660143509
 20
5019.569471624265
 10
32286.36660143509
 20
5081.539465101108
 10
31542.726679712974
 20
5081.539465101108
 10
31480.75668623613
 20
5019.569471624265
 10
31418.78669275929
 20
5081.539465101108
 10
29125.896934116106
 20
5081.539465101108
 10
29001.95694716242
 20
5205.479452054794
 10
29001.95694716242
 20
6135.029354207435
 10
29187.86692759295
 20
6258.969341161121
 10
29125.896934116106
 20
6320.939334637964
 10
28692.106979778207
 20
6258.969341161121
 10
28692.106979778207
 20
5205.479452054794
 10
28568.16699282452
 20
5081.539465101108
 10
27328.767123287667
 20
5081.539465101108
 10
27204.82713633398
 20
5205.479452054794
 10
27204.82713633398
 20
5639.269406392693
 10
27142.857142857138
 20
5701.239399869536
 10
27142.857142857138
 20
6073.059360730593
 10
27328.767123287667
 20
6320.939334637964
 10
26956.947162426608
 20
6320.939334637964
 10
26894.97716894977
 20
6382.909328114806
 10
26894.97716894977
 20
7808.21917808219
 10
26956.947162426608
 20
7870.189171559033
 10
29063.926940639263
 20
7870.189171559033
 10
29125.896934116106
 20
7932.159165035876
 10
29125.896934116106
 20
8180.039138943247
 10
29249.836921069793
 20
8303.979125896933
 10
31480.75668623613
 20
8303.979125896933
 10
31542.726679712974
 20
8551.859099804304
 10
31356.816699282448
 20
8489.88910632746
 10
31294.846705805605
 20
8551.859099804304
 10
31294.846705805605
 20
8737.769080234832
 10
31542.726679712974
 20
9109.58904109589
 10
33587.73646444879
 20
9047.619047619046
 10
33773.64644487931
 20
8737.769080234832
 10
33773.64644487931
 20
8551.859099804304
 10
33711.676451402476
 20
8489.88910632746
 10
33587.73646444879
 20
8551.859099804304
 10
33525.76647097195
 20
8489.88910632746
 10
33587.73646444879
 20
8303.979125896933
 10
33711.676451402476
 20
8242.00913242009
 10
33897.586431833
 20
8242.00913242009
 10
33959.55642530984
 20
8303.979125896933
 10
34021.526418786685
 20
8242.00913242009
 10
34145.46640574037
 20
8303.979125896933
 10
35384.86627527723
 20
8242.00913242009
 10
35508.806262230915
 20
8365.949119373776
 10
35508.806262230915
 20
8489.88910632746
 10
35322.896281800386
 20
8427.919112850619
 10
35260.92628832354
 20
8613.829093281147
 10
35384.86627527723
 20
8923.679060665361
 10
35632.7462491846
 20
9171.559034572732
 10
38855.18590998042
 20
9171.559034572732
 10
38917.155903457264
 20
9109.58904109589
 10
39288.97586431832
 20
9109.58904109589
 10
39412.91585127201
 20
8985.649054142203
 10
39412.91585127201
 20
8861.709067188518
 10
39536.855838225696
 20
8675.79908675799
 10
39536.855838225696
 20
8489.88910632746
 10
39474.88584474885
 20
8427.919112850619
 10
39350.94585779517
 20
8489.88910632746
 10
39288.97586431832
 20
8427.919112850619
 10
39412.91585127201
 20
8242.00913242009
 10
41210.04566210045
 20
8242.00913242009
 10
41333.985649054135
 20
8427.919112850619
 10
41272.01565557729
 20
8489.88910632746
 10
41086.10567514676
 20
8427.919112850619
 10
41024.13568166992
 20
8613.829093281147
 10
41272.01565557729
 20
8985.649054142203
 10
43378.99543378995
 20
8985.649054142203
 10
43317.025440313104
 20
9047.619047619046
 10
41210.04566210045
 20
9047.619047619046
 10
40900.19569471623
 20
8303.979125896933
 10
39722.765818656226
 20
8303.979125896933
 10
39598.82583170254
 20
8427.919112850619
 10
39598.82583170254
 20
8675.79908675799
 10
39288.97586431832
 20
9171.559034572732
 10
36562.29615133724
 20
9171.559034572732
 10
36500.3261578604
 20
9233.529028049574
 10
36438.35616438356
 20
9171.559034572732
 10
36190.47619047618
 20
9171.559034572732
 10
36128.50619699934
 20
9233.529028049574
 10
36004.566210045654
 20
9171.559034572732
 10
35818.656229615124
 20
9233.529028049574
 10
35756.68623613829
 20
9171.559034572732
 10
35694.716242661445
 20
9233.529028049574
 10
35508.806262230915
 20
9171.559034572732
 10
35198.9562948467
 20
8613.829093281147
 10
35198.9562948467
 20
8427.919112850619
 10
35075.01630789301
 20
8303.979125896933
 10
33959.55642530984
 20
8303.979125896933
 10
33835.616438356155
 20
8489.88910632746
 10
33897.586431833
 20
8551.859099804304
 10
33835.616438356155
 20
8737.769080234832
 10
33587.73646444879
 20
9109.58904109589
 10
31852.57664709719
 20
9109.58904109589
 10
31790.606653620347
 20
9171.559034572732
 10
31852.57664709719
 20
9233.529028049574
 10
34331.3763861709
 20
9419.439008480103
 10
34517.28636660143
 20
9295.499021526417
 10
34517.28636660143
 20
8675.79908675799
 10
34393.346379647744
 20
8551.859099804304
 10
34579.256360078274
 20
8489.88910632746
 10
34641.22635355512
 20
8551.859099804304
 10
34517.28636660143
 20
8675.79908675799
 10
34517.28636660143
 20
9295.499021526417
 10
34827.13633398564
 20
9481.409001956945
 10
37120.026092628825
 20
9605.348988910631
 10
37181.99608610567
 20
9667.318982387475
 10
40094.58577951728
 20
9667.318982387475
 10
40280.49575994781
 20
9543.378995433788
 10
40280.49575994781
 20
8861.709067188518
 10
40218.525766470964
 20
8737.769080234832
 10
40404.435746901494
 20
8737.769080234832
 10
40342.46575342465
 20
8861.709067188518
 10
40342.46575342465
 20
9543.378995433788
 10
40528.37573385518
 20
9667.318982387475
 10
43688.84540117416
 20
9667.318982387475
 10
43874.755381604686
 20
9543.378995433788
 10
43874.755381604686
 20
9047.619047619046
 10
43998.69536855837
 20
9047.619047619046
 10
43936.72537508153
 20
9171.559034572732
 10
43936.72537508153
 20
9481.409001956945
 10
44246.575342465745
 20
9667.318982387475
 10
44432.485322896275
 20
9605.348988910631
 10
45609.91519895629
 20
9605.348988910631
 10
45671.88519243313
 20
9543.378995433788
 10
45671.88519243313
 20
8303.979125896933
 10
45609.91519895629
 20
8242.00913242009
 10
43750.81539465101
 20
8242.00913242009
 10
43626.87540769732
 20
8365.949119373776
 10
43626.87540769732
 20
8551.859099804304
 10
43440.96542726679
 20
8861.709067188518
 10
43564.90541422048
 20
8489.88910632746
 10
43502.93542074363
 20
8427.919112850619
 10
43317.025440313104
 20
8427.919112850619
 10
43317.025440313104
 20
8303.979125896933
 10
43378.99543378995
 20
8242.00913242009
 10
47530.984996738414
 20
8180.039138943247
 10
47592.95499021526
 20
8118.069145466405
 10
47530.984996738414
 20
8056.0991519895615
 10
47592.95499021526
 20
7932.159165035876
 10
47592.95499021526
 20
6940.639269406392
 10
47530.984996738414
 20
6878.669275929548
 10
47530.984996738414
 20
6135.029354207435
 10
47592.95499021526
 20
6073.059360730593
 10
47592.95499021526
 20
5887.149380300064
 10
47530.984996738414
 20
5825.179386823222
 10
47530.984996738414
 20
5019.569471624265
 10
47469.01500326157
 20
4957.599478147423
 10
34517.28636660143
 20
5019.569471624265
 10
34455.31637312459
 20
5081.539465101108
 10
34331.3763861709
 20
5019.569471624265
 10
32658.186562296145
 20
5081.539465101108
 10
32596.2165688193
 20
5019.569471624265
 10
45795.82517938682
 20
4957.599478147423
 10
45857.795172863654
 20
4895.62948467058
 10
45919.7651663405
 20
4957.599478147423
 10
46415.52511415524
 20
4957.599478147423
 10
46477.49510763209
 20
4895.62948467058
 10
47530.984996738414
 20
4895.62948467058
 10
47592.95499021526
 20
4833.659491193737
 10
47592.95499021526
 20
3532.2896281800386
 10
47778.86497064579
 20
3532.2896281800386
 10
47840.83496412263
 20
3470.319634703196
 10
50195.69471624265
 20
3470.319634703196
 10
50257.664709719495
 20
3532.2896281800386
 10
50257.664709719495
 20
6630.789302022177
 10
50319.63470319634
 20
6692.7592954990205
 10
50505.54468362687
 20
6692.7592954990205
  0
LWPOLYLINE
  5
C7
330
17
100
AcDbEntity
  8
RASTER_CONTOURS
100
AcDbPolyline
 90
20
 70
1
 10
1487.2798434442268
 20
9667.318982387475
 10
1425.309849967384
 20
9605.348988910631
 10
991.5198956294845
 20
9605.348988910631
 10
929.5499021526417
 20
9667.318982387475
 10
247.87997390737112
 20
9605.348988910631
 10
247.87997390737112
 20
9109.58904109589
 10
123.93998695368556
 20
8985.649054142203
 10
0.0
 20
8985.649054142203
 10
0.0
 20
8737.769080234832
 10
-61.96999347684278
 20
8675.79908675799
 10
0.0
 20
8613.829093281147
 10
0.0
 20
8242.00913242009
 10
-61.96999347684278
 20
8180.039138943247
 10
-61.96999347684278
 20
6878.669275929548
 10
1549.2498369210696
 20
6878.669275929548
 10
1611.2198303979123
 20
6940.639269406392
 10
1611.2198303979123
 20
7188.519243313763
 10
1549.2498369210696
 20
7250.489236790605
 10
1611.2198303979123
 20
7312.459230267448
 10
1611.2198303979123
 20
9543.378995433788
  0
LWPOLYLINE
  5
C8
330
17
100
AcDbEntity
  8
RASTER_CONTOURS
100
AcDbPolyline
 90
10
 70
1
 10
49328.11480756685
 20
9791.25896934116
 10
49761.904761904756
 20
9791.25896934116
 10
49947.81474233528
 20
9667.318982387475
 10
49947.81474233528
 20
7374.4292237442905
 10
49885.844748858435
 20
7312.459230267448
 10
49885.844748858435
 20
5019.569471624265
 10
49823.8747553816
 20
4957.599478147423
 10
49328.11480756685
 20
4957.599478147423
 10
49204.17482061317
 20
5081.539465101108
 10
49204.17482061317
 20
9667.318982387475
  0
LWPOLYLINE
  5
C9
330
17
100
AcDbEntity
  8
RASTER_CONTOURS
100
AcDbPolyline
 90
27
 70
1
 10
47964.77495107631
 20
9791.25896934116
 10
48398.56490541421
 20
9791.25896934116
 10
48584.47488584474
 20
9667.318982387475
 10
48584.47488584474
 20
8799.739073711675
 10
48522.5048923679
 20
8737.769080234832
 10
48522.5048923679
 20
7002.609262883234
 10
48584.47488584474
 20
6940.639269406392
 10
48522.5048923679
 20
6878.669275929548
 10
48522.5048923679
 20
5081.539465101108
 10
48398.56490541421
 20
4957.599478147423
 10
47902.80495759947
 20
4957.599478147423
 10
47778.86497064579
 20
5205.479452054794
 10
47778.86497064579
 20
5763.209393346378
 10
47840.83496412263
 20
5825.179386823222
 10
47778.86497064579
 20
5887.149380300064
 10
47778.86497064579
 20
6754.729288975863
 10
47840.83496412263
 20
6816.699282452706
 10
47778.86497064579
 20
7002.609262883234
 10
47840.83496412263
 20
7126.549249836919
 10
47778.86497064579
 20
7312.459230267448
 10
47778.86497064579
 20
7870.189171559033
 10
47840.83496412263
 20
7994.129158512719
 10
47778.86497064579
 20
8056.0991519895615
 10
47840.83496412263
 20
8118.069145466405
 10
47778.86497064579
 20
8242.00913242009
 10
47840.83496412263
 20
8303.979125896933
 10
47840.83496412263
 20
9667.318982387475
  0
LWPOLYLINE
  5
CA
330
17
100
AcDbEntity
  8
RASTER_CONTOURS
100
AcDbPolyline
 90
38
 70
1
 10
1673.1898238747551
 20
9791.25896934116
 10
1735.159817351598
 20
9729.288975864316
 10
1735.159817351598
 20
6816.699282452706
 10
1611.2198303979123
 20
6692.7592954990205
 10
247.87997390737112
 20
6692.7592954990205
 10
185.90998043052835
 20
6320.939334637964
 10
-61.96999347684278
 20
6196.999347684278
 10
-61.96999347684278
 20
3780.1696020874097
 10
433.7899543378995
 20
3780.1696020874097
 10
495.75994781474225
 20
3718.199608610567
 10
867.579908675799
 20
3718.199608610567
 10
929.5499021526417
 20
3780.1696020874097
 10
1301.3698630136985
 20
3780.1696020874097
 10
1363.3398564905413
 20
3718.199608610567
 10
1425.309849967384
 20
3780.1696020874097
 10
1611.2198303979123
 20
3718.199608610567
 10
1735.159817351598
 20
3532.2896281800386
 10
1673.1898238747551
 20
3470.319634703196
 10
1673.1898238747551
 20
3284.4096542726675
 10
1735.159817351598
 20
3222.4396607958247
 10
1673.1898238747551
 20
3160.469667318982
 10
1673.1898238747551
 20
2540.769732550554
 10
1611.2198303979123
 20
2478.7997390737114
 10
1549.2498369210696
 20
2540.769732550554
 10
1549.2498369210696
 20
3532.2896281800386
 10
1363.3398564905413
 20
3594.2596216568813
 10
1301.3698630136985
 20
3532.2896281800386
 10
1239.3998695368557
 20
3594.2596216568813
 10
495.75994781474225
 20
3594.2596216568813
 10
309.8499673842139
 20
3470.319634703196
 10
309.8499673842139
 20
3098.499673842139
 10
-61.96999347684278
 20
2974.5596868884536
 10
-61.96999347684278
 20
2230.9197651663403
 10
-123.93998695368556
 20
2168.9497716894975
 10
-185.90998043052835
 20
2230.9197651663403
 10
-185.90998043052835
 20
9791.25896934116
 10
-123.93998695368556
 20
9853.228962818002
 10
0.0
 20
9791.25896934116
  0
LWPOLYLINE
  5
CB
330
17
100
AcDbEntity
  8
RASTER_CONTOURS
100
AcDbPolyline
 90
6
 70
1
 10
23424.65753424657
 20
9915.198956294846
 10
23362.68754076973
 20
9729.288975864316
 10
23238.747553816043
 20
9667.318982387475
 10
23300.717547292887
 20
9605.348988910631
 10
23424.65753424657
 20
9667.318982387475
 10
23362.68754076973
 20
9729.288975864316
  0
LWPOLYLINE
  5
CC
330
17
100
AcDbEntity
  8
RASTER_CONTOURS
100
AcDbPolyline
 90
18
 70
1
 10
50319.63470319634
 20
10039.13894324853
 10
50629.484670580554
 20
10039.13894324853
 10
50753.42465753424
 20
9791.25896934116
 10
50691.4546640574
 20
9729.288975864316
 10
50753.42465753424
 20
9667.318982387475
 10
50753.42465753424
 20
9233.529028049574
 10
50691.4546640574
 20
9171.559034572732
 10
50753.42465753424
 20
7250.489236790605
 10
50691.4546640574
 20
7188.519243313763
 10
50691.4546640574
 20
6816.699282452706
 10
50629.484670580554
 20
6754.729288975863
 10
50257.664709719495
 20
6754.729288975863
 10
50133.72472276581
 20
6878.669275929548
 10
50133.72472276581
 20
9109.58904109589
 10
50195.69471624265
 20
9171.559034572732
 10
50133.72472276581
 20
9543.378995433788
 10
50195.69471624265
 20
9605.348988910631
 10
50195.69471624265
 20
9915.198956294846
  0
LWPOLYLINE
  5
CD
330
17
100
AcDbEntity
  8
RASTER_CONTOURS
100
AcDbPolyline
 90
47
 70
1
 10
47407.04500978473
 20
8303.979125896933
 10
47345.075016307885
 20
8242.00913242009
 10
47221.1350293542
 20
8365.949119373776
 10
47221.1350293542
 20
9605.348988910631
 10
47159.165035877355
 20
9667.318982387475
 10
46415.52511415524
 20
9667.318982387475
 10
46353.5551206784
 20
9605.348988910631
 10
46353.5551206784
 20
8365.949119373776
 10
46291.58512720156
 20
8303.979125896933
 10
45795.82517938682
 20
8303.979125896933
 10
45733.855185909975
 20
8365.949119373776
 10
45733.855185909975
 20
9667.318982387475
 10
37367.9060665362
 20
9729.288975864316
 10
37305.936073059354
 20
9667.318982387475
 10
34889.10632746248
 20
9543.378995433788
 10
34827.13633398564
 20
9481.409001956945
 10
34207.436399217215
 20
9481.409001956945
 10
34145.46640574037
 20
9419.439008480103
 10
34083.49641226353
 20
9481.409001956945
 10
34021.526418786685
 20
9419.439008480103
 10
33277.88649706457
 20
9419.439008480103
 10
33215.91650358773
 20
9357.46901500326
 10
31666.66666666666
 20
9295.499021526417
 10
31604.696673189817
 20
9233.529028049574
 10
31108.936725375075
 20
9233.529028049574
 10
31046.966731898232
 20
9357.46901500326
 10
31108.936725375075
 20
9419.439008480103
 10
33587.73646444879
 20
9543.378995433788
 10
33649.70645792563
 20
9605.348988910631
 10
34207.436399217215
 20
9605.348988910631
 10
34269.40639269406
 20
9667.318982387475
 10
35075.01630789301
 20
9667.318982387475
 10
35136.986301369856
 20
9729.288975864316
 10
36624.266144814086
 20
9791.25896934116
 10
36686.23613829093
 20
9853.228962818002
 10
37553.81604696673
 20
9853.228962818002
 10
37615.78604044357
 20
9915.198956294846
 10
41395.95564253098
 20
9915.198956294846
 10
41581.86562296151
 20
9853.228962818002
 10
41705.805609915195
 20
10039.13894324853
 10
41767.77560339204
 20
9915.198956294846
 10
41891.71559034572
 20
9853.228962818002
 10
42387.47553816046
 20
9853.228962818002
 10
42449.445531637306
 20
9915.198956294846
 10
42511.41552511415
 20
9853.228962818002
 10
47283.10502283104
 20
9853.228962818002
 10
47407.04500978473
 20
9729.288975864316
  0
LWPOLYLINE
  5
CE
330
17
100
AcDbEntity
  8
RASTER_CONTOURS
100
AcDbPolyline
 90
12
 70
1
 10
15988.258317025438
 20
9543.378995433788
 10
16050.22831050228
 20
9729.288975864316
 10
16360.078277886494
 20
9729.288975864316
 10
16360.078277886494
 20
9915.198956294846
 10
16484.01826484018
 20
10039.13894324853
 10
17475.538160469663
 20
10039.13894324853
 10
17599.47814742335
 20
9915.198956294846
 10
17599.47814742335
 20
9667.318982387475
 10
17413.56816699282
 20
9543.378995433788
 10
16607.958251793865
 20
9543.378995433788
 10
16545.988258317022
 20
9481.409001956945
 10
16050.22831050228
 20
9481.409001956945
  0
LWPOLYLINE
  5
CF
330
17
100
AcDbEntity
  8
RASTER_CONTOURS
100
AcDbPolyline
 90
6
 70
1
 10
40032.615786040435
 20
10101.108936725373
 10
40094.58577951728
 20
10163.078930202217
 10
41519.895629484665
 20
10163.078930202217
 10
41581.86562296151
 20
9977.168949771687
 10
41519.895629484665
 20
9915.198956294846
 10
40094.58577951728
 20
9915.198956294846
  0
LWPOLYLINE
  5
D0
330
17
100
AcDbEntity
  8
RASTER_CONTOURS
100
AcDbPolyline
 90
47
 70
1
 10
1425.309849967384
 20
10039.13894324853
 10
1549.2498369210696
 20
10163.078930202217
 10
3408.349641226353
 20
10163.078930202217
 10
3470.319634703196
 20
10101.108936725373
 10
15926.288323548595
 20
10101.108936725373
 10
15988.258317025438
 20
10039.13894324853
 10
16050.22831050228
 20
10101.108936725373
 10
16298.10828440965
 20
9977.168949771687
 10
16236.13829093281
 20
9791.25896934116
 10
15926.288323548595
 20
9791.25896934116
 10
15864.318330071752
 20
9729.288975864316
 10
15864.318330071752
 20
1673.1898238747551
 10
15802.348336594909
 20
1611.2198303979123
 10
15802.348336594909
 20
-681.6699282452706
 10
15864.318330071752
 20
-743.6399217221134
 10
15802.348336594909
 20
-805.6099151989562
 10
15802.348336594909
 20
-2230.9197651663403
 10
15864.318330071752
 20
-2292.889758643183
 10
16050.22831050228
 20
-2292.889758643183
 10
16174.168297455966
 20
-2416.8297455968686
 10
16174.168297455966
 20
-2850.619699934768
 10
16050.22831050228
 20
-2974.5596868884536
 10
3098.499673842139
 20
-2974.5596868884536
 10
3036.5296803652964
 20
-2912.589693411611
 10
1549.2498369210696
 20
-2912.589693411611
 10
1425.309849967384
 20
-2788.6497064579253
 10
1425.309849967384
 20
-2354.859752120026
 10
1549.2498369210696
 20
-2230.9197651663403
 10
1797.1298108284407
 20
-2168.9497716894975
 10
1797.1298108284407
 20
3842.1395955642524
 10
1673.1898238747551
 20
3780.1696020874097
 10
743.6399217221134
 20
3780.1696020874097
 10
681.6699282452706
 20
3842.1395955642524
 10
61.96999347684278
 20
3780.1696020874097
 10
0.0
 20
3842.1395955642524
 10
0.0
 20
6135.029354207435
 10
247.87997390737112
 20
6258.969341161121
 10
247.87997390737112
 20
6506.849315068492
 10
371.8199608610567
 20
6630.789302022177
 10
557.7299412915851
 20
6630.789302022177
 10
619.6999347684279
 20
6444.879321591649
 10
681.6699282452706
 20
6630.789302022177
 10
1735.159817351598
 20
6630.789302022177
 10
1797.1298108284407
 20
6506.849315068492
 10
1859.0998043052834
 20
9791.25896934116
 10
1797.1298108284407
 20
9853.228962818002
 10
1487.2798434442268
 20
9853.228962818002
  0
LWPOLYLINE
  5
D1
330
17
100
AcDbEntity
  8
RASTER_CONTOURS
100
AcDbPolyline
 90
7
 70
1
 10
185.90998043052835
 20
10039.13894324853
 10
309.8499673842139
 20
10163.078930202217
 10
1177.429876060013
 20
10163.078930202217
 10
1363.3398564905413
 20
10039.13894324853
 10
1363.3398564905413
 20
9915.198956294846
 10
1301.3698630136985
 20
9853.228962818002
 10
309.8499673842139
 20
9853.228962818002
  0
LWPOLYLINE
  5
D2
330
17
100
AcDbEntity
  8
RASTER_CONTOURS
100
AcDbPolyline
 90
7
 70
1
 10
37058.05609915198
 20
10596.868884540116
 10
36934.116112198295
 20
10596.868884540116
 10
36872.14611872145
 20
10472.92889758643
 10
36686.23613829093
 20
10348.988910632745
 10
36748.20613176777
 20
10410.958904109588
 10
36934.116112198295
 20
10410.958904109588
 10
36872.14611872145
 20
10472.92889758643
  0
LWPOLYLINE
  5
D3
330
17
100
AcDbEntity
  8
RASTER_CONTOURS
100
AcDbPolyline
 90
23
 70
1
 10
35942.59621656881
 20
10472.92889758643
 10
36004.566210045654
 20
10534.898891063272
 10
36314.41617742987
 20
10472.92889758643
 10
36314.41617742987
 20
10658.838878016959
 10
36438.35616438356
 20
10782.778864970644
 10
37181.99608610567
 20
10782.778864970644
 10
37243.96607958251
 20
10720.8088714938
 10
37181.99608610567
 20
10596.868884540116
 10
37429.87606001304
 20
10472.92889758643
 10
37429.87606001304
 20
10101.108936725373
 10
37305.936073059354
 20
10039.13894324853
 10
37181.99608610567
 20
10163.078930202217
 10
37058.05609915198
 20
10163.078930202217
 10
36872.14611872145
 20
10287.018917155901
 10
36810.17612524461
 20
10225.048923679058
 10
36996.08610567514
 20
10163.078930202217
 10
36934.116112198295
 20
9977.168949771687
 10
36066.5362035225
 20
9977.168949771687
 10
36004.566210045654
 20
10039.13894324853
 10
36190.47619047618
 20
10101.108936725373
 10
36128.50619699934
 20
10163.078930202217
 10
36066.5362035225
 20
10101.108936725373
 10
35942.59621656881
 20
10225.048923679058
  0
LWPOLYLINE
  5
D4
330
17
100
AcDbEntity
  8
RASTER_CONTOURS
100
AcDbPolyline
 90
190
 70
1
 10
36314.41617742987
 20
10720.8088714938
 10
36190.47619047618
 20
10534.898891063272
 10
35880.62622309197
 20
10534.898891063272
 10
35880.62622309197
 20
10410.958904109588
 10
35694.716242661445
 20
10348.988910632745
 10
35880.62622309197
 20
10348.988910632745
 10
35942.59621656881
 20
10287.018917155901
 10
35880.62622309197
 20
10163.078930202217
 10
36004.566210045654
 20
10039.13894324853
 10
35880.62622309197
 20
9915.198956294846
 10
35570.77625570776
 20
9915.198956294846
 10
35508.806262230915
 20
9853.228962818002
 10
35260.92628832354
 20
9853.228962818002
 10
35198.9562948467
 20
10039.13894324853
 10
35075.01630789301
 20
10039.13894324853
 10
34951.076320939326
 20
10163.078930202217
 10
34951.076320939326
 20
10287.018917155901
 10
34889.10632746248
 20
10287.018917155901
 10
34951.076320939326
 20
10163.078930202217
 10
34889.10632746248
 20
10101.108936725373
 10
35013.04631441617
 20
9977.168949771687
 10
34951.076320939326
 20
9853.228962818002
 10
34269.40639269406
 20
9791.25896934116
 10
34207.436399217215
 20
9977.168949771687
 10
34083.49641226353
 20
9915.198956294846
 10
33897.586431833
 20
10101.108936725373
 10
33897.586431833
 20
10287.018917155901
 10
33959.55642530984
 20
10348.988910632745
 10
34331.3763861709
 20
10348.988910632745
 10
34207.436399217215
 20
10410.958904109588
 10
34145.46640574037
 20
10348.988910632745
 10
33897.586431833
 20
10348.988910632745
 10
33897.586431833
 20
10287.018917155901
 10
33711.676451402476
 20
10163.078930202217
 10
33711.676451402476
 20
10039.13894324853
 10
33711.676451402476
 20
10101.108936725373
 10
33835.616438356155
 20
10163.078930202217
 10
33897.586431833
 20
10101.108936725373
 10
33835.616438356155
 20
10039.13894324853
 10
34021.526418786685
 20
9853.228962818002
 10
33897.586431833
 20
9729.288975864316
 10
33401.82648401826
 20
9729.288975864316
 10
33339.85649054142
 20
9667.318982387475
 10
33215.91650358773
 20
9853.228962818002
 10
33091.976516634044
 20
9853.228962818002
 10
32906.066536203514
 20
10039.13894324853
 10
32906.066536203514
 20
10225.048923679058
 10
32906.066536203514
 20
9977.168949771687
 10
33030.0065231572
 20
9853.228962818002
 10
32906.066536203514
 20
9667.318982387475
 10
32348.336594911932
 20
9605.348988910631
 10
32224.396607958246
 20
9791.25896934116
 10
31914.546640574034
 20
9853.228962818002
 10
32038.486627527716
 20
9729.288975864316
 10
31976.516634050877
 20
9605.348988910631
 10
31852.57664709719
 20
9543.378995433788
 10
31728.636660143504
 20
9605.348988910631
 10
31666.66666666666
 20
9543.378995433788
 10
31294.846705805605
 20
9543.378995433788
 10
31232.87671232876
 20
9605.348988910631
 10
31294.846705805605
 20
9667.318982387475
 10
31170.90671885192
 20
9667.318982387475
 10
30984.99673842139
 20
9853.228962818002
 10
30923.02674494455
 20
10039.13894324853
 10
30923.02674494455
 20
9791.25896934116
 10
31046.966731898232
 20
9605.348988910631
 10
30861.056751467706
 20
9481.409001956945
 10
30303.32681017612
 20
9481.409001956945
 10
30241.356816699277
 20
9605.348988910631
 10
30117.41682974559
 20
9543.378995433788
 10
29931.506849315065
 20
9853.228962818002
 10
29993.476842791904
 20
9791.25896934116
 10
29931.506849315065
 20
9729.288975864316
 10
29993.476842791904
 20
9605.348988910631
 10
30117.41682974559
 20
9543.378995433788
 10
29993.476842791904
 20
9419.439008480103
 10
29497.716894977162
 20
9419.439008480103
 10
29311.806914546636
 20
9357.46901500326
 10
29249.836921069793
 20
9543.378995433788
 10
29063.926940639263
 20
9543.378995433788
 10
28939.98695368558
 20
9667.318982387475
 10
28939.98695368558
 20
9791.25896934116
 10
29063.926940639263
 20
9419.439008480103
 10
28878.016960208737
 20
9295.499021526417
 10
28382.257012393995
 20
9295.499021526417
 10
28258.31702544031
 20
9481.409001956945
 10
28134.377038486622
 20
9481.409001956945
 10
28010.437051532936
 20
9605.348988910631
 10
28072.40704500978
 20
9419.439008480103
 10
28010.437051532936
 20
9295.499021526417
 10
27328.767123287667
 20
9295.499021526417
 10
27266.797129810824
 20
9419.439008480103
 10
27142.857142857138
 20
9419.439008480103
 10
26956.947162426608
 20
9543.378995433788
 10
27080.887149380294
 20
9419.439008480103
 10
26956.947162426608
 20
9233.529028049574
 10
26337.247227658183
 20
9233.529028049574
 10
26275.27723418134
 20
9419.439008480103
 10
26151.337247227653
 20
9357.46901500326
 10
25965.427266797124
 20
9605.348988910631
 10
26027.397260273967
 20
9791.25896934116
 10
25965.427266797124
 20
9791.25896934116
 10
25965.427266797124
 20
9481.409001956945
 10
26089.36725375081
 20
9357.46901500326
 10
25965.427266797124
 20
9171.559034572732
 10
25345.7273320287
 20
9171.559034572732
 10
25221.787345075012
 20
9295.499021526417
 10
25283.757338551855
 20
9357.46901500326
 10
25097.847358121326
 20
9357.46901500326
 10
24973.90737116764
 20
9481.409001956945
 10
24973.90737116764
 20
9605.348988910631
 10
24911.9373776908
 20
9419.439008480103
 10
25159.81735159817
 20
9233.529028049574
 10
24911.9373776908
 20
9109.58904109589
 10
24354.207436399214
 20
9109.58904109589
 10
24230.267449445528
 20
9233.529028049574
 10
24292.23744292237
 20
9295.499021526417
 10
24106.32746249184
 20
9295.499021526417
 10
23982.387475538155
 20
9481.409001956945
 10
24044.357469014998
 20
9667.318982387475
 10
23982.387475538155
 20
9667.318982387475
 10
24044.357469014998
 20
9171.559034572732
 10
23858.447488584472
 20
9047.619047619046
 10
23362.68754076973
 20
9047.619047619046
 10
23238.747553816043
 20
9233.529028049574
 10
23114.807566862357
 20
9233.529028049574
 10
22990.86757990867
 20
9357.46901500326
 10
22990.86757990867
 20
9543.378995433788
 10
23052.837573385514
 20
9605.348988910631
 10
22990.86757990867
 20
9605.348988910631
 10
22928.897586431827
 20
9481.409001956945
 10
22990.86757990867
 20
9357.46901500326
 10
22928.897586431827
 20
9295.499021526417
 10
23052.837573385514
 20
9233.529028049574
 10
22990.86757990867
 20
9047.619047619046
 10
22309.197651663402
 20
9047.619047619046
 10
22247.22765818656
 20
9233.529028049574
 10
22123.287671232873
 20
9233.529028049574
 10
21937.377690802343
 20
9419.439008480103
 10
21999.347684279186
 20
9605.348988910631
 10
21937.377690802343
 20
9543.378995433788
 10
21937.377690802343
 20
9295.499021526417
 10
22061.31767775603
 20
9171.559034572732
 10
21999.347684279186
 20
9047.619047619046
 10
21317.677756033918
 20
9047.619047619046
 10
21255.707762557075
 20
9109.58904109589
 10
21255.707762557075
 20
9295.499021526417
 10
21131.767775603388
 20
9233.529028049574
 10
21007.8277886497
 20
9357.46901500326
 10
21007.8277886497
 20
9605.348988910631
 10
20945.85779517286
 20
9605.348988910631
 10
20883.88780169602
 20
9481.409001956945
 10
20945.85779517286
 20
9295.499021526417
 10
21131.767775603388
 20
9171.559034572732
 10
20945.85779517286
 20
9047.619047619046
 10
20512.06784083496
 20
9047.619047619046
 10
20450.097847358116
 20
9109.58904109589
 10
20326.157860404433
 20
9047.619047619046
 10
20264.18786692759
 20
9109.58904109589
 10
20264.18786692759
 20
9295.499021526417
 10
20140.247879973904
 20
9233.529028049574
 10
20016.307893020217
 20
9357.46901500326
 10
19954.337899543374
 20
9357.46901500326
 10
19954.337899543374
 20
9295.499021526417
 10
20078.27788649706
 20
9171.559034572732
 10
19954.337899543374
 20
9047.619047619046
 10
19768.427919112848
 20
9047.619047619046
 10
19706.457925636005
 20
9109.58904109589
 10
19644.48793215916
 20
9047.619047619046
 10
19272.667971298106
 20
9171.559034572732
 10
19396.60795825179
 20
9233.529028049574
 10
19396.60795825179
 20
9791.25896934116
 10
19458.577951728632
 20
9915.198956294846
 10
20636.007827788646
 20
10782.778864970644
 10
20759.947814742332
 20
10720.8088714938
 10
21441.6177429876
 20
10720.8088714938
 10
21503.587736464444
 20
10782.778864970644
 10
21689.497716894974
 20
10720.8088714938
 10
30551.20678408349
 20
10720.8088714938
 10
30737.11676451402
 20
10844.748858447487
 10
34765.1663405088
 20
10844.748858447487
 10
34827.13633398564
 20
10782.778864970644
 10
35198.9562948467
 20
10844.748858447487
 10
35322.896281800386
 20
10720.8088714938
 10
35322.896281800386
 20
10596.868884540116
 10
35136.986301369856
 20
10472.92889758643
 10
35322.896281800386
 20
10410.958904109588
 10
35322.896281800386
 20
10534.898891063272
 10
35508.806262230915
 20
10782.778864970644
 10
36252.44618395303
 20
10782.778864970644
  0
LWPOLYLINE
  5
D5
330
17
100
AcDbEntity
  8
RASTER_CONTOURS
100
AcDbPolyline
 90
6
 70
1
 10
9171.559034572732
 20
11526.418786692757
 10
9233.529028049574
 20
11588.3887801696
 10
9481.409001956945
 20
11588.3887801696
 10
9543.378995433788
 20
11464.448793215914
 10
9481.409001956945
 20
11402.478799739072
 10
9233.529028049574
 20
11402.478799739072
  0
LWPOLYLINE
  5
D6
330
17
100
AcDbEntity
  8
RASTER_CONTOURS
100
AcDbPolyline
 90
11
 70
1
 10
46167.64514024787
 20
11650.358773646443
 10
46415.52511415524
 20
11464.448793215914
 10
46415.52511415524
 20
11278.538812785386
 10
46291.58512720156
 20
11154.598825831701
 10
46105.67514677103
 20
11154.598825831701
 10
46105.67514677103
 20
11092.628832354858
 10
46725.37508153946
 20
11092.628832354858
 10
46477.49510763209
 20
11216.568819308543
 10
46477.49510763209
 20
11526.418786692757
 10
46663.40508806262
 20
11588.3887801696
 10
46663.40508806262
 20
11650.358773646443
  0
LWPOLYLINE
  5
D7
330
17
100
AcDbEntity
  8
RASTER_CONTOURS
100
AcDbPolyline
 90
10
 70
1
 10
45671.88519243313
 20
11712.328767123285
 10
45547.945205479446
 20
11712.328767123285
 10
45300.06523157207
 20
11464.448793215914
 10
45114.15525114154
 20
11402.478799739072
 10
45176.125244618386
 20
11340.508806262229
 10
45300.06523157207
 20
11402.478799739072
 10
45424.00521852576
 20
11340.508806262229
 10
45424.00521852576
 20
11030.658838878015
 10
45485.9752120026
 20
11030.658838878015
 10
45485.9752120026
 20
11464.448793215914
  0
LWPOLYLINE
  5
D8
330
17
100
AcDbEntity
  8
RASTER_CONTOURS
100
AcDbPolyline
 90
10
 70
1
 10
44804.305283757334
 20
11712.328767123285
 10
44184.6053489889
 20
11712.328767123285
 10
44184.6053489889
 20
11464.448793215914
 10
44246.575342465745
 20
11464.448793215914
 10
44308.54533594259
 20
11650.358773646443
 10
44618.395303326804
 20
11650.358773646443
 10
44742.33529028049
 20
11526.418786692757
 10
44680.36529680365
 20
11340.508806262229
 10
44432.485322896275
 20
11030.658838878015
 10
44742.33529028049
 20
11278.538812785386
  0
LWPOLYLINE
  5
D9
330
17
100
AcDbEntity
  8
RASTER_CONTOURS
100
AcDbPolyline
 90
17
 70
1
 10
43502.93542074363
 20
11774.298760600128
 10
43378.99543378995
 20
11588.3887801696
 10
43193.08545335942
 20
11526.418786692757
 10
43378.99543378995
 20
11526.418786692757
 10
43440.96542726679
 20
11464.448793215914
 10
43378.99543378995
 20
11340.508806262229
 10
43193.08545335942
 20
11278.538812785386
 10
43193.08545335942
 20
11154.598825831701
 10
43440.96542726679
 20
11340.508806262229
 10
43502.93542074363
 20
11278.538812785386
 10
43440.96542726679
 20
11030.658838878015
 10
43564.90541422048
 20
11092.628832354858
 10
43564.90541422048
 20
11402.478799739072
 10
43688.84540117416
 20
11526.418786692757
 10
43812.78538812785
 20
11526.418786692757
 10
43812.78538812785
 20
11588.3887801696
 10
43688.84540117416
 20
11588.3887801696
  0
LWPOLYLINE
  5
DA
330
17
100
AcDbEntity
  8
RASTER_CONTOURS
100
AcDbPolyline
 90
13
 70
1
 10
50815.39465101108
 20
12208.088714938029
 10
51249.18460534898
 20
12084.148727984342
 10
51125.24461839529
 20
11774.298760600128
 10
51187.214611872136
 20
11650.358773646443
 10
51187.214611872136
 20
10906.71885192433
 10
51125.24461839529
 20
10844.748858447487
 10
51187.214611872136
 20
10782.778864970644
 10
51187.214611872136
 20
10472.92889758643
 10
51125.24461839529
 20
10410.958904109588
 10
51187.214611872136
 20
10163.078930202217
 10
51063.27462491845
 20
10039.13894324853
 10
50753.42465753424
 20
10225.048923679058
 10
50753.42465753424
 20
12146.118721461185
  0
LWPOLYLINE
  5
DB
330
17
100
AcDbEntity
  8
RASTER_CONTOURS
100
AcDbPolyline
 90
15
 70
1
 10
50381.60469667318
 20
12208.088714938029
 10
50567.51467710371
 20
12208.088714938029
 10
50629.484670580554
 20
12146.118721461185
 10
50629.484670580554
 20
10163.078930202217
 10
50567.51467710371
 20
10101.108936725373
 10
50381.60469667318
 20
10101.108936725373
 10
50257.664709719495
 20
10287.018917155901
 10
50257.664709719495
 20
10472.92889758643
 10
50319.63470319634
 20
10534.898891063272
 10
50257.664709719495
 20
10596.868884540116
 10
50257.664709719495
 20
10782.778864970644
 10
50319.63470319634
 20
10844.748858447487
 10
50257.664709719495
 20
11030.658838878015
 10
50319.63470319634
 20
11216.568819308543
 10
50319.63470319634
 20
12146.118721461185
  0
LWPOLYLINE
  5
DC
330
17
100
AcDbEntity
  8
RASTER_CONTOURS
100
AcDbPolyline
 90
19
 70
1
 10
9295.499021526417
 20
12146.118721461185
 10
9171.559034572732
 20
11960.208741030658
 10
8985.649054142203
 20
11836.268754076971
 10
8985.649054142203
 20
11774.298760600128
 10
9109.58904109589
 20
11712.328767123285
 10
9047.619047619046
 20
11340.508806262229
 10
9109.58904109589
 20
11278.538812785386
 10
9233.529028049574
 20
11340.508806262229
 10
9543.378995433788
 20
11340.508806262229
 10
9605.348988910631
 20
11278.538812785386
 10
9667.318982387475
 20
11340.508806262229
 10
9667.318982387475
 20
11588.3887801696
 10
9295.499021526417
 20
11712.328767123285
 10
9543.378995433788
 20
11836.268754076971
 10
9729.288975864316
 20
11774.298760600128
 10
9729.288975864316
 20
11836.268754076971
 10
9543.378995433788
 20
12022.178734507499
 10
9419.439008480103
 20
11836.268754076971
 10
9233.529028049574
 20
11960.208741030658
  0
LWPOLYLINE
  5
DD
330
17
100
AcDbEntity
  8
RASTER_CONTOURS
100
AcDbPolyline
 90
12
 70
1
 10
8118.069145466405
 20
12146.118721461185
 10
7994.129158512719
 20
12022.178734507499
 10
8056.0991519895615
 20
11650.358773646443
 10
7994.129158512719
 20
11588.3887801696
 10
8056.0991519895615
 20
11402.478799739072
 10
7994.129158512719
 20
11340.508806262229
 10
8489.88910632746
 20
11402.478799739072
 10
8551.859099804304
 20
11278.538812785386
 10
8675.79908675799
 20
11402.478799739072
 10
8675.79908675799
 20
11836.268754076971
 10
8737.769080234832
 20
11960.208741030658
 10
8675.79908675799
 20
12084.148727984342
  0
LWPOLYLINE
  5
DE
330
17
100
AcDbEntity
  8
RASTER_CONTOURS
100
AcDbPolyline
 90
8
 70
1
 10
30861.056751467706
 20
12332.028701891713
 10
30984.99673842139
 20
12146.118721461185
 10
30984.99673842139
 20
11092.628832354858
 10
30861.056751467706
 20
10968.688845401171
 10
30303.32681017612
 20
10782.778864970644
 10
30117.41682974559
 20
10906.71885192433
 10
30117.41682974559
 20
12208.088714938029
 10
30241.356816699277
 20
12332.028701891713
  0
LWPOLYLINE
  5
DF
330
17
100
AcDbEntity
  8
RASTER_CONTOURS
100
AcDbPolyline
 90
2
 70
1
 10
22371.167645140245
 20
12332.028701891713
 10
22371.167645140245
 20
11216.568819308543
  0
LWPOLYLINE
  5
E0
330
17
100
AcDbEntity
  8
RASTER_CONTOURS
100
AcDbPolyline
 90
10
 70
1
 10
21689.497716894974
 20
12455.9686888454
 10
21565.557729941287
 20
12579.908675799084
 10
21503.587736464444
 20
12517.938682322241
 10
21379.64774951076
 20
12579.908675799084
 10
21255.707762557075
 20
12455.9686888454
 10
20821.917808219176
 20
12455.9686888454
 10
21193.73776908023
 20
12455.9686888454
 10
21379.64774951076
 20
12332.028701891713
 10
21565.557729941287
 20
12332.028701891713
 10
21565.557729941287
 20
12393.998695368557
  0
LWPOLYLINE
  5
E1
330
17
100
AcDbEntity
  8
RASTER_CONTOURS
100
AcDbPolyline
 90
4
 70
1
 10
37429.87606001304
 20
12641.878669275928
 10
37615.78604044357
 20
12703.84866275277
 10
37677.756033920414
 20
12517.938682322241
 10
37491.846053489884
 20
12455.9686888454
  0
LWPOLYLINE
  5
E2
330
17
100
AcDbEntity
  8
RASTER_CONTOURS
100
AcDbPolyline
 90
10
 70
1
 10
30923.02674494455
 20
12827.788649706456
 10
30984.99673842139
 20
12889.758643183299
 10
31108.936725375075
 20
12827.788649706456
 10
31170.90671885192
 20
12951.728636660142
 10
31294.846705805605
 20
12889.758643183299
 10
31356.816699282448
 20
12765.818656229612
 10
31294.846705805605
 20
12703.84866275277
 10
31232.87671232876
 20
12765.818656229612
 10
31170.90671885192
 20
12703.84866275277
 10
30984.99673842139
 20
12703.84866275277
  0
LWPOLYLINE
  5
E3
330
17
100
AcDbEntity
  8
RASTER_CONTOURS
100
AcDbPolyline
 90
12
 70
1
 10
37181.99608610567
 20
13013.698630136983
 10
37429.87606001304
 20
13013.698630136983
 10
37491.846053489884
 20
12951.728636660142
 10
37491.846053489884
 20
12703.84866275277
 10
37367.9060665362
 20
12641.878669275928
 10
37305.936073059354
 20
12455.9686888454
 10
37243.96607958251
 20
12517.938682322241
 10
37243.96607958251
 20
12889.758643183299
 10
37243.96607958251
 20
12703.84866275277
 10
37181.99608610567
 20
12641.878669275928
 10
37058.05609915198
 20
12765.818656229612
 10
37058.05609915198
 20
12889.758643183299
  0
LWPOLYLINE
  5
E4
330
17
100
AcDbEntity
  8
RASTER_CONTOURS
100
AcDbPolyline
 90
6
 70
1
 10
34765.1663405088
 20
13013.698630136983
 10
34827.13633398564
 20
12951.728636660142
 10
34827.13633398564
 20
12641.878669275928
 10
34765.1663405088
 20
12579.908675799084
 10
34703.19634703196
 20
12641.878669275928
 10
34703.19634703196
 20
12951.728636660142
  0
LWPOLYLINE
  5
E5
330
17
100
AcDbEntity
  8
RASTER_CONTOURS
100
AcDbPolyline
 90
67
 70
1
 10
41891.71559034572
 20
12517.938682322241
 10
42077.62557077625
 20
12641.878669275928
 10
42635.355512067836
 20
12579.908675799084
 10
42697.32550554468
 20
12641.878669275928
 10
42697.32550554468
 20
13075.668623613827
 10
42821.26549249836
 20
13199.608610567513
 10
43750.81539465101
 20
13199.608610567513
 10
43936.72537508153
 20
13323.548597521198
 10
45547.945205479446
 20
13261.578604044355
 10
45733.855185909975
 20
13137.63861709067
 10
45919.7651663405
 20
13137.63861709067
 10
45981.73515981734
 20
13199.608610567513
 10
46043.705153294184
 20
13137.63861709067
 10
46477.49510763209
 20
13137.63861709067
 10
46539.46510110893
 20
13199.608610567513
 10
46601.43509458577
 20
13137.63861709067
 10
46725.37508153946
 20
13199.608610567513
 10
46787.3450750163
 20
13137.63861709067
 10
48894.32485322895
 20
13137.63861709067
 10
48956.294846705794
 20
13199.608610567513
 10
49018.26484018264
 20
13137.63861709067
 10
48956.294846705794
 20
13013.698630136983
 10
49018.26484018264
 20
12951.728636660142
 10
49018.26484018264
 20
12455.9686888454
 10
48956.294846705794
 20
12393.998695368557
 10
49018.26484018264
 20
12208.088714938029
 10
49018.26484018264
 20
11526.418786692757
 10
48956.294846705794
 20
11464.448793215914
 10
49018.26484018264
 20
11402.478799739072
 10
49018.26484018264
 20
11216.568819308543
 10
48956.294846705794
 20
11154.598825831701
 10
49018.26484018264
 20
10720.8088714938
 10
48956.294846705794
 20
10534.898891063272
 10
49018.26484018264
 20
10472.92889758643
 10
48956.294846705794
 20
10410.958904109588
 10
48956.294846705794
 20
10163.078930202217
 10
48832.354859752115
 20
10039.13894324853
 10
48708.41487279843
 20
10163.078930202217
 10
48708.41487279843
 20
10844.748858447487
 10
48646.444879321585
 20
10782.778864970644
 10
48646.444879321585
 20
10101.108936725373
 10
48522.5048923679
 20
9853.228962818002
 10
47902.80495759947
 20
9853.228962818002
 10
47716.894977168944
 20
10101.108936725373
 10
47716.894977168944
 20
10844.748858447487
 10
47654.9249836921
 20
10844.748858447487
 10
47654.9249836921
 20
10163.078930202217
 10
47592.95499021526
 20
9977.168949771687
 10
47469.01500326157
 20
9915.198956294846
 10
47345.075016307885
 20
10039.13894324853
 10
47407.04500978473
 20
10844.748858447487
 10
47283.10502283104
 20
10844.748858447487
 10
47345.075016307885
 20
10101.108936725373
 10
47221.1350293542
 20
9853.228962818002
 10
46663.40508806262
 20
9853.228962818002
 10
46601.43509458577
 20
9915.198956294846
 10
46415.52511415524
 20
9915.198956294846
 10
46353.5551206784
 20
9853.228962818002
 10
46105.67514677103
 20
9853.228962818002
 10
46043.705153294184
 20
9915.198956294846
 10
45919.7651663405
 20
9853.228962818002
 10
45857.795172863654
 20
9915.198956294846
 10
42759.29549902152
 20
9915.198956294846
 10
42697.32550554468
 20
9977.168949771687
 10
42573.38551859099
 20
9915.198956294846
 10
42015.6555772994
 20
9915.198956294846
 10
41891.71559034572
 20
10039.13894324853
  0
LWPOLYLINE
  5
E6
330
17
100
AcDbEntity
  8
RASTER_CONTOURS
100
AcDbPolyline
 90
2
 70
1
 10
32100.45662100456
 20
13261.578604044355
 10
32596.2165688193
 20
13261.578604044355
  0
LWPOLYLINE
  5
E7
330
17
100
AcDbEntity
  8
RASTER_CONTOURS
100
AcDbPolyline
 90
5
 70
1
 10
21007.8277886497
 20
13199.608610567513
 10
21565.557729941287
 20
13199.608610567513
 10
21379.64774951076
 20
13199.608610567513
 10
21317.677756033918
 20
13261.578604044355
 10
21069.797782126545
 20
13261.578604044355
  0
LWPOLYLINE
  5
E8
330
17
100
AcDbEntity
  8
RASTER_CONTOURS
100
AcDbPolyline
 90
6
 70
1
 10
26833.007175472925
 20
13261.578604044355
 10
26894.97716894977
 20
13323.548597521198
 10
26956.947162426608
 20
13261.578604044355
 10
27018.91715590345
 20
13323.548597521198
 10
27204.82713633398
 20
13323.548597521198
 10
26833.007175472925
 20
13323.548597521198
  0
LWPOLYLINE
  5
E9
330
17
100
AcDbEntity
  8
RASTER_CONTOURS
100
AcDbPolyline
 90
5
 70
1
 10
17847.358121330722
 20
13323.548597521198
 10
17847.358121330722
 20
13199.608610567513
 10
19396.60795825179
 20
13199.608610567513
 10
19520.547945205475
 20
13261.578604044355
 10
17971.298108284405
 20
13261.578604044355
  0
LWPOLYLINE
  5
EA
330
17
100
AcDbEntity
  8
RASTER_CONTOURS
100
AcDbPolyline
 90
7
 70
1
 10
26709.06718851924
 20
13261.578604044355
 10
26647.097195042395
 20
13385.518590998041
 10
26523.15720808871
 20
13261.578604044355
 10
26337.247227658183
 20
13323.548597521198
 10
26399.217221135026
 20
13261.578604044355
 10
26461.187214611866
 20
13323.548597521198
 10
26523.15720808871
 20
13261.578604044355
  0
LWPOLYLINE
  5
EB
330
17
100
AcDbEntity
  8
RASTER_CONTOURS
100
AcDbPolyline
 90
2
 70
1
 10
17289.628180039137
 20
13509.458577951726
 10
17289.628180039137
 20
11588.3887801696
  0
LWPOLYLINE
  5
EC
330
17
100
AcDbEntity
  8
RASTER_CONTOURS
100
AcDbPolyline
 90
5
 70
1
 10
36624.266144814086
 20
13881.278538812783
 10
36500.3261578604
 20
13757.338551859097
 10
36314.41617742987
 20
13757.338551859097
 10
36252.44618395303
 20
13819.30854533594
 10
36500.3261578604
 20
13943.248532289626
  0
LWPOLYLINE
  5
ED
330
17
100
AcDbEntity
  8
RASTER_CONTOURS
100
AcDbPolyline
 90
2
 70
1
 10
30365.296803652964
 20
14005.218525766468
 10
31914.546640574034
 20
14005.218525766468
  0
LWPOLYLINE
  5
EE
330
17
100
AcDbEntity
  8
RASTER_CONTOURS
100
AcDbPolyline
 90
11
 70
1
 10
26399.217221135026
 20
14067.188519243311
 10
26399.217221135026
 20
14005.218525766468
 10
27080.887149380294
 20
14005.218525766468
 10
27142.857142857138
 20
14067.188519243311
 10
27328.767123287667
 20
14005.218525766468
 10
27452.70711024135
 20
14067.188519243311
 10
27514.677103718193
 20
14005.218525766468
 10
27514.677103718193
 20
14067.188519243311
 10
26771.037181996082
 20
14067.188519243311
 10
26709.06718851924
 20
14005.218525766468
 10
26647.097195042395
 20
14067.188519243311
  0
LWPOLYLINE
  5
EF
330
17
100
AcDbEntity
  8
RASTER_CONTOURS
100
AcDbPolyline
 90
6
 70
1
 10
37120.026092628825
 20
14129.158512720154
 10
37181.99608610567
 20
14191.128506196997
 10
37491.846053489884
 20
14191.128506196997
 10
37553.81604696673
 20
14129.158512720154
 10
37491.846053489884
 20
14067.188519243311
 10
37181.99608610567
 20
14067.188519243311
  0
LWPOLYLINE
  5
F0
330
17
100
AcDbEntity
  8
RASTER_CONTOURS
100
AcDbPolyline
 90
14
 70
1
 10
23300.717547292887
 20
13943.248532289626
 10
23486.627527723413
 20
14067.188519243311
 10
23672.537508153942
 20
14005.218525766468
 10
23734.507501630786
 20
14067.188519243311
 10
23796.47749510763
 20
14005.218525766468
 10
26151.337247227653
 20
14005.218525766468
 10
26275.27723418134
 20
14067.188519243311
 10
25779.517286366598
 20
14067.188519243311
 10
25717.547292889754
 20
14005.218525766468
 10
25035.877364644482
 20
14067.188519243311
 10
24849.967384213956
 20
14005.218525766468
 10
24787.997390737113
 20
14067.188519243311
 10
23486.627527723413
 20
14067.188519243311
 10
23300.717547292887
 20
14129.158512720154
  0
LWPOLYLINE
  5
F1
330
17
100
AcDbEntity
  8
RASTER_CONTOURS
100
AcDbPolyline
 90
13
 70
1
 10
46415.52511415524
 20
14253.098499673839
 10
46539.46510110893
 20
14377.038486627525
 10
48460.534898891055
 20
14377.038486627525
 10
48646.444879321585
 20
14191.128506196997
 10
48646.444879321585
 20
13323.548597521198
 10
48336.59491193737
 20
13137.63861709067
 10
47964.77495107631
 20
13137.63861709067
 10
47902.80495759947
 20
13199.608610567513
 10
47778.86497064579
 20
13137.63861709067
 10
47469.01500326157
 20
13137.63861709067
 10
47407.04500978473
 20
13199.608610567513
 10
46477.49510763209
 20
13199.608610567513
 10
46415.52511415524
 20
13261.578604044355
  0
LWPOLYLINE
  5
F2
330
17
100
AcDbEntity
  8
RASTER_CONTOURS
100
AcDbPolyline
 90
13
 70
1
 10
41829.745596868874
 20
14315.068493150682
 10
41953.68558382256
 20
14439.008480104369
 10
45609.91519895629
 20
14439.008480104369
 10
45733.855185909975
 20
14315.068493150682
 10
45733.855185909975
 20
13385.518590998041
 10
45671.88519243313
 20
13323.548597521198
 10
43750.81539465101
 20
13323.548597521198
 10
43626.87540769732
 20
13199.608610567513
 10
42635.355512067836
 20
13199.608610567513
 10
42635.355512067836
 20
12765.818656229612
 10
42511.41552511415
 20
12641.878669275928
 10
41953.68558382256
 20
12641.878669275928
 10
41829.745596868874
 20
12827.788649706456
  0
LWPOLYLINE
  5
F3
330
17
100
AcDbEntity
  8
RASTER_CONTOURS
100
AcDbPolyline
 90
10
 70
1
 10
40218.525766470964
 20
14439.008480104369
 10
40466.40574037834
 20
14439.008480104369
 10
40590.345727332024
 20
14315.068493150682
 10
40590.345727332024
 20
13385.518590998041
 10
40466.40574037834
 20
13261.578604044355
 10
40218.525766470964
 20
13261.578604044355
 10
40094.58577951728
 20
13385.518590998041
 10
40094.58577951728
 20
13571.428571428569
 10
40032.615786040435
 20
13633.398564905412
 10
40094.58577951728
 20
14315.068493150682
  0
LWPOLYLINE
  5
F4
330
17
100
AcDbEntity
  8
RASTER_CONTOURS
100
AcDbPolyline
 90
13
 70
1
 10
49452.05479452054
 20
14562.948467058053
 10
49514.02478799738
 20
14500.97847358121
 10
49885.844748858435
 20
14500.97847358121
 10
50009.78473581212
 20
14377.038486627525
 10
49947.81474233528
 20
14253.098499673839
 10
50009.78473581212
 20
14191.128506196997
 10
50009.78473581212
 20
13881.278538812783
 10
49947.81474233528
 20
13819.30854533594
 10
49947.81474233528
 20
10039.13894324853
 10
49823.8747553816
 20
9853.228962818002
 10
49328.11480756685
 20
9853.228962818002
 10
49204.17482061317
 20
10101.108936725373
 10
49204.17482061317
 20
14439.008480104369
  0
LWPOLYLINE
  5
F5
330
17
100
AcDbEntity
  8
RASTER_CONTOURS
100
AcDbPolyline
 90
10
 70
1
 10
40404.435746901494
 20
14500.97847358121
 10
40342.46575342465
 20
14439.008480104369
 10
40032.615786040435
 20
14439.008480104369
 10
40032.615786040435
 20
13261.578604044355
 10
40094.58577951728
 20
13199.608610567513
 10
40528.37573385518
 20
13199.608610567513
 10
40652.31572080887
 20
13261.578604044355
 10
40590.345727332024
 20
13447.488584474884
 10
40590.345727332024
 20
14315.068493150682
 10
40652.31572080887
 20
14377.038486627525
  0
LWPOLYLINE
  5
F6
330
17
100
AcDbEntity
  8
RASTER_CONTOURS
100
AcDbPolyline
 90
26
 70
1
 10
45671.88519243313
 20
14562.948467058053
 10
45733.855185909975
 20
14624.918460534896
 10
46167.64514024787
 20
14624.918460534896
 10
46229.615133724714
 20
14810.828440965424
 10
46353.5551206784
 20
14748.858447488581
 10
46415.52511415524
 20
14562.948467058053
 10
46539.46510110893
 20
14624.918460534896
 10
48708.41487279843
 20
14562.948467058053
 10
48832.354859752115
 20
14439.008480104369
 10
48832.354859752115
 20
13385.518590998041
 10
48770.38486627527
 20
13323.548597521198
 10
48646.444879321585
 20
13571.428571428569
 10
48646.444879321585
 20
13757.338551859097
 10
48708.41487279843
 20
13819.30854533594
 10
48708.41487279843
 20
14253.098499673839
 10
48646.444879321585
 20
14377.038486627525
 10
46415.52511415524
 20
14377.038486627525
 10
46353.5551206784
 20
14253.098499673839
 10
46415.52511415524
 20
14067.188519243311
 10
46415.52511415524
 20
13757.338551859097
 10
46353.5551206784
 20
13695.368558382255
 10
46415.52511415524
 20
13509.458577951726
 10
46291.58512720156
 20
13323.548597521198
 10
45857.795172863654
 20
13323.548597521198
 10
45733.855185909975
 20
13447.488584474884
 10
45733.855185909975
 20
14439.008480104369
  0
LWPOLYLINE
  5
F7
330
17
100
AcDbEntity
  8
RASTER_CONTOURS
100
AcDbPolyline
 90
2
 70
1
 10
23610.5675146771
 20
15120.678408349639
 10
23610.5675146771
 20
14686.88845401174
  0
LWPOLYLINE
  5
F8
330
17
100
AcDbEntity
  8
RASTER_CONTOURS
100
AcDbPolyline
 90
6
 70
1
 10
39103.06588388779
 20
15430.528375733853
 10
39165.03587736464
 20
15492.498369210694
 10
39536.855838225696
 20
15492.498369210694
 10
39598.82583170254
 20
15306.588388780166
 10
39288.97586431832
 20
15058.708414872795
 10
39165.03587736464
 20
15182.648401826482
  0
LWPOLYLINE
  5
F9
330
17
100
AcDbEntity
  8
RASTER_CONTOURS
100
AcDbPolyline
 90
7
 70
1
 10
38607.305936073055
 20
15616.43835616438
 10
38545.33594259621
 20
15616.43835616438
 10
38545.33594259621
 20
15430.528375733853
 10
38359.42596216568
 20
15182.648401826482
 10
38483.36594911937
 20
15058.708414872795
 10
38545.33594259621
 20
15120.678408349639
 10
38483.36594911937
 20
15244.618395303323
  0
LWPOLYLINE
  5
FA
330
17
100
AcDbEntity
  8
RASTER_CONTOURS
100
AcDbPolyline
 90
2
 70
1
 10
27824.52707110241
 20
15616.43835616438
 10
27824.52707110241
 20
15120.678408349639
  0
LWPOLYLINE
  5
FB
330
17
100
AcDbEntity
  8
RASTER_CONTOURS
100
AcDbPolyline
 90
11
 70
1
 10
50257.664709719495
 20
15740.378343118065
 10
50691.4546640574
 20
15740.378343118065
 10
50753.42465753424
 20
15678.408349641224
 10
50753.42465753424
 20
12393.998695368557
 10
50629.484670580554
 20
12270.05870841487
 10
50319.63470319634
 20
12270.05870841487
 10
50195.69471624265
 20
12393.998695368557
 10
50195.69471624265
 20
14500.97847358121
 10
50133.72472276581
 20
14562.948467058053
 10
50195.69471624265
 20
14624.918460534896
 10
50195.69471624265
 20
15678.408349641224
  0
LWPOLYLINE
  5
FC
330
17
100
AcDbEntity
  8
RASTER_CONTOURS
100
AcDbPolyline
 90
2
 70
1
 10
17847.358121330722
 20
15864.318330071752
 10
17847.358121330722
 20
15430.528375733853
  0
LWPOLYLINE
  5
FD
330
17
100
AcDbEntity
  8
RASTER_CONTOURS
100
AcDbPolyline
 90
62
 70
1
 10
46167.64514024787
 20
15864.318330071752
 10
46167.64514024787
 20
14748.858447488581
 10
46043.705153294184
 20
14624.918460534896
 10
43069.14546640573
 20
14624.918460534896
 10
43007.17547292889
 20
14686.88845401174
 10
42945.205479452045
 20
14624.918460534896
 10
42821.26549249836
 20
14686.88845401174
 10
42511.41552511415
 20
14686.88845401174
 10
42449.445531637306
 20
14624.918460534896
 10
42263.535551206776
 20
14686.88845401174
 10
42077.62557077625
 20
14624.918460534896
 10
41705.805609915195
 20
14686.88845401174
 10
41643.83561643835
 20
14624.918460534896
 10
41643.83561643835
 20
12455.9686888454
 10
41581.86562296151
 20
12393.998695368557
 10
41581.86562296151
 20
12022.178734507499
 10
41643.83561643835
 20
11960.208741030658
 10
41581.86562296151
 20
11898.238747553814
 10
41581.86562296151
 20
10287.018917155901
 10
41519.895629484665
 20
10225.048923679058
 10
41333.985649054135
 20
10287.018917155901
 10
41333.985649054135
 20
13013.698630136983
 10
41272.01565557729
 20
13075.668623613827
 10
36748.20613176777
 20
13075.668623613827
 10
36686.23613829093
 20
13137.63861709067
 10
36562.29615133724
 20
13075.668623613827
 10
36500.3261578604
 20
13137.63861709067
 10
34393.346379647744
 20
13137.63861709067
 10
34269.40639269406
 20
13261.578604044355
 10
34331.3763861709
 20
13447.488584474884
 10
34455.31637312459
 20
13385.518590998041
 10
35632.7462491846
 20
13385.518590998041
 10
35632.7462491846
 20
13571.428571428569
 10
35756.68623613829
 20
13695.368558382255
 10
36500.3261578604
 20
13695.368558382255
 10
36624.266144814086
 20
13757.338551859097
 10
36686.23613829093
 20
13943.248532289626
 10
36872.14611872145
 20
14067.188519243311
 10
36996.08610567514
 20
14005.218525766468
 10
37058.05609915198
 20
14067.188519243311
 10
37429.87606001304
 20
14067.188519243311
 10
37553.81604696673
 20
14005.218525766468
 10
37677.756033920414
 20
14067.188519243311
 10
37677.756033920414
 20
14315.068493150682
 10
37739.72602739726
 20
14377.038486627525
 10
38669.2759295499
 20
14377.038486627525
 10
38669.2759295499
 20
14562.948467058053
 10
38793.21591650358
 20
14686.88845401174
 10
39660.79582517938
 20
14686.88845401174
 10
39660.79582517938
 20
14934.76842791911
 10
39722.765818656226
 20
14996.738421395952
 10
40962.165688193076
 20
14996.738421395952
 10
41024.13568166992
 20
15058.708414872795
 10
41024.13568166992
 20
15244.618395303323
 10
41148.075668623605
 20
15368.55838225701
 10
42201.56555772993
 20
15368.55838225701
 10
42325.50554468362
 20
15678.408349641224
 10
43193.08545335942
 20
15678.408349641224
 10
43255.05544683626
 20
15802.348336594909
 10
43193.08545335942
 20
15864.318330071752
 10
43317.025440313104
 20
15988.258317025438
 10
46043.705153294184
 20
15988.258317025438
  0
LWPOLYLINE
  5
FE
330
17
100
AcDbEntity
  8
RASTER_CONTOURS
100
AcDbPolyline
 90
10
 70
1
 10
26894.97716894977
 20
15926.288323548595
 10
27204.82713633398
 20
15988.258317025438
 10
27266.797129810824
 20
15926.288323548595
 10
27514.677103718193
 20
15926.288323548595
 10
27638.61709067188
 20
15802.348336594909
 10
27638.61709067188
 20
14624.918460534896
 10
27514.677103718193
 20
14500.97847358121
 10
26833.007175472925
 20
14500.97847358121
 10
26771.037181996082
 20
14562.948467058053
 10
26771.037181996082
 20
15802.348336594909
  0
LWPOLYLINE
  5
FF
330
17
100
AcDbEntity
  8
RASTER_CONTOURS
100
AcDbPolyline
 90
2
 70
1
 10
23424.65753424657
 20
16484.01826484018
 10
23424.65753424657
 20
15926.288323548595
  0
LWPOLYLINE
  5
100
330
17
100
AcDbEntity
  8
RASTER_CONTOURS
100
AcDbPolyline
 90
3
 70
1
 10
42139.59556425309
 20
16607.958251793865
 10
41953.68558382256
 20
16112.198303979123
 10
42077.62557077625
 20
16112.198303979123
  0
LWPOLYLINE
  5
101
330
17
100
AcDbEntity
  8
RASTER_CONTOURS
100
AcDbPolyline
 90
14
 70
1
 10
49699.93476842791
 20
16731.89823874755
 10
49637.96477495107
 20
16669.92824527071
 10
49885.844748858435
 20
16545.988258317022
 10
49885.844748858435
 20
16298.10828440965
 10
49761.904761904756
 20
16174.168297455966
 10
49575.994781474226
 20
16174.168297455966
 10
49637.96477495107
 20
16112.198303979123
 10
50195.69471624265
 20
16112.198303979123
 10
50257.664709719495
 20
16174.168297455966
 10
50071.754729288965
 20
16174.168297455966
 10
49947.81474233528
 20
16298.10828440965
 10
49947.81474233528
 20
16545.988258317022
 10
50195.69471624265
 20
16669.92824527071
 10
50071.754729288965
 20
16731.89823874755
  0
LWPOLYLINE
  5
102
330
17
100
AcDbEntity
  8
RASTER_CONTOURS
100
AcDbPolyline
 90
7
 70
1
 10
33711.676451402476
 20
16793.868232224395
 10
33773.64644487931
 20
16731.89823874755
 10
33773.64644487931
 20
16545.988258317022
 10
33587.73646444879
 20
16484.01826484018
 10
33525.76647097195
 20
16669.92824527071
 10
33587.73646444879
 20
16731.89823874755
 10
33649.70645792563
 20
16607.958251793865
  0
LWPOLYLINE
  5
103
330
17
100
AcDbEntity
  8
RASTER_CONTOURS
100
AcDbPolyline
 90
10
 70
1
 10
49142.204827136324
 20
16793.868232224395
 10
48832.354859752115
 20
16545.988258317022
 10
48646.444879321585
 20
16484.01826484018
 10
48646.444879321585
 20
16422.048271363336
 10
48832.354859752115
 20
16422.048271363336
 10
48894.32485322895
 20
16360.078277886494
 10
48894.32485322895
 20
16112.198303979123
 10
48956.294846705794
 20
16050.22831050228
 10
48956.294846705794
 20
16360.078277886494
 10
49142.204827136324
 20
16669.92824527071
  0
LWPOLYLINE
  5
104
330
17
100
AcDbEntity
  8
RASTER_CONTOURS
100
AcDbPolyline
 90
15
 70
1
 10
47778.86497064579
 20
16793.868232224395
 10
47654.9249836921
 20
16731.89823874755
 10
47654.9249836921
 20
16484.01826484018
 10
47716.894977168944
 20
16484.01826484018
 10
47778.86497064579
 20
16669.92824527071
 10
48150.68493150684
 20
16669.92824527071
 10
48212.65492498368
 20
16607.958251793865
 10
48150.68493150684
 20
16360.078277886494
 10
47902.80495759947
 20
16112.198303979123
 10
47902.80495759947
 20
16050.22831050228
 10
47964.77495107631
 20
16050.22831050228
 10
48274.624918460526
 20
16484.01826484018
 10
48274.624918460526
 20
16731.89823874755
 10
48088.714938029996
 20
16793.868232224395
 10
47902.80495759947
 20
16731.89823874755
  0
LWPOLYLINE
  5
105
330
17
100
AcDbEntity
  8
RASTER_CONTOURS
100
AcDbPolyline
 90
15
 70
1
 10
47035.22504892367
 20
16793.868232224395
 10
46973.255055446825
 20
16793.868232224395
 10
46849.31506849314
 20
16607.958251793865
 10
46663.40508806262
 20
16607.958251793865
 10
46973.255055446825
 20
16422.048271363336
 10
46911.28506196998
 20
16360.078277886494
 10
46973.255055446825
 20
16298.10828440965
 10
46849.31506849314
 20
16112.198303979123
 10
46911.28506196998
 20
16050.22831050228
 10
47035.22504892367
 20
16112.198303979123
 10
47035.22504892367
 20
16422.048271363336
 10
47159.165035877355
 20
16545.988258317022
 10
47283.10502283104
 20
16545.988258317022
 10
47283.10502283104
 20
16607.958251793865
 10
47159.165035877355
 20
16607.958251793865
  0
LWPOLYLINE
  5
106
330
17
100
AcDbEntity
  8
RASTER_CONTOURS
100
AcDbPolyline
 90
29
 70
1
 10
38173.51598173515
 20
16855.838225701238
 10
38793.21591650358
 20
16855.838225701238
 10
38855.18590998042
 20
16793.868232224395
 10
38979.12589693411
 20
16855.838225701238
 10
39598.82583170254
 20
16855.838225701238
 10
39660.79582517938
 20
16793.868232224395
 10
39660.79582517938
 20
16112.198303979123
 10
39536.855838225696
 20
15988.258317025438
 10
39474.88584474885
 20
15616.43835616438
 10
39350.94585779517
 20
15492.498369210694
 10
39103.06588388779
 20
15492.498369210694
 10
38979.12589693411
 20
15306.588388780166
 10
38917.155903457264
 20
15368.55838225701
 10
38917.155903457264
 20
15182.648401826482
 10
38855.18590998042
 20
15120.678408349639
 10
38917.155903457264
 20
15120.678408349639
 10
38917.155903457264
 20
15244.618395303323
 10
39041.09589041095
 20
15306.588388780166
 10
39227.00587084148
 20
15058.708414872795
 10
39103.06588388779
 20
14872.798434442268
 10
38917.155903457264
 20
14934.76842791911
 10
38607.305936073055
 20
14872.798434442268
 10
38483.36594911937
 20
14934.76842791911
 10
38483.36594911937
 20
14872.798434442268
 10
38297.45596868884
 20
14748.858447488581
 10
38111.54598825831
 20
14934.76842791911
 10
38173.51598173515
 20
15120.678408349639
 10
38111.54598825831
 20
15244.618395303323
 10
38111.54598825831
 20
16793.868232224395
  0
LWPOLYLINE
  5
107
330
17
100
AcDbEntity
  8
RASTER_CONTOURS
100
AcDbPolyline
 90
8
 70
1
 10
32720.15655577299
 20
16855.838225701238
 10
32782.12654924983
 20
16793.868232224395
 10
32782.12654924983
 20
16545.988258317022
 10
32720.15655577299
 20
16484.01826484018
 10
32658.186562296145
 20
16669.92824527071
 10
32534.24657534246
 20
16545.988258317022
 10
32472.27658186562
 20
16607.958251793865
 10
32472.27658186562
 20
16731.89823874755
  0
LWPOLYLINE
  5
108
330
17
100
AcDbEntity
  8
RASTER_CONTOURS
100
AcDbPolyline
 90
6
 70
1
 10
27328.767123287667
 20
16917.808219178078
 10
27390.73711676451
 20
16855.838225701238
 10
27390.73711676451
 20
16484.01826484018
 10
27328.767123287667
 20
16422.048271363336
 10
27266.797129810824
 20
16484.01826484018
 10
27266.797129810824
 20
16855.838225701238
  0
LWPOLYLINE
  5
109
330
17
100
AcDbEntity
  8
RASTER_CONTOURS
100
AcDbPolyline
 90
6
 70
1
 10
27204.82713633398
 20
16917.808219178078
 10
27266.797129810824
 20
16855.838225701238
 10
27266.797129810824
 20
16484.01826484018
 10
27204.82713633398
 20
16422.048271363336
 10
27080.887149380294
 20
16607.958251793865
 10
27080.887149380294
 20
16793.868232224395
  0
LWPOLYLINE
  5
10A
330
17
100
AcDbEntity
  8
RASTER_CONTOURS
100
AcDbPolyline
 90
107
 70
1
 10
29187.86692759295
 20
16484.01826484018
 10
29187.86692759295
 20
16793.868232224395
 10
29249.836921069793
 20
16855.838225701238
 10
29435.746901500323
 20
16855.838225701238
 10
29497.716894977162
 20
16793.868232224395
 10
29497.716894977162
 20
16484.01826484018
 10
29497.716894977162
 20
16793.868232224395
 10
29559.686888454005
 20
16855.838225701238
 10
29621.65688193085
 20
16793.868232224395
 10
29621.65688193085
 20
16484.01826484018
 10
29807.56686236138
 20
16360.078277886494
 10
29807.56686236138
 20
16484.01826484018
 10
29931.506849315065
 20
16545.988258317022
 10
29931.506849315065
 20
16731.89823874755
 10
29993.476842791904
 20
16793.868232224395
 10
30117.41682974559
 20
16731.89823874755
 10
30055.446836268748
 20
16669.92824527071
 10
30117.41682974559
 20
16607.958251793865
 10
30055.446836268748
 20
16484.01826484018
 10
30117.41682974559
 20
16422.048271363336
 10
30117.41682974559
 20
16607.958251793865
 10
30179.386823222434
 20
16669.92824527071
 10
30241.356816699277
 20
16607.958251793865
 10
30241.356816699277
 20
16422.048271363336
 10
30241.356816699277
 20
16855.838225701238
 10
30303.32681017612
 20
16917.808219178078
 10
30365.296803652964
 20
16855.838225701238
 10
30365.296803652964
 20
16545.988258317022
 10
30427.266797129807
 20
16793.868232224395
 10
30489.236790606647
 20
16855.838225701238
 10
30551.20678408349
 20
16793.868232224395
 10
30551.20678408349
 20
16422.048271363336
 10
30551.20678408349
 20
16793.868232224395
 10
30613.176777560333
 20
16855.838225701238
 10
30799.086757990863
 20
16855.838225701238
 10
30861.056751467706
 20
16793.868232224395
 10
30799.086757990863
 20
16484.01826484018
 10
30923.02674494455
 20
16917.808219178078
 10
30984.99673842139
 20
16855.838225701238
 10
30984.99673842139
 20
16422.048271363336
 10
31108.936725375075
 20
16669.92824527071
 10
31170.90671885192
 20
16607.958251793865
 10
31170.90671885192
 20
16793.868232224395
 10
31232.87671232876
 20
16855.838225701238
 10
31294.846705805605
 20
16793.868232224395
 10
31294.846705805605
 20
16422.048271363336
 10
31294.846705805605
 20
16731.89823874755
 10
31356.816699282448
 20
16793.868232224395
 10
31418.78669275929
 20
16731.89823874755
 10
31418.78669275929
 20
16422.048271363336
 10
31542.726679712974
 20
16855.838225701238
 10
31604.696673189817
 20
16793.868232224395
 10
31604.696673189817
 20
16484.01826484018
 10
31604.696673189817
 20
16793.868232224395
 10
31666.66666666666
 20
16855.838225701238
 10
31728.636660143504
 20
16793.868232224395
 10
31728.636660143504
 20
16484.01826484018
 10
31728.636660143504
 20
16793.868232224395
 10
31790.606653620347
 20
16855.838225701238
 10
31914.546640574034
 20
16607.958251793865
 10
31914.546640574034
 20
16422.048271363336
 10
31914.546640574034
 20
16731.89823874755
 10
31976.516634050877
 20
16793.868232224395
 10
32038.486627527716
 20
16669.92824527071
 10
32100.45662100456
 20
16855.838225701238
 10
32162.426614481403
 20
16793.868232224395
 10
32162.426614481403
 20
16422.048271363336
 10
32162.426614481403
 20
16731.89823874755
 10
32286.36660143509
 20
16855.838225701238
 10
32348.336594911932
 20
16793.868232224395
 10
32348.336594911932
 20
16422.048271363336
 10
32348.336594911932
 20
16731.89823874755
 10
32410.306588388776
 20
16793.868232224395
 10
32472.27658186562
 20
16731.89823874755
 10
32472.27658186562
 20
16484.01826484018
 10
32534.24657534246
 20
16545.988258317022
 10
32596.2165688193
 20
16422.048271363336
 10
32720.15655577299
 20
16484.01826484018
 10
32782.12654924983
 20
16422.048271363336
 10
32782.12654924983
 20
16793.868232224395
 10
32844.09654272667
 20
16855.838225701238
 10
32906.066536203514
 20
16793.868232224395
 10
32906.066536203514
 20
16422.048271363336
 10
32968.03652968036
 20
16484.01826484018
 10
32906.066536203514
 20
16607.958251793865
 10
33030.0065231572
 20
16731.89823874755
 10
33091.976516634044
 20
16669.92824527071
 10
33091.976516634044
 20
16422.048271363336
 10
33153.94651011089
 20
16484.01826484018
 10
33215.91650358773
 20
16422.048271363336
 10
33277.88649706457
 20
16484.01826484018
 10
33401.82648401826
 20
16422.048271363336
 10
33401.82648401826
 20
16731.89823874755
 10
33463.7964774951
 20
16793.868232224395
 10
33525.76647097195
 20
16731.89823874755
 10
33525.76647097195
 20
16422.048271363336
 10
33773.64644487931
 20
16422.048271363336
 10
33835.616438356155
 20
16360.078277886494
 10
33897.586431833
 20
16422.048271363336
 10
34021.526418786685
 20
16236.13829093281
 10
34021.526418786685
 20
16793.868232224395
 10
34269.40639269406
 20
16917.808219178078
 10
29869.53685583822
 20
16917.808219178078
 10
29807.56686236138
 20
16979.77821265492
 10
29745.596868884535
 20
16917.808219178078
 10
29249.836921069793
 20
16917.808219178078
 10
29187.86692759295
 20
16979.77821265492
  0
LWPOLYLINE
  5
10B
330
17
100
AcDbEntity
  8
RASTER_CONTOURS
100
AcDbPolyline
 90
30
 70
1
 10
23610.5675146771
 20
16979.77821265492
 10
23672.537508153942
 20
16484.01826484018
 10
23672.537508153942
 20
16731.89823874755
 10
23734.507501630786
 20
16793.868232224395
 10
23796.47749510763
 20
16731.89823874755
 10
23796.47749510763
 20
16484.01826484018
 10
23796.47749510763
 20
16793.868232224395
 10
23858.447488584472
 20
16855.838225701238
 10
23920.417482061315
 20
16793.868232224395
 10
23920.417482061315
 20
16484.01826484018
 10
23920.417482061315
 20
16731.89823874755
 10
24044.357469014998
 20
16855.838225701238
 10
24106.32746249184
 20
16793.868232224395
 10
24106.32746249184
 20
16422.048271363336
 10
24106.32746249184
 20
16793.868232224395
 10
24168.297455968685
 20
16855.838225701238
 10
24230.267449445528
 20
16793.868232224395
 10
24230.267449445528
 20
16484.01826484018
 10
24354.207436399214
 20
16545.988258317022
 10
24416.177429876057
 20
16484.01826484018
 10
24416.177429876057
 20
16793.868232224395
 10
24478.147423352897
 20
16855.838225701238
 10
24540.11741682974
 20
16793.868232224395
 10
24540.11741682974
 20
16484.01826484018
 10
24540.11741682974
 20
16917.808219178078
 10
24416.177429876057
 20
16979.77821265492
 10
24292.23744292237
 20
16917.808219178078
 10
23920.417482061315
 20
16979.77821265492
 10
23858.447488584472
 20
16917.808219178078
 10
23796.47749510763
 20
16979.77821265492
  0
LWPOLYLINE
  5
10C
330
17
100
AcDbEntity
  8
RASTER_CONTOURS
100
AcDbPolyline
 90
2
 70
1
 10
17847.358121330722
 20
17041.748206131764
 10
17847.358121330722
 20
16050.22831050228
  0
LWPOLYLINE
  5
10D
330
17
100
AcDbEntity
  8
RASTER_CONTOURS
100
AcDbPolyline
 90
4
 70
1
 10
33525.76647097195
 20
17165.68819308545
 10
34083.49641226353
 20
17165.68819308545
 10
34145.46640574037
 20
17103.718199608607
 10
34331.3763861709
 20
17165.68819308545
  0
LWPOLYLINE
  5
10E
330
17
100
AcDbEntity
  8
RASTER_CONTOURS
100
AcDbPolyline
 90
7
 70
1
 10
30365.296803652964
 20
17165.68819308545
 10
30303.32681017612
 20
17227.658186562294
 10
30117.41682974559
 20
17103.718199608607
 10
30055.446836268748
 20
17165.68819308545
 10
29869.53685583822
 20
17165.68819308545
 10
29931.506849315065
 20
17103.718199608607
 10
30241.356816699277
 20
17103.718199608607
  0
LWPOLYLINE
  5
10F
330
17
100
AcDbEntity
  8
RASTER_CONTOURS
100
AcDbPolyline
 90
5
 70
1
 10
34455.31637312459
 20
17165.68819308545
 10
34703.19634703196
 20
17165.68819308545
 10
34889.10632746248
 20
16979.77821265492
 10
34889.10632746248
 20
17103.718199608607
 10
34579.256360078274
 20
17289.628180039137
  0
LWPOLYLINE
  5
110
330
17
100
AcDbEntity
  8
RASTER_CONTOURS
100
AcDbPolyline
 90
5
 70
1
 10
34083.49641226353
 20
18033.26810176125
 10
33897.586431833
 20
18033.26810176125
 10
33835.616438356155
 20
17971.298108284405
 10
32906.066536203514
 20
17971.298108284405
 10
34083.49641226353
 20
17971.298108284405
  0
LWPOLYLINE
  5
111
330
17
100
AcDbEntity
  8
RASTER_CONTOURS
100
AcDbPolyline
 90
8
 70
1
 10
23858.447488584472
 20
18095.23809523809
 10
24416.177429876057
 20
18095.23809523809
 10
24478.147423352897
 20
18033.26810176125
 10
24664.057403783427
 20
18033.26810176125
 10
24726.02739726027
 20
18095.23809523809
 10
24849.967384213956
 20
18033.26810176125
 10
26275.27723418134
 20
18033.26810176125
 10
26275.27723418134
 20
18095.23809523809
  0
LWPOLYLINE
  5
112
330
17
100
AcDbEntity
  8
RASTER_CONTOURS
100
AcDbPolyline
 90
7
 70
1
 10
34579.256360078274
 20
18281.14807566862
 10
34455.31637312459
 20
18219.17808219178
 10
34517.28636660143
 20
18157.208088714935
 10
34455.31637312459
 20
17971.298108284405
 10
34517.28636660143
 20
17971.298108284405
 10
34579.256360078274
 20
17847.358121330722
 10
34641.22635355512
 20
18033.26810176125
  0
LWPOLYLINE
  5
113
330
17
100
AcDbEntity
  8
RASTER_CONTOURS
100
AcDbPolyline
 90
6
 70
1
 10
38979.12589693411
 20
18776.908023483364
 10
39041.09589041095
 20
18714.93803000652
 10
39041.09589041095
 20
18529.02804957599
 10
38855.18590998042
 20
18467.058056099148
 10
38793.21591650358
 20
18529.02804957599
 10
38917.155903457264
 20
18590.998043052834
  0
LWPOLYLINE
  5
114
330
17
100
AcDbEntity
  8
RASTER_CONTOURS
100
AcDbPolyline
 90
16
 70
1
 10
43626.87540769732
 20
18900.848010437046
 10
45609.91519895629
 20
18838.878016960207
 10
45733.855185909975
 20
18714.93803000652
 10
45671.88519243313
 20
18652.968036529677
 10
45733.855185909975
 20
17971.298108284405
 10
46043.705153294184
 20
17971.298108284405
 10
46105.67514677103
 20
17909.328114807562
 10
46105.67514677103
 20
16298.10828440965
 10
45981.73515981734
 20
16174.168297455966
 10
44494.45531637312
 20
16174.168297455966
 10
44432.485322896275
 20
16236.13829093281
 10
43812.78538812785
 20
16174.168297455966
 10
43750.81539465101
 20
16236.13829093281
 10
43440.96542726679
 20
16236.13829093281
 10
43378.99543378995
 20
16298.10828440965
 10
43378.99543378995
 20
18776.908023483364
  0
LWPOLYLINE
  5
115
330
17
100
AcDbEntity
  8
RASTER_CONTOURS
100
AcDbPolyline
 90
13
 70
1
 10
40032.615786040435
 20
18776.908023483364
 10
40032.615786040435
 20
18157.208088714935
 10
39970.64579256359
 20
18095.23809523809
 10
37801.69602087409
 20
18095.23809523809
 10
37677.756033920414
 20
18343.118069145465
 10
37801.69602087409
 20
18529.02804957599
 10
37863.666014350936
 20
18405.088062622304
 10
39041.09589041095
 20
18405.088062622304
 10
39103.06588388779
 20
18467.058056099148
 10
39103.06588388779
 20
18776.908023483364
 10
39474.88584474885
 20
18900.848010437046
 10
39536.855838225696
 20
18838.878016960207
 10
39970.64579256359
 20
18838.878016960207
  0
LWPOLYLINE
  5
116
330
17
100
AcDbEntity
  8
RASTER_CONTOURS
100
AcDbPolyline
 90
9
 70
1
 10
46477.49510763209
 20
18962.81800391389
 10
46601.43509458577
 20
19086.757990867576
 10
48336.59491193737
 20
19086.757990867576
 10
48522.5048923679
 20
19024.787997390733
 10
48646.444879321585
 20
18900.848010437046
 10
48646.444879321585
 20
18033.26810176125
 10
48522.5048923679
 20
17909.328114807562
 10
46539.46510110893
 20
17909.328114807562
 10
46477.49510763209
 20
17971.298108284405
  0
LWPOLYLINE
  5
117
330
17
100
AcDbEntity
  8
RASTER_CONTOURS
100
AcDbPolyline
 90
8
 70
1
 10
40156.55577299412
 20
19086.757990867576
 10
40528.37573385518
 20
19086.757990867576
 10
40590.345727332024
 20
19024.787997390733
 10
40590.345727332024
 20
18281.14807566862
 10
40466.40574037834
 20
18157.208088714935
 10
40280.49575994781
 20
18157.208088714935
 10
40094.58577951728
 20
18281.14807566862
 10
40094.58577951728
 20
19024.787997390733
  0
LWPOLYLINE
  5
118
330
17
100
AcDbEntity
  8
RASTER_CONTOURS
100
AcDbPolyline
 90
8
 70
1
 10
40032.615786040435
 20
19086.757990867576
 10
39970.64579256359
 20
18900.848010437046
 10
39103.06588388779
 20
18900.848010437046
 10
39041.09589041095
 20
18838.878016960207
 10
38917.155903457264
 20
18900.848010437046
 10
39041.09589041095
 20
19086.757990867576
 10
39908.67579908675
 20
19086.757990867576
 10
39970.64579256359
 20
19148.72798434442
  0
LWPOLYLINE
  5
119
330
17
100
AcDbEntity
  8
RASTER_CONTOURS
100
AcDbPolyline
 90
12
 70
1
 10
34765.1663405088
 20
18281.14807566862
 10
34827.13633398564
 20
18343.118069145465
 10
34765.1663405088
 20
18467.058056099148
 10
34765.1663405088
 20
18838.878016960207
 10
34951.076320939326
 20
19086.757990867576
 10
35075.01630789301
 20
19024.787997390733
 10
37120.026092628825
 20
19024.787997390733
 10
35384.86627527723
 20
19024.787997390733
 10
35322.896281800386
 20
19086.757990867576
 10
35136.986301369856
 20
19024.787997390733
 10
34889.10632746248
 20
19148.72798434442
 10
34765.1663405088
 20
19024.787997390733
  0
LWPOLYLINE
  5
11A
330
17
100
AcDbEntity
  8
RASTER_CONTOURS
100
AcDbPolyline
 90
8
 70
1
 10
433.7899543378995
 20
19458.577951728632
 10
619.6999347684279
 20
19396.60795825179
 10
619.6999347684279
 20
15678.408349641224
 10
557.7299412915851
 20
15616.43835616438
 10
371.8199608610567
 20
15616.43835616438
 10
247.87997390737112
 20
15802.348336594909
 10
309.8499673842139
 20
15988.258317025438
 10
309.8499673842139
 20
19334.63796477495
  0
LWPOLYLINE
  5
11B
330
17
100
AcDbEntity
  8
RASTER_CONTOURS
100
AcDbPolyline
 90
11
 70
1
 10
41024.13568166992
 20
19644.48793215916
 10
41024.13568166992
 20
19396.60795825179
 10
40962.165688193076
 20
19334.63796477495
 10
40156.55577299412
 20
19334.63796477495
 10
40094.58577951728
 20
19396.60795825179
 10
39970.64579256359
 20
19334.63796477495
 10
39908.67579908675
 20
19396.60795825179
 10
39908.67579908675
 20
19520.547945205475
 10
40032.615786040435
 20
19644.48793215916
 10
40900.19569471623
 20
19644.48793215916
 10
40962.165688193076
 20
19706.457925636005
  0
LWPOLYLINE
  5
11C
330
17
100
AcDbEntity
  8
RASTER_CONTOURS
100
AcDbPolyline
 90
8
 70
1
 10
43378.99543378995
 20
19830.39791258969
 10
43193.08545335942
 20
19768.427919112848
 10
43255.05544683626
 20
19644.48793215916
 10
43255.05544683626
 20
19210.697977821263
 10
43193.08545335942
 20
19086.757990867576
 10
43378.99543378995
 20
19148.72798434442
 10
43317.025440313104
 20
19210.697977821263
 10
43317.025440313104
 20
19706.457925636005
  0
LWPOLYLINE
  5
11D
330
17
100
AcDbEntity
  8
RASTER_CONTOURS
100
AcDbPolyline
 90
8
 70
1
 10
26894.97716894977
 20
20016.307893020217
 10
27576.647097195037
 20
20016.307893020217
 10
27638.61709067188
 20
19954.337899543374
 10
27638.61709067188
 20
18590.998043052834
 10
27576.647097195037
 20
18529.02804957599
 10
26894.97716894977
 20
18529.02804957599
 10
26771.037181996082
 20
18652.968036529677
 10
26771.037181996082
 20
19892.367906066534
  0
LWPOLYLINE
  5
11E
330
17
100
AcDbEntity
  8
RASTER_CONTOURS
100
AcDbPolyline
 90
11
 70
1
 10
22123.287671232873
 20
20016.307893020217
 10
21813.43770384866
 20
19954.337899543374
 10
21875.407697325503
 20
19892.367906066534
 10
21937.377690802343
 20
19954.337899543374
 10
22061.31767775603
 20
19830.39791258969
 10
21875.407697325503
 20
19768.427919112848
 10
21875.407697325503
 20
19520.547945205475
 10
21689.497716894974
 20
19272.667971298106
 10
21875.407697325503
 20
19334.63796477495
 10
21875.407697325503
 20
19582.51793868232
 10
22061.31767775603
 20
19768.427919112848
  0
LWPOLYLINE
  5
11F
330
17
100
AcDbEntity
  8
RASTER_CONTOURS
100
AcDbPolyline
 90
9
 70
1
 10
40900.19569471623
 20
20078.27788649706
 10
41024.13568166992
 20
20202.217873450747
 10
41953.68558382256
 20
20202.217873450747
 10
42015.6555772994
 20
20140.247879973904
 10
42015.6555772994
 20
19892.367906066534
 10
41953.68558382256
 20
19830.39791258969
 10
41148.075668623605
 20
19830.39791258969
 10
41024.13568166992
 20
19768.427919112848
 10
40900.19569471623
 20
19892.367906066534
  0
LWPOLYLINE
  5
120
330
17
100
AcDbEntity
  8
RASTER_CONTOURS
100
AcDbPolyline
 90
43
 70
1
 10
40094.58577951728
 20
19210.697977821263
 10
40218.525766470964
 20
19334.63796477495
 10
40342.46575342465
 20
19272.667971298106
 10
40404.435746901494
 20
19334.63796477495
 10
41086.10567514676
 20
19334.63796477495
 10
41086.10567514676
 20
19644.48793215916
 10
41210.04566210045
 20
19768.427919112848
 10
42077.62557077625
 20
19768.427919112848
 10
42077.62557077625
 20
20078.27788649706
 10
42325.50554468362
 20
20264.18786692759
 10
42945.205479452045
 20
20264.18786692759
 10
43007.17547292889
 20
20202.217873450747
 10
43193.08545335942
 20
20202.217873450747
 10
43255.05544683626
 20
20264.18786692759
 10
43440.96542726679
 20
20202.217873450747
 10
43502.93542074363
 20
20264.18786692759
 10
43564.90541422048
 20
20202.217873450747
 10
43936.72537508153
 20
20202.217873450747
 10
43998.69536855837
 20
20264.18786692759
 10
44246.575342465745
 20
20202.217873450747
 10
44370.51532941943
 20
20264.18786692759
 10
44432.485322896275
 20
20202.217873450747
 10
46105.67514677103
 20
20202.217873450747
 10
46167.64514024787
 20
20140.247879973904
 10
46167.64514024787
 20
19396.60795825179
 10
46105.67514677103
 20
19334.63796477495
 10
45795.82517938682
 20
19334.63796477495
 10
45733.855185909975
 20
19272.667971298106
 10
45733.855185909975
 20
18962.81800391389
 10
45547.945205479446
 20
18838.878016960207
 10
45052.1852576647
 20
18838.878016960207
 10
44990.21526418786
 20
18900.848010437046
 10
43378.99543378995
 20
18900.848010437046
 10
43378.99543378995
 20
18714.93803000652
 10
43255.05544683626
 20
18529.02804957599
 10
42449.445531637306
 20
18467.058056099148
 10
42263.535551206776
 20
18343.118069145465
 10
42077.62557077625
 20
18343.118069145465
 10
41519.895629484665
 20
18157.208088714935
 10
40776.25570776255
 20
18095.23809523809
 10
40652.31572080887
 20
18219.17808219178
 10
40652.31572080887
 20
19148.72798434442
 10
40156.55577299412
 20
19148.72798434442
  0
LWPOLYLINE
  5
121
330
17
100
AcDbEntity
  8
RASTER_CONTOURS
100
AcDbPolyline
 90
55
 70
1
 10
23610.5675146771
 20
18343.118069145465
 10
23982.387475538155
 20
18405.088062622304
 10
24044.357469014998
 20
18343.118069145465
 10
24168.297455968685
 20
18405.088062622304
 10
24664.057403783427
 20
18405.088062622304
 10
24726.02739726027
 20
18343.118069145465
 10
24787.997390737113
 20
18405.088062622304
 10
24849.967384213956
 20
18343.118069145465
 10
26151.337247227653
 20
18343.118069145465
 10
26213.307240704497
 20
18405.088062622304
 10
26833.007175472925
 20
18405.088062622304
 10
26894.97716894977
 20
18343.118069145465
 10
27018.91715590345
 20
18405.088062622304
 10
27080.887149380294
 20
18343.118069145465
 10
27204.82713633398
 20
18405.088062622304
 10
31356.816699282448
 20
18405.088062622304
 10
31418.78669275929
 20
18343.118069145465
 10
32038.486627527716
 20
18343.118069145465
 10
32100.45662100456
 20
18281.14807566862
 10
32162.426614481403
 20
18343.118069145465
 10
33835.616438356155
 20
18343.118069145465
 10
33959.55642530984
 20
18219.17808219178
 10
34083.49641226353
 20
18219.17808219178
 10
34021.526418786685
 20
18343.118069145465
 10
34021.526418786685
 20
19768.427919112848
 10
34021.526418786685
 20
18529.02804957599
 10
33959.55642530984
 20
18467.058056099148
 10
30179.386823222434
 20
18467.058056099148
 10
29807.56686236138
 20
18590.998043052834
 10
29745.596868884535
 20
18529.02804957599
 10
27948.467058056096
 20
18529.02804957599
 10
27824.52707110241
 20
18652.968036529677
 10
27762.557077625566
 20
18590.998043052834
 10
27700.587084148723
 20
18652.968036529677
 10
27700.587084148723
 20
19954.337899543374
 10
27762.557077625566
 20
20016.307893020217
 10
27824.52707110241
 20
19954.337899543374
 10
27886.497064579253
 20
20078.27788649706
 10
27762.557077625566
 20
20016.307893020217
 10
27638.61709067188
 20
20078.27788649706
 10
27576.647097195037
 20
20016.307893020217
 10
27514.677103718193
 20
20078.27788649706
 10
27328.767123287667
 20
20078.27788649706
 10
27204.82713633398
 20
20264.18786692759
 10
27204.82713633398
 20
20140.247879973904
 10
27080.887149380294
 20
20016.307893020217
 10
26771.037181996082
 20
20016.307893020217
 10
26771.037181996082
 20
18652.968036529677
 10
26709.06718851924
 20
18590.998043052834
 10
26585.127201565552
 20
18652.968036529677
 10
26523.15720808871
 20
18529.02804957599
 10
26399.217221135026
 20
18652.968036529677
 10
26337.247227658183
 20
18529.02804957599
 10
23734.507501630786
 20
18529.02804957599
 10
23672.537508153942
 20
18652.968036529677
  0
LWPOLYLINE
  5
122
330
17
100
AcDbEntity
  8
RASTER_CONTOURS
100
AcDbPolyline
 90
6
 70
1
 10
44742.33529028049
 20
20326.157860404433
 10
44804.305283757334
 20
20388.127853881277
 10
45424.00521852576
 20
20388.127853881277
 10
45485.9752120026
 20
20326.157860404433
 10
45424.00521852576
 20
20264.18786692759
 10
44804.305283757334
 20
20264.18786692759
  0
LWPOLYLINE
  5
123
330
17
100
AcDbEntity
  8
RASTER_CONTOURS
100
AcDbPolyline
 90
10
 70
1
 10
41953.68558382256
 20
20636.007827788646
 10
42077.62557077625
 20
20759.947814742332
 10
43007.17547292889
 20
20697.97782126549
 10
43069.14546640573
 20
20636.007827788646
 10
43069.14546640573
 20
20388.127853881277
 10
43255.05544683626
 20
20326.157860404433
 10
43193.08545335942
 20
20264.18786692759
 10
42077.62557077625
 20
20264.18786692759
 10
42015.6555772994
 20
20202.217873450747
 10
41953.68558382256
 20
20264.18786692759
  0
LWPOLYLINE
  5
124
330
17
100
AcDbEntity
  8
RASTER_CONTOURS
100
AcDbPolyline
 90
7
 70
1
 10
32162.426614481403
 20
20945.85779517286
 10
32224.396607958246
 20
20883.88780169602
 10
32224.396607958246
 20
20697.97782126549
 10
32100.45662100456
 20
20574.037834311803
 10
32038.486627527716
 20
20636.007827788646
 10
32100.45662100456
 20
20759.947814742332
 10
32038.486627527716
 20
20883.88780169602
  0
LWPOLYLINE
  5
125
330
17
100
AcDbEntity
  8
RASTER_CONTOURS
100
AcDbPolyline
 90
10
 70
1
 10
27328.767123287667
 20
21007.8277886497
 10
27452.70711024135
 20
20945.85779517286
 10
27452.70711024135
 20
20574.037834311803
 10
27328.767123287667
 20
20512.06784083496
 10
27266.797129810824
 20
20636.007827788646
 10
27204.82713633398
 20
20512.06784083496
 10
27142.857142857138
 20
20574.037834311803
 10
27142.857142857138
 20
20883.88780169602
 10
27204.82713633398
 20
20945.85779517286
 10
27266.797129810824
 20
20883.88780169602
  0
LWPOLYLINE
  5
126
330
17
100
AcDbEntity
  8
RASTER_CONTOURS
100
AcDbPolyline
 90
8
 70
1
 10
29993.476842791904
 20
21069.797782126545
 10
29683.626875407692
 20
21069.797782126545
 10
29683.626875407692
 20
20512.06784083496
 10
29807.56686236138
 20
20450.097847358116
 10
29807.56686236138
 20
20326.157860404433
 10
29869.53685583822
 20
20883.88780169602
 10
29931.506849315065
 20
20945.85779517286
 10
29993.476842791904
 20
20883.88780169602
  0
LWPOLYLINE
  5
127
330
17
100
AcDbEntity
  8
RASTER_CONTOURS
100
AcDbPolyline
 90
2
 70
1
 10
31170.90671885192
 20
21193.73776908023
 10
31914.546640574034
 20
21193.73776908023
  0
LWPOLYLINE
  5
128
330
17
100
AcDbEntity
  8
RASTER_CONTOURS
100
AcDbPolyline
 90
2
 70
1
 10
30365.296803652964
 20
21193.73776908023
 10
31046.966731898232
 20
21193.73776908023
  0
LWPOLYLINE
  5
129
330
17
100
AcDbEntity
  8
RASTER_CONTOURS
100
AcDbPolyline
 90
13
 70
1
 10
49637.96477495107
 20
21255.707762557075
 10
49885.844748858435
 20
21069.797782126545
 10
49885.844748858435
 20
20945.85779517286
 10
49761.904761904756
 20
20759.947814742332
 10
49575.994781474226
 20
20759.947814742332
 10
49575.994781474226
 20
20697.97782126549
 10
50195.69471624265
 20
20697.97782126549
 10
50195.69471624265
 20
20759.947814742332
 10
50009.78473581212
 20
20759.947814742332
 10
49947.81474233528
 20
20821.917808219176
 10
49947.81474233528
 20
21131.767775603388
 10
50133.72472276581
 20
21193.73776908023
 10
50133.72472276581
 20
21255.707762557075
  0
LWPOLYLINE
  5
12A
330
17
100
AcDbEntity
  8
RASTER_CONTOURS
100
AcDbPolyline
 90
120
 70
1
 10
23672.537508153942
 20
20450.097847358116
 10
23672.537508153942
 20
20574.037834311803
 10
23734.507501630786
 20
20636.007827788646
 10
23796.47749510763
 20
20574.037834311803
 10
23920.417482061315
 20
21007.8277886497
 10
23982.387475538155
 20
20945.85779517286
 10
23982.387475538155
 20
20574.037834311803
 10
23982.387475538155
 20
20945.85779517286
 10
24044.357469014998
 20
21007.8277886497
 10
24106.32746249184
 20
20945.85779517286
 10
24106.32746249184
 20
20697.97782126549
 10
24230.267449445528
 20
20883.88780169602
 10
24292.23744292237
 20
20821.917808219176
 10
24292.23744292237
 20
20574.037834311803
 10
24416.177429876057
 20
20574.037834311803
 10
24478.147423352897
 20
20697.97782126549
 10
24540.11741682974
 20
20574.037834311803
 10
24602.087410306583
 20
20697.97782126549
 10
24540.11741682974
 20
20759.947814742332
 10
24540.11741682974
 20
20945.85779517286
 10
24602.087410306583
 20
21007.8277886497
 10
24726.02739726027
 20
20945.85779517286
 10
24726.02739726027
 20
20574.037834311803
 10
24787.997390737113
 20
20574.037834311803
 10
24787.997390737113
 20
20759.947814742332
 10
24849.967384213956
 20
20821.917808219176
 10
24973.90737116764
 20
20574.037834311803
 10
25035.877364644482
 20
20636.007827788646
 10
24973.90737116764
 20
20759.947814742332
 10
25097.847358121326
 20
21007.8277886497
 10
25159.81735159817
 20
20945.85779517286
 10
25159.81735159817
 20
20574.037834311803
 10
25221.787345075012
 20
20574.037834311803
 10
25159.81735159817
 20
20945.85779517286
 10
25283.757338551855
 20
21007.8277886497
 10
25345.7273320287
 20
20945.85779517286
 10
25345.7273320287
 20
20574.037834311803
 10
25469.66731898238
 20
20759.947814742332
 10
25655.57729941291
 20
20512.06784083496
 10
25717.547292889754
 20
20697.97782126549
 10
25779.517286366598
 20
20574.037834311803
 10
25841.48727984344
 20
20945.85779517286
 10
26027.397260273967
 20
21007.8277886497
 10
26089.36725375081
 20
20945.85779517286
 10
26089.36725375081
 20
20574.037834311803
 10
26089.36725375081
 20
20759.947814742332
 10
26213.307240704497
 20
20821.917808219176
 10
26337.247227658183
 20
20697.97782126549
 10
26399.217221135026
 20
20388.127853881277
 10
26461.187214611866
 20
20512.06784083496
 10
26647.097195042395
 20
20388.127853881277
 10
26709.06718851924
 20
20512.06784083496
 10
26709.06718851924
 20
20821.917808219176
 10
26771.037181996082
 20
20883.88780169602
 10
26833.007175472925
 20
20821.917808219176
 10
26833.007175472925
 20
20636.007827788646
 10
26833.007175472925
 20
20883.88780169602
 10
26894.97716894977
 20
20945.85779517286
 10
26956.947162426608
 20
20883.88780169602
 10
26956.947162426608
 20
20636.007827788646
 10
27080.887149380294
 20
20883.88780169602
 10
27142.857142857138
 20
20821.917808219176
 10
27142.857142857138
 20
20450.097847358116
 10
27204.82713633398
 20
20388.127853881277
 10
27452.70711024135
 20
20450.097847358116
 10
27452.70711024135
 20
20945.85779517286
 10
27514.677103718193
 20
21007.8277886497
 10
27576.647097195037
 20
20945.85779517286
 10
27576.647097195037
 20
20636.007827788646
 10
27576.647097195037
 20
20945.85779517286
 10
27700.587084148723
 20
21007.8277886497
 10
27762.557077625566
 20
20945.85779517286
 10
27700.587084148723
 20
20574.037834311803
 10
27762.557077625566
 20
20636.007827788646
 10
27886.497064579253
 20
20388.127853881277
 10
27886.497064579253
 20
20759.947814742332
 10
28010.437051532936
 20
21007.8277886497
 10
28072.40704500978
 20
20945.85779517286
 10
28072.40704500978
 20
20759.947814742332
 10
28072.40704500978
 20
20883.88780169602
 10
28196.347031963465
 20
21007.8277886497
 10
28320.28701891715
 20
20945.85779517286
 10
28382.257012393995
 20
21007.8277886497
 10
28506.196999347678
 20
20883.88780169602
 10
28506.196999347678
 20
20512.06784083496
 10
28630.136986301364
 20
20697.97782126549
 10
28630.136986301364
 20
20945.85779517286
 10
28754.07697325505
 20
21007.8277886497
 10
28816.046966731894
 20
20883.88780169602
 10
28878.016960208737
 20
20945.85779517286
 10
29063.926940639263
 20
20883.88780169602
 10
29125.896934116106
 20
21007.8277886497
 10
29435.746901500323
 20
21007.8277886497
 10
29497.716894977162
 20
20945.85779517286
 10
29559.686888454005
 20
21069.797782126545
 10
27886.497064579253
 20
21069.797782126545
 10
27824.52707110241
 20
21131.767775603388
 10
27762.557077625566
 20
21069.797782126545
 10
26585.127201565552
 20
21069.797782126545
 10
26523.15720808871
 20
21131.767775603388
 10
26461.187214611866
 20
21069.797782126545
 10
26151.337247227653
 20
21069.797782126545
 10
26089.36725375081
 20
21131.767775603388
 10
25965.427266797124
 20
21069.797782126545
 10
25903.457273320284
 20
21193.73776908023
 10
25779.517286366598
 20
21069.797782126545
 10
25717.547292889754
 20
21131.767775603388
 10
25593.607305936068
 20
21069.797782126545
 10
25469.66731898238
 20
21131.767775603388
 10
24726.02739726027
 20
21131.767775603388
 10
24664.057403783427
 20
21069.797782126545
 10
24478.147423352897
 20
21069.797782126545
 10
24292.23744292237
 20
21193.73776908023
 10
24292.23744292237
 20
21131.767775603388
 10
24168.297455968685
 20
21069.797782126545
 10
23982.387475538155
 20
21193.73776908023
 10
23796.47749510763
 20
21131.767775603388
 10
23672.537508153942
 20
21255.707762557075
 10
23672.537508153942
 20
20697.97782126549
 10
23734.507501630786
 20
20636.007827788646
  0
LWPOLYLINE
  5
12B
330
17
100
AcDbEntity
  8
RASTER_CONTOURS
100
AcDbPolyline
 90
5
 70
1
 10
39784.73581213307
 20
21317.677756033918
 10
39660.79582517938
 20
21317.677756033918
 10
39660.79582517938
 20
20697.97782126549
 10
39722.765818656226
 20
20574.037834311803
 10
39722.765818656226
 20
21193.73776908023
  0
LWPOLYLINE
  5
12C
330
17
100
AcDbEntity
  8
RASTER_CONTOURS
100
AcDbPolyline
 90
5
 70
1
 10
38173.51598173515
 20
21317.677756033918
 10
38049.575994781466
 20
21317.677756033918
 10
38049.575994781466
 20
19148.72798434442
 10
38111.54598825831
 20
19086.757990867576
 10
38111.54598825831
 20
21255.707762557075
  0
LWPOLYLINE
  5
12D
330
17
100
AcDbEntity
  8
RASTER_CONTOURS
100
AcDbPolyline
 90
9
 70
1
 10
49080.23483365948
 20
21379.64774951076
 10
48832.354859752115
 20
21131.767775603388
 10
48584.47488584474
 20
21007.8277886497
 10
48832.354859752115
 20
21007.8277886497
 10
48894.32485322895
 20
20945.85779517286
 10
48894.32485322895
 20
20636.007827788646
 10
48956.294846705794
 20
20636.007827788646
 10
48956.294846705794
 20
21069.797782126545
 10
49142.204827136324
 20
21317.677756033918
  0
LWPOLYLINE
  5
12E
330
17
100
AcDbEntity
  8
RASTER_CONTOURS
100
AcDbPolyline
 90
14
 70
1
 10
48212.65492498368
 20
21379.64774951076
 10
48088.714938029996
 20
21317.677756033918
 10
47654.9249836921
 20
21317.677756033918
 10
47592.95499021526
 20
21255.707762557075
 10
47592.95499021526
 20
21069.797782126545
 10
47654.9249836921
 20
21069.797782126545
 10
47778.86497064579
 20
21255.707762557075
 10
48088.714938029996
 20
21255.707762557075
 10
48150.68493150684
 20
21193.73776908023
 10
48150.68493150684
 20
21007.8277886497
 10
47840.83496412263
 20
20636.007827788646
 10
48026.74494455315
 20
20697.97782126549
 10
48212.65492498368
 20
20945.85779517286
 10
48274.624918460526
 20
21317.677756033918
  0
LWPOLYLINE
  5
12F
330
17
100
AcDbEntity
  8
RASTER_CONTOURS
100
AcDbPolyline
 90
82
 70
1
 10
34083.49641226353
 20
21379.64774951076
 10
34021.526418786685
 20
21379.64774951076
 10
33897.586431833
 20
21007.8277886497
 10
33401.82648401826
 20
21007.8277886497
 10
33339.85649054142
 20
21069.797782126545
 10
33153.94651011089
 20
21007.8277886497
 10
32906.066536203514
 20
21131.767775603388
 10
32844.09654272667
 20
21069.797782126545
 10
32162.426614481403
 20
21069.797782126545
 10
32100.45662100456
 20
21007.8277886497
 10
32038.486627527716
 20
21069.797782126545
 10
31604.696673189817
 20
21069.797782126545
 10
31542.726679712974
 20
21007.8277886497
 10
31480.75668623613
 20
21069.797782126545
 10
31108.936725375075
 20
21069.797782126545
 10
31046.966731898232
 20
21007.8277886497
 10
30861.056751467706
 20
21069.797782126545
 10
30365.296803652964
 20
21069.797782126545
 10
30303.32681017612
 20
21007.8277886497
 10
30179.386823222434
 20
21069.797782126545
 10
30117.41682974559
 20
21007.8277886497
 10
30117.41682974559
 20
20574.037834311803
 10
30241.356816699277
 20
20512.06784083496
 10
30241.356816699277
 20
20883.88780169602
 10
30303.32681017612
 20
20945.85779517286
 10
30489.236790606647
 20
20945.85779517286
 10
30551.20678408349
 20
21007.8277886497
 10
30737.11676451402
 20
20945.85779517286
 10
30799.086757990863
 20
21007.8277886497
 10
30861.056751467706
 20
20945.85779517286
 10
30861.056751467706
 20
20512.06784083496
 10
30861.056751467706
 20
20945.85779517286
 10
31046.966731898232
 20
21007.8277886497
 10
31108.936725375075
 20
20945.85779517286
 10
31542.726679712974
 20
20945.85779517286
 10
31604.696673189817
 20
20883.88780169602
 10
31604.696673189817
 20
20512.06784083496
 10
31728.636660143504
 20
20697.97782126549
 10
31604.696673189817
 20
20759.947814742332
 10
31604.696673189817
 20
20945.85779517286
 10
31666.66666666666
 20
21007.8277886497
 10
31728.636660143504
 20
20821.917808219176
 10
31914.546640574034
 20
20883.88780169602
 10
31976.516634050877
 20
21007.8277886497
 10
32038.486627527716
 20
20945.85779517286
 10
32038.486627527716
 20
20512.06784083496
 10
32100.45662100456
 20
20574.037834311803
 10
32224.396607958246
 20
20512.06784083496
 10
32224.396607958246
 20
20883.88780169602
 10
32286.36660143509
 20
20945.85779517286
 10
32348.336594911932
 20
20883.88780169602
 10
32348.336594911932
 20
20512.06784083496
 10
32596.2165688193
 20
20512.06784083496
 10
32658.186562296145
 20
20574.037834311803
 10
32658.186562296145
 20
20883.88780169602
 10
32720.15655577299
 20
20945.85779517286
 10
32782.12654924983
 20
20883.88780169602
 10
32782.12654924983
 20
20512.06784083496
 10
32844.09654272667
 20
20574.037834311803
 10
32844.09654272667
 20
20883.88780169602
 10
32906.066536203514
 20
20945.85779517286
 10
32968.03652968036
 20
20883.88780169602
 10
32968.03652968036
 20
20512.06784083496
 10
32968.03652968036
 20
20883.88780169602
 10
33030.0065231572
 20
20945.85779517286
 10
33091.976516634044
 20
20883.88780169602
 10
33091.976516634044
 20
20512.06784083496
 10
33153.94651011089
 20
20636.007827788646
 10
33215.91650358773
 20
20512.06784083496
 10
33401.82648401826
 20
20450.097847358116
 10
33463.7964774951
 20
20574.037834311803
 10
33587.73646444879
 20
20512.06784083496
 10
33649.70645792563
 20
20636.007827788646
 10
33711.676451402476
 20
20450.097847358116
 10
33773.64644487931
 20
20636.007827788646
 10
33835.616438356155
 20
20512.06784083496
 10
33835.616438356155
 20
20759.947814742332
 10
33897.586431833
 20
20821.917808219176
 10
33959.55642530984
 20
20759.947814742332
 10
33959.55642530984
 20
20450.097847358116
 10
34021.526418786685
 20
20326.157860404433
 10
34021.526418786685
 20
21255.707762557075
  0
LWPOLYLINE
  5
130
330
17
100
AcDbEntity
  8
RASTER_CONTOURS
100
AcDbPolyline
 90
6
 70
1
 10
123.93998695368556
 20
21999.347684279186
 10
185.90998043052835
 20
21937.377690802343
 10
185.90998043052835
 20
21007.8277886497
 10
123.93998695368556
 20
20945.85779517286
 10
61.96999347684278
 20
21007.8277886497
 10
61.96999347684278
 20
21937.377690802343
  0
LWPOLYLINE
  5
131
330
17
100
AcDbEntity
  8
RASTER_CONTOURS
100
AcDbPolyline
 90
74
 70
1
 10
50753.42465753424
 20
22557.07762557077
 10
51001.304631441606
 20
22371.167645140245
 10
50939.33463796476
 20
22185.257664709716
 10
51063.27462491845
 20
22061.31767775603
 10
51125.24461839529
 20
21503.587736464444
 10
51373.124592302665
 20
21317.677756033918
 10
51435.09458577951
 20
21379.64774951076
 10
51744.944553163725
 20
21379.64774951076
 10
51806.91454664057
 20
21317.677756033918
 10
51868.88454011741
 20
21379.64774951076
 10
52240.70450097846
 20
21379.64774951076
 10
52302.67449445531
 20
21317.677756033918
 10
52302.67449445531
 20
21193.73776908023
 10
52054.794520547934
 20
21007.8277886497
 10
51868.88454011741
 20
20945.85779517286
 10
51497.06457925635
 20
21007.8277886497
 10
51373.124592302665
 20
20945.85779517286
 10
51311.15459882582
 20
20326.157860404433
 10
51249.18460534898
 20
20264.18786692759
 10
51311.15459882582
 20
19892.367906066534
 10
51249.18460534898
 20
19830.39791258969
 10
51311.15459882582
 20
19334.63796477495
 10
51435.09458577951
 20
19272.667971298106
 10
51311.15459882582
 20
18529.02804957599
 10
51682.97455968688
 20
18405.088062622304
 10
51744.944553163725
 20
18467.058056099148
 10
52116.76451402478
 20
18467.058056099148
 10
52178.73450750162
 20
18405.088062622304
 10
52364.64448793215
 20
18467.058056099148
 10
52426.61448140899
 20
18405.088062622304
 10
52240.70450097846
 20
17971.298108284405
 10
52364.64448793215
 20
17785.38812785388
 10
52364.64448793215
 20
17661.448140900193
 10
52240.70450097846
 20
17537.508153946506
 10
52302.67449445531
 20
17413.56816699282
 10
52302.67449445531
 20
17165.68819308545
 10
52240.70450097846
 20
17103.718199608607
 10
52302.67449445531
 20
16917.808219178078
 10
52302.67449445531
 20
16669.92824527071
 10
52240.70450097846
 20
16607.958251793865
 10
52302.67449445531
 20
16360.078277886494
 10
52116.76451402478
 20
16174.168297455966
 10
51992.82452707109
 20
16236.13829093281
 10
51682.97455968688
 20
16236.13829093281
 10
51621.00456621004
 20
16174.168297455966
 10
51373.124592302665
 20
16236.13829093281
 10
51187.214611872136
 20
15802.348336594909
 10
50877.36464448792
 20
15802.348336594909
 10
50753.42465753424
 20
15926.288323548595
 10
50815.39465101108
 20
16112.198303979123
 10
50753.42465753424
 20
16236.13829093281
 10
50753.42465753424
 20
16484.01826484018
 10
50815.39465101108
 20
16545.988258317022
 10
50815.39465101108
 20
16731.89823874755
 10
50753.42465753424
 20
16793.868232224395
 10
50753.42465753424
 20
16979.77821265492
 10
50815.39465101108
 20
17041.748206131764
 10
50753.42465753424
 20
17227.658186562294
 10
50815.39465101108
 20
17413.56816699282
 10
50815.39465101108
 20
17661.448140900193
 10
50753.42465753424
 20
17723.418134377036
 10
50815.39465101108
 20
17909.328114807562
 10
50815.39465101108
 20
18590.998043052834
 10
50753.42465753424
 20
18652.968036529677
 10
50815.39465101108
 20
18776.908023483364
 10
50815.39465101108
 20
19086.757990867576
 10
50753.42465753424
 20
19148.72798434442
 10
50815.39465101108
 20
19272.667971298106
 10
50815.39465101108
 20
20388.127853881277
 10
50753.42465753424
 20
20450.097847358116
 10
50753.42465753424
 20
21627.52772341813
 10
50567.51467710371
 20
21751.467710371817
 10
50629.484670580554
 20
21937.377690802343
 10
50567.51467710371
 20
22371.167645140245
  0
LWPOLYLINE
  5
132
330
17
100
AcDbEntity
  8
RASTER_CONTOURS
100
AcDbPolyline
 90
15
 70
1
 10
44494.45531637312
 20
22742.9876060013
 10
44556.42530984996
 20
22681.017612524458
 10
44618.395303326804
 20
22742.9876060013
 10
45609.91519895629
 20
22742.9876060013
 10
45733.855185909975
 20
22619.047619047615
 10
45733.855185909975
 20
22123.287671232873
 10
45795.82517938682
 20
22061.31767775603
 10
45919.7651663405
 20
22123.287671232873
 10
46167.64514024787
 20
21937.377690802343
 10
46167.64514024787
 20
20636.007827788646
 10
45981.73515981734
 20
20388.127853881277
 10
45919.7651663405
 20
20450.097847358116
 10
44742.33529028049
 20
20388.127853881277
 10
44370.51532941943
 20
20512.06784083496
 10
44370.51532941943
 20
22557.07762557077
  0
LWPOLYLINE
  5
133
330
17
100
AcDbEntity
  8
RASTER_CONTOURS
100
AcDbPolyline
 90
12
 70
1
 10
46477.49510763209
 20
22681.017612524458
 10
46539.46510110893
 20
22742.9876060013
 10
47159.165035877355
 20
22742.9876060013
 10
47221.1350293542
 20
22804.957599478144
 10
47530.984996738414
 20
22804.957599478144
 10
47592.95499021526
 20
22742.9876060013
 10
48584.47488584474
 20
22742.9876060013
 10
48646.444879321585
 20
22681.017612524458
 10
48646.444879321585
 20
22061.31767775603
 10
48522.5048923679
 20
21937.377690802343
 10
46539.46510110893
 20
21999.347684279186
 10
46477.49510763209
 20
22061.31767775603
  0
LWPOLYLINE
  5
134
330
17
100
AcDbEntity
  8
RASTER_CONTOURS
100
AcDbPolyline
 90
12
 70
1
 10
371.8199608610567
 20
23114.807566862357
 10
557.7299412915851
 20
23114.807566862357
 10
681.6699282452706
 20
22990.86757990867
 10
681.6699282452706
 20
20821.917808219176
 10
619.6999347684279
 20
20759.947814742332
 10
681.6699282452706
 20
20697.97782126549
 10
619.6999347684279
 20
20512.06784083496
 10
681.6699282452706
 20
19954.337899543374
 10
557.7299412915851
 20
19644.48793215916
 10
371.8199608610567
 20
19644.48793215916
 10
309.8499673842139
 20
19706.457925636005
 10
309.8499673842139
 20
23052.837573385514
  0
LWPOLYLINE
  5
135
330
17
100
AcDbEntity
  8
RASTER_CONTOURS
100
AcDbPolyline
 90
6
 70
1
 10
46477.49510763209
 20
23114.807566862357
 10
46539.46510110893
 20
23176.7775603392
 10
47654.9249836921
 20
23176.7775603392
 10
47716.894977168944
 20
23114.807566862357
 10
47654.9249836921
 20
23052.837573385514
 10
46539.46510110893
 20
23052.837573385514
  0
LWPOLYLINE
  5
136
330
17
100
AcDbEntity
  8
RASTER_CONTOURS
100
AcDbPolyline
 90
2
 70
1
 10
36562.29615133724
 20
23610.5675146771
 10
37120.026092628825
 20
23610.5675146771
  0
LWPOLYLINE
  5
137
330
17
100
AcDbEntity
  8
RASTER_CONTOURS
100
AcDbPolyline
 90
2
 70
1
 10
32472.27658186562
 20
23982.387475538155
 10
33030.0065231572
 20
23982.387475538155
  0
LWPOLYLINE
  5
138
330
17
100
AcDbEntity
  8
RASTER_CONTOURS
100
AcDbPolyline
 90
6
 70
1
 10
43440.96542726679
 20
24540.11741682974
 10
43502.93542074363
 20
24478.147423352897
 10
43502.93542074363
 20
24106.32746249184
 10
43440.96542726679
 20
24044.357469014998
 10
43378.99543378995
 20
24106.32746249184
 10
43378.99543378995
 20
24478.147423352897
  0
LWPOLYLINE
  5
139
330
17
100
AcDbEntity
  8
RASTER_CONTOURS
100
AcDbPolyline
 90
13
 70
1
 10
50691.4546640574
 20
24726.02739726027
 10
50877.36464448792
 20
24726.02739726027
 10
50939.33463796476
 20
24664.057403783427
 10
50939.33463796476
 20
24354.207436399214
 10
51125.24461839529
 20
24416.177429876057
 10
51249.18460534898
 20
24292.23744292237
 10
50939.33463796476
 20
23920.417482061315
 10
50939.33463796476
 20
23672.537508153942
 10
50877.36464448792
 20
23610.5675146771
 10
50691.4546640574
 20
23610.5675146771
 10
50567.51467710371
 20
23858.447488584472
 10
50629.484670580554
 20
24044.357469014998
 10
50567.51467710371
 20
24354.207436399214
  0
LWPOLYLINE
  5
13A
330
17
100
AcDbEntity
  8
RASTER_CONTOURS
100
AcDbPolyline
 90
8
 70
1
 10
19458.577951728632
 20
24849.967384213956
 10
19582.51793868232
 20
24664.057403783427
 10
19706.457925636005
 20
24602.087410306583
 10
19706.457925636005
 20
24168.297455968685
 10
19334.63796477495
 20
24044.357469014998
 10
19148.72798434442
 20
24106.32746249184
 10
19024.787997390733
 20
24292.23744292237
 10
19148.72798434442
 20
24664.057403783427
  0
LWPOLYLINE
  5
13B
330
17
100
AcDbEntity
  8
RASTER_CONTOURS
100
AcDbPolyline
 90
9
 70
1
 10
43626.87540769732
 20
25221.787345075012
 10
43812.78538812785
 20
25345.7273320287
 10
43998.69536855837
 20
25283.757338551855
 10
44060.665362035215
 20
25345.7273320287
 10
44246.575342465745
 20
25159.81735159817
 10
44246.575342465745
 20
25035.877364644482
 10
44122.63535551206
 20
24911.9373776908
 10
43688.84540117416
 20
24911.9373776908
 10
43626.87540769732
 20
24973.90737116764
  0
LWPOLYLINE
  5
13C
330
17
100
AcDbEntity
  8
RASTER_CONTOURS
100
AcDbPolyline
 90
8
 70
1
 10
49204.17482061317
 20
25469.66731898238
 10
49328.11480756685
 20
25593.607305936068
 10
49637.96477495107
 20
25469.66731898238
 10
50195.69471624265
 20
24973.90737116764
 10
50195.69471624265
 20
24849.967384213956
 10
50133.72472276581
 20
24787.997390737113
 10
49328.11480756685
 20
24787.997390737113
 10
49204.17482061317
 20
24911.9373776908
  0
LWPOLYLINE
  5
13D
330
17
100
AcDbEntity
  8
RASTER_CONTOURS
100
AcDbPolyline
 90
2
 70
1
 10
37058.05609915198
 20
25655.57729941291
 10
36500.3261578604
 20
25097.847358121326
  0
LWPOLYLINE
  5
13E
330
17
100
AcDbEntity
  8
RASTER_CONTOURS
100
AcDbPolyline
 90
8
 70
1
 10
44494.45531637312
 20
25903.457273320284
 10
44556.42530984996
 20
25965.427266797124
 10
46539.46510110893
 20
25965.427266797124
 10
46663.40508806262
 20
25841.48727984344
 10
46539.46510110893
 20
25717.547292889754
 10
45795.82517938682
 20
25717.547292889754
 10
45733.855185909975
 20
25779.517286366598
 10
44618.395303326804
 20
25779.517286366598
  0
LWPOLYLINE
  5
13F
330
17
100
AcDbEntity
  8
RASTER_CONTOURS
100
AcDbPolyline
 90
8
 70
1
 10
44432.485322896275
 20
26151.337247227653
 10
44494.45531637312
 20
26027.397260273967
 10
44432.485322896275
 20
25965.427266797124
 10
44432.485322896275
 20
24911.9373776908
 10
44370.51532941943
 20
24849.967384213956
 10
44246.575342465745
 20
25159.81735159817
 10
44308.54533594259
 20
25221.787345075012
 10
44308.54533594259
 20
26089.36725375081
  0
LWPOLYLINE
  5
140
330
17
100
AcDbEntity
  8
RASTER_CONTOURS
100
AcDbPolyline
 90
7
 70
1
 10
46663.40508806262
 20
26151.337247227653
 10
46601.43509458577
 20
26027.397260273967
 10
45981.73515981734
 20
26027.397260273967
 10
45919.7651663405
 20
26089.36725375081
 10
45981.73515981734
 20
26151.337247227653
 10
46477.49510763209
 20
26151.337247227653
 10
46539.46510110893
 20
26213.307240704497
  0
LWPOLYLINE
  5
141
330
17
100
AcDbEntity
  8
RASTER_CONTOURS
100
AcDbPolyline
 90
6
 70
1
 10
17475.538160469663
 20
27328.767123287667
 10
17537.508153946506
 20
27266.797129810824
 10
17537.508153946506
 20
26709.06718851924
 10
17475.538160469663
 20
26647.097195042395
 10
17413.56816699282
 20
26709.06718851924
 10
17413.56816699282
 20
27266.797129810824
  0
LWPOLYLINE
  5
142
330
17
100
AcDbEntity
  8
RASTER_CONTOURS
100
AcDbPolyline
 90
9
 70
1
 10
40342.46575342465
 20
27514.677103718193
 10
40404.435746901494
 20
27452.70711024135
 10
40404.435746901494
 20
27266.797129810824
 10
40342.46575342465
 20
27204.82713633398
 10
40404.435746901494
 20
27142.857142857138
 10
40404.435746901494
 20
26585.127201565552
 10
40280.49575994781
 20
26461.187214611866
 10
40218.525766470964
 20
26523.15720808871
 10
40218.525766470964
 20
27452.70711024135
  0
LWPOLYLINE
  5
143
330
17
100
AcDbEntity
  8
RASTER_CONTOURS
100
AcDbPolyline
 90
20
 70
1
 10
43193.08545335942
 20
24787.997390737113
 10
43193.08545335942
 20
27514.677103718193
 10
43378.99543378995
 20
27638.61709067188
 10
45795.82517938682
 20
27638.61709067188
 10
45981.73515981734
 20
27514.677103718193
 10
45981.73515981734
 20
26709.06718851924
 10
46043.705153294184
 20
26647.097195042395
 10
46353.5551206784
 20
26647.097195042395
 10
46477.49510763209
 20
26523.15720808871
 10
46477.49510763209
 20
26275.27723418134
 10
46291.58512720156
 20
26151.337247227653
 10
45981.73515981734
 20
26151.337247227653
 10
45919.7651663405
 20
26213.307240704497
 10
44308.54533594259
 20
26213.307240704497
 10
44246.575342465745
 20
26151.337247227653
 10
44246.575342465745
 20
25469.66731898238
 10
44122.63535551206
 20
25345.7273320287
 10
43626.87540769732
 20
25345.7273320287
 10
43564.90541422048
 20
24726.02739726027
 10
43502.93542074363
 20
24664.057403783427
  0
LWPOLYLINE
  5
144
330
17
100
AcDbEntity
  8
RASTER_CONTOURS
100
AcDbPolyline
 90
10
 70
1
 10
42573.38551859099
 20
27638.61709067188
 10
42945.205479452045
 20
27638.61709067188
 10
43131.115459882574
 20
27390.73711676451
 10
43131.115459882574
 20
26956.947162426608
 10
43069.14546640573
 20
26894.97716894977
 10
43069.14546640573
 20
24849.967384213956
 10
43007.17547292889
 20
24787.997390737113
 10
42511.41552511415
 20
24787.997390737113
 10
42449.445531637306
 20
24849.967384213956
 10
42449.445531637306
 20
27514.677103718193
  0
LWPOLYLINE
  5
145
330
17
100
AcDbEntity
  8
RASTER_CONTOURS
100
AcDbPolyline
 90
28
 70
1
 10
42325.50554468362
 20
27514.677103718193
 10
42325.50554468362
 20
24849.967384213956
 10
42263.535551206776
 20
24787.997390737113
 10
41148.075668623605
 20
24787.997390737113
 10
41086.10567514676
 20
24726.02739726027
 10
40776.25570776255
 20
24726.02739726027
 10
40714.28571428571
 20
24787.997390737113
 10
38731.24592302674
 20
24787.997390737113
 10
38669.2759295499
 20
24726.02739726027
 10
38545.33594259621
 20
24787.997390737113
 10
38483.36594911937
 20
24726.02739726027
 10
38421.395955642525
 20
24787.997390737113
 10
38421.395955642525
 20
25097.847358121326
 10
38483.36594911937
 20
25159.81735159817
 10
38607.305936073055
 20
25097.847358121326
 10
40156.55577299412
 20
25097.847358121326
 10
40218.525766470964
 20
25283.757338551855
 10
40218.525766470964
 20
26275.27723418134
 10
40590.345727332024
 20
26399.217221135026
 10
40404.435746901494
 20
26585.127201565552
 10
40404.435746901494
 20
27142.857142857138
 10
40466.40574037834
 20
27204.82713633398
 10
40404.435746901494
 20
27266.797129810824
 10
40528.37573385518
 20
27576.647097195037
 10
40714.28571428571
 20
27638.61709067188
 10
41457.92563600782
 20
27638.61709067188
 10
41519.895629484665
 20
27576.647097195037
 10
42201.56555772993
 20
27638.61709067188
  0
LWPOLYLINE
  5
146
330
17
100
AcDbEntity
  8
RASTER_CONTOURS
100
AcDbPolyline
 90
10
 70
1
 10
35384.86627527723
 20
27638.61709067188
 10
35818.656229615124
 20
27638.61709067188
 10
35942.59621656881
 20
27514.677103718193
 10
35942.59621656881
 20
24911.9373776908
 10
35818.656229615124
 20
24787.997390737113
 10
35508.806262230915
 20
24787.997390737113
 10
35384.86627527723
 20
24849.967384213956
 10
35260.92628832354
 20
25097.847358121326
 10
35322.896281800386
 20
25159.81735159817
 10
35322.896281800386
 20
27576.647097195037
  0
LWPOLYLINE
  5
147
330
17
100
AcDbEntity
  8
RASTER_CONTOURS
100
AcDbPolyline
 90
34
 70
1
 10
35198.9562948467
 20
27576.647097195037
 10
35198.9562948467
 20
26956.947162426608
 10
35136.986301369856
 20
26894.97716894977
 10
35198.9562948467
 20
26771.037181996082
 10
35136.986301369856
 20
26709.06718851924
 10
35198.9562948467
 20
26647.097195042395
 10
35198.9562948467
 20
24911.9373776908
 10
35013.04631441617
 20
24787.997390737113
 10
34827.13633398564
 20
24849.967384213956
 10
33587.73646444879
 20
24787.997390737113
 10
33525.76647097195
 20
24849.967384213956
 10
31294.846705805605
 20
24849.967384213956
 10
31232.87671232876
 20
24911.9373776908
 10
31232.87671232876
 20
25159.81735159817
 10
31294.846705805605
 20
25221.787345075012
 10
31418.78669275929
 20
25159.81735159817
 10
32968.03652968036
 20
25159.81735159817
 10
33030.0065231572
 20
25097.847358121326
 10
33215.91650358773
 20
25221.787345075012
 10
33215.91650358773
 20
27514.677103718193
 10
33339.85649054142
 20
27638.61709067188
 10
33525.76647097195
 20
27700.587084148723
 10
34269.40639269406
 20
27700.587084148723
 10
34455.31637312459
 20
27638.61709067188
 10
34641.22635355512
 20
27452.70711024135
 10
34579.256360078274
 20
27390.73711676451
 10
34579.256360078274
 20
26585.127201565552
 10
34393.346379647744
 20
26461.187214611866
 10
34393.346379647744
 20
26399.217221135026
 10
34827.13633398564
 20
26399.217221135026
 10
34827.13633398564
 20
26461.187214611866
 10
34641.22635355512
 20
26585.127201565552
 10
34641.22635355512
 20
27514.677103718193
 10
35013.04631441617
 20
27700.587084148723
  0
LWPOLYLINE
  5
148
330
17
100
AcDbEntity
  8
RASTER_CONTOURS
100
AcDbPolyline
 90
10
 70
1
 10
26585.127201565552
 20
27762.557077625566
 10
26894.97716894977
 20
27762.557077625566
 10
27080.887149380294
 20
27576.647097195037
 10
27080.887149380294
 20
25655.57729941291
 10
27018.91715590345
 20
25593.607305936068
 10
27018.91715590345
 20
24973.90737116764
 10
26833.007175472925
 20
24849.967384213956
 10
26523.15720808871
 20
24849.967384213956
 10
26461.187214611866
 20
24911.9373776908
 10
26461.187214611866
 20
27638.61709067188
  0
LWPOLYLINE
  5
149
330
17
100
AcDbEntity
  8
RASTER_CONTOURS
100
AcDbPolyline
 90
24
 70
1
 10
22433.137638617085
 20
27576.647097195037
 10
22619.047619047615
 20
27762.557077625566
 10
22990.86757990867
 20
27700.587084148723
 10
23114.807566862357
 20
27576.647097195037
 10
23114.807566862357
 20
26647.097195042395
 10
22928.897586431827
 20
26523.15720808871
 10
22928.897586431827
 20
26461.187214611866
 10
23300.717547292887
 20
26461.187214611866
 10
23114.807566862357
 20
26709.06718851924
 10
23114.807566862357
 20
27390.73711676451
 10
23176.7775603392
 20
27452.70711024135
 10
23114.807566862357
 20
27514.677103718193
 10
23486.627527723413
 20
27762.557077625566
 10
24168.297455968685
 20
27762.557077625566
 10
24416.177429876057
 20
27638.61709067188
 10
24726.02739726027
 20
27762.557077625566
 10
26213.307240704497
 20
27762.557077625566
 10
26337.247227658183
 20
27638.61709067188
 10
26337.247227658183
 20
24973.90737116764
 10
26151.337247227653
 20
24849.967384213956
 10
22557.07762557077
 20
24911.9373776908
 10
22433.137638617085
 20
25035.877364644482
 10
22433.137638617085
 20
26709.06718851924
 10
22495.10763209393
 20
26771.037181996082
  0
LWPOLYLINE
  5
14A
330
17
100
AcDbEntity
  8
RASTER_CONTOURS
100
AcDbPolyline
 90
13
 70
1
 10
22247.22765818656
 20
27762.557077625566
 10
22371.167645140245
 20
27638.61709067188
 10
22309.197651663402
 20
27452.70711024135
 10
22309.197651663402
 20
26956.947162426608
 10
22371.167645140245
 20
26894.97716894977
 10
22371.167645140245
 20
25469.66731898238
 10
22309.197651663402
 20
25407.69732550554
 10
22371.167645140245
 20
25221.787345075012
 10
22247.22765818656
 20
24911.9373776908
 10
21875.407697325503
 20
24849.967384213956
 10
21751.467710371817
 20
24973.90737116764
 10
21751.467710371817
 20
27514.677103718193
 10
21875.407697325503
 20
27700.587084148723
  0
LWPOLYLINE
  5
14B
330
17
100
AcDbEntity
  8
RASTER_CONTOURS
100
AcDbPolyline
 90
43
 70
1
 10
21503.587736464444
 20
27762.557077625566
 10
21627.52772341813
 20
27638.61709067188
 10
21627.52772341813
 20
24973.90737116764
 10
21565.557729941287
 20
24911.9373776908
 10
19892.367906066534
 20
24911.9373776908
 10
19830.39791258969
 20
24849.967384213956
 10
19768.427919112848
 20
24911.9373776908
 10
19458.577951728632
 20
24911.9373776908
 10
19086.757990867576
 20
24602.087410306583
 10
18962.81800391389
 20
24230.267449445528
 10
18838.878016960207
 20
24292.23744292237
 10
18590.998043052834
 20
24292.23744292237
 10
18529.02804957599
 20
24230.267449445528
 10
18529.02804957599
 20
23858.447488584472
 10
18590.998043052834
 20
23982.387475538155
 10
18714.93803000652
 20
23920.417482061315
 10
18714.93803000652
 20
23672.537508153942
 10
18590.998043052834
 20
23548.597521200256
 10
18590.998043052834
 20
23300.717547292887
 10
18652.968036529677
 20
23238.747553816043
 10
18652.968036529677
 20
22433.137638617085
 10
18467.058056099148
 20
22309.197651663402
 10
18467.058056099148
 20
22123.287671232873
 10
18529.02804957599
 20
22061.31767775603
 10
18529.02804957599
 20
21441.6177429876
 10
18714.93803000652
 20
21193.73776908023
 10
18652.968036529677
 20
20450.097847358116
 10
18467.058056099148
 20
20078.27788649706
 10
18219.17808219178
 20
19830.39791258969
 10
18033.26810176125
 20
19768.427919112848
 10
17971.298108284405
 20
19892.367906066534
 10
17785.38812785388
 20
19830.39791258969
 10
17723.418134377036
 20
19892.367906066534
 10
17723.418134377036
 20
20140.247879973904
 10
17847.358121330722
 20
20264.18786692759
 10
17723.418134377036
 20
20636.007827788646
 10
17785.38812785388
 20
21441.6177429876
 10
17661.448140900193
 20
21627.52772341813
 10
17847.358121330722
 20
21875.407697325503
 10
17971.298108284405
 20
21875.407697325503
 10
17599.47814742335
 20
21999.347684279186
 10
17599.47814742335
 20
27638.61709067188
 10
17723.418134377036
 20
27762.557077625566
  0
LWPOLYLINE
  5
14C
330
17
100
AcDbEntity
  8
RASTER_CONTOURS
100
AcDbPolyline
 90
13
 70
1
 10
17165.68819308545
 20
27762.557077625566
 10
17351.59817351598
 20
27638.61709067188
 10
17351.59817351598
 20
26647.097195042395
 10
17227.658186562294
 20
26523.15720808871
 10
17351.59817351598
 20
26523.15720808871
 10
17537.508153946506
 20
26399.217221135026
 10
17537.508153946506
 20
22619.047619047615
 10
17475.538160469663
 20
22557.07762557077
 10
17475.538160469663
 20
20512.06784083496
 10
17413.56816699282
 20
20450.097847358116
 10
17165.68819308545
 20
20450.097847358116
 10
17041.748206131764
 20
20574.037834311803
 10
17103.718199608607
 20
27700.587084148723
  0
LWPOLYLINE
  5
14D
330
17
100
AcDbEntity
  8
RASTER_CONTOURS
100
AcDbPolyline
 90
6
 70
1
 10
49514.02478799738
 20
27948.467058056096
 10
49575.994781474226
 20
27824.52707110241
 10
49204.17482061317
 20
27390.73711676451
 10
49142.204827136324
 20
27452.70711024135
 10
49142.204827136324
 20
27886.497064579253
 10
49204.17482061317
 20
27948.467058056096
  0
LWPOLYLINE
  5
14E
330
17
100
AcDbEntity
  8
RASTER_CONTOURS
100
AcDbPolyline
 90
8
 70
1
 10
433.7899543378995
 20
28134.377038486622
 10
619.6999347684279
 20
28134.377038486622
 10
681.6699282452706
 20
28072.40704500978
 10
681.6699282452706
 20
23424.65753424657
 10
557.7299412915851
 20
23300.717547292887
 10
371.8199608610567
 20
23300.717547292887
 10
309.8499673842139
 20
23362.68754076973
 10
309.8499673842139
 20
28010.437051532936
  0
LWPOLYLINE
  5
14F
330
17
100
AcDbEntity
  8
RASTER_CONTOURS
100
AcDbPolyline
 90
58
 70
1
 10
17847.358121330722
 20
28444.22700587084
 10
17909.328114807562
 20
28506.196999347678
 10
23114.807566862357
 20
28506.196999347678
 10
23176.7775603392
 20
28444.22700587084
 10
24602.087410306583
 20
28444.22700587084
 10
24664.057403783427
 20
28382.257012393995
 10
24911.9373776908
 20
28382.257012393995
 10
24973.90737116764
 20
28444.22700587084
 10
25035.877364644482
 20
28382.257012393995
 10
25283.757338551855
 20
28382.257012393995
 10
25345.7273320287
 20
28444.22700587084
 10
26585.127201565552
 20
28444.22700587084
 10
26647.097195042395
 20
28382.257012393995
 10
26833.007175472925
 20
28444.22700587084
 10
27390.73711676451
 20
28444.22700587084
 10
27452.70711024135
 20
28382.257012393995
 10
27576.647097195037
 20
28444.22700587084
 10
27948.467058056096
 20
28444.22700587084
 10
28010.437051532936
 20
28382.257012393995
 10
28754.07697325505
 20
28382.257012393995
 10
28816.046966731894
 20
28444.22700587084
 10
34083.49641226353
 20
28444.22700587084
 10
34145.46640574037
 20
28382.257012393995
 10
34455.31637312459
 20
28382.257012393995
 10
34517.28636660143
 20
28444.22700587084
 10
34579.256360078274
 20
28382.257012393995
 10
37305.936073059354
 20
28382.257012393995
 10
37367.9060665362
 20
28320.28701891715
 10
45300.06523157207
 20
28382.257012393995
 10
45362.035225048916
 20
28320.28701891715
 10
46291.58512720156
 20
28320.28701891715
 10
46353.5551206784
 20
28134.377038486622
 10
46229.615133724714
 20
28010.437051532936
 10
45795.82517938682
 20
28010.437051532936
 10
45733.855185909975
 20
28072.40704500978
 10
36066.5362035225
 20
28072.40704500978
 10
36004.566210045654
 20
28134.377038486622
 10
29311.806914546636
 20
28134.377038486622
 10
29249.836921069793
 20
28196.347031963465
 10
29063.926940639263
 20
28134.377038486622
 10
28816.046966731894
 20
28134.377038486622
 10
28754.07697325505
 20
28196.347031963465
 10
28692.106979778207
 20
28134.377038486622
 10
28134.377038486622
 20
28134.377038486622
 10
28072.40704500978
 20
28196.347031963465
 10
27886.497064579253
 20
28196.347031963465
 10
27824.52707110241
 20
28134.377038486622
 10
27142.857142857138
 20
28134.377038486622
 10
27080.887149380294
 20
28196.347031963465
 10
26709.06718851924
 20
28134.377038486622
 10
26647.097195042395
 20
28196.347031963465
 10
26585.127201565552
 20
28134.377038486622
 10
26461.187214611866
 20
28196.347031963465
 10
24911.9373776908
 20
28196.347031963465
 10
24849.967384213956
 20
28134.377038486622
 10
24726.02739726027
 20
28196.347031963465
 10
17971.298108284405
 20
28196.347031963465
 10
17847.358121330722
 20
28320.28701891715
  0
LWPOLYLINE
  5
150
330
17
100
AcDbEntity
  8
RASTER_CONTOURS
100
AcDbPolyline
 90
40
 70
1
 10
48336.59491193737
 20
28630.136986301364
 10
48460.534898891055
 20
28506.196999347678
 10
48460.534898891055
 20
27514.677103718193
 10
48770.38486627527
 20
27514.677103718193
 10
48894.32485322895
 20
27390.73711676451
 10
48894.32485322895
 20
23920.417482061315
 10
48770.38486627527
 20
23796.47749510763
 10
48584.47488584474
 20
23796.47749510763
 10
48522.5048923679
 20
23672.537508153942
 10
48584.47488584474
 20
23610.5675146771
 10
48522.5048923679
 20
23548.597521200256
 10
48522.5048923679
 20
23238.747553816043
 10
48460.534898891055
 20
23176.7775603392
 10
46043.705153294184
 20
23176.7775603392
 10
45981.73515981734
 20
23238.747553816043
 10
45424.00521852576
 20
23238.747553816043
 10
45362.035225048916
 20
23362.68754076973
 10
45300.06523157207
 20
23300.717547292887
 10
44990.21526418786
 20
23362.68754076973
 10
44804.305283757334
 20
23238.747553816043
 10
44742.33529028049
 20
23300.717547292887
 10
44742.33529028049
 20
23548.597521200256
 10
44742.33529028049
 20
23424.65753424657
 10
44556.42530984996
 20
23362.68754076973
 10
44432.485322896275
 20
23486.627527723413
 10
44432.485322896275
 20
23672.537508153942
 10
44556.42530984996
 20
23734.507501630786
 10
44556.42530984996
 20
23982.387475538155
 10
44432.485322896275
 20
24106.32746249184
 10
44494.45531637312
 20
25655.57729941291
 10
44556.42530984996
 20
25717.547292889754
 10
46663.40508806262
 20
25717.547292889754
 10
46663.40508806262
 20
25965.427266797124
 10
46725.37508153946
 20
26027.397260273967
 10
46663.40508806262
 20
26089.36725375081
 10
46663.40508806262
 20
28134.377038486622
 10
46725.37508153946
 20
28196.347031963465
 10
46725.37508153946
 20
28444.22700587084
 10
46663.40508806262
 20
28506.196999347678
 10
46787.3450750163
 20
28630.136986301364
  0
LWPOLYLINE
  5
151
330
17
100
AcDbEntity
  8
RASTER_CONTOURS
100
AcDbPolyline
 90
6
 70
1
 10
46787.3450750163
 20
28754.07697325505
 10
46849.31506849314
 20
28816.046966731894
 10
47902.80495759947
 20
28816.046966731894
 10
47964.77495107631
 20
28754.07697325505
 10
47902.80495759947
 20
28692.106979778207
 10
46849.31506849314
 20
28692.106979778207
  0
LWPOLYLINE
  5
152
330
17
100
AcDbEntity
  8
RASTER_CONTOURS
100
AcDbPolyline
 90
6
 70
1
 10
185.90998043052835
 20
29435.746901500323
 10
247.87997390737112
 20
29373.77690802348
 10
247.87997390737112
 20
28754.07697325505
 10
185.90998043052835
 20
28692.106979778207
 10
123.93998695368556
 20
28754.07697325505
 10
123.93998695368556
 20
29373.77690802348
  0
LWPOLYLINE
  5
153
330
17
100
AcDbEntity
  8
RASTER_CONTOURS
100
AcDbPolyline
 90
21
 70
1
 10
42511.41552511415
 20
29993.476842791904
 10
42573.38551859099
 20
29807.56686236138
 10
42449.445531637306
 20
29683.626875407692
 10
42449.445531637306
 20
29497.716894977162
 10
42573.38551859099
 20
29435.746901500323
 10
42449.445531637306
 20
29249.836921069793
 10
42697.32550554468
 20
29373.77690802348
 10
42821.26549249836
 20
29311.806914546636
 10
43007.17547292889
 20
29373.77690802348
 10
43193.08545335942
 20
29249.836921069793
 10
43131.115459882574
 20
29373.77690802348
 10
43193.08545335942
 20
29559.686888454005
 10
43007.17547292889
 20
29621.65688193085
 10
43193.08545335942
 20
29683.626875407692
 10
43193.08545335942
 20
29745.596868884535
 10
43007.17547292889
 20
29869.53685583822
 10
43193.08545335942
 20
29993.476842791904
 10
42945.205479452045
 20
29993.476842791904
 10
42883.2354859752
 20
30055.446836268748
 10
42759.29549902152
 20
30055.446836268748
 10
42635.355512067836
 20
29931.506849315065
  0
LWPOLYLINE
  5
154
330
17
100
AcDbEntity
  8
RASTER_CONTOURS
100
AcDbPolyline
 90
12
 70
1
 10
43502.93542074363
 20
30117.41682974559
 10
43440.96542726679
 20
30055.446836268748
 10
43440.96542726679
 20
29497.716894977162
 10
43378.99543378995
 20
29311.806914546636
 10
43502.93542074363
 20
29249.836921069793
 10
44122.63535551206
 20
29249.836921069793
 10
44060.665362035215
 20
29373.77690802348
 10
44122.63535551206
 20
29559.686888454005
 10
44122.63535551206
 20
30055.446836268748
 10
44060.665362035215
 20
30117.41682974559
 10
43998.69536855837
 20
30055.446836268748
 10
43936.72537508153
 20
30117.41682974559
  0
LWPOLYLINE
  5
155
330
17
100
AcDbEntity
  8
RASTER_CONTOURS
100
AcDbPolyline
 90
9
 70
1
 10
35942.59621656881
 20
30117.41682974559
 10
35942.59621656881
 20
29683.626875407692
 10
35818.656229615124
 20
29373.77690802348
 10
35880.62622309197
 20
29311.806914546636
 10
36624.266144814086
 20
29311.806914546636
 10
36500.3261578604
 20
29435.746901500323
 10
36624.266144814086
 20
29807.56686236138
 10
36624.266144814086
 20
30055.446836268748
 10
36562.29615133724
 20
30117.41682974559
  0
LWPOLYLINE
  5
156
330
17
100
AcDbEntity
  8
RASTER_CONTOURS
100
AcDbPolyline
 90
19
 70
1
 10
34951.076320939326
 20
30055.446836268748
 10
34951.076320939326
 20
29993.476842791904
 10
35075.01630789301
 20
29931.506849315065
 10
34889.10632746248
 20
29745.596868884535
 10
34889.10632746248
 20
29559.686888454005
 10
35013.04631441617
 20
29497.716894977162
 10
34889.10632746248
 20
29311.806914546636
 10
35136.986301369856
 20
29435.746901500323
 10
35260.92628832354
 20
29373.77690802348
 10
35446.83626875407
 20
29435.746901500323
 10
35632.7462491846
 20
29311.806914546636
 10
35570.77625570776
 20
29435.746901500323
 10
35632.7462491846
 20
29807.56686236138
 10
35446.83626875407
 20
29869.53685583822
 10
35632.7462491846
 20
30055.446836268748
 10
35384.86627527723
 20
30055.446836268748
 10
35322.896281800386
 20
30117.41682974559
 10
35198.9562948467
 20
30117.41682974559
 10
35075.01630789301
 20
29993.476842791904
  0
LWPOLYLINE
  5
157
330
17
100
AcDbEntity
  8
RASTER_CONTOURS
100
AcDbPolyline
 90
11
 70
1
 10
29869.53685583822
 20
30179.386823222434
 10
29807.56686236138
 20
29993.476842791904
 10
29869.53685583822
 20
29931.506849315065
 10
29807.56686236138
 20
29807.56686236138
 10
29869.53685583822
 20
29745.596868884535
 10
29745.596868884535
 20
29435.746901500323
 10
29807.56686236138
 20
29373.77690802348
 10
30489.236790606647
 20
29373.77690802348
 10
30427.266797129807
 20
29497.716894977162
 10
30489.236790606647
 20
29621.65688193085
 10
30489.236790606647
 20
30179.386823222434
  0
LWPOLYLINE
  5
158
330
17
100
AcDbEntity
  8
RASTER_CONTOURS
100
AcDbPolyline
 90
18
 70
1
 10
28816.046966731894
 20
30117.41682974559
 10
29001.95694716242
 20
29993.476842791904
 10
28816.046966731894
 20
29869.53685583822
 10
28816.046966731894
 20
29621.65688193085
 10
28939.98695368558
 20
29559.686888454005
 10
28816.046966731894
 20
29373.77690802348
 10
29063.926940639263
 20
29497.716894977162
 10
29187.86692759295
 20
29435.746901500323
 10
29311.806914546636
 20
29497.716894977162
 10
29559.686888454005
 20
29373.77690802348
 10
29497.716894977162
 20
29559.686888454005
 10
29621.65688193085
 20
29621.65688193085
 10
29435.746901500323
 20
29931.506849315065
 10
29497.716894977162
 20
30117.41682974559
 10
29373.77690802348
 20
30055.446836268748
 10
29249.836921069793
 20
30179.386823222434
 10
29125.896934116106
 20
30179.386823222434
 10
29001.95694716242
 20
30055.446836268748
  0
LWPOLYLINE
  5
159
330
17
100
AcDbEntity
  8
RASTER_CONTOURS
100
AcDbPolyline
 90
11
 70
1
 10
21255.707762557075
 20
30241.356816699277
 10
21193.73776908023
 20
30179.386823222434
 10
21193.73776908023
 20
29621.65688193085
 10
21131.767775603388
 20
29497.716894977162
 10
21193.73776908023
 20
29435.746901500323
 10
21875.407697325503
 20
29435.746901500323
 10
21813.43770384866
 20
29559.686888454005
 10
21875.407697325503
 20
29683.626875407692
 10
21875.407697325503
 20
30055.446836268748
 10
21937.377690802343
 20
30117.41682974559
 10
21875.407697325503
 20
30241.356816699277
  0
LWPOLYLINE
  5
15A
330
17
100
AcDbEntity
  8
RASTER_CONTOURS
100
AcDbPolyline
 90
22
 70
1
 10
20388.127853881277
 20
30179.386823222434
 10
20388.127853881277
 20
29993.476842791904
 10
20326.157860404433
 20
29931.506849315065
 10
20264.18786692759
 20
29993.476842791904
 10
20140.247879973904
 20
29683.626875407692
 10
20264.18786692759
 20
29621.65688193085
 10
20202.217873450747
 20
29435.746901500323
 10
20388.127853881277
 20
29559.686888454005
 10
20574.037834311803
 20
29435.746901500323
 10
20636.007827788646
 20
29559.686888454005
 10
20883.88780169602
 20
29435.746901500323
 10
20945.85779517286
 20
29497.716894977162
 10
20883.88780169602
 20
29559.686888454005
 10
20945.85779517286
 20
29745.596868884535
 10
20759.947814742332
 20
29745.596868884535
 10
20697.97782126549
 20
29807.56686236138
 10
20759.947814742332
 20
29869.53685583822
 10
20945.85779517286
 20
29869.53685583822
 10
20821.917808219176
 20
29993.476842791904
 10
20883.88780169602
 20
30179.386823222434
 10
20759.947814742332
 20
30117.41682974559
 10
20636.007827788646
 20
30241.356816699277
  0
LWPOLYLINE
  5
15B
330
17
100
AcDbEntity
  8
RASTER_CONTOURS
100
AcDbPolyline
 90
8
 70
1
 10
557.7299412915851
 20
30303.32681017612
 10
681.6699282452706
 20
30179.386823222434
 10
681.6699282452706
 20
28444.22700587084
 10
557.7299412915851
 20
28320.28701891715
 10
433.7899543378995
 20
28320.28701891715
 10
309.8499673842139
 20
28754.07697325505
 10
371.8199608610567
 20
28816.046966731894
 10
371.8199608610567
 20
30179.386823222434
  0
LWPOLYLINE
  5
15C
330
17
100
AcDbEntity
  8
RASTER_CONTOURS
100
AcDbPolyline
 90
19
 70
1
 10
39103.06588388779
 20
30923.02674494455
 10
40590.345727332024
 20
30923.02674494455
 10
40714.28571428571
 20
30799.086757990863
 10
40714.28571428571
 20
30489.236790606647
 10
40776.25570776255
 20
30427.266797129807
 10
40776.25570776255
 20
29125.896934116106
 10
40714.28571428571
 20
29063.926940639263
 10
40714.28571428571
 20
28444.22700587084
 10
40466.40574037834
 20
28320.28701891715
 10
39908.67579908675
 20
28320.28701891715
 10
39846.705805609905
 20
28382.257012393995
 10
39288.97586431832
 20
28320.28701891715
 10
38979.12589693411
 20
28444.22700587084
 10
38917.155903457264
 20
28568.16699282452
 10
38979.12589693411
 20
28754.07697325505
 10
38917.155903457264
 20
28816.046966731894
 10
38917.155903457264
 20
29745.596868884535
 10
38979.12589693411
 20
29807.56686236138
 10
38979.12589693411
 20
30799.086757990863
  0
LWPOLYLINE
  5
15D
330
17
100
AcDbEntity
  8
RASTER_CONTOURS
100
AcDbPolyline
 90
10
 70
1
 10
24911.9373776908
 20
30984.99673842139
 10
26585.127201565552
 20
30984.99673842139
 10
26647.097195042395
 20
30923.02674494455
 10
26585.127201565552
 20
30799.086757990863
 10
26647.097195042395
 20
30675.146771037176
 10
26647.097195042395
 20
28568.16699282452
 10
26523.15720808871
 20
28444.22700587084
 10
24973.90737116764
 20
28444.22700587084
 10
24849.967384213956
 20
28568.16699282452
 10
24849.967384213956
 20
30923.02674494455
  0
LWPOLYLINE
  5
15E
330
17
100
AcDbEntity
  8
RASTER_CONTOURS
100
AcDbPolyline
 90
25
 70
1
 10
40962.165688193076
 20
31046.966731898232
 10
41086.10567514676
 20
31170.90671885192
 10
45671.88519243313
 20
31170.90671885192
 10
45733.855185909975
 20
31108.936725375075
 10
45981.73515981734
 20
31108.936725375075
 10
46043.705153294184
 20
30984.99673842139
 10
46291.58512720156
 20
30984.99673842139
 10
46415.52511415524
 20
30799.086757990863
 10
46415.52511415524
 20
30551.20678408349
 10
46539.46510110893
 20
30241.356816699277
 10
46539.46510110893
 20
29931.506849315065
 10
46477.49510763209
 20
29869.53685583822
 10
46539.46510110893
 20
29807.56686236138
 10
46415.52511415524
 20
29559.686888454005
 10
46353.5551206784
 20
28444.22700587084
 10
46291.58512720156
 20
28382.257012393995
 10
45919.7651663405
 20
28382.257012393995
 10
45795.82517938682
 20
28444.22700587084
 10
45733.855185909975
 20
28382.257012393995
 10
41891.71559034572
 20
28382.257012393995
 10
41829.745596868874
 20
28320.28701891715
 10
41086.10567514676
 20
28320.28701891715
 10
40900.19569471623
 20
28444.22700587084
 10
40900.19569471623
 20
30365.296803652964
 10
40962.165688193076
 20
30427.266797129807
  0
LWPOLYLINE
  5
15F
330
17
100
AcDbEntity
  8
RASTER_CONTOURS
100
AcDbPolyline
 90
2
 70
1
 10
13509.458577951726
 20
31108.936725375075
 10
13943.248532289626
 20
31108.936725375075
  0
LWPOLYLINE
  5
160
330
17
100
AcDbEntity
  8
RASTER_CONTOURS
100
AcDbPolyline
 90
2
 70
1
 10
10782.778864970644
 20
31108.936725375075
 10
13385.518590998041
 20
31108.936725375075
  0
LWPOLYLINE
  5
161
330
17
100
AcDbEntity
  8
RASTER_CONTOURS
100
AcDbPolyline
 90
21
 70
1
 10
32844.09654272667
 20
31046.966731898232
 10
32968.03652968036
 20
31232.87671232876
 10
37120.026092628825
 20
31232.87671232876
 10
37181.99608610567
 20
31170.90671885192
 10
38669.2759295499
 20
31170.90671885192
 10
38731.24592302674
 20
31108.936725375075
 10
38731.24592302674
 20
30551.20678408349
 10
38793.21591650358
 20
30489.236790606647
 10
38793.21591650358
 20
30241.356816699277
 10
38731.24592302674
 20
30179.386823222434
 10
38793.21591650358
 20
29993.476842791904
 10
38793.21591650358
 20
28816.046966731894
 10
38731.24592302674
 20
28754.07697325505
 10
38731.24592302674
 20
28444.22700587084
 10
38669.2759295499
 20
28382.257012393995
 10
37367.9060665362
 20
28382.257012393995
 10
37305.936073059354
 20
28444.22700587084
 10
33091.976516634044
 20
28444.22700587084
 10
32844.09654272667
 20
28568.16699282452
 10
32844.09654272667
 20
30861.056751467706
 10
32906.066536203514
 20
30923.02674494455
  0
LWPOLYLINE
  5
162
330
17
100
AcDbEntity
  8
RASTER_CONTOURS
100
AcDbPolyline
 90
12
 70
1
 10
26833.007175472925
 20
31170.90671885192
 10
26956.947162426608
 20
31294.846705805605
 10
31356.816699282448
 20
31294.846705805605
 10
31418.78669275929
 20
31232.87671232876
 10
32658.186562296145
 20
31232.87671232876
 10
32720.15655577299
 20
31170.90671885192
 10
32720.15655577299
 20
29249.836921069793
 10
32658.186562296145
 20
29187.86692759295
 10
32720.15655577299
 20
28692.106979778207
 10
32596.2165688193
 20
28506.196999347678
 10
26956.947162426608
 20
28444.22700587084
 10
26833.007175472925
 20
28568.16699282452
  0
LWPOLYLINE
  5
163
330
17
100
AcDbEntity
  8
RASTER_CONTOURS
100
AcDbPolyline
 90
16
 70
1
 10
17847.358121330722
 20
31232.87671232876
 10
17971.298108284405
 20
31356.816699282448
 10
19148.72798434442
 20
31356.816699282448
 10
19210.697977821263
 20
31294.846705805605
 10
19334.63796477495
 20
31356.816699282448
 10
19520.547945205475
 20
31294.846705805605
 10
24540.11741682974
 20
31294.846705805605
 10
24602.087410306583
 20
31232.87671232876
 10
24602.087410306583
 20
30675.146771037176
 10
24664.057403783427
 20
30613.176777560333
 10
24664.057403783427
 20
28568.16699282452
 10
24540.11741682974
 20
28444.22700587084
 10
20450.097847358116
 20
28506.196999347678
 10
20388.127853881277
 20
28568.16699282452
 10
17909.328114807562
 20
28568.16699282452
 10
17847.358121330722
 20
28630.136986301364
  0
LWPOLYLINE
  5
164
330
17
100
AcDbEntity
  8
RASTER_CONTOURS
100
AcDbPolyline
 90
20
 70
1
 10
46787.3450750163
 20
31480.75668623613
 10
48584.47488584474
 20
31480.75668623613
 10
48956.294846705794
 20
31356.816699282448
 10
48956.294846705794
 20
29931.506849315065
 10
48894.32485322895
 20
29869.53685583822
 10
48956.294846705794
 20
29807.56686236138
 10
48894.32485322895
 20
29745.596868884535
 10
48894.32485322895
 20
29559.686888454005
 10
48770.38486627527
 20
29435.746901500323
 10
48770.38486627527
 20
29311.806914546636
 10
48894.32485322895
 20
29249.836921069793
 10
48894.32485322895
 20
28939.98695368558
 10
48646.444879321585
 20
28816.046966731894
 10
46849.31506849314
 20
28816.046966731894
 10
46725.37508153946
 20
28939.98695368558
 10
46787.3450750163
 20
29497.716894977162
 10
46663.40508806262
 20
29621.65688193085
 10
46663.40508806262
 20
30551.20678408349
 10
46725.37508153946
 20
30613.176777560333
 10
46725.37508153946
 20
31418.78669275929
  0
LWPOLYLINE
  5
165
330
17
100
AcDbEntity
  8
RASTER_CONTOURS
100
AcDbPolyline
 90
88
 70
1
 10
49018.26484018264
 20
31604.696673189817
 10
49142.204827136324
 20
31356.816699282448
 10
49142.204827136324
 20
30861.056751467706
 10
49080.23483365948
 20
30799.086757990863
 10
49080.23483365948
 20
27948.467058056096
 10
49142.204827136324
 20
27886.497064579253
 10
49080.23483365948
 20
27700.587084148723
 10
49080.23483365948
 20
22866.927592954988
 10
48894.32485322895
 20
22804.957599478144
 10
48894.32485322895
 20
22185.257664709716
 10
48770.38486627527
 20
22061.31767775603
 10
48708.41487279843
 20
22123.287671232873
 10
48708.41487279843
 20
22742.9876060013
 10
48646.444879321585
 20
22804.957599478144
 10
46477.49510763209
 20
22804.957599478144
 10
46415.52511415524
 20
22742.9876060013
 10
46415.52511415524
 20
22185.257664709716
 10
46353.5551206784
 20
22123.287671232873
 10
46353.5551206784
 20
19334.63796477495
 10
46415.52511415524
 20
19272.667971298106
 10
46539.46510110893
 20
19334.63796477495
 10
46601.43509458577
 20
19272.667971298106
 10
46787.3450750163
 20
19272.667971298106
 10
46849.31506849314
 20
19334.63796477495
 10
46911.28506196998
 20
19272.667971298106
 10
48708.41487279843
 20
19272.667971298106
 10
48832.354859752115
 20
19148.72798434442
 10
48832.354859752115
 20
18033.26810176125
 10
48770.38486627527
 20
17971.298108284405
 10
48646.444879321585
 20
18219.17808219178
 10
48646.444879321585
 20
18838.878016960207
 10
48708.41487279843
 20
18900.848010437046
 10
48646.444879321585
 20
19086.757990867576
 10
46415.52511415524
 20
19086.757990867576
 10
46353.5551206784
 20
16112.198303979123
 10
46229.615133724714
 20
15988.258317025438
 10
46167.64514024787
 20
16050.22831050228
 10
43750.81539465101
 20
16050.22831050228
 10
43688.84540117416
 20
16112.198303979123
 10
43750.81539465101
 20
16174.168297455966
 10
46167.64514024787
 20
16174.168297455966
 10
46167.64514024787
 20
17971.298108284405
 10
45733.855185909975
 20
18095.23809523809
 10
45733.855185909975
 20
18776.908023483364
 10
45795.82517938682
 20
18838.878016960207
 10
45795.82517938682
 20
19210.697977821263
 10
45981.73515981734
 20
19334.63796477495
 10
46043.705153294184
 20
19272.667971298106
 10
46229.615133724714
 20
19334.63796477495
 10
46229.615133724714
 20
20202.217873450747
 10
46105.67514677103
 20
20326.157860404433
 10
46229.615133724714
 20
20697.97782126549
 10
46167.64514024787
 20
20759.947814742332
 10
46167.64514024787
 20
21379.64774951076
 10
46229.615133724714
 20
21441.6177429876
 10
46229.615133724714
 20
21627.52772341813
 10
46167.64514024787
 20
21689.497716894974
 10
46229.615133724714
 20
21751.467710371817
 10
46229.615133724714
 20
21999.347684279186
 10
46167.64514024787
 20
22123.287671232873
 10
45857.795172863654
 20
22123.287671232873
 10
45795.82517938682
 20
22185.257664709716
 10
45795.82517938682
 20
22681.017612524458
 10
45733.855185909975
 20
22742.9876060013
 10
44370.51532941943
 20
22742.9876060013
 10
44246.575342465745
 20
22866.927592954988
 10
44308.54533594259
 20
23052.837573385514
 10
44246.575342465745
 20
23176.7775603392
 10
44370.51532941943
 20
23300.717547292887
 10
44494.45531637312
 20
22990.86757990867
 10
44556.42530984996
 20
23052.837573385514
 10
44618.395303326804
 20
22990.86757990867
 10
48584.47488584474
 20
22990.86757990867
 10
48584.47488584474
 20
23610.5675146771
 10
48708.41487279843
 20
23734.507501630786
 10
48894.32485322895
 20
23734.507501630786
 10
48956.294846705794
 20
23796.47749510763
 10
48956.294846705794
 20
27514.677103718193
 10
48646.444879321585
 20
27514.677103718193
 10
48460.534898891055
 20
27700.587084148723
 10
48460.534898891055
 20
28444.22700587084
 10
48522.5048923679
 20
28506.196999347678
 10
48398.56490541421
 20
28754.07697325505
 10
48460.534898891055
 20
28816.046966731894
 10
48708.41487279843
 20
28816.046966731894
 10
48770.38486627527
 20
28754.07697325505
 10
48956.294846705794
 20
28816.046966731894
 10
48956.294846705794
 20
31542.726679712974
  0
LWPOLYLINE
  5
166
330
17
100
AcDbEntity
  8
RASTER_CONTOURS
100
AcDbPolyline
 90
8
 70
1
 10
17289.628180039137
 20
31604.696673189817
 10
17475.538160469663
 20
31604.696673189817
 10
17599.47814742335
 20
31480.75668623613
 10
17599.47814742335
 20
28444.22700587084
 10
17475.538160469663
 20
28258.31702544031
 10
17227.658186562294
 20
28258.31702544031
 10
17165.68819308545
 20
28320.28701891715
 10
17165.68819308545
 20
31418.78669275929
  0
LWPOLYLINE
  5
167
330
17
100
AcDbEntity
  8
RASTER_CONTOURS
100
AcDbPolyline
 90
8
 70
1
 10
49204.17482061317
 20
31666.66666666666
 10
49328.11480756685
 20
31666.66666666666
 10
49452.05479452054
 20
31542.726679712974
 10
49452.05479452054
 20
31356.816699282448
 10
49575.994781474226
 20
31232.87671232876
 10
49328.11480756685
 20
30923.02674494455
 10
49142.204827136324
 20
30984.99673842139
 10
49142.204827136324
 20
31604.696673189817
  0
LWPOLYLINE
  5
168
330
17
100
AcDbEntity
  8
RASTER_CONTOURS
100
AcDbPolyline
 90
6
 70
1
 10
46973.255055446825
 20
31604.696673189817
 10
47035.22504892367
 20
31666.66666666666
 10
47345.075016307885
 20
31666.66666666666
 10
47407.04500978473
 20
31604.696673189817
 10
47345.075016307885
 20
31542.726679712974
 10
47035.22504892367
 20
31542.726679712974
  0
LWPOLYLINE
  5
169
330
17
100
AcDbEntity
  8
RASTER_CONTOURS
100
AcDbPolyline
 90
24
 70
1
 10
34641.22635355512
 20
31790.606653620347
 10
34951.076320939326
 20
31976.516634050877
 10
40156.55577299412
 20
31914.546640574034
 10
40404.435746901494
 20
31790.606653620347
 10
40404.435746901494
 20
31418.78669275929
 10
40342.46575342465
 20
31294.846705805605
 10
40590.345727332024
 20
31294.846705805605
 10
40466.40574037834
 20
31418.78669275929
 10
40466.40574037834
 20
31728.636660143504
 10
40714.28571428571
 20
31914.546640574034
 10
45857.795172863654
 20
31914.546640574034
 10
46043.705153294184
 20
31790.606653620347
 10
46043.705153294184
 20
31356.816699282448
 10
45919.7651663405
 20
31170.90671885192
 10
41705.805609915195
 20
31232.87671232876
 10
41643.83561643835
 20
31170.90671885192
 10
40962.165688193076
 20
31170.90671885192
 10
40962.165688193076
 20
31046.966731898232
 10
40838.22570123939
 20
30923.02674494455
 10
38917.155903457264
 20
30923.02674494455
 10
38731.24592302674
 20
31232.87671232876
 10
35075.01630789301
 20
31232.87671232876
 10
34641.22635355512
 20
31542.726679712974
 10
34703.19634703196
 20
31604.696673189817
  0
LWPOLYLINE
  5
16A
330
17
100
AcDbEntity
  8
RASTER_CONTOURS
100
AcDbPolyline
 90
23
 70
1
 10
28939.98695368558
 20
31852.57664709719
 10
29063.926940639263
 20
31976.516634050877
 10
29249.836921069793
 20
31976.516634050877
 10
29311.806914546636
 20
32038.486627527716
 10
29869.53685583822
 20
32038.486627527716
 10
29931.506849315065
 20
31976.516634050877
 10
30117.41682974559
 20
31976.516634050877
 10
30179.386823222434
 20
32038.486627527716
 10
30241.356816699277
 20
31976.516634050877
 10
30737.11676451402
 20
31976.516634050877
 10
30799.086757990863
 20
32038.486627527716
 10
31108.936725375075
 20
32038.486627527716
 10
31170.90671885192
 20
31976.516634050877
 10
34331.3763861709
 20
31976.516634050877
 10
34641.22635355512
 20
31790.606653620347
 10
34641.22635355512
 20
31480.75668623613
 10
34269.40639269406
 20
31232.87671232876
 10
34207.436399217215
 20
31294.846705805605
 10
32906.066536203514
 20
31294.846705805605
 10
32844.09654272667
 20
31232.87671232876
 10
32720.15655577299
 20
31294.846705805605
 10
29249.836921069793
 20
31294.846705805605
 10
28939.98695368558
 20
31542.726679712974
  0
LWPOLYLINE
  5
16B
330
17
100
AcDbEntity
  8
RASTER_CONTOURS
100
AcDbPolyline
 90
14
 70
1
 10
23176.7775603392
 20
31852.57664709719
 10
23486.627527723413
 20
32038.486627527716
 10
28568.16699282452
 20
32038.486627527716
 10
28878.016960208737
 20
31852.57664709719
 10
28878.016960208737
 20
31480.75668623613
 10
28630.136986301364
 20
31294.846705805605
 10
26833.007175472925
 20
31294.846705805605
 10
26833.007175472925
 20
31108.936725375075
 10
26771.037181996082
 20
31046.966731898232
 10
24726.02739726027
 20
31046.966731898232
 10
24602.087410306583
 20
31356.816699282448
 10
24540.11741682974
 20
31294.846705805605
 10
23486.627527723413
 20
31294.846705805605
 10
23176.7775603392
 20
31542.726679712974
  0
LWPOLYLINE
  5
16C
330
17
100
AcDbEntity
  8
RASTER_CONTOURS
100
AcDbPolyline
 90
14
 70
1
 10
17847.358121330722
 20
31976.516634050877
 10
18033.26810176125
 20
32100.45662100456
 10
19024.787997390733
 20
32100.45662100456
 10
19086.757990867576
 20
32038.486627527716
 10
22804.957599478144
 20
32038.486627527716
 10
23114.807566862357
 20
31914.546640574034
 10
23114.807566862357
 20
31542.726679712974
 10
22742.9876060013
 20
31294.846705805605
 10
22681.017612524458
 20
31356.816699282448
 10
22619.047619047615
 20
31294.846705805605
 10
22061.31767775603
 20
31294.846705805605
 10
21999.347684279186
 20
31356.816699282448
 10
17971.298108284405
 20
31356.816699282448
 10
17847.358121330722
 20
31480.75668623613
  0
LWPOLYLINE
  5
16D
330
17
100
AcDbEntity
  8
RASTER_CONTOURS
100
AcDbPolyline
 90
51
 70
1
 10
123.93998695368556
 20
32410.306588388776
 10
185.90998043052835
 20
32348.336594911932
 10
123.93998695368556
 20
31976.516634050877
 10
495.75994781474225
 20
31976.516634050877
 10
557.7299412915851
 20
32038.486627527716
 10
743.6399217221134
 20
31914.546640574034
 10
743.6399217221134
 20
30984.99673842139
 10
681.6699282452706
 20
30923.02674494455
 10
123.93998695368556
 20
30923.02674494455
 10
61.96999347684278
 20
30861.056751467706
 10
61.96999347684278
 20
28320.28701891715
 10
309.8499673842139
 20
28134.377038486622
 10
309.8499673842139
 20
27700.587084148723
 10
61.96999347684278
 20
27514.677103718193
 10
61.96999347684278
 20
24106.32746249184
 10
0.0
 20
24044.357469014998
 10
61.96999347684278
 20
23920.417482061315
 10
61.96999347684278
 20
23424.65753424657
 10
0.0
 20
23362.68754076973
 10
61.96999347684278
 20
23238.747553816043
 10
247.87997390737112
 20
23176.7775603392
 10
247.87997390737112
 20
22619.047619047615
 10
123.93998695368556
 20
22557.07762557077
 10
0.0
 20
22371.167645140245
 10
61.96999347684278
 20
22309.197651663402
 10
0.0
 20
22185.257664709716
 10
0.0
 20
19706.457925636005
 10
61.96999347684278
 20
19582.51793868232
 10
247.87997390737112
 20
19520.547945205475
 10
247.87997390737112
 20
18962.81800391389
 10
0.0
 20
18838.878016960207
 10
0.0
 20
14934.76842791911
 10
247.87997390737112
 20
14810.828440965424
 10
247.87997390737112
 20
14191.128506196997
 10
0.0
 20
14005.218525766468
 10
0.0
 20
10225.048923679058
 10
-61.96999347684278
 20
10163.078930202217
 10
0.0
 20
10039.13894324853
 10
-123.93998695368556
 20
9915.198956294846
 10
-185.90998043052835
 20
9977.168949771687
 10
-185.90998043052835
 20
11898.238747553814
 10
-123.93998695368556
 20
11960.208741030658
 10
-123.93998695368556
 20
12146.118721461185
 10
-185.90998043052835
 20
12208.088714938029
 10
-185.90998043052835
 20
13509.458577951726
 10
-123.93998695368556
 20
13571.428571428569
 10
-185.90998043052835
 20
13633.398564905412
 10
-123.93998695368556
 20
13757.338551859097
 10
-185.90998043052835
 20
14191.128506196997
 10
-123.93998695368556
 20
14253.098499673839
 10
-61.96999347684278
 20
32100.45662100456
  0
LWPOLYLINE
  5
16E
330
17
100
AcDbEntity
  8
RASTER_CONTOURS
100
AcDbPolyline
 90
15
 70
1
 10
15492.498369210694
 20
32534.24657534246
 10
15306.588388780166
 20
32534.24657534246
 10
15368.55838225701
 20
32472.27658186562
 10
15368.55838225701
 20
31170.90671885192
 10
15306.588388780166
 20
31108.936725375075
 10
15368.55838225701
 20
30984.99673842139
 10
15368.55838225701
 20
30613.176777560333
 10
15430.528375733853
 20
30675.146771037176
 10
15430.528375733853
 20
31170.90671885192
 10
15492.498369210694
 20
31232.87671232876
 10
15430.528375733853
 20
31294.846705805605
 10
15430.528375733853
 20
31542.726679712974
 10
15492.498369210694
 20
31604.696673189817
 10
15430.528375733853
 20
31728.636660143504
 10
15430.528375733853
 20
32472.27658186562
  0
LWPOLYLINE
  5
16F
330
17
100
AcDbEntity
  8
RASTER_CONTOURS
100
AcDbPolyline
 90
6
 70
1
 10
17537.508153946506
 20
33339.85649054142
 10
17599.47814742335
 20
33277.88649706457
 10
17599.47814742335
 20
31790.606653620347
 10
17475.538160469663
 20
31666.66666666666
 10
17413.56816699282
 20
31728.636660143504
 10
17413.56816699282
 20
33277.88649706457
  0
LWPOLYLINE
  5
170
330
17
100
AcDbEntity
  8
RASTER_CONTOURS
100
AcDbPolyline
 90
8
 70
1
 10
17289.628180039137
 20
33339.85649054142
 10
17351.59817351598
 20
33277.88649706457
 10
17351.59817351598
 20
31728.636660143504
 10
17289.628180039137
 20
31666.66666666666
 10
17165.68819308545
 20
31790.606653620347
 10
17165.68819308545
 20
31976.516634050877
 10
17227.658186562294
 20
32038.486627527716
 10
17227.658186562294
 20
33277.88649706457
  0
LWPOLYLINE
  5
171
330
17
100
AcDbEntity
  8
RASTER_CONTOURS
100
AcDbPolyline
 90
5
 70
1
 10
619.6999347684279
 20
33525.76647097195
 10
681.6699282452706
 20
33339.85649054142
 10
495.75994781474225
 20
32968.03652968036
 10
433.7899543378995
 20
33030.0065231572
 10
433.7899543378995
 20
33215.91650358773
  0
LWPOLYLINE
  5
172
330
17
100
AcDbEntity
  8
RASTER_CONTOURS
100
AcDbPolyline
 90
14
 70
1
 10
36872.14611872145
 20
34083.49641226353
 10
36686.23613829093
 20
34145.46640574037
 10
36252.44618395303
 20
34083.49641226353
 10
36252.44618395303
 20
33711.676451402476
 10
36190.47619047618
 20
33649.70645792563
 10
36252.44618395303
 20
33463.7964774951
 10
36376.38617090671
 20
33463.7964774951
 10
36438.35616438356
 20
33339.85649054142
 10
36562.29615133724
 20
33339.85649054142
 10
36686.23613829093
 20
33463.7964774951
 10
36872.14611872145
 20
33463.7964774951
 10
36934.116112198295
 20
33525.76647097195
 10
36934.116112198295
 20
33649.70645792563
 10
36810.17612524461
 20
33773.64644487931
  0
LWPOLYLINE
  5
173
330
17
100
AcDbEntity
  8
RASTER_CONTOURS
100
AcDbPolyline
 90
18
 70
1
 10
38173.51598173515
 20
34145.46640574037
 10
38111.54598825831
 20
34083.49641226353
 10
38111.54598825831
 20
33897.586431833
 10
38235.485975211996
 20
33959.55642530984
 10
38359.42596216568
 20
33835.616438356155
 10
38235.485975211996
 20
33711.676451402476
 10
38297.45596868884
 20
33463.7964774951
 10
38173.51598173515
 20
33401.82648401826
 10
38173.51598173515
 20
33339.85649054142
 10
38855.18590998042
 20
33339.85649054142
 10
38855.18590998042
 20
33401.82648401826
 10
38731.24592302674
 20
33463.7964774951
 10
38793.21591650358
 20
33587.73646444879
 10
38607.305936073055
 20
33649.70645792563
 10
38793.21591650358
 20
33711.676451402476
 10
38917.155903457264
 20
34083.49641226353
 10
38483.36594911937
 20
34207.436399217215
 10
38421.395955642525
 20
34145.46640574037
  0
LWPOLYLINE
  5
174
330
17
100
AcDbEntity
  8
RASTER_CONTOURS
100
AcDbPolyline
 90
21
 70
1
 10
37181.99608610567
 20
34207.436399217215
 10
37243.96607958251
 20
33959.55642530984
 10
37120.026092628825
 20
33525.76647097195
 10
37243.96607958251
 20
33463.7964774951
 10
37243.96607958251
 20
33339.85649054142
 10
37305.936073059354
 20
33339.85649054142
 10
37305.936073059354
 20
33587.73646444879
 10
37367.9060665362
 20
33649.70645792563
 10
37553.81604696673
 20
33525.76647097195
 10
37553.81604696673
 20
33339.85649054142
 10
37739.72602739726
 20
33525.76647097195
 10
37863.666014350936
 20
33463.7964774951
 10
37801.69602087409
 20
33339.85649054142
 10
37863.666014350936
 20
33339.85649054142
 10
37987.60600130462
 20
33587.73646444879
 10
37863.666014350936
 20
33897.586431833
 10
37925.63600782778
 20
34083.49641226353
 10
37801.69602087409
 20
34083.49641226353
 10
37615.78604044357
 20
34207.436399217215
 10
37491.846053489884
 20
34083.49641226353
 10
37367.9060665362
 20
34207.436399217215
  0
LWPOLYLINE
  5
175
330
17
100
AcDbEntity
  8
RASTER_CONTOURS
100
AcDbPolyline
 90
6
 70
1
 10
9543.378995433788
 20
34331.3763861709
 10
9605.348988910631
 20
34393.346379647744
 10
9977.168949771687
 20
34393.346379647744
 10
10039.13894324853
 20
34331.3763861709
 10
9977.168949771687
 20
34269.40639269406
 10
9605.348988910631
 20
34269.40639269406
  0
LWPOLYLINE
  5
176
330
17
100
AcDbEntity
  8
RASTER_CONTOURS
100
AcDbPolyline
 90
15
 70
1
 10
21317.677756033918
 20
34393.346379647744
 10
21255.707762557075
 20
34331.3763861709
 10
21255.707762557075
 20
33835.616438356155
 10
21131.767775603388
 20
33587.73646444879
 10
21317.677756033918
 20
33525.76647097195
 10
21937.377690802343
 20
33525.76647097195
 10
21937.377690802343
 20
33587.73646444879
 10
21813.43770384866
 20
33649.70645792563
 10
21875.407697325503
 20
33711.676451402476
 10
21813.43770384866
 20
33773.64644487931
 10
21937.377690802343
 20
33835.616438356155
 10
21875.407697325503
 20
33959.55642530984
 10
21937.377690802343
 20
34021.526418786685
 10
21937.377690802343
 20
34331.3763861709
 10
21875.407697325503
 20
34393.346379647744
  0
LWPOLYLINE
  5
177
330
17
100
AcDbEntity
  8
RASTER_CONTOURS
100
AcDbPolyline
 90
21
 70
1
 10
20945.85779517286
 20
34331.3763861709
 10
20759.947814742332
 20
34269.40639269406
 10
20574.037834311803
 20
34393.346379647744
 10
20450.097847358116
 20
34269.40639269406
 10
20450.097847358116
 20
34145.46640574037
 10
20202.217873450747
 20
34021.526418786685
 10
20202.217873450747
 20
33773.64644487931
 10
20326.157860404433
 20
33711.676451402476
 10
20202.217873450747
 20
33525.76647097195
 10
20388.127853881277
 20
33649.70645792563
 10
20574.037834311803
 20
33587.73646444879
 10
20759.947814742332
 20
33649.70645792563
 10
20945.85779517286
 20
33525.76647097195
 10
20945.85779517286
 20
33649.70645792563
 10
20821.917808219176
 20
33711.676451402476
 10
20945.85779517286
 20
33773.64644487931
 10
20945.85779517286
 20
33835.616438356155
 10
20759.947814742332
 20
33897.586431833
 10
20821.917808219176
 20
34021.526418786685
 10
20945.85779517286
 20
33959.55642530984
 10
20821.917808219176
 20
34145.46640574037
  0
LWPOLYLINE
  5
178
330
17
100
AcDbEntity
  8
RASTER_CONTOURS
100
AcDbPolyline
 90
13
 70
1
 10
12827.788649706456
 20
34207.436399217215
 10
12827.788649706456
 20
34021.526418786685
 10
12765.818656229612
 20
33959.55642530984
 10
8365.949119373776
 20
33959.55642530984
 10
8303.979125896933
 20
34021.526418786685
 10
8365.949119373776
 20
34207.436399217215
 10
12146.118721461185
 20
34207.436399217215
 10
12146.118721461185
 20
34331.3763861709
 10
12022.178734507499
 20
34393.346379647744
 10
12084.148727984342
 20
34517.28636660143
 10
12703.84866275277
 20
34517.28636660143
 10
12765.818656229612
 20
34455.31637312459
 10
12703.84866275277
 20
34331.3763861709
  0
LWPOLYLINE
  5
179
330
17
100
AcDbEntity
  8
RASTER_CONTOURS
100
AcDbPolyline
 90
9
 70
1
 10
10348.988910632745
 20
34331.3763861709
 10
10472.92889758643
 20
34393.346379647744
 10
10410.958904109588
 20
34455.31637312459
 10
10472.92889758643
 20
34517.28636660143
 10
10596.868884540116
 20
34517.28636660143
 10
10658.838878016959
 20
34393.346379647744
 10
10782.778864970644
 20
34331.3763861709
 10
10720.8088714938
 20
34269.40639269406
 10
10410.958904109588
 20
34269.40639269406
  0
LWPOLYLINE
  5
17A
330
17
100
AcDbEntity
  8
RASTER_CONTOURS
100
AcDbPolyline
 90
10
 70
1
 10
7870.189171559033
 20
34579.256360078274
 10
8118.069145466405
 20
34579.256360078274
 10
8303.979125896933
 20
34455.31637312459
 10
8242.00913242009
 20
34331.3763861709
 10
8242.00913242009
 20
34021.526418786685
 10
8180.039138943247
 20
33959.55642530984
 10
7932.159165035876
 20
33959.55642530984
 10
7808.21917808219
 20
34083.49641226353
 10
7808.21917808219
 20
34331.3763861709
 10
7746.249184605347
 20
34393.346379647744
  0
LWPOLYLINE
  5
17B
330
17
100
AcDbEntity
  8
RASTER_CONTOURS
100
AcDbPolyline
 90
9
 70
1
 10
1363.3398564905413
 20
34269.40639269406
 10
1487.2798434442268
 20
34331.3763861709
 10
1487.2798434442268
 20
34517.28636660143
 10
1549.2498369210696
 20
34579.256360078274
 10
7622.309197651662
 20
34517.28636660143
 10
7808.21917808219
 20
34083.49641226353
 10
7684.279191128505
 20
33959.55642530984
 10
1487.2798434442268
 20
33959.55642530984
 10
1363.3398564905413
 20
34083.49641226353
  0
LWPOLYLINE
  5
17C
330
17
100
AcDbEntity
  8
RASTER_CONTOURS
100
AcDbPolyline
 90
8
 70
1
 10
25283.757338551855
 20
34827.13633398564
 10
26894.97716894977
 20
34827.13633398564
 10
26956.947162426608
 20
34765.1663405088
 10
26956.947162426608
 20
32348.336594911932
 10
26894.97716894977
 20
32286.36660143509
 10
25221.787345075012
 20
32286.36660143509
 10
25159.81735159817
 20
32348.336594911932
 10
25159.81735159817
 20
34703.19634703196
  0
LWPOLYLINE
  5
17D
330
17
100
AcDbEntity
  8
RASTER_CONTOURS
100
AcDbPolyline
 90
21
 70
1
 10
46477.49510763209
 20
34889.10632746248
 10
46415.52511415524
 20
34827.13633398564
 10
46477.49510763209
 20
34703.19634703196
 10
46415.52511415524
 20
34579.256360078274
 10
46415.52511415524
 20
34331.3763861709
 10
46477.49510763209
 20
34269.40639269406
 10
46415.52511415524
 20
32286.36660143509
 10
46291.58512720156
 20
32162.426614481403
 10
45857.795172863654
 20
32162.426614481403
 10
45795.82517938682
 20
32224.396607958246
 10
45733.855185909975
 20
32162.426614481403
 10
42697.32550554468
 20
32162.426614481403
 10
42635.355512067836
 20
32224.396607958246
 10
42635.355512067836
 20
34579.256360078274
 10
42759.29549902152
 20
34703.19634703196
 10
45733.855185909975
 20
34703.19634703196
 10
45857.795172863654
 20
34641.22635355512
 10
45919.7651663405
 20
34703.19634703196
 10
46291.58512720156
 20
34703.19634703196
 10
46291.58512720156
 20
34951.076320939326
 10
46353.5551206784
 20
35013.04631441617
  0
LWPOLYLINE
  5
17E
330
17
100
AcDbEntity
  8
RASTER_CONTOURS
100
AcDbPolyline
 90
7
 70
1
 10
12270.05870841487
 20
35075.01630789301
 10
12393.998695368557
 20
35013.04631441617
 10
12393.998695368557
 20
34765.1663405088
 10
12332.028701891713
 20
34703.19634703196
 10
12084.148727984342
 20
34827.13633398564
 10
12270.05870841487
 20
34889.10632746248
 10
12208.088714938029
 20
34951.076320939326
  0
LWPOLYLINE
  5
17F
330
17
100
AcDbEntity
  8
RASTER_CONTOURS
100
AcDbPolyline
 90
7
 70
1
 10
11774.298760600128
 20
35013.04631441617
 10
11836.268754076971
 20
35075.01630789301
 10
12022.178734507499
 20
35013.04631441617
 10
12146.118721461185
 20
35075.01630789301
 10
12208.088714938029
 20
34951.076320939326
 10
12146.118721461185
 20
34889.10632746248
 10
11836.268754076971
 20
34889.10632746248
  0
LWPOLYLINE
  5
180
330
17
100
AcDbEntity
  8
RASTER_CONTOURS
100
AcDbPolyline
 90
5
 70
1
 10
10720.8088714938
 20
35013.04631441617
 10
10906.71885192433
 20
35075.01630789301
 10
11092.628832354858
 20
34951.076320939326
 10
11030.658838878015
 20
34889.10632746248
 10
10782.778864970644
 20
34889.10632746248
  0
LWPOLYLINE
  5
181
330
17
100
AcDbEntity
  8
RASTER_CONTOURS
100
AcDbPolyline
 90
11
 70
1
 10
27266.797129810824
 20
35198.9562948467
 10
28568.16699282452
 20
35198.9562948467
 10
28630.136986301364
 20
35136.986301369856
 10
28630.136986301364
 20
32534.24657534246
 10
28506.196999347678
 20
32410.306588388776
 10
27390.73711676451
 20
32410.306588388776
 10
27266.797129810824
 20
32472.27658186562
 10
27142.857142857138
 20
32658.186562296145
 10
27142.857142857138
 20
34455.31637312459
 10
27204.82713633398
 20
34517.28636660143
 10
27204.82713633398
 20
35136.986301369856
  0
LWPOLYLINE
  5
182
330
17
100
AcDbEntity
  8
RASTER_CONTOURS
100
AcDbPolyline
 90
13
 70
1
 10
28754.07697325505
 20
35136.986301369856
 10
29001.95694716242
 20
35260.92628832354
 10
29125.896934116106
 20
35198.9562948467
 10
32410.306588388776
 20
35198.9562948467
 10
32534.24657534246
 20
35075.01630789301
 10
32534.24657534246
 20
34765.1663405088
 10
32596.2165688193
 20
34703.19634703196
 10
32534.24657534246
 20
34641.22635355512
 10
32596.2165688193
 20
34579.256360078274
 10
32596.2165688193
 20
32596.2165688193
 10
32472.27658186562
 20
32410.306588388776
 10
28878.016960208737
 20
32410.306588388776
 10
28754.07697325505
 20
32534.24657534246
  0
LWPOLYLINE
  5
183
330
17
100
AcDbEntity
  8
RASTER_CONTOURS
100
AcDbPolyline
 90
8
 70
1
 10
9295.499021526417
 20
35322.896281800386
 10
9357.46901500326
 20
35384.86627527723
 10
9915.198956294846
 20
35384.86627527723
 10
9977.168949771687
 20
35322.896281800386
 10
9853.228962818002
 20
35136.986301369856
 10
9853.228962818002
 20
34951.076320939326
 10
9915.198956294846
 20
34889.10632746248
 10
9729.288975864316
 20
34827.13633398564
  0
LWPOLYLINE
  5
184
330
17
100
AcDbEntity
  8
RASTER_CONTOURS
100
AcDbPolyline
 90
7
 70
1
 10
10844.748858447487
 20
35570.77625570776
 10
10906.71885192433
 20
35632.7462491846
 10
11278.538812785386
 20
35570.77625570776
 10
11402.478799739072
 20
35384.86627527723
 10
11340.508806262229
 20
35322.896281800386
 10
11092.628832354858
 20
35322.896281800386
 10
10906.71885192433
 20
35384.86627527723
  0
LWPOLYLINE
  5
185
330
17
100
AcDbEntity
  8
RASTER_CONTOURS
100
AcDbPolyline
 90
7
 70
1
 10
9233.529028049574
 20
35570.77625570776
 10
9295.499021526417
 20
35632.7462491846
 10
9729.288975864316
 20
35632.7462491846
 10
9853.228962818002
 20
35508.806262230915
 10
9729.288975864316
 20
35446.83626875407
 10
9667.318982387475
 20
35508.806262230915
 10
9295.499021526417
 20
35508.806262230915
  0
LWPOLYLINE
  5
186
330
17
100
AcDbEntity
  8
RASTER_CONTOURS
100
AcDbPolyline
 90
12
 70
1
 10
9047.619047619046
 20
35632.7462491846
 10
9171.559034572732
 20
35632.7462491846
 10
9295.499021526417
 20
35508.806262230915
 10
9295.499021526417
 20
35322.896281800386
 10
9233.529028049574
 20
35260.92628832354
 10
9171.559034572732
 20
35322.896281800386
 10
9109.58904109589
 20
35136.986301369856
 10
8923.679060665361
 20
35136.986301369856
 10
8799.739073711675
 20
35322.896281800386
 10
8923.679060665361
 20
35446.83626875407
 10
9047.619047619046
 20
35446.83626875407
 10
8985.649054142203
 20
35570.77625570776
  0
LWPOLYLINE
  5
187
330
17
100
AcDbEntity
  8
RASTER_CONTOURS
100
AcDbPolyline
 90
6
 70
1
 10
11340.508806262229
 20
35880.62622309197
 10
11402.478799739072
 20
35942.59621656881
 10
11960.208741030658
 20
35942.59621656881
 10
12022.178734507499
 20
35880.62622309197
 10
11960.208741030658
 20
35818.656229615124
 10
11402.478799739072
 20
35818.656229615124
  0
LWPOLYLINE
  5
188
330
17
100
AcDbEntity
  8
RASTER_CONTOURS
100
AcDbPolyline
 90
6
 70
1
 10
9357.46901500326
 20
35880.62622309197
 10
9481.409001956945
 20
36004.566210045654
 10
9667.318982387475
 20
36004.566210045654
 10
9977.168949771687
 20
35880.62622309197
 10
9915.198956294846
 20
35818.656229615124
 10
9419.439008480103
 20
35818.656229615124
  0
LWPOLYLINE
  5
189
330
17
100
AcDbEntity
  8
RASTER_CONTOURS
100
AcDbPolyline
 90
20
 70
1
 10
17847.358121330722
 20
36004.566210045654
 10
18033.26810176125
 20
36190.47619047618
 10
18343.118069145465
 20
36190.47619047618
 10
18405.088062622304
 20
36128.50619699934
 10
22742.9876060013
 20
36128.50619699934
 10
22866.927592954988
 20
36004.566210045654
 10
22866.927592954988
 20
34889.10632746248
 10
22928.897586431827
 20
34827.13633398564
 10
24849.967384213956
 20
34827.13633398564
 10
24973.90737116764
 20
34703.19634703196
 10
24973.90737116764
 20
32534.24657534246
 10
24787.997390737113
 20
32410.306588388776
 10
23858.447488584472
 20
32410.306588388776
 10
23796.47749510763
 20
32472.27658186562
 10
23300.717547292887
 20
32472.27658186562
 10
23238.747553816043
 20
32410.306588388776
 10
23052.837573385514
 20
32410.306588388776
 10
22990.86757990867
 20
32472.27658186562
 10
17971.298108284405
 20
32472.27658186562
 10
17847.358121330722
 20
32596.2165688193
  0
LWPOLYLINE
  5
18A
330
17
100
AcDbEntity
  8
RASTER_CONTOURS
100
AcDbPolyline
 90
12
 70
1
 10
10596.868884540116
 20
35880.62622309197
 10
10658.838878016959
 20
35942.59621656881
 10
10596.868884540116
 20
36066.5362035225
 10
10720.8088714938
 20
36252.44618395303
 10
11030.658838878015
 20
36252.44618395303
 10
11092.628832354858
 20
36190.47619047618
 10
11030.658838878015
 20
36004.566210045654
 10
10782.778864970644
 20
36004.566210045654
 10
10782.778864970644
 20
35942.59621656881
 10
10968.688845401171
 20
35880.62622309197
 10
10906.71885192433
 20
35818.656229615124
 10
10658.838878016959
 20
35818.656229615124
  0
LWPOLYLINE
  5
18B
330
17
100
AcDbEntity
  8
RASTER_CONTOURS
100
AcDbPolyline
 90
11
 70
1
 10
8489.88910632746
 20
36128.50619699934
 10
8613.829093281147
 20
36252.44618395303
 10
8861.709067188518
 20
36252.44618395303
 10
8923.679060665361
 20
36190.47619047618
 10
9171.559034572732
 20
36190.47619047618
 10
9233.529028049574
 20
36252.44618395303
 10
9357.46901500326
 20
36128.50619699934
 10
10101.108936725373
 20
36128.50619699934
 10
10163.078930202217
 20
36066.5362035225
 10
10101.108936725373
 20
36004.566210045654
 10
8551.859099804304
 20
36004.566210045654
  0
LWPOLYLINE
  5
18C
330
17
100
AcDbEntity
  8
RASTER_CONTOURS
100
AcDbPolyline
 90
7
 70
1
 10
11774.298760600128
 20
36314.41617742987
 10
11712.328767123285
 20
36252.44618395303
 10
10348.988910632745
 20
36252.44618395303
 10
10287.018917155901
 20
36314.41617742987
 10
10348.988910632745
 20
36376.38617090671
 10
11278.538812785386
 20
36376.38617090671
 10
11340.508806262229
 20
36438.35616438356
  0
LWPOLYLINE
  5
18D
330
17
100
AcDbEntity
  8
RASTER_CONTOURS
100
AcDbPolyline
 90
6
 70
1
 10
9977.168949771687
 20
36562.29615133724
 10
10039.13894324853
 20
36624.266144814086
 10
10410.958904109588
 20
36624.266144814086
 10
10472.92889758643
 20
36562.29615133724
 10
10410.958904109588
 20
36500.3261578604
 10
10039.13894324853
 20
36500.3261578604
  0
LWPOLYLINE
  5
18E
330
17
100
AcDbEntity
  8
RASTER_CONTOURS
100
AcDbPolyline
 90
6
 70
1
 10
11960.208741030658
 20
36748.20613176777
 10
12022.178734507499
 20
36810.17612524461
 10
12332.028701891713
 20
36810.17612524461
 10
12393.998695368557
 20
36748.20613176777
 10
12332.028701891713
 20
36686.23613829093
 10
12022.178734507499
 20
36686.23613829093
  0
LWPOLYLINE
  5
18F
330
17
100
AcDbEntity
  8
RASTER_CONTOURS
100
AcDbPolyline
 90
11
 70
1
 10
17599.47814742335
 20
36996.08610567514
 10
17661.448140900193
 20
36934.116112198295
 10
17599.47814742335
 20
36810.17612524461
 10
17599.47814742335
 20
36128.50619699934
 10
17661.448140900193
 20
36066.5362035225
 10
17599.47814742335
 20
36004.566210045654
 10
17599.47814742335
 20
35632.7462491846
 10
17537.508153946506
 20
35570.77625570776
 10
17413.56816699282
 20
35694.716242661445
 10
17413.56816699282
 20
36810.17612524461
 10
17475.538160469663
 20
36934.116112198295
  0
LWPOLYLINE
  5
190
330
17
100
AcDbEntity
  8
RASTER_CONTOURS
100
AcDbPolyline
 90
6
 70
1
 10
35756.68623613829
 20
37058.05609915198
 10
35818.656229615124
 20
37120.026092628825
 10
36500.3261578604
 20
37120.026092628825
 10
36562.29615133724
 20
37058.05609915198
 10
36500.3261578604
 20
36996.08610567514
 10
35818.656229615124
 20
36996.08610567514
  0
LWPOLYLINE
  5
191
330
17
100
AcDbEntity
  8
RASTER_CONTOURS
100
AcDbPolyline
 90
18
 70
1
 10
15430.528375733853
 20
37120.026092628825
 10
15740.378343118065
 20
37120.026092628825
 10
15802.348336594909
 20
37058.05609915198
 10
15988.258317025438
 20
37058.05609915198
 10
16050.22831050228
 20
37120.026092628825
 10
17165.68819308545
 20
37120.026092628825
 10
17413.56816699282
 20
36934.116112198295
 10
17413.56816699282
 20
35694.716242661445
 10
17289.628180039137
 20
35508.806262230915
 10
17537.508153946506
 20
35508.806262230915
 10
17599.47814742335
 20
35446.83626875407
 10
17599.47814742335
 20
34021.526418786685
 10
17475.538160469663
 20
33897.586431833
 10
15554.468362687538
 20
33897.586431833
 10
15368.55838225701
 20
34021.526418786685
 10
15306.588388780166
 20
34331.3763861709
 10
15368.55838225701
 20
34393.346379647744
 10
15368.55838225701
 20
37058.05609915198
  0
LWPOLYLINE
  5
192
330
17
100
AcDbEntity
  8
RASTER_CONTOURS
100
AcDbPolyline
 90
1271
 70
1
 10
619.6999347684279
 20
33215.91650358773
 10
805.6099151989562
 20
33339.85649054142
 10
867.579908675799
 20
33277.88649706457
 10
805.6099151989562
 20
33030.0065231572
 10
929.5499021526417
 20
33030.0065231572
 10
867.579908675799
 20
33339.85649054142
 10
991.5198956294845
 20
33463.7964774951
 10
10906.71885192433
 20
33463.7964774951
 10
10968.688845401171
 20
33401.82648401826
 10
11526.418786692757
 20
33401.82648401826
 10
11650.358773646443
 20
33463.7964774951
 10
11712.328767123285
 20
33401.82648401826
 10
12889.758643183299
 20
33401.82648401826
 10
12951.728636660142
 20
33339.85649054142
 10
12889.758643183299
 20
32968.03652968036
 10
13075.668623613827
 20
32968.03652968036
 10
12951.728636660142
 20
33215.91650358773
 10
13075.668623613827
 20
33401.82648401826
 10
13447.488584474884
 20
33401.82648401826
 10
13509.458577951726
 20
33463.7964774951
 10
13447.488584474884
 20
33525.76647097195
 10
13447.488584474884
 20
36500.3261578604
 10
13695.368558382255
 20
36686.23613829093
 10
13633.398564905412
 20
36748.20613176777
 10
13633.398564905412
 20
36996.08610567514
 10
13757.338551859097
 20
37120.026092628825
 10
14996.738421395952
 20
37120.026092628825
 10
15120.678408349639
 20
36996.08610567514
 10
15058.708414872795
 20
33401.82648401826
 10
16855.838225701238
 20
33401.82648401826
 10
16979.77821265492
 20
33277.88649706457
 10
16979.77821265492
 20
32658.186562296145
 10
16917.808219178078
 20
32596.2165688193
 10
16979.77821265492
 20
32410.306588388776
 10
16979.77821265492
 20
31728.636660143504
 10
16917.808219178078
 20
31666.66666666666
 10
17041.748206131764
 20
31604.696673189817
 10
17041.748206131764
 20
28258.31702544031
 10
16979.77821265492
 20
28196.347031963465
 10
16979.77821265492
 20
20512.06784083496
 10
16917.808219178078
 20
20326.157860404433
 10
17413.56816699282
 20
20264.18786692759
 10
17537.508153946506
 20
20140.247879973904
 10
17475.538160469663
 20
20078.27788649706
 10
17537.508153946506
 20
19954.337899543374
 10
17537.508153946506
 20
18343.118069145465
 10
17351.59817351598
 20
18219.17808219178
 10
17289.628180039137
 20
18095.23809523809
 10
17351.59817351598
 20
18033.26810176125
 10
17661.448140900193
 20
18095.23809523809
 10
17785.38812785388
 20
18033.26810176125
 10
17847.358121330722
 20
17909.328114807562
 10
17847.358121330722
 20
18095.23809523809
 10
17909.328114807562
 20
18157.208088714935
 10
17847.358121330722
 20
18219.17808219178
 10
17847.358121330722
 20
19210.697977821263
 10
17785.38812785388
 20
19272.667971298106
 10
17847.358121330722
 20
19458.577951728632
 10
18405.088062622304
 20
19768.427919112848
 10
18714.93803000652
 20
20140.247879973904
 10
18838.878016960207
 20
20450.097847358116
 10
18838.878016960207
 20
21317.677756033918
 10
19024.787997390733
 20
21503.587736464444
 10
18962.81800391389
 20
21565.557729941287
 10
18962.81800391389
 20
21813.43770384866
 10
18838.878016960207
 20
22185.257664709716
 10
18838.878016960207
 20
22433.137638617085
 10
18900.848010437046
 20
22495.10763209393
 10
18900.848010437046
 20
23610.5675146771
 10
19086.757990867576
 20
23734.507501630786
 10
19086.757990867576
 20
23858.447488584472
 10
19272.667971298106
 20
23920.417482061315
 10
19334.63796477495
 20
24044.357469014998
 10
19520.547945205475
 20
24106.32746249184
 10
19954.337899543374
 20
24044.357469014998
 10
19954.337899543374
 20
24106.32746249184
 10
19768.427919112848
 20
24168.297455968685
 10
19768.427919112848
 20
24602.087410306583
 10
19830.39791258969
 20
24664.057403783427
 10
19892.367906066534
 20
24602.087410306583
 10
20016.307893020217
 20
24849.967384213956
 10
21565.557729941287
 20
24849.967384213956
 10
21627.52772341813
 20
24664.057403783427
 10
21813.43770384866
 20
24602.087410306583
 10
21813.43770384866
 20
24292.23744292237
 10
21627.52772341813
 20
24106.32746249184
 10
21689.497716894974
 20
24044.357469014998
 10
21875.407697325503
 20
24106.32746249184
 10
21937.377690802343
 20
24044.357469014998
 10
21937.377690802343
 20
24168.297455968685
 10
21813.43770384866
 20
24230.267449445528
 10
21875.407697325503
 20
24354.207436399214
 10
21813.43770384866
 20
24478.147423352897
 10
21937.377690802343
 20
24540.11741682974
 10
22123.287671232873
 20
24849.967384213956
 10
22495.10763209393
 20
24849.967384213956
 10
22557.07762557077
 20
24787.997390737113
 10
22681.017612524458
 20
24849.967384213956
 10
23920.417482061315
 20
24849.967384213956
 10
24168.297455968685
 20
24540.11741682974
 10
24168.297455968685
 20
24168.297455968685
 10
24044.357469014998
 20
24106.32746249184
 10
24044.357469014998
 20
24044.357469014998
 10
24478.147423352897
 20
24044.357469014998
 10
24354.207436399214
 20
24230.267449445528
 10
24354.207436399214
 20
24602.087410306583
 10
24540.11741682974
 20
24849.967384213956
 10
25779.517286366598
 20
24849.967384213956
 10
25841.48727984344
 20
24787.997390737113
 10
26213.307240704497
 20
24787.997390737113
 10
26275.27723418134
 20
24849.967384213956
 10
26399.217221135026
 20
24664.057403783427
 10
26585.127201565552
 20
24540.11741682974
 10
26585.127201565552
 20
24230.267449445528
 10
26461.187214611866
 20
24168.297455968685
 10
26399.217221135026
 20
24044.357469014998
 10
26585.127201565552
 20
24044.357469014998
 10
26647.097195042395
 20
23982.387475538155
 10
26771.037181996082
 20
24044.357469014998
 10
26647.097195042395
 20
24230.267449445528
 10
26647.097195042395
 20
24540.11741682974
 10
26956.947162426608
 20
24787.997390737113
 10
27204.82713633398
 20
24787.997390737113
 10
27266.797129810824
 20
24849.967384213956
 10
28258.31702544031
 20
24787.997390737113
 10
28320.28701891715
 20
24849.967384213956
 10
28692.106979778207
 20
24787.997390737113
 10
28754.07697325505
 20
24664.057403783427
 10
28878.016960208737
 20
24664.057403783427
 10
29001.95694716242
 20
24540.11741682974
 10
29001.95694716242
 20
24168.297455968685
 10
28878.016960208737
 20
24106.32746249184
 10
28878.016960208737
 20
24044.357469014998
 10
29187.86692759295
 20
24044.357469014998
 10
29187.86692759295
 20
24106.32746249184
 10
29125.896934116106
 20
24044.357469014998
 10
29001.95694716242
 20
24230.267449445528
 10
29063.926940639263
 20
24292.23744292237
 10
29001.95694716242
 20
24354.207436399214
 10
29001.95694716242
 20
24540.11741682974
 10
29187.86692759295
 20
24664.057403783427
 10
29187.86692759295
 20
24973.90737116764
 10
29249.836921069793
 20
25035.877364644482
 10
29125.896934116106
 20
25035.877364644482
 10
29001.95694716242
 20
24849.967384213956
 10
27266.797129810824
 20
24849.967384213956
 10
27142.857142857138
 20
24973.90737116764
 10
27142.857142857138
 20
27576.647097195037
 10
27266.797129810824
 20
27700.587084148723
 10
27514.677103718193
 20
27700.587084148723
 10
27576.647097195037
 20
27638.61709067188
 10
27948.467058056096
 20
27762.557077625566
 10
28010.437051532936
 20
27700.587084148723
 10
28692.106979778207
 20
27700.587084148723
 10
28878.016960208737
 20
27576.647097195037
 10
28878.016960208737
 20
26585.127201565552
 10
28692.106979778207
 20
26461.187214611866
 10
29063.926940639263
 20
26461.187214611866
 10
29063.926940639263
 20
26523.15720808871
 10
28939.98695368558
 20
26585.127201565552
 10
28939.98695368558
 20
26771.037181996082
 10
28878.016960208737
 20
26833.007175472925
 10
28878.016960208737
 20
27266.797129810824
 10
29001.95694716242
 20
27638.61709067188
 10
29125.896934116106
 20
27700.587084148723
 10
30055.446836268748
 20
27700.587084148723
 10
30117.41682974559
 20
27638.61709067188
 10
30303.32681017612
 20
27700.587084148723
 10
30489.236790606647
 20
27576.647097195037
 10
30489.236790606647
 20
26399.217221135026
 10
30365.296803652964
 20
26151.337247227653
 10
30489.236790606647
 20
26275.27723418134
 10
30613.176777560333
 20
26275.27723418134
 10
30613.176777560333
 20
27638.61709067188
 10
30675.146771037176
 20
27700.587084148723
 10
32906.066536203514
 20
27700.587084148723
 10
33030.0065231572
 20
27576.647097195037
 10
33030.0065231572
 20
25407.69732550554
 10
32906.066536203514
 20
25283.757338551855
 10
31480.75668623613
 20
25283.757338551855
 10
31418.78669275929
 20
25345.7273320287
 10
31294.846705805605
 20
25283.757338551855
 10
31232.87671232876
 20
25345.7273320287
 10
31232.87671232876
 20
24911.9373776908
 10
31108.936725375075
 20
24664.057403783427
 10
31356.816699282448
 20
24540.11741682974
 10
31356.816699282448
 20
24106.32746249184
 10
31294.846705805605
 20
24044.357469014998
 10
31232.87671232876
 20
24106.32746249184
 10
31232.87671232876
 20
24044.357469014998
 10
31356.816699282448
 20
23982.387475538155
 10
31480.75668623613
 20
24044.357469014998
 10
31542.726679712974
 20
23982.387475538155
 10
31542.726679712974
 20
24106.32746249184
 10
31418.78669275929
 20
24168.297455968685
 10
31418.78669275929
 20
24416.177429876057
 10
31480.75668623613
 20
24478.147423352897
 10
31542.726679712974
 20
24292.23744292237
 10
31542.726679712974
 20
24602.087410306583
 10
31666.66666666666
 20
24664.057403783427
 10
31604.696673189817
 20
24726.02739726027
 10
31666.66666666666
 20
24787.997390737113
 10
33401.82648401826
 20
24787.997390737113
 10
33587.73646444879
 20
24478.147423352897
 10
33649.70645792563
 20
24540.11741682974
 10
33711.676451402476
 20
24478.147423352897
 10
33711.676451402476
 20
24168.297455968685
 10
33649.70645792563
 20
24106.32746249184
 10
33587.73646444879
 20
24230.267449445528
 10
33587.73646444879
 20
24106.32746249184
 10
33463.7964774951
 20
23982.387475538155
 10
33401.82648401826
 20
23982.387475538155
 10
34021.526418786685
 20
23982.387475538155
 10
33773.64644487931
 20
24168.297455968685
 10
33835.616438356155
 20
24292.23744292237
 10
33773.64644487931
 20
24478.147423352897
 10
33897.586431833
 20
24540.11741682974
 10
34083.49641226353
 20
24787.997390737113
 10
34145.46640574037
 20
24726.02739726027
 10
34269.40639269406
 20
24787.997390737113
 10
35075.01630789301
 20
24787.997390737113
 10
35136.986301369856
 20
24726.02739726027
 10
35198.9562948467
 20
24787.997390737113
 10
35632.7462491846
 20
24787.997390737113
 10
35694.716242661445
 20
24664.057403783427
 10
35756.68623613829
 20
24787.997390737113
 10
35818.656229615124
 20
24664.057403783427
 10
36128.50619699934
 20
24478.147423352897
 10
36128.50619699934
 20
24168.297455968685
 10
35942.59621656881
 20
24044.357469014998
 10
35942.59621656881
 20
23982.387475538155
 10
36376.38617090671
 20
23982.387475538155
 10
36190.47619047618
 20
24168.297455968685
 10
36190.47619047618
 20
24540.11741682974
 10
36314.41617742987
 20
24602.087410306583
 10
36376.38617090671
 20
25035.877364644482
 10
36128.50619699934
 20
24849.967384213956
 10
36004.566210045654
 20
25035.877364644482
 10
36066.5362035225
 20
25221.787345075012
 10
36004.566210045654
 20
25283.757338551855
 10
36066.5362035225
 20
25407.69732550554
 10
36066.5362035225
 20
27576.647097195037
 10
36128.50619699934
 20
27638.61709067188
 10
37553.81604696673
 20
27638.61709067188
 10
37615.78604044357
 20
27576.647097195037
 10
37615.78604044357
 20
26275.27723418134
 10
37491.846053489884
 20
26089.36725375081
 10
37801.69602087409
 20
26275.27723418134
 10
37801.69602087409
 20
27576.647097195037
 10
37863.666014350936
 20
27638.61709067188
 10
39041.09589041095
 20
27638.61709067188
 10
39103.06588388779
 20
27576.647097195037
 10
39227.00587084148
 20
27638.61709067188
 10
39970.64579256359
 20
27638.61709067188
 10
40032.615786040435
 20
27576.647097195037
 10
40032.615786040435
 20
26771.037181996082
 10
39970.64579256359
 20
26709.06718851924
 10
40032.615786040435
 20
26585.127201565552
 10
40032.615786040435
 20
25345.7273320287
 10
39908.67579908675
 20
25221.787345075012
 10
38483.36594911937
 20
25221.787345075012
 10
38359.42596216568
 20
25283.757338551855
 10
38359.42596216568
 20
24354.207436399214
 10
38421.395955642525
 20
24540.11741682974
 10
38545.33594259621
 20
24478.147423352897
 10
38545.33594259621
 20
24106.32746249184
 10
38421.395955642525
 20
24044.357469014998
 10
38359.42596216568
 20
24230.267449445528
 10
38359.42596216568
 20
23920.417482061315
 10
38421.395955642525
 20
23982.387475538155
 10
38545.33594259621
 20
23920.417482061315
 10
38731.24592302674
 20
23982.387475538155
 10
38731.24592302674
 20
24044.357469014998
 10
38669.2759295499
 20
23982.387475538155
 10
38545.33594259621
 20
24106.32746249184
 10
38545.33594259621
 20
24478.147423352897
 10
38731.24592302674
 20
24540.11741682974
 10
38855.18590998042
 20
24726.02739726027
 10
40528.37573385518
 20
24726.02739726027
 10
40900.19569471623
 20
24478.147423352897
 10
40900.19569471623
 20
24044.357469014998
 10
40714.28571428571
 20
23982.387475538155
 10
41086.10567514676
 20
23920.417482061315
 10
41148.075668623605
 20
23982.387475538155
 10
40962.165688193076
 20
24106.32746249184
 10
40962.165688193076
 20
24416.177429876057
 10
41333.985649054135
 20
24726.02739726027
 10
41581.86562296151
 20
24726.02739726027
 10
41643.83561643835
 20
24664.057403783427
 10
41829.745596868874
 20
24726.02739726027
 10
41953.68558382256
 20
24602.087410306583
 10
42015.6555772994
 20
24664.057403783427
 10
42139.59556425309
 20
24602.087410306583
 10
42325.50554468362
 20
24664.057403783427
 10
43069.14546640573
 20
24664.057403783427
 10
43193.08545335942
 20
24478.147423352897
 10
43255.05544683626
 20
24540.11741682974
 10
43317.025440313104
 20
24478.147423352897
 10
43317.025440313104
 20
24106.32746249184
 10
43255.05544683626
 20
24044.357469014998
 10
43193.08545335942
 20
24106.32746249184
 10
43131.115459882574
 20
23920.417482061315
 10
43626.87540769732
 20
23920.417482061315
 10
43626.87540769732
 20
24664.057403783427
 10
43750.81539465101
 20
24787.997390737113
 10
44122.63535551206
 20
24787.997390737113
 10
44246.575342465745
 20
24664.057403783427
 10
44246.575342465745
 20
24044.357469014998
 10
44184.6053489889
 20
23982.387475538155
 10
44184.6053489889
 20
23734.507501630786
 10
44246.575342465745
 20
23672.537508153942
 10
44184.6053489889
 20
23610.5675146771
 10
44246.575342465745
 20
23486.627527723413
 10
44246.575342465745
 20
23300.717547292887
 10
44184.6053489889
 20
23238.747553816043
 10
44246.575342465745
 20
23114.807566862357
 10
44184.6053489889
 20
23052.837573385514
 10
44184.6053489889
 20
20512.06784083496
 10
44122.63535551206
 20
20450.097847358116
 10
43255.05544683626
 20
20450.097847358116
 10
43193.08545335942
 20
20512.06784083496
 10
43193.08545335942
 20
21255.707762557075
 10
42945.205479452045
 20
21441.6177429876
 10
42945.205479452045
 20
21565.557729941287
 10
43069.14546640573
 20
21689.497716894974
 10
43007.17547292889
 20
21875.407697325503
 10
42945.205479452045
 20
21813.43770384866
 10
42945.205479452045
 20
21565.557729941287
 10
42821.26549249836
 20
21317.677756033918
 10
43069.14546640573
 20
21193.73776908023
 10
43069.14546640573
 20
20883.88780169602
 10
42945.205479452045
 20
20759.947814742332
 10
42821.26549249836
 20
20945.85779517286
 10
42697.32550554468
 20
20945.85779517286
 10
42573.38551859099
 20
21069.797782126545
 10
42511.41552511415
 20
21317.677756033918
 10
42511.41552511415
 20
21131.767775603388
 10
42573.38551859099
 20
21069.797782126545
 10
42511.41552511415
 20
21007.8277886497
 10
42635.355512067836
 20
20883.88780169602
 10
42511.41552511415
 20
20759.947814742332
 10
42077.62557077625
 20
20759.947814742332
 10
41953.68558382256
 20
20883.88780169602
 10
41953.68558382256
 20
21069.797782126545
 10
42077.62557077625
 20
21317.677756033918
 10
41953.68558382256
 20
21317.677756033918
 10
41953.68558382256
 20
21069.797782126545
 10
41829.745596868874
 20
20821.917808219176
 10
41891.71559034572
 20
20574.037834311803
 10
41767.77560339204
 20
20388.127853881277
 10
41581.86562296151
 20
20512.06784083496
 10
41519.895629484665
 20
20697.97782126549
 10
41581.86562296151
 20
20821.917808219176
 10
41519.895629484665
 20
20821.917808219176
 10
41519.895629484665
 20
20636.007827788646
 10
41581.86562296151
 20
20574.037834311803
 10
41519.895629484665
 20
20450.097847358116
 10
41581.86562296151
 20
20450.097847358116
 10
41643.83561643835
 20
20326.157860404433
 10
41519.895629484665
 20
20202.217873450747
 10
41086.10567514676
 20
20202.217873450747
 10
40900.19569471623
 20
20388.127853881277
 10
41024.13568166992
 20
20759.947814742332
 10
40962.165688193076
 20
20759.947814742332
 10
40962.165688193076
 20
20512.06784083496
 10
40776.25570776255
 20
20264.18786692759
 10
40900.19569471623
 20
20140.247879973904
 10
40838.22570123939
 20
19954.337899543374
 10
40652.31572080887
 20
19892.367906066534
 10
40528.37573385518
 20
20078.27788649706
 10
40528.37573385518
 20
20264.18786692759
 10
40466.40574037834
 20
20140.247879973904
 10
40590.345727332024
 20
19830.39791258969
 10
40528.37573385518
 20
19706.457925636005
 10
40156.55577299412
 20
19706.457925636005
 10
40094.58577951728
 20
19892.367906066534
 10
40094.58577951728
 20
19830.39791258969
 10
39970.64579256359
 20
19768.427919112848
 10
39908.67579908675
 20
19892.367906066534
 10
40094.58577951728
 20
20140.247879973904
 10
40094.58577951728
 20
20264.18786692759
 10
39908.67579908675
 20
20264.18786692759
 10
39908.67579908675
 20
19892.367906066534
 10
39784.73581213307
 20
19768.427919112848
 10
39846.705805609905
 20
19396.60795825179
 10
39660.79582517938
 20
19272.667971298106
 10
39536.855838225696
 20
19458.577951728632
 10
39536.855838225696
 20
19644.48793215916
 10
39598.82583170254
 20
19706.457925636005
 10
39536.855838225696
 20
19706.457925636005
 10
39474.88584474885
 20
19582.51793868232
 10
39598.82583170254
 20
19210.697977821263
 10
39536.855838225696
 20
19148.72798434442
 10
39041.09589041095
 20
19148.72798434442
 10
38917.155903457264
 20
19272.667971298106
 10
38917.155903457264
 20
19458.577951728632
 10
38979.12589693411
 20
19520.547945205475
 10
38979.12589693411
 20
19706.457925636005
 10
38917.155903457264
 20
19706.457925636005
 10
38917.155903457264
 20
19272.667971298106
 10
38793.21591650358
 20
19210.697977821263
 10
38855.18590998042
 20
18838.878016960207
 10
38669.2759295499
 20
18776.908023483364
 10
38545.33594259621
 20
18900.848010437046
 10
38545.33594259621
 20
19148.72798434442
 10
38483.36594911937
 20
19148.72798434442
 10
38483.36594911937
 20
18900.848010437046
 10
38607.305936073055
 20
18776.908023483364
 10
38483.36594911937
 20
18590.998043052834
 10
38049.575994781466
 20
18590.998043052834
 10
37863.666014350936
 20
18714.93803000652
 10
37925.63600782778
 20
19024.787997390733
 10
37801.69602087409
 20
19458.577951728632
 10
37677.756033920414
 20
19396.60795825179
 10
35322.896281800386
 20
19396.60795825179
 10
35260.92628832354
 20
19458.577951728632
 10
35075.01630789301
 20
19458.577951728632
 10
35075.01630789301
 20
19210.697977821263
 10
35384.86627527723
 20
19210.697977821263
 10
35756.68623613829
 20
19334.63796477495
 10
36190.47619047618
 20
19334.63796477495
 10
36252.44618395303
 20
19272.667971298106
 10
36190.47619047618
 20
19210.697977821263
 10
35818.656229615124
 20
19210.697977821263
 10
37058.05609915198
 20
19210.697977821263
 10
37120.026092628825
 20
19148.72798434442
 10
37305.936073059354
 20
19148.72798434442
 10
37367.9060665362
 20
19086.757990867576
 10
37243.96607958251
 20
19024.787997390733
 10
37305.936073059354
 20
18776.908023483364
 10
37491.846053489884
 20
18714.93803000652
 10
37553.81604696673
 20
18900.848010437046
 10
37677.756033920414
 20
18652.968036529677
 10
37553.81604696673
 20
18590.998043052834
 10
37491.846053489884
 20
18467.058056099148
 10
37243.96607958251
 20
18467.058056099148
 10
37181.99608610567
 20
18343.118069145465
 10
37243.96607958251
 20
18281.14807566862
 10
37181.99608610567
 20
18219.17808219178
 10
37058.05609915198
 20
18219.17808219178
 10
36996.08610567514
 20
18343.118069145465
 10
36748.20613176777
 20
18281.14807566862
 10
36686.23613829093
 20
18219.17808219178
 10
36748.20613176777
 20
18157.208088714935
 10
36686.23613829093
 20
18033.26810176125
 10
37120.026092628825
 20
18033.26810176125
 10
37181.99608610567
 20
18095.23809523809
 10
39846.705805609905
 20
18095.23809523809
 10
39908.67579908675
 20
18033.26810176125
 10
40652.31572080887
 20
18033.26810176125
 10
40714.28571428571
 20
18095.23809523809
 10
41643.83561643835
 20
18157.208088714935
 10
42325.50554468362
 20
18405.088062622304
 10
43131.115459882574
 20
18467.058056099148
 10
43193.08545335942
 20
18405.088062622304
 10
43193.08545335942
 20
18033.26810176125
 10
43255.05544683626
 20
17971.298108284405
 10
43193.08545335942
 20
17909.328114807562
 10
43255.05544683626
 20
17847.358121330722
 10
43255.05544683626
 20
17475.538160469663
 10
43193.08545335942
 20
17413.56816699282
 10
43193.08545335942
 20
17041.748206131764
 10
43069.14546640573
 20
16917.808219178078
 10
43069.14546640573
 20
16669.92824527071
 10
42945.205479452045
 20
16484.01826484018
 10
43193.08545335942
 20
16360.078277886494
 10
43007.17547292889
 20
16236.13829093281
 10
42883.2354859752
 20
16050.22831050228
 10
42821.26549249836
 20
16050.22831050228
 10
42759.29549902152
 20
16174.168297455966
 10
42635.355512067836
 20
16174.168297455966
 10
42635.355512067836
 20
16112.198303979123
 10
42759.29549902152
 20
16050.22831050228
 10
42635.355512067836
 20
15864.318330071752
 10
42015.6555772994
 20
15926.288323548595
 10
42015.6555772994
 20
15864.318330071752
 10
41829.745596868874
 20
15740.378343118065
 10
41705.805609915195
 20
15864.318330071752
 10
41705.805609915195
 20
16112.198303979123
 10
41643.83561643835
 20
16112.198303979123
 10
41643.83561643835
 20
15926.288323548595
 10
41705.805609915195
 20
15864.318330071752
 10
41643.83561643835
 20
15802.348336594909
 10
41767.77560339204
 20
15616.43835616438
 10
41705.805609915195
 20
15554.468362687538
 10
41148.075668623605
 20
15554.468362687538
 10
41024.13568166992
 20
15678.408349641224
 10
41024.13568166992
 20
16236.13829093281
 10
40838.22570123939
 20
16298.10828440965
 10
40776.25570776255
 20
16112.198303979123
 10
40838.22570123939
 20
15926.288323548595
 10
40776.25570776255
 20
15306.588388780166
 10
40652.31572080887
 20
15182.648401826482
 10
40094.58577951728
 20
15182.648401826482
 10
39908.67579908675
 20
15244.618395303323
 10
39784.73581213307
 20
15430.528375733853
 10
39846.705805609905
 20
15492.498369210694
 10
39846.705805609905
 20
15926.288323548595
 10
39722.765818656226
 20
16050.22831050228
 10
39722.765818656226
 20
16731.89823874755
 10
39846.705805609905
 20
16793.868232224395
 10
39846.705805609905
 20
16855.838225701238
 10
38979.12589693411
 20
16855.838225701238
 10
38917.155903457264
 20
16917.808219178078
 10
38793.21591650358
 20
16855.838225701238
 10
38049.575994781466
 20
16855.838225701238
 10
38049.575994781466
 20
15058.708414872795
 10
37925.63600782778
 20
14996.738421395952
 10
37925.63600782778
 20
14934.76842791911
 10
38049.575994781466
 20
14996.738421395952
 10
38111.54598825831
 20
14872.798434442268
 10
37987.60600130462
 20
14810.828440965424
 10
38049.575994781466
 20
14686.88845401174
 10
37925.63600782778
 20
14562.948467058053
 10
37615.78604044357
 20
14562.948467058053
 10
37491.846053489884
 20
14624.918460534896
 10
37367.9060665362
 20
14439.008480104369
 10
37243.96607958251
 20
14439.008480104369
 10
37120.026092628825
 20
14562.948467058053
 10
37120.026092628825
 20
14748.858447488581
 10
37181.99608610567
 20
14810.828440965424
 10
37058.05609915198
 20
14748.858447488581
 10
37058.05609915198
 20
14624.918460534896
 10
37181.99608610567
 20
14439.008480104369
 10
37120.026092628825
 20
14253.098499673839
 10
36438.35616438356
 20
14253.098499673839
 10
36376.38617090671
 20
14129.158512720154
 10
36190.47619047618
 20
14067.188519243311
 10
36128.50619699934
 20
13943.248532289626
 10
35446.83626875407
 20
13943.248532289626
 10
35384.86627527723
 20
13819.30854533594
 10
35198.9562948467
 20
13819.30854533594
 10
35136.986301369856
 20
13881.278538812783
 10
35136.986301369856
 20
14129.158512720154
 10
35198.9562948467
 20
14191.128506196997
 10
35075.01630789301
 20
14191.128506196997
 10
35075.01630789301
 20
14067.188519243311
 10
34889.10632746248
 20
14005.218525766468
 10
34951.076320939326
 20
13881.278538812783
 10
34951.076320939326
 20
13943.248532289626
 10
35075.01630789301
 20
14005.218525766468
 10
35136.986301369856
 20
13943.248532289626
 10
35075.01630789301
 20
13881.278538812783
 10
35260.92628832354
 20
13695.368558382255
 10
35198.9562948467
 20
13633.398564905412
 10
34517.28636660143
 20
13633.398564905412
 10
34455.31637312459
 20
13695.368558382255
 10
34455.31637312459
 20
14377.038486627525
 10
34021.526418786685
 20
14500.97847358121
 10
33897.586431833
 20
14439.008480104369
 10
29931.506849315065
 20
14439.008480104369
 10
29869.53685583822
 20
14500.97847358121
 10
29621.65688193085
 20
14500.97847358121
 10
29559.686888454005
 20
14439.008480104369
 10
29249.836921069793
 20
14439.008480104369
 10
29187.86692759295
 20
14500.97847358121
 10
29125.896934116106
 20
14439.008480104369
 10
28568.16699282452
 20
14439.008480104369
 10
28506.196999347678
 20
14500.97847358121
 10
27886.497064579253
 20
14500.97847358121
 10
27638.61709067188
 20
14624.918460534896
 10
27638.61709067188
 20
15678.408349641224
 10
27700.587084148723
 20
15740.378343118065
 10
27638.61709067188
 20
15802.348336594909
 10
27700.587084148723
 20
15988.258317025438
 10
27266.797129810824
 20
16050.22831050228
 10
27142.857142857138
 20
16174.168297455966
 10
27142.857142857138
 20
16298.10828440965
 10
27328.767123287667
 20
16422.048271363336
 10
27390.73711676451
 20
16360.078277886494
 10
27452.70711024135
 20
16422.048271363336
 10
27390.73711676451
 20
16484.01826484018
 10
27390.73711676451
 20
16669.92824527071
 10
27452.70711024135
 20
16731.89823874755
 10
27576.647097195037
 20
16484.01826484018
 10
27576.647097195037
 20
16855.838225701238
 10
27638.61709067188
 20
16917.808219178078
 10
27700.587084148723
 20
16855.838225701238
 10
27700.587084148723
 20
16484.01826484018
 10
27824.52707110241
 20
16422.048271363336
 10
27824.52707110241
 20
15926.288323548595
 10
27886.497064579253
 20
16855.838225701238
 10
27948.467058056096
 20
16917.808219178078
 10
28010.437051532936
 20
16855.838225701238
 10
28010.437051532936
 20
16484.01826484018
 10
28196.347031963465
 20
16545.988258317022
 10
28258.31702544031
 20
16669.92824527071
 10
28320.28701891715
 20
16545.988258317022
 10
28320.28701891715
 20
16669.92824527071
 10
28134.377038486622
 20
16669.92824527071
 10
28072.40704500978
 20
16484.01826484018
 10
28010.437051532936
 20
16545.988258317022
 10
28010.437051532936
 20
16793.868232224395
 10
28072.40704500978
 20
16855.838225701238
 10
28134.377038486622
 20
16793.868232224395
 10
28258.31702544031
 20
16855.838225701238
 10
28320.28701891715
 20
16793.868232224395
 10
28382.257012393995
 20
16917.808219178078
 10
28444.22700587084
 20
16855.838225701238
 10
28444.22700587084
 20
16422.048271363336
 10
28444.22700587084
 20
16793.868232224395
 10
28568.16699282452
 20
16855.838225701238
 10
28630.136986301364
 20
16793.868232224395
 10
28630.136986301364
 20
16545.988258317022
 10
28568.16699282452
 20
16484.01826484018
 10
28630.136986301364
 20
16484.01826484018
 10
28692.106979778207
 20
16669.92824527071
 10
28754.07697325505
 20
16484.01826484018
 10
28754.07697325505
 20
16793.868232224395
 10
28816.046966731894
 20
16855.838225701238
 10
28878.016960208737
 20
16793.868232224395
 10
28878.016960208737
 20
16484.01826484018
 10
28878.016960208737
 20
16793.868232224395
 10
28939.98695368558
 20
16855.838225701238
 10
29063.926940639263
 20
16793.868232224395
 10
29001.95694716242
 20
16979.77821265492
 10
28939.98695368558
 20
16917.808219178078
 10
28878.016960208737
 20
16979.77821265492
 10
28816.046966731894
 20
16917.808219178078
 10
28630.136986301364
 20
16979.77821265492
 10
28568.16699282452
 20
16917.808219178078
 10
28196.347031963465
 20
16917.808219178078
 10
28134.377038486622
 20
16979.77821265492
 10
27390.73711676451
 20
16979.77821265492
 10
27328.767123287667
 20
16917.808219178078
 10
27266.797129810824
 20
16979.77821265492
 10
27204.82713633398
 20
16917.808219178078
 10
27142.857142857138
 20
16979.77821265492
 10
27018.91715590345
 20
16917.808219178078
 10
26956.947162426608
 20
16979.77821265492
 10
26894.97716894977
 20
16917.808219178078
 10
26833.007175472925
 20
16979.77821265492
 10
26709.06718851924
 20
16917.808219178078
 10
26647.097195042395
 20
16979.77821265492
 10
26461.187214611866
 20
16917.808219178078
 10
26399.217221135026
 20
16979.77821265492
 10
26213.307240704497
 20
16917.808219178078
 10
26089.36725375081
 20
16979.77821265492
 10
26027.397260273967
 20
16917.808219178078
 10
25903.457273320284
 20
16979.77821265492
 10
25841.48727984344
 20
16917.808219178078
 10
25779.517286366598
 20
16979.77821265492
 10
25717.547292889754
 20
16917.808219178078
 10
25159.81735159817
 20
16917.808219178078
 10
25097.847358121326
 20
16979.77821265492
 10
24911.9373776908
 20
16917.808219178078
 10
24849.967384213956
 20
16979.77821265492
 10
24726.02739726027
 20
16917.808219178078
 10
24664.057403783427
 20
16979.77821265492
 10
24664.057403783427
 20
16484.01826484018
 10
24726.02739726027
 20
16484.01826484018
 10
24726.02739726027
 20
16855.838225701238
 10
24787.997390737113
 20
16917.808219178078
 10
24849.967384213956
 20
16855.838225701238
 10
24849.967384213956
 20
16422.048271363336
 10
24849.967384213956
 20
16855.838225701238
 10
24911.9373776908
 20
16917.808219178078
 10
25035.877364644482
 20
16669.92824527071
 10
25159.81735159817
 20
16607.958251793865
 10
25159.81735159817
 20
16855.838225701238
 10
25221.787345075012
 20
16917.808219178078
 10
25283.757338551855
 20
16855.838225701238
 10
25283.757338551855
 20
16422.048271363336
 10
25345.7273320287
 20
16484.01826484018
 10
25283.757338551855
 20
16669.92824527071
 10
25345.7273320287
 20
16855.838225701238
 10
25469.66731898238
 20
16793.868232224395
 10
25469.66731898238
 20
16422.048271363336
 10
25469.66731898238
 20
16607.958251793865
 10
25531.637312459225
 20
16669.92824527071
 10
25593.607305936068
 20
16545.988258317022
 10
25779.517286366598
 20
16484.01826484018
 10
25779.517286366598
 20
16793.868232224395
 10
25841.48727984344
 20
16855.838225701238
 10
25903.457273320284
 20
16793.868232224395
 10
25903.457273320284
 20
16422.048271363336
 10
25903.457273320284
 20
16793.868232224395
 10
25965.427266797124
 20
16855.838225701238
 10
26089.36725375081
 20
16484.01826484018
 10
26089.36725375081
 20
16855.838225701238
 10
26151.337247227653
 20
16917.808219178078
 10
26213.307240704497
 20
16855.838225701238
 10
26213.307240704497
 20
16422.048271363336
 10
26213.307240704497
 20
16793.868232224395
 10
26275.27723418134
 20
16855.838225701238
 10
26337.247227658183
 20
16793.868232224395
 10
26399.217221135026
 20
16112.198303979123
 10
26399.217221135026
 20
16360.078277886494
 10
26523.15720808871
 20
16422.048271363336
 10
26585.127201565552
 20
16360.078277886494
 10
26585.127201565552
 20
15988.258317025438
 10
26585.127201565552
 20
16298.10828440965
 10
26771.037181996082
 20
16545.988258317022
 10
26956.947162426608
 20
16484.01826484018
 10
26956.947162426608
 20
16855.838225701238
 10
27018.91715590345
 20
16917.808219178078
 10
27080.887149380294
 20
16855.838225701238
 10
27142.857142857138
 20
16050.22831050228
 10
27080.887149380294
 20
15988.258317025438
 10
26771.037181996082
 20
15988.258317025438
 10
26771.037181996082
 20
14624.918460534896
 10
26647.097195042395
 20
14500.97847358121
 10
26585.127201565552
 20
14562.948467058053
 10
26585.127201565552
 20
14934.76842791911
 10
26585.127201565552
 20
14562.948467058053
 10
26523.15720808871
 20
14500.97847358121
 10
26399.217221135026
 20
14562.948467058053
 10
26275.27723418134
 20
14500.97847358121
 10
23610.5675146771
 20
14500.97847358121
 10
23610.5675146771
 20
14253.098499673839
 10
24726.02739726027
 20
14253.098499673839
 10
24787.997390737113
 20
14315.068493150682
 10
25097.847358121326
 20
14315.068493150682
 10
25159.81735159817
 20
14253.098499673839
 10
25407.69732550554
 20
14253.098499673839
 10
25469.66731898238
 20
14315.068493150682
 10
25717.547292889754
 20
14315.068493150682
 10
25779.517286366598
 20
14253.098499673839
 10
26894.97716894977
 20
14253.098499673839
 10
26956.947162426608
 20
14315.068493150682
 10
27080.887149380294
 20
14253.098499673839
 10
27452.70711024135
 20
14253.098499673839
 10
27514.677103718193
 20
14315.068493150682
 10
27886.497064579253
 20
14315.068493150682
 10
27948.467058056096
 20
14253.098499673839
 10
28010.437051532936
 20
14315.068493150682
 10
29559.686888454005
 20
14315.068493150682
 10
29621.65688193085
 20
14253.098499673839
 10
29993.476842791904
 20
14253.098499673839
 10
30055.446836268748
 20
14315.068493150682
 10
30117.41682974559
 20
14253.098499673839
 10
34145.46640574037
 20
14191.128506196997
 10
34207.436399217215
 20
14129.158512720154
 10
34083.49641226353
 20
14005.218525766468
 10
34021.526418786685
 20
14067.188519243311
 10
33835.616438356155
 20
14005.218525766468
 10
33587.73646444879
 20
14005.218525766468
 10
33525.76647097195
 20
14067.188519243311
 10
33463.7964774951
 20
14005.218525766468
 10
32658.186562296145
 20
14005.218525766468
 10
33773.64644487931
 20
13943.248532289626
 10
33897.586431833
 20
13757.338551859097
 10
34021.526418786685
 20
13757.338551859097
 10
34021.526418786685
 20
13819.30854533594
 10
34145.46640574037
 20
13881.278538812783
 10
34269.40639269406
 20
13695.368558382255
 10
34207.436399217215
 20
13633.398564905412
 10
34207.436399217215
 20
13261.578604044355
 10
34145.46640574037
 20
13199.608610567513
 10
33959.55642530984
 20
13261.578604044355
 10
33959.55642530984
 20
13385.518590998041
 10
34083.49641226353
 20
13447.488584474884
 10
34083.49641226353
 20
13509.458577951726
 10
33773.64644487931
 20
13385.518590998041
 10
33525.76647097195
 20
13385.518590998041
 10
33463.7964774951
 20
13447.488584474884
 10
33339.85649054142
 20
13323.548597521198
 10
32782.12654924983
 20
13323.548597521198
 10
32720.15655577299
 20
13261.578604044355
 10
32906.066536203514
 20
13199.608610567513
 10
33339.85649054142
 20
13323.548597521198
 10
33401.82648401826
 20
13261.578604044355
 10
33339.85649054142
 20
13075.668623613827
 10
30489.236790606647
 20
13075.668623613827
 10
30427.266797129807
 20
13013.698630136983
 10
30365.296803652964
 20
13075.668623613827
 10
30241.356816699277
 20
13013.698630136983
 10
30179.386823222434
 20
13075.668623613827
 10
27018.91715590345
 20
13075.668623613827
 10
26956.947162426608
 20
13137.63861709067
 10
26894.97716894977
 20
13075.668623613827
 10
26771.037181996082
 20
13137.63861709067
 10
26709.06718851924
 20
13075.668623613827
 10
26647.097195042395
 20
13137.63861709067
 10
26585.127201565552
 20
13075.668623613827
 10
26523.15720808871
 20
13137.63861709067
 10
26399.217221135026
 20
13075.668623613827
 10
26089.36725375081
 20
13075.668623613827
 10
26027.397260273967
 20
13137.63861709067
 10
25965.427266797124
 20
13075.668623613827
 10
25469.66731898238
 20
13075.668623613827
 10
25407.69732550554
 20
13137.63861709067
 10
25345.7273320287
 20
13075.668623613827
 10
24106.32746249184
 20
13075.668623613827
 10
24044.357469014998
 20
13137.63861709067
 10
23982.387475538155
 20
13075.668623613827
 10
23672.537508153942
 20
13075.668623613827
 10
23610.5675146771
 20
13137.63861709067
 10
23548.597521200256
 20
13075.668623613827
 10
22928.897586431827
 20
13075.668623613827
 10
22990.86757990867
 20
13013.698630136983
 10
22990.86757990867
 20
12517.938682322241
 10
22990.86757990867
 20
13013.698630136983
 10
23052.837573385514
 20
13075.668623613827
 10
23176.7775603392
 20
12641.878669275928
 10
23300.717547292887
 20
12641.878669275928
 10
23300.717547292887
 20
13013.698630136983
 10
23362.68754076973
 20
13075.668623613827
 10
23424.65753424657
 20
13013.698630136983
 10
23424.65753424657
 20
12579.908675799084
 10
23424.65753424657
 20
13013.698630136983
 10
23486.627527723413
 20
13075.668623613827
 10
23610.5675146771
 20
13013.698630136983
 10
23610.5675146771
 20
12579.908675799084
 10
23610.5675146771
 20
12889.758643183299
 10
23672.537508153942
 20
12951.728636660142
 10
23734.507501630786
 20
12827.788649706456
 10
23796.47749510763
 20
12951.728636660142
 10
23920.417482061315
 20
12765.818656229612
 10
23858.447488584472
 20
12641.878669275928
 10
23920.417482061315
 20
12641.878669275928
 10
23920.417482061315
 20
13013.698630136983
 10
23982.387475538155
 20
13075.668623613827
 10
24044.357469014998
 20
13013.698630136983
 10
24044.357469014998
 20
12579.908675799084
 10
24044.357469014998
 20
12889.758643183299
 10
24106.32746249184
 20
12951.728636660142
 10
24230.267449445528
 20
12579.908675799084
 10
24292.23744292237
 20
12703.84866275277
 10
24354.207436399214
 20
12641.878669275928
 10
24354.207436399214
 20
12889.758643183299
 10
24416.177429876057
 20
12951.728636660142
 10
24478.147423352897
 20
12889.758643183299
 10
24478.147423352897
 20
12641.878669275928
 10
24664.057403783427
 20
12641.878669275928
 10
24664.057403783427
 20
12827.788649706456
 10
24726.02739726027
 20
12889.758643183299
 10
24787.997390737113
 20
12827.788649706456
 10
24787.997390737113
 20
12579.908675799084
 10
24787.997390737113
 20
12889.758643183299
 10
24849.967384213956
 20
12951.728636660142
 10
24973.90737116764
 20
12889.758643183299
 10
24973.90737116764
 20
12641.878669275928
 10
24973.90737116764
 20
12951.728636660142
 10
25035.877364644482
 20
13013.698630136983
 10
25097.847358121326
 20
12951.728636660142
 10
25097.847358121326
 20
12703.84866275277
 10
25097.847358121326
 20
12951.728636660142
 10
25159.81735159817
 20
13013.698630136983
 10
25221.787345075012
 20
12951.728636660142
 10
25221.787345075012
 20
12641.878669275928
 10
25283.757338551855
 20
12641.878669275928
 10
25283.757338551855
 20
12951.728636660142
 10
25345.7273320287
 20
13013.698630136983
 10
25407.69732550554
 20
12951.728636660142
 10
25407.69732550554
 20
12579.908675799084
 10
25407.69732550554
 20
12889.758643183299
 10
25531.637312459225
 20
12951.728636660142
 10
25593.607305936068
 20
12889.758643183299
 10
25593.607305936068
 20
12703.84866275277
 10
25531.637312459225
 20
12641.878669275928
 10
25717.547292889754
 20
12641.878669275928
 10
25717.547292889754
 20
12951.728636660142
 10
25779.517286366598
 20
13013.698630136983
 10
25841.48727984344
 20
12951.728636660142
 10
25841.48727984344
 20
12641.878669275928
 10
25903.457273320284
 20
12641.878669275928
 10
25841.48727984344
 20
12703.84866275277
 10
25841.48727984344
 20
12889.758643183299
 10
25965.427266797124
 20
13013.698630136983
 10
26027.397260273967
 20
12951.728636660142
 10
26027.397260273967
 20
12641.878669275928
 10
26027.397260273967
 20
12951.728636660142
 10
26089.36725375081
 20
13013.698630136983
 10
26151.337247227653
 20
12951.728636660142
 10
26151.337247227653
 20
12579.908675799084
 10
26151.337247227653
 20
12951.728636660142
 10
26275.27723418134
 20
13013.698630136983
 10
26337.247227658183
 20
12951.728636660142
 10
26337.247227658183
 20
12641.878669275928
 10
26461.187214611866
 20
12579.908675799084
 10
26461.187214611866
 20
12951.728636660142
 10
26523.15720808871
 20
13013.698630136983
 10
26585.127201565552
 20
12951.728636660142
 10
26585.127201565552
 20
12641.878669275928
 10
26585.127201565552
 20
12889.758643183299
 10
26709.06718851924
 20
13075.668623613827
 10
26771.037181996082
 20
13013.698630136983
 10
26771.037181996082
 20
12641.878669275928
 10
26771.037181996082
 20
12951.728636660142
 10
26833.007175472925
 20
13013.698630136983
 10
27018.91715590345
 20
12951.728636660142
 10
27018.91715590345
 20
12827.788649706456
 10
26894.97716894977
 20
12765.818656229612
 10
27080.887149380294
 20
12765.818656229612
 10
27080.887149380294
 20
13013.698630136983
 10
27142.857142857138
 20
13075.668623613827
 10
27204.82713633398
 20
13013.698630136983
 10
27204.82713633398
 20
12703.84866275277
 10
27266.797129810824
 20
12703.84866275277
 10
27204.82713633398
 20
12827.788649706456
 10
27204.82713633398
 20
13013.698630136983
 10
27266.797129810824
 20
13075.668623613827
 10
27328.767123287667
 20
12889.758643183299
 10
27390.73711676451
 20
12951.728636660142
 10
27514.677103718193
 20
12889.758643183299
 10
27514.677103718193
 20
12641.878669275928
 10
27514.677103718193
 20
12951.728636660142
 10
27576.647097195037
 20
13013.698630136983
 10
27762.557077625566
 20
13013.698630136983
 10
27824.52707110241
 20
12951.728636660142
 10
28072.40704500978
 20
13075.668623613827
 10
28134.377038486622
 20
13013.698630136983
 10
28134.377038486622
 20
12765.818656229612
 10
28258.31702544031
 20
12703.84866275277
 10
28258.31702544031
 20
12579.908675799084
 10
28258.31702544031
 20
12827.788649706456
 10
28320.28701891715
 20
12889.758643183299
 10
28444.22700587084
 20
12579.908675799084
 10
28444.22700587084
 20
13013.698630136983
 10
28506.196999347678
 20
13075.668623613827
 10
28568.16699282452
 20
13013.698630136983
 10
28568.16699282452
 20
12641.878669275928
 10
28630.136986301364
 20
12765.818656229612
 10
28692.106979778207
 20
12641.878669275928
 10
28816.046966731894
 20
12641.878669275928
 10
28816.046966731894
 20
12765.818656229612
 10
28754.07697325505
 20
12703.84866275277
 10
28692.106979778207
 20
12765.818656229612
 10
28692.106979778207
 20
12951.728636660142
 10
28754.07697325505
 20
13013.698630136983
 10
28816.046966731894
 20
12951.728636660142
 10
28939.98695368558
 20
13013.698630136983
 10
29125.896934116106
 20
12889.758643183299
 10
29001.95694716242
 20
12765.818656229612
 10
29001.95694716242
 20
12579.908675799084
 10
29187.86692759295
 20
12641.878669275928
 10
29125.896934116106
 20
12951.728636660142
 10
29187.86692759295
 20
13013.698630136983
 10
29311.806914546636
 20
12951.728636660142
 10
29435.746901500323
 20
13075.668623613827
 10
29745.596868884535
 20
12951.728636660142
 10
29869.53685583822
 20
13013.698630136983
 10
29931.506849315065
 20
12951.728636660142
 10
29931.506849315065
 20
12641.878669275928
 10
30055.446836268748
 20
12765.818656229612
 10
30055.446836268748
 20
12889.758643183299
 10
30303.32681017612
 20
13013.698630136983
 10
30365.296803652964
 20
12951.728636660142
 10
30365.296803652964
 20
12641.878669275928
 10
30427.266797129807
 20
12703.84866275277
 10
30489.236790606647
 20
12641.878669275928
 10
30675.146771037176
 20
12765.818656229612
 10
30737.11676451402
 20
12703.84866275277
 10
30737.11676451402
 20
12455.9686888454
 10
30799.086757990863
 20
12517.938682322241
 10
30799.086757990863
 20
12951.728636660142
 10
30861.056751467706
 20
13013.698630136983
 10
30923.02674494455
 20
12951.728636660142
 10
30923.02674494455
 20
12579.908675799084
 10
31108.936725375075
 20
12641.878669275928
 10
31232.87671232876
 20
12579.908675799084
 10
31356.816699282448
 20
12641.878669275928
 10
31356.816699282448
 20
12827.788649706456
 10
31542.726679712974
 20
13013.698630136983
 10
31666.66666666666
 20
12641.878669275928
 10
31604.696673189817
 20
12889.758643183299
 10
31666.66666666666
 20
12951.728636660142
 10
31914.546640574034
 20
12951.728636660142
 10
31976.516634050877
 20
12765.818656229612
 10
31914.546640574034
 20
12703.84866275277
 10
31852.57664709719
 20
12765.818656229612
 10
31790.606653620347
 20
12703.84866275277
 10
31852.57664709719
 20
12641.878669275928
 10
31914.546640574034
 20
12703.84866275277
 10
31976.516634050877
 20
12641.878669275928
 10
32038.486627527716
 20
12827.788649706456
 10
32100.45662100456
 20
12641.878669275928
 10
32162.426614481403
 20
12827.788649706456
 10
32286.36660143509
 20
12703.84866275277
 10
32286.36660143509
 20
12579.908675799084
 10
32348.336594911932
 20
12641.878669275928
 10
32410.306588388776
 20
12579.908675799084
 10
32472.27658186562
 20
12703.84866275277
 10
32596.2165688193
 20
12641.878669275928
 10
32596.2165688193
 20
12827.788649706456
 10
32658.186562296145
 20
12889.758643183299
 10
32720.15655577299
 20
12827.788649706456
 10
32720.15655577299
 20
12641.878669275928
 10
32720.15655577299
 20
12827.788649706456
 10
32844.09654272667
 20
12889.758643183299
 10
32906.066536203514
 20
12827.788649706456
 10
32844.09654272667
 20
12579.908675799084
 10
32906.066536203514
 20
12579.908675799084
 10
32906.066536203514
 20
12889.758643183299
 10
32968.03652968036
 20
12951.728636660142
 10
33030.0065231572
 20
12889.758643183299
 10
33030.0065231572
 20
12579.908675799084
 10
33030.0065231572
 20
12889.758643183299
 10
33153.94651011089
 20
12951.728636660142
 10
33215.91650358773
 20
12889.758643183299
 10
33153.94651011089
 20
12579.908675799084
 10
33153.94651011089
 20
12765.818656229612
 10
33215.91650358773
 20
12827.788649706456
 10
33277.88649706457
 20
12765.818656229612
 10
33277.88649706457
 20
12579.908675799084
 10
33339.85649054142
 20
12579.908675799084
 10
33339.85649054142
 20
12765.818656229612
 10
33401.82648401826
 20
12827.788649706456
 10
33463.7964774951
 20
12765.818656229612
 10
33463.7964774951
 20
12579.908675799084
 10
33463.7964774951
 20
12641.878669275928
 10
33649.70645792563
 20
12703.84866275277
 10
33711.676451402476
 20
12827.788649706456
 10
33773.64644487931
 20
12765.818656229612
 10
33773.64644487931
 20
12579.908675799084
 10
33773.64644487931
 20
12889.758643183299
 10
33835.616438356155
 20
12951.728636660142
 10
33897.586431833
 20
12889.758643183299
 10
33897.586431833
 20
12703.84866275277
 10
34021.526418786685
 20
12703.84866275277
 10
34083.49641226353
 20
12579.908675799084
 10
34083.49641226353
 20
12827.788649706456
 10
34145.46640574037
 20
12889.758643183299
 10
34207.436399217215
 20
12827.788649706456
 10
34207.436399217215
 20
12579.908675799084
 10
34207.436399217215
 20
12703.84866275277
 10
34517.28636660143
 20
12889.758643183299
 10
34641.22635355512
 20
12765.818656229612
 10
34641.22635355512
 20
12579.908675799084
 10
34827.13633398564
 20
12517.938682322241
 10
34827.13633398564
 20
12765.818656229612
 10
34889.10632746248
 20
12827.788649706456
 10
34951.076320939326
 20
12765.818656229612
 10
34951.076320939326
 20
12517.938682322241
 10
35013.04631441617
 20
12579.908675799084
 10
35136.986301369856
 20
12517.938682322241
 10
35198.9562948467
 20
12703.84866275277
 10
35260.92628832354
 20
12579.908675799084
 10
35446.83626875407
 20
12579.908675799084
 10
35446.83626875407
 20
12889.758643183299
 10
35508.806262230915
 20
12951.728636660142
 10
35570.77625570776
 20
12889.758643183299
 10
35570.77625570776
 20
12641.878669275928
 10
35570.77625570776
 20
12889.758643183299
 10
35818.656229615124
 20
13013.698630136983
 10
35880.62622309197
 20
12951.728636660142
 10
35880.62622309197
 20
12579.908675799084
 10
35880.62622309197
 20
12951.728636660142
 10
35942.59621656881
 20
13013.698630136983
 10
36004.566210045654
 20
12951.728636660142
 10
36004.566210045654
 20
12641.878669275928
 10
36128.50619699934
 20
12889.758643183299
 10
36190.47619047618
 20
12765.818656229612
 10
36314.41617742987
 20
12703.84866275277
 10
36190.47619047618
 20
12579.908675799084
 10
36314.41617742987
 20
12579.908675799084
 10
36314.41617742987
 20
12827.788649706456
 10
36376.38617090671
 20
12889.758643183299
 10
36438.35616438356
 20
12703.84866275277
 10
36562.29615133724
 20
13013.698630136983
 10
36624.266144814086
 20
12951.728636660142
 10
36624.266144814086
 20
12765.818656229612
 10
36810.17612524461
 20
12641.878669275928
 10
36748.20613176777
 20
12703.84866275277
 10
36810.17612524461
 20
12765.818656229612
 10
36934.116112198295
 20
12703.84866275277
 10
36934.116112198295
 20
12517.938682322241
 10
36934.116112198295
 20
12827.788649706456
 10
36996.08610567514
 20
12889.758643183299
 10
37058.05609915198
 20
12827.788649706456
 10
37058.05609915198
 20
12393.998695368557
 10
37305.936073059354
 20
12393.998695368557
 10
37367.9060665362
 20
12332.028701891713
 10
37305.936073059354
 20
12270.05870841487
 10
37120.026092628825
 20
12270.05870841487
 10
38669.2759295499
 20
12270.05870841487
 10
38731.24592302674
 20
12208.088714938029
 10
38917.155903457264
 20
12579.908675799084
 10
38793.21591650358
 20
12455.9686888454
 10
38545.33594259621
 20
12455.9686888454
 10
38483.36594911937
 20
12393.998695368557
 10
38421.395955642525
 20
12579.908675799084
 10
38235.485975211996
 20
12579.908675799084
 10
38173.51598173515
 20
12641.878669275928
 10
38297.45596868884
 20
12703.84866275277
 10
38297.45596868884
 20
12827.788649706456
 10
38235.485975211996
 20
12703.84866275277
 10
38173.51598173515
 20
12765.818656229612
 10
38173.51598173515
 20
12951.728636660142
 10
38235.485975211996
 20
13013.698630136983
 10
38545.33594259621
 20
13013.698630136983
 10
38669.2759295499
 20
12889.758643183299
 10
38545.33594259621
 20
12765.818656229612
 10
38421.395955642525
 20
12889.758643183299
 10
38421.395955642525
 20
12703.84866275277
 10
38545.33594259621
 20
12641.878669275928
 10
38669.2759295499
 20
12703.84866275277
 10
38731.24592302674
 20
12579.908675799084
 10
38731.24592302674
 20
12889.758643183299
 10
38793.21591650358
 20
12951.728636660142
 10
38855.18590998042
 20
12765.818656229612
 10
39041.09589041095
 20
12703.84866275277
 10
39041.09589041095
 20
12517.938682322241
 10
39103.06588388779
 20
12641.878669275928
 10
39288.97586431832
 20
12641.878669275928
 10
39288.97586431832
 20
12703.84866275277
 10
39165.03587736464
 20
12765.818656229612
 10
39288.97586431832
 20
13013.698630136983
 10
39350.94585779517
 20
12827.788649706456
 10
39412.91585127201
 20
12827.788649706456
 10
39474.88584474885
 20
12703.84866275277
 10
39536.855838225696
 20
12765.818656229612
 10
39660.79582517938
 20
12517.938682322241
 10
39722.765818656226
 20
12641.878669275928
 10
39784.73581213307
 20
12517.938682322241
 10
39846.705805609905
 20
12517.938682322241
 10
39784.73581213307
 20
12579.908675799084
 10
39784.73581213307
 20
12765.818656229612
 10
40032.615786040435
 20
12951.728636660142
 10
40094.58577951728
 20
12889.758643183299
 10
40032.615786040435
 20
12579.908675799084
 10
40218.525766470964
 20
12517.938682322241
 10
40218.525766470964
 20
12703.84866275277
 10
40218.525766470964
 20
12579.908675799084
 10
40156.55577299412
 20
12517.938682322241
 10
40094.58577951728
 20
12579.908675799084
 10
40094.58577951728
 20
12889.758643183299
 10
40156.55577299412
 20
12951.728636660142
 10
40218.525766470964
 20
12827.788649706456
 10
40528.37573385518
 20
12703.84866275277
 10
40466.40574037834
 20
12641.878669275928
 10
40528.37573385518
 20
12517.938682322241
 10
40466.40574037834
 20
12641.878669275928
 10
40590.345727332024
 20
12765.818656229612
 10
40776.25570776255
 20
12765.818656229612
 10
40838.22570123939
 20
12579.908675799084
 10
40962.165688193076
 20
12765.818656229612
 10
41024.13568166992
 20
12703.84866275277
 10
41024.13568166992
 20
12889.758643183299
 10
41086.10567514676
 20
12951.728636660142
 10
41148.075668623605
 20
12889.758643183299
 10
41086.10567514676
 20
12455.9686888454
 10
41210.04566210045
 20
12270.05870841487
 10
41210.04566210045
 20
11464.448793215914
 10
41086.10567514676
 20
11278.538812785386
 10
41024.13568166992
 20
10906.71885192433
 10
40900.19569471623
 20
10782.778864970644
 10
41024.13568166992
 20
10720.8088714938
 10
41086.10567514676
 20
10782.778864970644
 10
41148.075668623605
 20
10720.8088714938
 10
41210.04566210045
 20
10348.988910632745
 10
41086.10567514676
 20
10225.048923679058
 10
40962.165688193076
 20
10225.048923679058
 10
40900.19569471623
 20
10287.018917155901
 10
40962.165688193076
 20
10348.988910632745
 10
40652.31572080887
 20
10534.898891063272
 10
40652.31572080887
 20
10782.778864970644
 10
40652.31572080887
 20
10720.8088714938
 10
40466.40574037834
 20
10596.868884540116
 10
40652.31572080887
 20
10534.898891063272
 10
40466.40574037834
 20
10472.92889758643
 10
40652.31572080887
 20
10472.92889758643
 10
40714.28571428571
 20
10410.958904109588
 10
40652.31572080887
 20
10225.048923679058
 10
40032.615786040435
 20
10225.048923679058
 10
39970.64579256359
 20
10287.018917155901
 10
39474.88584474885
 20
10348.988910632745
 10
39598.82583170254
 20
10348.988910632745
 10
39722.765818656226
 20
10163.078930202217
 10
39660.79582517938
 20
10101.108936725373
 10
39103.06588388779
 20
10101.108936725373
 10
38979.12589693411
 20
10225.048923679058
 10
38979.12589693411
 20
10472.92889758643
 10
39041.09589041095
 20
10534.898891063272
 10
38979.12589693411
 20
10596.868884540116
 10
38979.12589693411
 20
10782.778864970644
 10
38793.21591650358
 20
10782.778864970644
 10
38793.21591650358
 20
10163.078930202217
 10
38545.33594259621
 20
9977.168949771687
 10
37801.69602087409
 20
10039.13894324853
 10
37739.72602739726
 20
9977.168949771687
 10
37553.81604696673
 20
10101.108936725373
 10
37553.81604696673
 20
10782.778864970644
 10
37491.846053489884
 20
10906.71885192433
 10
37243.96607958251
 20
10906.71885192433
 10
37120.026092628825
 20
11092.628832354858
 10
37120.026092628825
 20
11774.298760600128
 10
37120.026092628825
 20
11092.628832354858
 10
36996.08610567514
 20
10906.71885192433
 10
32658.186562296145
 20
10906.71885192433
 10
32596.2165688193
 20
10968.688845401171
 10
31046.966731898232
 20
10968.688845401171
 10
30984.99673842139
 20
11030.658838878015
 10
30984.99673842139
 20
12270.05870841487
 10
31046.966731898232
 20
12332.028701891713
 10
30613.176777560333
 20
12332.028701891713
 10
30551.20678408349
 20
12393.998695368557
 10
30489.236790606647
 20
12332.028701891713
 10
30117.41682974559
 20
12332.028701891713
 10
30117.41682974559
 20
11092.628832354858
 10
29931.506849315065
 20
10782.778864970644
 10
29373.77690802348
 20
10782.778864970644
 10
29311.806914546636
 20
10844.748858447487
 10
23052.837573385514
 20
10844.748858447487
 10
22990.86757990867
 20
10906.71885192433
 10
22866.927592954988
 20
10844.748858447487
 10
22804.957599478144
 20
10906.71885192433
 10
22495.10763209393
 20
10844.748858447487
 10
22371.167645140245
 20
11030.658838878015
 10
22123.287671232873
 20
10844.748858447487
 10
21565.557729941287
 20
10844.748858447487
 10
21441.6177429876
 20
10968.688845401171
 10
21379.64774951076
 20
10844.748858447487
 10
20821.917808219176
 20
10844.748858447487
 10
20636.007827788646
 20
10968.688845401171
 10
19396.60795825179
 20
9977.168949771687
 10
19396.60795825179
 20
9853.228962818002
 10
19272.667971298106
 20
9667.318982387475
 10
19334.63796477495
 20
9605.348988910631
 10
19334.63796477495
 20
9357.46901500326
 10
19148.72798434442
 20
9233.529028049574
 10
19024.787997390733
 20
9357.46901500326
 10
18900.848010437046
 20
9357.46901500326
 10
19210.697977821263
 20
9171.559034572732
 10
19148.72798434442
 20
9109.58904109589
 10
18405.088062622304
 20
9109.58904109589
 10
18343.118069145465
 20
9171.559034572732
 10
18281.14807566862
 20
9109.58904109589
 10
17847.358121330722
 20
9109.58904109589
 10
17785.38812785388
 20
9171.559034572732
 10
17785.38812785388
 20
9853.228962818002
 10
17785.38812785388
 20
9171.559034572732
 10
17723.418134377036
 20
9109.58904109589
 10
17599.47814742335
 20
9233.529028049574
 10
17661.448140900193
 20
9357.46901500326
 10
17599.47814742335
 20
9419.439008480103
 10
17661.448140900193
 20
9543.378995433788
 10
17599.47814742335
 20
9605.348988910631
 10
17661.448140900193
 20
9729.288975864316
 10
17599.47814742335
 20
10101.108936725373
 10
17351.59817351598
 20
10101.108936725373
 10
17289.628180039137
 20
10163.078930202217
 10
17165.68819308545
 20
10101.108936725373
 10
16917.808219178078
 20
10101.108936725373
 10
16855.838225701238
 20
10163.078930202217
 10
16793.868232224395
 20
10101.108936725373
 10
1487.2798434442268
 20
10163.078930202217
 10
1425.309849967384
 20
10225.048923679058
 10
1301.3698630136985
 20
10163.078930202217
 10
1177.429876060013
 20
10225.048923679058
 10
557.7299412915851
 20
10225.048923679058
 10
495.75994781474225
 20
10163.078930202217
 10
309.8499673842139
 20
10163.078930202217
 10
185.90998043052835
 20
10287.018917155901
 10
185.90998043052835
 20
13509.458577951726
 10
247.87997390737112
 20
13571.428571428569
 10
185.90998043052835
 20
13695.368558382255
 10
371.8199608610567
 20
14253.098499673839
 10
247.87997390737112
 20
14686.88845401174
 10
309.8499673842139
 20
14748.858447488581
 10
247.87997390737112
 20
15244.618395303323
 10
371.8199608610567
 20
15430.528375733853
 10
557.7299412915851
 20
15430.528375733853
 10
619.6999347684279
 20
15306.588388780166
 10
743.6399217221134
 20
15368.55838225701
 10
743.6399217221134
 20
25407.69732550554
 10
805.6099151989562
 20
25469.66731898238
 10
805.6099151989562
 20
30489.236790606647
 10
495.75994781474225
 20
30427.266797129807
 10
371.8199608610567
 20
30551.20678408349
 10
371.8199608610567
 20
30799.086757990863
 10
433.7899543378995
 20
30861.056751467706
 10
681.6699282452706
 20
30861.056751467706
 10
805.6099151989562
 20
30675.146771037176
 10
805.6099151989562
 20
31108.936725375075
 10
867.579908675799
 20
31232.87671232876
 10
805.6099151989562
 20
31294.846705805605
 10
805.6099151989562
 20
32038.486627527716
 10
309.8499673842139
 20
32038.486627527716
 10
185.90998043052835
 20
32224.396607958246
  0
LWPOLYLINE
  5
193
330
17
100
AcDbEntity
  8
RASTER_CONTOURS
100
AcDbPolyline
 90
6
 70
1
 10
29249.836921069793
 20
37120.026092628825
 10
29311.806914546636
 20
37181.99608610567
 10
31542.726679712974
 20
37181.99608610567
 10
31604.696673189817
 20
37120.026092628825
 10
31542.726679712974
 20
37058.05609915198
 10
29311.806914546636
 20
37058.05609915198
  0
LWPOLYLINE
  5
194
330
17
100
AcDbEntity
  8
RASTER_CONTOURS
100
AcDbPolyline
 90
6
 70
1
 10
26399.217221135026
 20
37120.026092628825
 10
26461.187214611866
 20
37181.99608610567
 10
26833.007175472925
 20
37181.99608610567
 10
26894.97716894977
 20
37120.026092628825
 10
26833.007175472925
 20
37058.05609915198
 10
26461.187214611866
 20
37058.05609915198
  0
LWPOLYLINE
  5
195
330
17
100
AcDbEntity
  8
RASTER_CONTOURS
100
AcDbPolyline
 90
131
 70
1
 10
17847.358121330722
 20
36934.116112198295
 10
17971.298108284405
 20
37120.026092628825
 10
19644.48793215916
 20
37120.026092628825
 10
19706.457925636005
 20
37058.05609915198
 10
19954.337899543374
 20
37058.05609915198
 10
20016.307893020217
 20
37120.026092628825
 10
20388.127853881277
 20
37120.026092628825
 10
20450.097847358116
 20
37181.99608610567
 10
20636.007827788646
 20
37181.99608610567
 10
20697.97782126549
 20
37058.05609915198
 10
22928.897586431827
 20
37058.05609915198
 10
23176.7775603392
 20
36872.14611872145
 10
23176.7775603392
 20
35632.7462491846
 10
23114.807566862357
 20
35446.83626875407
 10
23300.717547292887
 20
35446.83626875407
 10
23362.68754076973
 20
35508.806262230915
 10
23176.7775603392
 20
35694.716242661445
 10
23176.7775603392
 20
36810.17612524461
 10
23238.747553816043
 20
36934.116112198295
 10
23424.65753424657
 20
37058.05609915198
 10
24602.087410306583
 20
37058.05609915198
 10
24664.057403783427
 20
36996.08610567514
 10
24911.9373776908
 20
36996.08610567514
 10
24973.90737116764
 20
37058.05609915198
 10
27204.82713633398
 20
37058.05609915198
 10
27266.797129810824
 20
36996.08610567514
 10
27452.70711024135
 20
36996.08610567514
 10
27514.677103718193
 20
37058.05609915198
 10
28630.136986301364
 20
37058.05609915198
 10
28939.98695368558
 20
36872.14611872145
 10
28939.98695368558
 20
35632.7462491846
 10
28816.046966731894
 20
35446.83626875407
 10
29063.926940639263
 20
35446.83626875407
 10
28939.98695368558
 20
35632.7462491846
 10
28939.98695368558
 20
36686.23613829093
 10
29001.95694716242
 20
36872.14611872145
 10
29249.836921069793
 20
37058.05609915198
 10
29497.716894977162
 20
37058.05609915198
 10
29559.686888454005
 20
36996.08610567514
 10
29621.65688193085
 20
37058.05609915198
 10
30675.146771037176
 20
37058.05609915198
 10
30737.11676451402
 20
36996.08610567514
 10
33525.76647097195
 20
36996.08610567514
 10
33587.73646444879
 20
36934.116112198295
 10
34393.346379647744
 20
36996.08610567514
 10
34641.22635355512
 20
36872.14611872145
 10
34641.22635355512
 20
35694.716242661445
 10
34517.28636660143
 20
35384.86627527723
 10
34765.1663405088
 20
35384.86627527723
 10
34827.13633398564
 20
35446.83626875407
 10
34703.19634703196
 20
35570.77625570776
 10
34703.19634703196
 20
36810.17612524461
 10
34951.076320939326
 20
36996.08610567514
 10
35446.83626875407
 20
36996.08610567514
 10
35508.806262230915
 20
36934.116112198295
 10
35818.656229615124
 20
36934.116112198295
 10
35880.62622309197
 20
36996.08610567514
 10
36066.5362035225
 20
36934.116112198295
 10
36128.50619699934
 20
36996.08610567514
 10
36500.3261578604
 20
36996.08610567514
 10
36562.29615133724
 20
36934.116112198295
 10
39350.94585779517
 20
36934.116112198295
 10
39412.91585127201
 20
36872.14611872145
 10
39474.88584474885
 20
36934.116112198295
 10
40280.49575994781
 20
36934.116112198295
 10
40466.40574037834
 20
36810.17612524461
 10
40466.40574037834
 20
35694.716242661445
 10
40280.49575994781
 20
35384.86627527723
 10
40342.46575342465
 20
35322.896281800386
 10
40528.37573385518
 20
35322.896281800386
 10
40590.345727332024
 20
35384.86627527723
 10
40466.40574037834
 20
35632.7462491846
 10
40466.40574037834
 20
36748.20613176777
 10
40652.31572080887
 20
36934.116112198295
 10
43874.755381604686
 20
36934.116112198295
 10
43936.72537508153
 20
36996.08610567514
 10
43998.69536855837
 20
36934.116112198295
 10
45176.125244618386
 20
36934.116112198295
 10
45238.09523809523
 20
36872.14611872145
 10
45671.88519243313
 20
36934.116112198295
 10
45795.82517938682
 20
36810.17612524461
 10
45795.82517938682
 20
35446.83626875407
 10
45857.795172863654
 20
35384.86627527723
 10
46291.58512720156
 20
35384.86627527723
 10
46415.52511415524
 20
35198.9562948467
 10
46229.615133724714
 20
35075.01630789301
 10
46229.615133724714
 20
34827.13633398564
 10
46105.67514677103
 20
34703.19634703196
 10
42635.355512067836
 20
34765.1663405088
 10
42511.41552511415
 20
34889.10632746248
 10
42511.41552511415
 20
35136.986301369856
 10
36252.44618395303
 20
35136.986301369856
 10
36066.5362035225
 20
35198.9562948467
 10
35880.62622309197
 20
35136.986301369856
 10
42387.47553816046
 20
35136.986301369856
 10
42511.41552511415
 20
35013.04631441617
 10
42511.41552511415
 20
32286.36660143509
 10
42387.47553816046
 20
32162.426614481403
 10
32782.12654924983
 20
32224.396607958246
 10
32658.186562296145
 20
32472.27658186562
 10
32658.186562296145
 20
32658.186562296145
 10
32720.15655577299
 20
32720.15655577299
 10
32658.186562296145
 20
32844.09654272667
 10
32720.15655577299
 20
32906.066536203514
 10
32720.15655577299
 20
35136.986301369856
 10
32782.12654924983
 20
35198.9562948467
 10
34641.22635355512
 20
35198.9562948467
 10
34703.19634703196
 20
35136.986301369856
 10
34827.13633398564
 20
35198.9562948467
 10
35013.04631441617
 20
35198.9562948467
 10
35075.01630789301
 20
35136.986301369856
 10
35632.7462491846
 20
35198.9562948467
 10
27204.82713633398
 20
35260.92628832354
 10
27142.857142857138
 20
35198.9562948467
 10
27142.857142857138
 20
34827.13633398564
 10
27080.887149380294
 20
34765.1663405088
 10
26894.97716894977
 20
34889.10632746248
 10
26833.007175472925
 20
34827.13633398564
 10
25097.847358121326
 20
34827.13633398564
 10
25035.877364644482
 20
34765.1663405088
 10
24787.997390737113
 20
34889.10632746248
 10
24726.02739726027
 20
34827.13633398564
 10
24664.057403783427
 20
34889.10632746248
 10
22990.86757990867
 20
34889.10632746248
 10
22928.897586431827
 20
34951.076320939326
 10
22928.897586431827
 20
36128.50619699934
 10
22804.957599478144
 20
36190.47619047618
 10
21689.497716894974
 20
36190.47619047618
 10
21627.52772341813
 20
36128.50619699934
 10
17971.298108284405
 20
36190.47619047618
 10
17847.358121330722
 20
36376.38617090671
  0
LWPOLYLINE
  5
196
330
17
100
AcDbEntity
  8
RASTER_CONTOURS
100
AcDbPolyline
 90
130
 70
1
 10
15058.708414872795
 20
37243.96607958251
 10
15120.678408349639
 20
37305.936073059354
 10
15306.588388780166
 20
37305.936073059354
 10
15368.55838225701
 20
37243.96607958251
 10
15306.588388780166
 20
37120.026092628825
 10
15306.588388780166
 20
33897.586431833
 10
17599.47814742335
 20
33897.586431833
 10
17661.448140900193
 20
33959.55642530984
 10
17661.448140900193
 20
37120.026092628825
 10
17599.47814742335
 20
37181.99608610567
 10
17661.448140900193
 20
37243.96607958251
 10
18529.02804957599
 20
37243.96607958251
 10
18590.998043052834
 20
37181.99608610567
 10
18529.02804957599
 20
37120.026092628825
 10
17847.358121330722
 20
37120.026092628825
 10
17847.358121330722
 20
33711.676451402476
 10
17785.38812785388
 20
33649.70645792563
 10
17847.358121330722
 20
33525.76647097195
 10
17847.358121330722
 20
33153.94651011089
 10
17785.38812785388
 20
33091.976516634044
 10
17785.38812785388
 20
32410.306588388776
 10
17847.358121330722
 20
32286.36660143509
 10
22681.017612524458
 20
32286.36660143509
 10
22742.9876060013
 20
32224.396607958246
 10
23548.597521200256
 20
32224.396607958246
 10
23610.5675146771
 20
32286.36660143509
 10
23672.537508153942
 20
32224.396607958246
 10
24911.9373776908
 20
32224.396607958246
 10
24973.90737116764
 20
32286.36660143509
 10
25159.81735159817
 20
32286.36660143509
 10
25221.787345075012
 20
32224.396607958246
 10
26956.947162426608
 20
32224.396607958246
 10
27080.887149380294
 20
32348.336594911932
 10
27142.857142857138
 20
32224.396607958246
 10
33835.616438356155
 20
32224.396607958246
 10
33897.586431833
 20
32162.426614481403
 10
40156.55577299412
 20
32162.426614481403
 10
40218.525766470964
 20
32100.45662100456
 10
40404.435746901494
 20
32100.45662100456
 10
40466.40574037834
 20
32162.426614481403
 10
40528.37573385518
 20
32100.45662100456
 10
40714.28571428571
 20
32100.45662100456
 10
40776.25570776255
 20
32162.426614481403
 10
41024.13568166992
 20
32162.426614481403
 10
41086.10567514676
 20
32100.45662100456
 10
41272.01565557729
 20
32162.426614481403
 10
41457.92563600782
 20
32100.45662100456
 10
42573.38551859099
 20
32100.45662100456
 10
42635.355512067836
 20
32162.426614481403
 10
43131.115459882574
 20
32100.45662100456
 10
43193.08545335942
 20
32162.426614481403
 10
43626.87540769732
 20
32162.426614481403
 10
43688.84540117416
 20
32100.45662100456
 10
46353.5551206784
 20
32100.45662100456
 10
46415.52511415524
 20
32286.36660143509
 10
46601.43509458577
 20
32348.336594911932
 10
46725.37508153946
 20
31976.516634050877
 10
46663.40508806262
 20
31790.606653620347
 10
46663.40508806262
 20
31294.846705805605
 10
46725.37508153946
 20
31232.87671232876
 10
46663.40508806262
 20
31170.90671885192
 10
46663.40508806262
 20
30737.11676451402
 10
46539.46510110893
 20
30675.146771037176
 10
46415.52511415524
 20
30799.086757990863
 10
46415.52511415524
 20
30984.99673842139
 10
46229.615133724714
 20
30984.99673842139
 10
46043.705153294184
 20
31108.936725375075
 10
46043.705153294184
 20
31914.546640574034
 10
44680.36529680365
 20
31914.546640574034
 10
44618.395303326804
 20
31976.516634050877
 10
44184.6053489889
 20
31976.516634050877
 10
44122.63535551206
 20
31914.546640574034
 10
42325.50554468362
 20
31914.546640574034
 10
42263.535551206776
 20
31976.516634050877
 10
42015.6555772994
 20
31976.516634050877
 10
41953.68558382256
 20
31914.546640574034
 10
40714.28571428571
 20
31914.546640574034
 10
40652.31572080887
 20
31976.516634050877
 10
39536.855838225696
 20
31914.546640574034
 10
39474.88584474885
 20
31976.516634050877
 10
39165.03587736464
 20
31976.516634050877
 10
39041.09589041095
 20
31914.546640574034
 10
38979.12589693411
 20
31976.516634050877
 10
35075.01630789301
 20
31976.516634050877
 10
35013.04631441617
 20
32038.486627527716
 10
34951.076320939326
 20
31976.516634050877
 10
34827.13633398564
 20
32038.486627527716
 10
33401.82648401826
 20
31976.516634050877
 10
33339.85649054142
 20
32038.486627527716
 10
26894.97716894977
 20
32038.486627527716
 10
26833.007175472925
 20
32100.45662100456
 10
26771.037181996082
 20
32038.486627527716
 10
17847.358121330722
 20
32100.45662100456
 10
17785.38812785388
 20
32038.486627527716
 10
17785.38812785388
 20
28196.347031963465
 10
20264.18786692759
 20
28196.347031963465
 10
20326.157860404433
 20
28134.377038486622
 10
32100.45662100456
 20
28134.377038486622
 10
32162.426614481403
 20
28072.40704500978
 10
38979.12589693411
 20
28072.40704500978
 10
39041.09589041095
 20
28010.437051532936
 10
39660.79582517938
 20
28010.437051532936
 10
39722.765818656226
 20
28072.40704500978
 10
39784.73581213307
 20
28010.437051532936
 10
46415.52511415524
 20
28010.437051532936
 10
46415.52511415524
 20
29373.77690802348
 10
46601.43509458577
 20
29497.716894977162
 10
46725.37508153946
 20
29373.77690802348
 10
46663.40508806262
 20
29311.806914546636
 10
46663.40508806262
 20
28878.016960208737
 10
46787.3450750163
 20
28754.07697325505
 10
46663.40508806262
 20
28630.136986301364
 10
46663.40508806262
 20
26275.27723418134
 10
46601.43509458577
 20
26213.307240704497
 10
46539.46510110893
 20
26275.27723418134
 10
46539.46510110893
 20
26585.127201565552
 10
46415.52511415524
 20
26709.06718851924
 10
46105.67514677103
 20
26709.06718851924
 10
46043.705153294184
 20
26771.037181996082
 10
46043.705153294184
 20
27576.647097195037
 10
45981.73515981734
 20
27638.61709067188
 10
17103.718199608607
 20
27824.52707110241
 10
16979.77821265492
 20
28072.40704500978
 10
17103.718199608607
 20
28196.347031963465
 10
17599.47814742335
 20
28196.347031963465
 10
17661.448140900193
 20
33401.82648401826
 10
17599.47814742335
 20
33463.7964774951
 10
15182.648401826482
 20
33463.7964774951
 10
15120.678408349639
 20
33525.76647097195
 10
15120.678408349639
 20
37120.026092628825
  0
LWPOLYLINE
  5
197
330
17
100
AcDbEntity
  8
RASTER_CONTOURS
100
AcDbPolyline
 90
12
 70
1
 10
12022.178734507499
 20
37305.936073059354
 10
12084.148727984342
 20
37367.9060665362
 10
12332.028701891713
 20
37367.9060665362
 10
12393.998695368557
 20
37305.936073059354
 10
12393.998695368557
 20
36996.08610567514
 10
12332.028701891713
 20
36934.116112198295
 10
12084.148727984342
 20
36934.116112198295
 10
12022.178734507499
 20
36996.08610567514
 10
12084.148727984342
 20
37058.05609915198
 10
12270.05870841487
 20
37058.05609915198
 10
12270.05870841487
 20
37120.026092628825
 10
12146.118721461185
 20
37120.026092628825
  0
LWPOLYLINE
  5
198
330
17
100
AcDbEntity
  8
RASTER_CONTOURS
100
AcDbPolyline
 90
30
 70
1
 10
9977.168949771687
 20
37305.936073059354
 10
10039.13894324853
 20
37367.9060665362
 10
11092.628832354858
 20
37305.936073059354
 10
11154.598825831701
 20
37243.96607958251
 10
11278.538812785386
 20
37305.936073059354
 10
11402.478799739072
 20
37243.96607958251
 10
11464.448793215914
 20
37305.936073059354
 10
11526.418786692757
 20
37181.99608610567
 10
11340.508806262229
 20
37120.026092628825
 10
11588.3887801696
 20
36996.08610567514
 10
11526.418786692757
 20
36934.116112198295
 10
11278.538812785386
 20
36934.116112198295
 10
11154.598825831701
 20
36810.17612524461
 10
10782.778864970644
 20
36810.17612524461
 10
10720.8088714938
 20
36872.14611872145
 10
10782.778864970644
 20
36934.116112198295
 10
10906.71885192433
 20
36934.116112198295
 10
10534.898891063272
 20
36934.116112198295
 10
10596.868884540116
 20
36872.14611872145
 10
10534.898891063272
 20
36810.17612524461
 10
10287.018917155901
 20
36810.17612524461
 10
10225.048923679058
 20
36872.14611872145
 10
10287.018917155901
 20
36934.116112198295
 10
10163.078930202217
 20
36996.08610567514
 10
10287.018917155901
 20
37120.026092628825
 10
10596.868884540116
 20
37120.026092628825
 10
10658.838878016959
 20
37058.05609915198
 10
11216.568819308543
 20
37058.05609915198
 10
11216.568819308543
 20
37120.026092628825
 10
10163.078930202217
 20
37120.026092628825
  0
LWPOLYLINE
  5
199
330
17
100
AcDbEntity
  8
RASTER_CONTOURS
100
AcDbPolyline
 90
52
 70
1
 10
8180.039138943247
 20
37243.96607958251
 10
8242.00913242009
 20
37305.936073059354
 10
8427.919112850619
 20
37243.96607958251
 10
8675.79908675799
 20
37367.9060665362
 10
8861.709067188518
 20
37367.9060665362
 10
8985.649054142203
 20
37243.96607958251
 10
9419.439008480103
 20
37243.96607958251
 10
9481.409001956945
 20
37181.99608610567
 10
9419.439008480103
 20
37120.026092628825
 10
8861.709067188518
 20
37120.026092628825
 10
9605.348988910631
 20
37058.05609915198
 10
9667.318982387475
 20
36996.08610567514
 10
9605.348988910631
 20
36934.116112198295
 10
9171.559034572732
 20
36934.116112198295
 10
9109.58904109589
 20
36810.17612524461
 10
8799.739073711675
 20
36810.17612524461
 10
9357.46901500326
 20
36810.17612524461
 10
9419.439008480103
 20
36748.20613176777
 10
9357.46901500326
 20
36686.23613829093
 10
8799.739073711675
 20
36686.23613829093
 10
9109.58904109589
 20
36686.23613829093
 10
9295.499021526417
 20
36562.29615133724
 10
9605.348988910631
 20
36624.266144814086
 10
9667.318982387475
 20
36562.29615133724
 10
9605.348988910631
 20
36500.3261578604
 10
9357.46901500326
 20
36438.35616438356
 10
9729.288975864316
 20
36314.41617742987
 10
9667.318982387475
 20
36252.44618395303
 10
9109.58904109589
 20
36252.44618395303
 10
9047.619047619046
 20
36376.38617090671
 10
9233.529028049574
 20
36438.35616438356
 10
8799.739073711675
 20
36438.35616438356
 10
8923.679060665361
 20
36376.38617090671
 10
8861.709067188518
 20
36252.44618395303
 10
8242.00913242009
 20
36252.44618395303
 10
8180.039138943247
 20
36314.41617742987
 10
8365.949119373776
 20
36562.29615133724
 10
8303.979125896933
 20
36748.20613176777
 10
8489.88910632746
 20
36810.17612524461
 10
8613.829093281147
 20
36562.29615133724
 10
8613.829093281147
 20
36748.20613176777
 10
8675.79908675799
 20
36810.17612524461
 10
8613.829093281147
 20
36934.116112198295
 10
8427.919112850619
 20
36934.116112198295
 10
8365.949119373776
 20
36996.08610567514
 10
8551.859099804304
 20
37120.026092628825
 10
8737.769080234832
 20
37120.026092628825
 10
8613.829093281147
 20
37181.99608610567
 10
8551.859099804304
 20
37120.026092628825
 10
8365.949119373776
 20
37120.026092628825
 10
8303.979125896933
 20
37181.99608610567
 10
8242.00913242009
 20
37120.026092628825
  0
LWPOLYLINE
  5
19A
330
17
100
AcDbEntity
  8
RASTER_CONTOURS
100
AcDbPolyline
 90
4
 70
1
 10
10782.778864970644
 20
37553.81604696673
 10
10782.778864970644
 20
37491.846053489884
 10
11278.538812785386
 20
37491.846053489884
 10
11278.538812785386
 20
37553.81604696673
  0
LWPOLYLINE
  5
19B
330
17
100
AcDbEntity
  8
RASTER_CONTOURS
100
AcDbPolyline
 90
8
 70
1
 10
8613.829093281147
 20
37491.846053489884
 10
9729.288975864316
 20
37491.846053489884
 10
9791.25896934116
 20
37553.81604696673
 10
9853.228962818002
 20
37491.846053489884
 10
10039.13894324853
 20
37491.846053489884
 10
9853.228962818002
 20
37491.846053489884
 10
9791.25896934116
 20
37553.81604696673
 10
8675.79908675799
 20
37553.81604696673
  0
LWPOLYLINE
  5
19C
330
17
100
AcDbEntity
  8
RASTER_CONTOURS
100
AcDbPolyline
 90
8
 70
1
 10
43874.755381604686
 20
37739.72602739726
 10
44246.575342465745
 20
37739.72602739726
 10
44370.51532941943
 20
37615.78604044357
 10
44308.54533594259
 20
37243.96607958251
 10
44184.6053489889
 20
37120.026092628825
 10
43998.69536855837
 20
37120.026092628825
 10
43936.72537508153
 20
37181.99608610567
 10
43812.78538812785
 20
37615.78604044357
  0
LWPOLYLINE
  5
19D
330
17
100
AcDbEntity
  8
RASTER_CONTOURS
100
AcDbPolyline
 90
24
 70
1
 10
13509.458577951726
 20
37863.666014350936
 10
13447.488584474884
 20
37739.72602739726
 10
13447.488584474884
 20
33711.676451402476
 10
13323.548597521198
 20
33463.7964774951
 10
4028.0495759947808
 20
33463.7964774951
 10
3966.079582517938
 20
33525.76647097195
 10
743.6399217221134
 20
33525.76647097195
 10
681.6699282452706
 20
33463.7964774951
 10
619.6999347684279
 20
33525.76647097195
 10
743.6399217221134
 20
33959.55642530984
 10
1115.4598825831702
 20
34579.256360078274
 10
1239.3998695368557
 20
34579.256360078274
 10
1363.3398564905413
 20
34455.31637312459
 10
1301.3698630136985
 20
34331.3763861709
 10
1301.3698630136985
 20
33959.55642530984
 10
3780.1696020874097
 20
33959.55642530984
 10
3842.1395955642524
 20
33897.586431833
 10
12889.758643183299
 20
33897.586431833
 10
12889.758643183299
 20
34331.3763861709
 10
12827.788649706456
 20
34455.31637312459
 10
13199.608610567513
 20
34579.256360078274
 10
13261.578604044355
 20
34703.19634703196
 10
13261.578604044355
 20
37863.666014350936
 10
13323.548597521198
 20
37925.63600782778
  0
LWPOLYLINE
  5
19E
330
17
100
AcDbEntity
  8
RASTER_CONTOURS
100
AcDbPolyline
 90
506
 70
1
 10
44246.575342465745
 20
40652.31572080887
 10
44122.63535551206
 20
40652.31572080887
 10
44060.665362035215
 20
40466.40574037834
 10
44122.63535551206
 20
40404.435746901494
 10
44122.63535551206
 20
39722.765818656226
 10
44060.665362035215
 20
39660.79582517938
 10
44060.665362035215
 20
37863.666014350936
 10
43936.72537508153
 20
37739.72602739726
 10
43750.81539465101
 20
37739.72602739726
 10
43750.81539465101
 20
37491.846053489884
 10
43874.755381604686
 20
37429.87606001304
 10
43874.755381604686
 20
37243.96607958251
 10
43750.81539465101
 20
37120.026092628825
 10
40280.49575994781
 20
37120.026092628825
 10
40218.525766470964
 20
37181.99608610567
 10
40094.58577951728
 20
37120.026092628825
 10
36934.116112198295
 20
37120.026092628825
 10
36872.14611872145
 20
37181.99608610567
 10
36686.23613829093
 20
37120.026092628825
 10
35694.716242661445
 20
37120.026092628825
 10
35632.7462491846
 20
37181.99608610567
 10
30303.32681017612
 20
37181.99608610567
 10
30241.356816699277
 20
37243.96607958251
 10
20140.247879973904
 20
37243.96607958251
 10
20078.27788649706
 20
37305.936073059354
 10
14067.188519243311
 20
37305.936073059354
 10
14005.218525766468
 20
37367.9060665362
 10
13695.368558382255
 20
37305.936073059354
 10
13447.488584474884
 20
37491.846053489884
 10
13633.398564905412
 20
37739.72602739726
 10
13571.428571428569
 20
37801.69602087409
 10
13633.398564905412
 20
37863.666014350936
 10
13261.578604044355
 20
38049.575994781466
 10
13199.608610567513
 20
37925.63600782778
 10
13199.608610567513
 20
34703.19634703196
 10
13075.668623613827
 20
34579.256360078274
 10
12517.938682322241
 20
34579.256360078274
 10
12455.9686888454
 20
34641.22635355512
 10
12455.9686888454
 20
37615.78604044357
 10
12332.028701891713
 20
37367.9060665362
 10
8180.039138943247
 20
37367.9060665362
 10
8118.069145466405
 20
37429.87606001304
 10
8180.039138943247
 20
37491.846053489884
 10
8056.0991519895615
 20
37615.78604044357
 10
7932.159165035876
 20
37615.78604044357
 10
7932.159165035876
 20
35756.68623613829
 10
7870.189171559033
 20
35694.716242661445
 10
7870.189171559033
 20
35322.896281800386
 10
7932.159165035876
 20
35260.92628832354
 10
7870.189171559033
 20
35198.9562948467
 10
7870.189171559033
 20
34641.22635355512
 10
7808.21917808219
 20
34579.256360078274
 10
3532.2896281800386
 20
34579.256360078274
 10
3470.319634703196
 20
34641.22635355512
 10
3284.4096542726675
 20
34579.256360078274
 10
1983.039791258969
 20
34579.256360078274
 10
1921.0697977821262
 20
34641.22635355512
 10
1549.2498369210696
 20
34579.256360078274
 10
1487.2798434442268
 20
34641.22635355512
 10
991.5198956294845
 20
34641.22635355512
 10
123.93998695368556
 20
32782.12654924983
 10
123.93998695368556
 20
32658.186562296145
 10
-185.90998043052835
 20
32100.45662100456
 10
-185.90998043052835
 20
28382.257012393995
 10
-247.87997390737112
 20
28320.28701891715
 10
-247.87997390737112
 20
27886.497064579253
 10
-185.90998043052835
 20
27824.52707110241
 10
-185.90998043052835
 20
23114.807566862357
 10
-247.87997390737112
 20
23052.837573385514
 10
-247.87997390737112
 20
10410.958904109588
 10
-309.8499673842139
 20
10348.988910632745
 10
-247.87997390737112
 20
10225.048923679058
 10
-309.8499673842139
 20
10039.13894324853
 10
-309.8499673842139
 20
1921.0697977821262
 10
-247.87997390737112
 20
1859.0998043052834
 10
-247.87997390737112
 20
433.7899543378995
 10
-309.8499673842139
 20
371.8199608610567
 10
-309.8499673842139
 20
123.93998695368556
 10
-247.87997390737112
 20
61.96999347684278
 10
-309.8499673842139
 20
0.0
 10
-309.8499673842139
 20
-805.6099151989562
 10
-433.7899543378995
 20
-929.5499021526417
 10
-3594.2596216568813
 20
-929.5499021526417
 10
-3594.2596216568813
 20
-5949.119373776907
 10
-3656.229615133724
 20
-6011.0893672537495
 10
-3594.2596216568813
 20
-6073.059360730593
 10
-3594.2596216568813
 20
-10348.988910632745
 10
-3656.229615133724
 20
-10410.958904109588
 10
-3656.229615133724
 20
-11712.328767123285
 10
-3594.2596216568813
 20
-11774.298760600128
 10
-3408.349641226353
 20
-11774.298760600128
 10
-3346.3796477495102
 20
-11836.268754076971
 10
-3222.4396607958247
 20
-11774.298760600128
 10
61.96999347684278
 20
-11774.298760600128
 10
123.93998695368556
 20
-11836.268754076971
 10
247.87997390737112
 20
-11774.298760600128
 10
991.5198956294845
 20
-11774.298760600128
 10
1053.4898891063274
 20
-11836.268754076971
 10
2106.9797782126548
 20
-11836.268754076971
 10
2168.9497716894975
 20
-11774.298760600128
 10
2292.889758643183
 20
-11836.268754076971
 10
3594.2596216568813
 20
-11836.268754076971
 10
3656.229615133724
 20
-11774.298760600128
 10
4090.0195694716235
 20
-11774.298760600128
 10
4151.989562948466
 20
-11836.268754076971
 10
9605.348988910631
 20
-11836.268754076971
 10
9667.318982387475
 20
-11898.238747553814
 10
9977.168949771687
 20
-11898.238747553814
 10
10039.13894324853
 20
-11836.268754076971
 10
10782.778864970644
 20
-11836.268754076971
 10
10844.748858447487
 20
-11898.238747553814
 10
12579.908675799084
 20
-11836.268754076971
 10
12641.878669275928
 20
-11898.238747553814
 10
21131.767775603388
 20
-11898.238747553814
 10
21193.73776908023
 20
-11960.208741030658
 10
41457.92563600782
 20
-12022.178734507499
 10
41519.895629484665
 20
-12084.148727984342
 10
47902.80495759947
 20
-12084.148727984342
 10
47964.77495107631
 20
-12146.118721461185
 10
48894.32485322895
 20
-12146.118721461185
 10
48894.32485322895
 20
-9419.439008480103
 10
48956.294846705794
 20
-9357.46901500326
 10
48956.294846705794
 20
-2292.889758643183
 10
49142.204827136324
 20
-2168.9497716894975
 10
50505.54468362687
 20
-2168.9497716894975
 10
50567.51467710371
 20
-2230.9197651663403
 10
50815.39465101108
 20
-2230.9197651663403
 10
50877.36464448792
 20
-2168.9497716894975
 10
51868.88454011741
 20
-2168.9497716894975
 10
51868.88454011741
 20
-681.6699282452706
 10
51992.82452707109
 20
-557.7299412915851
 10
52736.46444879321
 20
-557.7299412915851
 10
52860.404435746896
 20
-681.6699282452706
 10
52860.404435746896
 20
-2974.5596868884536
 10
52798.43444227005
 20
-3036.5296803652964
 10
50753.42465753424
 20
-3036.5296803652964
 10
50691.4546640574
 20
-2974.5596868884536
 10
50629.484670580554
 20
-3036.5296803652964
 10
50629.484670580554
 20
-3842.1395955642524
 10
50815.39465101108
 20
-3904.109589041095
 10
51063.27462491845
 20
-3904.109589041095
 10
51125.24461839529
 20
-3842.1395955642524
 10
51311.15459882582
 20
-3904.109589041095
 10
53294.19439008479
 20
-3904.109589041095
 10
53356.164383561634
 20
-3842.1395955642524
 10
53356.164383561634
 20
-619.6999347684279
 10
53418.13437703848
 20
-557.7299412915851
 10
55153.29419439007
 20
-557.7299412915851
 10
55215.26418786692
 20
-495.75994781474225
 10
55153.29419439007
 20
-433.7899543378995
 10
55215.26418786692
 20
-371.8199608610567
 10
55153.29419439007
 20
-61.96999347684278
 10
54471.624266144805
 20
0.0
 10
54285.714285714275
 20
123.93998695368556
 10
52488.584474885836
 20
123.93998695368556
 10
52426.61448140899
 20
185.90998043052835
 10
52240.70450097846
 20
123.93998695368556
 10
51930.85453359425
 20
123.93998695368556
 10
51868.88454011741
 20
185.90998043052835
 10
51682.97455968688
 20
123.93998695368556
 10
51621.00456621004
 20
185.90998043052835
 10
51497.06457925635
 20
123.93998695368556
 10
51373.124592302665
 20
185.90998043052835
 10
50815.39465101108
 20
123.93998695368556
 10
50691.4546640574
 20
247.87997390737112
 10
50691.4546640574
 20
3160.469667318982
 10
50753.42465753424
 20
3222.4396607958247
 10
51187.214611872136
 20
3222.4396607958247
 10
51249.18460534898
 20
3160.469667318982
 10
51249.18460534898
 20
2850.619699934768
 10
51249.18460534898
 20
3160.469667318982
 10
51311.15459882582
 20
3222.4396607958247
 10
51806.91454664057
 20
3160.469667318982
 10
51806.91454664057
 20
3470.319634703196
 10
51868.88454011741
 20
3532.2896281800386
 10
51868.88454011741
 20
5081.539465101108
 10
52054.794520547934
 20
5205.479452054794
 10
52116.76451402478
 20
5391.389432485322
 10
52178.73450750162
 20
5391.389432485322
 10
52240.70450097846
 20
5267.449445531636
 10
52364.64448793215
 20
5453.359425962165
 10
52426.61448140899
 20
5391.389432485322
 10
52550.55446836268
 20
5453.359425962165
 10
53789.95433789954
 20
5453.359425962165
 10
53851.92433137638
 20
5391.389432485322
 10
53913.894324853216
 20
5453.359425962165
 10
54533.59425962165
 20
5453.359425962165
 10
54719.50424005218
 20
5391.389432485322
 10
54719.50424005218
 20
6011.0893672537495
 10
54781.47423352902
 20
6135.029354207435
 10
54471.624266144805
 20
6382.909328114806
 10
54471.624266144805
 20
6568.819308545335
 10
54285.714285714275
 20
6630.789302022177
 10
54285.714285714275
 20
6382.909328114806
 10
54285.714285714275
 20
6444.879321591649
 10
54409.65427266796
 20
6506.849315068492
 10
54471.624266144805
 20
6320.939334637964
 10
54595.56425309849
 20
6258.969341161121
 10
54471.624266144805
 20
6073.059360730593
 10
54223.74429223743
 20
6073.059360730593
 10
54099.804305283746
 20
6196.999347684278
 10
53913.894324853216
 20
6135.029354207435
 10
53851.92433137638
 20
6320.939334637964
 10
53789.95433789954
 20
6320.939334637964
 10
53789.95433789954
 20
6196.999347684278
 10
53666.01435094585
 20
6073.059360730593
 10
52302.67449445531
 20
6135.029354207435
 10
52240.70450097846
 20
6258.969341161121
 10
52178.73450750162
 20
6135.029354207435
 10
51744.944553163725
 20
6135.029354207435
 10
51621.00456621004
 20
6320.939334637964
 10
51373.124592302665
 20
6320.939334637964
 10
51311.15459882582
 20
6382.909328114806
 10
51249.18460534898
 20
6692.7592954990205
 10
51063.27462491845
 20
6568.819308545335
 10
50815.39465101108
 20
6816.699282452706
 10
50815.39465101108
 20
8489.88910632746
 10
50877.36464448792
 20
8551.859099804304
 10
50877.36464448792
 20
8923.679060665361
 10
50815.39465101108
 20
8985.649054142203
 10
50815.39465101108
 20
9481.409001956945
 10
50877.36464448792
 20
9543.378995433788
 10
50815.39465101108
 20
9605.348988910631
 10
50877.36464448792
 20
9791.25896934116
 10
50815.39465101108
 20
9853.228962818002
 10
50939.33463796476
 20
10039.13894324853
 10
51125.24461839529
 20
10039.13894324853
 10
51187.214611872136
 20
9977.168949771687
 10
51311.15459882582
 20
10039.13894324853
 10
51311.15459882582
 20
10287.018917155901
 10
51249.18460534898
 20
10348.988910632745
 10
51249.18460534898
 20
11898.238747553814
 10
51311.15459882582
 20
11960.208741030658
 10
51311.15459882582
 20
12270.05870841487
 10
51063.27462491845
 20
12208.088714938029
 10
50877.36464448792
 20
12332.028701891713
 10
50877.36464448792
 20
14315.068493150682
 10
50939.33463796476
 20
14377.038486627525
 10
50877.36464448792
 20
14439.008480104369
 10
50877.36464448792
 20
15678.408349641224
 10
50939.33463796476
 20
15740.378343118065
 10
51311.15459882582
 20
15740.378343118065
 10
51311.15459882582
 20
15864.318330071752
 10
51497.06457925635
 20
16174.168297455966
 10
52178.73450750162
 20
16174.168297455966
 10
52240.70450097846
 20
16112.198303979123
 10
52302.67449445531
 20
16174.168297455966
 10
52302.67449445531
 20
16484.01826484018
 10
52426.61448140899
 20
16607.958251793865
 10
52426.61448140899
 20
16731.89823874755
 10
52302.67449445531
 20
16917.808219178078
 10
52364.64448793215
 20
16979.77821265492
 10
52302.67449445531
 20
17041.748206131764
 10
52302.67449445531
 20
17413.56816699282
 10
52426.61448140899
 20
17723.418134377036
 10
52364.64448793215
 20
17847.358121330722
 10
52364.64448793215
 20
18157.208088714935
 10
52612.52446183952
 20
18405.088062622304
 10
52612.52446183952
 20
18467.058056099148
 10
52426.61448140899
 20
18529.02804957599
 10
51497.06457925635
 20
18529.02804957599
 10
51373.124592302665
 20
18652.968036529677
 10
51559.034572733195
 20
19210.697977821263
 10
51559.034572733195
 20
19396.60795825179
 10
51373.124592302665
 20
19458.577951728632
 10
51373.124592302665
 20
19830.39791258969
 10
51311.15459882582
 20
19892.367906066534
 10
51373.124592302665
 20
20016.307893020217
 10
51373.124592302665
 20
20636.007827788646
 10
51435.09458577951
 20
20821.917808219176
 10
51559.034572733195
 20
20945.85779517286
 10
52240.70450097846
 20
20945.85779517286
 10
52302.67449445531
 20
21069.797782126545
 10
52550.55446836268
 20
21255.707762557075
 10
52550.55446836268
 20
21379.64774951076
 10
52488.584474885836
 20
21441.6177429876
 10
51311.15459882582
 20
21441.6177429876
 10
51125.24461839529
 20
21875.407697325503
 10
51125.24461839529
 20
22123.287671232873
 10
51001.304631441606
 20
22309.197651663402
 10
50939.33463796476
 20
22681.017612524458
 10
50877.36464448792
 20
22619.047619047615
 10
50629.484670580554
 20
22619.047619047615
 10
50567.51467710371
 20
22681.017612524458
 10
50505.54468362687
 20
22557.07762557077
 10
50505.54468362687
 20
21751.467710371817
 10
50319.63470319634
 20
21627.52772341813
 10
50319.63470319634
 20
21565.557729941287
 10
50567.51467710371
 20
21627.52772341813
 10
50691.4546640574
 20
21503.587736464444
 10
50691.4546640574
 20
16545.988258317022
 10
50629.484670580554
 20
16484.01826484018
 10
50629.484670580554
 20
15864.318330071752
 10
50567.51467710371
 20
15802.348336594909
 10
50009.78473581212
 20
15802.348336594909
 10
49947.81474233528
 20
15678.408349641224
 10
49947.81474233528
 20
14686.88845401174
 10
49823.8747553816
 20
14562.948467058053
 10
49328.11480756685
 20
14562.948467058053
 10
49266.14481409001
 20
14624.918460534896
 10
49266.14481409001
 20
14872.798434442268
 10
49204.17482061317
 20
14934.76842791911
 10
49204.17482061317
 20
15740.378343118065
 10
49142.204827136324
 20
15802.348336594909
 10
49018.26484018264
 20
15740.378343118065
 10
49080.23483365948
 20
15306.588388780166
 10
49018.26484018264
 20
15244.618395303323
 10
49018.26484018264
 20
14934.76842791911
 10
48956.294846705794
 20
14872.798434442268
 10
49018.26484018264
 20
14686.88845401174
 10
48956.294846705794
 20
14624.918460534896
 10
48770.38486627527
 20
14748.858447488581
 10
48770.38486627527
 20
15368.55838225701
 10
48832.354859752115
 20
15430.528375733853
 10
48770.38486627527
 20
15616.43835616438
 10
48708.41487279843
 20
15616.43835616438
 10
48770.38486627527
 20
14748.858447488581
 10
48646.444879321585
 20
14624.918460534896
 10
46539.46510110893
 20
14624.918460534896
 10
46477.49510763209
 20
14686.88845401174
 10
46477.49510763209
 20
17785.38812785388
 10
46539.46510110893
 20
17847.358121330722
 10
48956.294846705794
 20
17847.358121330722
 10
49018.26484018264
 20
17785.38812785388
 10
49018.26484018264
 20
17103.718199608607
 10
49204.17482061317
 20
17041.748206131764
 10
49266.14481409001
 20
17103.718199608607
 10
49204.17482061317
 20
17227.658186562294
 10
49266.14481409001
 20
17351.59817351598
 10
49266.14481409001
 20
19148.72798434442
 10
49452.05479452054
 20
19272.667971298106
 10
49514.02478799738
 20
19210.697977821263
 10
49699.93476842791
 20
19272.667971298106
 10
50009.78473581212
 20
19086.757990867576
 10
49947.81474233528
 20
18962.81800391389
 10
49947.81474233528
 20
18776.908023483364
 10
50009.78473581212
 20
18714.93803000652
 10
49947.81474233528
 20
17165.68819308545
 10
50071.754729288965
 20
16979.77821265492
 10
50133.72472276581
 20
17041.748206131764
 10
50319.63470319634
 20
16979.77821265492
 10
50319.63470319634
 20
20388.127853881277
 10
50257.664709719495
 20
20264.18786692759
 10
50257.664709719495
 20
19644.48793215916
 10
50195.69471624265
 20
19582.51793868232
 10
50133.72472276581
 20
19644.48793215916
 10
50133.72472276581
 20
20264.18786692759
 10
50071.754729288965
 20
20264.18786692759
 10
50071.754729288965
 20
19520.547945205475
 10
50009.78473581212
 20
19396.60795825179
 10
49823.8747553816
 20
19272.667971298106
 10
49390.0848010437
 20
19272.667971298106
 10
49204.17482061317
 20
19396.60795825179
 10
49204.17482061317
 20
20202.217873450747
 10
49142.204827136324
 20
20264.18786692759
 10
49142.204827136324
 20
19644.48793215916
 10
49018.26484018264
 20
19458.577951728632
 10
49018.26484018264
 20
19334.63796477495
 10
48956.294846705794
 20
19272.667971298106
 10
48770.38486627527
 20
19458.577951728632
 10
48832.354859752115
 20
19520.547945205475
 10
48770.38486627527
 20
19644.48793215916
 10
48832.354859752115
 20
19768.427919112848
 10
48832.354859752115
 20
20326.157860404433
 10
48708.41487279843
 20
20264.18786692759
 10
48770.38486627527
 20
20078.27788649706
 10
48770.38486627527
 20
19396.60795825179
 10
48708.41487279843
 20
19334.63796477495
 10
46601.43509458577
 20
19334.63796477495
 10
46477.49510763209
 20
19458.577951728632
 10
46477.49510763209
 20
20697.97782126549
 10
46787.3450750163
 20
20945.85779517286
 10
46725.37508153946
 20
21007.8277886497
 10
46539.46510110893
 20
20883.88780169602
 10
46477.49510763209
 20
20945.85779517286
 10
46477.49510763209
 20
21131.767775603388
 10
46539.46510110893
 20
21193.73776908023
 10
46849.31506849314
 20
21131.767775603388
 10
46911.28506196998
 20
21069.797782126545
 10
46849.31506849314
 20
20697.97782126549
 10
46973.255055446825
 20
20697.97782126549
 10
46973.255055446825
 20
21069.797782126545
 10
47035.22504892367
 20
21131.767775603388
 10
47221.1350293542
 20
21131.767775603388
 10
47221.1350293542
 20
21193.73776908023
 10
46973.255055446825
 20
21379.64774951076
 10
46911.28506196998
 20
21379.64774951076
 10
46849.31506849314
 20
21255.707762557075
 10
46539.46510110893
 20
21193.73776908023
 10
46477.49510763209
 20
21255.707762557075
 10
46477.49510763209
 20
21813.43770384866
 10
46601.43509458577
 20
21937.377690802343
 10
48894.32485322895
 20
21937.377690802343
 10
48894.32485322895
 20
22619.047619047615
 10
49204.17482061317
 20
22804.957599478144
 10
49204.17482061317
 20
23548.597521200256
 10
49266.14481409001
 20
23610.5675146771
 10
49204.17482061317
 20
23672.537508153942
 10
49266.14481409001
 20
23734.507501630786
 10
49204.17482061317
 20
23796.47749510763
 10
49204.17482061317
 20
24664.057403783427
 10
49328.11480756685
 20
24787.997390737113
 10
50381.60469667318
 20
24787.997390737113
 10
50505.54468362687
 20
24664.057403783427
 10
50505.54468362687
 20
23548.597521200256
 10
50567.51467710371
 20
23424.65753424657
 10
50629.484670580554
 20
23548.597521200256
 10
50877.36464448792
 20
23548.597521200256
 10
50939.33463796476
 20
23486.627527723413
 10
51001.304631441606
 20
23548.597521200256
 10
51001.304631441606
 20
23796.47749510763
 10
51497.06457925635
 20
24292.23744292237
 10
51497.06457925635
 20
24416.177429876057
 10
51063.27462491845
 20
24416.177429876057
 10
51001.304631441606
 20
24478.147423352897
 10
51001.304631441606
 20
24602.087410306583
 10
51125.24461839529
 20
24726.02739726027
 10
51063.27462491845
 20
24787.997390737113
 10
50381.60469667318
 20
24787.997390737113
 10
49761.904761904756
 20
25469.66731898238
 10
49390.0848010437
 20
25593.607305936068
 10
49204.17482061317
 20
25779.517286366598
 10
49204.17482061317
 20
26956.947162426608
 10
49266.14481409001
 20
27018.91715590345
 10
49204.17482061317
 20
27204.82713633398
 10
49266.14481409001
 20
27328.767123287667
 10
49452.05479452054
 20
27452.70711024135
 10
49452.05479452054
 20
27638.61709067188
 10
49699.93476842791
 20
27886.497064579253
 10
49637.96477495107
 20
28010.437051532936
 10
49328.11480756685
 20
28010.437051532936
 10
49266.14481409001
 20
28072.40704500978
 10
49266.14481409001
 20
30737.11676451402
 10
49452.05479452054
 20
30923.02674494455
 10
49637.96477495107
 20
31232.87671232876
 10
49637.96477495107
 20
31356.816699282448
 10
49452.05479452054
 20
31542.726679712974
 10
49452.05479452054
 20
31666.66666666666
 10
49266.14481409001
 20
31790.606653620347
 10
49080.23483365948
 20
31728.636660143504
 10
49018.26484018264
 20
31790.606653620347
 10
48956.294846705794
 20
31728.636660143504
 10
47530.984996738414
 20
31728.636660143504
 10
47469.01500326157
 20
31790.606653620347
 10
47097.19504240051
 20
31728.636660143504
 10
46787.3450750163
 20
31852.57664709719
 10
46725.37508153946
 20
31976.516634050877
 10
46725.37508153946
 20
32472.27658186562
 10
46663.40508806262
 20
32534.24657534246
 10
46663.40508806262
 20
32906.066536203514
 10
46725.37508153946
 20
32968.03652968036
 10
46663.40508806262
 20
33153.94651011089
 10
46725.37508153946
 20
33339.85649054142
 10
46663.40508806262
 20
33401.82648401826
 10
46663.40508806262
 20
34889.10632746248
 10
46787.3450750163
 20
35075.01630789301
 10
46787.3450750163
 20
35322.896281800386
 10
46725.37508153946
 20
35384.86627527723
 10
46725.37508153946
 20
37058.05609915198
 10
46725.37508153946
 20
35260.92628832354
 10
46601.43509458577
 20
35075.01630789301
 10
46477.49510763209
 20
35136.986301369856
 10
46415.52511415524
 20
35384.86627527723
 10
45981.73515981734
 20
35384.86627527723
 10
45857.795172863654
 20
35508.806262230915
 10
45919.7651663405
 20
35632.7462491846
 10
46353.5551206784
 20
35632.7462491846
 10
46167.64514024787
 20
35880.62622309197
 10
46167.64514024787
 20
36376.38617090671
 10
46229.615133724714
 20
36500.3261578604
 10
46353.5551206784
 20
36562.29615133724
 10
46229.615133724714
 20
36624.266144814086
 10
45981.73515981734
 20
36562.29615133724
 10
46167.64514024787
 20
36438.35616438356
 10
46167.64514024787
 20
35818.656229615124
 10
46105.67514677103
 20
35756.68623613829
 10
45919.7651663405
 20
35756.68623613829
 10
45857.795172863654
 20
35818.656229615124
 10
45919.7651663405
 20
36004.566210045654
 10
45857.795172863654
 20
36066.5362035225
 10
45857.795172863654
 20
36934.116112198295
 10
45733.855185909975
 20
36996.08610567514
 10
45795.82517938682
 20
37058.05609915198
 10
46353.5551206784
 20
37058.05609915198
 10
46415.52511415524
 20
37120.026092628825
 10
46415.52511415524
 20
37491.846053489884
 10
46353.5551206784
 20
37615.78604044357
 10
46415.52511415524
 20
37677.756033920414
 10
46787.3450750163
 20
37677.756033920414
 10
46911.28506196998
 20
37615.78604044357
 10
46911.28506196998
 20
37739.72602739726
 10
44804.305283757334
 20
37739.72602739726
 10
46167.64514024787
 20
37677.756033920414
 10
46291.58512720156
 20
37553.81604696673
 10
46229.615133724714
 20
37491.846053489884
 10
46291.58512720156
 20
37491.846053489884
 10
46415.52511415524
 20
37305.936073059354
 10
46291.58512720156
 20
37120.026092628825
 10
44432.485322896275
 20
37120.026092628825
 10
44308.54533594259
 20
37243.96607958251
 10
44308.54533594259
 20
37367.9060665362
 10
44494.45531637312
 20
37553.81604696673
 10
44432.485322896275
 20
37615.78604044357
 10
44556.42530984996
 20
37739.72602739726
 10
44432.485322896275
 20
37739.72602739726
 10
44246.575342465745
 20
37863.666014350936
  0
LINE
  5
1A0
330
17
100
AcDbEntity
  8
INFERRED_LEVELS
100
AcDbLine
 10
-2500.0
 20
0.0
 30
0.0
 11
54000.0
 21
0.0
 31
0.0
  0
TEXT
  5
1A2
330
17
100
AcDbEntity
  8
ANNOTATION
100
AcDbText
 10
54500.0
 20
0.0
 30
0.0
 40
500.0
  1
1F
  7
JAPANESE
100
AcDbText
  0
LINE
  5
1A3
330
17
100
AcDbEntity
  8
INFERRED_LEVELS
100
AcDbLine
 10
-2500.0
 20
4833.659491193737
 30
0.0
 11
54000.0
 21
4833.659491193737
 31
0.0
  0
TEXT
  5
1A4
330
17
100
AcDbEntity
  8
ANNOTATION
100
AcDbText
 10
54500.0
 20
4833.659491193737
 30
0.0
 40
500.0
  1
2F
  7
JAPANESE
100
AcDbText
  0
LINE
  5
1A5
330
17
100
AcDbEntity
  8
INFERRED_LEVELS
100
AcDbLine
 10
-2500.0
 20
9791.25896934116
 30
0.0
 11
54000.0
 21
9791.25896934116
 31
0.0
  0
TEXT
  5
1A6
330
17
100
AcDbEntity
  8
ANNOTATION
100
AcDbText
 10
54500.0
 20
9791.25896934116
 30
0.0
 40
500.0
  1
3F
  7
JAPANESE
100
AcDbText
  0
LINE
  5
1A7
330
17
100
AcDbEntity
  8
INFERRED_LEVELS
100
AcDbLine
 10
-2500.0
 20
14129.158512720154
 30
0.0
 11
54000.0
 21
14129.158512720154
 31
0.0
  0
TEXT
  5
1A8
330
17
100
AcDbEntity
  8
ANNOTATION
100
AcDbText
 10
54500.0
 20
14129.158512720154
 30
0.0
 40
500.0
  1
4F
  7
JAPANESE
100
AcDbText
  0
LINE
  5
1A9
330
17
100
AcDbEntity
  8
INFERRED_LEVELS
100
AcDbLine
 10
-2500.0
 20
18219.17808219178
 30
0.0
 11
54000.0
 21
18219.17808219178
 31
0.0
  0
TEXT
  5
1AA
330
17
100
AcDbEntity
  8
ANNOTATION
100
AcDbText
 10
54500.0
 20
18219.17808219178
 30
0.0
 40
500.0
  1
5F
  7
JAPANESE
100
AcDbText
  0
LINE
  5
1AB
330
17
100
AcDbEntity
  8
INFERRED_LEVELS
100
AcDbLine
 10
-2500.0
 20
23796.47749510763
 30
0.0
 11
54000.0
 21
23796.47749510763
 31
0.0
  0
TEXT
  5
1AC
330
17
100
AcDbEntity
  8
ANNOTATION
100
AcDbText
 10
54500.0
 20
23796.47749510763
 30
0.0
 40
500.0
  1
6F
  7
JAPANESE
100
AcDbText
  0
LINE
  5
1AD
330
17
100
AcDbEntity
  8
INFERRED_LEVELS
100
AcDbLine
 10
-2500.0
 20
28072.40704500978
 30
0.0
 11
54000.0
 21
28072.40704500978
 31
0.0
  0
TEXT
  5
1AE
330
17
100
AcDbEntity
  8
ANNOTATION
100
AcDbText
 10
54500.0
 20
28072.40704500978
 30
0.0
 40
500.0
  1
7F
  7
JAPANESE
100
AcDbText
  0
LINE
  5
1AF
330
17
100
AcDbEntity
  8
INFERRED_LEVELS
100
AcDbLine
 10
-2500.0
 20
31976.516634050877
 30
0.0
 11
54000.0
 21
31976.516634050877
 31
0.0
  0
TEXT
  5
1B0
330
17
100
AcDbEntity
  8
ANNOTATION
100
AcDbText
 10
54500.0
 20
31976.516634050877
 30
0.0
 40
500.0
  1
8F
  7
JAPANESE
100
AcDbText
  0
LINE
  5
1B1
330
17
100
AcDbEntity
  8
INFERRED_LEVELS
100
AcDbLine
 10
-2500.0
 20
37429.87606001304
 30
0.0
 11
54000.0
 21
37429.87606001304
 31
0.0
  0
TEXT
  5
1B2
330
17
100
AcDbEntity
  8
ANNOTATION
100
AcDbText
 10
54500.0
 20
37429.87606001304
 30
0.0
 40
500.0
  1
ROOF
  7
JAPANESE
100
AcDbText
  0
TEXT
  5
1B3
330
17
100
AcDbEntity
  8
ANNOTATION
100
AcDbText
 10
-1000.0
 20
-4000.0
 30
0.0
 40
600.0
  1
RASTER REFERENCE / UNCALIBRATED
  7
JAPANESE
100
AcDbText
  0
ENDSEC
  0
SECTION
  2
OBJECTS
  0
DICTIONARY
  5
A
330
0
100
AcDbDictionary
281
1
  3
ACAD_COLOR
350
B
  3
ACAD_GROUP
350
C
  3
ACAD_LAYOUT
350
D
  3
ACAD_MATERIAL
350
E
  3
ACAD_MLEADERSTYLE
350
F
  3
ACAD_MLINESTYLE
350
10
  3
ACAD_PLOTSETTINGS
350
11
  3
ACAD_PLOTSTYLENAME
350
12
  3
ACAD_SCALELIST
350
14
  3
ACAD_TABLESTYLE
350
15
  3
ACAD_VISUALSTYLE
350
16
  3
EZDXF_META
350
2D
  0
DICTIONARY
  5
B
330
A
100
AcDbDictionary
281
1
  0
DICTIONARY
  5
C
330
A
100
AcDbDictionary
281
1
  0
DICTIONARY
  5
D
330
A
100
AcDbDictionary
281
1
  3
Model
350
1A
  3
Layout1
350
1E
  0
DICTIONARY
  5
E
330
A
100
AcDbDictionary
281
1
  3
ByBlock
350
1F
  3
ByLayer
350
20
  3
Global
350
21
  0
DICTIONARY
  5
F
330
A
100
AcDbDictionary
281
1
  3
Standard
350
2C
  0
DICTIONARY
  5
10
330
A
100
AcDbDictionary
281
1
  3
Standard
350
22
  0
DICTIONARY
  5
11
330
A
100
AcDbDictionary
281
1
  0
ACDBDICTIONARYWDFLT
  5
12
330
A
100
AcDbDictionary
281
1
  3
Normal
350
13
100
AcDbDictionaryWithDefault
340
13
  0
ACDBPLACEHOLDER
  5
13
330
12
  0
DICTIONARY
  5
14
330
A
100
AcDbDictionary
281
1
  0
DICTIONARY
  5
15
330
A
100
AcDbDictionary
281
1
  0
DICTIONARY
  5
16
330
A
100
AcDbDictionary
281
1
  0
LAYOUT
  5
1A
330
D
100
AcDbPlotSettings
  1

  4
A3
  6

 40
7.5
 41
20.0
 42
7.5
 43
20.0
 44
420.0
 45
297.0
 46
0.0
 47
0.0
 48
0.0
 49
0.0
140
0.0
141
0.0
142
1.0
143
1.0
 70
1024
 72
1
 73
0
 74
5
  7

 75
16
 76
0
 77
2
 78
300
147
1.0
148
0.0
149
0.0
100
AcDbLayout
  1
Model
 70
1
 71
0
 10
0.0
 20
0.0
 11
420.0
 21
297.0
 12
0.0
 22
0.0
 32
0.0
 14
1e+20
 24
1e+20
 34
1e+20
 15
-1e+20
 25
-1e+20
 35
-1e+20
146
0.0
 13
0.0
 23
0.0
 33
0.0
 16
1.0
 26
0.0
 36
0.0
 17
0.0
 27
1.0
 37
0.0
 76
1
330
17
  0
LAYOUT
  5
1E
330
D
100
AcDbPlotSettings
  1

  4
A3
  6

 40
7.5
 41
20.0
 42
7.5
 43
20.0
 44
420.0
 45
297.0
 46
0.0
 47
0.0
 48
0.0
 49
0.0
140
0.0
141
0.0
142
1.0
143
1.0
 70
0
 72
1
 73
0
 74
5
  7

 75
16
 76
0
 77
2
 78
300
147
1.0
148
0.0
149
0.0
100
AcDbLayout
  1
Layout1
 70
1
 71
1
 10
0.0
 20
0.0
 11
420.0
 21
297.0
 12
0.0
 22
0.0
 32
0.0
 14
1e+20
 24
1e+20
 34
1e+20
 15
-1e+20
 25
-1e+20
 35
-1e+20
146
0.0
 13
0.0
 23
0.0
 33
0.0
 16
1.0
 26
0.0
 36
0.0
 17
0.0
 27
1.0
 37
0.0
 76
1
330
1B
  0
MATERIAL
  5
1F
102
{ACAD_REACTORS
330
E
102
}
330
E
100
AcDbMaterial
  1
ByBlock
  2

 70
0
 40
1.0
 71
1
 41
1.0
 91
-1023410177
 42
1.0
 72
1
  3

 73
1
 74
1
 75
1
 44
0.5
 73
0
 45
1.0
 46
1.0
 77
1
  4

 78
1
 79
1
170
1
 48
1.0
171
1
  6

172
1
173
1
174
1
140
1.0
141
1.0
175
1
  7

176
1
177
1
178
1
143
1.0
179
1
  8

270
1
271
1
272
1
145
1.0
146
1.0
273
1
  9

274
1
275
1
276
1
 42
1.0
 72
1
  3

 73
1
 74
1
 75
1
 94
63
  0
MATERIAL
  5
20
102
{ACAD_REACTORS
330
E
102
}
330
E
100
AcDbMaterial
  1
ByLayer
  2

 70
0
 40
1.0
 71
1
 41
1.0
 91
-1023410177
 42
1.0
 72
1
  3

 73
1
 74
1
 75
1
 44
0.5
 73
0
 45
1.0
 46
1.0
 77
1
  4

 78
1
 79
1
170
1
 48
1.0
171
1
  6

172
1
173
1
174
1
140
1.0
141
1.0
175
1
  7

176
1
177
1
178
1
143
1.0
179
1
  8

270
1
271
1
272
1
145
1.0
146
1.0
273
1
  9

274
1
275
1
276
1
 42
1.0
 72
1
  3

 73
1
 74
1
 75
1
 94
63
  0
MATERIAL
  5
21
102
{ACAD_REACTORS
330
E
102
}
330
E
100
AcDbMaterial
  1
Global
  2

 70
0
 40
1.0
 71
1
 41
1.0
 91
-1023410177
 42
1.0
 72
1
  3

 73
1
 74
1
 75
1
 44
0.5
 73
0
 45
1.0
 46
1.0
 77
1
  4

 78
1
 79
1
170
1
 48
1.0
171
1
  6

172
1
173
1
174
1
140
1.0
141
1.0
175
1
  7

176
1
177
1
178
1
143
1.0
179
1
  8

270
1
271
1
272
1
145
1.0
146
1.0
273
1
  9

274
1
275
1
276
1
 42
1.0
 72
1
  3

 73
1
 74
1
 75
1
 94
63
  0
MLINESTYLE
  5
22
102
{ACAD_REACTORS
330
10
102
}
330
10
100
AcDbMlineStyle
  2
Standard
 70
0
  3

 62
256
 51
90.0
 52
90.0
 71
2
 49
0.5
 62
256
  6
BYLAYER
 49
-0.5
 62
256
  6
BYLAYER
  0
MLEADERSTYLE
  5
2C
102
{ACAD_REACTORS
330
F
102
}
330
F
100
AcDbMLeaderStyle
179
2
170
2
171
1
172
0
 90
2
 40
0.0
 41
0.0
173
1
 91
-1056964608
 92
-2
290
1
 42
2.0
291
1
 43
8.0
  3
Standard
 44
4.0
300

342
29
174
1
175
1
176
0
178
1
 93
-1056964608
 45
4.0
292
0
297
0
 46
4.0
 94
-1056964608
 47
1.0
 49
1.0
140
1.0
294
1
141
0.0
177
0
142
1.0
295
0
296
0
143
3.75
271
0
272
9
273
9
  0
DICTIONARY
  5
2D
330
A
100
AcDbDictionary
280
1
281
1
  3
CREATED_BY_EZDXF
350
2E
  3
WRITTEN_BY_EZDXF
350
1B7
  0
DICTIONARYVAR
  5
2E
330
2D
100
DictionaryVariables
280
0
  1
1.4.4 @ 2026-09-10T15:48:16.685658+00:00
  0
DICTIONARYVAR
  5
1B7
330
2D
100
DictionaryVariables
280
0
  1
1.4.4 @ 2026-09-10T15:48:16.796210+00:00
  0
ENDSEC
  0
EOF
