  0
SECTION
  2
HEADER
  9
$ACADVER
  1
AC1024
  9
$ACADMAINTVER
 70
6
  9
$DWGCODEPAGE
  3
ANSI_1252
  9
$LASTSAVEDBY
  1
ezdxf
  9
$INSBASE
 10
0.0
 20
0.0
 30
0.0
  9
$EXTMIN
 10
1e+20
 20
1e+20
 30
1e+20
  9
$EXTMAX
 10
-1e+20
 20
-1e+20
 30
-1e+20
  9
$LIMMIN
 10
0.0
 20
0.0
  9
$LIMMAX
 10
420.0
 20
297.0
  9
$ORTHOMODE
 70
0
  9
$REGENMODE
 70
1
  9
$FILLMODE
 70
1
  9
$QTEXTMODE
 70
0
  9
$MIRRTEXT
 70
1
  9
$LTSCALE
 40
1.0
  9
$ATTMODE
 70
1
  9
$TEXTSIZE
 40
2.5
  9
$TRACEWID
 40
1.0
  9
$TEXTSTYLE
  7
Standard
  9
$CLAYER
  8
0
  9
$CELTYPE
  6
ByLayer
  9
$CECOLOR
 62
256
  9
$CELTSCALE
 40
1.0
  9
$DISPSILH
 70
0
  9
$DIMSCALE
 40
1.0
  9
$DIMASZ
 40
2.5
  9
$DIMEXO
 40
0.625
  9
$DIMDLI
 40
3.75
  9
$DIMRND
 40
0.0
  9
$DIMDLE
 40
0.0
  9
$DIMEXE
 40
1.25
  9
$DIMTP
 40
0.0
  9
$DIMTM
 40
0.0
  9
$DIMTXT
 40
2.5
  9
$DIMCEN
 40
2.5
  9
$DIMTSZ
 40
0.0
  9
$DIMTOL
 70
0
  9
$DIMLIM
 70
0
  9
$DIMTIH
 70
0
  9
$DIMTOH
 70
0
  9
$DIMSE1
 70
0
  9
$DIMSE2
 70
0
  9
$DIMTAD
 70
1
  9
$DIMZIN
 70
8
  9
$DIMBLK
  1

  9
$DIMASO
 70
1
  9
$DIMSHO
 70
1
  9
$DIMPOST
  1

  9
$DIMAPOST
  1

  9
$DIMALT
 70
0
  9
$DIMALTD
 70
3
  9
$DIMALTF
 40
0.03937007874
  9
$DIMLFAC
 40
1.0
  9
$DIMTOFL
 70
1
  9
$DIMTVP
 40
0.0
  9
$DIMTIX
 70
0
  9
$DIMSOXD
 70
0
  9
$DIMSAH
 70
0
  9
$DIMBLK1
  1

  9
$DIMBLK2
  1

  9
$DIMSTYLE
  2
ISO-25
  9
$DIMCLRD
 70
0
  9
$DIMCLRE
 70
0
  9
$DIMCLRT
 70
0
  9
$DIMTFAC
 40
1.0
  9
$DIMGAP
 40
0.625
  9
$DIMJUST
 70
0
  9
$DIMSD1
 70
0
  9
$DIMSD2
 70
0
  9
$DIMTOLJ
 70
0
  9
$DIMTZIN
 70
8
  9
$DIMALTZ
 70
0
  9
$DIMALTTZ
 70
0
  9
$DIMUPT
 70
0
  9
$DIMDEC
 70
2
  9
$DIMTDEC
 70
2
  9
$DIMALTU
 70
2
  9
$DIMALTTD
 70
3
  9
$DIMTXSTY
  7
Standard
  9
$DIMAUNIT
 70
0
  9
$DIMADEC
 70
0
  9
$DIMALTRND
 40
0.0
  9
$DIMAZIN
 70
0
  9
$DIMDSEP
 70
44
  9
$DIMATFIT
 70
3
  9
$DIMFRAC
 70
0
  9
$DIMLDRBLK
  1

  9
$DIMLUNIT
 70
2
  9
$DIMLWD
 70
-2
  9
$DIMLWE
 70
-2
  9
$DIMTMOVE
 70
0
  9
$DIMFXL
 40
1.0
  9
$DIMFXLON
 70
0
  9
$DIMJOGANG
 40
0.785398163397
  9
$DIMTFILL
 70
0
  9
$DIMTFILLCLR
 70
0
  9
$DIMARCSYM
 70
0
  9
$DIMLTYPE
  6

  9
$DIMLTEX1
  6

  9
$DIMLTEX2
  6

  9
$DIMTXTDIRECTION
 70
0
  9
$LUNITS
 70
2
  9
$LUPREC
 70
4
  9
$SKETCHINC
 40
1.0
  9
$FILLETRAD
 40
10.0
  9
$AUNITS
 70
0
  9
$AUPREC
 70
2
  9
$MENU
  1
.
  9
$ELEVATION
 40
0.0
  9
$PELEVATION
 40
0.0
  9
$THICKNESS
 40
0.0
  9
$LIMCHECK
 70
0
  9
$CHAMFERA
 40
0.0
  9
$CHAMFERB
 40
0.0
  9
$CHAMFERC
 40
0.0
  9
$CHAMFERD
 40
0.0
  9
$SKPOLY
 70
0
  9
$TDCREATE
 40
2461295.0334953703
  9
$TDUCREATE
 40
2458532.153996898
  9
$TDUPDATE
 40
2461295.0334953703
  9
$TDUUPDATE
 40
2458532.1544311
  9
$TDINDWG
 40
0.0
  9
$TDUSRTIMER
 40
0.0
  9
$USRTIMER
 70
1
  9
$ANGBASE
 50
0.0
  9
$ANGDIR
 70
0
  9
$PDMODE
 70
0
  9
$PDSIZE
 40
0.0
  9
$PLINEWID
 40
0.0
  9
$SPLFRAME
 70
0
  9
$SPLINETYPE
 70
6
  9
$SPLINESEGS
 70
8
  9
$HANDSEED
  5
66C
  9
$SURFTAB1
 70
6
  9
$SURFTAB2
 70
6
  9
$SURFTYPE
 70
6
  9
$SURFU
 70
6
  9
$SURFV
 70
6
  9
$UCSBASE
  2

  9
$UCSNAME
  2

  9
$UCSORG
 10
0.0
 20
0.0
 30
0.0
  9
$UCSXDIR
 10
1.0
 20
0.0
 30
0.0
  9
$UCSYDIR
 10
0.0
 20
1.0
 30
0.0
  9
$UCSORTHOREF
  2

  9
$UCSORTHOVIEW
 70
0
  9
$UCSORGTOP
 10
0.0
 20
0.0
 30
0.0
  9
$UCSORGBOTTOM
 10
0.0
 20
0.0
 30
0.0
  9
$UCSORGLEFT
 10
0.0
 20
0.0
 30
0.0
  9
$UCSORGRIGHT
 10
0.0
 20
0.0
 30
0.0
  9
$UCSORGFRONT
 10
0.0
 20
0.0
 30
0.0
  9
$UCSORGBACK
 10
0.0
 20
0.0
 30
0.0
  9
$PUCSBASE
  2

  9
$PUCSNAME
  2

  9
$PUCSORG
 10
0.0
 20
0.0
 30
0.0
  9
$PUCSXDIR
 10
1.0
 20
0.0
 30
0.0
  9
$PUCSYDIR
 10
0.0
 20
1.0
 30
0.0
  9
$PUCSORTHOREF
  2

  9
$PUCSORTHOVIEW
 70
0
  9
$PUCSORGTOP
 10
0.0
 20
0.0
 30
0.0
  9
$PUCSORGBOTTOM
 10
0.0
 20
0.0
 30
0.0
  9
$PUCSORGLEFT
 10
0.0
 20
0.0
 30
0.0
  9
$PUCSORGRIGHT
 10
0.0
 20
0.0
 30
0.0
  9
$PUCSORGFRONT
 10
0.0
 20
0.0
 30
0.0
  9
$PUCSORGBACK
 10
0.0
 20
0.0
 30
0.0
  9
$USERI1
 70
0
  9
$USERI2
 70
0
  9
$USERI3
 70
0
  9
$USERI4
 70
0
  9
$USERI5
 70
0
  9
$USERR1
 40
0.0
  9
$USERR2
 40
0.0
  9
$USERR3
 40
0.0
  9
$USERR4
 40
0.0
  9
$USERR5
 40
0.0
  9
$WORLDVIEW
 70
1
  9
$SHADEDGE
 70
3
  9
$SHADEDIF
 70
70
  9
$TILEMODE
 70
1
  9
$MAXACTVP
 70
64
  9
$PINSBASE
 10
0.0
 20
0.0
 30
0.0
  9
$PLIMCHECK
 70
0
  9
$PEXTMIN
 10
1e+20
 20
1e+20
 30
1e+20
  9
$PEXTMAX
 10
-1e+20
 20
-1e+20
 30
-1e+20
  9
$PLIMMIN
 10
0.0
 20
0.0
  9
$PLIMMAX
 10
420.0
 20
297.0
  9
$UNITMODE
 70
0
  9
$VISRETAIN
 70
1
  9
$PLINEGEN
 70
0
  9
$PSLTSCALE
 70
1
  9
$TREEDEPTH
 70
3020
  9
$CMLSTYLE
  2
Standard
  9
$CMLJUST
 70
0
  9
$CMLSCALE
 40
20.0
  9
$PROXYGRAPHICS
 70
1
  9
$MEASUREMENT
 70
1
  9
$CELWEIGHT
370
-1
  9
$ENDCAPS
280
0
  9
$JOINSTYLE
280
0
  9
$LWDISPLAY
290
0
  9
$INSUNITS
 70
4
  9
$HYPERLINKBASE
  1

  9
$STYLESHEET
  1

  9
$XEDIT
290
1
  9
$CEPSNTYPE
380
0
  9
$PSTYLEMODE
290
1
  9
$FINGERPRINTGUID
  2
{BB7CEDDC-2171-4D52-BC39-D5EDAC9FB0A4}
  9
$VERSIONGUID
  2
{8766516A-B5C7-4A49-ACEC-F9B9225EAD13}
  9
$EXTNAMES
290
1
  9
$PSVPSCALE
 40
0.0
  9
$OLESTARTUP
290
0
  9
$SORTENTS
280
127
  9
$INDEXCTL
280
0
  9
$HIDETEXT
280
1
  9
$XCLIPFRAME
280
1
  9
$HALOGAP
280
0
  9
$OBSCOLOR
 70
257
  9
$OBSLTYPE
280
0
  9
$INTERSECTIONDISPLAY
280
0
  9
$INTERSECTIONCOLOR
 70
257
  9
$DIMASSOC
280
2
  9
$PROJECTNAME
  1

  9
$CAMERADISPLAY
290
0
  9
$LENSLENGTH
 40
50.0
  9
$CAMERAHEIGHT
 40
0.0
  9
$STEPSPERSEC
 40
24.0
  9
$STEPSIZE
 40
100.0
  9
$3DDWFPREC
 40
2.0
  9
$PSOLWIDTH
 40
0.005
  9
$PSOLHEIGHT
 40
0.08
  9
$LOFTANG1
 40
1.570796326795
  9
$LOFTANG2
 40
1.570796326795
  9
$LOFTMAG1
 40
0.0
  9
$LOFTMAG2
 40
0.0
  9
$LOFTPARAM
 70
7
  9
$LOFTNORMALS
280
1
  9
$LATITUDE
 40
37.795
  9
$LONGITUDE
 40
-122.394
  9
$NORTHDIRECTION
 40
0.0
  9
$TIMEZONE
 70
-8000
  9
$LIGHTGLYPHDISPLAY
280
1
  9
$TILEMODELIGHTSYNCH
280
1
  9
$CMATERIAL
347
20
  9
$SOLIDHIST
280
0
  9
$SHOWHIST
280
1
  9
$DWFFRAME
280
2
  9
$DGNFRAME
280
2
  9
$REALWORLDSCALE
290
1
  9
$INTERFERECOLOR
 62
256
  9
$CSHADOW
280
0
  9
$SHADOWPLANELOCATION
 40
0.0
  0
ENDSEC
  0
SECTION
  2
CLASSES
  0
CLASS
  1
ACDBDICTIONARYWDFLT
  2
AcDbDictionaryWithDefault
  3
ObjectDBX Classes
 90
0
 91
0
280
0
281
0
  0
CLASS
  1
SUN
  2
AcDbSun
  3
SCENEOE
 90
1153
 91
0
280
0
281
0
  0
CLASS
  1
VISUALSTYLE
  2
AcDbVisualStyle
  3
ObjectDBX Classes
 90
4095
 91
0
280
0
281
0
  0
CLASS
  1
MATERIAL
  2
AcDbMaterial
  3
ObjectDBX Classes
 90
1153
 91
0
280
0
281
0
  0
CLASS
  1
SCALE
  2
AcDbScale
  3
ObjectDBX Classes
 90
1153
 91
0
280
0
281
0
  0
CLASS
  1
TABLESTYLE
  2
AcDbTableStyle
  3
ObjectDBX Classes
 90
4095
 91
0
280
0
281
0
  0
CLASS
  1
MLEADERSTYLE
  2
AcDbMLeaderStyle
  3
ACDB_MLEADERSTYLE_CLASS
 90
4095
 91
0
280
0
281
0
  0
CLASS
  1
DICTIONARYVAR
  2
AcDbDictionaryVar
  3
ObjectDBX Classes
 90
0
 91
0
280
0
281
0
  0
CLASS
  1
CELLSTYLEMAP
  2
AcDbCellStyleMap
  3
ObjectDBX Classes
 90
1152
 91
0
280
0
281
0
  0
CLASS
  1
MENTALRAYRENDERSETTINGS
  2
AcDbMentalRayRenderSettings
  3
SCENEOE
 90
1024
 91
0
280
0
281
0
  0
CLASS
  1
ACDBDETAILVIEWSTYLE
  2
AcDbDetailViewStyle
  3
ObjectDBX Classes
 90
1025
 91
0
280
0
281
0
  0
CLASS
  1
ACDBSECTIONVIEWSTYLE
  2
AcDbSectionViewStyle
  3
ObjectDBX Classes
 90
1025
 91
0
280
0
281
0
  0
CLASS
  1
RASTERVARIABLES
  2
AcDbRasterVariables
  3
ISM
 90
0
 91
0
280
0
281
0
  0
CLASS
  1
ACDBPLACEHOLDER
  2
AcDbPlaceHolder
  3
ObjectDBX Classes
 90
0
 91
0
280
0
281
0
  0
CLASS
  1
LAYOUT
  2
AcDbLayout
  3
ObjectDBX Classes
 90
0
 91
0
280
0
281
0
  0
ENDSEC
  0
SECTION
  2
TABLES
  0
TABLE
  2
VPORT
  5
8
330
0
100
AcDbSymbolTable
 70
1
  0
VPORT
  5
668
330
8
100
AcDbSymbolTableRecord
100
AcDbViewportTableRecord
  2
*Active
 70
0
 10
0.0
 20
0.0
 11
1.0
 21
1.0
 12
95000.0
 22
-7500.0
 13
0.0
 23
0.0
 14
0.5
 24
0.5
 15
0.5
 25
0.5
 16
0.0
 26
0.0
 36
1.0
 17
0.0
 27
0.0
 37
0.0
 40
105000.0
 41
1.34
 42
50.0
 43
0.0
 44
0.0
 50
0.0
 51
0.0
 71
0
 72
1000
 73
1
 74
3
 75
0
 76
0
 77
0
 78
0
281
0
 65
1
110
0.0
120
0.0
130
0.0
111
1.0
121
0.0
131
0.0
112
0.0
122
1.0
132
0.0
 79
0
146
0.0
  0
ENDTAB
  0
TABLE
  2
LTYPE
  5
2
330
0
100
AcDbSymbolTable
 70
3
  0
LTYPE
  5
24
330
2
100
AcDbSymbolTableRecord
100
AcDbLinetypeTableRecord
  2
ByBlock
 70
0
  3

 72
65
 73
0
 40
0.0
  0
LTYPE
  5
25
330
2
100
AcDbSymbolTableRecord
100
AcDbLinetypeTableRecord
  2
ByLayer
 70
0
  3

 72
65
 73
0
 40
0.0
  0
LTYPE
  5
26
330
2
100
AcDbSymbolTableRecord
100
AcDbLinetypeTableRecord
  2
Continuous
 70
0
  3

 72
65
 73
0
 40
0.0
  0
ENDTAB
  0
TABLE
  2
LAYER
  5
1
330
0
100
AcDbSymbolTable
 70
30
  0
LAYER
  5
27
330
1
100
AcDbSymbolTableRecord
100
AcDbLayerTableRecord
  2
0
 70
0
 62
7
  6
Continuous
370
-3
390
13
347
21
  0
LAYER
  5
28
330
1
100
AcDbSymbolTableRecord
100
AcDbLayerTableRecord
  2
Defpoints
 70
0
 62
7
  6
Continuous
290
0
370
-3
390
13
347
21
  0
LAYER
  5
31
330
1
100
AcDbSymbolTableRecord
100
AcDbLayerTableRecord
  2
F01_WALLS
 70
0
 62
7
420
12897493
  6
Continuous
370
18
390
13
347
21
  0
LAYER
  5
E0
330
1
100
AcDbSymbolTableRecord
100
AcDbLayerTableRecord
  2
F01_DOORS
 70
0
 62
7
420
11566155
  6
Continuous
370
18
390
13
347
21
  0
LAYER
  5
F1
330
1
100
AcDbSymbolTableRecord
100
AcDbLayerTableRecord
  2
F01_GLAZING
 70
0
 62
7
420
7254473
  6
Continuous
370
18
390
13
347
21
  0
LAYER
  5
F4
330
1
100
AcDbSymbolTableRecord
100
AcDbLayerTableRecord
  2
F01_COLUMNS
 70
0
 62
7
420
6453648
  6
Continuous
370
18
390
13
347
21
  0
LAYER
  5
FB
330
1
100
AcDbSymbolTableRecord
100
AcDbLayerTableRecord
  2
F01_STAIRS
 70
0
 62
7
420
10069169
  6
Continuous
370
18
390
13
347
21
  0
LAYER
  5
16C
330
1
100
AcDbSymbolTableRecord
100
AcDbLayerTableRecord
  2
F01_PIT
 70
0
 62
7
420
4815495
  6
Continuous
370
18
390
13
347
21
  0
LAYER
  5
16E
330
1
100
AcDbSymbolTableRecord
100
AcDbLayerTableRecord
  2
F01_ROOMS
 70
0
 62
7
420
5264735
  6
Continuous
370
18
390
13
347
21
  0
LAYER
  5
178
330
1
100
AcDbSymbolTableRecord
100
AcDbLayerTableRecord
  2
ANNOTATION
 70
0
 62
7
420
5264735
  6
Continuous
370
18
390
13
347
21
  0
LAYER
  5
17A
330
1
100
AcDbSymbolTableRecord
100
AcDbLayerTableRecord
  2
F02_WALLS
 70
0
 62
7
420
12897493
  6
Continuous
370
18
390
13
347
21
  0
LAYER
  5
1E0
330
1
100
AcDbSymbolTableRecord
100
AcDbLayerTableRecord
  2
F02_PIT
 70
0
 62
7
420
4815495
  6
Continuous
370
18
390
13
347
21
  0
LAYER
  5
1E2
330
1
100
AcDbSymbolTableRecord
100
AcDbLayerTableRecord
  2
F02_STAIRS
 70
0
 62
7
420
10069169
  6
Continuous
370
18
390
13
347
21
  0
LAYER
  5
1FB
330
1
100
AcDbSymbolTableRecord
100
AcDbLayerTableRecord
  2
F02_ROOMS
 70
0
 62
7
420
5264735
  6
Continuous
370
18
390
13
347
21
  0
LAYER
  5
206
330
1
100
AcDbSymbolTableRecord
100
AcDbLayerTableRecord
  2
F03_WALLS
 70
0
 62
7
420
12897493
  6
Continuous
370
18
390
13
347
21
  0
LAYER
  5
24D
330
1
100
AcDbSymbolTableRecord
100
AcDbLayerTableRecord
  2
F03_PIT
 70
0
 62
7
420
4815495
  6
Continuous
370
18
390
13
347
21
  0
LAYER
  5
24F
330
1
100
AcDbSymbolTableRecord
100
AcDbLayerTableRecord
  2
F03_SEATING
 70
0
 62
7
420
11292754
  6
Continuous
370
18
390
13
347
21
  0
LAYER
  5
42B
330
1
100
AcDbSymbolTableRecord
100
AcDbLayerTableRecord
  2
F03_STAIRS
 70
0
 62
7
420
10069169
  6
Continuous
370
18
390
13
347
21
  0
LAYER
  5
444
330
1
100
AcDbSymbolTableRecord
100
AcDbLayerTableRecord
  2
F03_ROOMS
 70
0
 62
7
420
5264735
  6
Continuous
370
18
390
13
347
21
  0
LAYER
  5
44B
330
1
100
AcDbSymbolTableRecord
100
AcDbLayerTableRecord
  2
F04_WALLS
 70
0
 62
7
420
12897493
  6
Continuous
370
18
390
13
347
21
  0
LAYER
  5
494
330
1
100
AcDbSymbolTableRecord
100
AcDbLayerTableRecord
  2
F04_RAILS
 70
0
 62
7
420
6453648
  6
Continuous
370
18
390
13
347
21
  0
LAYER
  5
49A
330
1
100
AcDbSymbolTableRecord
100
AcDbLayerTableRecord
  2
F04_SEATING
 70
0
 62
7
420
11292754
  6
Continuous
370
18
390
13
347
21
  0
LAYER
  5
57B
330
1
100
AcDbSymbolTableRecord
100
AcDbLayerTableRecord
  2
F04_STAIRS
 70
0
 62
7
420
10069169
  6
Continuous
370
18
390
13
347
21
  0
LAYER
  5
594
330
1
100
AcDbSymbolTableRecord
100
AcDbLayerTableRecord
  2
F04_ROOMS
 70
0
 62
7
420
5264735
  6
Continuous
370
18
390
13
347
21
  0
LAYER
  5
59C
330
1
100
AcDbSymbolTableRecord
100
AcDbLayerTableRecord
  2
F07_WALLS
 70
0
 62
7
420
12897493
  6
Continuous
370
18
390
13
347
21
  0
LAYER
  5
5E0
330
1
100
AcDbSymbolTableRecord
100
AcDbLayerTableRecord
  2
F07_STAIRS
 70
0
 62
7
420
10069169
  6
Continuous
370
18
390
13
347
21
  0
LAYER
  5
5F9
330
1
100
AcDbSymbolTableRecord
100
AcDbLayerTableRecord
  2
F07_ROOMS
 70
0
 62
7
420
5264735
  6
Continuous
370
18
390
13
347
21
  0
LAYER
  5
602
330
1
100
AcDbSymbolTableRecord
100
AcDbLayerTableRecord
  2
F08_WALLS
 70
0
 62
7
420
12897493
  6
Continuous
370
18
390
13
347
21
  0
LAYER
  5
647
330
1
100
AcDbSymbolTableRecord
100
AcDbLayerTableRecord
  2
F08_STAIRS
 70
0
 62
7
420
10069169
  6
Continuous
370
18
390
13
347
21
  0
LAYER
  5
660
330
1
100
AcDbSymbolTableRecord
100
AcDbLayerTableRecord
  2
F08_ROOMS
 70
0
 62
7
420
5264735
  6
Continuous
370
18
390
13
347
21
  0
ENDTAB
  0
TABLE
  2
STYLE
  5
5
330
0
100
AcDbSymbolTable
 70
2
  0
STYLE
  5
29
330
5
100
AcDbSymbolTableRecord
100
AcDbTextStyleTableRecord
  2
Standard
 70
0
 40
0.0
 41
1.0
 50
0.0
 71
0
 42
2.5
  3
txt
  4

  0
STYLE
  5
2F
330
5
100
AcDbSymbolTableRecord
100
AcDbTextStyleTableRecord
  2
JAPANESE
 70
0
 40
0.0
 41
1.0
 50
0.0
 71
0
 42
2.5
  3
msgothic.ttc
  4

  0
ENDTAB
  0
TABLE
  2
VIEW
  5
7
330
0
100
AcDbSymbolTable
 70
0
  0
ENDTAB
  0
TABLE
  2
UCS
  5
6
330
0
100
AcDbSymbolTable
 70
0
  0
ENDTAB
  0
TABLE
  2
APPID
  5
3
330
0
100
AcDbSymbolTable
 70
4
  0
APPID
  5
2A
330
3
100
AcDbSymbolTableRecord
100
AcDbRegAppTableRecord
  2
ACAD
 70
0
  0
APPID
  5
30
330
3
100
AcDbSymbolTableRecord
100
AcDbRegAppTableRecord
  2
SHOCHIKUZA
 70
0
  0
APPID
  5
669
330
3
100
AcDbSymbolTableRecord
100
AcDbRegAppTableRecord
  2
HATCHBACKGROUNDCOLOR
 70
0
  0
APPID
  5
66A
330
3
100
AcDbSymbolTableRecord
100
AcDbRegAppTableRecord
  2
EZDXF
 70
0
  0
ENDTAB
  0
TABLE
  2
DIMSTYLE
  5
4
330
0
100
AcDbSymbolTable
 70
1
100
AcDbDimStyleTable
  0
DIMSTYLE
105
2B
330
4
100
AcDbSymbolTableRecord
100
AcDbDimStyleTableRecord
  2
Standard
 70
0
 40
1.0
 41
2.5
 42
0.625
 43
3.75
 44
1.25
 45
0.0
 46
0.0
 47
0.0
 48
0.0
 49
2.5
140
2.5
141
2.5
142
0.0
143
0.03937007874
144
1.0
145
0.0
146
1.0
147
0.625
148
0.0
 69
0
 70
0
 71
0
 72
0
 73
0
 74
0
 75
0
 76
0
 77
1
 78
8
 79
3
170
0
171
3
172
1
173
0
174
0
175
0
176
0
177
0
178
0
179
2
271
2
272
2
273
2
274
3
275
0
276
0
277
2
278
44
279
0
280
0
281
0
282
0
283
0
284
8
285
0
286
0
288
0
289
3
290
0
371
-2
372
-2
  0
ENDTAB
  0
TABLE
  2
BLOCK_RECORD
  5
9
330
0
100
AcDbSymbolTable
 70
2
  0
BLOCK_RECORD
  5
17
330
9
100
AcDbSymbolTableRecord
100
AcDbBlockTableRecord
  2
*Model_Space
340
1A
 70
0
280
1
281
0
  0
BLOCK_RECORD
  5
1B
330
9
100
AcDbSymbolTableRecord
100
AcDbBlockTableRecord
  2
*Paper_Space
340
1E
 70
0
280
1
281
0
  0
ENDTAB
  0
ENDSEC
  0
SECTION
  2
BLOCKS
  0
BLOCK
  5
18
330
17
100
AcDbEntity
  8
0
100
AcDbBlockBegin
  2
*Model_Space
 70
0
 10
0.0
 20
0.0
 30
0.0
  3
*Model_Space
  1

  0
ENDBLK
  5
19
330
17
100
AcDbEntity
  8
0
100
AcDbBlockEnd
  0
BLOCK
  5
1C
330
1B
100
AcDbEntity
  8
0
100
AcDbBlockBegin
  2
*Paper_Space
 70
0
 10
0.0
 20
0.0
 30
0.0
  3
*Paper_Space
  1

  0
ENDBLK
  5
1D
330
1B
100
AcDbEntity
  8
0
100
AcDbBlockEnd
  0
ENDSEC
  0
SECTION
  2
ENTITIES
  0
LWPOLYLINE
  5
32
330
17
100
AcDbEntity
  8
F01_WALLS
100
AcDbPolyline
 90
5
 70
1
 10
5958.904109589041
 20
35470.13698630137
 10
53178.08219178082
 20
35470.13698630137
 10
53178.08219178082
 20
35790.13698630137
 10
5958.904109589041
 20
35790.13698630137
 10
5958.904109589041
 20
35470.13698630137
  0
LWPOLYLINE
  5
33
330
17
100
AcDbEntity
  8
F01_WALLS
100
AcDbPolyline
 90
5
 70
1
 10
55479.452054794514
 20
35470.13698630137
 10
59917.80821917808
 20
35470.13698630137
 10
59917.80821917808
 20
35790.13698630137
 10
55479.452054794514
 20
35790.13698630137
 10
55479.452054794514
 20
35470.13698630137
  0
LWPOLYLINE
  5
34
330
17
100
AcDbEntity
  8
F01_WALLS
100
AcDbPolyline
 90
5
 70
1
 10
59757.80821917808
 20
35630.13698630137
 10
59757.80821917808
 20
23794.520547945205
 10
60077.80821917808
 20
23794.520547945205
 10
60077.80821917808
 20
35630.13698630137
 10
59757.80821917808
 20
35630.13698630137
  0
LWPOLYLINE
  5
35
330
17
100
AcDbEntity
  8
F01_WALLS
100
AcDbPolyline
 90
5
 70
1
 10
59797.80821917808
 20
23794.520547945205
 10
59797.80821917808
 20
4726.027397260274
 10
60037.80821917808
 20
4726.027397260274
 10
60037.80821917808
 20
23794.520547945205
 10
59797.80821917808
 20
23794.520547945205
  0
LWPOLYLINE
  5
36
330
17
100
AcDbEntity
  8
F01_WALLS
100
AcDbPolyline
 90
5
 70
1
 10
59757.80821917808
 20
986.3013698630136
 10
59757.80821917808
 20
123.2876712328767
 10
60077.80821917808
 20
123.2876712328767
 10
60077.80821917808
 20
986.3013698630136
 10
59757.80821917808
 20
986.3013698630136
  0
LWPOLYLINE
  5
37
330
17
100
AcDbEntity
  8
F01_WALLS
100
AcDbPolyline
 90
5
 70
1
 10
59917.80821917808
 20
283.28767123287673
 10
55479.452054794514
 20
283.28767123287673
 10
55479.452054794514
 20
-36.712328767123296
 10
59917.80821917808
 20
-36.712328767123296
 10
59917.80821917808
 20
283.28767123287673
  0
LWPOLYLINE
  5
38
330
17
100
AcDbEntity
  8
F01_WALLS
100
AcDbPolyline
 90
5
 70
1
 10
53342.46575342465
 20
283.28767123287673
 10
9657.534246575342
 20
283.28767123287673
 10
9657.534246575342
 20
-36.712328767123296
 10
53342.46575342465
 20
-36.712328767123296
 10
53342.46575342465
 20
283.28767123287673
  0
LWPOLYLINE
  5
39
330
17
100
AcDbEntity
  8
F01_WALLS
100
AcDbPolyline
 90
5
 70
1
 10
9761.83605507662
 20
244.61834642824036
 10
7419.370301651962
 20
2258.3169765652265
 10
7210.766684649408
 20
2015.655626174499
 10
9553.232438074065
 20
1.9569960375130506
 10
9761.83605507662
 20
244.61834642824036
  0
LWPOLYLINE
  5
3A
330
17
100
AcDbEntity
  8
F01_WALLS
100
AcDbPolyline
 90
5
 70
1
 10
7315.068493150685
 20
2296.9863013698628
 10
821.917808219178
 20
2296.9863013698628
 10
821.917808219178
 20
1976.9863013698628
 10
7315.068493150685
 20
1976.9863013698628
 10
7315.068493150685
 20
2296.9863013698628
  0
LWPOLYLINE
  5
3B
330
17
100
AcDbEntity
  8
F01_WALLS
100
AcDbPolyline
 90
5
 70
1
 10
5867.87911050244
 20
35715.80757367699
 10
4552.810617351755
 20
34318.54729970438
 10
4734.860615524956
 20
34147.20612495314
 10
6049.929108675641
 20
35544.466398925746
 10
5867.87911050244
 20
35715.80757367699
  0
LWPOLYLINE
  5
3C
330
17
100
AcDbEntity
  8
F01_WALLS
100
AcDbPolyline
 90
5
 70
1
 10
4518.835616438356
 20
34232.87671232876
 10
4518.835616438356
 20
32260.27397260274
 10
4768.835616438356
 20
32260.27397260274
 10
4768.835616438356
 20
34232.87671232876
 10
4518.835616438356
 20
34232.87671232876
  0
LWPOLYLINE
  5
3D
330
17
100
AcDbEntity
  8
F01_WALLS
100
AcDbPolyline
 90
5
 70
1
 10
4643.835616438356
 20
32385.27397260274
 10
-82.1917808219178
 20
32385.27397260274
 10
-82.1917808219178
 20
32135.27397260274
 10
4643.835616438356
 20
32135.27397260274
 10
4643.835616438356
 20
32385.27397260274
  0
LWPOLYLINE
  5
3E
330
17
100
AcDbEntity
  8
F01_WALLS
100
AcDbPolyline
 90
5
 70
1
 10
42.8082191780822
 20
32260.27397260274
 10
42.8082191780822
 20
35671.232876712325
 10
-207.1917808219178
 20
35671.232876712325
 10
-207.1917808219178
 20
32260.27397260274
 10
42.8082191780822
 20
32260.27397260274
  0
LWPOLYLINE
  5
3F
330
17
100
AcDbEntity
  8
F01_WALLS
100
AcDbPolyline
 90
5
 70
1
 10
-83.04210128305378
 20
35546.23576892533
 10
5958.053789127905
 20
35505.139878514376
 10
5959.754430050177
 20
35755.13409408836
 10
-81.34146036078182
 20
35796.22998449932
 10
-83.04210128305378
 20
35546.23576892533
  0
LWPOLYLINE
  5
40
330
17
100
AcDbEntity
  8
F01_WALLS
100
AcDbPolyline
 90
5
 70
1
 10
4523.835616438356
 20
28767.12328767123
 10
4523.835616438356
 20
25191.780821917808
 10
4763.835616438356
 20
25191.780821917808
 10
4763.835616438356
 20
28767.12328767123
 10
4523.835616438356
 20
28767.12328767123
  0
LWPOLYLINE
  5
41
330
17
100
AcDbEntity
  8
F01_WALLS
100
AcDbPolyline
 90
5
 70
1
 10
4643.835616438356
 20
25071.780821917808
 10
5712.328767123287
 20
25071.780821917808
 10
5712.328767123287
 20
25311.780821917808
 10
4643.835616438356
 20
25311.780821917808
 10
4643.835616438356
 20
25071.780821917808
  0
LWPOLYLINE
  5
42
330
17
100
AcDbEntity
  8
F01_WALLS
100
AcDbPolyline
 90
5
 70
1
 10
5625.398878933144
 20
25109.05721864009
 10
8050.056413179719
 20
22561.112013160637
 10
8223.916189560006
 20
22726.559219716073
 10
5799.258655313431
 20
25274.504425195526
 10
5625.398878933144
 20
25109.05721864009
  0
LWPOLYLINE
  5
43
330
17
100
AcDbEntity
  8
F01_WALLS
100
AcDbPolyline
 90
5
 70
1
 10
3178.767123287671
 20
25520.54794520548
 10
3178.767123287671
 20
16726.027397260274
 10
3478.767123287671
 20
16726.027397260274
 10
3478.767123287671
 20
25520.54794520548
 10
3178.767123287671
 20
25520.54794520548
  0
LWPOLYLINE
  5
44
330
17
100
AcDbEntity
  8
F01_WALLS
100
AcDbPolyline
 90
5
 70
1
 10
3671.917808219178
 20
14178.08219178082
 10
3671.917808219178
 20
5301.369863013699
 10
3971.917808219178
 20
5301.369863013699
 10
3971.917808219178
 20
14178.08219178082
 10
3671.917808219178
 20
14178.08219178082
  0
LWPOLYLINE
  5
45
330
17
100
AcDbEntity
  8
F01_WALLS
100
AcDbPolyline
 90
5
 70
1
 10
4606.027397260274
 20
13808.21917808219
 10
4606.027397260274
 20
7726.027397260274
 10
4846.027397260274
 20
7726.027397260274
 10
4846.027397260274
 20
13808.21917808219
 10
4606.027397260274
 20
13808.21917808219
  0
LWPOLYLINE
  5
46
330
17
100
AcDbEntity
  8
F01_WALLS
100
AcDbPolyline
 90
5
 70
1
 10
4726.027397260274
 20
7606.027397260274
 10
5424.657534246575
 20
7606.027397260274
 10
5424.657534246575
 20
7846.027397260274
 10
4726.027397260274
 20
7846.027397260274
 10
4726.027397260274
 20
7606.027397260274
  0
LWPOLYLINE
  5
47
330
17
100
AcDbEntity
  8
F01_WALLS
100
AcDbPolyline
 90
5
 70
1
 10
5304.657534246575
 20
7726.027397260274
 10
5304.657534246575
 20
6041.095890410958
 10
5544.657534246575
 20
6041.095890410958
 10
5544.657534246575
 20
7726.027397260274
 10
5304.657534246575
 20
7726.027397260274
  0
LWPOLYLINE
  5
48
330
17
100
AcDbEntity
  8
F01_WALLS
100
AcDbPolyline
 90
5
 70
1
 10
5424.657534246575
 20
5921.095890410958
 10
7972.602739726027
 20
5921.095890410958
 10
7972.602739726027
 20
6161.095890410958
 10
5424.657534246575
 20
6161.095890410958
 10
5424.657534246575
 20
5921.095890410958
  0
LWPOLYLINE
  5
49
330
17
100
AcDbEntity
  8
F01_WALLS
100
AcDbPolyline
 90
5
 70
1
 10
8424.657534246575
 20
5931.095890410958
 10
13808.21917808219
 20
5931.095890410958
 10
13808.21917808219
 20
6151.095890410958
 10
8424.657534246575
 20
6151.095890410958
 10
8424.657534246575
 20
5931.095890410958
  0
LWPOLYLINE
  5
4A
330
17
100
AcDbEntity
  8
F01_WALLS
100
AcDbPolyline
 90
5
 70
1
 10
15205.479452054793
 20
5931.095890410958
 10
16027.397260273972
 20
5931.095890410958
 10
16027.397260273972
 20
6151.095890410958
 10
15205.479452054793
 20
6151.095890410958
 10
15205.479452054793
 20
5931.095890410958
  0
LWPOLYLINE
  5
4B
330
17
100
AcDbEntity
  8
F01_WALLS
100
AcDbPolyline
 90
5
 70
1
 10
16137.397260273972
 20
6041.095890410958
 10
16137.397260273972
 20
10397.260273972603
 10
15917.397260273972
 20
10397.260273972603
 10
15917.397260273972
 20
6041.095890410958
 10
16137.397260273972
 20
6041.095890410958
  0
LWPOLYLINE
  5
4C
330
17
100
AcDbEntity
  8
F01_WALLS
100
AcDbPolyline
 90
5
 70
1
 10
16027.397260273972
 20
10507.260273972603
 10
14013.698630136985
 20
10507.260273972603
 10
14013.698630136985
 20
10287.260273972603
 10
16027.397260273972
 20
10287.260273972603
 10
16027.397260273972
 20
10507.260273972603
  0
LWPOLYLINE
  5
4D
330
17
100
AcDbEntity
  8
F01_WALLS
100
AcDbPolyline
 90
5
 70
1
 10
13903.698630136985
 20
10397.260273972603
 10
13903.698630136985
 20
9780.821917808218
 10
14123.698630136985
 20
9780.821917808218
 10
14123.698630136985
 20
10397.260273972603
 10
13903.698630136985
 20
10397.260273972603
  0
LWPOLYLINE
  5
4E
330
17
100
AcDbEntity
  8
F01_WALLS
100
AcDbPolyline
 90
5
 70
1
 10
14013.698630136985
 20
9890.821917808218
 10
13232.876712328767
 20
9890.821917808218
 10
13232.876712328767
 20
9670.821917808218
 10
14013.698630136985
 20
9670.821917808218
 10
14013.698630136985
 20
9890.821917808218
  0
LWPOLYLINE
  5
4F
330
17
100
AcDbEntity
  8
F01_WALLS
100
AcDbPolyline
 90
5
 70
1
 10
13342.876712328767
 20
9780.821917808218
 10
13342.876712328767
 20
10397.260273972603
 10
13122.876712328767
 20
10397.260273972603
 10
13122.876712328767
 20
9780.821917808218
 10
13342.876712328767
 20
9780.821917808218
  0
LWPOLYLINE
  5
50
330
17
100
AcDbEntity
  8
F01_WALLS
100
AcDbPolyline
 90
5
 70
1
 10
13232.876712328767
 20
10507.260273972603
 10
6821.9178082191775
 20
10507.260273972603
 10
6821.9178082191775
 20
10287.260273972603
 10
13232.876712328767
 20
10287.260273972603
 10
13232.876712328767
 20
10507.260273972603
  0
LWPOLYLINE
  5
51
330
17
100
AcDbEntity
  8
F01_WALLS
100
AcDbPolyline
 90
5
 70
1
 10
6931.9178082191775
 20
10397.260273972603
 10
6931.9178082191775
 20
15041.095890410958
 10
6711.9178082191775
 20
15041.095890410958
 10
6711.9178082191775
 20
10397.260273972603
 10
6931.9178082191775
 20
10397.260273972603
  0
LWPOLYLINE
  5
52
330
17
100
AcDbEntity
  8
F01_WALLS
100
AcDbPolyline
 90
5
 70
1
 10
16027.397260273972
 20
7851.506849315068
 10
18000.0
 20
7851.506849315068
 10
18000.0
 20
8011.506849315068
 10
16027.397260273972
 20
8011.506849315068
 10
16027.397260273972
 20
7851.506849315068
  0
LWPOLYLINE
  5
53
330
17
100
AcDbEntity
  8
F01_WALLS
100
AcDbPolyline
 90
5
 70
1
 10
18080.0
 20
7931.506849315068
 10
18080.0
 20
10027.397260273972
 10
17920.0
 20
10027.397260273972
 10
17920.0
 20
7931.506849315068
 10
18080.0
 20
7931.506849315068
  0
LWPOLYLINE
  5
54
330
17
100
AcDbEntity
  8
F01_WALLS
100
AcDbPolyline
 90
5
 70
1
 10
18071.554175279995
 20
10063.17434791397
 10
17701.691161581362
 20
10802.90037531123
 10
17558.582811021373
 20
10731.346200031236
 10
17928.445824720005
 20
9991.620172633975
 10
18071.554175279995
 20
10063.17434791397
  0
LWPOLYLINE
  5
55
330
17
100
AcDbEntity
  8
F01_WALLS
100
AcDbPolyline
 90
5
 70
1
 10
16027.397260273972
 20
5961.095890410958
 10
17917.80821917808
 20
5961.095890410958
 10
17917.80821917808
 20
6121.095890410958
 10
16027.397260273972
 20
6121.095890410958
 10
16027.397260273972
 20
5961.095890410958
  0
LWPOLYLINE
  5
56
330
17
100
AcDbEntity
  8
F01_WALLS
100
AcDbPolyline
 90
5
 70
1
 10
17997.80821917808
 20
6041.095890410958
 10
17997.80821917808
 20
6863.013698630137
 10
17837.80821917808
 20
6863.013698630137
 10
17837.80821917808
 20
6041.095890410958
 10
17997.80821917808
 20
6041.095890410958
  0
LWPOLYLINE
  5
57
330
17
100
AcDbEntity
  8
F01_WALLS
100
AcDbPolyline
 90
5
 70
1
 10
17053.08219178082
 20
35424.65753424657
 10
17053.08219178082
 20
32013.698630136983
 10
17303.08219178082
 20
32013.698630136983
 10
17303.08219178082
 20
35424.65753424657
 10
17053.08219178082
 20
35424.65753424657
  0
LWPOLYLINE
  5
58
330
17
100
AcDbEntity
  8
F01_WALLS
100
AcDbPolyline
 90
5
 70
1
 10
17178.08219178082
 20
31888.698630136983
 10
19520.54794520548
 20
31888.698630136983
 10
19520.54794520548
 20
32138.698630136983
 10
17178.08219178082
 20
32138.698630136983
 10
17178.08219178082
 20
31888.698630136983
  0
LWPOLYLINE
  5
59
330
17
100
AcDbEntity
  8
F01_WALLS
100
AcDbPolyline
 90
5
 70
1
 10
19645.54794520548
 20
32013.698630136983
 10
19645.54794520548
 20
35301.36986301369
 10
19395.54794520548
 20
35301.36986301369
 10
19395.54794520548
 20
32013.698630136983
 10
19645.54794520548
 20
32013.698630136983
  0
LWPOLYLINE
  5
5A
330
17
100
AcDbEntity
  8
F01_WALLS
100
AcDbPolyline
 90
5
 70
1
 10
21670.821917808218
 20
35260.273972602736
 10
21670.821917808218
 20
34027.39726027397
 10
21890.821917808218
 20
34027.39726027397
 10
21890.821917808218
 20
35260.273972602736
 10
21670.821917808218
 20
35260.273972602736
  0
LWPOLYLINE
  5
5B
330
17
100
AcDbEntity
  8
F01_WALLS
100
AcDbPolyline
 90
5
 70
1
 10
21780.821917808218
 20
33917.39726027397
 10
22356.16438356164
 20
33917.39726027397
 10
22356.16438356164
 20
34137.39726027397
 10
21780.821917808218
 20
34137.39726027397
 10
21780.821917808218
 20
33917.39726027397
  0
LWPOLYLINE
  5
5C
330
17
100
AcDbEntity
  8
F01_WALLS
100
AcDbPolyline
 90
5
 70
1
 10
22466.16438356164
 20
34027.39726027397
 10
22466.16438356164
 20
35301.36986301369
 10
22246.16438356164
 20
35301.36986301369
 10
22246.16438356164
 20
34027.39726027397
 10
22466.16438356164
 20
34027.39726027397
  0
LWPOLYLINE
  5
5D
330
17
100
AcDbEntity
  8
F01_WALLS
100
AcDbPolyline
 90
5
 70
1
 10
22356.16438356164
 20
35191.36986301369
 10
24534.246575342466
 20
35191.36986301369
 10
24534.246575342466
 20
35411.36986301369
 10
22356.16438356164
 20
35411.36986301369
 10
22356.16438356164
 20
35191.36986301369
  0
LWPOLYLINE
  5
5E
330
17
100
AcDbEntity
  8
F01_WALLS
100
AcDbPolyline
 90
5
 70
1
 10
24424.246575342466
 20
35301.36986301369
 10
24424.246575342466
 20
31808.21917808219
 10
24644.246575342466
 20
31808.21917808219
 10
24644.246575342466
 20
35301.36986301369
 10
24424.246575342466
 20
35301.36986301369
  0
LWPOLYLINE
  5
5F
330
17
100
AcDbEntity
  8
F01_WALLS
100
AcDbPolyline
 90
5
 70
1
 10
24534.246575342466
 20
31698.21917808219
 10
25890.410958904107
 20
31698.21917808219
 10
25890.410958904107
 20
31918.21917808219
 10
24534.246575342466
 20
31918.21917808219
 10
24534.246575342466
 20
31698.21917808219
  0
LWPOLYLINE
  5
60
330
17
100
AcDbEntity
  8
F01_WALLS
100
AcDbPolyline
 90
5
 70
1
 10
26000.410958904107
 20
31808.21917808219
 10
26000.410958904107
 20
35301.36986301369
 10
25780.410958904107
 20
35301.36986301369
 10
25780.410958904107
 20
31808.21917808219
 10
26000.410958904107
 20
31808.21917808219
  0
LWPOLYLINE
  5
61
330
17
100
AcDbEntity
  8
F01_WALLS
100
AcDbPolyline
 90
5
 70
1
 10
25790.410958904107
 20
31479.452054794518
 10
25790.410958904107
 20
29465.75342465753
 10
25990.410958904107
 20
29465.75342465753
 10
25990.410958904107
 20
31479.452054794518
 10
25790.410958904107
 20
31479.452054794518
  0
LWPOLYLINE
  5
62
330
17
100
AcDbEntity
  8
F01_WALLS
100
AcDbPolyline
 90
5
 70
1
 10
26301.369863013697
 20
33218.76712328767
 10
31150.684931506847
 20
33218.76712328767
 10
31150.684931506847
 20
33438.76712328767
 10
26301.369863013697
 20
33438.76712328767
 10
26301.369863013697
 20
33218.76712328767
  0
LWPOLYLINE
  5
63
330
17
100
AcDbEntity
  8
F01_WALLS
100
AcDbPolyline
 90
5
 70
1
 10
31040.684931506847
 20
33328.76712328767
 10
31040.684931506847
 20
31643.835616438355
 10
31260.684931506847
 20
31643.835616438355
 10
31260.684931506847
 20
33328.76712328767
 10
31040.684931506847
 20
33328.76712328767
  0
LWPOLYLINE
  5
64
330
17
100
AcDbEntity
  8
F01_WALLS
100
AcDbPolyline
 90
5
 70
1
 10
31150.684931506847
 20
31753.835616438355
 10
28315.068493150684
 20
31753.835616438355
 10
28315.068493150684
 20
31533.835616438355
 10
31150.684931506847
 20
31533.835616438355
 10
31150.684931506847
 20
31753.835616438355
  0
LWPOLYLINE
  5
65
330
17
100
AcDbEntity
  8
F01_WALLS
100
AcDbPolyline
 90
5
 70
1
 10
30082.191780821915
 20
35227.46575342466
 10
33205.479452054795
 20
35227.46575342466
 10
33205.479452054795
 20
35457.46575342466
 10
30082.191780821915
 20
35457.46575342466
 10
30082.191780821915
 20
35227.46575342466
  0
LWPOLYLINE
  5
66
330
17
100
AcDbEntity
  8
F01_WALLS
100
AcDbPolyline
 90
5
 70
1
 10
33090.479452054795
 20
35342.46575342466
 10
33090.479452054795
 20
31726.027397260274
 10
33320.479452054795
 20
31726.027397260274
 10
33320.479452054795
 20
35342.46575342466
 10
33090.479452054795
 20
35342.46575342466
  0
LWPOLYLINE
  5
67
330
17
100
AcDbEntity
  8
F01_WALLS
100
AcDbPolyline
 90
5
 70
1
 10
33205.479452054795
 20
31841.027397260274
 10
32260.27397260274
 20
31841.027397260274
 10
32260.27397260274
 20
31611.027397260274
 10
33205.479452054795
 20
31611.027397260274
 10
33205.479452054795
 20
31841.027397260274
  0
LWPOLYLINE
  5
68
330
17
100
AcDbEntity
  8
F01_WALLS
100
AcDbPolyline
 90
5
 70
1
 10
33780.821917808214
 20
35252.46575342466
 10
35958.904109589035
 20
35252.46575342466
 10
35958.904109589035
 20
35432.46575342466
 10
33780.821917808214
 20
35432.46575342466
 10
33780.821917808214
 20
35252.46575342466
  0
LWPOLYLINE
  5
69
330
17
100
AcDbEntity
  8
F01_WALLS
100
AcDbPolyline
 90
5
 70
1
 10
35868.904109589035
 20
35342.46575342466
 10
35868.904109589035
 20
32506.84931506849
 10
36048.904109589035
 20
32506.84931506849
 10
36048.904109589035
 20
35342.46575342466
 10
35868.904109589035
 20
35342.46575342466
  0
LWPOLYLINE
  5
6A
330
17
100
AcDbEntity
  8
F01_WALLS
100
AcDbPolyline
 90
5
 70
1
 10
35958.904109589035
 20
32596.84931506849
 10
33780.821917808214
 20
32596.84931506849
 10
33780.821917808214
 20
32416.84931506849
 10
35958.904109589035
 20
32416.84931506849
 10
35958.904109589035
 20
32596.84931506849
  0
LWPOLYLINE
  5
6B
330
17
100
AcDbEntity
  8
F01_WALLS
100
AcDbPolyline
 90
5
 70
1
 10
33870.821917808214
 20
32506.84931506849
 10
33870.821917808214
 20
35342.46575342466
 10
33690.821917808214
 20
35342.46575342466
 10
33690.821917808214
 20
32506.84931506849
 10
33870.821917808214
 20
32506.84931506849
  0
LWPOLYLINE
  5
6C
330
17
100
AcDbEntity
  8
F01_WALLS
100
AcDbPolyline
 90
5
 70
1
 10
36205.479452054795
 20
35252.46575342466
 10
41917.80821917808
 20
35252.46575342466
 10
41917.80821917808
 20
35432.46575342466
 10
36205.479452054795
 20
35432.46575342466
 10
36205.479452054795
 20
35252.46575342466
  0
LWPOLYLINE
  5
6D
330
17
100
AcDbEntity
  8
F01_WALLS
100
AcDbPolyline
 90
5
 70
1
 10
41827.80821917808
 20
35342.46575342466
 10
41827.80821917808
 20
33246.57534246575
 10
42007.80821917808
 20
33246.57534246575
 10
42007.80821917808
 20
35342.46575342466
 10
41827.80821917808
 20
35342.46575342466
  0
LWPOLYLINE
  5
6E
330
17
100
AcDbEntity
  8
F01_WALLS
100
AcDbPolyline
 90
5
 70
1
 10
41917.80821917808
 20
33336.57534246575
 10
36205.479452054795
 20
33336.57534246575
 10
36205.479452054795
 20
33156.57534246575
 10
41917.80821917808
 20
33156.57534246575
 10
41917.80821917808
 20
33336.57534246575
  0
LWPOLYLINE
  5
6F
330
17
100
AcDbEntity
  8
F01_WALLS
100
AcDbPolyline
 90
5
 70
1
 10
36115.479452054795
 20
33246.57534246575
 10
36115.479452054795
 20
30904.109589041094
 10
36295.479452054795
 20
30904.109589041094
 10
36295.479452054795
 20
33246.57534246575
 10
36115.479452054795
 20
33246.57534246575
  0
LWPOLYLINE
  5
70
330
17
100
AcDbEntity
  8
F01_WALLS
100
AcDbPolyline
 90
5
 70
1
 10
36205.479452054795
 20
30814.109589041094
 10
38958.904109589035
 20
30814.109589041094
 10
38958.904109589035
 20
30994.109589041094
 10
36205.479452054795
 20
30994.109589041094
 10
36205.479452054795
 20
30814.109589041094
  0
LWPOLYLINE
  5
71
330
17
100
AcDbEntity
  8
F01_WALLS
100
AcDbPolyline
 90
5
 70
1
 10
39048.904109589035
 20
30904.109589041094
 10
39048.904109589035
 20
33205.479452054795
 10
38868.904109589035
 20
33205.479452054795
 10
38868.904109589035
 20
30904.109589041094
 10
39048.904109589035
 20
30904.109589041094
  0
LWPOLYLINE
  5
72
330
17
100
AcDbEntity
  8
F01_WALLS
100
AcDbPolyline
 90
5
 70
1
 10
41180.273972602736
 20
33164.38356164383
 10
41180.273972602736
 20
29383.561643835616
 10
41340.273972602736
 20
29383.561643835616
 10
41340.273972602736
 20
33164.38356164383
 10
41180.273972602736
 20
33164.38356164383
  0
LWPOLYLINE
  5
73
330
17
100
AcDbEntity
  8
F01_WALLS
100
AcDbPolyline
 90
5
 70
1
 10
41260.273972602736
 20
29463.561643835616
 10
40273.97260273973
 20
29463.561643835616
 10
40273.97260273973
 20
29303.561643835616
 10
41260.273972602736
 20
29303.561643835616
 10
41260.273972602736
 20
29463.561643835616
  0
LWPOLYLINE
  5
74
330
17
100
AcDbEntity
  8
F01_WALLS
100
AcDbPolyline
 90
5
 70
1
 10
40353.97260273973
 20
29383.561643835616
 10
40353.97260273973
 20
30945.20547945205
 10
40193.97260273973
 20
30945.20547945205
 10
40193.97260273973
 20
29383.561643835616
 10
40353.97260273973
 20
29383.561643835616
  0
LWPOLYLINE
  5
75
330
17
100
AcDbEntity
  8
F01_WALLS
100
AcDbPolyline
 90
5
 70
1
 10
40273.97260273973
 20
31025.20547945205
 10
38958.904109589035
 20
31025.20547945205
 10
38958.904109589035
 20
30865.20547945205
 10
40273.97260273973
 20
30865.20547945205
 10
40273.97260273973
 20
31025.20547945205
  0
LWPOLYLINE
  5
76
330
17
100
AcDbEntity
  8
F01_WALLS
100
AcDbPolyline
 90
5
 70
1
 10
38878.904109589035
 20
30945.20547945205
 10
38878.904109589035
 20
29342.465753424654
 10
39038.904109589035
 20
29342.465753424654
 10
39038.904109589035
 20
30945.20547945205
 10
38878.904109589035
 20
30945.20547945205
  0
LWPOLYLINE
  5
77
330
17
100
AcDbEntity
  8
F01_WALLS
100
AcDbPolyline
 90
5
 70
1
 10
42082.191780821915
 20
35232.46575342466
 10
44547.945205479446
 20
35232.46575342466
 10
44547.945205479446
 20
35452.46575342466
 10
42082.191780821915
 20
35452.46575342466
 10
42082.191780821915
 20
35232.46575342466
  0
LWPOLYLINE
  5
78
330
17
100
AcDbEntity
  8
F01_WALLS
100
AcDbPolyline
 90
5
 70
1
 10
44437.945205479446
 20
35342.46575342466
 10
44437.945205479446
 20
32547.94520547945
 10
44657.945205479446
 20
32547.94520547945
 10
44657.945205479446
 20
35342.46575342466
 10
44437.945205479446
 20
35342.46575342466
  0
LWPOLYLINE
  5
79
330
17
100
AcDbEntity
  8
F01_WALLS
100
AcDbPolyline
 90
5
 70
1
 10
44547.945205479446
 20
32657.94520547945
 10
42082.191780821915
 20
32657.94520547945
 10
42082.191780821915
 20
32437.94520547945
 10
44547.945205479446
 20
32437.94520547945
 10
44547.945205479446
 20
32657.94520547945
  0
LWPOLYLINE
  5
7A
330
17
100
AcDbEntity
  8
F01_WALLS
100
AcDbPolyline
 90
5
 70
1
 10
42192.191780821915
 20
32547.94520547945
 10
42192.191780821915
 20
35342.46575342466
 10
41972.191780821915
 20
35342.46575342466
 10
41972.191780821915
 20
32547.94520547945
 10
42192.191780821915
 20
32547.94520547945
  0
LWPOLYLINE
  5
7B
330
17
100
AcDbEntity
  8
F01_WALLS
100
AcDbPolyline
 90
5
 70
1
 10
19975.890410958902
 20
29589.04109589041
 10
19975.890410958902
 20
25684.931506849312
 10
20215.890410958902
 20
25684.931506849312
 10
20215.890410958902
 20
29589.04109589041
 10
19975.890410958902
 20
29589.04109589041
  0
LWPOLYLINE
  5
7C
330
17
100
AcDbEntity
  8
F01_WALLS
100
AcDbPolyline
 90
5
 70
1
 10
20095.890410958902
 20
25804.931506849312
 10
19561.643835616436
 20
25804.931506849312
 10
19561.643835616436
 20
25564.931506849312
 10
20095.890410958902
 20
25564.931506849312
 10
20095.890410958902
 20
25804.931506849312
  0
LWPOLYLINE
  5
7D
330
17
100
AcDbEntity
  8
F01_WALLS
100
AcDbPolyline
 90
5
 70
1
 10
19441.643835616436
 20
25684.931506849312
 10
19441.643835616436
 20
22232.876712328765
 10
19681.643835616436
 20
22232.876712328765
 10
19681.643835616436
 20
25684.931506849312
 10
19441.643835616436
 20
25684.931506849312
  0
LWPOLYLINE
  5
7E
330
17
100
AcDbEntity
  8
F01_WALLS
100
AcDbPolyline
 90
5
 70
1
 10
19453.577639252686
 20
22180.706824429024
 10
20028.920105006113
 20
20988.926002511216
 10
20245.052497733614
 20
21093.2657783107
 10
19669.710031980187
 20
22285.046600228507
 10
19453.577639252686
 20
22180.706824429024
  0
LWPOLYLINE
  5
7F
330
17
100
AcDbEntity
  8
F01_WALLS
100
AcDbPolyline
 90
5
 70
1
 10
20136.986301369863
 20
20921.095890410958
 10
21821.917808219176
 20
20921.095890410958
 10
21821.917808219176
 20
21161.095890410958
 10
20136.986301369863
 20
21161.095890410958
 10
20136.986301369863
 20
20921.095890410958
  0
LWPOLYLINE
  5
80
330
17
100
AcDbEntity
  8
F01_WALLS
100
AcDbPolyline
 90
5
 70
1
 10
21941.917808219176
 20
21041.095890410958
 10
21941.917808219176
 20
23630.136986301368
 10
21701.917808219176
 20
23630.136986301368
 10
21701.917808219176
 20
21041.095890410958
 10
21941.917808219176
 20
21041.095890410958
  0
LWPOLYLINE
  5
81
330
17
100
AcDbEntity
  8
F01_WALLS
100
AcDbPolyline
 90
5
 70
1
 10
21900.821917808218
 20
24041.095890410958
 10
21900.821917808218
 20
29506.84931506849
 10
21660.821917808218
 20
29506.84931506849
 10
21660.821917808218
 20
24041.095890410958
 10
21900.821917808218
 20
24041.095890410958
  0
LWPOLYLINE
  5
82
330
17
100
AcDbEntity
  8
F01_WALLS
100
AcDbPolyline
 90
5
 70
1
 10
21780.821917808218
 20
29386.84931506849
 10
27328.76712328767
 20
29386.84931506849
 10
27328.76712328767
 20
29626.84931506849
 10
21780.821917808218
 20
29626.84931506849
 10
21780.821917808218
 20
29386.84931506849
  0
LWPOLYLINE
  5
83
330
17
100
AcDbEntity
  8
F01_WALLS
100
AcDbPolyline
 90
5
 70
1
 10
27208.76712328767
 20
29506.84931506849
 10
27208.76712328767
 20
28808.21917808219
 10
27448.76712328767
 20
28808.21917808219
 10
27448.76712328767
 20
29506.84931506849
 10
27208.76712328767
 20
29506.84931506849
  0
LWPOLYLINE
  5
84
330
17
100
AcDbEntity
  8
F01_WALLS
100
AcDbPolyline
 90
5
 70
1
 10
27328.76712328767
 20
28688.21917808219
 10
28315.068493150684
 20
28688.21917808219
 10
28315.068493150684
 20
28928.21917808219
 10
27328.76712328767
 20
28928.21917808219
 10
27328.76712328767
 20
28688.21917808219
  0
LWPOLYLINE
  5
85
330
17
100
AcDbEntity
  8
F01_WALLS
100
AcDbPolyline
 90
5
 70
1
 10
30325.47945205479
 20
28767.12328767123
 10
30325.47945205479
 20
29506.84931506849
 10
30085.47945205479
 20
29506.84931506849
 10
30085.47945205479
 20
28767.12328767123
 10
30325.47945205479
 20
28767.12328767123
  0
LWPOLYLINE
  5
86
330
17
100
AcDbEntity
  8
F01_WALLS
100
AcDbPolyline
 90
5
 70
1
 10
30205.47945205479
 20
29386.84931506849
 10
33123.28767123287
 20
29386.84931506849
 10
33123.28767123287
 20
29626.84931506849
 10
30205.47945205479
 20
29626.84931506849
 10
30205.47945205479
 20
29386.84931506849
  0
LWPOLYLINE
  5
87
330
17
100
AcDbEntity
  8
F01_WALLS
100
AcDbPolyline
 90
5
 70
1
 10
33003.28767123287
 20
29506.84931506849
 10
33003.28767123287
 20
28561.643835616436
 10
33243.28767123287
 20
28561.643835616436
 10
33243.28767123287
 20
29506.84931506849
 10
33003.28767123287
 20
29506.84931506849
  0
LWPOLYLINE
  5
88
330
17
100
AcDbEntity
  8
F01_WALLS
100
AcDbPolyline
 90
5
 70
1
 10
33003.28767123287
 20
26424.657534246573
 10
33003.28767123287
 20
23917.80821917808
 10
33243.28767123287
 20
23917.80821917808
 10
33243.28767123287
 20
26424.657534246573
 10
33003.28767123287
 20
26424.657534246573
  0
LWPOLYLINE
  5
89
330
17
100
AcDbEntity
  8
F01_WALLS
100
AcDbPolyline
 90
5
 70
1
 10
33123.28767123287
 20
24037.80821917808
 10
21698.6301369863
 20
24037.80821917808
 10
21698.6301369863
 20
23797.80821917808
 10
33123.28767123287
 20
23797.80821917808
 10
33123.28767123287
 20
24037.80821917808
  0
LWPOLYLINE
  5
8A
330
17
100
AcDbEntity
  8
F01_WALLS
100
AcDbPolyline
 90
5
 70
1
 10
30176.575342465752
 20
26342.465753424654
 10
30176.575342465752
 20
24082.191780821915
 10
30316.575342465752
 20
24082.191780821915
 10
30316.575342465752
 20
26342.465753424654
 10
30176.575342465752
 20
26342.465753424654
  0
LWPOLYLINE
  5
8B
330
17
100
AcDbEntity
  8
F01_WALLS
100
AcDbPolyline
 90
5
 70
1
 10
32054.794520547945
 20
25203.972602739723
 10
33000.0
 20
25203.972602739723
 10
33000.0
 20
25343.972602739723
 10
32054.794520547945
 20
25343.972602739723
 10
32054.794520547945
 20
25203.972602739723
  0
LWPOLYLINE
  5
8C
330
17
100
AcDbEntity
  8
F01_WALLS
100
AcDbPolyline
 90
5
 70
1
 10
22195.068493150684
 20
20917.80821917808
 10
22195.068493150684
 20
18246.575342465752
 10
22435.068493150684
 20
18246.575342465752
 10
22435.068493150684
 20
20917.80821917808
 10
22195.068493150684
 20
20917.80821917808
  0
LWPOLYLINE
  5
8D
330
17
100
AcDbEntity
  8
F01_WALLS
100
AcDbPolyline
 90
5
 70
1
 10
22195.068493150684
 20
17260.27397260274
 10
22195.068493150684
 20
9698.630136986301
 10
22435.068493150684
 20
9698.630136986301
 10
22435.068493150684
 20
17260.27397260274
 10
22195.068493150684
 20
17260.27397260274
  0
LWPOLYLINE
  5
8E
330
17
100
AcDbEntity
  8
F01_WALLS
100
AcDbPolyline
 90
5
 70
1
 10
22315.068493150684
 20
9578.630136986301
 10
24246.575342465752
 20
9578.630136986301
 10
24246.575342465752
 20
9818.630136986301
 10
22315.068493150684
 20
9818.630136986301
 10
22315.068493150684
 20
9578.630136986301
  0
LWPOLYLINE
  5
8F
330
17
100
AcDbEntity
  8
F01_WALLS
100
AcDbPolyline
 90
5
 70
1
 10
24041.095890410958
 20
11643.424657534246
 10
33123.28767123287
 20
11643.424657534246
 10
33123.28767123287
 20
11863.424657534246
 10
24041.095890410958
 20
11863.424657534246
 10
24041.095890410958
 20
11643.424657534246
  0
LWPOLYLINE
  5
90
330
17
100
AcDbEntity
  8
F01_WALLS
100
AcDbPolyline
 90
5
 70
1
 10
33233.28767123287
 20
11753.424657534246
 10
33233.28767123287
 20
12369.863013698628
 10
33013.28767123287
 20
12369.863013698628
 10
33013.28767123287
 20
11753.424657534246
 10
33233.28767123287
 20
11753.424657534246
  0
LWPOLYLINE
  5
91
330
17
100
AcDbEntity
  8
F01_WALLS
100
AcDbPolyline
 90
5
 70
1
 10
33013.28767123287
 20
11178.08219178082
 10
33013.28767123287
 20
8671.232876712329
 10
33233.28767123287
 20
8671.232876712329
 10
33233.28767123287
 20
11178.08219178082
 10
33013.28767123287
 20
11178.08219178082
  0
LWPOLYLINE
  5
92
330
17
100
AcDbEntity
  8
F01_WALLS
100
AcDbPolyline
 90
5
 70
1
 10
24493.150684931505
 20
9618.630136986301
 10
27246.575342465752
 20
9618.630136986301
 10
27246.575342465752
 20
9778.630136986301
 10
24493.150684931505
 20
9778.630136986301
 10
24493.150684931505
 20
9618.630136986301
  0
LWPOLYLINE
  5
93
330
17
100
AcDbEntity
  8
F01_WALLS
100
AcDbPolyline
 90
5
 70
1
 10
27166.575342465752
 20
9698.630136986301
 10
27166.575342465752
 20
8260.27397260274
 10
27326.575342465752
 20
8260.27397260274
 10
27326.575342465752
 20
9698.630136986301
 10
27166.575342465752
 20
9698.630136986301
  0
LWPOLYLINE
  5
94
330
17
100
AcDbEntity
  8
F01_WALLS
100
AcDbPolyline
 90
5
 70
1
 10
27246.575342465752
 20
8340.27397260274
 10
26589.04109589041
 20
8340.27397260274
 10
26589.04109589041
 20
8180.273972602739
 10
27246.575342465752
 20
8180.273972602739
 10
27246.575342465752
 20
8340.27397260274
  0
LWPOLYLINE
  5
95
330
17
100
AcDbEntity
  8
F01_WALLS
100
AcDbPolyline
 90
5
 70
1
 10
26509.04109589041
 20
8260.27397260274
 10
26509.04109589041
 20
5958.904109589041
 10
26669.04109589041
 20
5958.904109589041
 10
26669.04109589041
 20
8260.27397260274
 10
26509.04109589041
 20
8260.27397260274
  0
LWPOLYLINE
  5
96
330
17
100
AcDbEntity
  8
F01_WALLS
100
AcDbPolyline
 90
5
 70
1
 10
19163.972602739726
 20
10849.31506849315
 10
19163.972602739726
 20
5958.904109589041
 10
19383.972602739726
 20
5958.904109589041
 10
19383.972602739726
 20
10849.31506849315
 10
19163.972602739726
 20
10849.31506849315
  0
LWPOLYLINE
  5
97
330
17
100
AcDbEntity
  8
F01_WALLS
100
AcDbPolyline
 90
5
 70
1
 10
19273.972602739726
 20
5848.904109589041
 10
26506.84931506849
 20
5848.904109589041
 10
26506.84931506849
 20
6068.904109589041
 10
19273.972602739726
 20
6068.904109589041
 10
19273.972602739726
 20
5848.904109589041
  0
LWPOLYLINE
  5
98
330
17
100
AcDbEntity
  8
F01_WALLS
100
AcDbPolyline
 90
5
 70
1
 10
26616.84931506849
 20
5958.904109589041
 10
26616.84931506849
 20
6698.630136986301
 10
26396.84931506849
 20
6698.630136986301
 10
26396.84931506849
 20
5958.904109589041
 10
26616.84931506849
 20
5958.904109589041
  0
LWPOLYLINE
  5
99
330
17
100
AcDbEntity
  8
F01_WALLS
100
AcDbPolyline
 90
5
 70
1
 10
27410.958904109586
 20
9618.630136986301
 10
32054.794520547945
 20
9618.630136986301
 10
32054.794520547945
 20
9778.630136986301
 10
27410.958904109586
 20
9778.630136986301
 10
27410.958904109586
 20
9618.630136986301
  0
LWPOLYLINE
  5
9A
330
17
100
AcDbEntity
  8
F01_WALLS
100
AcDbPolyline
 90
5
 70
1
 10
31974.794520547945
 20
9698.630136986301
 10
31974.794520547945
 20
6041.095890410958
 10
32134.794520547945
 20
6041.095890410958
 10
32134.794520547945
 20
9698.630136986301
 10
31974.794520547945
 20
9698.630136986301
  0
LWPOLYLINE
  5
9B
330
17
100
AcDbEntity
  8
F01_WALLS
100
AcDbPolyline
 90
5
 70
1
 10
32054.794520547945
 20
6121.095890410958
 10
26876.71232876712
 20
6121.095890410958
 10
26876.71232876712
 20
5961.095890410958
 10
32054.794520547945
 20
5961.095890410958
 10
32054.794520547945
 20
6121.095890410958
  0
LWPOLYLINE
  5
9C
330
17
100
AcDbEntity
  8
F01_WALLS
100
AcDbPolyline
 90
5
 70
1
 10
32095.890410958902
 20
5848.904109589041
 10
35917.80821917808
 20
5848.904109589041
 10
35917.80821917808
 20
6068.904109589041
 10
32095.890410958902
 20
6068.904109589041
 10
32095.890410958902
 20
5848.904109589041
  0
LWPOLYLINE
  5
9D
330
17
100
AcDbEntity
  8
F01_WALLS
100
AcDbPolyline
 90
5
 70
1
 10
28378.35616438356
 20
9616.438356164383
 10
28378.35616438356
 20
8136.986301369862
 10
28498.35616438356
 20
8136.986301369862
 10
28498.35616438356
 20
9616.438356164383
 10
28378.35616438356
 20
9616.438356164383
  0
LWPOLYLINE
  5
9E
330
17
100
AcDbEntity
  8
F01_WALLS
100
AcDbPolyline
 90
5
 70
1
 10
29570.136986301368
 20
9616.438356164383
 10
29570.136986301368
 20
8136.986301369862
 10
29690.136986301368
 20
8136.986301369862
 10
29690.136986301368
 20
9616.438356164383
 10
29570.136986301368
 20
9616.438356164383
  0
LWPOLYLINE
  5
9F
330
17
100
AcDbEntity
  8
F01_WALLS
100
AcDbPolyline
 90
5
 70
1
 10
30761.917808219176
 20
9616.438356164383
 10
30761.917808219176
 20
8136.986301369862
 10
30881.917808219176
 20
8136.986301369862
 10
30881.917808219176
 20
9616.438356164383
 10
30761.917808219176
 20
9616.438356164383
  0
LWPOLYLINE
  5
A0
330
17
100
AcDbEntity
  8
F01_WALLS
100
AcDbPolyline
 90
5
 70
1
 10
35967.191780821915
 20
29630.136986301368
 10
35967.191780821915
 20
24986.301369863013
 10
36197.191780821915
 20
24986.301369863013
 10
36197.191780821915
 20
29630.136986301368
 10
35967.191780821915
 20
29630.136986301368
  0
LWPOLYLINE
  5
A1
330
17
100
AcDbEntity
  8
F01_WALLS
100
AcDbPolyline
 90
5
 70
1
 10
36082.191780821915
 20
24871.301369863013
 10
43520.54794520548
 20
24871.301369863013
 10
43520.54794520548
 20
25101.301369863013
 10
36082.191780821915
 20
25101.301369863013
 10
36082.191780821915
 20
24871.301369863013
  0
LWPOLYLINE
  5
A2
330
17
100
AcDbEntity
  8
F01_WALLS
100
AcDbPolyline
 90
5
 70
1
 10
36164.38356164383
 20
29391.84931506849
 10
44342.46575342466
 20
29391.84931506849
 10
44342.46575342466
 20
29621.84931506849
 10
36164.38356164383
 20
29621.84931506849
 10
36164.38356164383
 20
29391.84931506849
  0
LWPOLYLINE
  5
A3
330
17
100
AcDbEntity
  8
F01_WALLS
100
AcDbPolyline
 90
5
 70
1
 10
44227.46575342466
 20
29506.84931506849
 10
44227.46575342466
 20
28767.12328767123
 10
44457.46575342466
 20
28767.12328767123
 10
44457.46575342466
 20
29506.84931506849
 10
44227.46575342466
 20
29506.84931506849
  0
LWPOLYLINE
  5
A4
330
17
100
AcDbEntity
  8
F01_WALLS
100
AcDbPolyline
 90
5
 70
1
 10
44342.46575342466
 20
28652.12328767123
 10
45328.76712328767
 20
28652.12328767123
 10
45328.76712328767
 20
28882.12328767123
 10
44342.46575342466
 20
28882.12328767123
 10
44342.46575342466
 20
28652.12328767123
  0
LWPOLYLINE
  5
A5
330
17
100
AcDbEntity
  8
F01_WALLS
100
AcDbPolyline
 90
5
 70
1
 10
45443.76712328767
 20
28767.12328767123
 10
45443.76712328767
 20
29506.84931506849
 10
45213.76712328767
 20
29506.84931506849
 10
45213.76712328767
 20
28767.12328767123
 10
45443.76712328767
 20
28767.12328767123
  0
LWPOLYLINE
  5
A6
330
17
100
AcDbEntity
  8
F01_WALLS
100
AcDbPolyline
 90
5
 70
1
 10
45328.76712328767
 20
29391.84931506849
 10
50219.17808219178
 20
29391.84931506849
 10
50219.17808219178
 20
29621.84931506849
 10
45328.76712328767
 20
29621.84931506849
 10
45328.76712328767
 20
29391.84931506849
  0
LWPOLYLINE
  5
A7
330
17
100
AcDbEntity
  8
F01_WALLS
100
AcDbPolyline
 90
5
 70
1
 10
50104.17808219178
 20
29589.04109589041
 10
50104.17808219178
 20
27041.095890410958
 10
50334.17808219178
 20
27041.095890410958
 10
50334.17808219178
 20
29589.04109589041
 10
50104.17808219178
 20
29589.04109589041
  0
LWPOLYLINE
  5
A8
330
17
100
AcDbEntity
  8
F01_WALLS
100
AcDbPolyline
 90
5
 70
1
 10
50219.17808219178
 20
26926.095890410958
 10
50958.904109589035
 20
26926.095890410958
 10
50958.904109589035
 20
27156.095890410958
 10
50219.17808219178
 20
27156.095890410958
 10
50219.17808219178
 20
26926.095890410958
  0
LWPOLYLINE
  5
A9
330
17
100
AcDbEntity
  8
F01_WALLS
100
AcDbPolyline
 90
5
 70
1
 10
50843.904109589035
 20
27041.095890410958
 10
50843.904109589035
 20
23383.561643835616
 10
51073.904109589035
 20
23383.561643835616
 10
51073.904109589035
 20
27041.095890410958
 10
50843.904109589035
 20
27041.095890410958
  0
LWPOLYLINE
  5
AA
330
17
100
AcDbEntity
  8
F01_WALLS
100
AcDbPolyline
 90
5
 70
1
 10
50958.904109589035
 20
23498.561643835616
 10
50136.98630136986
 20
23498.561643835616
 10
50136.98630136986
 20
23268.561643835616
 10
50958.904109589035
 20
23268.561643835616
 10
50958.904109589035
 20
23498.561643835616
  0
LWPOLYLINE
  5
AB
330
17
100
AcDbEntity
  8
F01_WALLS
100
AcDbPolyline
 90
5
 70
1
 10
44342.46575342466
 20
25652.12328767123
 10
45534.24657534246
 20
25652.12328767123
 10
45534.24657534246
 20
25882.12328767123
 10
44342.46575342466
 20
25882.12328767123
 10
44342.46575342466
 20
25652.12328767123
  0
LWPOLYLINE
  5
AC
330
17
100
AcDbEntity
  8
F01_WALLS
100
AcDbPolyline
 90
5
 70
1
 10
45419.24657534246
 20
25767.12328767123
 10
45419.24657534246
 20
23465.753424657534
 10
45649.24657534246
 20
23465.753424657534
 10
45649.24657534246
 20
25767.12328767123
 10
45419.24657534246
 20
25767.12328767123
  0
LWPOLYLINE
  5
AD
330
17
100
AcDbEntity
  8
F01_WALLS
100
AcDbPolyline
 90
5
 70
1
 10
45534.24657534246
 20
23350.753424657534
 10
46890.4109589041
 20
23350.753424657534
 10
46890.4109589041
 20
23580.753424657534
 10
45534.24657534246
 20
23580.753424657534
 10
45534.24657534246
 20
23350.753424657534
  0
LWPOLYLINE
  5
AE
330
17
100
AcDbEntity
  8
F01_WALLS
100
AcDbPolyline
 90
5
 70
1
 10
40726.02739726027
 20
29591.232876712325
 10
41383.561643835616
 20
29591.232876712325
 10
41383.561643835616
 20
29751.232876712325
 10
40726.02739726027
 20
29751.232876712325
 10
40726.02739726027
 20
29591.232876712325
  0
LWPOLYLINE
  5
AF
330
17
100
AcDbEntity
  8
F01_WALLS
100
AcDbPolyline
 90
5
 70
1
 10
50329.17808219178
 20
29671.232876712325
 10
50329.17808219178
 20
32465.75342465753
 10
50109.17808219178
 20
32465.75342465753
 10
50109.17808219178
 20
29671.232876712325
 10
50329.17808219178
 20
29671.232876712325
  0
LWPOLYLINE
  5
B0
330
17
100
AcDbEntity
  8
F01_WALLS
100
AcDbPolyline
 90
5
 70
1
 10
50219.17808219178
 20
32355.75342465753
 10
54821.91780821917
 20
32355.75342465753
 10
54821.91780821917
 20
32575.75342465753
 10
50219.17808219178
 20
32575.75342465753
 10
50219.17808219178
 20
32355.75342465753
  0
LWPOLYLINE
  5
B1
330
17
100
AcDbEntity
  8
F01_WALLS
100
AcDbPolyline
 90
5
 70
1
 10
54711.91780821917
 20
32465.75342465753
 10
54711.91780821917
 20
26630.136986301368
 10
54931.91780821917
 20
26630.136986301368
 10
54931.91780821917
 20
32465.75342465753
 10
54711.91780821917
 20
32465.75342465753
  0
LWPOLYLINE
  5
B2
330
17
100
AcDbEntity
  8
F01_WALLS
100
AcDbPolyline
 90
5
 70
1
 10
54821.91780821917
 20
26740.136986301368
 10
53260.273972602736
 20
26740.136986301368
 10
53260.273972602736
 20
26520.136986301368
 10
54821.91780821917
 20
26520.136986301368
 10
54821.91780821917
 20
26740.136986301368
  0
LWPOLYLINE
  5
B3
330
17
100
AcDbEntity
  8
F01_WALLS
100
AcDbPolyline
 90
5
 70
1
 10
55232.87671232876
 20
32325.75342465753
 10
55684.93150684931
 20
32325.75342465753
 10
55684.93150684931
 20
32605.75342465753
 10
55232.87671232876
 20
32605.75342465753
 10
55232.87671232876
 20
32325.75342465753
  0
LWPOLYLINE
  5
B4
330
17
100
AcDbEntity
  8
F01_WALLS
100
AcDbPolyline
 90
5
 70
1
 10
55544.93150684931
 20
32465.75342465753
 10
55544.93150684931
 20
23876.71232876712
 10
55824.93150684931
 20
23876.71232876712
 10
55824.93150684931
 20
32465.75342465753
 10
55544.93150684931
 20
32465.75342465753
  0
LWPOLYLINE
  5
B5
330
17
100
AcDbEntity
  8
F01_WALLS
100
AcDbPolyline
 90
5
 70
1
 10
55684.93150684931
 20
24016.71232876712
 10
55068.493150684924
 20
24016.71232876712
 10
55068.493150684924
 20
23736.71232876712
 10
55684.93150684931
 20
23736.71232876712
 10
55684.93150684931
 20
24016.71232876712
  0
LWPOLYLINE
  5
B6
330
17
100
AcDbEntity
  8
F01_WALLS
100
AcDbPolyline
 90
5
 70
1
 10
55232.87671232876
 20
11901.095890410958
 10
55726.02739726027
 20
11901.095890410958
 10
55726.02739726027
 20
12181.095890410958
 10
55232.87671232876
 20
12181.095890410958
 10
55232.87671232876
 20
11901.095890410958
  0
LWPOLYLINE
  5
B7
330
17
100
AcDbEntity
  8
F01_WALLS
100
AcDbPolyline
 90
5
 70
1
 10
55586.02739726027
 20
12041.095890410958
 10
55586.02739726027
 20
3575.342465753424
 10
55866.02739726027
 20
3575.342465753424
 10
55866.02739726027
 20
12041.095890410958
 10
55586.02739726027
 20
12041.095890410958
  0
LWPOLYLINE
  5
B8
330
17
100
AcDbEntity
  8
F01_WALLS
100
AcDbPolyline
 90
5
 70
1
 10
55726.02739726027
 20
3715.342465753424
 10
52726.02739726027
 20
3715.342465753424
 10
52726.02739726027
 20
3435.342465753424
 10
55726.02739726027
 20
3435.342465753424
 10
55726.02739726027
 20
3715.342465753424
  0
LWPOLYLINE
  5
B9
330
17
100
AcDbEntity
  8
F01_WALLS
100
AcDbPolyline
 90
5
 70
1
 10
52866.02739726027
 20
3575.342465753424
 10
52866.02739726027
 20
4808.219178082191
 10
52586.02739726027
 20
4808.219178082191
 10
52586.02739726027
 20
3575.342465753424
 10
52866.02739726027
 20
3575.342465753424
  0
LWPOLYLINE
  5
BA
330
17
100
AcDbEntity
  8
F01_WALLS
100
AcDbPolyline
 90
5
 70
1
 10
50058.08219178082
 20
10438.35616438356
 10
50058.08219178082
 20
3452.0547945205476
 10
50298.08219178082
 20
3452.0547945205476
 10
50298.08219178082
 20
10438.35616438356
 10
50058.08219178082
 20
10438.35616438356
  0
LWPOLYLINE
  5
BB
330
17
100
AcDbEntity
  8
F01_WALLS
100
AcDbPolyline
 90
5
 70
1
 10
52903.69863013698
 20
9780.821917808218
 10
52903.69863013698
 20
4602.739726027397
 10
53123.69863013698
 20
4602.739726027397
 10
53123.69863013698
 20
9780.821917808218
 10
52903.69863013698
 20
9780.821917808218
  0
LWPOLYLINE
  5
BC
330
17
100
AcDbEntity
  8
F01_WALLS
100
AcDbPolyline
 90
5
 70
1
 10
53013.69863013698
 20
4492.739726027397
 10
54616.43835616438
 20
4492.739726027397
 10
54616.43835616438
 20
4712.739726027397
 10
53013.69863013698
 20
4712.739726027397
 10
53013.69863013698
 20
4492.739726027397
  0
LWPOLYLINE
  5
BD
330
17
100
AcDbEntity
  8
F01_WALLS
100
AcDbPolyline
 90
5
 70
1
 10
54726.43835616438
 20
4602.739726027397
 10
54726.43835616438
 20
11835.616438356163
 10
54506.43835616438
 20
11835.616438356163
 10
54506.43835616438
 20
4602.739726027397
 10
54726.43835616438
 20
4602.739726027397
  0
LWPOLYLINE
  5
BE
330
17
100
AcDbEntity
  8
F01_WALLS
100
AcDbPolyline
 90
5
 70
1
 10
36048.904109589035
 20
6041.095890410958
 10
36048.904109589035
 20
10438.35616438356
 10
35868.904109589035
 20
10438.35616438356
 10
35868.904109589035
 20
6041.095890410958
 10
36048.904109589035
 20
6041.095890410958
  0
LWPOLYLINE
  5
BF
330
17
100
AcDbEntity
  8
F01_WALLS
100
AcDbPolyline
 90
5
 70
1
 10
35958.904109589035
 20
10348.35616438356
 10
38958.904109589035
 20
10348.35616438356
 10
38958.904109589035
 20
10528.35616438356
 10
35958.904109589035
 20
10528.35616438356
 10
35958.904109589035
 20
10348.35616438356
  0
LWPOLYLINE
  5
C0
330
17
100
AcDbEntity
  8
F01_WALLS
100
AcDbPolyline
 90
5
 70
1
 10
38868.904109589035
 20
10438.35616438356
 10
38868.904109589035
 20
7150.684931506848
 10
39048.904109589035
 20
7150.684931506848
 10
39048.904109589035
 20
10438.35616438356
 10
38868.904109589035
 20
10438.35616438356
  0
LWPOLYLINE
  5
C1
330
17
100
AcDbEntity
  8
F01_WALLS
100
AcDbPolyline
 90
5
 70
1
 10
38958.904109589035
 20
7240.684931506848
 10
36164.38356164383
 20
7240.684931506848
 10
36164.38356164383
 20
7060.684931506848
 10
38958.904109589035
 20
7060.684931506848
 10
38958.904109589035
 20
7240.684931506848
  0
LWPOLYLINE
  5
C2
330
17
100
AcDbEntity
  8
F01_WALLS
100
AcDbPolyline
 90
5
 70
1
 10
37573.83561643835
 20
10191.780821917808
 10
37573.83561643835
 20
7232.876712328767
 10
37713.83561643835
 20
7232.876712328767
 10
37713.83561643835
 20
10191.780821917808
 10
37573.83561643835
 20
10191.780821917808
  0
LWPOLYLINE
  5
C3
330
17
100
AcDbEntity
  8
F01_WALLS
100
AcDbPolyline
 90
5
 70
1
 10
39465.34246575342
 20
6698.630136986301
 10
39465.34246575342
 20
5958.904109589041
 10
39685.34246575342
 20
5958.904109589041
 10
39685.34246575342
 20
6698.630136986301
 10
39465.34246575342
 20
6698.630136986301
  0
LWPOLYLINE
  5
C4
330
17
100
AcDbEntity
  8
F01_WALLS
100
AcDbPolyline
 90
5
 70
1
 10
39575.34246575342
 20
5848.904109589041
 10
41219.17808219178
 20
5848.904109589041
 10
41219.17808219178
 20
6068.904109589041
 10
39575.34246575342
 20
6068.904109589041
 10
39575.34246575342
 20
5848.904109589041
  0
LWPOLYLINE
  5
C5
330
17
100
AcDbEntity
  8
F01_WALLS
100
AcDbPolyline
 90
5
 70
1
 10
37137.39726027397
 20
123.2876712328767
 10
37137.39726027397
 20
2178.0821917808216
 10
36917.39726027397
 20
2178.0821917808216
 10
36917.39726027397
 20
123.2876712328767
 10
37137.39726027397
 20
123.2876712328767
  0
LWPOLYLINE
  5
C6
330
17
100
AcDbEntity
  8
F01_WALLS
100
AcDbPolyline
 90
5
 70
1
 10
37027.39726027397
 20
2068.0821917808216
 10
44589.04109589041
 20
2068.0821917808216
 10
44589.04109589041
 20
2288.0821917808216
 10
37027.39726027397
 20
2288.0821917808216
 10
37027.39726027397
 20
2068.0821917808216
  0
LWPOLYLINE
  5
C7
330
17
100
AcDbEntity
  8
F01_WALLS
100
AcDbPolyline
 90
5
 70
1
 10
44699.04109589041
 20
2178.0821917808216
 10
44699.04109589041
 20
3863.013698630137
 10
44479.04109589041
 20
3863.013698630137
 10
44479.04109589041
 20
2178.0821917808216
 10
44699.04109589041
 20
2178.0821917808216
  0
LWPOLYLINE
  5
C8
330
17
100
AcDbEntity
  8
F01_WALLS
100
AcDbPolyline
 90
5
 70
1
 10
44589.04109589041
 20
3753.013698630137
 10
45616.43835616438
 20
3753.013698630137
 10
45616.43835616438
 20
3973.013698630137
 10
44589.04109589041
 20
3973.013698630137
 10
44589.04109589041
 20
3753.013698630137
  0
LWPOLYLINE
  5
C9
330
17
100
AcDbEntity
  8
F01_WALLS
100
AcDbPolyline
 90
5
 70
1
 10
45506.43835616438
 20
3863.013698630137
 10
45506.43835616438
 20
205.4794520547945
 10
45726.43835616438
 20
205.4794520547945
 10
45726.43835616438
 20
3863.013698630137
 10
45506.43835616438
 20
3863.013698630137
  0
LWPOLYLINE
  5
CA
330
17
100
AcDbEntity
  8
F01_WALLS
100
AcDbPolyline
 90
5
 70
1
 10
37068.49315068493
 20
1162.876712328767
 10
44589.04109589041
 20
1162.876712328767
 10
44589.04109589041
 20
1302.876712328767
 10
37068.49315068493
 20
1302.876712328767
 10
37068.49315068493
 20
1162.876712328767
  0
LWPOLYLINE
  5
CB
330
17
100
AcDbEntity
  8
F01_WALLS
100
AcDbPolyline
 90
5
 70
1
 10
19137.39726027397
 20
246.5753424657534
 10
19137.39726027397
 20
4109.58904109589
 10
18917.39726027397
 20
4109.58904109589
 10
18917.39726027397
 20
246.5753424657534
 10
19137.39726027397
 20
246.5753424657534
  0
LWPOLYLINE
  5
CC
330
17
100
AcDbEntity
  8
F01_WALLS
100
AcDbPolyline
 90
5
 70
1
 10
19027.39726027397
 20
3999.58904109589
 10
21575.342465753423
 20
3999.58904109589
 10
21575.342465753423
 20
4219.58904109589
 10
19027.39726027397
 20
4219.58904109589
 10
19027.39726027397
 20
3999.58904109589
  0
LWPOLYLINE
  5
CD
330
17
100
AcDbEntity
  8
F01_WALLS
100
AcDbPolyline
 90
5
 70
1
 10
21465.342465753423
 20
4109.58904109589
 10
21465.342465753423
 20
246.5753424657534
 10
21685.342465753423
 20
246.5753424657534
 10
21685.342465753423
 20
4109.58904109589
 10
21465.342465753423
 20
4109.58904109589
  0
LWPOLYLINE
  5
CE
330
17
100
AcDbEntity
  8
F01_WALLS
100
AcDbPolyline
 90
5
 70
1
 10
16949.31506849315
 20
246.5753424657534
 10
16949.31506849315
 20
3082.1917808219177
 10
16749.31506849315
 20
3082.1917808219177
 10
16749.31506849315
 20
246.5753424657534
 10
16949.31506849315
 20
246.5753424657534
  0
LWPOLYLINE
  5
CF
330
17
100
AcDbEntity
  8
F01_WALLS
100
AcDbPolyline
 90
5
 70
1
 10
16849.31506849315
 20
2982.1917808219177
 10
18904.109589041094
 20
2982.1917808219177
 10
18904.109589041094
 20
3182.1917808219177
 10
16849.31506849315
 20
3182.1917808219177
 10
16849.31506849315
 20
2982.1917808219177
  0
LWPOLYLINE
  5
D0
330
17
100
AcDbEntity
  8
F01_WALLS
100
AcDbPolyline
 90
5
 70
1
 10
26123.698630136983
 20
164.3835616438356
 10
26123.698630136983
 20
3986.3013698630134
 10
25903.698630136983
 20
3986.3013698630134
 10
25903.698630136983
 20
164.3835616438356
 10
26123.698630136983
 20
164.3835616438356
  0
LWPOLYLINE
  5
D1
330
17
100
AcDbEntity
  8
F01_WALLS
100
AcDbPolyline
 90
5
 70
1
 10
26013.698630136983
 20
3876.3013698630134
 10
26917.80821917808
 20
3876.3013698630134
 10
26917.80821917808
 20
4096.301369863013
 10
26013.698630136983
 20
4096.301369863013
 10
26013.698630136983
 20
3876.3013698630134
  0
LWPOLYLINE
  5
D2
330
17
100
AcDbEntity
  8
F01_WALLS
100
AcDbPolyline
 90
5
 70
1
 10
28232.876712328765
 20
3835.2054794520545
 10
33082.191780821915
 20
3835.2054794520545
 10
33082.191780821915
 20
4055.2054794520545
 10
28232.876712328765
 20
4055.2054794520545
 10
28232.876712328765
 20
3835.2054794520545
  0
LWPOLYLINE
  5
D3
330
17
100
AcDbEntity
  8
F01_WALLS
100
AcDbPolyline
 90
5
 70
1
 10
32972.191780821915
 20
3945.2054794520545
 10
32972.191780821915
 20
205.4794520547945
 10
33192.191780821915
 20
205.4794520547945
 10
33192.191780821915
 20
3945.2054794520545
 10
32972.191780821915
 20
3945.2054794520545
  0
LWPOLYLINE
  5
D4
330
17
100
AcDbEntity
  8
F01_WALLS
100
AcDbPolyline
 90
5
 70
1
 10
26301.369863013697
 20
2078.0821917808216
 10
31109.58904109589
 20
2078.0821917808216
 10
31109.58904109589
 20
2278.0821917808216
 10
26301.369863013697
 20
2278.0821917808216
 10
26301.369863013697
 20
2078.0821917808216
  0
LWPOLYLINE
  5
D5
330
17
100
AcDbEntity
  8
F01_WALLS
100
AcDbPolyline
 90
5
 70
1
 10
31209.58904109589
 20
2178.0821917808216
 10
31209.58904109589
 20
3863.013698630137
 10
31009.58904109589
 20
3863.013698630137
 10
31009.58904109589
 20
2178.0821917808216
 10
31209.58904109589
 20
2178.0821917808216
  0
LWPOLYLINE
  5
D6
330
17
100
AcDbEntity
  8
F01_WALLS
100
AcDbPolyline
 90
5
 70
1
 10
33839.72602739726
 20
164.3835616438356
 10
33839.72602739726
 20
3863.013698630137
 10
33639.72602739726
 20
3863.013698630137
 10
33639.72602739726
 20
164.3835616438356
 10
33839.72602739726
 20
164.3835616438356
  0
LWPOLYLINE
  5
D7
330
17
100
AcDbEntity
  8
F01_WALLS
100
AcDbPolyline
 90
5
 70
1
 10
33739.72602739726
 20
3763.013698630137
 10
36904.109589041094
 20
3763.013698630137
 10
36904.109589041094
 20
3963.013698630137
 10
33739.72602739726
 20
3963.013698630137
 10
33739.72602739726
 20
3763.013698630137
  0
LWPOLYLINE
  5
D8
330
17
100
AcDbEntity
  8
F01_WALLS
100
AcDbPolyline
 90
5
 70
1
 10
36804.109589041094
 20
3863.013698630137
 10
36804.109589041094
 20
205.4794520547945
 10
37004.109589041094
 20
205.4794520547945
 10
37004.109589041094
 20
3863.013698630137
 10
36804.109589041094
 20
3863.013698630137
  0
LWPOLYLINE
  5
D9
330
17
100
AcDbEntity
  8
F01_WALLS
100
AcDbPolyline
 90
5
 70
1
 10
9798.630136986301
 20
246.5753424657534
 10
9798.630136986301
 20
1356.1643835616437
 10
9598.630136986301
 20
1356.1643835616437
 10
9598.630136986301
 20
246.5753424657534
 10
9798.630136986301
 20
246.5753424657534
  0
LWPOLYLINE
  5
DA
330
17
100
AcDbEntity
  8
F01_WALLS
100
AcDbPolyline
 90
5
 70
1
 10
9698.630136986301
 20
1256.1643835616437
 10
10150.684931506848
 20
1256.1643835616437
 10
10150.684931506848
 20
1456.1643835616437
 10
9698.630136986301
 20
1456.1643835616437
 10
9698.630136986301
 20
1256.1643835616437
  0
LWPOLYLINE
  5
DB
330
17
100
AcDbEntity
  8
F01_WALLS
100
AcDbPolyline
 90
5
 70
1
 10
10250.684931506848
 20
1356.1643835616437
 10
10250.684931506848
 20
4027.3972602739723
 10
10050.684931506848
 20
4027.3972602739723
 10
10050.684931506848
 20
1356.1643835616437
 10
10250.684931506848
 20
1356.1643835616437
  0
LWPOLYLINE
  5
DC
330
17
100
AcDbEntity
  8
F01_WALLS
100
AcDbPolyline
 90
5
 70
1
 10
12616.438356164383
 20
3927.3972602739723
 10
16684.931506849312
 20
3927.3972602739723
 10
16684.931506849312
 20
4127.397260273972
 10
12616.438356164383
 20
4127.397260273972
 10
12616.438356164383
 20
3927.3972602739723
  0
LWPOLYLINE
  5
DD
330
17
100
AcDbEntity
  8
F01_WALLS
100
AcDbPolyline
 90
5
 70
1
 10
16584.931506849312
 20
4027.3972602739723
 10
16584.931506849312
 20
1767.1232876712327
 10
16784.931506849312
 20
1767.1232876712327
 10
16784.931506849312
 20
4027.3972602739723
 10
16584.931506849312
 20
4027.3972602739723
  0
LWPOLYLINE
  5
DE
330
17
100
AcDbEntity
  8
F01_WALLS
100
AcDbPolyline
 90
5
 70
1
 10
16684.931506849312
 20
1867.1232876712327
 10
13232.876712328767
 20
1867.1232876712327
 10
13232.876712328767
 20
1667.1232876712327
 10
16684.931506849312
 20
1667.1232876712327
 10
16684.931506849312
 20
1867.1232876712327
  0
LWPOLYLINE
  5
DF
330
17
100
AcDbEntity
  8
F01_WALLS
100
AcDbPolyline
 90
5
 70
1
 10
13132.876712328767
 20
1767.1232876712327
 10
13132.876712328767
 20
205.4794520547945
 10
13332.876712328767
 20
205.4794520547945
 10
13332.876712328767
 20
1767.1232876712327
 10
13132.876712328767
 20
1767.1232876712327
  0
LWPOLYLINE
  5
E1
330
17
100
AcDbEntity
  8
F01_DOORS
100
AcDbPolyline
 90
5
 70
1
 10
28331.16438356164
 20
28808.21917808219
 10
28331.16438356164
 20
27863.013698630137
 10
28381.16438356164
 20
27863.013698630137
 10
28381.16438356164
 20
28808.21917808219
 10
28331.16438356164
 20
28808.21917808219
  0
LWPOLYLINE
  5
E2
330
17
100
AcDbEntity
  8
F01_DOORS
100
AcDbPolyline
 90
5
 70
1
 10
33123.28767123287
 20
28495.54794520548
 10
34068.49315068493
 20
28495.54794520548
 10
34068.49315068493
 20
28545.54794520548
 10
33123.28767123287
 20
28545.54794520548
 10
33123.28767123287
 20
28495.54794520548
  0
LWPOLYLINE
  5
E3
330
17
100
AcDbEntity
  8
F01_DOORS
100
AcDbPolyline
 90
5
 70
1
 10
33123.28767123287
 20
26481.84931506849
 10
33986.30136986301
 20
26481.84931506849
 10
33986.30136986301
 20
26531.84931506849
 10
33123.28767123287
 20
26531.84931506849
 10
33123.28767123287
 20
26481.84931506849
  0
LWPOLYLINE
  5
E4
330
17
100
AcDbEntity
  8
F01_DOORS
100
AcDbPolyline
 90
5
 70
1
 10
43586.643835616436
 20
24986.301369863013
 10
43586.643835616436
 20
25890.410958904107
 10
43536.643835616436
 20
25890.410958904107
 10
43536.643835616436
 20
24986.301369863013
 10
43586.643835616436
 20
24986.301369863013
  0
LWPOLYLINE
  5
E5
330
17
100
AcDbEntity
  8
F01_DOORS
100
AcDbPolyline
 90
5
 70
1
 10
47358.561643835616
 20
23424.657534246573
 10
47358.561643835616
 20
22438.35616438356
 10
47408.561643835616
 20
22438.35616438356
 10
47408.561643835616
 20
23424.657534246573
 10
47358.561643835616
 20
23424.657534246573
  0
LWPOLYLINE
  5
E6
330
17
100
AcDbEntity
  8
F01_DOORS
100
AcDbPolyline
 90
5
 70
1
 10
49413.35616438356
 20
23424.657534246573
 10
49413.35616438356
 20
22438.35616438356
 10
49463.35616438356
 20
22438.35616438356
 10
49463.35616438356
 20
23424.657534246573
 10
49413.35616438356
 20
23424.657534246573
  0
LWPOLYLINE
  5
E7
330
17
100
AcDbEntity
  8
F01_DOORS
100
AcDbPolyline
 90
5
 70
1
 10
47408.561643835616
 20
12041.095890410958
 10
47408.561643835616
 20
13027.397260273972
 10
47358.561643835616
 20
13027.397260273972
 10
47358.561643835616
 20
12041.095890410958
 10
47408.561643835616
 20
12041.095890410958
  0
LWPOLYLINE
  5
E8
330
17
100
AcDbEntity
  8
F01_DOORS
100
AcDbPolyline
 90
5
 70
1
 10
49463.35616438356
 20
12041.095890410958
 10
49463.35616438356
 20
13027.397260273972
 10
49413.35616438356
 20
13027.397260273972
 10
49413.35616438356
 20
12041.095890410958
 10
49463.35616438356
 20
12041.095890410958
  0
LWPOLYLINE
  5
E9
330
17
100
AcDbEntity
  8
F01_DOORS
100
AcDbPolyline
 90
5
 70
1
 10
13783.21917808219
 20
6041.095890410958
 10
13783.21917808219
 20
5095.890410958904
 10
13833.21917808219
 20
5095.890410958904
 10
13833.21917808219
 20
6041.095890410958
 10
13783.21917808219
 20
6041.095890410958
  0
LWPOLYLINE
  5
EA
330
17
100
AcDbEntity
  8
F01_DOORS
100
AcDbPolyline
 90
5
 70
1
 10
24312.67123287671
 20
9698.630136986301
 10
24312.67123287671
 20
10602.739726027397
 10
24262.67123287671
 20
10602.739726027397
 10
24262.67123287671
 20
9698.630136986301
 10
24312.67123287671
 20
9698.630136986301
  0
LWPOLYLINE
  5
EB
330
17
100
AcDbEntity
  8
F01_DOORS
100
AcDbPolyline
 90
5
 70
1
 10
3879.47631382685
 20
32155.800718737533
 10
2564.407820676165
 20
33306.48565024438
 10
2531.482590282739
 20
33268.85681550904
 10
3846.5510834334236
 20
32118.171884002186
 10
3879.47631382685
 20
32155.800718737533
  0
LWPOLYLINE
  5
EC
330
17
100
AcDbEntity
  8
F01_DOORS
100
AcDbPolyline
 90
5
 70
1
 10
3848.2296070394486
 20
28910.5710838005
 10
2615.3528947106815
 20
28006.461494759405
 10
2644.921077892058
 20
27966.14124496662
 10
3877.797790220825
 20
28870.250834007715
 10
3848.2296070394486
 20
28910.5710838005
  0
LWPOLYLINE
  5
ED
330
17
100
AcDbEntity
  8
F01_DOORS
100
AcDbPolyline
 90
5
 70
1
 10
55284.19900034204
 20
19666.64834955123
 10
54092.41817842424
 20
20200.894924893695
 10
54071.96538321959
 20
20155.269458667946
 10
55263.746205137395
 20
19621.02288332548
 10
55284.19900034204
 20
19666.64834955123
  0
LWPOLYLINE
  5
EE
330
17
100
AcDbEntity
  8
F01_DOORS
100
AcDbPolyline
 90
5
 70
1
 10
55263.10387609394
 20
16296.486393648838
 10
54071.32305417614
 20
15721.143927895413
 10
54093.06050746769
 20
15676.116346077186
 10
55284.8413293855
 20
16251.458811830611
 10
55263.10387609394
 20
16296.486393648838
  0
LWPOLYLINE
  5
EF
330
17
100
AcDbEntity
  8
F01_DOORS
100
AcDbPolyline
 90
5
 70
1
 10
30106.094055035108
 20
28785.272104768876
 10
29325.272137226886
 20
28045.546077371615
 10
29359.659369622423
 20
28009.248443176326
 10
30140.481287430644
 20
28748.974470573587
 10
30106.094055035108
 20
28785.272104768876
  0
LWPOLYLINE
  5
F0
330
17
100
AcDbEntity
  8
F01_DOORS
100
AcDbPolyline
 90
5
 70
1
 10
37027.39726027397
 20
3879.1095890410957
 10
37808.21917808219
 20
3879.1095890410957
 10
37808.21917808219
 20
3929.1095890410957
 10
37027.39726027397
 20
3929.1095890410957
 10
37027.39726027397
 20
3879.1095890410957
  0
LWPOLYLINE
  5
F2
330
17
100
AcDbEntity
  8
F01_GLAZING
100
AcDbPolyline
 90
5
 70
1
 10
59055.8904109589
 20
23630.136986301368
 10
59055.8904109589
 20
12287.671232876712
 10
59135.8904109589
 20
12287.671232876712
 10
59135.8904109589
 20
23630.136986301368
 10
59055.8904109589
 20
23630.136986301368
  0
LWPOLYLINE
  5
F3
330
17
100
AcDbEntity
  8
F01_GLAZING
100
AcDbPolyline
 90
5
 70
1
 10
59055.8904109589
 20
11013.698630136985
 10
59055.8904109589
 20
4767.123287671233
 10
59135.8904109589
 20
4767.123287671233
 10
59135.8904109589
 20
11013.698630136985
 10
59055.8904109589
 20
11013.698630136985
  0
LWPOLYLINE
  5
F5
330
17
100
AcDbEntity
  8
F01_COLUMNS
100
AcDbPolyline
 90
5
 70
1
 10
13232.876712328767
 20
25109.58904109589
 10
13972.602739726026
 20
25109.58904109589
 10
13972.602739726026
 20
25849.315068493146
 10
13232.876712328767
 20
25849.315068493146
 10
13232.876712328767
 20
25109.58904109589
  0
LWPOLYLINE
  5
F6
330
17
100
AcDbEntity
  8
F01_COLUMNS
100
AcDbPolyline
 90
5
 70
1
 10
50136.98630136986
 20
11342.465753424656
 10
50958.904109589035
 20
11342.465753424656
 10
50958.904109589035
 20
12164.383561643835
 10
50136.98630136986
 20
12164.383561643835
 10
50136.98630136986
 20
11342.465753424656
  0
LWPOLYLINE
  5
F7
330
17
100
AcDbEntity
  8
F01_COLUMNS
100
AcDbPolyline
 90
5
 70
1
 10
44363.01369863014
 20
28746.57534246575
 10
45143.83561643835
 20
28746.57534246575
 10
45143.83561643835
 20
29527.39726027397
 10
44363.01369863014
 20
29527.39726027397
 10
44363.01369863014
 20
28746.57534246575
  0
LWPOLYLINE
  5
F8
330
17
100
AcDbEntity
  8
F01_COLUMNS
100
AcDbPolyline
 90
5
 70
1
 10
59136.986301369856
 20
34767.12328767123
 10
60041.09589041096
 20
34767.12328767123
 10
60041.09589041096
 20
35671.232876712325
 10
59136.986301369856
 20
35671.232876712325
 10
59136.986301369856
 20
34767.12328767123
  0
LWPOLYLINE
  5
F9
330
17
100
AcDbEntity
  8
F01_COLUMNS
100
AcDbPolyline
 90
5
 70
1
 10
59116.43835616438
 20
308.2191780821918
 10
60061.643835616436
 20
308.2191780821918
 10
60061.643835616436
 20
1253.4246575342465
 10
59116.43835616438
 20
1253.4246575342465
 10
59116.43835616438
 20
308.2191780821918
  0
LWPOLYLINE
  5
FA
330
17
100
AcDbEntity
  8
F01_COLUMNS
100
AcDbPolyline
 90
5
 70
1
 10
52191.780821917804
 20
34808.21917808219
 10
53013.69863013698
 20
34808.21917808219
 10
53013.69863013698
 20
35630.13698630137
 10
52191.780821917804
 20
35630.13698630137
 10
52191.780821917804
 20
34808.21917808219
  0
LWPOLYLINE
  5
FC
330
17
100
AcDbEntity
  8
F01_STAIRS
100
AcDbPolyline
 90
5
 70
1
 10
27657.534246575342
 20
34376.71232876713
 10
27845.890410958902
 20
34376.71232876713
 10
27845.890410958902
 20
35404.109589041094
 10
27657.534246575342
 20
35404.109589041094
 10
27657.534246575342
 20
34376.71232876713
  0
LWPOLYLINE
  5
FD
330
17
100
AcDbEntity
  8
F01_STAIRS
100
AcDbPolyline
 90
5
 70
1
 10
27845.890410958902
 20
34376.71232876713
 10
28034.246575342462
 20
34376.71232876713
 10
28034.246575342462
 20
35404.109589041094
 10
27845.890410958902
 20
35404.109589041094
 10
27845.890410958902
 20
34376.71232876713
  0
LWPOLYLINE
  5
FE
330
17
100
AcDbEntity
  8
F01_STAIRS
100
AcDbPolyline
 90
5
 70
1
 10
28034.246575342462
 20
34376.71232876713
 10
28222.602739726026
 20
34376.71232876713
 10
28222.602739726026
 20
35404.109589041094
 10
28034.246575342462
 20
35404.109589041094
 10
28034.246575342462
 20
34376.71232876713
  0
LWPOLYLINE
  5
FF
330
17
100
AcDbEntity
  8
F01_STAIRS
100
AcDbPolyline
 90
5
 70
1
 10
28222.602739726026
 20
34376.71232876713
 10
28410.95890410959
 20
34376.71232876713
 10
28410.95890410959
 20
35404.109589041094
 10
28222.602739726026
 20
35404.109589041094
 10
28222.602739726026
 20
34376.71232876713
  0
LWPOLYLINE
  5
100
330
17
100
AcDbEntity
  8
F01_STAIRS
100
AcDbPolyline
 90
5
 70
1
 10
28410.95890410959
 20
34376.71232876713
 10
28599.315068493146
 20
34376.71232876713
 10
28599.315068493146
 20
35404.109589041094
 10
28410.95890410959
 20
35404.109589041094
 10
28410.95890410959
 20
34376.71232876713
  0
LWPOLYLINE
  5
101
330
17
100
AcDbEntity
  8
F01_STAIRS
100
AcDbPolyline
 90
5
 70
1
 10
28599.315068493146
 20
34376.71232876713
 10
28787.67123287671
 20
34376.71232876713
 10
28787.67123287671
 20
35404.109589041094
 10
28599.315068493146
 20
35404.109589041094
 10
28599.315068493146
 20
34376.71232876713
  0
LWPOLYLINE
  5
102
330
17
100
AcDbEntity
  8
F01_STAIRS
100
AcDbPolyline
 90
5
 70
1
 10
28787.67123287671
 20
34376.71232876713
 10
28976.027397260274
 20
34376.71232876713
 10
28976.027397260274
 20
35404.109589041094
 10
28787.67123287671
 20
35404.109589041094
 10
28787.67123287671
 20
34376.71232876713
  0
LWPOLYLINE
  5
103
330
17
100
AcDbEntity
  8
F01_STAIRS
100
AcDbPolyline
 90
5
 70
1
 10
28976.027397260274
 20
34376.71232876713
 10
29164.383561643834
 20
34376.71232876713
 10
29164.383561643834
 20
35404.109589041094
 10
28976.027397260274
 20
35404.109589041094
 10
28976.027397260274
 20
34376.71232876713
  0
LWPOLYLINE
  5
104
330
17
100
AcDbEntity
  8
F01_STAIRS
100
AcDbPolyline
 90
5
 70
1
 10
29164.383561643834
 20
34376.71232876713
 10
29352.739726027394
 20
34376.71232876713
 10
29352.739726027394
 20
35404.109589041094
 10
29164.383561643834
 20
35404.109589041094
 10
29164.383561643834
 20
34376.71232876713
  0
LWPOLYLINE
  5
105
330
17
100
AcDbEntity
  8
F01_STAIRS
100
AcDbPolyline
 90
5
 70
1
 10
29352.739726027394
 20
34376.71232876713
 10
29541.095890410958
 20
34376.71232876713
 10
29541.095890410958
 20
35404.109589041094
 10
29352.739726027394
 20
35404.109589041094
 10
29352.739726027394
 20
34376.71232876713
  0
LWPOLYLINE
  5
106
330
17
100
AcDbEntity
  8
F01_STAIRS
100
AcDbPolyline
 90
5
 70
1
 10
29541.095890410958
 20
34376.71232876713
 10
29729.452054794518
 20
34376.71232876713
 10
29729.452054794518
 20
35404.109589041094
 10
29541.095890410958
 20
35404.109589041094
 10
29541.095890410958
 20
34376.71232876713
  0
LWPOLYLINE
  5
107
330
17
100
AcDbEntity
  8
F01_STAIRS
100
AcDbPolyline
 90
5
 70
1
 10
29729.452054794518
 20
34376.71232876713
 10
29917.80821917808
 20
34376.71232876713
 10
29917.80821917808
 20
35404.109589041094
 10
29729.452054794518
 20
35404.109589041094
 10
29729.452054794518
 20
34376.71232876713
  0
LWPOLYLINE
  5
108
330
17
100
AcDbEntity
  8
F01_STAIRS
100
AcDbPolyline
 90
5
 70
1
 10
29917.80821917808
 20
32876.71232876712
 10
29732.876712328765
 20
32876.71232876712
 10
29732.876712328765
 20
31808.21917808219
 10
29917.80821917808
 20
31808.21917808219
 10
29917.80821917808
 20
32876.71232876712
  0
LWPOLYLINE
  5
109
330
17
100
AcDbEntity
  8
F01_STAIRS
100
AcDbPolyline
 90
5
 70
1
 10
29732.876712328765
 20
32876.71232876712
 10
29547.94520547945
 20
32876.71232876712
 10
29547.94520547945
 20
31808.21917808219
 10
29732.876712328765
 20
31808.21917808219
 10
29732.876712328765
 20
32876.71232876712
  0
LWPOLYLINE
  5
10A
330
17
100
AcDbEntity
  8
F01_STAIRS
100
AcDbPolyline
 90
5
 70
1
 10
29547.94520547945
 20
32876.71232876712
 10
29363.013698630137
 20
32876.71232876712
 10
29363.013698630137
 20
31808.21917808219
 10
29547.94520547945
 20
31808.21917808219
 10
29547.94520547945
 20
32876.71232876712
  0
LWPOLYLINE
  5
10B
330
17
100
AcDbEntity
  8
F01_STAIRS
100
AcDbPolyline
 90
5
 70
1
 10
29363.013698630137
 20
32876.71232876712
 10
29178.08219178082
 20
32876.71232876712
 10
29178.08219178082
 20
31808.21917808219
 10
29363.013698630137
 20
31808.21917808219
 10
29363.013698630137
 20
32876.71232876712
  0
LWPOLYLINE
  5
10C
330
17
100
AcDbEntity
  8
F01_STAIRS
100
AcDbPolyline
 90
5
 70
1
 10
29178.08219178082
 20
32876.71232876712
 10
28993.150684931505
 20
32876.71232876712
 10
28993.150684931505
 20
31808.21917808219
 10
29178.08219178082
 20
31808.21917808219
 10
29178.08219178082
 20
32876.71232876712
  0
LWPOLYLINE
  5
10D
330
17
100
AcDbEntity
  8
F01_STAIRS
100
AcDbPolyline
 90
5
 70
1
 10
28993.150684931505
 20
32876.71232876712
 10
28808.21917808219
 20
32876.71232876712
 10
28808.21917808219
 20
31808.21917808219
 10
28993.150684931505
 20
31808.21917808219
 10
28993.150684931505
 20
32876.71232876712
  0
LWPOLYLINE
  5
10E
330
17
100
AcDbEntity
  8
F01_STAIRS
100
AcDbPolyline
 90
5
 70
1
 10
28808.21917808219
 20
32876.71232876712
 10
28623.287671232876
 20
32876.71232876712
 10
28623.287671232876
 20
31808.21917808219
 10
28808.21917808219
 20
31808.21917808219
 10
28808.21917808219
 20
32876.71232876712
  0
LWPOLYLINE
  5
10F
330
17
100
AcDbEntity
  8
F01_STAIRS
100
AcDbPolyline
 90
5
 70
1
 10
28623.287671232876
 20
32876.71232876712
 10
28438.35616438356
 20
32876.71232876712
 10
28438.35616438356
 20
31808.21917808219
 10
28623.287671232876
 20
31808.21917808219
 10
28623.287671232876
 20
32876.71232876712
  0
LWPOLYLINE
  5
110
330
17
100
AcDbEntity
  8
F01_STAIRS
100
AcDbPolyline
 90
5
 70
1
 10
28438.35616438356
 20
32876.71232876712
 10
28253.424657534244
 20
32876.71232876712
 10
28253.424657534244
 20
31808.21917808219
 10
28438.35616438356
 20
31808.21917808219
 10
28438.35616438356
 20
32876.71232876712
  0
LWPOLYLINE
  5
111
330
17
100
AcDbEntity
  8
F01_STAIRS
100
AcDbPolyline
 90
5
 70
1
 10
28253.424657534244
 20
32876.71232876712
 10
28068.493150684928
 20
32876.71232876712
 10
28068.493150684928
 20
31808.21917808219
 10
28253.424657534244
 20
31808.21917808219
 10
28253.424657534244
 20
32876.71232876712
  0
LWPOLYLINE
  5
112
330
17
100
AcDbEntity
  8
F01_STAIRS
100
AcDbPolyline
 90
5
 70
1
 10
28068.493150684928
 20
32876.71232876712
 10
27883.561643835616
 20
32876.71232876712
 10
27883.561643835616
 20
31808.21917808219
 10
28068.493150684928
 20
31808.21917808219
 10
28068.493150684928
 20
32876.71232876712
  0
LWPOLYLINE
  5
113
330
17
100
AcDbEntity
  8
F01_STAIRS
100
AcDbPolyline
 90
5
 70
1
 10
27883.561643835616
 20
32876.71232876712
 10
27698.6301369863
 20
32876.71232876712
 10
27698.6301369863
 20
31808.21917808219
 10
27883.561643835616
 20
31808.21917808219
 10
27883.561643835616
 20
32876.71232876712
  0
LWPOLYLINE
  5
114
330
17
100
AcDbEntity
  8
F01_STAIRS
100
AcDbPolyline
 90
5
 70
1
 10
27657.534246575342
 20
780.8219178082192
 10
27849.315068493146
 20
780.8219178082192
 10
27849.315068493146
 20
1849.3150684931506
 10
27657.534246575342
 20
1849.3150684931506
 10
27657.534246575342
 20
780.8219178082192
  0
LWPOLYLINE
  5
115
330
17
100
AcDbEntity
  8
F01_STAIRS
100
AcDbPolyline
 90
5
 70
1
 10
27849.315068493146
 20
780.8219178082192
 10
28041.095890410958
 20
780.8219178082192
 10
28041.095890410958
 20
1849.3150684931506
 10
27849.315068493146
 20
1849.3150684931506
 10
27849.315068493146
 20
780.8219178082192
  0
LWPOLYLINE
  5
116
330
17
100
AcDbEntity
  8
F01_STAIRS
100
AcDbPolyline
 90
5
 70
1
 10
28041.095890410958
 20
780.8219178082192
 10
28232.876712328765
 20
780.8219178082192
 10
28232.876712328765
 20
1849.3150684931506
 10
28041.095890410958
 20
1849.3150684931506
 10
28041.095890410958
 20
780.8219178082192
  0
LWPOLYLINE
  5
117
330
17
100
AcDbEntity
  8
F01_STAIRS
100
AcDbPolyline
 90
5
 70
1
 10
28232.876712328765
 20
780.8219178082192
 10
28424.657534246573
 20
780.8219178082192
 10
28424.657534246573
 20
1849.3150684931506
 10
28232.876712328765
 20
1849.3150684931506
 10
28232.876712328765
 20
780.8219178082192
  0
LWPOLYLINE
  5
118
330
17
100
AcDbEntity
  8
F01_STAIRS
100
AcDbPolyline
 90
5
 70
1
 10
28424.657534246573
 20
780.8219178082192
 10
28616.438356164384
 20
780.8219178082192
 10
28616.438356164384
 20
1849.3150684931506
 10
28424.657534246573
 20
1849.3150684931506
 10
28424.657534246573
 20
780.8219178082192
  0
LWPOLYLINE
  5
119
330
17
100
AcDbEntity
  8
F01_STAIRS
100
AcDbPolyline
 90
5
 70
1
 10
28616.438356164384
 20
780.8219178082192
 10
28808.21917808219
 20
780.8219178082192
 10
28808.21917808219
 20
1849.3150684931506
 10
28616.438356164384
 20
1849.3150684931506
 10
28616.438356164384
 20
780.8219178082192
  0
LWPOLYLINE
  5
11A
330
17
100
AcDbEntity
  8
F01_STAIRS
100
AcDbPolyline
 90
5
 70
1
 10
28808.21917808219
 20
780.8219178082192
 10
28999.999999999996
 20
780.8219178082192
 10
28999.999999999996
 20
1849.3150684931506
 10
28808.21917808219
 20
1849.3150684931506
 10
28808.21917808219
 20
780.8219178082192
  0
LWPOLYLINE
  5
11B
330
17
100
AcDbEntity
  8
F01_STAIRS
100
AcDbPolyline
 90
5
 70
1
 10
28999.999999999996
 20
780.8219178082192
 10
29191.780821917808
 20
780.8219178082192
 10
29191.780821917808
 20
1849.3150684931506
 10
28999.999999999996
 20
1849.3150684931506
 10
28999.999999999996
 20
780.8219178082192
  0
LWPOLYLINE
  5
11C
330
17
100
AcDbEntity
  8
F01_STAIRS
100
AcDbPolyline
 90
5
 70
1
 10
29191.780821917808
 20
780.8219178082192
 10
29383.561643835616
 20
780.8219178082192
 10
29383.561643835616
 20
1849.3150684931506
 10
29191.780821917808
 20
1849.3150684931506
 10
29191.780821917808
 20
780.8219178082192
  0
LWPOLYLINE
  5
11D
330
17
100
AcDbEntity
  8
F01_STAIRS
100
AcDbPolyline
 90
5
 70
1
 10
29383.561643835616
 20
780.8219178082192
 10
29575.34246575342
 20
780.8219178082192
 10
29575.34246575342
 20
1849.3150684931506
 10
29383.561643835616
 20
1849.3150684931506
 10
29383.561643835616
 20
780.8219178082192
  0
LWPOLYLINE
  5
11E
330
17
100
AcDbEntity
  8
F01_STAIRS
100
AcDbPolyline
 90
5
 70
1
 10
29575.34246575342
 20
780.8219178082192
 10
29767.12328767123
 20
780.8219178082192
 10
29767.12328767123
 20
1849.3150684931506
 10
29575.34246575342
 20
1849.3150684931506
 10
29575.34246575342
 20
780.8219178082192
  0
LWPOLYLINE
  5
11F
330
17
100
AcDbEntity
  8
F01_STAIRS
100
AcDbPolyline
 90
5
 70
1
 10
29767.12328767123
 20
780.8219178082192
 10
29958.90410958904
 20
780.8219178082192
 10
29958.90410958904
 20
1849.3150684931506
 10
29767.12328767123
 20
1849.3150684931506
 10
29767.12328767123
 20
780.8219178082192
  0
LWPOLYLINE
  5
120
330
17
100
AcDbEntity
  8
F01_STAIRS
100
AcDbPolyline
 90
5
 70
1
 10
29958.90410958904
 20
3595.890410958904
 10
29767.12328767123
 20
3595.890410958904
 10
29767.12328767123
 20
2568.4931506849316
 10
29958.90410958904
 20
2568.4931506849316
 10
29958.90410958904
 20
3595.890410958904
  0
LWPOLYLINE
  5
121
330
17
100
AcDbEntity
  8
F01_STAIRS
100
AcDbPolyline
 90
5
 70
1
 10
29767.12328767123
 20
3595.890410958904
 10
29575.34246575342
 20
3595.890410958904
 10
29575.34246575342
 20
2568.4931506849316
 10
29767.12328767123
 20
2568.4931506849316
 10
29767.12328767123
 20
3595.890410958904
  0
LWPOLYLINE
  5
122
330
17
100
AcDbEntity
  8
F01_STAIRS
100
AcDbPolyline
 90
5
 70
1
 10
29575.34246575342
 20
3595.890410958904
 10
29383.561643835616
 20
3595.890410958904
 10
29383.561643835616
 20
2568.4931506849316
 10
29575.34246575342
 20
2568.4931506849316
 10
29575.34246575342
 20
3595.890410958904
  0
LWPOLYLINE
  5
123
330
17
100
AcDbEntity
  8
F01_STAIRS
100
AcDbPolyline
 90
5
 70
1
 10
29383.561643835616
 20
3595.890410958904
 10
29191.780821917808
 20
3595.890410958904
 10
29191.780821917808
 20
2568.4931506849316
 10
29383.561643835616
 20
2568.4931506849316
 10
29383.561643835616
 20
3595.890410958904
  0
LWPOLYLINE
  5
124
330
17
100
AcDbEntity
  8
F01_STAIRS
100
AcDbPolyline
 90
5
 70
1
 10
29191.780821917808
 20
3595.890410958904
 10
28999.999999999996
 20
3595.890410958904
 10
28999.999999999996
 20
2568.4931506849316
 10
29191.780821917808
 20
2568.4931506849316
 10
29191.780821917808
 20
3595.890410958904
  0
LWPOLYLINE
  5
125
330
17
100
AcDbEntity
  8
F01_STAIRS
100
AcDbPolyline
 90
5
 70
1
 10
28999.999999999996
 20
3595.890410958904
 10
28808.21917808219
 20
3595.890410958904
 10
28808.21917808219
 20
2568.4931506849316
 10
28999.999999999996
 20
2568.4931506849316
 10
28999.999999999996
 20
3595.890410958904
  0
LWPOLYLINE
  5
126
330
17
100
AcDbEntity
  8
F01_STAIRS
100
AcDbPolyline
 90
5
 70
1
 10
28808.21917808219
 20
3595.890410958904
 10
28616.438356164384
 20
3595.890410958904
 10
28616.438356164384
 20
2568.4931506849316
 10
28808.21917808219
 20
2568.4931506849316
 10
28808.21917808219
 20
3595.890410958904
  0
LWPOLYLINE
  5
127
330
17
100
AcDbEntity
  8
F01_STAIRS
100
AcDbPolyline
 90
5
 70
1
 10
28616.438356164384
 20
3595.890410958904
 10
28424.657534246573
 20
3595.890410958904
 10
28424.657534246573
 20
2568.4931506849316
 10
28616.438356164384
 20
2568.4931506849316
 10
28616.438356164384
 20
3595.890410958904
  0
LWPOLYLINE
  5
128
330
17
100
AcDbEntity
  8
F01_STAIRS
100
AcDbPolyline
 90
5
 70
1
 10
28424.657534246573
 20
3595.890410958904
 10
28232.876712328765
 20
3595.890410958904
 10
28232.876712328765
 20
2568.4931506849316
 10
28424.657534246573
 20
2568.4931506849316
 10
28424.657534246573
 20
3595.890410958904
  0
LWPOLYLINE
  5
129
330
17
100
AcDbEntity
  8
F01_STAIRS
100
AcDbPolyline
 90
5
 70
1
 10
28232.876712328765
 20
3595.890410958904
 10
28041.095890410958
 20
3595.890410958904
 10
28041.095890410958
 20
2568.4931506849316
 10
28232.876712328765
 20
2568.4931506849316
 10
28232.876712328765
 20
3595.890410958904
  0
LWPOLYLINE
  5
12A
330
17
100
AcDbEntity
  8
F01_STAIRS
100
AcDbPolyline
 90
5
 70
1
 10
28041.095890410958
 20
3595.890410958904
 10
27849.315068493146
 20
3595.890410958904
 10
27849.315068493146
 20
2568.4931506849316
 10
28041.095890410958
 20
2568.4931506849316
 10
28041.095890410958
 20
3595.890410958904
  0
LWPOLYLINE
  5
12B
330
17
100
AcDbEntity
  8
F01_STAIRS
100
AcDbPolyline
 90
5
 70
1
 10
27849.315068493146
 20
3595.890410958904
 10
27657.534246575342
 20
3595.890410958904
 10
27657.534246575342
 20
2568.4931506849316
 10
27849.315068493146
 20
2568.4931506849316
 10
27849.315068493146
 20
3595.890410958904
  0
LWPOLYLINE
  5
12C
330
17
100
AcDbEntity
  8
F01_STAIRS
100
AcDbPolyline
 90
5
 70
1
 10
50942.48173641755
 20
26212.968195980222
 10
51178.78310628056
 20
26063.995593240496
 10
51704.778537555045
 20
26898.333173882787
 10
51468.47716769203
 20
27047.305776622514
 10
50942.48173641755
 20
26212.968195980222
  0
LWPOLYLINE
  5
12D
330
17
100
AcDbEntity
  8
F01_STAIRS
100
AcDbPolyline
 90
5
 70
1
 10
51178.78310628056
 20
26063.995593240496
 10
51415.08447614358
 20
25915.02299050077
 10
51941.07990741806
 20
26749.36057114306
 10
51704.778537555045
 20
26898.333173882787
 10
51178.78310628056
 20
26063.995593240496
  0
LWPOLYLINE
  5
12E
330
17
100
AcDbEntity
  8
F01_STAIRS
100
AcDbPolyline
 90
5
 70
1
 10
51415.08447614357
 20
25915.022990500773
 10
51651.38584600658
 20
25766.050387761046
 10
52177.38127728108
 20
26600.38796840333
 10
51941.07990741807
 20
26749.360571143057
 10
51415.08447614357
 20
25915.022990500773
  0
LWPOLYLINE
  5
12F
330
17
100
AcDbEntity
  8
F01_STAIRS
100
AcDbPolyline
 90
5
 70
1
 10
51651.3858460066
 20
25766.050387761043
 10
51887.68721586961
 20
25617.07778502132
 10
52413.68264714408
 20
26451.41536566361
 10
52177.38127728106
 20
26600.387968403335
 10
51651.3858460066
 20
25766.050387761043
  0
LWPOLYLINE
  5
130
330
17
100
AcDbEntity
  8
F01_STAIRS
100
AcDbPolyline
 90
5
 70
1
 10
51887.6872158696
 20
25617.077785021324
 10
52123.98858573261
 20
25468.105182281597
 10
52649.984017007104
 20
26302.44276292388
 10
52413.682647144095
 20
26451.415365663608
 10
51887.6872158696
 20
25617.077785021324
  0
LWPOLYLINE
  5
131
330
17
100
AcDbEntity
  8
F01_STAIRS
100
AcDbPolyline
 90
5
 70
1
 10
52123.988585732615
 20
25468.105182281593
 10
52360.28995559563
 20
25319.132579541867
 10
52886.28538687011
 20
26153.47016018416
 10
52649.9840170071
 20
26302.442762923885
 10
52123.988585732615
 20
25468.105182281593
  0
LWPOLYLINE
  5
132
330
17
100
AcDbEntity
  8
F01_STAIRS
100
AcDbPolyline
 90
5
 70
1
 10
52360.28995559563
 20
25319.132579541867
 10
52596.59132545865
 20
25170.15997680214
 10
53122.58675673313
 20
26004.497557444432
 10
52886.28538687011
 20
26153.47016018416
 10
52360.28995559563
 20
25319.132579541867
  0
LWPOLYLINE
  5
133
330
17
100
AcDbEntity
  8
F01_STAIRS
100
AcDbPolyline
 90
5
 70
1
 10
52596.59132545864
 20
25170.159976802144
 10
52832.89269532165
 20
25021.187374062418
 10
53358.888126596146
 20
25855.524954704702
 10
53122.58675673314
 20
26004.49755744443
 10
52596.59132545864
 20
25170.159976802144
  0
LWPOLYLINE
  5
134
330
17
100
AcDbEntity
  8
F01_STAIRS
100
AcDbPolyline
 90
5
 70
1
 10
52027.39726027397
 20
5054.794520547945
 10
52027.39726027397
 20
5434.931506849315
 10
50794.5205479452
 20
5434.931506849315
 10
50794.5205479452
 20
5054.794520547945
 10
52027.39726027397
 20
5054.794520547945
  0
LWPOLYLINE
  5
135
330
17
100
AcDbEntity
  8
F01_STAIRS
100
AcDbPolyline
 90
5
 70
1
 10
52027.39726027397
 20
5434.931506849315
 10
52027.39726027397
 20
5815.068493150685
 10
50794.5205479452
 20
5815.068493150685
 10
50794.5205479452
 20
5434.931506849315
 10
52027.39726027397
 20
5434.931506849315
  0
LWPOLYLINE
  5
136
330
17
100
AcDbEntity
  8
F01_STAIRS
100
AcDbPolyline
 90
5
 70
1
 10
52027.39726027397
 20
5815.068493150685
 10
52027.39726027397
 20
6195.2054794520545
 10
50794.5205479452
 20
6195.2054794520545
 10
50794.5205479452
 20
5815.068493150685
 10
52027.39726027397
 20
5815.068493150685
  0
LWPOLYLINE
  5
137
330
17
100
AcDbEntity
  8
F01_STAIRS
100
AcDbPolyline
 90
5
 70
1
 10
52027.39726027397
 20
6195.2054794520545
 10
52027.39726027397
 20
6575.342465753424
 10
50794.5205479452
 20
6575.342465753424
 10
50794.5205479452
 20
6195.2054794520545
 10
52027.39726027397
 20
6195.2054794520545
  0
LWPOLYLINE
  5
138
330
17
100
AcDbEntity
  8
F01_STAIRS
100
AcDbPolyline
 90
5
 70
1
 10
52027.39726027397
 20
6575.342465753424
 10
52027.39726027397
 20
6955.479452054794
 10
50794.5205479452
 20
6955.479452054794
 10
50794.5205479452
 20
6575.342465753424
 10
52027.39726027397
 20
6575.342465753424
  0
LWPOLYLINE
  5
139
330
17
100
AcDbEntity
  8
F01_STAIRS
100
AcDbPolyline
 90
5
 70
1
 10
52027.39726027397
 20
6955.479452054794
 10
52027.39726027397
 20
7335.616438356164
 10
50794.5205479452
 20
7335.616438356164
 10
50794.5205479452
 20
6955.479452054794
 10
52027.39726027397
 20
6955.479452054794
  0
LWPOLYLINE
  5
13A
330
17
100
AcDbEntity
  8
F01_STAIRS
100
AcDbPolyline
 90
5
 70
1
 10
52027.39726027397
 20
7335.616438356164
 10
52027.39726027397
 20
7715.753424657533
 10
50794.5205479452
 20
7715.753424657533
 10
50794.5205479452
 20
7335.616438356164
 10
52027.39726027397
 20
7335.616438356164
  0
LWPOLYLINE
  5
13B
330
17
100
AcDbEntity
  8
F01_STAIRS
100
AcDbPolyline
 90
5
 70
1
 10
52027.39726027397
 20
7715.753424657533
 10
52027.39726027397
 20
8095.890410958904
 10
50794.5205479452
 20
8095.890410958904
 10
50794.5205479452
 20
7715.753424657533
 10
52027.39726027397
 20
7715.753424657533
  0
LWPOLYLINE
  5
13C
330
17
100
AcDbEntity
  8
F01_STAIRS
100
AcDbPolyline
 90
5
 70
1
 10
52027.39726027397
 20
8095.890410958904
 10
52027.39726027397
 20
8476.027397260274
 10
50794.5205479452
 20
8476.027397260274
 10
50794.5205479452
 20
8095.890410958904
 10
52027.39726027397
 20
8095.890410958904
  0
LWPOLYLINE
  5
13D
330
17
100
AcDbEntity
  8
F01_STAIRS
100
AcDbPolyline
 90
5
 70
1
 10
52027.39726027397
 20
8476.027397260274
 10
52027.39726027397
 20
8856.164383561643
 10
50794.5205479452
 20
8856.164383561643
 10
50794.5205479452
 20
8476.027397260274
 10
52027.39726027397
 20
8476.027397260274
  0
LWPOLYLINE
  5
13E
330
17
100
AcDbEntity
  8
F01_STAIRS
100
AcDbPolyline
 90
5
 70
1
 10
52027.39726027397
 20
8856.164383561643
 10
52027.39726027397
 20
9236.301369863013
 10
50794.5205479452
 20
9236.301369863013
 10
50794.5205479452
 20
8856.164383561643
 10
52027.39726027397
 20
8856.164383561643
  0
LWPOLYLINE
  5
13F
330
17
100
AcDbEntity
  8
F01_STAIRS
100
AcDbPolyline
 90
5
 70
1
 10
52027.39726027397
 20
9236.301369863013
 10
52027.39726027397
 20
9616.438356164383
 10
50794.5205479452
 20
9616.438356164383
 10
50794.5205479452
 20
9236.301369863013
 10
52027.39726027397
 20
9236.301369863013
  0
LWPOLYLINE
  5
140
330
17
100
AcDbEntity
  8
F01_STAIRS
100
AcDbPolyline
 90
5
 70
1
 10
41917.80821917808
 20
32219.17808219178
 10
41917.80821917808
 20
32103.362391033625
 10
43561.643835616436
 20
32103.362391033625
 10
43561.643835616436
 20
32219.17808219178
 10
41917.80821917808
 20
32219.17808219178
  0
LWPOLYLINE
  5
141
330
17
100
AcDbEntity
  8
F01_STAIRS
100
AcDbPolyline
 90
5
 70
1
 10
41917.80821917808
 20
32103.362391033625
 10
41917.80821917808
 20
31987.546699875464
 10
43561.643835616436
 20
31987.546699875464
 10
43561.643835616436
 20
32103.362391033625
 10
41917.80821917808
 20
32103.362391033625
  0
LWPOLYLINE
  5
142
330
17
100
AcDbEntity
  8
F01_STAIRS
100
AcDbPolyline
 90
5
 70
1
 10
41917.80821917808
 20
31987.546699875464
 10
41917.80821917808
 20
31871.731008717306
 10
43561.643835616436
 20
31871.731008717306
 10
43561.643835616436
 20
31987.546699875464
 10
41917.80821917808
 20
31987.546699875464
  0
LWPOLYLINE
  5
143
330
17
100
AcDbEntity
  8
F01_STAIRS
100
AcDbPolyline
 90
5
 70
1
 10
41917.80821917808
 20
31871.731008717306
 10
41917.80821917808
 20
31755.915317559153
 10
43561.643835616436
 20
31755.915317559153
 10
43561.643835616436
 20
31871.731008717306
 10
41917.80821917808
 20
31871.731008717306
  0
LWPOLYLINE
  5
144
330
17
100
AcDbEntity
  8
F01_STAIRS
100
AcDbPolyline
 90
5
 70
1
 10
41917.80821917808
 20
31755.915317559153
 10
41917.80821917808
 20
31640.099626400992
 10
43561.643835616436
 20
31640.099626400992
 10
43561.643835616436
 20
31755.915317559153
 10
41917.80821917808
 20
31755.915317559153
  0
LWPOLYLINE
  5
145
330
17
100
AcDbEntity
  8
F01_STAIRS
100
AcDbPolyline
 90
5
 70
1
 10
41917.80821917808
 20
31640.099626400992
 10
41917.80821917808
 20
31524.28393524284
 10
43561.643835616436
 20
31524.28393524284
 10
43561.643835616436
 20
31640.099626400992
 10
41917.80821917808
 20
31640.099626400992
  0
LWPOLYLINE
  5
146
330
17
100
AcDbEntity
  8
F01_STAIRS
100
AcDbPolyline
 90
5
 70
1
 10
41917.80821917808
 20
31524.28393524284
 10
41917.80821917808
 20
31408.46824408468
 10
43561.643835616436
 20
31408.46824408468
 10
43561.643835616436
 20
31524.28393524284
 10
41917.80821917808
 20
31524.28393524284
  0
LWPOLYLINE
  5
147
330
17
100
AcDbEntity
  8
F01_STAIRS
100
AcDbPolyline
 90
5
 70
1
 10
41917.80821917808
 20
31408.46824408468
 10
41917.80821917808
 20
31292.652552926524
 10
43561.643835616436
 20
31292.652552926524
 10
43561.643835616436
 20
31408.46824408468
 10
41917.80821917808
 20
31408.46824408468
  0
LWPOLYLINE
  5
148
330
17
100
AcDbEntity
  8
F01_STAIRS
100
AcDbPolyline
 90
5
 70
1
 10
41917.80821917808
 20
31292.652552926524
 10
41917.80821917808
 20
31176.836861768366
 10
43561.643835616436
 20
31176.836861768366
 10
43561.643835616436
 20
31292.652552926524
 10
41917.80821917808
 20
31292.652552926524
  0
LWPOLYLINE
  5
149
330
17
100
AcDbEntity
  8
F01_STAIRS
100
AcDbPolyline
 90
5
 70
1
 10
41917.80821917808
 20
31176.836861768366
 10
41917.80821917808
 20
31061.021170610205
 10
43561.643835616436
 20
31061.021170610205
 10
43561.643835616436
 20
31176.836861768366
 10
41917.80821917808
 20
31176.836861768366
  0
LWPOLYLINE
  5
14A
330
17
100
AcDbEntity
  8
F01_STAIRS
100
AcDbPolyline
 90
5
 70
1
 10
41917.80821917808
 20
31061.021170610205
 10
41917.80821917808
 20
30945.20547945205
 10
43561.643835616436
 20
30945.20547945205
 10
43561.643835616436
 20
31061.021170610205
 10
41917.80821917808
 20
31061.021170610205
  0
LWPOLYLINE
  5
14B
330
17
100
AcDbEntity
  8
F01_STAIRS
100
AcDbPolyline
 90
5
 70
1
 10
41917.80821917808
 20
30945.20547945205
 10
41917.80821917808
 20
30829.389788293898
 10
43561.643835616436
 20
30829.389788293898
 10
43561.643835616436
 20
30945.20547945205
 10
41917.80821917808
 20
30945.20547945205
  0
LWPOLYLINE
  5
14C
330
17
100
AcDbEntity
  8
F01_STAIRS
100
AcDbPolyline
 90
5
 70
1
 10
41917.80821917808
 20
30829.389788293898
 10
41917.80821917808
 20
30713.57409713574
 10
43561.643835616436
 20
30713.57409713574
 10
43561.643835616436
 20
30829.389788293898
 10
41917.80821917808
 20
30829.389788293898
  0
LWPOLYLINE
  5
14D
330
17
100
AcDbEntity
  8
F01_STAIRS
100
AcDbPolyline
 90
5
 70
1
 10
41917.80821917808
 20
30713.57409713574
 10
41917.80821917808
 20
30597.75840597758
 10
43561.643835616436
 20
30597.75840597758
 10
43561.643835616436
 20
30713.57409713574
 10
41917.80821917808
 20
30713.57409713574
  0
LWPOLYLINE
  5
14E
330
17
100
AcDbEntity
  8
F01_STAIRS
100
AcDbPolyline
 90
5
 70
1
 10
41917.80821917808
 20
30597.75840597758
 10
41917.80821917808
 20
30481.942714819426
 10
43561.643835616436
 20
30481.942714819426
 10
43561.643835616436
 20
30597.75840597758
 10
41917.80821917808
 20
30597.75840597758
  0
LWPOLYLINE
  5
14F
330
17
100
AcDbEntity
  8
F01_STAIRS
100
AcDbPolyline
 90
5
 70
1
 10
41917.80821917808
 20
30481.942714819426
 10
41917.80821917808
 20
30366.127023661265
 10
43561.643835616436
 20
30366.127023661265
 10
43561.643835616436
 20
30481.942714819426
 10
41917.80821917808
 20
30481.942714819426
  0
LWPOLYLINE
  5
150
330
17
100
AcDbEntity
  8
F01_STAIRS
100
AcDbPolyline
 90
5
 70
1
 10
41917.80821917808
 20
30366.127023661265
 10
41917.80821917808
 20
30250.31133250311
 10
43561.643835616436
 20
30250.31133250311
 10
43561.643835616436
 20
30366.127023661265
 10
41917.80821917808
 20
30366.127023661265
  0
LWPOLYLINE
  5
151
330
17
100
AcDbEntity
  8
F01_STAIRS
100
AcDbPolyline
 90
5
 70
1
 10
41917.80821917808
 20
30250.31133250311
 10
41917.80821917808
 20
30134.495641344954
 10
43561.643835616436
 20
30134.495641344954
 10
43561.643835616436
 20
30250.31133250311
 10
41917.80821917808
 20
30250.31133250311
  0
LWPOLYLINE
  5
152
330
17
100
AcDbEntity
  8
F01_STAIRS
100
AcDbPolyline
 90
5
 70
1
 10
41917.80821917808
 20
30134.495641344954
 10
41917.80821917808
 20
30018.6799501868
 10
43561.643835616436
 20
30018.6799501868
 10
43561.643835616436
 20
30134.495641344954
 10
41917.80821917808
 20
30134.495641344954
  0
LWPOLYLINE
  5
153
330
17
100
AcDbEntity
  8
F01_STAIRS
100
AcDbPolyline
 90
5
 70
1
 10
41917.80821917808
 20
30018.6799501868
 10
41917.80821917808
 20
29902.86425902864
 10
43561.643835616436
 20
29902.86425902864
 10
43561.643835616436
 20
30018.6799501868
 10
41917.80821917808
 20
30018.6799501868
  0
LWPOLYLINE
  5
154
330
17
100
AcDbEntity
  8
F01_STAIRS
100
AcDbPolyline
 90
5
 70
1
 10
41917.80821917808
 20
29902.86425902864
 10
41917.80821917808
 20
29787.048567870483
 10
43561.643835616436
 20
29787.048567870483
 10
43561.643835616436
 20
29902.86425902864
 10
41917.80821917808
 20
29902.86425902864
  0
LWPOLYLINE
  5
155
330
17
100
AcDbEntity
  8
F01_STAIRS
100
AcDbPolyline
 90
5
 70
1
 10
41917.80821917808
 20
29787.048567870483
 10
41917.80821917808
 20
29671.232876712325
 10
43561.643835616436
 20
29671.232876712325
 10
43561.643835616436
 20
29787.048567870483
 10
41917.80821917808
 20
29787.048567870483
  0
LWPOLYLINE
  5
156
330
17
100
AcDbEntity
  8
F01_STAIRS
100
AcDbPolyline
 90
5
 70
1
 10
40232.87671232876
 20
9493.150684931506
 10
40232.87671232876
 20
9373.599003735992
 10
41958.904109589035
 20
9373.599003735992
 10
41958.904109589035
 20
9493.150684931506
 10
40232.87671232876
 20
9493.150684931506
  0
LWPOLYLINE
  5
157
330
17
100
AcDbEntity
  8
F01_STAIRS
100
AcDbPolyline
 90
5
 70
1
 10
40232.87671232876
 20
9373.599003735992
 10
40232.87671232876
 20
9254.047322540471
 10
41958.904109589035
 20
9254.047322540471
 10
41958.904109589035
 20
9373.599003735992
 10
40232.87671232876
 20
9373.599003735992
  0
LWPOLYLINE
  5
158
330
17
100
AcDbEntity
  8
F01_STAIRS
100
AcDbPolyline
 90
5
 70
1
 10
40232.87671232876
 20
9254.047322540471
 10
40232.87671232876
 20
9134.495641344954
 10
41958.904109589035
 20
9134.495641344954
 10
41958.904109589035
 20
9254.047322540471
 10
40232.87671232876
 20
9254.047322540471
  0
LWPOLYLINE
  5
159
330
17
100
AcDbEntity
  8
F01_STAIRS
100
AcDbPolyline
 90
5
 70
1
 10
40232.87671232876
 20
9134.495641344954
 10
40232.87671232876
 20
9014.94396014944
 10
41958.904109589035
 20
9014.94396014944
 10
41958.904109589035
 20
9134.495641344954
 10
40232.87671232876
 20
9134.495641344954
  0
LWPOLYLINE
  5
15A
330
17
100
AcDbEntity
  8
F01_STAIRS
100
AcDbPolyline
 90
5
 70
1
 10
40232.87671232876
 20
9014.94396014944
 10
40232.87671232876
 20
8895.392278953925
 10
41958.904109589035
 20
8895.392278953925
 10
41958.904109589035
 20
9014.94396014944
 10
40232.87671232876
 20
9014.94396014944
  0
LWPOLYLINE
  5
15B
330
17
100
AcDbEntity
  8
F01_STAIRS
100
AcDbPolyline
 90
5
 70
1
 10
40232.87671232876
 20
8895.392278953925
 10
40232.87671232876
 20
8775.840597758404
 10
41958.904109589035
 20
8775.840597758404
 10
41958.904109589035
 20
8895.392278953925
 10
40232.87671232876
 20
8895.392278953925
  0
LWPOLYLINE
  5
15C
330
17
100
AcDbEntity
  8
F01_STAIRS
100
AcDbPolyline
 90
5
 70
1
 10
40232.87671232876
 20
8775.840597758404
 10
40232.87671232876
 20
8656.288916562888
 10
41958.904109589035
 20
8656.288916562888
 10
41958.904109589035
 20
8775.840597758404
 10
40232.87671232876
 20
8775.840597758404
  0
LWPOLYLINE
  5
15D
330
17
100
AcDbEntity
  8
F01_STAIRS
100
AcDbPolyline
 90
5
 70
1
 10
40232.87671232876
 20
8656.288916562888
 10
40232.87671232876
 20
8536.737235367373
 10
41958.904109589035
 20
8536.737235367373
 10
41958.904109589035
 20
8656.288916562888
 10
40232.87671232876
 20
8656.288916562888
  0
LWPOLYLINE
  5
15E
330
17
100
AcDbEntity
  8
F01_STAIRS
100
AcDbPolyline
 90
5
 70
1
 10
40232.87671232876
 20
8536.737235367373
 10
40232.87671232876
 20
8417.185554171858
 10
41958.904109589035
 20
8417.185554171858
 10
41958.904109589035
 20
8536.737235367373
 10
40232.87671232876
 20
8536.737235367373
  0
LWPOLYLINE
  5
15F
330
17
100
AcDbEntity
  8
F01_STAIRS
100
AcDbPolyline
 90
5
 70
1
 10
40232.87671232876
 20
8417.185554171858
 10
40232.87671232876
 20
8297.633872976337
 10
41958.904109589035
 20
8297.633872976337
 10
41958.904109589035
 20
8417.185554171858
 10
40232.87671232876
 20
8417.185554171858
  0
LWPOLYLINE
  5
160
330
17
100
AcDbEntity
  8
F01_STAIRS
100
AcDbPolyline
 90
5
 70
1
 10
40232.87671232876
 20
8297.633872976337
 10
40232.87671232876
 20
8178.082191780822
 10
41958.904109589035
 20
8178.082191780822
 10
41958.904109589035
 20
8297.633872976337
 10
40232.87671232876
 20
8297.633872976337
  0
LWPOLYLINE
  5
161
330
17
100
AcDbEntity
  8
F01_STAIRS
100
AcDbPolyline
 90
5
 70
1
 10
40232.87671232876
 20
8178.082191780822
 10
40232.87671232876
 20
8058.530510585306
 10
41958.904109589035
 20
8058.530510585306
 10
41958.904109589035
 20
8178.082191780822
 10
40232.87671232876
 20
8178.082191780822
  0
LWPOLYLINE
  5
162
330
17
100
AcDbEntity
  8
F01_STAIRS
100
AcDbPolyline
 90
5
 70
1
 10
40232.87671232876
 20
8058.530510585306
 10
40232.87671232876
 20
7938.9788293897855
 10
41958.904109589035
 20
7938.9788293897855
 10
41958.904109589035
 20
8058.530510585306
 10
40232.87671232876
 20
8058.530510585306
  0
LWPOLYLINE
  5
163
330
17
100
AcDbEntity
  8
F01_STAIRS
100
AcDbPolyline
 90
5
 70
1
 10
40232.87671232876
 20
7938.9788293897855
 10
40232.87671232876
 20
7819.427148194271
 10
41958.904109589035
 20
7819.427148194271
 10
41958.904109589035
 20
7938.9788293897855
 10
40232.87671232876
 20
7938.9788293897855
  0
LWPOLYLINE
  5
164
330
17
100
AcDbEntity
  8
F01_STAIRS
100
AcDbPolyline
 90
5
 70
1
 10
40232.87671232876
 20
7819.427148194271
 10
40232.87671232876
 20
7699.875466998755
 10
41958.904109589035
 20
7699.875466998755
 10
41958.904109589035
 20
7819.427148194271
 10
40232.87671232876
 20
7819.427148194271
  0
LWPOLYLINE
  5
165
330
17
100
AcDbEntity
  8
F01_STAIRS
100
AcDbPolyline
 90
5
 70
1
 10
40232.87671232876
 20
7699.875466998755
 10
40232.87671232876
 20
7580.323785803239
 10
41958.904109589035
 20
7580.323785803239
 10
41958.904109589035
 20
7699.875466998755
 10
40232.87671232876
 20
7699.875466998755
  0
LWPOLYLINE
  5
166
330
17
100
AcDbEntity
  8
F01_STAIRS
100
AcDbPolyline
 90
5
 70
1
 10
40232.87671232876
 20
7580.323785803239
 10
40232.87671232876
 20
7460.772104607719
 10
41958.904109589035
 20
7460.772104607719
 10
41958.904109589035
 20
7580.323785803239
 10
40232.87671232876
 20
7580.323785803239
  0
LWPOLYLINE
  5
167
330
17
100
AcDbEntity
  8
F01_STAIRS
100
AcDbPolyline
 90
5
 70
1
 10
40232.87671232876
 20
7460.772104607719
 10
40232.87671232876
 20
7341.220423412204
 10
41958.904109589035
 20
7341.220423412204
 10
41958.904109589035
 20
7460.772104607719
 10
40232.87671232876
 20
7460.772104607719
  0
LWPOLYLINE
  5
168
330
17
100
AcDbEntity
  8
F01_STAIRS
100
AcDbPolyline
 90
5
 70
1
 10
40232.87671232876
 20
7341.220423412204
 10
40232.87671232876
 20
7221.668742216688
 10
41958.904109589035
 20
7221.668742216688
 10
41958.904109589035
 20
7341.220423412204
 10
40232.87671232876
 20
7341.220423412204
  0
LWPOLYLINE
  5
169
330
17
100
AcDbEntity
  8
F01_STAIRS
100
AcDbPolyline
 90
5
 70
1
 10
40232.87671232876
 20
7221.668742216688
 10
40232.87671232876
 20
7102.117061021172
 10
41958.904109589035
 20
7102.117061021172
 10
41958.904109589035
 20
7221.668742216688
 10
40232.87671232876
 20
7221.668742216688
  0
LWPOLYLINE
  5
16A
330
17
100
AcDbEntity
  8
F01_STAIRS
100
AcDbPolyline
 90
5
 70
1
 10
40232.87671232876
 20
7102.117061021172
 10
40232.87671232876
 20
6982.565379825652
 10
41958.904109589035
 20
6982.565379825652
 10
41958.904109589035
 20
7102.117061021172
 10
40232.87671232876
 20
7102.117061021172
  0
LWPOLYLINE
  5
16B
330
17
100
AcDbEntity
  8
F01_STAIRS
100
AcDbPolyline
 90
5
 70
1
 10
40232.87671232876
 20
6982.565379825652
 10
40232.87671232876
 20
6863.013698630137
 10
41958.904109589035
 20
6863.013698630137
 10
41958.904109589035
 20
6982.565379825652
 10
40232.87671232876
 20
6982.565379825652
  0
LWPOLYLINE
  5
16D
330
17
100
AcDbEntity
  8
F01_PIT
100
AcDbPolyline
 90
257
 70
1
 10
20712.328767123287
 20
17835.616438356163
 10
20710.187491826437
 20
17661.138388994637
 10
20703.76495576006
 20
17486.76543868589
 10
20693.065027619727
 20
17312.602623174964
 10
20678.094152642057
 20
17138.75485162956
 10
20658.861348722334
 20
16965.326843446666
 10
20635.378200982483
 20
16792.423065173523
 10
20607.658854792608
 20
16620.14766758087
 10
20575.720007250362
 20
16448.60442292643
 10
20539.580897123236
 20
16277.896662446363
 10
20499.26329325984
 20
16108.12721411241
 10
20454.791481477165
 20
15939.39834069216
 10
20406.19224993173
 20
15771.81167814978
 10
20353.49487298337
 20
15605.468174424317
 10
20296.731093561473
 20
15440.468028622434
 10
20235.935104044238
 20
15276.910630662205
 10
20171.14352566243
 20
15114.89450140436
 10
20102.39538644017
 20
14954.517233306988
 10
20029.732097685846
 20
14795.875431639499
 10
19953.197429047566
 20
14639.06465629122
 10
19872.837482147894
 20
14484.179364209685
 10
19788.700662813986
 20
14331.312852503315
 10
19700.83765191974
 20
14180.557202242711
 10
19609.301374857503
 20
14032.003222994472
 10
19514.14696965782
 20
13885.74039812091
 10
19415.431753776327
 20
13741.856830878605
 10
19313.21518956787
 20
13600.439191348316
 10
19207.55884846861
 20
13461.572664228144
 10
19098.526373907676
 20
13325.340897521477
 10
18986.18344297076
 20
13191.825952150544
 10
18870.59772683868
 20
13061.108252525992
 10
18751.83885002481
 20
12933.266538102223
 10
18629.978348435863
 20
12808.377815947693
 10
18505.089626281337
 20
12686.517314358749
 10
18377.247911857565
 20
12567.758437544879
 10
18246.530212233014
 20
12452.1727214128
 10
18113.01526686208
 20
12339.829790475884
 10
17976.783500155412
 20
12230.797315914948
 10
17837.916973035244
 20
12125.140974815688
 10
17696.499333504955
 20
12022.924410607233
 10
17552.61576626265
 20
11924.20919472574
 10
17406.352941389086
 20
11829.054789526053
 10
17257.79896214085
 20
11737.518512463817
 10
17107.043311880243
 20
11649.65550156957
 10
16954.176800173875
 20
11565.518682235666
 10
16799.291508092338
 20
11485.158735335994
 10
16642.480732744058
 20
11408.62406669771
 10
16483.83893107657
 20
11335.96077794339
 10
16323.461662979198
 20
11267.212638721125
 10
16161.445533721353
 20
11202.421060339322
 10
15997.888135761124
 20
11141.625070822083
 10
15832.887989959241
 20
11084.86129140019
 10
15666.544486233779
 20
11032.163914451829
 10
15498.957823691399
 20
10983.564682906392
 10
15330.228950271148
 20
10939.092871123721
 10
15160.459501937195
 20
10898.775267260324
 10
14989.75174145713
 20
10862.636157133196
 10
14818.208496802688
 20
10830.69730959095
 10
14645.933099210037
 20
10802.977963401077
 10
14473.029320936892
 20
10779.494815661226
 10
14299.601312753999
 20
10760.262011741503
 10
14125.753541208593
 20
10745.291136763832
 10
13951.59072569767
 20
10734.5912086235
 10
13777.217775388923
 20
10728.168672557122
 10
13602.739726027396
 20
10726.027397260274
 10
13428.26167666587
 20
10728.168672557122
 10
13253.888726357123
 20
10734.5912086235
 10
13079.725910846199
 20
10745.291136763832
 10
12905.878139300794
 20
10760.262011741503
 10
12732.4501311179
 20
10779.494815661226
 10
12559.546352844756
 20
10802.977963401077
 10
12387.270955252103
 20
10830.69730959095
 10
12215.727710597663
 20
10862.636157133196
 10
12045.019950117596
 20
10898.775267260324
 10
11875.250501783643
 20
10939.092871123721
 10
11706.521628363393
 20
10983.564682906392
 10
11538.934965821014
 20
11032.163914451829
 10
11372.591462095552
 20
11084.86129140019
 10
11207.591316293667
 20
11141.625070822083
 10
11044.033918333438
 20
11202.421060339322
 10
10882.017789075593
 20
11267.212638721125
 10
10721.640520978222
 20
11335.96077794339
 10
10562.998719310734
 20
11408.62406669771
 10
10406.187943962452
 20
11485.158735335994
 10
10251.302651880918
 20
11565.518682235666
 10
10098.436140174548
 20
11649.65550156957
 10
9947.680489913944
 20
11737.518512463817
 10
9799.126510665707
 20
11829.054789526053
 10
9652.863685792145
 20
11924.209194725738
 10
9508.980118549838
 20
12022.924410607233
 10
9367.562479019547
 20
12125.140974815688
 10
9228.695951899379
 20
12230.797315914948
 10
9092.464185192712
 20
12339.82979047588
 10
8958.949239821779
 20
12452.1727214128
 10
8828.231540197223
 20
12567.758437544879
 10
8700.389825773455
 20
12686.517314358749
 10
8575.501103618928
 20
12808.377815947693
 10
8453.64060202998
 20
12933.26653810222
 10
8334.881725216113
 20
13061.10825252599
 10
8219.296009084032
 20
13191.825952150546
 10
8106.953078147115
 20
13325.340897521477
 10
7997.920603586182
 20
13461.572664228144
 10
7892.264262486921
 20
13600.439191348314
 10
7790.047698278466
 20
13741.856830878605
 10
7691.332482396971
 20
13885.74039812091
 10
7596.178077197286
 20
14032.003222994472
 10
7504.641800135051
 20
14180.55720224271
 10
7416.778789240804
 20
14331.312852503313
 10
7332.6419699069
 20
14484.179364209685
 10
7252.282023007226
 20
14639.064656291219
 10
7175.747354368943
 20
14795.8754316395
 10
7103.084065614623
 20
14954.517233306988
 10
7034.335926392358
 20
15114.89450140436
 10
6969.544348010554
 20
15276.910630662205
 10
6908.748358493317
 20
15440.468028622432
 10
6851.984579071423
 20
15605.468174424319
 10
6799.287202123062
 20
15771.81167814978
 10
6750.6879705776255
 20
15939.398340692158
 10
6706.216158794953
 20
16108.127214112408
 10
6665.898554931557
 20
16277.896662446361
 10
6629.759444804429
 20
16448.604422926426
 10
6597.820597262184
 20
16620.14766758087
 10
6570.101251072309
 20
16792.423065173523
 10
6546.618103332458
 20
16965.326843446666
 10
6527.3852994127365
 20
17138.754851629557
 10
6512.414424435065
 20
17312.602623174964
 10
6501.714496294732
 20
17486.76543868589
 10
6495.291960228355
 20
17661.138388994634
 10
6493.150684931506
 20
17835.616438356163
 10
6495.291960228355
 20
18010.094487717688
 10
6501.714496294732
 20
18184.467438026433
 10
6512.414424435065
 20
18358.63025353736
 10
6527.385299412736
 20
18532.478025082764
 10
6546.618103332458
 20
18705.90603326566
 10
6570.101251072309
 20
18878.809811538802
 10
6597.820597262183
 20
19051.085209131452
 10
6629.759444804429
 20
19222.628453785896
 10
6665.898554931556
 20
19393.336214265964
 10
6706.216158794953
 20
19563.105662599915
 10
6750.687970577625
 20
19731.834536020164
 10
6799.287202123061
 20
19899.421198562544
 10
6851.984579071422
 20
20065.764702288005
 10
6908.748358493316
 20
20230.764848089893
 10
6969.544348010553
 20
20394.32224605012
 10
7034.335926392357
 20
20556.338375307965
 10
7103.084065614623
 20
20716.715643405336
 10
7175.747354368942
 20
20875.357445072823
 10
7252.282023007226
 20
21032.168220421107
 10
7332.641969906899
 20
21187.05351250264
 10
7416.778789240803
 20
21339.92002420901
 10
7504.64180013505
 20
21490.675674469614
 10
7596.178077197285
 20
21639.22965371785
 10
7691.33248239697
 20
21785.492478591415
 10
7790.047698278465
 20
21929.37604583372
 10
7892.26426248692
 20
22070.79368536401
 10
7997.920603586181
 20
22209.66021248418
 10
8106.953078147114
 20
22345.891979190845
 10
8219.296009084032
 20
22479.40692456178
 10
8334.881725216112
 20
22610.124624186334
 10
8453.64060202998
 20
22737.966338610102
 10
8575.501103618928
 20
22862.855060764632
 10
8700.389825773455
 20
22984.715562353576
 10
8828.231540197223
 20
23103.474439167447
 10
8958.949239821775
 20
23219.06015529952
 10
9092.464185192708
 20
23331.40308623644
 10
9228.695951899375
 20
23440.435560797374
 10
9367.562479019549
 20
23546.091901896638
 10
9508.980118549838
 20
23648.308466105096
 10
9652.863685792141
 20
23747.023681986586
 10
9799.126510665705
 20
23842.178087186272
 10
9947.680489913942
 20
23933.714364248506
 10
10098.436140174546
 20
24021.577375142755
 10
10251.302651880918
 20
24105.71419447666
 10
10406.18794396245
 20
24186.07414137633
 10
10562.99871931073
 20
24262.608810014615
 10
10721.640520978217
 20
24335.27209876893
 10
10882.01778907559
 20
24404.0202379912
 10
11044.03391833344
 20
24468.811816373003
 10
11207.591316293667
 20
24529.607805890242
 10
11372.591462095552
 20
24586.371585312136
 10
11538.934965821012
 20
24639.068962260495
 10
11706.52162836339
 20
24687.668193805934
 10
11875.250501783641
 20
24732.140005588604
 10
12045.019950117594
 20
24772.457609452
 10
12215.72771059766
 20
24808.596719579127
 10
12387.270955252101
 20
24840.535567121373
 10
12559.54635284475
 20
24868.254913311248
 10
12732.450131117901
 20
24891.738061051103
 10
12905.878139300794
 20
24910.970864970823
 10
13079.725910846199
 20
24925.941739948496
 10
13253.888726357121
 20
24936.641668088825
 10
13428.261676665868
 20
24943.064204155206
 10
13602.739726027396
 20
24945.20547945205
 10
13777.217775388921
 20
24943.064204155206
 10
13951.590725697666
 20
24936.641668088825
 10
14125.753541208589
 20
24925.941739948496
 10
14299.601312753994
 20
24910.970864970823
 10
14473.029320936887
 20
24891.738061051103
 10
14645.933099210037
 20
24868.254913311248
 10
14818.208496802688
 20
24840.535567121377
 10
14989.75174145713
 20
24808.59671957913
 10
15160.459501937195
 20
24772.457609452
 10
15330.228950271146
 20
24732.140005588604
 10
15498.957823691399
 20
24687.668193805934
 10
15666.544486233775
 20
24639.0689622605
 10
15832.887989959238
 20
24586.371585312136
 10
15997.88813576112
 20
24529.607805890242
 10
16161.445533721348
 20
24468.811816373007
 10
16323.4616629792
 20
24404.0202379912
 10
16483.83893107657
 20
24335.272098768935
 10
16642.480732744058
 20
24262.608810014615
 10
16799.291508092338
 20
24186.07414137633
 10
16954.17680017387
 20
24105.71419447666
 10
17107.043311880243
 20
24021.577375142755
 10
17257.79896214085
 20
23933.71436424851
 10
17406.352941389086
 20
23842.178087186272
 10
17552.615766262647
 20
23747.02368198659
 10
17696.49933350495
 20
23648.308466105096
 10
17837.91697303524
 20
23546.09190189664
 10
17976.783500155416
 20
23440.435560797378
 10
18113.01526686208
 20
23331.40308623644
 10
18246.530212233014
 20
23219.060155299525
 10
18377.247911857565
 20
23103.474439167447
 10
18505.089626281337
 20
22984.71556235358
 10
18629.978348435863
 20
22862.855060764632
 10
18751.83885002481
 20
22737.966338610106
 10
18870.597726838678
 20
22610.124624186337
 10
18986.183442970756
 20
22479.406924561783
 10
19098.526373907673
 20
22345.891979190852
 10
19207.55884846861
 20
22209.660212484185
 10
19313.215189567873
 20
22070.79368536401
 10
19415.431753776327
 20
21929.37604583372
 10
19514.14696965782
 20
21785.492478591415
 10
19609.301374857503
 20
21639.229653717855
 10
19700.83765191974
 20
21490.675674469618
 10
19788.700662813986
 20
21339.920024209012
 10
19872.83748214789
 20
21187.05351250264
 10
19953.197429047563
 20
21032.168220421107
 10
20029.732097685846
 20
20875.35744507283
 10
20102.395386440166
 20
20716.71564340534
 10
20171.14352566243
 20
20556.33837530797
 10
20235.935104044238
 20
20394.32224605012
 10
20296.731093561473
 20
20230.76484808989
 10
20353.49487298337
 20
20065.76470228801
 10
20406.19224993173
 20
19899.421198562548
 10
20454.791481477165
 20
19731.834536020167
 10
20499.26329325984
 20
19563.10566259992
 10
20539.580897123233
 20
19393.336214265964
 10
20575.720007250362
 20
19222.6284537859
 10
20607.658854792608
 20
19051.08520913146
 10
20635.378200982483
 20
18878.809811538806
 10
20658.861348722334
 20
18705.90603326566
 10
20678.094152642057
 20
18532.478025082764
 10
20693.065027619727
 20
18358.63025353736
 10
20703.76495576006
 20
18184.467438026437
 10
20710.187491826437
 20
18010.09448771769
 10
20712.328767123287
 20
17835.616438356163
  0
TEXT
  5
16F
330
17
100
AcDbEntity
  8
F01_ROOMS
100
AcDbText
 10
11506.849315068494
 20
30328.767123287667
 30
0.0
 40
450.0
  1
大道具搬入・組立場
  7
JAPANESE
100
AcDbText
  0
TEXT
  5
170
330
17
100
AcDbEntity
  8
F01_ROOMS
100
AcDbText
 10
13602.739726027396
 20
17835.616438356163
 30
0.0
 40
450.0
  1
ピット
  7
JAPANESE
100
AcDbText
  0
TEXT
  5
171
330
17
100
AcDbEntity
  8
F01_ROOMS
100
AcDbText
 10
10849.31506849315
 20
8301.369863013699
 30
0.0
 40
450.0
  1
防災センター
  7
JAPANESE
100
AcDbText
  0
TEXT
  5
172
330
17
100
AcDbEntity
  8
F01_ROOMS
100
AcDbText
 10
26917.80821917808
 20
26630.13698630137
 30
0.0
 40
450.0
  1
貴賓室
  7
JAPANESE
100
AcDbText
  0
TEXT
  5
173
330
17
100
AcDbEntity
  8
F01_ROOMS
100
AcDbText
 10
28479.452054794518
 20
17876.712328767124
 30
0.0
 40
450.0
  1
ラウンジ
  7
JAPANESE
100
AcDbText
  0
TEXT
  5
174
330
17
100
AcDbEntity
  8
F01_ROOMS
100
AcDbText
 10
22890.41095890411
 20
8054.7945205479455
 30
0.0
 40
450.0
  1
厨房
  7
JAPANESE
100
AcDbText
  0
TEXT
  5
175
330
17
100
AcDbEntity
  8
F01_ROOMS
100
AcDbText
 10
41506.849315068495
 20
27164.383561643834
 30
0.0
 40
450.0
  1
事務所
  7
JAPANESE
100
AcDbText
  0
TEXT
  5
176
330
17
100
AcDbEntity
  8
F01_ROOMS
100
AcDbText
 10
44013.69863013698
 20
17835.616438356163
 30
0.0
 40
450.0
  1
エントランスロビー
  7
JAPANESE
100
AcDbText
  0
TEXT
  5
177
330
17
100
AcDbEntity
  8
F01_ROOMS
100
AcDbText
 10
41671.232876712325
 20
4315.068493150685
 30
0.0
 40
450.0
  1
店舗
  7
JAPANESE
100
AcDbText
  0
TEXT
  5
179
330
17
100
AcDbEntity
  8
ANNOTATION
100
AcDbText
 10
-1000.0
 20
-2500.0
 30
0.0
 40
650.0
  1
1F / SCHEMATIC / Z 0 mm
  7
JAPANESE
100
AcDbText
  0
LWPOLYLINE
  5
17B
330
17
100
AcDbEntity
  8
F02_WALLS
100
AcDbPolyline
 90
5
 70
1
 10
76019.74737591176
 20
35191.895156941
 10
123034.29994662871
 20
35191.895156941
 10
123034.29994662871
 20
35471.895156941
 10
76019.74737591176
 20
35471.895156941
 10
76019.74737591176
 20
35191.895156941
  0
LWPOLYLINE
  5
17C
330
17
100
AcDbEntity
  8
F02_WALLS
100
AcDbPolyline
 90
5
 70
1
 10
122894.29994662871
 20
35331.895156941
 10
122894.29994662871
 20
32592.924172149713
 10
123174.29994662871
 20
32592.924172149713
 10
123174.29994662871
 20
35331.895156941
 10
122894.29994662871
 20
35331.895156941
  0
LWPOLYLINE
  5
17D
330
17
100
AcDbEntity
  8
F02_WALLS
100
AcDbPolyline
 90
5
 70
1
 10
123034.29994662871
 20
32452.924172149713
 10
125083.75733855186
 20
32452.924172149713
 10
125083.75733855186
 20
32732.924172149713
 10
123034.29994662871
 20
32732.924172149713
 10
123034.29994662871
 20
32452.924172149713
  0
LWPOLYLINE
  5
17E
330
17
100
AcDbEntity
  8
F02_WALLS
100
AcDbPolyline
 90
5
 70
1
 10
124943.75733855186
 20
32592.924172149713
 10
124943.75733855186
 20
23803.688922446334
 10
125223.75733855186
 20
23803.688922446334
 10
125223.75733855186
 20
32592.924172149713
 10
124943.75733855186
 20
32592.924172149713
  0
LWPOLYLINE
  5
17F
330
17
100
AcDbEntity
  8
F02_WALLS
100
AcDbPolyline
 90
5
 70
1
 10
124943.75733855186
 20
11866.681048430592
 10
124943.75733855186
 20
4099.449897529934
 10
125223.75733855186
 20
4099.449897529934
 10
125223.75733855186
 20
11866.681048430592
 10
124943.75733855186
 20
11866.681048430592
  0
LWPOLYLINE
  5
180
330
17
100
AcDbEntity
  8
F02_WALLS
100
AcDbPolyline
 90
5
 70
1
 10
125083.75733855186
 20
4239.449897529934
 10
123321.22398149795
 20
4239.449897529934
 10
123321.22398149795
 20
3959.449897529934
 10
125083.75733855186
 20
3959.449897529934
 10
125083.75733855186
 20
4239.449897529934
  0
LWPOLYLINE
  5
181
330
17
100
AcDbEntity
  8
F02_WALLS
100
AcDbPolyline
 90
5
 70
1
 10
123181.22398149795
 20
4099.449897529934
 10
123181.22398149795
 20
134.07399417538315
 10
123461.22398149795
 20
134.07399417538315
 10
123461.22398149795
 20
4099.449897529934
 10
123181.22398149795
 20
4099.449897529934
  0
LWPOLYLINE
  5
182
330
17
100
AcDbEntity
  8
F02_WALLS
100
AcDbPolyline
 90
5
 70
1
 10
123321.22398149795
 20
274.0739941753832
 10
79708.77068137343
 20
274.0739941753832
 10
79708.77068137343
 20
-5.926005824616851
 10
123321.22398149795
 20
-5.926005824616851
 10
123321.22398149795
 20
274.0739941753832
  0
LWPOLYLINE
  5
183
330
17
100
AcDbEntity
  8
F02_WALLS
100
AcDbPolyline
 90
5
 70
1
 10
79800.38806905976
 20
239.93359115898562
 10
74840.70118060576
 20
4532.350806130406
 10
74657.46640523306
 20
4320.631612163202
 10
79617.15329368708
 20
28.214397191780662
 10
79800.38806905976
 20
239.93359115898562
  0
LWPOLYLINE
  5
184
330
17
100
AcDbEntity
  8
F02_WALLS
100
AcDbPolyline
 90
5
 70
1
 10
74889.01445451431
 20
4430.896881128784
 10
74356.1555326143
 20
21355.28475730179
 10
74076.2942094245
 20
21346.473413337833
 10
74609.1531313245
 20
4422.085537164824
 10
74889.01445451431
 20
4430.896881128784
  0
LWPOLYLINE
  5
185
330
17
100
AcDbEntity
  8
F02_WALLS
100
AcDbPolyline
 90
5
 70
1
 10
74315.18701334491
 20
22131.294947549282
 10
74028.26297847567
 20
33005.4185588102
 10
73748.3603981477
 20
32998.033064531395
 10
74035.28443301695
 20
22123.909453270473
 10
74315.18701334491
 20
22131.294947549282
  0
LWPOLYLINE
  5
186
330
17
100
AcDbEntity
  8
F02_WALLS
100
AcDbPolyline
 90
5
 70
1
 10
73991.61374891152
 20
32907.23409628881
 10
76123.04943651159
 20
35237.403441559014
 10
75916.44531531194
 20
35426.38687232298
 10
73785.00962771186
 20
33096.21752705278
 10
73991.61374891152
 20
32907.23409628881
  0
LWPOLYLINE
  5
187
330
17
100
AcDbEntity
  8
F02_WALLS
100
AcDbPolyline
 90
5
 70
1
 10
76821.50862835794
 20
35168.37450113257
 10
76821.50862835794
 20
29567.792039693668
 10
77021.50862835794
 20
29567.792039693668
 10
77021.50862835794
 20
35168.37450113257
 10
76821.50862835794
 20
35168.37450113257
  0
LWPOLYLINE
  5
188
330
17
100
AcDbEntity
  8
F02_WALLS
100
AcDbPolyline
 90
5
 70
1
 10
76206.671410781
 20
29486.03171178945
 10
76206.671410781
 20
27114.982202567146
 10
76406.671410781
 20
27114.982202567146
 10
76406.671410781
 20
29486.03171178945
 10
76206.671410781
 20
29486.03171178945
  0
LWPOLYLINE
  5
189
330
17
100
AcDbEntity
  8
F02_WALLS
100
AcDbPolyline
 90
5
 70
1
 10
78192.17221135029
 20
26974.102038615038
 10
80692.51022949653
 20
26974.102038615038
 10
80692.51022949653
 20
27174.102038615038
 10
78192.17221135029
 20
27174.102038615038
 10
78192.17221135029
 20
26974.102038615038
  0
LWPOLYLINE
  5
18A
330
17
100
AcDbEntity
  8
F02_WALLS
100
AcDbPolyline
 90
5
 70
1
 10
80792.51022949653
 20
27074.102038615038
 10
80792.51022949653
 20
33328.76712328767
 10
80592.51022949653
 20
33328.76712328767
 10
80592.51022949653
 20
27074.102038615038
 10
80792.51022949653
 20
27074.102038615038
  0
LWPOLYLINE
  5
18B
330
17
100
AcDbEntity
  8
F02_WALLS
100
AcDbPolyline
 90
5
 70
1
 10
80692.51022949653
 20
33228.76712328767
 10
83520.76143035047
 20
33228.76712328767
 10
83520.76143035047
 20
33428.76712328767
 10
80692.51022949653
 20
33428.76712328767
 10
80692.51022949653
 20
33228.76712328767
  0
LWPOLYLINE
  5
18C
330
17
100
AcDbEntity
  8
F02_WALLS
100
AcDbPolyline
 90
5
 70
1
 10
83420.76143035047
 20
33328.76712328767
 10
83420.76143035047
 20
27114.982202567146
 10
83620.76143035047
 20
27114.982202567146
 10
83620.76143035047
 20
33328.76712328767
 10
83420.76143035047
 20
33328.76712328767
  0
LWPOLYLINE
  5
18D
330
17
100
AcDbEntity
  8
F02_WALLS
100
AcDbPolyline
 90
5
 70
1
 10
83520.76143035047
 20
27214.982202567146
 10
81799.21722113503
 20
27214.982202567146
 10
81799.21722113503
 20
27014.982202567146
 10
83520.76143035047
 20
27014.982202567146
 10
83520.76143035047
 20
27214.982202567146
  0
LWPOLYLINE
  5
18E
330
17
100
AcDbEntity
  8
F02_WALLS
100
AcDbPolyline
 90
5
 70
1
 10
85037.3599003736
 20
26974.102038615038
 10
87086.81729229674
 20
26974.102038615038
 10
87086.81729229674
 20
27174.102038615038
 10
85037.3599003736
 20
27174.102038615038
 10
85037.3599003736
 20
26974.102038615038
  0
LWPOLYLINE
  5
18F
330
17
100
AcDbEntity
  8
F02_WALLS
100
AcDbPolyline
 90
5
 70
1
 10
87186.81729229674
 20
27074.102038615038
 10
87186.81729229674
 20
31816.201057059643
 10
86986.81729229674
 20
31816.201057059643
 10
86986.81729229674
 20
27074.102038615038
 10
87186.81729229674
 20
27074.102038615038
  0
LWPOLYLINE
  5
190
330
17
100
AcDbEntity
  8
F02_WALLS
100
AcDbPolyline
 90
5
 70
1
 10
87086.81729229674
 20
31716.201057059643
 10
89669.13360611991
 20
31716.201057059643
 10
89669.13360611991
 20
31916.201057059643
 10
87086.81729229674
 20
31916.201057059643
 10
87086.81729229674
 20
31716.201057059643
  0
LWPOLYLINE
  5
191
330
17
100
AcDbEntity
  8
F02_WALLS
100
AcDbPolyline
 90
5
 70
1
 10
86986.81729229674
 20
35250.13482903678
 10
86986.81729229674
 20
31897.961384963863
 10
87186.81729229674
 20
31897.961384963863
 10
87186.81729229674
 20
35250.13482903678
 10
86986.81729229674
 20
35250.13482903678
  0
LWPOLYLINE
  5
192
330
17
100
AcDbEntity
  8
F02_WALLS
100
AcDbPolyline
 90
5
 70
1
 10
91864.52588507383
 20
35250.13482903678
 10
91864.52588507383
 20
31530.039909394884
 10
92064.52588507383
 20
31530.039909394884
 10
92064.52588507383
 20
35250.13482903678
 10
91864.52588507383
 20
35250.13482903678
  0
LWPOLYLINE
  5
193
330
17
100
AcDbEntity
  8
F02_WALLS
100
AcDbPolyline
 90
5
 70
1
 10
91964.52588507383
 20
31430.039909394884
 10
95448.60345134317
 20
31430.039909394884
 10
95448.60345134317
 20
31630.039909394884
 10
91964.52588507383
 20
31630.039909394884
 10
91964.52588507383
 20
31430.039909394884
  0
LWPOLYLINE
  5
194
330
17
100
AcDbEntity
  8
F02_WALLS
100
AcDbPolyline
 90
5
 70
1
 10
95548.60345134317
 20
31530.039909394884
 10
95548.60345134317
 20
35209.25466508467
 10
95348.60345134317
 20
35209.25466508467
 10
95348.60345134317
 20
31530.039909394884
 10
95548.60345134317
 20
31530.039909394884
  0
LWPOLYLINE
  5
195
330
17
100
AcDbEntity
  8
F02_WALLS
100
AcDbPolyline
 90
5
 70
1
 10
96145.41896459705
 20
31511.8002372991
 10
103195.55239281266
 20
31511.8002372991
 10
103195.55239281266
 20
31711.8002372991
 10
96145.41896459705
 20
31711.8002372991
 10
96145.41896459705
 20
31511.8002372991
  0
LWPOLYLINE
  5
196
330
17
100
AcDbEntity
  8
F02_WALLS
100
AcDbPolyline
 90
5
 70
1
 10
103295.55239281266
 20
31611.8002372991
 10
103295.55239281266
 20
35291.01499298889
 10
103095.55239281266
 20
35291.01499298889
 10
103095.55239281266
 20
31611.8002372991
 10
103295.55239281266
 20
31611.8002372991
  0
LWPOLYLINE
  5
197
330
17
100
AcDbEntity
  8
F02_WALLS
100
AcDbPolyline
 90
5
 70
1
 10
103974.34620174346
 20
35150.13482903678
 10
105941.82529798968
 20
35150.13482903678
 10
105941.82529798968
 20
35350.13482903678
 10
103974.34620174346
 20
35350.13482903678
 10
103974.34620174346
 20
35150.13482903678
  0
LWPOLYLINE
  5
198
330
17
100
AcDbEntity
  8
F02_WALLS
100
AcDbPolyline
 90
5
 70
1
 10
105841.82529798968
 20
35250.13482903678
 10
105841.82529798968
 20
32347.643188437058
 10
106041.82529798968
 20
32347.643188437058
 10
106041.82529798968
 20
35250.13482903678
 10
105841.82529798968
 20
35250.13482903678
  0
LWPOLYLINE
  5
199
330
17
100
AcDbEntity
  8
F02_WALLS
100
AcDbPolyline
 90
5
 70
1
 10
105941.82529798968
 20
32447.643188437058
 10
104015.33534958193
 20
32447.643188437058
 10
104015.33534958193
 20
32247.643188437058
 10
105941.82529798968
 20
32247.643188437058
 10
105941.82529798968
 20
32447.643188437058
  0
LWPOLYLINE
  5
19A
330
17
100
AcDbEntity
  8
F02_WALLS
100
AcDbPolyline
 90
5
 70
1
 10
104115.33534958193
 20
32347.643188437058
 10
104115.33534958193
 20
35250.13482903678
 10
103915.33534958193
 20
35250.13482903678
 10
103915.33534958193
 20
32347.643188437058
 10
104115.33534958193
 20
32347.643188437058
  0
LWPOLYLINE
  5
19B
330
17
100
AcDbEntity
  8
F02_WALLS
100
AcDbPolyline
 90
5
 70
1
 10
109425.90286425903
 20
33596.68859885665
 10
114344.60060487458
 20
33596.68859885665
 10
114344.60060487458
 20
33796.68859885665
 10
109425.90286425903
 20
33796.68859885665
 10
109425.90286425903
 20
33596.68859885665
  0
LWPOLYLINE
  5
19C
330
17
100
AcDbEntity
  8
F02_WALLS
100
AcDbPolyline
 90
5
 70
1
 10
114244.60060487458
 20
33696.68859885665
 10
114244.60060487458
 20
29281.630892028905
 10
114444.60060487458
 20
29281.630892028905
 10
114444.60060487458
 20
33696.68859885665
 10
114244.60060487458
 20
33696.68859885665
  0
LWPOLYLINE
  5
19D
330
17
100
AcDbEntity
  8
F02_WALLS
100
AcDbPolyline
 90
5
 70
1
 10
114344.60060487458
 20
29381.630892028905
 10
109425.90286425903
 20
29381.630892028905
 10
109425.90286425903
 20
29181.630892028905
 10
114344.60060487458
 20
29181.630892028905
 10
114344.60060487458
 20
29381.630892028905
  0
LWPOLYLINE
  5
19E
330
17
100
AcDbEntity
  8
F02_WALLS
100
AcDbPolyline
 90
5
 70
1
 10
109525.90286425903
 20
29281.630892028905
 10
109525.90286425903
 20
30099.23417107108
 10
109325.90286425903
 20
30099.23417107108
 10
109325.90286425903
 20
29281.630892028905
 10
109525.90286425903
 20
29281.630892028905
  0
LWPOLYLINE
  5
19F
330
17
100
AcDbEntity
  8
F02_WALLS
100
AcDbPolyline
 90
5
 70
1
 10
109425.90286425903
 20
30199.23417107108
 10
107253.4780288205
 20
30199.23417107108
 10
107253.4780288205
 20
29999.23417107108
 10
109425.90286425903
 20
29999.23417107108
 10
109425.90286425903
 20
30199.23417107108
  0
LWPOLYLINE
  5
1A0
330
17
100
AcDbEntity
  8
F02_WALLS
100
AcDbPolyline
 90
5
 70
1
 10
105800.83615015121
 20
33574.04810700032
 10
105800.83615015121
 20
31570.92007334699
 10
106000.83615015121
 20
31570.92007334699
 10
106000.83615015121
 20
33574.04810700032
 10
105800.83615015121
 20
33574.04810700032
  0
LWPOLYLINE
  5
1A1
330
17
100
AcDbEntity
  8
F02_WALLS
100
AcDbPolyline
 90
5
 70
1
 10
105900.83615015121
 20
31470.92007334699
 10
109138.97882938979
 20
31470.92007334699
 10
109138.97882938979
 20
31670.92007334699
 10
105900.83615015121
 20
31670.92007334699
 10
105900.83615015121
 20
31470.92007334699
  0
LWPOLYLINE
  5
1A2
330
17
100
AcDbEntity
  8
F02_WALLS
100
AcDbPolyline
 90
5
 70
1
 10
105941.82529798968
 20
28404.907776938842
 10
107499.41291585127
 20
28404.907776938842
 10
107499.41291585127
 20
28604.907776938842
 10
105941.82529798968
 20
28604.907776938842
 10
105941.82529798968
 20
28404.907776938842
  0
LWPOLYLINE
  5
1A3
330
17
100
AcDbEntity
  8
F02_WALLS
100
AcDbPolyline
 90
5
 70
1
 10
105800.83615015121
 20
28504.907776938842
 10
105800.83615015121
 20
24866.573185201163
 10
106000.83615015121
 20
24866.573185201163
 10
106000.83615015121
 20
28504.907776938842
 10
105800.83615015121
 20
28504.907776938842
  0
LWPOLYLINE
  5
1A4
330
17
100
AcDbEntity
  8
F02_WALLS
100
AcDbPolyline
 90
5
 70
1
 10
105900.83615015121
 20
24766.573185201163
 10
117582.74328411315
 20
24766.573185201163
 10
117582.74328411315
 20
24966.573185201163
 10
105900.83615015121
 20
24966.573185201163
 10
105900.83615015121
 20
24766.573185201163
  0
LWPOLYLINE
  5
1A5
330
17
100
AcDbEntity
  8
F02_WALLS
100
AcDbPolyline
 90
5
 70
1
 10
117682.74328411315
 20
24866.573185201163
 10
117682.74328411315
 20
27319.38302232769
 10
117482.74328411315
 20
27319.38302232769
 10
117482.74328411315
 20
24866.573185201163
 10
117682.74328411315
 20
24866.573185201163
  0
LWPOLYLINE
  5
1A6
330
17
100
AcDbEntity
  8
F02_WALLS
100
AcDbPolyline
 90
5
 70
1
 10
114900.42697028999
 20
31325.63908963434
 10
114900.42697028999
 20
27401.143350231905
 10
115100.42697028999
 20
27401.143350231905
 10
115100.42697028999
 20
31325.63908963434
 10
114900.42697028999
 20
31325.63908963434
  0
LWPOLYLINE
  5
1A7
330
17
100
AcDbEntity
  8
F02_WALLS
100
AcDbPolyline
 90
5
 70
1
 10
115000.42697028999
 20
27301.143350231905
 10
116230.10140544386
 20
27301.143350231905
 10
116230.10140544386
 20
27501.143350231905
 10
115000.42697028999
 20
27501.143350231905
 10
115000.42697028999
 20
27301.143350231905
  0
LWPOLYLINE
  5
1A8
330
17
100
AcDbEntity
  8
F02_WALLS
100
AcDbPolyline
 90
5
 70
1
 10
117682.74328411315
 20
30221.874662927406
 10
117682.74328411315
 20
31325.63908963434
 10
117482.74328411315
 20
31325.63908963434
 10
117482.74328411315
 20
30221.874662927406
 10
117682.74328411315
 20
30221.874662927406
  0
LWPOLYLINE
  5
1A9
330
17
100
AcDbEntity
  8
F02_WALLS
100
AcDbPolyline
 90
5
 70
1
 10
115310.31844867462
 20
35127.494337180455
 10
115310.31844867462
 20
32388.523352389166
 10
115510.31844867462
 20
32388.523352389166
 10
115510.31844867462
 20
35127.494337180455
 10
115310.31844867462
 20
35127.494337180455
  0
LWPOLYLINE
  5
1AA
330
17
100
AcDbEntity
  8
F02_WALLS
100
AcDbPolyline
 90
5
 70
1
 10
88767.37235367372
 20
29345.15154783734
 10
95407.61430350471
 20
29345.15154783734
 10
95407.61430350471
 20
29545.15154783734
 10
88767.37235367372
 20
29545.15154783734
 10
88767.37235367372
 20
29345.15154783734
  0
LWPOLYLINE
  5
1AB
330
17
100
AcDbEntity
  8
F02_WALLS
100
AcDbPolyline
 90
5
 70
1
 10
95307.61430350471
 20
29445.15154783734
 10
95307.61430350471
 20
24866.573185201163
 10
95507.61430350471
 20
24866.573185201163
 10
95507.61430350471
 20
29445.15154783734
 10
95307.61430350471
 20
29445.15154783734
  0
LWPOLYLINE
  5
1AC
330
17
100
AcDbEntity
  8
F02_WALLS
100
AcDbPolyline
 90
5
 70
1
 10
95407.61430350471
 20
24966.573185201163
 10
88767.37235367372
 20
24966.573185201163
 10
88767.37235367372
 20
24766.573185201163
 10
95407.61430350471
 20
24766.573185201163
 10
95407.61430350471
 20
24966.573185201163
  0
LWPOLYLINE
  5
1AD
330
17
100
AcDbEntity
  8
F02_WALLS
100
AcDbPolyline
 90
5
 70
1
 10
88867.37235367372
 20
24866.573185201163
 10
88867.37235367372
 20
29445.15154783734
 10
88667.37235367372
 20
29445.15154783734
 10
88667.37235367372
 20
24866.573185201163
 10
88867.37235367372
 20
24866.573185201163
  0
LWPOLYLINE
  5
1AE
330
17
100
AcDbEntity
  8
F02_WALLS
100
AcDbPolyline
 90
5
 70
1
 10
90921.77548478918
 20
24743.932693344836
 10
90921.77548478918
 20
12684.284327472767
 10
91121.77548478918
 20
12684.284327472767
 10
91121.77548478918
 20
24743.932693344836
 10
90921.77548478918
 20
24743.932693344836
  0
LWPOLYLINE
  5
1AF
330
17
100
AcDbEntity
  8
F02_WALLS
100
AcDbPolyline
 90
5
 70
1
 10
91021.77548478918
 20
12584.284327472767
 10
95448.60345134317
 20
12584.284327472767
 10
95448.60345134317
 20
12784.284327472767
 10
91021.77548478918
 20
12784.284327472767
 10
91021.77548478918
 20
12584.284327472767
  0
LWPOLYLINE
  5
1B0
330
17
100
AcDbEntity
  8
F02_WALLS
100
AcDbPolyline
 90
5
 70
1
 10
95548.60345134317
 20
12684.284327472767
 10
95548.60345134317
 20
24703.052529392728
 10
95348.60345134317
 20
24703.052529392728
 10
95348.60345134317
 20
12684.284327472767
 10
95548.60345134317
 20
12684.284327472767
  0
LWPOLYLINE
  5
1B1
330
17
100
AcDbEntity
  8
F02_WALLS
100
AcDbPolyline
 90
5
 70
1
 10
90120.014232343
 20
23004.325315499947
 10
88808.36150151219
 20
23004.325315499947
 10
88808.36150151219
 20
22804.325315499947
 10
90120.014232343
 20
22804.325315499947
 10
90120.014232343
 20
23004.325315499947
  0
LWPOLYLINE
  5
1B2
330
17
100
AcDbEntity
  8
F02_WALLS
100
AcDbPolyline
 90
5
 70
1
 10
97029.15851272015
 20
28627.54826879517
 10
97029.15851272015
 20
6020.817603279046
 10
97229.15851272015
 20
6020.817603279046
 10
97229.15851272015
 20
28627.54826879517
 10
97029.15851272015
 20
28627.54826879517
  0
LWPOLYLINE
  5
1B3
330
17
100
AcDbEntity
  8
F02_WALLS
100
AcDbPolyline
 90
5
 70
1
 10
97129.15851272015
 20
5920.817603279046
 10
103851.37875822806
 20
5920.817603279046
 10
103851.37875822806
 20
6120.817603279046
 10
97129.15851272015
 20
6120.817603279046
 10
97129.15851272015
 20
5920.817603279046
  0
LWPOLYLINE
  5
1B4
330
17
100
AcDbEntity
  8
F02_WALLS
100
AcDbPolyline
 90
5
 70
1
 10
103951.37875822806
 20
6020.817603279046
 10
103951.37875822806
 20
6838.420882321222
 10
103751.37875822806
 20
6838.420882321222
 10
103751.37875822806
 20
6020.817603279046
 10
103951.37875822806
 20
6020.817603279046
  0
LWPOLYLINE
  5
1B5
330
17
100
AcDbEntity
  8
F02_WALLS
100
AcDbPolyline
 90
5
 70
1
 10
98563.77868706635
 20
28609.308596699386
 10
103605.44387119729
 20
28609.308596699386
 10
103605.44387119729
 20
28809.308596699386
 10
98563.77868706635
 20
28809.308596699386
 10
98563.77868706635
 20
28609.308596699386
  0
LWPOLYLINE
  5
1B6
330
17
100
AcDbEntity
  8
F02_WALLS
100
AcDbPolyline
 90
5
 70
1
 10
101742.91051414338
 20
24866.573185201163
 10
101742.91051414338
 20
10435.875310106785
 10
101942.91051414338
 20
10435.875310106785
 10
101942.91051414338
 20
24866.573185201163
 10
101742.91051414338
 20
24866.573185201163
  0
LWPOLYLINE
  5
1B7
330
17
100
AcDbEntity
  8
F02_WALLS
100
AcDbPolyline
 90
5
 70
1
 10
97129.15851272015
 20
24766.573185201163
 10
98563.77868706635
 20
24766.573185201163
 10
98563.77868706635
 20
24966.573185201163
 10
97129.15851272015
 20
24966.573185201163
 10
97129.15851272015
 20
24766.573185201163
  0
LWPOLYLINE
  5
1B8
330
17
100
AcDbEntity
  8
F02_WALLS
100
AcDbPolyline
 90
5
 70
1
 10
100203.34460060488
 20
24766.573185201163
 10
101801.92136630492
 20
24766.573185201163
 10
101801.92136630492
 20
24966.573185201163
 10
100203.34460060488
 20
24966.573185201163
 10
100203.34460060488
 20
24766.573185201163
  0
LWPOLYLINE
  5
1B9
330
17
100
AcDbEntity
  8
F02_WALLS
100
AcDbPolyline
 90
5
 70
1
 10
106082.81444582815
 20
9168.590227591412
 10
106082.81444582815
 20
10435.875310106785
 10
105882.81444582815
 20
10435.875310106785
 10
105882.81444582815
 20
9168.590227591412
 10
106082.81444582815
 20
9168.590227591412
  0
LWPOLYLINE
  5
1BA
330
17
100
AcDbEntity
  8
F02_WALLS
100
AcDbPolyline
 90
5
 70
1
 10
105982.81444582815
 20
10335.875310106785
 10
113278.88276107454
 20
10335.875310106785
 10
113278.88276107454
 20
10535.875310106785
 10
105982.81444582815
 20
10535.875310106785
 10
105982.81444582815
 20
10335.875310106785
  0
LWPOLYLINE
  5
1BB
330
17
100
AcDbEntity
  8
F02_WALLS
100
AcDbPolyline
 90
5
 70
1
 10
113178.88276107454
 20
10435.875310106785
 10
113178.88276107454
 20
6020.817603279046
 10
113378.88276107454
 20
6020.817603279046
 10
113378.88276107454
 20
10435.875310106785
 10
113178.88276107454
 20
10435.875310106785
  0
LWPOLYLINE
  5
1BC
330
17
100
AcDbEntity
  8
F02_WALLS
100
AcDbPolyline
 90
5
 70
1
 10
113278.88276107454
 20
6120.817603279046
 10
106023.80359366661
 20
6120.817603279046
 10
106023.80359366661
 20
5920.817603279046
 10
113278.88276107454
 20
5920.817603279046
 10
113278.88276107454
 20
6120.817603279046
  0
LWPOLYLINE
  5
1BD
330
17
100
AcDbEntity
  8
F02_WALLS
100
AcDbPolyline
 90
5
 70
1
 10
106123.80359366661
 20
6020.817603279046
 10
106123.80359366661
 20
7247.2225218423
 10
105923.80359366661
 20
7247.2225218423
 10
105923.80359366661
 20
6020.817603279046
 10
106123.80359366661
 20
6020.817603279046
  0
LWPOLYLINE
  5
1BE
330
17
100
AcDbEntity
  8
F02_WALLS
100
AcDbPolyline
 90
5
 70
1
 10
115187.35100515923
 20
10272.35465429835
 10
115187.35100515923
 20
4344.730881242586
 10
115387.35100515923
 20
4344.730881242586
 10
115387.35100515923
 20
10272.35465429835
 10
115187.35100515923
 20
10272.35465429835
  0
LWPOLYLINE
  5
1BF
330
17
100
AcDbEntity
  8
F02_WALLS
100
AcDbPolyline
 90
5
 70
1
 10
115287.35100515923
 20
4244.730881242586
 10
117582.74328411315
 20
4244.730881242586
 10
117582.74328411315
 20
4444.730881242586
 10
115287.35100515923
 20
4444.730881242586
 10
115287.35100515923
 20
4244.730881242586
  0
LWPOLYLINE
  5
1C0
330
17
100
AcDbEntity
  8
F02_WALLS
100
AcDbPolyline
 90
5
 70
1
 10
117682.74328411315
 20
4344.730881242586
 10
117682.74328411315
 20
9209.470391543522
 10
117482.74328411315
 20
9209.470391543522
 10
117482.74328411315
 20
4344.730881242586
 10
117682.74328411315
 20
4344.730881242586
  0
LWPOLYLINE
  5
1C1
330
17
100
AcDbEntity
  8
F02_WALLS
100
AcDbPolyline
 90
5
 70
1
 10
120188.02704145169
 20
28545.78794089095
 10
120188.02704145169
 20
24907.45334915327
 10
120388.02704145169
 20
24907.45334915327
 10
120388.02704145169
 20
28545.78794089095
 10
120188.02704145169
 20
28545.78794089095
  0
LWPOLYLINE
  5
1C2
330
17
100
AcDbEntity
  8
F02_WALLS
100
AcDbPolyline
 90
5
 70
1
 10
120288.02704145169
 20
24807.45334915327
 10
124632.87671232877
 20
24807.45334915327
 10
124632.87671232877
 20
25007.45334915327
 10
120288.02704145169
 20
25007.45334915327
 10
120288.02704145169
 20
24807.45334915327
  0
LWPOLYLINE
  5
1C3
330
17
100
AcDbEntity
  8
F02_WALLS
100
AcDbPolyline
 90
5
 70
1
 10
124732.87671232877
 20
24907.45334915327
 10
124732.87671232877
 20
30548.915974544278
 10
124532.87671232877
 20
30548.915974544278
 10
124532.87671232877
 20
24907.45334915327
 10
124732.87671232877
 20
24907.45334915327
  0
LWPOLYLINE
  5
1C4
330
17
100
AcDbEntity
  8
F02_WALLS
100
AcDbPolyline
 90
5
 70
1
 10
124632.87671232877
 20
30648.915974544278
 10
120697.91851983633
 20
30648.915974544278
 10
120697.91851983633
 20
30448.915974544278
 10
124632.87671232877
 20
30448.915974544278
 10
124632.87671232877
 20
30648.915974544278
  0
LWPOLYLINE
  5
1C5
330
17
100
AcDbEntity
  8
F02_WALLS
100
AcDbPolyline
 90
5
 70
1
 10
120247.03789361325
 20
10335.875310106785
 10
124632.87671232877
 20
10335.875310106785
 10
124632.87671232877
 20
10535.875310106785
 10
120247.03789361325
 20
10535.875310106785
 10
120247.03789361325
 20
10335.875310106785
  0
LWPOLYLINE
  5
1C6
330
17
100
AcDbEntity
  8
F02_WALLS
100
AcDbPolyline
 90
5
 70
1
 10
124532.87671232877
 20
10435.875310106785
 10
124532.87671232877
 20
4671.7721928594565
 10
124732.87671232877
 20
4671.7721928594565
 10
124732.87671232877
 20
10435.875310106785
 10
124532.87671232877
 20
10435.875310106785
  0
LWPOLYLINE
  5
1C7
330
17
100
AcDbEntity
  8
F02_WALLS
100
AcDbPolyline
 90
5
 70
1
 10
124632.87671232877
 20
4771.7721928594565
 10
120247.03789361325
 20
4771.7721928594565
 10
120247.03789361325
 20
4571.7721928594565
 10
124632.87671232877
 20
4571.7721928594565
 10
124632.87671232877
 20
4771.7721928594565
  0
LWPOLYLINE
  5
1C8
330
17
100
AcDbEntity
  8
F02_WALLS
100
AcDbPolyline
 90
5
 70
1
 10
120347.03789361325
 20
4671.7721928594565
 10
120347.03789361325
 20
6306.978750943807
 10
120147.03789361325
 20
6306.978750943807
 10
120147.03789361325
 20
4671.7721928594565
 10
120347.03789361325
 20
4671.7721928594565
  0
LWPOLYLINE
  5
1C9
330
17
100
AcDbEntity
  8
F02_WALLS
100
AcDbPolyline
 90
5
 70
1
 10
76288.64970645793
 20
13133.966130945964
 10
76288.64970645793
 20
7696.904325315497
 10
76488.64970645793
 20
7696.904325315497
 10
76488.64970645793
 20
13133.966130945964
 10
76288.64970645793
 20
13133.966130945964
  0
LWPOLYLINE
  5
1CA
330
17
100
AcDbEntity
  8
F02_WALLS
100
AcDbPolyline
 90
5
 70
1
 10
76388.64970645793
 20
7596.904325315497
 10
77577.33499377334
 20
7596.904325315497
 10
77577.33499377334
 20
7796.904325315497
 10
76388.64970645793
 20
7796.904325315497
 10
76388.64970645793
 20
7596.904325315497
  0
LWPOLYLINE
  5
1CB
330
17
100
AcDbEntity
  8
F02_WALLS
100
AcDbPolyline
 90
5
 70
1
 10
76429.63885429638
 20
13033.966130945964
 10
77454.36755025796
 20
13033.966130945964
 10
77454.36755025796
 20
13233.966130945964
 10
76429.63885429638
 20
13233.966130945964
 10
76429.63885429638
 20
13033.966130945964
  0
LWPOLYLINE
  5
1CC
330
17
100
AcDbEntity
  8
F02_WALLS
100
AcDbPolyline
 90
5
 70
1
 10
77400.14435648159
 20
13049.943245630779
 10
79490.59089624319
 20
11700.897835211188
 10
79599.03728379594
 20
11868.94360584156
 10
77508.59074403434
 20
13217.98901626115
 10
77400.14435648159
 20
13049.943245630779
  0
LWPOLYLINE
  5
1CD
330
17
100
AcDbEntity
  8
F02_WALLS
100
AcDbPolyline
 90
5
 70
1
 10
79444.81409001957
 20
11784.920720526374
 10
79444.81409001957
 20
6225.218423039591
 10
79644.81409001957
 20
6225.218423039591
 10
79644.81409001957
 20
11784.920720526374
 10
79444.81409001957
 20
11784.920720526374
  0
LWPOLYLINE
  5
1CE
330
17
100
AcDbEntity
  8
F02_WALLS
100
AcDbPolyline
 90
5
 70
1
 10
79544.81409001957
 20
6325.218423039591
 10
78151.18306351182
 20
6325.218423039591
 10
78151.18306351182
 20
6125.218423039591
 10
79544.81409001957
 20
6125.218423039591
 10
79544.81409001957
 20
6325.218423039591
  0
LWPOLYLINE
  5
1CF
330
17
100
AcDbEntity
  8
F02_WALLS
100
AcDbPolyline
 90
5
 70
1
 10
89136.27468421988
 20
3958.5697335778254
 10
91841.55844155845
 20
3958.5697335778254
 10
91841.55844155845
 20
4158.569733577826
 10
89136.27468421988
 20
4158.569733577826
 10
89136.27468421988
 20
3958.5697335778254
  0
LWPOLYLINE
  5
1D0
330
17
100
AcDbEntity
  8
F02_WALLS
100
AcDbPolyline
 90
5
 70
1
 10
91741.55844155845
 20
4058.5697335778254
 10
91741.55844155845
 20
338.474813935927
 10
91941.55844155845
 20
338.474813935927
 10
91941.55844155845
 20
4058.5697335778254
 10
91741.55844155845
 20
4058.5697335778254
  0
LWPOLYLINE
  5
1D1
330
17
100
AcDbEntity
  8
F02_WALLS
100
AcDbPolyline
 90
5
 70
1
 10
96022.45152108166
 20
3795.0490777693904
 10
103236.54154065113
 20
3795.0490777693904
 10
103236.54154065113
 20
3995.0490777693904
 10
96022.45152108166
 20
3995.0490777693904
 10
96022.45152108166
 20
3795.0490777693904
  0
LWPOLYLINE
  5
1D2
330
17
100
AcDbEntity
  8
F02_WALLS
100
AcDbPolyline
 90
5
 70
1
 10
103136.54154065113
 20
3895.0490777693904
 10
103136.54154065113
 20
501.9954697443621
 10
103336.54154065113
 20
501.9954697443621
 10
103336.54154065113
 20
3895.0490777693904
 10
103136.54154065113
 20
3895.0490777693904
  0
LWPOLYLINE
  5
1D3
330
17
100
AcDbEntity
  8
F02_WALLS
100
AcDbPolyline
 90
5
 70
1
 10
91800.56929371998
 20
9967.953834537806
 10
95530.5817470201
 20
9967.953834537806
 10
95530.5817470201
 20
10167.953834537806
 10
91800.56929371998
 20
10167.953834537806
 10
91800.56929371998
 20
9967.953834537806
  0
LWPOLYLINE
  5
1D4
330
17
100
AcDbEntity
  8
F02_WALLS
100
AcDbPolyline
 90
5
 70
1
 10
95430.5817470201
 20
10067.953834537806
 10
95430.5817470201
 20
5939.057275374829
 10
95630.5817470201
 20
5939.057275374829
 10
95630.5817470201
 20
10067.953834537806
 10
95430.5817470201
 20
10067.953834537806
  0
LWPOLYLINE
  5
1D5
330
17
100
AcDbEntity
  8
F02_WALLS
100
AcDbPolyline
 90
5
 70
1
 10
95530.5817470201
 20
6039.057275374829
 10
91841.55844155845
 20
6039.057275374829
 10
91841.55844155845
 20
5839.057275374829
 10
95530.5817470201
 20
5839.057275374829
 10
95530.5817470201
 20
6039.057275374829
  0
LWPOLYLINE
  5
1D6
330
17
100
AcDbEntity
  8
F02_WALLS
100
AcDbPolyline
 90
5
 70
1
 10
91941.55844155845
 20
5939.057275374829
 10
91941.55844155845
 20
8228.34645669291
 10
91741.55844155845
 20
8228.34645669291
 10
91741.55844155845
 20
5939.057275374829
 10
91941.55844155845
 20
5939.057275374829
  0
LWPOLYLINE
  5
1D7
330
17
100
AcDbEntity
  8
F02_WALLS
100
AcDbPolyline
 90
5
 70
1
 10
103523.46557552037
 20
3795.0490777693904
 10
105736.87955879737
 20
3795.0490777693904
 10
105736.87955879737
 20
3995.0490777693904
 10
103523.46557552037
 20
3995.0490777693904
 10
103523.46557552037
 20
3795.0490777693904
  0
LWPOLYLINE
  5
1D8
330
17
100
AcDbEntity
  8
F02_WALLS
100
AcDbPolyline
 90
5
 70
1
 10
105636.87955879737
 20
3895.0490777693904
 10
105636.87955879737
 20
256.71448603170944
 10
105836.87955879737
 20
256.71448603170944
 10
105836.87955879737
 20
3895.0490777693904
 10
105636.87955879737
 20
3895.0490777693904
  0
LWPOLYLINE
  5
1D9
330
17
100
AcDbEntity
  8
F02_WALLS
100
AcDbPolyline
 90
5
 70
1
 10
107171.49973314357
 20
3876.8094056736077
 10
109712.82689912827
 20
3876.8094056736077
 10
109712.82689912827
 20
4076.8094056736077
 10
107171.49973314357
 20
4076.8094056736077
 10
107171.49973314357
 20
3876.8094056736077
  0
LWPOLYLINE
  5
1DA
330
17
100
AcDbEntity
  8
F02_WALLS
100
AcDbPolyline
 90
5
 70
1
 10
109612.82689912827
 20
3976.8094056736077
 10
109612.82689912827
 20
1851.0408801639517
 10
109812.82689912827
 20
1851.0408801639517
 10
109812.82689912827
 20
3976.8094056736077
 10
109612.82689912827
 20
3976.8094056736077
  0
LWPOLYLINE
  5
1DB
330
17
100
AcDbEntity
  8
F02_WALLS
100
AcDbPolyline
 90
5
 70
1
 10
109712.82689912827
 20
1951.0408801639517
 10
107171.49973314357
 20
1951.0408801639517
 10
107171.49973314357
 20
1751.0408801639517
 10
109712.82689912827
 20
1751.0408801639517
 10
109712.82689912827
 20
1951.0408801639517
  0
LWPOLYLINE
  5
1DC
330
17
100
AcDbEntity
  8
F02_WALLS
100
AcDbPolyline
 90
5
 70
1
 10
110081.72922967443
 20
3795.0490777693904
 10
113975.6982743284
 20
3795.0490777693904
 10
113975.6982743284
 20
3995.0490777693904
 10
110081.72922967443
 20
3995.0490777693904
 10
110081.72922967443
 20
3795.0490777693904
  0
LWPOLYLINE
  5
1DD
330
17
100
AcDbEntity
  8
F02_WALLS
100
AcDbPolyline
 90
5
 70
1
 10
113875.6982743284
 20
3895.0490777693904
 10
113875.6982743284
 20
1769.2805522597341
 10
114075.6982743284
 20
1769.2805522597341
 10
114075.6982743284
 20
3895.0490777693904
 10
113875.6982743284
 20
3895.0490777693904
  0
LWPOLYLINE
  5
1DE
330
17
100
AcDbEntity
  8
F02_WALLS
100
AcDbPolyline
 90
5
 70
1
 10
113975.6982743284
 20
1869.2805522597341
 10
110081.72922967443
 20
1869.2805522597341
 10
110081.72922967443
 20
1669.2805522597341
 10
113975.6982743284
 20
1669.2805522597341
 10
113975.6982743284
 20
1869.2805522597341
  0
LWPOLYLINE
  5
1DF
330
17
100
AcDbEntity
  8
F02_WALLS
100
AcDbPolyline
 90
5
 70
1
 10
110181.72922967443
 20
1769.2805522597341
 10
110181.72922967443
 20
3895.0490777693904
 10
109981.72922967443
 20
3895.0490777693904
 10
109981.72922967443
 20
1769.2805522597341
 10
110181.72922967443
 20
1769.2805522597341
  0
LWPOLYLINE
  5
1E1
330
17
100
AcDbEntity
  8
F02_PIT
100
AcDbPolyline
 90
193
 70
1
 10
90693.86230208148
 20
17630.78416567792
 10
90690.06562624764
 20
17398.76913881264
 10
90678.67966432168
 20
17167.00255944947
 10
90659.71660867683
 20
16935.73260904671
 10
90633.19676542803
 20
16705.206937259936
 10
90599.14853268772
 20
16475.672396752536
 10
90557.60837015627
 20
16247.374778859692
 10
90508.62076008026
 20
16020.558550388881
 10
90452.2381596195
 20
15795.466591838675
 10
90388.52094467483
 20
15572.339937316228
 10
90317.53734523596
 20
15351.417516431919
 10
90239.36337231909
 20
15132.93589844753
 10
90154.08273657247
 20
14917.129038951967
 10
90061.78675863691
 20
14704.22802933575
 10
89962.57427135736
 20
14494.460849332569
 10
89856.55151395018
 20
14288.052122892863
 10
89743.83201823958
 20
14085.222877650878
 10
89624.5364870849
 20
13886.190308242742
 10
89498.79266512892
 20
13691.167543728992
 10
89366.73520200572
 20
13500.363419370662
 10
89228.50550815449
 20
13313.982253003236
 10
89084.2516033937
 20
13132.223626248
 10
88934.12795841772
 20
12955.28217079504
 10
88778.2953293858
 20
12783.347359986758
 10
88616.92058578026
 20
12616.603305925059
 10
88450.17653171856
 20
12455.22856231952
 10
88278.24172091027
 20
12299.39593328759
 10
88101.3002654573
 20
12149.272288311615
 10
87919.54163870208
 20
12005.018383550825
 10
87733.16047233465
 20
11866.788689699606
 10
87542.35634797633
 20
11734.731226576407
 10
87347.33358346258
 20
11608.98740462042
 10
87148.30101405444
 20
11489.691873465734
 10
86945.47176881245
 20
11376.97237775514
 10
86739.06304237276
 20
11270.949620347956
 10
86529.29586236956
 20
11171.737133068396
 10
86316.39485275335
 20
11079.441155132843
 10
86100.5879932578
 20
10994.16051938623
 10
85882.1063752734
 20
10915.986546469361
 10
85661.18395438908
 20
10845.00294703048
 10
85438.05729986665
 20
10781.285732085813
 10
85212.96534131643
 20
10724.903131625066
 10
84986.14911284563
 20
10675.91552154904
 10
84757.85149495277
 20
10634.37535901761
 10
84528.31695444538
 20
10600.327126277283
 10
84297.79128265861
 20
10573.807283028495
 10
84066.52133225584
 20
10554.84422738364
 10
83834.75475289268
 20
10543.458265457683
 10
83602.7397260274
 20
10539.661589623836
 10
83370.72469916212
 20
10543.458265457683
 10
83138.95811979895
 20
10554.84422738364
 10
82907.68816939619
 20
10573.807283028493
 10
82677.16249760942
 20
10600.327126277283
 10
82447.62795710201
 20
10634.37535901761
 10
82219.33033920918
 20
10675.91552154904
 10
81992.51411073835
 20
10724.903131625066
 10
81767.42215218816
 20
10781.285732085813
 10
81544.2954976657
 20
10845.00294703048
 10
81323.3730767814
 20
10915.986546469361
 10
81104.891458797
 20
10994.160519386229
 10
80889.08459930145
 20
11079.441155132841
 10
80676.18358968523
 20
11171.737133068396
 10
80466.41640968205
 20
11270.949620347956
 10
80260.00768324234
 20
11376.972377755137
 10
80057.17843800035
 20
11489.691873465734
 10
79858.14586859221
 20
11608.98740462042
 10
79663.12310407846
 20
11734.731226576405
 10
79472.31897972013
 20
11866.788689699606
 10
79285.9378133527
 20
12005.018383550823
 10
79104.17918659748
 20
12149.272288311613
 10
78927.23773114452
 20
12299.395933287586
 10
78755.30292033624
 20
12455.228562319518
 10
78588.55886627453
 20
12616.603305925059
 10
78427.184122669
 20
12783.347359986754
 10
78271.35149363706
 20
12955.282170795039
 10
78121.22784866109
 20
13132.223626247998
 10
77976.9739439003
 20
13313.982253003234
 10
77838.74425004909
 20
13500.363419370662
 10
77706.68678692589
 20
13691.167543728989
 10
77580.9429649699
 20
13886.19030824274
 10
77461.6474338152
 20
14085.222877650876
 10
77348.92793810462
 20
14288.052122892863
 10
77242.90518069743
 20
14494.460849332567
 10
77143.69269341788
 20
14704.228029335749
 10
77051.39671548232
 20
14917.129038951965
 10
76966.1160797357
 20
15132.935898447526
 10
76887.94210681884
 20
15351.417516431917
 10
76816.95850737995
 20
15572.339937316226
 10
76753.24129243528
 20
15795.466591838673
 10
76696.85869197454
 20
16020.558550388878
 10
76647.87108189851
 20
16247.37477885969
 10
76606.33091936709
 20
16475.672396752532
 10
76572.28268662676
 20
16705.206937259936
 10
76545.76284337798
 20
16935.73260904671
 10
76526.79978773312
 20
17167.002559449465
 10
76515.41382580716
 20
17398.769138812637
 10
76511.61714997332
 20
17630.78416567792
 10
76515.41382580716
 20
17862.799192543196
 10
76526.79978773312
 20
18094.565771906367
 10
76545.76284337798
 20
18325.835722309126
 10
76572.28268662676
 20
18556.3613940959
 10
76606.33091936709
 20
18785.8959346033
 10
76647.87108189851
 20
19014.193552496145
 10
76696.85869197454
 20
19241.009780966957
 10
76753.24129243528
 20
19466.101739517162
 10
76816.95850737995
 20
19689.22839403961
 10
76887.94210681884
 20
19910.15081492392
 10
76966.1160797357
 20
20128.63243290831
 10
77051.39671548232
 20
20344.43929240387
 10
77143.69269341788
 20
20557.340302020086
 10
77242.90518069743
 20
20767.107482023268
 10
77348.9279381046
 20
20973.516208462974
 10
77461.6474338152
 20
21176.34545370496
 10
77580.94296496989
 20
21375.3780231131
 10
77706.68678692589
 20
21570.400787626848
 10
77838.74425004907
 20
21761.204911985173
 10
77976.9739439003
 20
21947.5860783526
 10
78121.22784866109
 20
22129.34470510784
 10
78271.35149363706
 20
22306.286160560798
 10
78427.18412266899
 20
22478.220971369083
 10
78588.55886627453
 20
22644.965025430778
 10
78755.30292033622
 20
22806.33976903632
 10
78927.23773114452
 20
22962.17239806825
 10
79104.17918659747
 20
23112.296043044225
 10
79285.9378133527
 20
23256.54994780501
 10
79472.31897972013
 20
23394.779641656234
 10
79663.12310407846
 20
23526.83710477943
 10
79858.14586859221
 20
23652.58092673542
 10
80057.17843800035
 20
23771.876457890103
 10
80260.00768324234
 20
23884.5959536007
 10
80466.41640968205
 20
23990.618711007883
 10
80676.18358968521
 20
24089.83119828744
 10
80889.08459930144
 20
24182.127176222995
 10
81104.891458797
 20
24267.40781196961
 10
81323.3730767814
 20
24345.58178488648
 10
81544.2954976657
 20
24416.56538432536
 10
81767.42215218814
 20
24480.282599270024
 10
81992.51411073835
 20
24536.665199730774
 10
82219.33033920916
 20
24585.6528098068
 10
82447.62795710201
 20
24627.19297233823
 10
82677.1624976094
 20
24661.241205078557
 10
82907.68816939618
 20
24687.761048327346
 10
83138.95811979895
 20
24706.7241039722
 10
83370.7246991621
 20
24718.11006589816
 10
83602.7397260274
 20
24721.906741732004
 10
83834.75475289267
 20
24718.11006589816
 10
84066.52133225584
 20
24706.7241039722
 10
84297.7912826586
 20
24687.761048327346
 10
84528.31695444537
 20
24661.241205078557
 10
84757.85149495277
 20
24627.19297233823
 10
84986.14911284563
 20
24585.6528098068
 10
85212.96534131643
 20
24536.665199730778
 10
85438.05729986663
 20
24480.282599270027
 10
85661.18395438908
 20
24416.56538432536
 10
85882.1063752734
 20
24345.58178488648
 10
86100.58799325778
 20
24267.407811969613
 10
86316.39485275335
 20
24182.127176223
 10
86529.29586236956
 20
24089.831198287444
 10
86739.06304237274
 20
23990.618711007883
 10
86945.47176881245
 20
23884.595953600707
 10
87148.30101405444
 20
23771.87645789011
 10
87347.33358346258
 20
23652.580926735423
 10
87542.35634797633
 20
23526.837104779435
 10
87733.16047233465
 20
23394.779641656234
 10
87919.54163870207
 20
23256.54994780502
 10
88101.3002654573
 20
23112.29604304423
 10
88278.24172091027
 20
22962.172398068255
 10
88450.17653171855
 20
22806.339769036324
 10
88616.92058578026
 20
22644.96502543078
 10
88778.29532938579
 20
22478.22097136909
 10
88934.12795841772
 20
22306.286160560805
 10
89084.2516033937
 20
22129.344705107844
 10
89228.50550815449
 20
21947.586078352608
 10
89366.73520200572
 20
21761.20491198518
 10
89498.7926651289
 20
21570.400787626855
 10
89624.5364870849
 20
21375.378023113102
 10
89743.83201823958
 20
21176.345453704966
 10
89856.55151395017
 20
20973.516208462977
 10
89962.57427135736
 20
20767.107482023275
 10
90061.78675863691
 20
20557.340302020093
 10
90154.08273657247
 20
20344.439292403877
 10
90239.36337231909
 20
20128.632432908315
 10
90317.53734523596
 20
19910.150814923923
 10
90388.52094467483
 20
19689.22839403962
 10
90452.2381596195
 20
19466.10173951717
 10
90508.62076008026
 20
19241.009780966964
 10
90557.60837015627
 20
19014.193552496152
 10
90599.14853268772
 20
18785.895934603308
 10
90633.19676542803
 20
18556.36139409591
 10
90659.71660867683
 20
18325.835722309133
 10
90678.67966432168
 20
18094.565771906375
 10
90690.06562624764
 20
17862.799192543203
 10
90693.86230208148
 20
17630.78416567792
  0
LWPOLYLINE
  5
1E3
330
17
100
AcDbEntity
  8
F02_STAIRS
100
AcDbPolyline
 90
5
 70
1
 10
98235.86550435866
 20
32951.407615143995
 10
98440.81124355097
 20
32951.407615143995
 10
98440.81124355097
 20
33951.407615143995
 10
98235.86550435866
 20
33951.407615143995
 10
98235.86550435866
 20
32951.407615143995
  0
LWPOLYLINE
  5
1E4
330
17
100
AcDbEntity
  8
F02_STAIRS
100
AcDbPolyline
 90
5
 70
1
 10
98440.81124355097
 20
32951.407615143995
 10
98645.75698274327
 20
32951.407615143995
 10
98645.75698274327
 20
33951.407615143995
 10
98440.81124355097
 20
33951.407615143995
 10
98440.81124355097
 20
32951.407615143995
  0
LWPOLYLINE
  5
1E5
330
17
100
AcDbEntity
  8
F02_STAIRS
100
AcDbPolyline
 90
5
 70
1
 10
98645.75698274327
 20
32951.407615143995
 10
98850.7027219356
 20
32951.407615143995
 10
98850.7027219356
 20
33951.407615143995
 10
98645.75698274327
 20
33951.407615143995
 10
98645.75698274327
 20
32951.407615143995
  0
LWPOLYLINE
  5
1E6
330
17
100
AcDbEntity
  8
F02_STAIRS
100
AcDbPolyline
 90
5
 70
1
 10
98850.7027219356
 20
32951.407615143995
 10
99055.64846112792
 20
32951.407615143995
 10
99055.64846112792
 20
33951.407615143995
 10
98850.7027219356
 20
33951.407615143995
 10
98850.7027219356
 20
32951.407615143995
  0
LWPOLYLINE
  5
1E7
330
17
100
AcDbEntity
  8
F02_STAIRS
100
AcDbPolyline
 90
5
 70
1
 10
99055.64846112792
 20
32951.407615143995
 10
99260.59420032022
 20
32951.407615143995
 10
99260.59420032022
 20
33951.407615143995
 10
99055.64846112792
 20
33951.407615143995
 10
99055.64846112792
 20
32951.407615143995
  0
LWPOLYLINE
  5
1E8
330
17
100
AcDbEntity
  8
F02_STAIRS
100
AcDbPolyline
 90
5
 70
1
 10
99260.59420032022
 20
32951.407615143995
 10
99465.53993951254
 20
32951.407615143995
 10
99465.53993951254
 20
33951.407615143995
 10
99260.59420032022
 20
33951.407615143995
 10
99260.59420032022
 20
32951.407615143995
  0
LWPOLYLINE
  5
1E9
330
17
100
AcDbEntity
  8
F02_STAIRS
100
AcDbPolyline
 90
5
 70
1
 10
99465.53993951254
 20
32951.407615143995
 10
99670.48567870486
 20
32951.407615143995
 10
99670.48567870486
 20
33951.407615143995
 10
99465.53993951254
 20
33951.407615143995
 10
99465.53993951254
 20
32951.407615143995
  0
LWPOLYLINE
  5
1EA
330
17
100
AcDbEntity
  8
F02_STAIRS
100
AcDbPolyline
 90
5
 70
1
 10
99670.48567870486
 20
32951.407615143995
 10
99875.43141789717
 20
32951.407615143995
 10
99875.43141789717
 20
33951.407615143995
 10
99670.48567870486
 20
33951.407615143995
 10
99670.48567870486
 20
32951.407615143995
  0
LWPOLYLINE
  5
1EB
330
17
100
AcDbEntity
  8
F02_STAIRS
100
AcDbPolyline
 90
5
 70
1
 10
99875.43141789717
 20
32951.407615143995
 10
100080.37715708948
 20
32951.407615143995
 10
100080.37715708948
 20
33951.407615143995
 10
99875.43141789717
 20
33951.407615143995
 10
99875.43141789717
 20
32951.407615143995
  0
LWPOLYLINE
  5
1EC
330
17
100
AcDbEntity
  8
F02_STAIRS
100
AcDbPolyline
 90
5
 70
1
 10
100080.37715708948
 20
32951.407615143995
 10
100285.3228962818
 20
32951.407615143995
 10
100285.3228962818
 20
33951.407615143995
 10
100080.37715708948
 20
33951.407615143995
 10
100080.37715708948
 20
32951.407615143995
  0
LWPOLYLINE
  5
1ED
330
17
100
AcDbEntity
  8
F02_STAIRS
100
AcDbPolyline
 90
5
 70
1
 10
100285.3228962818
 20
32951.407615143995
 10
100490.26863547412
 20
32951.407615143995
 10
100490.26863547412
 20
33951.407615143995
 10
100285.3228962818
 20
33951.407615143995
 10
100285.3228962818
 20
32951.407615143995
  0
LWPOLYLINE
  5
1EE
330
17
100
AcDbEntity
  8
F02_STAIRS
100
AcDbPolyline
 90
5
 70
1
 10
100490.26863547412
 20
32951.407615143995
 10
100695.21437466642
 20
32951.407615143995
 10
100695.21437466642
 20
33951.407615143995
 10
100490.26863547412
 20
33951.407615143995
 10
100490.26863547412
 20
32951.407615143995
  0
LWPOLYLINE
  5
1EF
330
17
100
AcDbEntity
  8
F02_STAIRS
100
AcDbPolyline
 90
5
 70
1
 10
98112.89806084326
 20
1637.2020278287132
 10
98317.84380003558
 20
1637.2020278287132
 10
98317.84380003558
 20
2637.202027828713
 10
98112.89806084326
 20
2637.202027828713
 10
98112.89806084326
 20
1637.2020278287132
  0
LWPOLYLINE
  5
1F0
330
17
100
AcDbEntity
  8
F02_STAIRS
100
AcDbPolyline
 90
5
 70
1
 10
98317.84380003558
 20
1637.2020278287132
 10
98522.7895392279
 20
1637.2020278287132
 10
98522.7895392279
 20
2637.202027828713
 10
98317.84380003558
 20
2637.202027828713
 10
98317.84380003558
 20
1637.2020278287132
  0
LWPOLYLINE
  5
1F1
330
17
100
AcDbEntity
  8
F02_STAIRS
100
AcDbPolyline
 90
5
 70
1
 10
98522.7895392279
 20
1637.2020278287132
 10
98727.73527842021
 20
1637.2020278287132
 10
98727.73527842021
 20
2637.202027828713
 10
98522.7895392279
 20
2637.202027828713
 10
98522.7895392279
 20
1637.2020278287132
  0
LWPOLYLINE
  5
1F2
330
17
100
AcDbEntity
  8
F02_STAIRS
100
AcDbPolyline
 90
5
 70
1
 10
98727.73527842021
 20
1637.2020278287132
 10
98932.68101761253
 20
1637.2020278287132
 10
98932.68101761253
 20
2637.202027828713
 10
98727.73527842021
 20
2637.202027828713
 10
98727.73527842021
 20
1637.2020278287132
  0
LWPOLYLINE
  5
1F3
330
17
100
AcDbEntity
  8
F02_STAIRS
100
AcDbPolyline
 90
5
 70
1
 10
98932.68101761253
 20
1637.2020278287132
 10
99137.62675680484
 20
1637.2020278287132
 10
99137.62675680484
 20
2637.202027828713
 10
98932.68101761253
 20
2637.202027828713
 10
98932.68101761253
 20
1637.2020278287132
  0
LWPOLYLINE
  5
1F4
330
17
100
AcDbEntity
  8
F02_STAIRS
100
AcDbPolyline
 90
5
 70
1
 10
99137.62675680484
 20
1637.2020278287132
 10
99342.57249599716
 20
1637.2020278287132
 10
99342.57249599716
 20
2637.202027828713
 10
99137.62675680484
 20
2637.202027828713
 10
99137.62675680484
 20
1637.2020278287132
  0
LWPOLYLINE
  5
1F5
330
17
100
AcDbEntity
  8
F02_STAIRS
100
AcDbPolyline
 90
5
 70
1
 10
99342.57249599716
 20
1637.2020278287132
 10
99547.51823518946
 20
1637.2020278287132
 10
99547.51823518946
 20
2637.202027828713
 10
99342.57249599716
 20
2637.202027828713
 10
99342.57249599716
 20
1637.2020278287132
  0
LWPOLYLINE
  5
1F6
330
17
100
AcDbEntity
  8
F02_STAIRS
100
AcDbPolyline
 90
5
 70
1
 10
99547.51823518946
 20
1637.2020278287132
 10
99752.46397438178
 20
1637.2020278287132
 10
99752.46397438178
 20
2637.202027828713
 10
99547.51823518946
 20
2637.202027828713
 10
99547.51823518946
 20
1637.2020278287132
  0
LWPOLYLINE
  5
1F7
330
17
100
AcDbEntity
  8
F02_STAIRS
100
AcDbPolyline
 90
5
 70
1
 10
99752.46397438178
 20
1637.2020278287132
 10
99957.4097135741
 20
1637.2020278287132
 10
99957.4097135741
 20
2637.202027828713
 10
99752.46397438178
 20
2637.202027828713
 10
99752.46397438178
 20
1637.2020278287132
  0
LWPOLYLINE
  5
1F8
330
17
100
AcDbEntity
  8
F02_STAIRS
100
AcDbPolyline
 90
5
 70
1
 10
99957.4097135741
 20
1637.2020278287132
 10
100162.35545276641
 20
1637.2020278287132
 10
100162.35545276641
 20
2637.202027828713
 10
99957.4097135741
 20
2637.202027828713
 10
99957.4097135741
 20
1637.2020278287132
  0
LWPOLYLINE
  5
1F9
330
17
100
AcDbEntity
  8
F02_STAIRS
100
AcDbPolyline
 90
5
 70
1
 10
100162.35545276641
 20
1637.2020278287132
 10
100367.30119195873
 20
1637.2020278287132
 10
100367.30119195873
 20
2637.202027828713
 10
100162.35545276641
 20
2637.202027828713
 10
100162.35545276641
 20
1637.2020278287132
  0
LWPOLYLINE
  5
1FA
330
17
100
AcDbEntity
  8
F02_STAIRS
100
AcDbPolyline
 90
5
 70
1
 10
100367.30119195873
 20
1637.2020278287132
 10
100572.24693115104
 20
1637.2020278287132
 10
100572.24693115104
 20
2637.202027828713
 10
100367.30119195873
 20
2637.202027828713
 10
100367.30119195873
 20
1637.2020278287132
  0
TEXT
  5
1FC
330
17
100
AcDbEntity
  8
F02_ROOMS
100
AcDbText
 10
78766.02028108877
 20
30835.077122209037
 30
0.0
 40
450.0
  1
控室
  7
JAPANESE
100
AcDbText
  0
TEXT
  5
1FD
330
17
100
AcDbEntity
  8
F02_ROOMS
100
AcDbText
 10
82496.0327343889
 20
30835.077122209037
 30
0.0
 40
450.0
  1
控室
  7
JAPANESE
100
AcDbText
  0
TEXT
  5
1FE
330
17
100
AcDbEntity
  8
F02_ROOMS
100
AcDbText
 10
85447.25137875823
 20
30835.077122209037
 30
0.0
 40
450.0
  1
控室
  7
JAPANESE
100
AcDbText
  0
TEXT
  5
1FF
330
17
100
AcDbEntity
  8
F02_ROOMS
100
AcDbText
 10
83602.7397260274
 20
17630.78416567792
 30
0.0
 40
450.0
  1
奈落
  7
JAPANESE
100
AcDbText
  0
TEXT
  5
200
330
17
100
AcDbEntity
  8
F02_ROOMS
100
AcDbText
 10
93194.20032022771
 20
17712.54449358214
 30
0.0
 40
450.0
  1
倉庫
  7
JAPANESE
100
AcDbText
  0
TEXT
  5
201
330
17
100
AcDbEntity
  8
F02_ROOMS
100
AcDbText
 10
84709.4467176659
 20
5979.937439326937
 30
0.0
 40
450.0
  1
大道具置場
  7
JAPANESE
100
AcDbText
  0
TEXT
  5
202
330
17
100
AcDbEntity
  8
F02_ROOMS
100
AcDbText
 10
112336.1323607899
 20
17549.0238377737
 30
0.0
 40
450.0
  1
ロビー
  7
JAPANESE
100
AcDbText
  0
TEXT
  5
203
330
17
100
AcDbEntity
  8
F02_ROOMS
100
AcDbText
 10
111803.27343888988
 20
31489.159745442776
 30
0.0
 40
450.0
  1
休憩室
  7
JAPANESE
100
AcDbText
  0
TEXT
  5
204
330
17
100
AcDbEntity
  8
F02_ROOMS
100
AcDbText
 10
109425.90286425903
 20
7901.30514507604
 30
0.0
 40
450.0
  1
コインロッカー
  7
JAPANESE
100
AcDbText
  0
TEXT
  5
205
330
17
100
AcDbEntity
  8
ANNOTATION
100
AcDbText
 10
69000.0
 20
-2500.0
 30
0.0
 40
650.0
  1
2F / SCHEMATIC / Z 4834 mm
  7
JAPANESE
100
AcDbText
  0
LWPOLYLINE
  5
207
330
17
100
AcDbEntity
  8
F03_WALLS
100
AcDbPolyline
 90
5
 70
1
 10
145984.41190363723
 20
35232.11861143203
 10
193368.73660114093
 20
35232.11861143203
 10
193368.73660114093
 20
35512.11861143203
 10
145984.41190363723
 20
35512.11861143203
 10
145984.41190363723
 20
35232.11861143203
  0
LWPOLYLINE
  5
208
330
17
100
AcDbEntity
  8
F03_WALLS
100
AcDbPolyline
 90
5
 70
1
 10
193228.73660114093
 20
35372.11861143203
 10
193228.73660114093
 20
32369.642955383173
 10
193508.73660114093
 20
32369.642955383173
 10
193508.73660114093
 20
35372.11861143203
 10
193228.73660114093
 20
35372.11861143203
  0
LWPOLYLINE
  5
209
330
17
100
AcDbEntity
  8
F03_WALLS
100
AcDbPolyline
 90
5
 70
1
 10
193368.73660114093
 20
32229.642955383173
 10
195168.67119654082
 20
32229.642955383173
 10
195168.67119654082
 20
32509.642955383173
 10
193368.73660114093
 20
32509.642955383173
 10
193368.73660114093
 20
32229.642955383173
  0
LWPOLYLINE
  5
20A
330
17
100
AcDbEntity
  8
F03_WALLS
100
AcDbPolyline
 90
5
 70
1
 10
195028.67119654082
 20
32369.642955383173
 10
195028.67119654082
 20
23779.22649502118
 10
195308.67119654082
 20
23779.22649502118
 10
195308.67119654082
 20
32369.642955383173
 10
195028.67119654082
 20
32369.642955383173
  0
LWPOLYLINE
  5
20B
330
17
100
AcDbEntity
  8
F03_WALLS
100
AcDbPolyline
 90
5
 70
1
 10
195028.67119654082
 20
11852.725972382681
 10
195028.67119654082
 20
3554.216867469879
 10
195308.67119654082
 20
3554.216867469879
 10
195308.67119654082
 20
11852.725972382681
 10
195028.67119654082
 20
11852.725972382681
  0
LWPOLYLINE
  5
20C
330
17
100
AcDbEntity
  8
F03_WALLS
100
AcDbPolyline
 90
5
 70
1
 10
195168.67119654082
 20
3694.216867469879
 10
193452.45448929907
 20
3694.216867469879
 10
193452.45448929907
 20
3414.216867469879
 10
195168.67119654082
 20
3414.216867469879
 10
195168.67119654082
 20
3694.216867469879
  0
LWPOLYLINE
  5
20D
330
17
100
AcDbEntity
  8
F03_WALLS
100
AcDbPolyline
 90
5
 70
1
 10
193312.45448929907
 20
3554.216867469879
 10
193312.45448929907
 20
259.8338559718323
 10
193592.45448929907
 20
259.8338559718323
 10
193592.45448929907
 20
3554.216867469879
 10
193312.45448929907
 20
3554.216867469879
  0
LWPOLYLINE
  5
20E
330
17
100
AcDbEntity
  8
F03_WALLS
100
AcDbPolyline
 90
5
 70
1
 10
193452.45448929907
 20
399.8338559718323
 10
149793.5758148323
 20
399.8338559718323
 10
149793.5758148323
 20
119.83385597183229
 10
193452.45448929907
 20
119.83385597183229
 10
193452.45448929907
 20
399.8338559718323
  0
LWPOLYLINE
  5
20F
330
17
100
AcDbEntity
  8
F03_WALLS
100
AcDbPolyline
 90
5
 70
1
 10
149883.08906437858
 20
367.478540725261
 10
144818.1568308115
 20
4579.284669349349
 10
144639.13033171894
 20
4363.9952998424915
 10
149704.06256528603
 20
152.1891712184036
 10
149883.08906437858
 20
367.478540725261
  0
LWPOLYLINE
  5
210
330
17
100
AcDbEntity
  8
F03_WALLS
100
AcDbPolyline
 90
5
 70
1
 10
144868.6016423025
 20
4475.06652084709
 10
144282.57642519558
 20
28411.469667680994
 10
144002.66030312097
 20
28404.616595178657
 10
144588.6855202279
 20
4468.213448344751
 10
144868.6016423025
 20
4475.06652084709
  0
LWPOLYLINE
  5
211
330
17
100
AcDbEntity
  8
F03_WALLS
100
AcDbPolyline
 90
5
 70
1
 10
144282.26824675518
 20
29293.660160671316
 10
144031.11458228077
 20
32838.2494768401
 10
143751.81481708697
 20
32818.459551052285
 10
144002.96848156137
 20
29273.8702348835
 10
144282.26824675518
 20
29293.660160671316
  0
LWPOLYLINE
  5
212
330
17
100
AcDbEntity
  8
F03_WALLS
100
AcDbPolyline
 90
5
 70
1
 10
143999.57490940386
 20
32739.404063951275
 10
146092.5221133572
 20
35283.16816143711
 10
145876.30169391722
 20
35461.06906142695
 10
143783.35448996388
 20
32917.30496394111
 10
143999.57490940386
 20
32739.404063951275
  0
LWPOLYLINE
  5
213
330
17
100
AcDbEntity
  8
F03_WALLS
100
AcDbPolyline
 90
5
 70
1
 10
157102.60891682716
 20
35205.3144083182
 10
157102.60891682716
 20
31952.63244759861
 10
157302.60891682716
 20
31952.63244759861
 10
157302.60891682716
 20
35205.3144083182
 10
157102.60891682716
 20
35205.3144083182
  0
LWPOLYLINE
  5
214
330
17
100
AcDbEntity
  8
F03_WALLS
100
AcDbPolyline
 90
5
 70
1
 10
157202.60891682716
 20
31852.63244759861
 10
159797.86344972928
 20
31852.63244759861
 10
159797.86344972928
 20
32052.63244759861
 10
157202.60891682716
 20
32052.63244759861
 10
157202.60891682716
 20
31852.63244759861
  0
LWPOLYLINE
  5
215
330
17
100
AcDbEntity
  8
F03_WALLS
100
AcDbPolyline
 90
5
 70
1
 10
159897.86344972928
 20
31952.63244759861
 10
159897.86344972928
 20
35163.61335753975
 10
159697.86344972928
 20
35163.61335753975
 10
159697.86344972928
 20
31952.63244759861
 10
159897.86344972928
 20
31952.63244759861
  0
LWPOLYLINE
  5
216
330
17
100
AcDbEntity
  8
F03_WALLS
100
AcDbPolyline
 90
5
 70
1
 10
161707.09276552452
 20
35121.91230676129
 10
161707.09276552452
 20
32453.045056940085
 10
161907.09276552452
 20
32453.045056940085
 10
161907.09276552452
 20
35121.91230676129
 10
161707.09276552452
 20
35121.91230676129
  0
LWPOLYLINE
  5
217
330
17
100
AcDbEntity
  8
F03_WALLS
100
AcDbPolyline
 90
5
 70
1
 10
161807.09276552452
 20
32353.045056940085
 10
164360.4883543476
 20
32353.045056940085
 10
164360.4883543476
 20
32553.045056940085
 10
161807.09276552452
 20
32553.045056940085
 10
161807.09276552452
 20
32353.045056940085
  0
LWPOLYLINE
  5
218
330
17
100
AcDbEntity
  8
F03_WALLS
100
AcDbPolyline
 90
5
 70
1
 10
164460.4883543476
 20
32453.045056940085
 10
164460.4883543476
 20
35121.91230676129
 10
164260.4883543476
 20
35121.91230676129
 10
164260.4883543476
 20
32453.045056940085
 10
164460.4883543476
 20
32453.045056940085
  0
LWPOLYLINE
  5
219
330
17
100
AcDbEntity
  8
F03_WALLS
100
AcDbPolyline
 90
5
 70
1
 10
165825.55139711493
 20
31602.426142927874
 10
173109.00766687258
 20
31602.426142927874
 10
173109.00766687258
 20
31802.426142927874
 10
165825.55139711493
 20
31802.426142927874
 10
165825.55139711493
 20
31602.426142927874
  0
LWPOLYLINE
  5
21A
330
17
100
AcDbEntity
  8
F03_WALLS
100
AcDbPolyline
 90
5
 70
1
 10
173209.00766687258
 20
31702.426142927874
 10
173209.00766687258
 20
35038.51020520438
 10
173009.00766687258
 20
35038.51020520438
 10
173009.00766687258
 20
31702.426142927874
 10
173209.00766687258
 20
31702.426142927874
  0
LWPOLYLINE
  5
21B
330
17
100
AcDbEntity
  8
F03_WALLS
100
AcDbPolyline
 90
5
 70
1
 10
173946.1865484539
 20
34980.21125598284
 10
175871.69797609097
 20
34980.21125598284
 10
175871.69797609097
 20
35180.21125598284
 10
173946.1865484539
 20
35180.21125598284
 10
173946.1865484539
 20
34980.21125598284
  0
LWPOLYLINE
  5
21C
330
17
100
AcDbEntity
  8
F03_WALLS
100
AcDbPolyline
 90
5
 70
1
 10
175771.69797609097
 20
35080.21125598284
 10
175771.69797609097
 20
32411.34400616163
 10
175971.69797609097
 20
32411.34400616163
 10
175971.69797609097
 20
35080.21125598284
 10
175771.69797609097
 20
35080.21125598284
  0
LWPOLYLINE
  5
21D
330
17
100
AcDbEntity
  8
F03_WALLS
100
AcDbPolyline
 90
5
 70
1
 10
175871.69797609097
 20
32511.34400616163
 10
173946.1865484539
 20
32511.34400616163
 10
173946.1865484539
 20
32311.34400616163
 10
175871.69797609097
 20
32311.34400616163
 10
175871.69797609097
 20
32511.34400616163
  0
LWPOLYLINE
  5
21E
330
17
100
AcDbEntity
  8
F03_WALLS
100
AcDbPolyline
 90
5
 70
1
 10
174046.1865484539
 20
32411.34400616163
 10
174046.1865484539
 20
35080.21125598284
 10
173846.1865484539
 20
35080.21125598284
 10
173846.1865484539
 20
32411.34400616163
 10
174046.1865484539
 20
32411.34400616163
  0
LWPOLYLINE
  5
21F
330
17
100
AcDbEntity
  8
F03_WALLS
100
AcDbPolyline
 90
5
 70
1
 10
177169.32524254205
 20
33520.67447873686
 10
181104.06598597433
 20
33520.67447873686
 10
181104.06598597433
 20
33720.67447873686
 10
177169.32524254205
 20
33720.67447873686
 10
177169.32524254205
 20
33520.67447873686
  0
LWPOLYLINE
  5
220
330
17
100
AcDbEntity
  8
F03_WALLS
100
AcDbPolyline
 90
5
 70
1
 10
181004.06598597433
 20
33620.67447873686
 10
181004.06598597433
 20
31994.333498377066
 10
181204.06598597433
 20
31994.333498377066
 10
181204.06598597433
 20
33620.67447873686
 10
181004.06598597433
 20
33620.67447873686
  0
LWPOLYLINE
  5
221
330
17
100
AcDbEntity
  8
F03_WALLS
100
AcDbPolyline
 90
5
 70
1
 10
181104.06598597433
 20
32094.333498377066
 10
179555.28505504888
 20
32094.333498377066
 10
179555.28505504888
 20
31894.333498377066
 10
181104.06598597433
 20
31894.333498377066
 10
181104.06598597433
 20
32094.333498377066
  0
LWPOLYLINE
  5
222
330
17
100
AcDbEntity
  8
F03_WALLS
100
AcDbPolyline
 90
5
 70
1
 10
185273.67828203915
 20
35080.21125598284
 10
185273.67828203915
 20
32286.240853826264
 10
185473.67828203915
 20
32286.240853826264
 10
185473.67828203915
 20
35080.21125598284
 10
185273.67828203915
 20
35080.21125598284
  0
LWPOLYLINE
  5
223
330
17
100
AcDbEntity
  8
F03_WALLS
100
AcDbPolyline
 90
5
 70
1
 10
185541.11405835542
 20
31352.219838257137
 10
190187.45685113186
 20
31352.219838257137
 10
190187.45685113186
 20
31552.219838257137
 10
185541.11405835542
 20
31552.219838257137
 10
185541.11405835542
 20
31352.219838257137
  0
LWPOLYLINE
  5
224
330
17
100
AcDbEntity
  8
F03_WALLS
100
AcDbPolyline
 90
5
 70
1
 10
190087.45685113186
 20
31452.219838257137
 10
190087.45685113186
 20
30159.487264124993
 10
190287.45685113186
 20
30159.487264124993
 10
190287.45685113186
 20
31452.219838257137
 10
190087.45685113186
 20
31452.219838257137
  0
LWPOLYLINE
  5
225
330
17
100
AcDbEntity
  8
F03_WALLS
100
AcDbPolyline
 90
5
 70
1
 10
190187.45685113186
 20
30059.487264124993
 10
191192.07150902948
 20
30059.487264124993
 10
191192.07150902948
 20
30259.487264124993
 10
190187.45685113186
 20
30259.487264124993
 10
190187.45685113186
 20
30059.487264124993
  0
LWPOLYLINE
  5
226
330
17
100
AcDbEntity
  8
F03_WALLS
100
AcDbPolyline
 90
5
 70
1
 10
161865.23382144544
 20
27323.81581118996
 10
161865.23382144544
 20
29450.569400891236
 10
161665.23382144544
 20
29450.569400891236
 10
161665.23382144544
 20
27323.81581118996
 10
161865.23382144544
 20
27323.81581118996
  0
LWPOLYLINE
  5
227
330
17
100
AcDbEntity
  8
F03_WALLS
100
AcDbPolyline
 90
5
 70
1
 10
161765.23382144544
 20
29350.569400891236
 10
165448.8209004033
 20
29350.569400891236
 10
165448.8209004033
 20
29550.569400891236
 10
161765.23382144544
 20
29550.569400891236
 10
161765.23382144544
 20
29350.569400891236
  0
LWPOLYLINE
  5
228
330
17
100
AcDbEntity
  8
F03_WALLS
100
AcDbPolyline
 90
5
 70
1
 10
165348.8209004033
 20
29450.569400891236
 10
165348.8209004033
 20
28449.744182208284
 10
165548.8209004033
 20
28449.744182208284
 10
165548.8209004033
 20
29450.569400891236
 10
165348.8209004033
 20
29450.569400891236
  0
LWPOLYLINE
  5
229
330
17
100
AcDbEntity
  8
F03_WALLS
100
AcDbPolyline
 90
5
 70
1
 10
167499.9091602776
 20
29267.16729933432
 10
172941.5718905563
 20
29267.16729933432
 10
172941.5718905563
 20
29467.16729933432
 10
167499.9091602776
 20
29467.16729933432
 10
167499.9091602776
 20
29267.16729933432
  0
LWPOLYLINE
  5
22A
330
17
100
AcDbEntity
  8
F03_WALLS
100
AcDbPolyline
 90
5
 70
1
 10
173041.5718905563
 20
29367.16729933432
 10
173041.5718905563
 20
29659.07465478351
 10
172841.5718905563
 20
29659.07465478351
 10
172841.5718905563
 20
29367.16729933432
 10
173041.5718905563
 20
29367.16729933432
  0
LWPOLYLINE
  5
22B
330
17
100
AcDbEntity
  8
F03_WALLS
100
AcDbPolyline
 90
5
 70
1
 10
172941.5718905563
 20
29559.07465478351
 10
174615.92965371898
 20
29559.07465478351
 10
174615.92965371898
 20
29759.07465478351
 10
172941.5718905563
 20
29759.07465478351
 10
172941.5718905563
 20
29559.07465478351
  0
LWPOLYLINE
  5
22C
330
17
100
AcDbEntity
  8
F03_WALLS
100
AcDbPolyline
 90
5
 70
1
 10
176290.28741688165
 20
29392.27045166969
 10
178759.96511754658
 20
29392.27045166969
 10
178759.96511754658
 20
29592.27045166969
 10
176290.28741688165
 20
29592.27045166969
 10
176290.28741688165
 20
29392.27045166969
  0
LWPOLYLINE
  5
22D
330
17
100
AcDbEntity
  8
F03_WALLS
100
AcDbPolyline
 90
5
 70
1
 10
178659.96511754658
 20
29492.27045166969
 10
178659.96511754658
 20
28699.950486879017
 10
178859.96511754658
 20
28699.950486879017
 10
178859.96511754658
 20
29492.27045166969
 10
178659.96511754658
 20
29492.27045166969
  0
LWPOLYLINE
  5
22E
330
17
100
AcDbEntity
  8
F03_WALLS
100
AcDbPolyline
 90
5
 70
1
 10
178759.96511754658
 20
28599.950486879017
 10
181397.07859452782
 20
28599.950486879017
 10
181397.07859452782
 20
28799.950486879017
 10
178759.96511754658
 20
28799.950486879017
 10
178759.96511754658
 20
28599.950486879017
  0
LWPOLYLINE
  5
22F
330
17
100
AcDbEntity
  8
F03_WALLS
100
AcDbPolyline
 90
5
 70
1
 10
181497.07859452782
 20
28699.950486879017
 10
181497.07859452782
 20
29492.27045166969
 10
181297.07859452782
 20
29492.27045166969
 10
181297.07859452782
 20
28699.950486879017
 10
181497.07859452782
 20
28699.950486879017
  0
LWPOLYLINE
  5
230
330
17
100
AcDbEntity
  8
F03_WALLS
100
AcDbPolyline
 90
5
 70
1
 10
181397.07859452782
 20
29392.27045166969
 10
183406.30791032303
 20
29392.27045166969
 10
183406.30791032303
 20
29592.27045166969
 10
181397.07859452782
 20
29592.27045166969
 10
181397.07859452782
 20
29392.27045166969
  0
LWPOLYLINE
  5
231
330
17
100
AcDbEntity
  8
F03_WALLS
100
AcDbPolyline
 90
5
 70
1
 10
183306.30791032303
 20
29450.569400891236
 10
183306.30791032303
 20
24279.639104362654
 10
183506.30791032303
 20
24279.639104362654
 10
183506.30791032303
 20
29450.569400891236
 10
183306.30791032303
 20
29450.569400891236
  0
LWPOLYLINE
  5
232
330
17
100
AcDbEntity
  8
F03_WALLS
100
AcDbPolyline
 90
5
 70
1
 10
183406.30791032303
 20
24179.639104362654
 10
185499.25511427637
 20
24179.639104362654
 10
185499.25511427637
 20
24379.639104362654
 10
183406.30791032303
 20
24379.639104362654
 10
183406.30791032303
 20
24179.639104362654
  0
LWPOLYLINE
  5
233
330
17
100
AcDbEntity
  8
F03_WALLS
100
AcDbPolyline
 90
5
 70
1
 10
185708.5498346717
 20
27849.33157286681
 10
187048.03604520185
 20
27849.33157286681
 10
187048.03604520185
 20
28049.33157286681
 10
185708.5498346717
 20
28049.33157286681
 10
185708.5498346717
 20
27849.33157286681
  0
LWPOLYLINE
  5
234
330
17
100
AcDbEntity
  8
F03_WALLS
100
AcDbPolyline
 90
5
 70
1
 10
186948.03604520185
 20
27949.33157286681
 10
186948.03604520185
 20
24279.639104362654
 10
187148.03604520185
 20
24279.639104362654
 10
187148.03604520185
 20
27949.33157286681
 10
186948.03604520185
 20
27949.33157286681
  0
LWPOLYLINE
  5
235
330
17
100
AcDbEntity
  8
F03_WALLS
100
AcDbPolyline
 90
5
 70
1
 10
187048.03604520185
 20
24379.639104362654
 10
186503.869772174
 20
24379.639104362654
 10
186503.869772174
 20
24179.639104362654
 10
187048.03604520185
 20
24179.639104362654
 10
187048.03604520185
 20
24379.639104362654
  0
LWPOLYLINE
  5
236
330
17
100
AcDbEntity
  8
F03_WALLS
100
AcDbPolyline
 90
5
 70
1
 10
185608.5498346717
 20
22319.68971777521
 10
185608.5498346717
 20
16856.852065797437
 10
185808.5498346717
 20
16856.852065797437
 10
185808.5498346717
 20
22319.68971777521
 10
185608.5498346717
 20
22319.68971777521
  0
LWPOLYLINE
  5
237
330
17
100
AcDbEntity
  8
F03_WALLS
100
AcDbPolyline
 90
5
 70
1
 10
185708.5498346717
 20
16756.852065797437
 10
187048.03604520185
 20
16756.852065797437
 10
187048.03604520185
 20
16956.852065797437
 10
185708.5498346717
 20
16956.852065797437
 10
185708.5498346717
 20
16756.852065797437
  0
LWPOLYLINE
  5
238
330
17
100
AcDbEntity
  8
F03_WALLS
100
AcDbPolyline
 90
5
 70
1
 10
185608.5498346717
 20
14730.098476096166
 10
185608.5498346717
 20
12936.953292622546
 10
185808.5498346717
 20
12936.953292622546
 10
185808.5498346717
 20
14730.098476096166
 10
185608.5498346717
 20
14730.098476096166
  0
LWPOLYLINE
  5
239
330
17
100
AcDbEntity
  8
F03_WALLS
100
AcDbPolyline
 90
5
 70
1
 10
185708.5498346717
 20
13036.953292622546
 10
183448.1668544021
 20
13036.953292622546
 10
183448.1668544021
 20
12836.953292622546
 10
185708.5498346717
 20
12836.953292622546
 10
185708.5498346717
 20
13036.953292622546
  0
LWPOLYLINE
  5
23A
330
17
100
AcDbEntity
  8
F03_WALLS
100
AcDbPolyline
 90
5
 70
1
 10
186948.03604520185
 20
12895.252241844088
 10
186948.03604520185
 20
6598.393574297191
 10
187148.03604520185
 20
6598.393574297191
 10
187148.03604520185
 20
12895.252241844088
 10
186948.03604520185
 20
12895.252241844088
  0
LWPOLYLINE
  5
23B
330
17
100
AcDbEntity
  8
F03_WALLS
100
AcDbPolyline
 90
5
 70
1
 10
187048.03604520185
 20
6698.393574297191
 10
185582.9730024345
 20
6698.393574297191
 10
185582.9730024345
 20
6498.393574297191
 10
187048.03604520185
 20
6498.393574297191
 10
187048.03604520185
 20
6698.393574297191
  0
LWPOLYLINE
  5
23C
330
17
100
AcDbEntity
  8
F03_WALLS
100
AcDbPolyline
 90
5
 70
1
 10
181480.79648268595
 20
5906.0736095065195
 10
176499.582137277
 20
5906.0736095065195
 10
176499.582137277
 20
5706.0736095065195
 10
181480.79648268595
 20
5706.0736095065195
 10
181480.79648268595
 20
5906.0736095065195
  0
LWPOLYLINE
  5
23D
330
17
100
AcDbEntity
  8
F03_WALLS
100
AcDbPolyline
 90
5
 70
1
 10
174657.78859779803
 20
5906.0736095065195
 10
167625.4859925148
 20
5906.0736095065195
 10
167625.4859925148
 20
5706.0736095065195
 10
174657.78859779803
 20
5706.0736095065195
 10
174657.78859779803
 20
5906.0736095065195
  0
LWPOLYLINE
  5
23E
330
17
100
AcDbEntity
  8
F03_WALLS
100
AcDbPolyline
 90
5
 70
1
 10
165448.8209004033
 20
5906.0736095065195
 10
161765.23382144544
 20
5906.0736095065195
 10
161765.23382144544
 20
5706.0736095065195
 10
165448.8209004033
 20
5706.0736095065195
 10
165448.8209004033
 20
5906.0736095065195
  0
LWPOLYLINE
  5
23F
330
17
100
AcDbEntity
  8
F03_WALLS
100
AcDbPolyline
 90
5
 70
1
 10
161865.23382144544
 20
5806.0736095065195
 10
161865.23382144544
 20
8057.93035154316
 10
161665.23382144544
 20
8057.93035154316
 10
161665.23382144544
 20
5806.0736095065195
 10
161865.23382144544
 20
5806.0736095065195
  0
LWPOLYLINE
  5
240
330
17
100
AcDbEntity
  8
F03_WALLS
100
AcDbPolyline
 90
5
 70
1
 10
159102.543512227
 20
343.23595752874854
 10
159102.543512227
 20
4138.031578368269
 10
158902.543512227
 20
4138.031578368269
 10
158902.543512227
 20
343.23595752874854
 10
159102.543512227
 20
343.23595752874854
  0
LWPOLYLINE
  5
241
330
17
100
AcDbEntity
  8
F03_WALLS
100
AcDbPolyline
 90
5
 70
1
 10
159002.543512227
 20
4038.031578368269
 10
161597.79804512917
 20
4038.031578368269
 10
161597.79804512917
 20
4238.031578368269
 10
159002.543512227
 20
4238.031578368269
 10
159002.543512227
 20
4038.031578368269
  0
LWPOLYLINE
  5
242
330
17
100
AcDbEntity
  8
F03_WALLS
100
AcDbPolyline
 90
5
 70
1
 10
161497.79804512917
 20
4138.031578368269
 10
161497.79804512917
 20
1969.5769378885404
 10
161697.79804512917
 20
1969.5769378885404
 10
161697.79804512917
 20
4138.031578368269
 10
161497.79804512917
 20
4138.031578368269
  0
LWPOLYLINE
  5
243
330
17
100
AcDbEntity
  8
F03_WALLS
100
AcDbPolyline
 90
5
 70
1
 10
165574.39773264053
 20
3829.526324475988
 10
173150.86661095163
 20
3829.526324475988
 10
173150.86661095163
 20
4029.526324475988
 10
165574.39773264053
 20
4029.526324475988
 10
165574.39773264053
 20
3829.526324475988
  0
LWPOLYLINE
  5
244
330
17
100
AcDbEntity
  8
F03_WALLS
100
AcDbPolyline
 90
5
 70
1
 10
173050.86661095163
 20
3929.526324475988
 10
173050.86661095163
 20
426.63805908566013
 10
173250.86661095163
 20
426.63805908566013
 10
173250.86661095163
 20
3929.526324475988
 10
173050.86661095163
 20
3929.526324475988
  0
LWPOLYLINE
  5
245
330
17
100
AcDbEntity
  8
F03_WALLS
100
AcDbPolyline
 90
5
 70
1
 10
173653.17393990044
 20
3621.0210705837067
 10
175871.69797609097
 20
3621.0210705837067
 10
175871.69797609097
 20
3821.0210705837067
 10
173653.17393990044
 20
3821.0210705837067
 10
173653.17393990044
 20
3621.0210705837067
  0
LWPOLYLINE
  5
246
330
17
100
AcDbEntity
  8
F03_WALLS
100
AcDbPolyline
 90
5
 70
1
 10
175771.69797609097
 20
3721.0210705837067
 10
175771.69797609097
 20
384.937008307202
 10
175971.69797609097
 20
384.937008307202
 10
175971.69797609097
 20
3721.0210705837067
 10
175771.69797609097
 20
3721.0210705837067
  0
LWPOLYLINE
  5
247
330
17
100
AcDbEntity
  8
F03_WALLS
100
AcDbPolyline
 90
5
 70
1
 10
177043.74841030486
 20
1952.9790394454521
 10
184494.64045637875
 20
1952.9790394454521
 10
184494.64045637875
 20
2152.979039445452
 10
177043.74841030486
 20
2152.979039445452
 10
177043.74841030486
 20
1952.9790394454521
  0
LWPOLYLINE
  5
248
330
17
100
AcDbEntity
  8
F03_WALLS
100
AcDbPolyline
 90
5
 70
1
 10
184394.64045637875
 20
2052.979039445452
 10
184394.64045637875
 20
468.3391098641136
 10
184594.64045637875
 20
468.3391098641136
 10
184594.64045637875
 20
2052.979039445452
 10
184394.64045637875
 20
2052.979039445452
  0
LWPOLYLINE
  5
249
330
17
100
AcDbEntity
  8
F03_WALLS
100
AcDbPolyline
 90
5
 70
1
 10
185959.7034991461
 20
3495.917918248337
 10
190438.61051560627
 20
3495.917918248337
 10
190438.61051560627
 20
3695.917918248337
 10
185959.7034991461
 20
3695.917918248337
 10
185959.7034991461
 20
3495.917918248337
  0
LWPOLYLINE
  5
24A
330
17
100
AcDbEntity
  8
F03_WALLS
100
AcDbPolyline
 90
5
 70
1
 10
190538.61051560627
 20
3595.917918248337
 10
190538.61051560627
 20
4555.042086152832
 10
190338.61051560627
 20
4555.042086152832
 10
190338.61051560627
 20
3595.917918248337
 10
190538.61051560627
 20
3595.917918248337
  0
LWPOLYLINE
  5
24B
330
17
100
AcDbEntity
  8
F03_WALLS
100
AcDbPolyline
 90
5
 70
1
 10
190438.61051560627
 20
4455.042086152832
 10
191150.2125649504
 20
4455.042086152832
 10
191150.2125649504
 20
4655.042086152832
 10
190438.61051560627
 20
4655.042086152832
 10
190438.61051560627
 20
4455.042086152832
  0
LWPOLYLINE
  5
24C
330
17
100
AcDbEntity
  8
F03_WALLS
100
AcDbPolyline
 90
5
 70
1
 10
192782.71138403402
 20
4538.444187709743
 10
193619.89026561534
 20
4538.444187709743
 10
193619.89026561534
 20
4738.444187709743
 10
192782.71138403402
 20
4738.444187709743
 10
192782.71138403402
 20
4538.444187709743
  0
LWPOLYLINE
  5
24E
330
17
100
AcDbEntity
  8
F03_PIT
100
AcDbPolyline
 90
193
 70
1
 10
161053.6317721013
 20
17690.87308136656
 10
161049.64247118757
 20
17447.086727414957
 10
161037.67884028977
 20
17203.561425997344
 10
161017.7536903635
 20
16960.55795010613
 10
160989.88835775838
 20
16718.336513949864
 10
160954.11268137046
 20
16477.156494309376
 10
160910.4649706902
 20
16237.276152790593
 10
160858.99196477936
 20
15998.952359271563
 10
160799.74878222198
 20
15762.440316839746
 10
160732.7988621018
 20
15527.993288514157
 10
160658.2138960702
 20
15295.862326044986
 10
160576.07375157697
 20
15066.29600108109
 10
160486.4663863462
 20
14839.540138993252
 10
160389.48775418903
 20
14615.837555638209
 10
160285.2417022538
 20
14395.427797345357
 10
160173.839859824
 20
14178.54688440454
 10
160055.4015187828
 20
13965.427058329607
 10
159930.05350587238
 20
13756.296533168392
 10
159797.93004688458
 20
13551.37925112538
 10
159659.1726229286
 20
13350.894642758805
 10
159513.92981892952
 20
13155.0573920089
 10
159362.35716451978
 20
12964.07720630895
 10
159204.61696749425
 20
12778.15859202534
 10
159040.8781400068
 20
12597.500635466997
 10
158871.31601769518
 20
12422.29678969879
 10
158696.11217192694
 20
12252.73466738715
 10
158515.4542153686
 20
12088.995839899711
 10
158329.535601085
 20
11931.25564287416
 10
158138.55541538505
 20
11779.68298846443
 10
157942.71816463515
 20
11634.44018446535
 10
157742.23355626856
 20
11495.682760509371
 10
157537.31627422557
 20
11363.559301521564
 10
157328.18574906435
 20
11238.211288611143
 10
157115.06592298942
 20
11119.77294756996
 10
156898.1850100486
 20
11008.371105140155
 10
156677.77525175575
 20
10904.125053204916
 10
156454.0726684007
 20
10807.146421047735
 10
156227.31680631285
 20
10717.539055816975
 10
155997.75048134898
 20
10635.398911323744
 10
155765.6195188798
 20
10560.813945292151
 10
155531.17249055422
 20
10493.864025171975
 10
155294.6604481224
 20
10434.620842614593
 10
155056.33665460336
 20
10383.147836703763
 10
154816.45631308458
 20
10339.500126023479
 10
154575.2762934441
 20
10303.724449635589
 10
154333.05485728782
 20
10275.859117030453
 10
154090.05138139662
 20
10255.933967104176
 10
153846.526079979
 20
10243.970336206368
 10
153602.7397260274
 20
10239.981035292654
 10
153358.9533720758
 20
10243.970336206368
 10
153115.42807065818
 20
10255.933967104176
 10
152872.42459476696
 20
10275.859117030453
 10
152630.2031586107
 20
10303.724449635589
 10
152389.02313897022
 20
10339.500126023479
 10
152149.14279745144
 20
10383.147836703763
 10
151910.8190039324
 20
10434.620842614593
 10
151674.30696150058
 20
10493.864025171975
 10
151439.859933175
 20
10560.81394529215
 10
151207.72897070582
 20
10635.398911323744
 10
150978.16264574192
 20
10717.539055816973
 10
150751.4067836541
 20
10807.146421047733
 10
150527.70420029905
 20
10904.125053204916
 10
150307.29444200618
 20
11008.371105140153
 10
150090.41352906538
 20
11119.772947569956
 10
149877.29370299046
 20
11238.211288611143
 10
149668.16317782924
 20
11363.559301521564
 10
149463.2458957862
 20
11495.682760509371
 10
149262.76128741965
 20
11634.440184465348
 10
149066.92403666972
 20
11779.682988464428
 10
148875.94385096978
 20
11931.255642874157
 10
148690.02523668617
 20
12088.995839899708
 10
148509.36728012783
 20
12252.734667387147
 10
148334.16343435962
 20
12422.29678969879
 10
148164.60131204798
 20
12597.500635466995
 10
148000.86248456055
 20
12778.15859202534
 10
147843.122287535
 20
12964.077206308948
 10
147691.54963312525
 20
13155.057392008897
 10
147546.30682912617
 20
13350.894642758805
 10
147407.5494051702
 20
13551.379251125378
 10
147275.4259461824
 20
13756.296533168388
 10
147150.07793327197
 20
13965.427058329606
 10
147031.6395922308
 20
14178.546884404539
 10
146920.237749801
 20
14395.427797345354
 10
146815.99169786574
 20
14615.837555638207
 10
146719.01306570857
 20
14839.54013899325
 10
146629.4057004778
 20
15066.296001081086
 10
146547.26555598457
 20
15295.862326044982
 10
146472.68058995297
 20
15527.993288514153
 10
146405.73066983282
 20
15762.440316839744
 10
146346.48748727542
 20
15998.95235927156
 10
146295.0144813646
 20
16237.276152790591
 10
146251.3667706843
 20
16477.156494309376
 10
146215.59109429643
 20
16718.33651394986
 10
146187.72576169128
 20
16960.557950106126
 10
146167.800611765
 20
17203.56142599734
 10
146155.8369808672
 20
17447.086727414953
 10
146151.8476799535
 20
17690.87308136656
 10
146155.8369808672
 20
17934.659435318164
 10
146167.800611765
 20
18178.184736735777
 10
146187.72576169128
 20
18421.188212626992
 10
146215.59109429643
 20
18663.409648783254
 10
146251.3667706843
 20
18904.58966842374
 10
146295.0144813646
 20
19144.470009942524
 10
146346.48748727542
 20
19382.793803461558
 10
146405.73066983282
 20
19619.305845893374
 10
146472.68058995297
 20
19853.752874218964
 10
146547.26555598457
 20
20085.883836688132
 10
146629.4057004778
 20
20315.45016165203
 10
146719.01306570857
 20
20542.206023739865
 10
146815.99169786574
 20
20765.90860709491
 10
146920.237749801
 20
20986.318365387764
 10
147031.6395922308
 20
21203.19927832858
 10
147150.07793327197
 20
21416.319104403512
 10
147275.4259461824
 20
21625.44962956473
 10
147407.5494051702
 20
21830.36691160774
 10
147546.30682912617
 20
22030.851519974312
 10
147691.54963312525
 20
22226.68877072422
 10
147843.122287535
 20
22417.668956424168
 10
148000.86248456055
 20
22603.58757070778
 10
148164.60131204798
 20
22784.245527266125
 10
148334.16343435962
 20
22959.449373034327
 10
148509.36728012783
 20
23129.01149534597
 10
148690.02523668617
 20
23292.75032283341
 10
148875.94385096978
 20
23450.490519858962
 10
149066.92403666972
 20
23602.06317426869
 10
149262.76128741965
 20
23747.305978267774
 10
149463.2458957862
 20
23886.063402223746
 10
149668.1631778292
 20
24018.186861211554
 10
149877.29370299043
 20
24143.53487412198
 10
150090.41352906538
 20
24261.97321516316
 10
150307.29444200618
 20
24373.375057592966
 10
150527.70420029905
 20
24477.621109528205
 10
150751.4067836541
 20
24574.599741685386
 10
150978.16264574192
 20
24664.207106916147
 10
151207.72897070582
 20
24746.347251409377
 10
151439.859933175
 20
24820.932217440968
 10
151674.30696150058
 20
24887.882137561144
 10
151910.81900393238
 20
24947.125320118528
 10
152149.1427974514
 20
24998.598326029358
 10
152389.0231389702
 20
25042.246036709643
 10
152630.2031586107
 20
25078.021713097532
 10
152872.42459476696
 20
25105.887045702668
 10
153115.42807065818
 20
25125.812195628947
 10
153358.95337207578
 20
25137.775826526755
 10
153602.7397260274
 20
25141.765127440467
 10
153846.526079979
 20
25137.775826526755
 10
154090.0513813966
 20
25125.812195628947
 10
154333.05485728782
 20
25105.887045702668
 10
154575.2762934441
 20
25078.021713097532
 10
154816.45631308458
 20
25042.246036709643
 10
155056.33665460336
 20
24998.598326029358
 10
155294.6604481224
 20
24947.12532011853
 10
155531.17249055422
 20
24887.882137561148
 10
155765.6195188798
 20
24820.93221744097
 10
155997.75048134898
 20
24746.347251409377
 10
156227.31680631285
 20
24664.20710691615
 10
156454.0726684007
 20
24574.59974168539
 10
156677.77525175575
 20
24477.621109528205
 10
156898.1850100486
 20
24373.375057592966
 10
157115.0659229894
 20
24261.973215163165
 10
157328.18574906435
 20
24143.534874121982
 10
157537.31627422557
 20
24018.18686121156
 10
157742.23355626856
 20
23886.06340222375
 10
157942.71816463515
 20
23747.305978267774
 10
158138.55541538505
 20
23602.063174268696
 10
158329.535601085
 20
23450.490519858966
 10
158515.4542153686
 20
23292.750322833414
 10
158696.11217192694
 20
23129.011495345974
 10
158871.31601769518
 20
22959.44937303433
 10
159040.8781400068
 20
22784.24552726613
 10
159204.61696749425
 20
22603.587570707787
 10
159362.35716451978
 20
22417.668956424175
 10
159513.92981892952
 20
22226.688770724228
 10
159659.1726229286
 20
22030.851519974316
 10
159797.93004688458
 20
21830.366911607747
 10
159930.05350587238
 20
21625.449629564737
 10
160055.4015187828
 20
21416.31910440352
 10
160173.839859824
 20
21203.199278328582
 10
160285.24170225378
 20
20986.31836538777
 10
160389.48775418903
 20
20765.90860709492
 10
160486.4663863462
 20
20542.206023739876
 10
160576.07375157697
 20
20315.450161652036
 10
160658.2138960702
 20
20085.88383668814
 10
160732.7988621018
 20
19853.75287421897
 10
160799.74878222198
 20
19619.30584589338
 10
160858.99196477936
 20
19382.79380346156
 10
160910.4649706902
 20
19144.47000994253
 10
160954.11268137046
 20
18904.58966842375
 10
160989.88835775838
 20
18663.409648783265
 10
161017.7536903635
 20
18421.188212627
 10
161037.67884028977
 20
18178.18473673578
 10
161049.64247118757
 20
17934.659435318168
 10
161053.6317721013
 20
17690.87308136656
  0
LWPOLYLINE
  5
250
330
17
100
AcDbEntity
  8
F03_SEATING
100
AcDbPolyline
 90
5
 70
1
 10
163731.08405256082
 20
27097.379105462944
 10
164375.22710886807
 20
27097.379105462944
 10
164375.22710886807
 20
26737.082026737084
 10
163731.08405256082
 20
26737.082026737084
 10
163731.08405256082
 20
27097.379105462944
  0
LWPOLYLINE
  5
251
330
17
100
AcDbEntity
  8
F03_SEATING
100
AcDbPolyline
 90
5
 70
1
 10
163731.08405256082
 20
26534.414919953786
 10
164375.22710886807
 20
26534.414919953786
 10
164375.22710886807
 20
26174.117841227926
 10
163731.08405256082
 20
26174.117841227926
 10
163731.08405256082
 20
26534.414919953786
  0
LWPOLYLINE
  5
252
330
17
100
AcDbEntity
  8
F03_SEATING
100
AcDbPolyline
 90
5
 70
1
 10
163731.08405256082
 20
25971.45073444463
 10
164375.22710886807
 20
25971.45073444463
 10
164375.22710886807
 20
25611.15365571877
 10
163731.08405256082
 20
25611.15365571877
 10
163731.08405256082
 20
25971.45073444463
  0
LWPOLYLINE
  5
253
330
17
100
AcDbEntity
  8
F03_SEATING
100
AcDbPolyline
 90
5
 70
1
 10
163731.08405256082
 20
25408.486548935463
 10
164375.22710886807
 20
25408.486548935463
 10
164375.22710886807
 20
25048.189470209603
 10
163731.08405256082
 20
25048.189470209603
 10
163731.08405256082
 20
25408.486548935463
  0
LWPOLYLINE
  5
254
330
17
100
AcDbEntity
  8
F03_SEATING
100
AcDbPolyline
 90
5
 70
1
 10
163731.08405256082
 20
24845.52236342631
 10
164375.22710886807
 20
24845.52236342631
 10
164375.22710886807
 20
24485.225284700446
 10
163731.08405256082
 20
24485.225284700446
 10
163731.08405256082
 20
24845.52236342631
  0
LWPOLYLINE
  5
255
330
17
100
AcDbEntity
  8
F03_SEATING
100
AcDbPolyline
 90
5
 70
1
 10
163731.08405256082
 20
24282.558177917144
 10
164375.22710886807
 20
24282.558177917144
 10
164375.22710886807
 20
23922.261099191284
 10
163731.08405256082
 20
23922.261099191284
 10
163731.08405256082
 20
24282.558177917144
  0
LWPOLYLINE
  5
256
330
17
100
AcDbEntity
  8
F03_SEATING
100
AcDbPolyline
 90
5
 70
1
 10
164707.05838029907
 20
27097.379105462944
 10
165351.2014366063
 20
27097.379105462944
 10
165351.2014366063
 20
26737.082026737084
 10
164707.05838029907
 20
26737.082026737084
 10
164707.05838029907
 20
27097.379105462944
  0
LWPOLYLINE
  5
257
330
17
100
AcDbEntity
  8
F03_SEATING
100
AcDbPolyline
 90
5
 70
1
 10
164707.05838029907
 20
26534.414919953786
 10
165351.2014366063
 20
26534.414919953786
 10
165351.2014366063
 20
26174.117841227926
 10
164707.05838029907
 20
26174.117841227926
 10
164707.05838029907
 20
26534.414919953786
  0
LWPOLYLINE
  5
258
330
17
100
AcDbEntity
  8
F03_SEATING
100
AcDbPolyline
 90
5
 70
1
 10
164707.05838029907
 20
25971.45073444463
 10
165351.2014366063
 20
25971.45073444463
 10
165351.2014366063
 20
25611.15365571877
 10
164707.05838029907
 20
25611.15365571877
 10
164707.05838029907
 20
25971.45073444463
  0
LWPOLYLINE
  5
259
330
17
100
AcDbEntity
  8
F03_SEATING
100
AcDbPolyline
 90
5
 70
1
 10
164707.05838029907
 20
25408.486548935463
 10
165351.2014366063
 20
25408.486548935463
 10
165351.2014366063
 20
25048.189470209603
 10
164707.05838029907
 20
25048.189470209603
 10
164707.05838029907
 20
25408.486548935463
  0
LWPOLYLINE
  5
25A
330
17
100
AcDbEntity
  8
F03_SEATING
100
AcDbPolyline
 90
5
 70
1
 10
164707.05838029907
 20
24845.52236342631
 10
165351.2014366063
 20
24845.52236342631
 10
165351.2014366063
 20
24485.225284700446
 10
164707.05838029907
 20
24485.225284700446
 10
164707.05838029907
 20
24845.52236342631
  0
LWPOLYLINE
  5
25B
330
17
100
AcDbEntity
  8
F03_SEATING
100
AcDbPolyline
 90
5
 70
1
 10
164707.05838029907
 20
24282.558177917144
 10
165351.2014366063
 20
24282.558177917144
 10
165351.2014366063
 20
23922.261099191284
 10
164707.05838029907
 20
23922.261099191284
 10
164707.05838029907
 20
24282.558177917144
  0
LWPOLYLINE
  5
25C
330
17
100
AcDbEntity
  8
F03_SEATING
100
AcDbPolyline
 90
5
 70
1
 10
165683.0327080373
 20
27097.379105462944
 10
166327.17576434455
 20
27097.379105462944
 10
166327.17576434455
 20
26737.082026737084
 10
165683.0327080373
 20
26737.082026737084
 10
165683.0327080373
 20
27097.379105462944
  0
LWPOLYLINE
  5
25D
330
17
100
AcDbEntity
  8
F03_SEATING
100
AcDbPolyline
 90
5
 70
1
 10
165683.0327080373
 20
26534.414919953786
 10
166327.17576434455
 20
26534.414919953786
 10
166327.17576434455
 20
26174.117841227926
 10
165683.0327080373
 20
26174.117841227926
 10
165683.0327080373
 20
26534.414919953786
  0
LWPOLYLINE
  5
25E
330
17
100
AcDbEntity
  8
F03_SEATING
100
AcDbPolyline
 90
5
 70
1
 10
165683.0327080373
 20
25971.45073444463
 10
166327.17576434455
 20
25971.45073444463
 10
166327.17576434455
 20
25611.15365571877
 10
165683.0327080373
 20
25611.15365571877
 10
165683.0327080373
 20
25971.45073444463
  0
LWPOLYLINE
  5
25F
330
17
100
AcDbEntity
  8
F03_SEATING
100
AcDbPolyline
 90
5
 70
1
 10
165683.0327080373
 20
25408.486548935463
 10
166327.17576434455
 20
25408.486548935463
 10
166327.17576434455
 20
25048.189470209603
 10
165683.0327080373
 20
25048.189470209603
 10
165683.0327080373
 20
25408.486548935463
  0
LWPOLYLINE
  5
260
330
17
100
AcDbEntity
  8
F03_SEATING
100
AcDbPolyline
 90
5
 70
1
 10
165683.0327080373
 20
24845.52236342631
 10
166327.17576434455
 20
24845.52236342631
 10
166327.17576434455
 20
24485.225284700446
 10
165683.0327080373
 20
24485.225284700446
 10
165683.0327080373
 20
24845.52236342631
  0
LWPOLYLINE
  5
261
330
17
100
AcDbEntity
  8
F03_SEATING
100
AcDbPolyline
 90
5
 70
1
 10
165683.0327080373
 20
24282.558177917144
 10
166327.17576434455
 20
24282.558177917144
 10
166327.17576434455
 20
23922.261099191284
 10
165683.0327080373
 20
23922.261099191284
 10
165683.0327080373
 20
24282.558177917144
  0
LWPOLYLINE
  5
262
330
17
100
AcDbEntity
  8
F03_SEATING
100
AcDbPolyline
 90
5
 70
1
 10
166659.00703577555
 20
27097.379105462944
 10
167303.1500920828
 20
27097.379105462944
 10
167303.1500920828
 20
26737.082026737084
 10
166659.00703577555
 20
26737.082026737084
 10
166659.00703577555
 20
27097.379105462944
  0
LWPOLYLINE
  5
263
330
17
100
AcDbEntity
  8
F03_SEATING
100
AcDbPolyline
 90
5
 70
1
 10
166659.00703577555
 20
26534.414919953786
 10
167303.1500920828
 20
26534.414919953786
 10
167303.1500920828
 20
26174.117841227926
 10
166659.00703577555
 20
26174.117841227926
 10
166659.00703577555
 20
26534.414919953786
  0
LWPOLYLINE
  5
264
330
17
100
AcDbEntity
  8
F03_SEATING
100
AcDbPolyline
 90
5
 70
1
 10
166659.00703577555
 20
25971.45073444463
 10
167303.1500920828
 20
25971.45073444463
 10
167303.1500920828
 20
25611.15365571877
 10
166659.00703577555
 20
25611.15365571877
 10
166659.00703577555
 20
25971.45073444463
  0
LWPOLYLINE
  5
265
330
17
100
AcDbEntity
  8
F03_SEATING
100
AcDbPolyline
 90
5
 70
1
 10
166659.00703577555
 20
25408.486548935463
 10
167303.1500920828
 20
25408.486548935463
 10
167303.1500920828
 20
25048.189470209603
 10
166659.00703577555
 20
25048.189470209603
 10
166659.00703577555
 20
25408.486548935463
  0
LWPOLYLINE
  5
266
330
17
100
AcDbEntity
  8
F03_SEATING
100
AcDbPolyline
 90
5
 70
1
 10
166659.00703577555
 20
24845.52236342631
 10
167303.1500920828
 20
24845.52236342631
 10
167303.1500920828
 20
24485.225284700446
 10
166659.00703577555
 20
24485.225284700446
 10
166659.00703577555
 20
24845.52236342631
  0
LWPOLYLINE
  5
267
330
17
100
AcDbEntity
  8
F03_SEATING
100
AcDbPolyline
 90
5
 70
1
 10
166659.00703577555
 20
24282.558177917144
 10
167303.1500920828
 20
24282.558177917144
 10
167303.1500920828
 20
23922.261099191284
 10
166659.00703577555
 20
23922.261099191284
 10
166659.00703577555
 20
24282.558177917144
  0
LWPOLYLINE
  5
268
330
17
100
AcDbEntity
  8
F03_SEATING
100
AcDbPolyline
 90
5
 70
1
 10
167634.9813635138
 20
27097.379105462944
 10
168279.12441982102
 20
27097.379105462944
 10
168279.12441982102
 20
26737.082026737084
 10
167634.9813635138
 20
26737.082026737084
 10
167634.9813635138
 20
27097.379105462944
  0
LWPOLYLINE
  5
269
330
17
100
AcDbEntity
  8
F03_SEATING
100
AcDbPolyline
 90
5
 70
1
 10
167634.9813635138
 20
26534.414919953786
 10
168279.12441982102
 20
26534.414919953786
 10
168279.12441982102
 20
26174.117841227926
 10
167634.9813635138
 20
26174.117841227926
 10
167634.9813635138
 20
26534.414919953786
  0
LWPOLYLINE
  5
26A
330
17
100
AcDbEntity
  8
F03_SEATING
100
AcDbPolyline
 90
5
 70
1
 10
167634.9813635138
 20
25971.45073444463
 10
168279.12441982102
 20
25971.45073444463
 10
168279.12441982102
 20
25611.15365571877
 10
167634.9813635138
 20
25611.15365571877
 10
167634.9813635138
 20
25971.45073444463
  0
LWPOLYLINE
  5
26B
330
17
100
AcDbEntity
  8
F03_SEATING
100
AcDbPolyline
 90
5
 70
1
 10
167634.9813635138
 20
25408.486548935463
 10
168279.12441982102
 20
25408.486548935463
 10
168279.12441982102
 20
25048.189470209603
 10
167634.9813635138
 20
25048.189470209603
 10
167634.9813635138
 20
25408.486548935463
  0
LWPOLYLINE
  5
26C
330
17
100
AcDbEntity
  8
F03_SEATING
100
AcDbPolyline
 90
5
 70
1
 10
167634.9813635138
 20
24845.52236342631
 10
168279.12441982102
 20
24845.52236342631
 10
168279.12441982102
 20
24485.225284700446
 10
167634.9813635138
 20
24485.225284700446
 10
167634.9813635138
 20
24845.52236342631
  0
LWPOLYLINE
  5
26D
330
17
100
AcDbEntity
  8
F03_SEATING
100
AcDbPolyline
 90
5
 70
1
 10
167634.9813635138
 20
24282.558177917144
 10
168279.12441982102
 20
24282.558177917144
 10
168279.12441982102
 20
23922.261099191284
 10
167634.9813635138
 20
23922.261099191284
 10
167634.9813635138
 20
24282.558177917144
  0
LWPOLYLINE
  5
26E
330
17
100
AcDbEntity
  8
F03_SEATING
100
AcDbPolyline
 90
5
 70
1
 10
168610.95569125202
 20
27097.379105462944
 10
169255.09874755927
 20
27097.379105462944
 10
169255.09874755927
 20
26737.082026737084
 10
168610.95569125202
 20
26737.082026737084
 10
168610.95569125202
 20
27097.379105462944
  0
LWPOLYLINE
  5
26F
330
17
100
AcDbEntity
  8
F03_SEATING
100
AcDbPolyline
 90
5
 70
1
 10
168610.95569125202
 20
26534.414919953786
 10
169255.09874755927
 20
26534.414919953786
 10
169255.09874755927
 20
26174.117841227926
 10
168610.95569125202
 20
26174.117841227926
 10
168610.95569125202
 20
26534.414919953786
  0
LWPOLYLINE
  5
270
330
17
100
AcDbEntity
  8
F03_SEATING
100
AcDbPolyline
 90
5
 70
1
 10
168610.95569125202
 20
25971.45073444463
 10
169255.09874755927
 20
25971.45073444463
 10
169255.09874755927
 20
25611.15365571877
 10
168610.95569125202
 20
25611.15365571877
 10
168610.95569125202
 20
25971.45073444463
  0
LWPOLYLINE
  5
271
330
17
100
AcDbEntity
  8
F03_SEATING
100
AcDbPolyline
 90
5
 70
1
 10
168610.95569125202
 20
25408.486548935463
 10
169255.09874755927
 20
25408.486548935463
 10
169255.09874755927
 20
25048.189470209603
 10
168610.95569125202
 20
25048.189470209603
 10
168610.95569125202
 20
25408.486548935463
  0
LWPOLYLINE
  5
272
330
17
100
AcDbEntity
  8
F03_SEATING
100
AcDbPolyline
 90
5
 70
1
 10
168610.95569125202
 20
24845.52236342631
 10
169255.09874755927
 20
24845.52236342631
 10
169255.09874755927
 20
24485.225284700446
 10
168610.95569125202
 20
24485.225284700446
 10
168610.95569125202
 20
24845.52236342631
  0
LWPOLYLINE
  5
273
330
17
100
AcDbEntity
  8
F03_SEATING
100
AcDbPolyline
 90
5
 70
1
 10
168610.95569125202
 20
24282.558177917144
 10
169255.09874755927
 20
24282.558177917144
 10
169255.09874755927
 20
23922.261099191284
 10
168610.95569125202
 20
23922.261099191284
 10
168610.95569125202
 20
24282.558177917144
  0
LWPOLYLINE
  5
274
330
17
100
AcDbEntity
  8
F03_SEATING
100
AcDbPolyline
 90
5
 70
1
 10
169586.93001899027
 20
27097.379105462944
 10
170231.07307529752
 20
27097.379105462944
 10
170231.07307529752
 20
26737.082026737084
 10
169586.93001899027
 20
26737.082026737084
 10
169586.93001899027
 20
27097.379105462944
  0
LWPOLYLINE
  5
275
330
17
100
AcDbEntity
  8
F03_SEATING
100
AcDbPolyline
 90
5
 70
1
 10
169586.93001899027
 20
26534.414919953786
 10
170231.07307529752
 20
26534.414919953786
 10
170231.07307529752
 20
26174.117841227926
 10
169586.93001899027
 20
26174.117841227926
 10
169586.93001899027
 20
26534.414919953786
  0
LWPOLYLINE
  5
276
330
17
100
AcDbEntity
  8
F03_SEATING
100
AcDbPolyline
 90
5
 70
1
 10
169586.93001899027
 20
25971.45073444463
 10
170231.07307529752
 20
25971.45073444463
 10
170231.07307529752
 20
25611.15365571877
 10
169586.93001899027
 20
25611.15365571877
 10
169586.93001899027
 20
25971.45073444463
  0
LWPOLYLINE
  5
277
330
17
100
AcDbEntity
  8
F03_SEATING
100
AcDbPolyline
 90
5
 70
1
 10
169586.93001899027
 20
25408.486548935463
 10
170231.07307529752
 20
25408.486548935463
 10
170231.07307529752
 20
25048.189470209603
 10
169586.93001899027
 20
25048.189470209603
 10
169586.93001899027
 20
25408.486548935463
  0
LWPOLYLINE
  5
278
330
17
100
AcDbEntity
  8
F03_SEATING
100
AcDbPolyline
 90
5
 70
1
 10
169586.93001899027
 20
24845.52236342631
 10
170231.07307529752
 20
24845.52236342631
 10
170231.07307529752
 20
24485.225284700446
 10
169586.93001899027
 20
24485.225284700446
 10
169586.93001899027
 20
24845.52236342631
  0
LWPOLYLINE
  5
279
330
17
100
AcDbEntity
  8
F03_SEATING
100
AcDbPolyline
 90
5
 70
1
 10
169586.93001899027
 20
24282.558177917144
 10
170231.07307529752
 20
24282.558177917144
 10
170231.07307529752
 20
23922.261099191284
 10
169586.93001899027
 20
23922.261099191284
 10
169586.93001899027
 20
24282.558177917144
  0
LWPOLYLINE
  5
27A
330
17
100
AcDbEntity
  8
F03_SEATING
100
AcDbPolyline
 90
5
 70
1
 10
170562.90434672852
 20
27097.379105462944
 10
171207.04740303577
 20
27097.379105462944
 10
171207.04740303577
 20
26737.082026737084
 10
170562.90434672852
 20
26737.082026737084
 10
170562.90434672852
 20
27097.379105462944
  0
LWPOLYLINE
  5
27B
330
17
100
AcDbEntity
  8
F03_SEATING
100
AcDbPolyline
 90
5
 70
1
 10
170562.90434672852
 20
26534.414919953786
 10
171207.04740303577
 20
26534.414919953786
 10
171207.04740303577
 20
26174.117841227926
 10
170562.90434672852
 20
26174.117841227926
 10
170562.90434672852
 20
26534.414919953786
  0
LWPOLYLINE
  5
27C
330
17
100
AcDbEntity
  8
F03_SEATING
100
AcDbPolyline
 90
5
 70
1
 10
170562.90434672852
 20
25971.45073444463
 10
171207.04740303577
 20
25971.45073444463
 10
171207.04740303577
 20
25611.15365571877
 10
170562.90434672852
 20
25611.15365571877
 10
170562.90434672852
 20
25971.45073444463
  0
LWPOLYLINE
  5
27D
330
17
100
AcDbEntity
  8
F03_SEATING
100
AcDbPolyline
 90
5
 70
1
 10
170562.90434672852
 20
25408.486548935463
 10
171207.04740303577
 20
25408.486548935463
 10
171207.04740303577
 20
25048.189470209603
 10
170562.90434672852
 20
25048.189470209603
 10
170562.90434672852
 20
25408.486548935463
  0
LWPOLYLINE
  5
27E
330
17
100
AcDbEntity
  8
F03_SEATING
100
AcDbPolyline
 90
5
 70
1
 10
170562.90434672852
 20
24845.52236342631
 10
171207.04740303577
 20
24845.52236342631
 10
171207.04740303577
 20
24485.225284700446
 10
170562.90434672852
 20
24485.225284700446
 10
170562.90434672852
 20
24845.52236342631
  0
LWPOLYLINE
  5
27F
330
17
100
AcDbEntity
  8
F03_SEATING
100
AcDbPolyline
 90
5
 70
1
 10
170562.90434672852
 20
24282.558177917144
 10
171207.04740303577
 20
24282.558177917144
 10
171207.04740303577
 20
23922.261099191284
 10
170562.90434672852
 20
23922.261099191284
 10
170562.90434672852
 20
24282.558177917144
  0
LWPOLYLINE
  5
280
330
17
100
AcDbEntity
  8
F03_SEATING
100
AcDbPolyline
 90
5
 70
1
 10
171538.87867446677
 20
27097.379105462944
 10
172183.02173077402
 20
27097.379105462944
 10
172183.02173077402
 20
26737.082026737084
 10
171538.87867446677
 20
26737.082026737084
 10
171538.87867446677
 20
27097.379105462944
  0
LWPOLYLINE
  5
281
330
17
100
AcDbEntity
  8
F03_SEATING
100
AcDbPolyline
 90
5
 70
1
 10
171538.87867446677
 20
26534.414919953786
 10
172183.02173077402
 20
26534.414919953786
 10
172183.02173077402
 20
26174.117841227926
 10
171538.87867446677
 20
26174.117841227926
 10
171538.87867446677
 20
26534.414919953786
  0
LWPOLYLINE
  5
282
330
17
100
AcDbEntity
  8
F03_SEATING
100
AcDbPolyline
 90
5
 70
1
 10
171538.87867446677
 20
25971.45073444463
 10
172183.02173077402
 20
25971.45073444463
 10
172183.02173077402
 20
25611.15365571877
 10
171538.87867446677
 20
25611.15365571877
 10
171538.87867446677
 20
25971.45073444463
  0
LWPOLYLINE
  5
283
330
17
100
AcDbEntity
  8
F03_SEATING
100
AcDbPolyline
 90
5
 70
1
 10
171538.87867446677
 20
25408.486548935463
 10
172183.02173077402
 20
25408.486548935463
 10
172183.02173077402
 20
25048.189470209603
 10
171538.87867446677
 20
25048.189470209603
 10
171538.87867446677
 20
25408.486548935463
  0
LWPOLYLINE
  5
284
330
17
100
AcDbEntity
  8
F03_SEATING
100
AcDbPolyline
 90
5
 70
1
 10
171538.87867446677
 20
24845.52236342631
 10
172183.02173077402
 20
24845.52236342631
 10
172183.02173077402
 20
24485.225284700446
 10
171538.87867446677
 20
24485.225284700446
 10
171538.87867446677
 20
24845.52236342631
  0
LWPOLYLINE
  5
285
330
17
100
AcDbEntity
  8
F03_SEATING
100
AcDbPolyline
 90
5
 70
1
 10
171538.87867446677
 20
24282.558177917144
 10
172183.02173077402
 20
24282.558177917144
 10
172183.02173077402
 20
23922.261099191284
 10
171538.87867446677
 20
23922.261099191284
 10
171538.87867446677
 20
24282.558177917144
  0
LWPOLYLINE
  5
286
330
17
100
AcDbEntity
  8
F03_SEATING
100
AcDbPolyline
 90
5
 70
1
 10
172514.85300220503
 20
27097.379105462944
 10
173158.99605851225
 20
27097.379105462944
 10
173158.99605851225
 20
26737.082026737084
 10
172514.85300220503
 20
26737.082026737084
 10
172514.85300220503
 20
27097.379105462944
  0
LWPOLYLINE
  5
287
330
17
100
AcDbEntity
  8
F03_SEATING
100
AcDbPolyline
 90
5
 70
1
 10
172514.85300220503
 20
26534.414919953786
 10
173158.99605851225
 20
26534.414919953786
 10
173158.99605851225
 20
26174.117841227926
 10
172514.85300220503
 20
26174.117841227926
 10
172514.85300220503
 20
26534.414919953786
  0
LWPOLYLINE
  5
288
330
17
100
AcDbEntity
  8
F03_SEATING
100
AcDbPolyline
 90
5
 70
1
 10
172514.85300220503
 20
25971.45073444463
 10
173158.99605851225
 20
25971.45073444463
 10
173158.99605851225
 20
25611.15365571877
 10
172514.85300220503
 20
25611.15365571877
 10
172514.85300220503
 20
25971.45073444463
  0
LWPOLYLINE
  5
289
330
17
100
AcDbEntity
  8
F03_SEATING
100
AcDbPolyline
 90
5
 70
1
 10
172514.85300220503
 20
25408.486548935463
 10
173158.99605851225
 20
25408.486548935463
 10
173158.99605851225
 20
25048.189470209603
 10
172514.85300220503
 20
25048.189470209603
 10
172514.85300220503
 20
25408.486548935463
  0
LWPOLYLINE
  5
28A
330
17
100
AcDbEntity
  8
F03_SEATING
100
AcDbPolyline
 90
5
 70
1
 10
172514.85300220503
 20
24845.52236342631
 10
173158.99605851225
 20
24845.52236342631
 10
173158.99605851225
 20
24485.225284700446
 10
172514.85300220503
 20
24485.225284700446
 10
172514.85300220503
 20
24845.52236342631
  0
LWPOLYLINE
  5
28B
330
17
100
AcDbEntity
  8
F03_SEATING
100
AcDbPolyline
 90
5
 70
1
 10
172514.85300220503
 20
24282.558177917144
 10
173158.99605851225
 20
24282.558177917144
 10
173158.99605851225
 20
23922.261099191284
 10
172514.85300220503
 20
23922.261099191284
 10
172514.85300220503
 20
24282.558177917144
  0
LWPOLYLINE
  5
28C
330
17
100
AcDbEntity
  8
F03_SEATING
100
AcDbPolyline
 90
5
 70
1
 10
173490.82732994325
 20
27097.379105462944
 10
174134.9703862505
 20
27097.379105462944
 10
174134.9703862505
 20
26737.082026737084
 10
173490.82732994325
 20
26737.082026737084
 10
173490.82732994325
 20
27097.379105462944
  0
LWPOLYLINE
  5
28D
330
17
100
AcDbEntity
  8
F03_SEATING
100
AcDbPolyline
 90
5
 70
1
 10
173490.82732994325
 20
26534.414919953786
 10
174134.9703862505
 20
26534.414919953786
 10
174134.9703862505
 20
26174.117841227926
 10
173490.82732994325
 20
26174.117841227926
 10
173490.82732994325
 20
26534.414919953786
  0
LWPOLYLINE
  5
28E
330
17
100
AcDbEntity
  8
F03_SEATING
100
AcDbPolyline
 90
5
 70
1
 10
173490.82732994325
 20
25971.45073444463
 10
174134.9703862505
 20
25971.45073444463
 10
174134.9703862505
 20
25611.15365571877
 10
173490.82732994325
 20
25611.15365571877
 10
173490.82732994325
 20
25971.45073444463
  0
LWPOLYLINE
  5
28F
330
17
100
AcDbEntity
  8
F03_SEATING
100
AcDbPolyline
 90
5
 70
1
 10
173490.82732994325
 20
25408.486548935463
 10
174134.9703862505
 20
25408.486548935463
 10
174134.9703862505
 20
25048.189470209603
 10
173490.82732994325
 20
25048.189470209603
 10
173490.82732994325
 20
25408.486548935463
  0
LWPOLYLINE
  5
290
330
17
100
AcDbEntity
  8
F03_SEATING
100
AcDbPolyline
 90
5
 70
1
 10
173490.82732994325
 20
24845.52236342631
 10
174134.9703862505
 20
24845.52236342631
 10
174134.9703862505
 20
24485.225284700446
 10
173490.82732994325
 20
24485.225284700446
 10
173490.82732994325
 20
24845.52236342631
  0
LWPOLYLINE
  5
291
330
17
100
AcDbEntity
  8
F03_SEATING
100
AcDbPolyline
 90
5
 70
1
 10
173490.82732994325
 20
24282.558177917144
 10
174134.9703862505
 20
24282.558177917144
 10
174134.9703862505
 20
23922.261099191284
 10
173490.82732994325
 20
23922.261099191284
 10
173490.82732994325
 20
24282.558177917144
  0
LWPOLYLINE
  5
292
330
17
100
AcDbEntity
  8
F03_SEATING
100
AcDbPolyline
 90
5
 70
1
 10
174466.8016576815
 20
27097.379105462944
 10
175110.94471398875
 20
27097.379105462944
 10
175110.94471398875
 20
26737.082026737084
 10
174466.8016576815
 20
26737.082026737084
 10
174466.8016576815
 20
27097.379105462944
  0
LWPOLYLINE
  5
293
330
17
100
AcDbEntity
  8
F03_SEATING
100
AcDbPolyline
 90
5
 70
1
 10
174466.8016576815
 20
26534.414919953786
 10
175110.94471398875
 20
26534.414919953786
 10
175110.94471398875
 20
26174.117841227926
 10
174466.8016576815
 20
26174.117841227926
 10
174466.8016576815
 20
26534.414919953786
  0
LWPOLYLINE
  5
294
330
17
100
AcDbEntity
  8
F03_SEATING
100
AcDbPolyline
 90
5
 70
1
 10
174466.8016576815
 20
25971.45073444463
 10
175110.94471398875
 20
25971.45073444463
 10
175110.94471398875
 20
25611.15365571877
 10
174466.8016576815
 20
25611.15365571877
 10
174466.8016576815
 20
25971.45073444463
  0
LWPOLYLINE
  5
295
330
17
100
AcDbEntity
  8
F03_SEATING
100
AcDbPolyline
 90
5
 70
1
 10
174466.8016576815
 20
25408.486548935463
 10
175110.94471398875
 20
25408.486548935463
 10
175110.94471398875
 20
25048.189470209603
 10
174466.8016576815
 20
25048.189470209603
 10
174466.8016576815
 20
25408.486548935463
  0
LWPOLYLINE
  5
296
330
17
100
AcDbEntity
  8
F03_SEATING
100
AcDbPolyline
 90
5
 70
1
 10
174466.8016576815
 20
24845.52236342631
 10
175110.94471398875
 20
24845.52236342631
 10
175110.94471398875
 20
24485.225284700446
 10
174466.8016576815
 20
24485.225284700446
 10
174466.8016576815
 20
24845.52236342631
  0
LWPOLYLINE
  5
297
330
17
100
AcDbEntity
  8
F03_SEATING
100
AcDbPolyline
 90
5
 70
1
 10
174466.8016576815
 20
24282.558177917144
 10
175110.94471398875
 20
24282.558177917144
 10
175110.94471398875
 20
23922.261099191284
 10
174466.8016576815
 20
23922.261099191284
 10
174466.8016576815
 20
24282.558177917144
  0
LWPOLYLINE
  5
298
330
17
100
AcDbEntity
  8
F03_SEATING
100
AcDbPolyline
 90
5
 70
1
 10
175442.77598541975
 20
27097.379105462944
 10
176086.91904172697
 20
27097.379105462944
 10
176086.91904172697
 20
26737.082026737084
 10
175442.77598541975
 20
26737.082026737084
 10
175442.77598541975
 20
27097.379105462944
  0
LWPOLYLINE
  5
299
330
17
100
AcDbEntity
  8
F03_SEATING
100
AcDbPolyline
 90
5
 70
1
 10
175442.77598541975
 20
26534.414919953786
 10
176086.91904172697
 20
26534.414919953786
 10
176086.91904172697
 20
26174.117841227926
 10
175442.77598541975
 20
26174.117841227926
 10
175442.77598541975
 20
26534.414919953786
  0
LWPOLYLINE
  5
29A
330
17
100
AcDbEntity
  8
F03_SEATING
100
AcDbPolyline
 90
5
 70
1
 10
175442.77598541975
 20
25971.45073444463
 10
176086.91904172697
 20
25971.45073444463
 10
176086.91904172697
 20
25611.15365571877
 10
175442.77598541975
 20
25611.15365571877
 10
175442.77598541975
 20
25971.45073444463
  0
LWPOLYLINE
  5
29B
330
17
100
AcDbEntity
  8
F03_SEATING
100
AcDbPolyline
 90
5
 70
1
 10
175442.77598541975
 20
25408.486548935463
 10
176086.91904172697
 20
25408.486548935463
 10
176086.91904172697
 20
25048.189470209603
 10
175442.77598541975
 20
25048.189470209603
 10
175442.77598541975
 20
25408.486548935463
  0
LWPOLYLINE
  5
29C
330
17
100
AcDbEntity
  8
F03_SEATING
100
AcDbPolyline
 90
5
 70
1
 10
175442.77598541975
 20
24845.52236342631
 10
176086.91904172697
 20
24845.52236342631
 10
176086.91904172697
 20
24485.225284700446
 10
175442.77598541975
 20
24485.225284700446
 10
175442.77598541975
 20
24845.52236342631
  0
LWPOLYLINE
  5
29D
330
17
100
AcDbEntity
  8
F03_SEATING
100
AcDbPolyline
 90
5
 70
1
 10
175442.77598541975
 20
24282.558177917144
 10
176086.91904172697
 20
24282.558177917144
 10
176086.91904172697
 20
23922.261099191284
 10
175442.77598541975
 20
23922.261099191284
 10
175442.77598541975
 20
24282.558177917144
  0
LWPOLYLINE
  5
29E
330
17
100
AcDbEntity
  8
F03_SEATING
100
AcDbPolyline
 90
5
 70
1
 10
176418.75031315797
 20
27097.379105462944
 10
177062.89336946522
 20
27097.379105462944
 10
177062.89336946522
 20
26737.082026737084
 10
176418.75031315797
 20
26737.082026737084
 10
176418.75031315797
 20
27097.379105462944
  0
LWPOLYLINE
  5
29F
330
17
100
AcDbEntity
  8
F03_SEATING
100
AcDbPolyline
 90
5
 70
1
 10
176418.75031315797
 20
26534.414919953786
 10
177062.89336946522
 20
26534.414919953786
 10
177062.89336946522
 20
26174.117841227926
 10
176418.75031315797
 20
26174.117841227926
 10
176418.75031315797
 20
26534.414919953786
  0
LWPOLYLINE
  5
2A0
330
17
100
AcDbEntity
  8
F03_SEATING
100
AcDbPolyline
 90
5
 70
1
 10
176418.75031315797
 20
25971.45073444463
 10
177062.89336946522
 20
25971.45073444463
 10
177062.89336946522
 20
25611.15365571877
 10
176418.75031315797
 20
25611.15365571877
 10
176418.75031315797
 20
25971.45073444463
  0
LWPOLYLINE
  5
2A1
330
17
100
AcDbEntity
  8
F03_SEATING
100
AcDbPolyline
 90
5
 70
1
 10
176418.75031315797
 20
25408.486548935463
 10
177062.89336946522
 20
25408.486548935463
 10
177062.89336946522
 20
25048.189470209603
 10
176418.75031315797
 20
25048.189470209603
 10
176418.75031315797
 20
25408.486548935463
  0
LWPOLYLINE
  5
2A2
330
17
100
AcDbEntity
  8
F03_SEATING
100
AcDbPolyline
 90
5
 70
1
 10
176418.75031315797
 20
24845.52236342631
 10
177062.89336946522
 20
24845.52236342631
 10
177062.89336946522
 20
24485.225284700446
 10
176418.75031315797
 20
24485.225284700446
 10
176418.75031315797
 20
24845.52236342631
  0
LWPOLYLINE
  5
2A3
330
17
100
AcDbEntity
  8
F03_SEATING
100
AcDbPolyline
 90
5
 70
1
 10
176418.75031315797
 20
24282.558177917144
 10
177062.89336946522
 20
24282.558177917144
 10
177062.89336946522
 20
23922.261099191284
 10
176418.75031315797
 20
23922.261099191284
 10
176418.75031315797
 20
24282.558177917144
  0
LWPOLYLINE
  5
2A4
330
17
100
AcDbEntity
  8
F03_SEATING
100
AcDbPolyline
 90
5
 70
1
 10
177394.72464089622
 20
27097.379105462944
 10
178038.86769720347
 20
27097.379105462944
 10
178038.86769720347
 20
26737.082026737084
 10
177394.72464089622
 20
26737.082026737084
 10
177394.72464089622
 20
27097.379105462944
  0
LWPOLYLINE
  5
2A5
330
17
100
AcDbEntity
  8
F03_SEATING
100
AcDbPolyline
 90
5
 70
1
 10
177394.72464089622
 20
26534.414919953786
 10
178038.86769720347
 20
26534.414919953786
 10
178038.86769720347
 20
26174.117841227926
 10
177394.72464089622
 20
26174.117841227926
 10
177394.72464089622
 20
26534.414919953786
  0
LWPOLYLINE
  5
2A6
330
17
100
AcDbEntity
  8
F03_SEATING
100
AcDbPolyline
 90
5
 70
1
 10
177394.72464089622
 20
25971.45073444463
 10
178038.86769720347
 20
25971.45073444463
 10
178038.86769720347
 20
25611.15365571877
 10
177394.72464089622
 20
25611.15365571877
 10
177394.72464089622
 20
25971.45073444463
  0
LWPOLYLINE
  5
2A7
330
17
100
AcDbEntity
  8
F03_SEATING
100
AcDbPolyline
 90
5
 70
1
 10
177394.72464089622
 20
25408.486548935463
 10
178038.86769720347
 20
25408.486548935463
 10
178038.86769720347
 20
25048.189470209603
 10
177394.72464089622
 20
25048.189470209603
 10
177394.72464089622
 20
25408.486548935463
  0
LWPOLYLINE
  5
2A8
330
17
100
AcDbEntity
  8
F03_SEATING
100
AcDbPolyline
 90
5
 70
1
 10
177394.72464089622
 20
24845.52236342631
 10
178038.86769720347
 20
24845.52236342631
 10
178038.86769720347
 20
24485.225284700446
 10
177394.72464089622
 20
24485.225284700446
 10
177394.72464089622
 20
24845.52236342631
  0
LWPOLYLINE
  5
2A9
330
17
100
AcDbEntity
  8
F03_SEATING
100
AcDbPolyline
 90
5
 70
1
 10
177394.72464089622
 20
24282.558177917144
 10
178038.86769720347
 20
24282.558177917144
 10
178038.86769720347
 20
23922.261099191284
 10
177394.72464089622
 20
23922.261099191284
 10
177394.72464089622
 20
24282.558177917144
  0
LWPOLYLINE
  5
2AA
330
17
100
AcDbEntity
  8
F03_SEATING
100
AcDbPolyline
 90
5
 70
1
 10
178370.69896863448
 20
27097.379105462944
 10
179014.8420249417
 20
27097.379105462944
 10
179014.8420249417
 20
26737.082026737084
 10
178370.69896863448
 20
26737.082026737084
 10
178370.69896863448
 20
27097.379105462944
  0
LWPOLYLINE
  5
2AB
330
17
100
AcDbEntity
  8
F03_SEATING
100
AcDbPolyline
 90
5
 70
1
 10
178370.69896863448
 20
26534.414919953786
 10
179014.8420249417
 20
26534.414919953786
 10
179014.8420249417
 20
26174.117841227926
 10
178370.69896863448
 20
26174.117841227926
 10
178370.69896863448
 20
26534.414919953786
  0
LWPOLYLINE
  5
2AC
330
17
100
AcDbEntity
  8
F03_SEATING
100
AcDbPolyline
 90
5
 70
1
 10
178370.69896863448
 20
25971.45073444463
 10
179014.8420249417
 20
25971.45073444463
 10
179014.8420249417
 20
25611.15365571877
 10
178370.69896863448
 20
25611.15365571877
 10
178370.69896863448
 20
25971.45073444463
  0
LWPOLYLINE
  5
2AD
330
17
100
AcDbEntity
  8
F03_SEATING
100
AcDbPolyline
 90
5
 70
1
 10
178370.69896863448
 20
25408.486548935463
 10
179014.8420249417
 20
25408.486548935463
 10
179014.8420249417
 20
25048.189470209603
 10
178370.69896863448
 20
25048.189470209603
 10
178370.69896863448
 20
25408.486548935463
  0
LWPOLYLINE
  5
2AE
330
17
100
AcDbEntity
  8
F03_SEATING
100
AcDbPolyline
 90
5
 70
1
 10
178370.69896863448
 20
24845.52236342631
 10
179014.8420249417
 20
24845.52236342631
 10
179014.8420249417
 20
24485.225284700446
 10
178370.69896863448
 20
24485.225284700446
 10
178370.69896863448
 20
24845.52236342631
  0
LWPOLYLINE
  5
2AF
330
17
100
AcDbEntity
  8
F03_SEATING
100
AcDbPolyline
 90
5
 70
1
 10
178370.69896863448
 20
24282.558177917144
 10
179014.8420249417
 20
24282.558177917144
 10
179014.8420249417
 20
23922.261099191284
 10
178370.69896863448
 20
23922.261099191284
 10
178370.69896863448
 20
24282.558177917144
  0
LWPOLYLINE
  5
2B0
330
17
100
AcDbEntity
  8
F03_SEATING
100
AcDbPolyline
 90
5
 70
1
 10
179346.6732963727
 20
27097.379105462944
 10
179990.81635267995
 20
27097.379105462944
 10
179990.81635267995
 20
26737.082026737084
 10
179346.6732963727
 20
26737.082026737084
 10
179346.6732963727
 20
27097.379105462944
  0
LWPOLYLINE
  5
2B1
330
17
100
AcDbEntity
  8
F03_SEATING
100
AcDbPolyline
 90
5
 70
1
 10
179346.6732963727
 20
26534.414919953786
 10
179990.81635267995
 20
26534.414919953786
 10
179990.81635267995
 20
26174.117841227926
 10
179346.6732963727
 20
26174.117841227926
 10
179346.6732963727
 20
26534.414919953786
  0
LWPOLYLINE
  5
2B2
330
17
100
AcDbEntity
  8
F03_SEATING
100
AcDbPolyline
 90
5
 70
1
 10
179346.6732963727
 20
25971.45073444463
 10
179990.81635267995
 20
25971.45073444463
 10
179990.81635267995
 20
25611.15365571877
 10
179346.6732963727
 20
25611.15365571877
 10
179346.6732963727
 20
25971.45073444463
  0
LWPOLYLINE
  5
2B3
330
17
100
AcDbEntity
  8
F03_SEATING
100
AcDbPolyline
 90
5
 70
1
 10
179346.6732963727
 20
25408.486548935463
 10
179990.81635267995
 20
25408.486548935463
 10
179990.81635267995
 20
25048.189470209603
 10
179346.6732963727
 20
25048.189470209603
 10
179346.6732963727
 20
25408.486548935463
  0
LWPOLYLINE
  5
2B4
330
17
100
AcDbEntity
  8
F03_SEATING
100
AcDbPolyline
 90
5
 70
1
 10
179346.6732963727
 20
24845.52236342631
 10
179990.81635267995
 20
24845.52236342631
 10
179990.81635267995
 20
24485.225284700446
 10
179346.6732963727
 20
24485.225284700446
 10
179346.6732963727
 20
24845.52236342631
  0
LWPOLYLINE
  5
2B5
330
17
100
AcDbEntity
  8
F03_SEATING
100
AcDbPolyline
 90
5
 70
1
 10
179346.6732963727
 20
24282.558177917144
 10
179990.81635267995
 20
24282.558177917144
 10
179990.81635267995
 20
23922.261099191284
 10
179346.6732963727
 20
23922.261099191284
 10
179346.6732963727
 20
24282.558177917144
  0
LWPOLYLINE
  5
2B6
330
17
100
AcDbEntity
  8
F03_SEATING
100
AcDbPolyline
 90
5
 70
1
 10
180322.64762411098
 20
27097.379105462944
 10
180966.7906804182
 20
27097.379105462944
 10
180966.7906804182
 20
26737.082026737084
 10
180322.64762411098
 20
26737.082026737084
 10
180322.64762411098
 20
27097.379105462944
  0
LWPOLYLINE
  5
2B7
330
17
100
AcDbEntity
  8
F03_SEATING
100
AcDbPolyline
 90
5
 70
1
 10
180322.64762411098
 20
26534.414919953786
 10
180966.7906804182
 20
26534.414919953786
 10
180966.7906804182
 20
26174.117841227926
 10
180322.64762411098
 20
26174.117841227926
 10
180322.64762411098
 20
26534.414919953786
  0
LWPOLYLINE
  5
2B8
330
17
100
AcDbEntity
  8
F03_SEATING
100
AcDbPolyline
 90
5
 70
1
 10
180322.64762411098
 20
25971.45073444463
 10
180966.7906804182
 20
25971.45073444463
 10
180966.7906804182
 20
25611.15365571877
 10
180322.64762411098
 20
25611.15365571877
 10
180322.64762411098
 20
25971.45073444463
  0
LWPOLYLINE
  5
2B9
330
17
100
AcDbEntity
  8
F03_SEATING
100
AcDbPolyline
 90
5
 70
1
 10
180322.64762411098
 20
25408.486548935463
 10
180966.7906804182
 20
25408.486548935463
 10
180966.7906804182
 20
25048.189470209603
 10
180322.64762411098
 20
25048.189470209603
 10
180322.64762411098
 20
25408.486548935463
  0
LWPOLYLINE
  5
2BA
330
17
100
AcDbEntity
  8
F03_SEATING
100
AcDbPolyline
 90
5
 70
1
 10
180322.64762411098
 20
24845.52236342631
 10
180966.7906804182
 20
24845.52236342631
 10
180966.7906804182
 20
24485.225284700446
 10
180322.64762411098
 20
24485.225284700446
 10
180322.64762411098
 20
24845.52236342631
  0
LWPOLYLINE
  5
2BB
330
17
100
AcDbEntity
  8
F03_SEATING
100
AcDbPolyline
 90
5
 70
1
 10
180322.64762411098
 20
24282.558177917144
 10
180966.7906804182
 20
24282.558177917144
 10
180966.7906804182
 20
23922.261099191284
 10
180322.64762411098
 20
23922.261099191284
 10
180322.64762411098
 20
24282.558177917144
  0
LWPOLYLINE
  5
2BC
330
17
100
AcDbEntity
  8
F03_SEATING
100
AcDbPolyline
 90
5
 70
1
 10
181298.6219518492
 20
27097.379105462944
 10
181942.76500815645
 20
27097.379105462944
 10
181942.76500815645
 20
26737.082026737084
 10
181298.6219518492
 20
26737.082026737084
 10
181298.6219518492
 20
27097.379105462944
  0
LWPOLYLINE
  5
2BD
330
17
100
AcDbEntity
  8
F03_SEATING
100
AcDbPolyline
 90
5
 70
1
 10
181298.6219518492
 20
26534.414919953786
 10
181942.76500815645
 20
26534.414919953786
 10
181942.76500815645
 20
26174.117841227926
 10
181298.6219518492
 20
26174.117841227926
 10
181298.6219518492
 20
26534.414919953786
  0
LWPOLYLINE
  5
2BE
330
17
100
AcDbEntity
  8
F03_SEATING
100
AcDbPolyline
 90
5
 70
1
 10
181298.6219518492
 20
25971.45073444463
 10
181942.76500815645
 20
25971.45073444463
 10
181942.76500815645
 20
25611.15365571877
 10
181298.6219518492
 20
25611.15365571877
 10
181298.6219518492
 20
25971.45073444463
  0
LWPOLYLINE
  5
2BF
330
17
100
AcDbEntity
  8
F03_SEATING
100
AcDbPolyline
 90
5
 70
1
 10
181298.6219518492
 20
25408.486548935463
 10
181942.76500815645
 20
25408.486548935463
 10
181942.76500815645
 20
25048.189470209603
 10
181298.6219518492
 20
25048.189470209603
 10
181298.6219518492
 20
25408.486548935463
  0
LWPOLYLINE
  5
2C0
330
17
100
AcDbEntity
  8
F03_SEATING
100
AcDbPolyline
 90
5
 70
1
 10
181298.6219518492
 20
24845.52236342631
 10
181942.76500815645
 20
24845.52236342631
 10
181942.76500815645
 20
24485.225284700446
 10
181298.6219518492
 20
24485.225284700446
 10
181298.6219518492
 20
24845.52236342631
  0
LWPOLYLINE
  5
2C1
330
17
100
AcDbEntity
  8
F03_SEATING
100
AcDbPolyline
 90
5
 70
1
 10
181298.6219518492
 20
24282.558177917144
 10
181942.76500815645
 20
24282.558177917144
 10
181942.76500815645
 20
23922.261099191284
 10
181298.6219518492
 20
23922.261099191284
 10
181298.6219518492
 20
24282.558177917144
  0
LWPOLYLINE
  5
2C2
330
17
100
AcDbEntity
  8
F03_SEATING
100
AcDbPolyline
 90
5
 70
1
 10
163731.08405256082
 20
22589.230145988684
 10
164375.22710886807
 20
22589.230145988684
 10
164375.22710886807
 20
22213.162488059334
 10
163731.08405256082
 20
22213.162488059334
 10
163731.08405256082
 20
22589.230145988684
  0
LWPOLYLINE
  5
2C3
330
17
100
AcDbEntity
  8
F03_SEATING
100
AcDbPolyline
 90
5
 70
1
 10
163731.08405256082
 20
22001.624430474076
 10
164375.22710886807
 20
22001.624430474076
 10
164375.22710886807
 20
21625.55677254472
 10
163731.08405256082
 20
21625.55677254472
 10
163731.08405256082
 20
22001.624430474076
  0
LWPOLYLINE
  5
2C4
330
17
100
AcDbEntity
  8
F03_SEATING
100
AcDbPolyline
 90
5
 70
1
 10
163731.08405256082
 20
21414.01871495946
 10
164375.22710886807
 20
21414.01871495946
 10
164375.22710886807
 20
21037.951057030114
 10
163731.08405256082
 20
21037.951057030114
 10
163731.08405256082
 20
21414.01871495946
  0
LWPOLYLINE
  5
2C5
330
17
100
AcDbEntity
  8
F03_SEATING
100
AcDbPolyline
 90
5
 70
1
 10
163731.08405256082
 20
20826.412999444852
 10
164375.22710886807
 20
20826.412999444852
 10
164375.22710886807
 20
20450.3453415155
 10
163731.08405256082
 20
20450.3453415155
 10
163731.08405256082
 20
20826.412999444852
  0
LWPOLYLINE
  5
2C6
330
17
100
AcDbEntity
  8
F03_SEATING
100
AcDbPolyline
 90
5
 70
1
 10
163731.08405256082
 20
20238.80728393024
 10
164375.22710886807
 20
20238.80728393024
 10
164375.22710886807
 20
19862.73962600089
 10
163731.08405256082
 20
19862.73962600089
 10
163731.08405256082
 20
20238.80728393024
  0
LWPOLYLINE
  5
2C7
330
17
100
AcDbEntity
  8
F03_SEATING
100
AcDbPolyline
 90
5
 70
1
 10
163731.08405256082
 20
19651.201568415632
 10
164375.22710886807
 20
19651.201568415632
 10
164375.22710886807
 20
19275.13391048628
 10
163731.08405256082
 20
19275.13391048628
 10
163731.08405256082
 20
19651.201568415632
  0
LWPOLYLINE
  5
2C8
330
17
100
AcDbEntity
  8
F03_SEATING
100
AcDbPolyline
 90
5
 70
1
 10
163731.08405256082
 20
19063.595852901017
 10
164375.22710886807
 20
19063.595852901017
 10
164375.22710886807
 20
18687.528194971666
 10
163731.08405256082
 20
18687.528194971666
 10
163731.08405256082
 20
19063.595852901017
  0
LWPOLYLINE
  5
2C9
330
17
100
AcDbEntity
  8
F03_SEATING
100
AcDbPolyline
 90
5
 70
1
 10
163731.08405256082
 20
18475.990137386405
 10
164375.22710886807
 20
18475.990137386405
 10
164375.22710886807
 20
18099.922479457055
 10
163731.08405256082
 20
18099.922479457055
 10
163731.08405256082
 20
18475.990137386405
  0
LWPOLYLINE
  5
2CA
330
17
100
AcDbEntity
  8
F03_SEATING
100
AcDbPolyline
 90
5
 70
1
 10
163731.08405256082
 20
17888.384421871797
 10
164375.22710886807
 20
17888.384421871797
 10
164375.22710886807
 20
17512.316763942446
 10
163731.08405256082
 20
17512.316763942446
 10
163731.08405256082
 20
17888.384421871797
  0
LWPOLYLINE
  5
2CB
330
17
100
AcDbEntity
  8
F03_SEATING
100
AcDbPolyline
 90
5
 70
1
 10
163731.08405256082
 20
17300.77870635718
 10
164375.22710886807
 20
17300.77870635718
 10
164375.22710886807
 20
16924.71104842783
 10
163731.08405256082
 20
16924.71104842783
 10
163731.08405256082
 20
17300.77870635718
  0
LWPOLYLINE
  5
2CC
330
17
100
AcDbEntity
  8
F03_SEATING
100
AcDbPolyline
 90
5
 70
1
 10
163731.08405256082
 20
16713.172990842573
 10
164375.22710886807
 20
16713.172990842573
 10
164375.22710886807
 20
16337.10533291322
 10
163731.08405256082
 20
16337.10533291322
 10
163731.08405256082
 20
16713.172990842573
  0
LWPOLYLINE
  5
2CD
330
17
100
AcDbEntity
  8
F03_SEATING
100
AcDbPolyline
 90
5
 70
1
 10
164707.05838029907
 20
22589.230145988684
 10
165351.2014366063
 20
22589.230145988684
 10
165351.2014366063
 20
22213.162488059334
 10
164707.05838029907
 20
22213.162488059334
 10
164707.05838029907
 20
22589.230145988684
  0
LWPOLYLINE
  5
2CE
330
17
100
AcDbEntity
  8
F03_SEATING
100
AcDbPolyline
 90
5
 70
1
 10
164707.05838029907
 20
22001.624430474076
 10
165351.2014366063
 20
22001.624430474076
 10
165351.2014366063
 20
21625.55677254472
 10
164707.05838029907
 20
21625.55677254472
 10
164707.05838029907
 20
22001.624430474076
  0
LWPOLYLINE
  5
2CF
330
17
100
AcDbEntity
  8
F03_SEATING
100
AcDbPolyline
 90
5
 70
1
 10
164707.05838029907
 20
21414.01871495946
 10
165351.2014366063
 20
21414.01871495946
 10
165351.2014366063
 20
21037.951057030114
 10
164707.05838029907
 20
21037.951057030114
 10
164707.05838029907
 20
21414.01871495946
  0
LWPOLYLINE
  5
2D0
330
17
100
AcDbEntity
  8
F03_SEATING
100
AcDbPolyline
 90
5
 70
1
 10
164707.05838029907
 20
20826.412999444852
 10
165351.2014366063
 20
20826.412999444852
 10
165351.2014366063
 20
20450.3453415155
 10
164707.05838029907
 20
20450.3453415155
 10
164707.05838029907
 20
20826.412999444852
  0
LWPOLYLINE
  5
2D1
330
17
100
AcDbEntity
  8
F03_SEATING
100
AcDbPolyline
 90
5
 70
1
 10
164707.05838029907
 20
20238.80728393024
 10
165351.2014366063
 20
20238.80728393024
 10
165351.2014366063
 20
19862.73962600089
 10
164707.05838029907
 20
19862.73962600089
 10
164707.05838029907
 20
20238.80728393024
  0
LWPOLYLINE
  5
2D2
330
17
100
AcDbEntity
  8
F03_SEATING
100
AcDbPolyline
 90
5
 70
1
 10
164707.05838029907
 20
19651.201568415632
 10
165351.2014366063
 20
19651.201568415632
 10
165351.2014366063
 20
19275.13391048628
 10
164707.05838029907
 20
19275.13391048628
 10
164707.05838029907
 20
19651.201568415632
  0
LWPOLYLINE
  5
2D3
330
17
100
AcDbEntity
  8
F03_SEATING
100
AcDbPolyline
 90
5
 70
1
 10
164707.05838029907
 20
19063.595852901017
 10
165351.2014366063
 20
19063.595852901017
 10
165351.2014366063
 20
18687.528194971666
 10
164707.05838029907
 20
18687.528194971666
 10
164707.05838029907
 20
19063.595852901017
  0
LWPOLYLINE
  5
2D4
330
17
100
AcDbEntity
  8
F03_SEATING
100
AcDbPolyline
 90
5
 70
1
 10
164707.05838029907
 20
18475.990137386405
 10
165351.2014366063
 20
18475.990137386405
 10
165351.2014366063
 20
18099.922479457055
 10
164707.05838029907
 20
18099.922479457055
 10
164707.05838029907
 20
18475.990137386405
  0
LWPOLYLINE
  5
2D5
330
17
100
AcDbEntity
  8
F03_SEATING
100
AcDbPolyline
 90
5
 70
1
 10
164707.05838029907
 20
17888.384421871797
 10
165351.2014366063
 20
17888.384421871797
 10
165351.2014366063
 20
17512.316763942446
 10
164707.05838029907
 20
17512.316763942446
 10
164707.05838029907
 20
17888.384421871797
  0
LWPOLYLINE
  5
2D6
330
17
100
AcDbEntity
  8
F03_SEATING
100
AcDbPolyline
 90
5
 70
1
 10
164707.05838029907
 20
17300.77870635718
 10
165351.2014366063
 20
17300.77870635718
 10
165351.2014366063
 20
16924.71104842783
 10
164707.05838029907
 20
16924.71104842783
 10
164707.05838029907
 20
17300.77870635718
  0
LWPOLYLINE
  5
2D7
330
17
100
AcDbEntity
  8
F03_SEATING
100
AcDbPolyline
 90
5
 70
1
 10
164707.05838029907
 20
16713.172990842573
 10
165351.2014366063
 20
16713.172990842573
 10
165351.2014366063
 20
16337.10533291322
 10
164707.05838029907
 20
16337.10533291322
 10
164707.05838029907
 20
16713.172990842573
  0
LWPOLYLINE
  5
2D8
330
17
100
AcDbEntity
  8
F03_SEATING
100
AcDbPolyline
 90
5
 70
1
 10
165683.0327080373
 20
22589.230145988684
 10
166327.17576434455
 20
22589.230145988684
 10
166327.17576434455
 20
22213.162488059334
 10
165683.0327080373
 20
22213.162488059334
 10
165683.0327080373
 20
22589.230145988684
  0
LWPOLYLINE
  5
2D9
330
17
100
AcDbEntity
  8
F03_SEATING
100
AcDbPolyline
 90
5
 70
1
 10
165683.0327080373
 20
22001.624430474076
 10
166327.17576434455
 20
22001.624430474076
 10
166327.17576434455
 20
21625.55677254472
 10
165683.0327080373
 20
21625.55677254472
 10
165683.0327080373
 20
22001.624430474076
  0
LWPOLYLINE
  5
2DA
330
17
100
AcDbEntity
  8
F03_SEATING
100
AcDbPolyline
 90
5
 70
1
 10
165683.0327080373
 20
21414.01871495946
 10
166327.17576434455
 20
21414.01871495946
 10
166327.17576434455
 20
21037.951057030114
 10
165683.0327080373
 20
21037.951057030114
 10
165683.0327080373
 20
21414.01871495946
  0
LWPOLYLINE
  5
2DB
330
17
100
AcDbEntity
  8
F03_SEATING
100
AcDbPolyline
 90
5
 70
1
 10
165683.0327080373
 20
20826.412999444852
 10
166327.17576434455
 20
20826.412999444852
 10
166327.17576434455
 20
20450.3453415155
 10
165683.0327080373
 20
20450.3453415155
 10
165683.0327080373
 20
20826.412999444852
  0
LWPOLYLINE
  5
2DC
330
17
100
AcDbEntity
  8
F03_SEATING
100
AcDbPolyline
 90
5
 70
1
 10
165683.0327080373
 20
20238.80728393024
 10
166327.17576434455
 20
20238.80728393024
 10
166327.17576434455
 20
19862.73962600089
 10
165683.0327080373
 20
19862.73962600089
 10
165683.0327080373
 20
20238.80728393024
  0
LWPOLYLINE
  5
2DD
330
17
100
AcDbEntity
  8
F03_SEATING
100
AcDbPolyline
 90
5
 70
1
 10
165683.0327080373
 20
19651.201568415632
 10
166327.17576434455
 20
19651.201568415632
 10
166327.17576434455
 20
19275.13391048628
 10
165683.0327080373
 20
19275.13391048628
 10
165683.0327080373
 20
19651.201568415632
  0
LWPOLYLINE
  5
2DE
330
17
100
AcDbEntity
  8
F03_SEATING
100
AcDbPolyline
 90
5
 70
1
 10
165683.0327080373
 20
19063.595852901017
 10
166327.17576434455
 20
19063.595852901017
 10
166327.17576434455
 20
18687.528194971666
 10
165683.0327080373
 20
18687.528194971666
 10
165683.0327080373
 20
19063.595852901017
  0
LWPOLYLINE
  5
2DF
330
17
100
AcDbEntity
  8
F03_SEATING
100
AcDbPolyline
 90
5
 70
1
 10
165683.0327080373
 20
18475.990137386405
 10
166327.17576434455
 20
18475.990137386405
 10
166327.17576434455
 20
18099.922479457055
 10
165683.0327080373
 20
18099.922479457055
 10
165683.0327080373
 20
18475.990137386405
  0
LWPOLYLINE
  5
2E0
330
17
100
AcDbEntity
  8
F03_SEATING
100
AcDbPolyline
 90
5
 70
1
 10
165683.0327080373
 20
17888.384421871797
 10
166327.17576434455
 20
17888.384421871797
 10
166327.17576434455
 20
17512.316763942446
 10
165683.0327080373
 20
17512.316763942446
 10
165683.0327080373
 20
17888.384421871797
  0
LWPOLYLINE
  5
2E1
330
17
100
AcDbEntity
  8
F03_SEATING
100
AcDbPolyline
 90
5
 70
1
 10
165683.0327080373
 20
17300.77870635718
 10
166327.17576434455
 20
17300.77870635718
 10
166327.17576434455
 20
16924.71104842783
 10
165683.0327080373
 20
16924.71104842783
 10
165683.0327080373
 20
17300.77870635718
  0
LWPOLYLINE
  5
2E2
330
17
100
AcDbEntity
  8
F03_SEATING
100
AcDbPolyline
 90
5
 70
1
 10
165683.0327080373
 20
16713.172990842573
 10
166327.17576434455
 20
16713.172990842573
 10
166327.17576434455
 20
16337.10533291322
 10
165683.0327080373
 20
16337.10533291322
 10
165683.0327080373
 20
16713.172990842573
  0
LWPOLYLINE
  5
2E3
330
17
100
AcDbEntity
  8
F03_SEATING
100
AcDbPolyline
 90
5
 70
1
 10
166659.00703577555
 20
22589.230145988684
 10
167303.1500920828
 20
22589.230145988684
 10
167303.1500920828
 20
22213.162488059334
 10
166659.00703577555
 20
22213.162488059334
 10
166659.00703577555
 20
22589.230145988684
  0
LWPOLYLINE
  5
2E4
330
17
100
AcDbEntity
  8
F03_SEATING
100
AcDbPolyline
 90
5
 70
1
 10
166659.00703577555
 20
22001.624430474076
 10
167303.1500920828
 20
22001.624430474076
 10
167303.1500920828
 20
21625.55677254472
 10
166659.00703577555
 20
21625.55677254472
 10
166659.00703577555
 20
22001.624430474076
  0
LWPOLYLINE
  5
2E5
330
17
100
AcDbEntity
  8
F03_SEATING
100
AcDbPolyline
 90
5
 70
1
 10
166659.00703577555
 20
21414.01871495946
 10
167303.1500920828
 20
21414.01871495946
 10
167303.1500920828
 20
21037.951057030114
 10
166659.00703577555
 20
21037.951057030114
 10
166659.00703577555
 20
21414.01871495946
  0
LWPOLYLINE
  5
2E6
330
17
100
AcDbEntity
  8
F03_SEATING
100
AcDbPolyline
 90
5
 70
1
 10
166659.00703577555
 20
20826.412999444852
 10
167303.1500920828
 20
20826.412999444852
 10
167303.1500920828
 20
20450.3453415155
 10
166659.00703577555
 20
20450.3453415155
 10
166659.00703577555
 20
20826.412999444852
  0
LWPOLYLINE
  5
2E7
330
17
100
AcDbEntity
  8
F03_SEATING
100
AcDbPolyline
 90
5
 70
1
 10
166659.00703577555
 20
20238.80728393024
 10
167303.1500920828
 20
20238.80728393024
 10
167303.1500920828
 20
19862.73962600089
 10
166659.00703577555
 20
19862.73962600089
 10
166659.00703577555
 20
20238.80728393024
  0
LWPOLYLINE
  5
2E8
330
17
100
AcDbEntity
  8
F03_SEATING
100
AcDbPolyline
 90
5
 70
1
 10
166659.00703577555
 20
19651.201568415632
 10
167303.1500920828
 20
19651.201568415632
 10
167303.1500920828
 20
19275.13391048628
 10
166659.00703577555
 20
19275.13391048628
 10
166659.00703577555
 20
19651.201568415632
  0
LWPOLYLINE
  5
2E9
330
17
100
AcDbEntity
  8
F03_SEATING
100
AcDbPolyline
 90
5
 70
1
 10
166659.00703577555
 20
19063.595852901017
 10
167303.1500920828
 20
19063.595852901017
 10
167303.1500920828
 20
18687.528194971666
 10
166659.00703577555
 20
18687.528194971666
 10
166659.00703577555
 20
19063.595852901017
  0
LWPOLYLINE
  5
2EA
330
17
100
AcDbEntity
  8
F03_SEATING
100
AcDbPolyline
 90
5
 70
1
 10
166659.00703577555
 20
18475.990137386405
 10
167303.1500920828
 20
18475.990137386405
 10
167303.1500920828
 20
18099.922479457055
 10
166659.00703577555
 20
18099.922479457055
 10
166659.00703577555
 20
18475.990137386405
  0
LWPOLYLINE
  5
2EB
330
17
100
AcDbEntity
  8
F03_SEATING
100
AcDbPolyline
 90
5
 70
1
 10
166659.00703577555
 20
17888.384421871797
 10
167303.1500920828
 20
17888.384421871797
 10
167303.1500920828
 20
17512.316763942446
 10
166659.00703577555
 20
17512.316763942446
 10
166659.00703577555
 20
17888.384421871797
  0
LWPOLYLINE
  5
2EC
330
17
100
AcDbEntity
  8
F03_SEATING
100
AcDbPolyline
 90
5
 70
1
 10
166659.00703577555
 20
17300.77870635718
 10
167303.1500920828
 20
17300.77870635718
 10
167303.1500920828
 20
16924.71104842783
 10
166659.00703577555
 20
16924.71104842783
 10
166659.00703577555
 20
17300.77870635718
  0
LWPOLYLINE
  5
2ED
330
17
100
AcDbEntity
  8
F03_SEATING
100
AcDbPolyline
 90
5
 70
1
 10
166659.00703577555
 20
16713.172990842573
 10
167303.1500920828
 20
16713.172990842573
 10
167303.1500920828
 20
16337.10533291322
 10
166659.00703577555
 20
16337.10533291322
 10
166659.00703577555
 20
16713.172990842573
  0
LWPOLYLINE
  5
2EE
330
17
100
AcDbEntity
  8
F03_SEATING
100
AcDbPolyline
 90
5
 70
1
 10
167634.9813635138
 20
22589.230145988684
 10
168279.12441982102
 20
22589.230145988684
 10
168279.12441982102
 20
22213.162488059334
 10
167634.9813635138
 20
22213.162488059334
 10
167634.9813635138
 20
22589.230145988684
  0
LWPOLYLINE
  5
2EF
330
17
100
AcDbEntity
  8
F03_SEATING
100
AcDbPolyline
 90
5
 70
1
 10
167634.9813635138
 20
22001.624430474076
 10
168279.12441982102
 20
22001.624430474076
 10
168279.12441982102
 20
21625.55677254472
 10
167634.9813635138
 20
21625.55677254472
 10
167634.9813635138
 20
22001.624430474076
  0
LWPOLYLINE
  5
2F0
330
17
100
AcDbEntity
  8
F03_SEATING
100
AcDbPolyline
 90
5
 70
1
 10
167634.9813635138
 20
21414.01871495946
 10
168279.12441982102
 20
21414.01871495946
 10
168279.12441982102
 20
21037.951057030114
 10
167634.9813635138
 20
21037.951057030114
 10
167634.9813635138
 20
21414.01871495946
  0
LWPOLYLINE
  5
2F1
330
17
100
AcDbEntity
  8
F03_SEATING
100
AcDbPolyline
 90
5
 70
1
 10
167634.9813635138
 20
20826.412999444852
 10
168279.12441982102
 20
20826.412999444852
 10
168279.12441982102
 20
20450.3453415155
 10
167634.9813635138
 20
20450.3453415155
 10
167634.9813635138
 20
20826.412999444852
  0
LWPOLYLINE
  5
2F2
330
17
100
AcDbEntity
  8
F03_SEATING
100
AcDbPolyline
 90
5
 70
1
 10
167634.9813635138
 20
20238.80728393024
 10
168279.12441982102
 20
20238.80728393024
 10
168279.12441982102
 20
19862.73962600089
 10
167634.9813635138
 20
19862.73962600089
 10
167634.9813635138
 20
20238.80728393024
  0
LWPOLYLINE
  5
2F3
330
17
100
AcDbEntity
  8
F03_SEATING
100
AcDbPolyline
 90
5
 70
1
 10
167634.9813635138
 20
19651.201568415632
 10
168279.12441982102
 20
19651.201568415632
 10
168279.12441982102
 20
19275.13391048628
 10
167634.9813635138
 20
19275.13391048628
 10
167634.9813635138
 20
19651.201568415632
  0
LWPOLYLINE
  5
2F4
330
17
100
AcDbEntity
  8
F03_SEATING
100
AcDbPolyline
 90
5
 70
1
 10
167634.9813635138
 20
19063.595852901017
 10
168279.12441982102
 20
19063.595852901017
 10
168279.12441982102
 20
18687.528194971666
 10
167634.9813635138
 20
18687.528194971666
 10
167634.9813635138
 20
19063.595852901017
  0
LWPOLYLINE
  5
2F5
330
17
100
AcDbEntity
  8
F03_SEATING
100
AcDbPolyline
 90
5
 70
1
 10
167634.9813635138
 20
18475.990137386405
 10
168279.12441982102
 20
18475.990137386405
 10
168279.12441982102
 20
18099.922479457055
 10
167634.9813635138
 20
18099.922479457055
 10
167634.9813635138
 20
18475.990137386405
  0
LWPOLYLINE
  5
2F6
330
17
100
AcDbEntity
  8
F03_SEATING
100
AcDbPolyline
 90
5
 70
1
 10
167634.9813635138
 20
17888.384421871797
 10
168279.12441982102
 20
17888.384421871797
 10
168279.12441982102
 20
17512.316763942446
 10
167634.9813635138
 20
17512.316763942446
 10
167634.9813635138
 20
17888.384421871797
  0
LWPOLYLINE
  5
2F7
330
17
100
AcDbEntity
  8
F03_SEATING
100
AcDbPolyline
 90
5
 70
1
 10
167634.9813635138
 20
17300.77870635718
 10
168279.12441982102
 20
17300.77870635718
 10
168279.12441982102
 20
16924.71104842783
 10
167634.9813635138
 20
16924.71104842783
 10
167634.9813635138
 20
17300.77870635718
  0
LWPOLYLINE
  5
2F8
330
17
100
AcDbEntity
  8
F03_SEATING
100
AcDbPolyline
 90
5
 70
1
 10
167634.9813635138
 20
16713.172990842573
 10
168279.12441982102
 20
16713.172990842573
 10
168279.12441982102
 20
16337.10533291322
 10
167634.9813635138
 20
16337.10533291322
 10
167634.9813635138
 20
16713.172990842573
  0
LWPOLYLINE
  5
2F9
330
17
100
AcDbEntity
  8
F03_SEATING
100
AcDbPolyline
 90
5
 70
1
 10
168610.95569125202
 20
22589.230145988684
 10
169255.09874755927
 20
22589.230145988684
 10
169255.09874755927
 20
22213.162488059334
 10
168610.95569125202
 20
22213.162488059334
 10
168610.95569125202
 20
22589.230145988684
  0
LWPOLYLINE
  5
2FA
330
17
100
AcDbEntity
  8
F03_SEATING
100
AcDbPolyline
 90
5
 70
1
 10
168610.95569125202
 20
22001.624430474076
 10
169255.09874755927
 20
22001.624430474076
 10
169255.09874755927
 20
21625.55677254472
 10
168610.95569125202
 20
21625.55677254472
 10
168610.95569125202
 20
22001.624430474076
  0
LWPOLYLINE
  5
2FB
330
17
100
AcDbEntity
  8
F03_SEATING
100
AcDbPolyline
 90
5
 70
1
 10
168610.95569125202
 20
21414.01871495946
 10
169255.09874755927
 20
21414.01871495946
 10
169255.09874755927
 20
21037.951057030114
 10
168610.95569125202
 20
21037.951057030114
 10
168610.95569125202
 20
21414.01871495946
  0
LWPOLYLINE
  5
2FC
330
17
100
AcDbEntity
  8
F03_SEATING
100
AcDbPolyline
 90
5
 70
1
 10
168610.95569125202
 20
20826.412999444852
 10
169255.09874755927
 20
20826.412999444852
 10
169255.09874755927
 20
20450.3453415155
 10
168610.95569125202
 20
20450.3453415155
 10
168610.95569125202
 20
20826.412999444852
  0
LWPOLYLINE
  5
2FD
330
17
100
AcDbEntity
  8
F03_SEATING
100
AcDbPolyline
 90
5
 70
1
 10
168610.95569125202
 20
20238.80728393024
 10
169255.09874755927
 20
20238.80728393024
 10
169255.09874755927
 20
19862.73962600089
 10
168610.95569125202
 20
19862.73962600089
 10
168610.95569125202
 20
20238.80728393024
  0
LWPOLYLINE
  5
2FE
330
17
100
AcDbEntity
  8
F03_SEATING
100
AcDbPolyline
 90
5
 70
1
 10
168610.95569125202
 20
19651.201568415632
 10
169255.09874755927
 20
19651.201568415632
 10
169255.09874755927
 20
19275.13391048628
 10
168610.95569125202
 20
19275.13391048628
 10
168610.95569125202
 20
19651.201568415632
  0
LWPOLYLINE
  5
2FF
330
17
100
AcDbEntity
  8
F03_SEATING
100
AcDbPolyline
 90
5
 70
1
 10
168610.95569125202
 20
19063.595852901017
 10
169255.09874755927
 20
19063.595852901017
 10
169255.09874755927
 20
18687.528194971666
 10
168610.95569125202
 20
18687.528194971666
 10
168610.95569125202
 20
19063.595852901017
  0
LWPOLYLINE
  5
300
330
17
100
AcDbEntity
  8
F03_SEATING
100
AcDbPolyline
 90
5
 70
1
 10
168610.95569125202
 20
18475.990137386405
 10
169255.09874755927
 20
18475.990137386405
 10
169255.09874755927
 20
18099.922479457055
 10
168610.95569125202
 20
18099.922479457055
 10
168610.95569125202
 20
18475.990137386405
  0
LWPOLYLINE
  5
301
330
17
100
AcDbEntity
  8
F03_SEATING
100
AcDbPolyline
 90
5
 70
1
 10
168610.95569125202
 20
17888.384421871797
 10
169255.09874755927
 20
17888.384421871797
 10
169255.09874755927
 20
17512.316763942446
 10
168610.95569125202
 20
17512.316763942446
 10
168610.95569125202
 20
17888.384421871797
  0
LWPOLYLINE
  5
302
330
17
100
AcDbEntity
  8
F03_SEATING
100
AcDbPolyline
 90
5
 70
1
 10
168610.95569125202
 20
17300.77870635718
 10
169255.09874755927
 20
17300.77870635718
 10
169255.09874755927
 20
16924.71104842783
 10
168610.95569125202
 20
16924.71104842783
 10
168610.95569125202
 20
17300.77870635718
  0
LWPOLYLINE
  5
303
330
17
100
AcDbEntity
  8
F03_SEATING
100
AcDbPolyline
 90
5
 70
1
 10
168610.95569125202
 20
16713.172990842573
 10
169255.09874755927
 20
16713.172990842573
 10
169255.09874755927
 20
16337.10533291322
 10
168610.95569125202
 20
16337.10533291322
 10
168610.95569125202
 20
16713.172990842573
  0
LWPOLYLINE
  5
304
330
17
100
AcDbEntity
  8
F03_SEATING
100
AcDbPolyline
 90
5
 70
1
 10
169586.93001899027
 20
22589.230145988684
 10
170231.07307529752
 20
22589.230145988684
 10
170231.07307529752
 20
22213.162488059334
 10
169586.93001899027
 20
22213.162488059334
 10
169586.93001899027
 20
22589.230145988684
  0
LWPOLYLINE
  5
305
330
17
100
AcDbEntity
  8
F03_SEATING
100
AcDbPolyline
 90
5
 70
1
 10
169586.93001899027
 20
22001.624430474076
 10
170231.07307529752
 20
22001.624430474076
 10
170231.07307529752
 20
21625.55677254472
 10
169586.93001899027
 20
21625.55677254472
 10
169586.93001899027
 20
22001.624430474076
  0
LWPOLYLINE
  5
306
330
17
100
AcDbEntity
  8
F03_SEATING
100
AcDbPolyline
 90
5
 70
1
 10
169586.93001899027
 20
21414.01871495946
 10
170231.07307529752
 20
21414.01871495946
 10
170231.07307529752
 20
21037.951057030114
 10
169586.93001899027
 20
21037.951057030114
 10
169586.93001899027
 20
21414.01871495946
  0
LWPOLYLINE
  5
307
330
17
100
AcDbEntity
  8
F03_SEATING
100
AcDbPolyline
 90
5
 70
1
 10
169586.93001899027
 20
20826.412999444852
 10
170231.07307529752
 20
20826.412999444852
 10
170231.07307529752
 20
20450.3453415155
 10
169586.93001899027
 20
20450.3453415155
 10
169586.93001899027
 20
20826.412999444852
  0
LWPOLYLINE
  5
308
330
17
100
AcDbEntity
  8
F03_SEATING
100
AcDbPolyline
 90
5
 70
1
 10
169586.93001899027
 20
20238.80728393024
 10
170231.07307529752
 20
20238.80728393024
 10
170231.07307529752
 20
19862.73962600089
 10
169586.93001899027
 20
19862.73962600089
 10
169586.93001899027
 20
20238.80728393024
  0
LWPOLYLINE
  5
309
330
17
100
AcDbEntity
  8
F03_SEATING
100
AcDbPolyline
 90
5
 70
1
 10
169586.93001899027
 20
19651.201568415632
 10
170231.07307529752
 20
19651.201568415632
 10
170231.07307529752
 20
19275.13391048628
 10
169586.93001899027
 20
19275.13391048628
 10
169586.93001899027
 20
19651.201568415632
  0
LWPOLYLINE
  5
30A
330
17
100
AcDbEntity
  8
F03_SEATING
100
AcDbPolyline
 90
5
 70
1
 10
169586.93001899027
 20
19063.595852901017
 10
170231.07307529752
 20
19063.595852901017
 10
170231.07307529752
 20
18687.528194971666
 10
169586.93001899027
 20
18687.528194971666
 10
169586.93001899027
 20
19063.595852901017
  0
LWPOLYLINE
  5
30B
330
17
100
AcDbEntity
  8
F03_SEATING
100
AcDbPolyline
 90
5
 70
1
 10
169586.93001899027
 20
18475.990137386405
 10
170231.07307529752
 20
18475.990137386405
 10
170231.07307529752
 20
18099.922479457055
 10
169586.93001899027
 20
18099.922479457055
 10
169586.93001899027
 20
18475.990137386405
  0
LWPOLYLINE
  5
30C
330
17
100
AcDbEntity
  8
F03_SEATING
100
AcDbPolyline
 90
5
 70
1
 10
169586.93001899027
 20
17888.384421871797
 10
170231.07307529752
 20
17888.384421871797
 10
170231.07307529752
 20
17512.316763942446
 10
169586.93001899027
 20
17512.316763942446
 10
169586.93001899027
 20
17888.384421871797
  0
LWPOLYLINE
  5
30D
330
17
100
AcDbEntity
  8
F03_SEATING
100
AcDbPolyline
 90
5
 70
1
 10
169586.93001899027
 20
17300.77870635718
 10
170231.07307529752
 20
17300.77870635718
 10
170231.07307529752
 20
16924.71104842783
 10
169586.93001899027
 20
16924.71104842783
 10
169586.93001899027
 20
17300.77870635718
  0
LWPOLYLINE
  5
30E
330
17
100
AcDbEntity
  8
F03_SEATING
100
AcDbPolyline
 90
5
 70
1
 10
169586.93001899027
 20
16713.172990842573
 10
170231.07307529752
 20
16713.172990842573
 10
170231.07307529752
 20
16337.10533291322
 10
169586.93001899027
 20
16337.10533291322
 10
169586.93001899027
 20
16713.172990842573
  0
LWPOLYLINE
  5
30F
330
17
100
AcDbEntity
  8
F03_SEATING
100
AcDbPolyline
 90
5
 70
1
 10
170562.90434672852
 20
22589.230145988684
 10
171207.04740303577
 20
22589.230145988684
 10
171207.04740303577
 20
22213.162488059334
 10
170562.90434672852
 20
22213.162488059334
 10
170562.90434672852
 20
22589.230145988684
  0
LWPOLYLINE
  5
310
330
17
100
AcDbEntity
  8
F03_SEATING
100
AcDbPolyline
 90
5
 70
1
 10
170562.90434672852
 20
22001.624430474076
 10
171207.04740303577
 20
22001.624430474076
 10
171207.04740303577
 20
21625.55677254472
 10
170562.90434672852
 20
21625.55677254472
 10
170562.90434672852
 20
22001.624430474076
  0
LWPOLYLINE
  5
311
330
17
100
AcDbEntity
  8
F03_SEATING
100
AcDbPolyline
 90
5
 70
1
 10
170562.90434672852
 20
21414.01871495946
 10
171207.04740303577
 20
21414.01871495946
 10
171207.04740303577
 20
21037.951057030114
 10
170562.90434672852
 20
21037.951057030114
 10
170562.90434672852
 20
21414.01871495946
  0
LWPOLYLINE
  5
312
330
17
100
AcDbEntity
  8
F03_SEATING
100
AcDbPolyline
 90
5
 70
1
 10
170562.90434672852
 20
20826.412999444852
 10
171207.04740303577
 20
20826.412999444852
 10
171207.04740303577
 20
20450.3453415155
 10
170562.90434672852
 20
20450.3453415155
 10
170562.90434672852
 20
20826.412999444852
  0
LWPOLYLINE
  5
313
330
17
100
AcDbEntity
  8
F03_SEATING
100
AcDbPolyline
 90
5
 70
1
 10
170562.90434672852
 20
20238.80728393024
 10
171207.04740303577
 20
20238.80728393024
 10
171207.04740303577
 20
19862.73962600089
 10
170562.90434672852
 20
19862.73962600089
 10
170562.90434672852
 20
20238.80728393024
  0
LWPOLYLINE
  5
314
330
17
100
AcDbEntity
  8
F03_SEATING
100
AcDbPolyline
 90
5
 70
1
 10
170562.90434672852
 20
19651.201568415632
 10
171207.04740303577
 20
19651.201568415632
 10
171207.04740303577
 20
19275.13391048628
 10
170562.90434672852
 20
19275.13391048628
 10
170562.90434672852
 20
19651.201568415632
  0
LWPOLYLINE
  5
315
330
17
100
AcDbEntity
  8
F03_SEATING
100
AcDbPolyline
 90
5
 70
1
 10
170562.90434672852
 20
19063.595852901017
 10
171207.04740303577
 20
19063.595852901017
 10
171207.04740303577
 20
18687.528194971666
 10
170562.90434672852
 20
18687.528194971666
 10
170562.90434672852
 20
19063.595852901017
  0
LWPOLYLINE
  5
316
330
17
100
AcDbEntity
  8
F03_SEATING
100
AcDbPolyline
 90
5
 70
1
 10
170562.90434672852
 20
18475.990137386405
 10
171207.04740303577
 20
18475.990137386405
 10
171207.04740303577
 20
18099.922479457055
 10
170562.90434672852
 20
18099.922479457055
 10
170562.90434672852
 20
18475.990137386405
  0
LWPOLYLINE
  5
317
330
17
100
AcDbEntity
  8
F03_SEATING
100
AcDbPolyline
 90
5
 70
1
 10
170562.90434672852
 20
17888.384421871797
 10
171207.04740303577
 20
17888.384421871797
 10
171207.04740303577
 20
17512.316763942446
 10
170562.90434672852
 20
17512.316763942446
 10
170562.90434672852
 20
17888.384421871797
  0
LWPOLYLINE
  5
318
330
17
100
AcDbEntity
  8
F03_SEATING
100
AcDbPolyline
 90
5
 70
1
 10
170562.90434672852
 20
17300.77870635718
 10
171207.04740303577
 20
17300.77870635718
 10
171207.04740303577
 20
16924.71104842783
 10
170562.90434672852
 20
16924.71104842783
 10
170562.90434672852
 20
17300.77870635718
  0
LWPOLYLINE
  5
319
330
17
100
AcDbEntity
  8
F03_SEATING
100
AcDbPolyline
 90
5
 70
1
 10
170562.90434672852
 20
16713.172990842573
 10
171207.04740303577
 20
16713.172990842573
 10
171207.04740303577
 20
16337.10533291322
 10
170562.90434672852
 20
16337.10533291322
 10
170562.90434672852
 20
16713.172990842573
  0
LWPOLYLINE
  5
31A
330
17
100
AcDbEntity
  8
F03_SEATING
100
AcDbPolyline
 90
5
 70
1
 10
171538.87867446677
 20
22589.230145988684
 10
172183.02173077402
 20
22589.230145988684
 10
172183.02173077402
 20
22213.162488059334
 10
171538.87867446677
 20
22213.162488059334
 10
171538.87867446677
 20
22589.230145988684
  0
LWPOLYLINE
  5
31B
330
17
100
AcDbEntity
  8
F03_SEATING
100
AcDbPolyline
 90
5
 70
1
 10
171538.87867446677
 20
22001.624430474076
 10
172183.02173077402
 20
22001.624430474076
 10
172183.02173077402
 20
21625.55677254472
 10
171538.87867446677
 20
21625.55677254472
 10
171538.87867446677
 20
22001.624430474076
  0
LWPOLYLINE
  5
31C
330
17
100
AcDbEntity
  8
F03_SEATING
100
AcDbPolyline
 90
5
 70
1
 10
171538.87867446677
 20
21414.01871495946
 10
172183.02173077402
 20
21414.01871495946
 10
172183.02173077402
 20
21037.951057030114
 10
171538.87867446677
 20
21037.951057030114
 10
171538.87867446677
 20
21414.01871495946
  0
LWPOLYLINE
  5
31D
330
17
100
AcDbEntity
  8
F03_SEATING
100
AcDbPolyline
 90
5
 70
1
 10
171538.87867446677
 20
20826.412999444852
 10
172183.02173077402
 20
20826.412999444852
 10
172183.02173077402
 20
20450.3453415155
 10
171538.87867446677
 20
20450.3453415155
 10
171538.87867446677
 20
20826.412999444852
  0
LWPOLYLINE
  5
31E
330
17
100
AcDbEntity
  8
F03_SEATING
100
AcDbPolyline
 90
5
 70
1
 10
171538.87867446677
 20
20238.80728393024
 10
172183.02173077402
 20
20238.80728393024
 10
172183.02173077402
 20
19862.73962600089
 10
171538.87867446677
 20
19862.73962600089
 10
171538.87867446677
 20
20238.80728393024
  0
LWPOLYLINE
  5
31F
330
17
100
AcDbEntity
  8
F03_SEATING
100
AcDbPolyline
 90
5
 70
1
 10
171538.87867446677
 20
19651.201568415632
 10
172183.02173077402
 20
19651.201568415632
 10
172183.02173077402
 20
19275.13391048628
 10
171538.87867446677
 20
19275.13391048628
 10
171538.87867446677
 20
19651.201568415632
  0
LWPOLYLINE
  5
320
330
17
100
AcDbEntity
  8
F03_SEATING
100
AcDbPolyline
 90
5
 70
1
 10
171538.87867446677
 20
19063.595852901017
 10
172183.02173077402
 20
19063.595852901017
 10
172183.02173077402
 20
18687.528194971666
 10
171538.87867446677
 20
18687.528194971666
 10
171538.87867446677
 20
19063.595852901017
  0
LWPOLYLINE
  5
321
330
17
100
AcDbEntity
  8
F03_SEATING
100
AcDbPolyline
 90
5
 70
1
 10
171538.87867446677
 20
18475.990137386405
 10
172183.02173077402
 20
18475.990137386405
 10
172183.02173077402
 20
18099.922479457055
 10
171538.87867446677
 20
18099.922479457055
 10
171538.87867446677
 20
18475.990137386405
  0
LWPOLYLINE
  5
322
330
17
100
AcDbEntity
  8
F03_SEATING
100
AcDbPolyline
 90
5
 70
1
 10
171538.87867446677
 20
17888.384421871797
 10
172183.02173077402
 20
17888.384421871797
 10
172183.02173077402
 20
17512.316763942446
 10
171538.87867446677
 20
17512.316763942446
 10
171538.87867446677
 20
17888.384421871797
  0
LWPOLYLINE
  5
323
330
17
100
AcDbEntity
  8
F03_SEATING
100
AcDbPolyline
 90
5
 70
1
 10
171538.87867446677
 20
17300.77870635718
 10
172183.02173077402
 20
17300.77870635718
 10
172183.02173077402
 20
16924.71104842783
 10
171538.87867446677
 20
16924.71104842783
 10
171538.87867446677
 20
17300.77870635718
  0
LWPOLYLINE
  5
324
330
17
100
AcDbEntity
  8
F03_SEATING
100
AcDbPolyline
 90
5
 70
1
 10
171538.87867446677
 20
16713.172990842573
 10
172183.02173077402
 20
16713.172990842573
 10
172183.02173077402
 20
16337.10533291322
 10
171538.87867446677
 20
16337.10533291322
 10
171538.87867446677
 20
16713.172990842573
  0
LWPOLYLINE
  5
325
330
17
100
AcDbEntity
  8
F03_SEATING
100
AcDbPolyline
 90
5
 70
1
 10
172514.85300220503
 20
22589.230145988684
 10
173158.99605851225
 20
22589.230145988684
 10
173158.99605851225
 20
22213.162488059334
 10
172514.85300220503
 20
22213.162488059334
 10
172514.85300220503
 20
22589.230145988684
  0
LWPOLYLINE
  5
326
330
17
100
AcDbEntity
  8
F03_SEATING
100
AcDbPolyline
 90
5
 70
1
 10
172514.85300220503
 20
22001.624430474076
 10
173158.99605851225
 20
22001.624430474076
 10
173158.99605851225
 20
21625.55677254472
 10
172514.85300220503
 20
21625.55677254472
 10
172514.85300220503
 20
22001.624430474076
  0
LWPOLYLINE
  5
327
330
17
100
AcDbEntity
  8
F03_SEATING
100
AcDbPolyline
 90
5
 70
1
 10
172514.85300220503
 20
21414.01871495946
 10
173158.99605851225
 20
21414.01871495946
 10
173158.99605851225
 20
21037.951057030114
 10
172514.85300220503
 20
21037.951057030114
 10
172514.85300220503
 20
21414.01871495946
  0
LWPOLYLINE
  5
328
330
17
100
AcDbEntity
  8
F03_SEATING
100
AcDbPolyline
 90
5
 70
1
 10
172514.85300220503
 20
20826.412999444852
 10
173158.99605851225
 20
20826.412999444852
 10
173158.99605851225
 20
20450.3453415155
 10
172514.85300220503
 20
20450.3453415155
 10
172514.85300220503
 20
20826.412999444852
  0
LWPOLYLINE
  5
329
330
17
100
AcDbEntity
  8
F03_SEATING
100
AcDbPolyline
 90
5
 70
1
 10
172514.85300220503
 20
20238.80728393024
 10
173158.99605851225
 20
20238.80728393024
 10
173158.99605851225
 20
19862.73962600089
 10
172514.85300220503
 20
19862.73962600089
 10
172514.85300220503
 20
20238.80728393024
  0
LWPOLYLINE
  5
32A
330
17
100
AcDbEntity
  8
F03_SEATING
100
AcDbPolyline
 90
5
 70
1
 10
172514.85300220503
 20
19651.201568415632
 10
173158.99605851225
 20
19651.201568415632
 10
173158.99605851225
 20
19275.13391048628
 10
172514.85300220503
 20
19275.13391048628
 10
172514.85300220503
 20
19651.201568415632
  0
LWPOLYLINE
  5
32B
330
17
100
AcDbEntity
  8
F03_SEATING
100
AcDbPolyline
 90
5
 70
1
 10
172514.85300220503
 20
19063.595852901017
 10
173158.99605851225
 20
19063.595852901017
 10
173158.99605851225
 20
18687.528194971666
 10
172514.85300220503
 20
18687.528194971666
 10
172514.85300220503
 20
19063.595852901017
  0
LWPOLYLINE
  5
32C
330
17
100
AcDbEntity
  8
F03_SEATING
100
AcDbPolyline
 90
5
 70
1
 10
172514.85300220503
 20
18475.990137386405
 10
173158.99605851225
 20
18475.990137386405
 10
173158.99605851225
 20
18099.922479457055
 10
172514.85300220503
 20
18099.922479457055
 10
172514.85300220503
 20
18475.990137386405
  0
LWPOLYLINE
  5
32D
330
17
100
AcDbEntity
  8
F03_SEATING
100
AcDbPolyline
 90
5
 70
1
 10
172514.85300220503
 20
17888.384421871797
 10
173158.99605851225
 20
17888.384421871797
 10
173158.99605851225
 20
17512.316763942446
 10
172514.85300220503
 20
17512.316763942446
 10
172514.85300220503
 20
17888.384421871797
  0
LWPOLYLINE
  5
32E
330
17
100
AcDbEntity
  8
F03_SEATING
100
AcDbPolyline
 90
5
 70
1
 10
172514.85300220503
 20
17300.77870635718
 10
173158.99605851225
 20
17300.77870635718
 10
173158.99605851225
 20
16924.71104842783
 10
172514.85300220503
 20
16924.71104842783
 10
172514.85300220503
 20
17300.77870635718
  0
LWPOLYLINE
  5
32F
330
17
100
AcDbEntity
  8
F03_SEATING
100
AcDbPolyline
 90
5
 70
1
 10
172514.85300220503
 20
16713.172990842573
 10
173158.99605851225
 20
16713.172990842573
 10
173158.99605851225
 20
16337.10533291322
 10
172514.85300220503
 20
16337.10533291322
 10
172514.85300220503
 20
16713.172990842573
  0
LWPOLYLINE
  5
330
330
17
100
AcDbEntity
  8
F03_SEATING
100
AcDbPolyline
 90
5
 70
1
 10
173490.82732994325
 20
22589.230145988684
 10
174134.9703862505
 20
22589.230145988684
 10
174134.9703862505
 20
22213.162488059334
 10
173490.82732994325
 20
22213.162488059334
 10
173490.82732994325
 20
22589.230145988684
  0
LWPOLYLINE
  5
331
330
17
100
AcDbEntity
  8
F03_SEATING
100
AcDbPolyline
 90
5
 70
1
 10
173490.82732994325
 20
22001.624430474076
 10
174134.9703862505
 20
22001.624430474076
 10
174134.9703862505
 20
21625.55677254472
 10
173490.82732994325
 20
21625.55677254472
 10
173490.82732994325
 20
22001.624430474076
  0
LWPOLYLINE
  5
332
330
17
100
AcDbEntity
  8
F03_SEATING
100
AcDbPolyline
 90
5
 70
1
 10
173490.82732994325
 20
21414.01871495946
 10
174134.9703862505
 20
21414.01871495946
 10
174134.9703862505
 20
21037.951057030114
 10
173490.82732994325
 20
21037.951057030114
 10
173490.82732994325
 20
21414.01871495946
  0
LWPOLYLINE
  5
333
330
17
100
AcDbEntity
  8
F03_SEATING
100
AcDbPolyline
 90
5
 70
1
 10
173490.82732994325
 20
20826.412999444852
 10
174134.9703862505
 20
20826.412999444852
 10
174134.9703862505
 20
20450.3453415155
 10
173490.82732994325
 20
20450.3453415155
 10
173490.82732994325
 20
20826.412999444852
  0
LWPOLYLINE
  5
334
330
17
100
AcDbEntity
  8
F03_SEATING
100
AcDbPolyline
 90
5
 70
1
 10
173490.82732994325
 20
20238.80728393024
 10
174134.9703862505
 20
20238.80728393024
 10
174134.9703862505
 20
19862.73962600089
 10
173490.82732994325
 20
19862.73962600089
 10
173490.82732994325
 20
20238.80728393024
  0
LWPOLYLINE
  5
335
330
17
100
AcDbEntity
  8
F03_SEATING
100
AcDbPolyline
 90
5
 70
1
 10
173490.82732994325
 20
19651.201568415632
 10
174134.9703862505
 20
19651.201568415632
 10
174134.9703862505
 20
19275.13391048628
 10
173490.82732994325
 20
19275.13391048628
 10
173490.82732994325
 20
19651.201568415632
  0
LWPOLYLINE
  5
336
330
17
100
AcDbEntity
  8
F03_SEATING
100
AcDbPolyline
 90
5
 70
1
 10
173490.82732994325
 20
19063.595852901017
 10
174134.9703862505
 20
19063.595852901017
 10
174134.9703862505
 20
18687.528194971666
 10
173490.82732994325
 20
18687.528194971666
 10
173490.82732994325
 20
19063.595852901017
  0
LWPOLYLINE
  5
337
330
17
100
AcDbEntity
  8
F03_SEATING
100
AcDbPolyline
 90
5
 70
1
 10
173490.82732994325
 20
18475.990137386405
 10
174134.9703862505
 20
18475.990137386405
 10
174134.9703862505
 20
18099.922479457055
 10
173490.82732994325
 20
18099.922479457055
 10
173490.82732994325
 20
18475.990137386405
  0
LWPOLYLINE
  5
338
330
17
100
AcDbEntity
  8
F03_SEATING
100
AcDbPolyline
 90
5
 70
1
 10
173490.82732994325
 20
17888.384421871797
 10
174134.9703862505
 20
17888.384421871797
 10
174134.9703862505
 20
17512.316763942446
 10
173490.82732994325
 20
17512.316763942446
 10
173490.82732994325
 20
17888.384421871797
  0
LWPOLYLINE
  5
339
330
17
100
AcDbEntity
  8
F03_SEATING
100
AcDbPolyline
 90
5
 70
1
 10
173490.82732994325
 20
17300.77870635718
 10
174134.9703862505
 20
17300.77870635718
 10
174134.9703862505
 20
16924.71104842783
 10
173490.82732994325
 20
16924.71104842783
 10
173490.82732994325
 20
17300.77870635718
  0
LWPOLYLINE
  5
33A
330
17
100
AcDbEntity
  8
F03_SEATING
100
AcDbPolyline
 90
5
 70
1
 10
173490.82732994325
 20
16713.172990842573
 10
174134.9703862505
 20
16713.172990842573
 10
174134.9703862505
 20
16337.10533291322
 10
173490.82732994325
 20
16337.10533291322
 10
173490.82732994325
 20
16713.172990842573
  0
LWPOLYLINE
  5
33B
330
17
100
AcDbEntity
  8
F03_SEATING
100
AcDbPolyline
 90
5
 70
1
 10
174466.8016576815
 20
22589.230145988684
 10
175110.94471398875
 20
22589.230145988684
 10
175110.94471398875
 20
22213.162488059334
 10
174466.8016576815
 20
22213.162488059334
 10
174466.8016576815
 20
22589.230145988684
  0
LWPOLYLINE
  5
33C
330
17
100
AcDbEntity
  8
F03_SEATING
100
AcDbPolyline
 90
5
 70
1
 10
174466.8016576815
 20
22001.624430474076
 10
175110.94471398875
 20
22001.624430474076
 10
175110.94471398875
 20
21625.55677254472
 10
174466.8016576815
 20
21625.55677254472
 10
174466.8016576815
 20
22001.624430474076
  0
LWPOLYLINE
  5
33D
330
17
100
AcDbEntity
  8
F03_SEATING
100
AcDbPolyline
 90
5
 70
1
 10
174466.8016576815
 20
21414.01871495946
 10
175110.94471398875
 20
21414.01871495946
 10
175110.94471398875
 20
21037.951057030114
 10
174466.8016576815
 20
21037.951057030114
 10
174466.8016576815
 20
21414.01871495946
  0
LWPOLYLINE
  5
33E
330
17
100
AcDbEntity
  8
F03_SEATING
100
AcDbPolyline
 90
5
 70
1
 10
174466.8016576815
 20
20826.412999444852
 10
175110.94471398875
 20
20826.412999444852
 10
175110.94471398875
 20
20450.3453415155
 10
174466.8016576815
 20
20450.3453415155
 10
174466.8016576815
 20
20826.412999444852
  0
LWPOLYLINE
  5
33F
330
17
100
AcDbEntity
  8
F03_SEATING
100
AcDbPolyline
 90
5
 70
1
 10
174466.8016576815
 20
20238.80728393024
 10
175110.94471398875
 20
20238.80728393024
 10
175110.94471398875
 20
19862.73962600089
 10
174466.8016576815
 20
19862.73962600089
 10
174466.8016576815
 20
20238.80728393024
  0
LWPOLYLINE
  5
340
330
17
100
AcDbEntity
  8
F03_SEATING
100
AcDbPolyline
 90
5
 70
1
 10
174466.8016576815
 20
19651.201568415632
 10
175110.94471398875
 20
19651.201568415632
 10
175110.94471398875
 20
19275.13391048628
 10
174466.8016576815
 20
19275.13391048628
 10
174466.8016576815
 20
19651.201568415632
  0
LWPOLYLINE
  5
341
330
17
100
AcDbEntity
  8
F03_SEATING
100
AcDbPolyline
 90
5
 70
1
 10
174466.8016576815
 20
19063.595852901017
 10
175110.94471398875
 20
19063.595852901017
 10
175110.94471398875
 20
18687.528194971666
 10
174466.8016576815
 20
18687.528194971666
 10
174466.8016576815
 20
19063.595852901017
  0
LWPOLYLINE
  5
342
330
17
100
AcDbEntity
  8
F03_SEATING
100
AcDbPolyline
 90
5
 70
1
 10
174466.8016576815
 20
18475.990137386405
 10
175110.94471398875
 20
18475.990137386405
 10
175110.94471398875
 20
18099.922479457055
 10
174466.8016576815
 20
18099.922479457055
 10
174466.8016576815
 20
18475.990137386405
  0
LWPOLYLINE
  5
343
330
17
100
AcDbEntity
  8
F03_SEATING
100
AcDbPolyline
 90
5
 70
1
 10
174466.8016576815
 20
17888.384421871797
 10
175110.94471398875
 20
17888.384421871797
 10
175110.94471398875
 20
17512.316763942446
 10
174466.8016576815
 20
17512.316763942446
 10
174466.8016576815
 20
17888.384421871797
  0
LWPOLYLINE
  5
344
330
17
100
AcDbEntity
  8
F03_SEATING
100
AcDbPolyline
 90
5
 70
1
 10
174466.8016576815
 20
17300.77870635718
 10
175110.94471398875
 20
17300.77870635718
 10
175110.94471398875
 20
16924.71104842783
 10
174466.8016576815
 20
16924.71104842783
 10
174466.8016576815
 20
17300.77870635718
  0
LWPOLYLINE
  5
345
330
17
100
AcDbEntity
  8
F03_SEATING
100
AcDbPolyline
 90
5
 70
1
 10
174466.8016576815
 20
16713.172990842573
 10
175110.94471398875
 20
16713.172990842573
 10
175110.94471398875
 20
16337.10533291322
 10
174466.8016576815
 20
16337.10533291322
 10
174466.8016576815
 20
16713.172990842573
  0
LWPOLYLINE
  5
346
330
17
100
AcDbEntity
  8
F03_SEATING
100
AcDbPolyline
 90
5
 70
1
 10
175442.77598541975
 20
22589.230145988684
 10
176086.91904172697
 20
22589.230145988684
 10
176086.91904172697
 20
22213.162488059334
 10
175442.77598541975
 20
22213.162488059334
 10
175442.77598541975
 20
22589.230145988684
  0
LWPOLYLINE
  5
347
330
17
100
AcDbEntity
  8
F03_SEATING
100
AcDbPolyline
 90
5
 70
1
 10
175442.77598541975
 20
22001.624430474076
 10
176086.91904172697
 20
22001.624430474076
 10
176086.91904172697
 20
21625.55677254472
 10
175442.77598541975
 20
21625.55677254472
 10
175442.77598541975
 20
22001.624430474076
  0
LWPOLYLINE
  5
348
330
17
100
AcDbEntity
  8
F03_SEATING
100
AcDbPolyline
 90
5
 70
1
 10
175442.77598541975
 20
21414.01871495946
 10
176086.91904172697
 20
21414.01871495946
 10
176086.91904172697
 20
21037.951057030114
 10
175442.77598541975
 20
21037.951057030114
 10
175442.77598541975
 20
21414.01871495946
  0
LWPOLYLINE
  5
349
330
17
100
AcDbEntity
  8
F03_SEATING
100
AcDbPolyline
 90
5
 70
1
 10
175442.77598541975
 20
20826.412999444852
 10
176086.91904172697
 20
20826.412999444852
 10
176086.91904172697
 20
20450.3453415155
 10
175442.77598541975
 20
20450.3453415155
 10
175442.77598541975
 20
20826.412999444852
  0
LWPOLYLINE
  5
34A
330
17
100
AcDbEntity
  8
F03_SEATING
100
AcDbPolyline
 90
5
 70
1
 10
175442.77598541975
 20
20238.80728393024
 10
176086.91904172697
 20
20238.80728393024
 10
176086.91904172697
 20
19862.73962600089
 10
175442.77598541975
 20
19862.73962600089
 10
175442.77598541975
 20
20238.80728393024
  0
LWPOLYLINE
  5
34B
330
17
100
AcDbEntity
  8
F03_SEATING
100
AcDbPolyline
 90
5
 70
1
 10
175442.77598541975
 20
19651.201568415632
 10
176086.91904172697
 20
19651.201568415632
 10
176086.91904172697
 20
19275.13391048628
 10
175442.77598541975
 20
19275.13391048628
 10
175442.77598541975
 20
19651.201568415632
  0
LWPOLYLINE
  5
34C
330
17
100
AcDbEntity
  8
F03_SEATING
100
AcDbPolyline
 90
5
 70
1
 10
175442.77598541975
 20
19063.595852901017
 10
176086.91904172697
 20
19063.595852901017
 10
176086.91904172697
 20
18687.528194971666
 10
175442.77598541975
 20
18687.528194971666
 10
175442.77598541975
 20
19063.595852901017
  0
LWPOLYLINE
  5
34D
330
17
100
AcDbEntity
  8
F03_SEATING
100
AcDbPolyline
 90
5
 70
1
 10
175442.77598541975
 20
18475.990137386405
 10
176086.91904172697
 20
18475.990137386405
 10
176086.91904172697
 20
18099.922479457055
 10
175442.77598541975
 20
18099.922479457055
 10
175442.77598541975
 20
18475.990137386405
  0
LWPOLYLINE
  5
34E
330
17
100
AcDbEntity
  8
F03_SEATING
100
AcDbPolyline
 90
5
 70
1
 10
175442.77598541975
 20
17888.384421871797
 10
176086.91904172697
 20
17888.384421871797
 10
176086.91904172697
 20
17512.316763942446
 10
175442.77598541975
 20
17512.316763942446
 10
175442.77598541975
 20
17888.384421871797
  0
LWPOLYLINE
  5
34F
330
17
100
AcDbEntity
  8
F03_SEATING
100
AcDbPolyline
 90
5
 70
1
 10
175442.77598541975
 20
17300.77870635718
 10
176086.91904172697
 20
17300.77870635718
 10
176086.91904172697
 20
16924.71104842783
 10
175442.77598541975
 20
16924.71104842783
 10
175442.77598541975
 20
17300.77870635718
  0
LWPOLYLINE
  5
350
330
17
100
AcDbEntity
  8
F03_SEATING
100
AcDbPolyline
 90
5
 70
1
 10
175442.77598541975
 20
16713.172990842573
 10
176086.91904172697
 20
16713.172990842573
 10
176086.91904172697
 20
16337.10533291322
 10
175442.77598541975
 20
16337.10533291322
 10
175442.77598541975
 20
16713.172990842573
  0
LWPOLYLINE
  5
351
330
17
100
AcDbEntity
  8
F03_SEATING
100
AcDbPolyline
 90
5
 70
1
 10
176418.75031315797
 20
22589.230145988684
 10
177062.89336946522
 20
22589.230145988684
 10
177062.89336946522
 20
22213.162488059334
 10
176418.75031315797
 20
22213.162488059334
 10
176418.75031315797
 20
22589.230145988684
  0
LWPOLYLINE
  5
352
330
17
100
AcDbEntity
  8
F03_SEATING
100
AcDbPolyline
 90
5
 70
1
 10
176418.75031315797
 20
22001.624430474076
 10
177062.89336946522
 20
22001.624430474076
 10
177062.89336946522
 20
21625.55677254472
 10
176418.75031315797
 20
21625.55677254472
 10
176418.75031315797
 20
22001.624430474076
  0
LWPOLYLINE
  5
353
330
17
100
AcDbEntity
  8
F03_SEATING
100
AcDbPolyline
 90
5
 70
1
 10
176418.75031315797
 20
21414.01871495946
 10
177062.89336946522
 20
21414.01871495946
 10
177062.89336946522
 20
21037.951057030114
 10
176418.75031315797
 20
21037.951057030114
 10
176418.75031315797
 20
21414.01871495946
  0
LWPOLYLINE
  5
354
330
17
100
AcDbEntity
  8
F03_SEATING
100
AcDbPolyline
 90
5
 70
1
 10
176418.75031315797
 20
20826.412999444852
 10
177062.89336946522
 20
20826.412999444852
 10
177062.89336946522
 20
20450.3453415155
 10
176418.75031315797
 20
20450.3453415155
 10
176418.75031315797
 20
20826.412999444852
  0
LWPOLYLINE
  5
355
330
17
100
AcDbEntity
  8
F03_SEATING
100
AcDbPolyline
 90
5
 70
1
 10
176418.75031315797
 20
20238.80728393024
 10
177062.89336946522
 20
20238.80728393024
 10
177062.89336946522
 20
19862.73962600089
 10
176418.75031315797
 20
19862.73962600089
 10
176418.75031315797
 20
20238.80728393024
  0
LWPOLYLINE
  5
356
330
17
100
AcDbEntity
  8
F03_SEATING
100
AcDbPolyline
 90
5
 70
1
 10
176418.75031315797
 20
19651.201568415632
 10
177062.89336946522
 20
19651.201568415632
 10
177062.89336946522
 20
19275.13391048628
 10
176418.75031315797
 20
19275.13391048628
 10
176418.75031315797
 20
19651.201568415632
  0
LWPOLYLINE
  5
357
330
17
100
AcDbEntity
  8
F03_SEATING
100
AcDbPolyline
 90
5
 70
1
 10
176418.75031315797
 20
19063.595852901017
 10
177062.89336946522
 20
19063.595852901017
 10
177062.89336946522
 20
18687.528194971666
 10
176418.75031315797
 20
18687.528194971666
 10
176418.75031315797
 20
19063.595852901017
  0
LWPOLYLINE
  5
358
330
17
100
AcDbEntity
  8
F03_SEATING
100
AcDbPolyline
 90
5
 70
1
 10
176418.75031315797
 20
18475.990137386405
 10
177062.89336946522
 20
18475.990137386405
 10
177062.89336946522
 20
18099.922479457055
 10
176418.75031315797
 20
18099.922479457055
 10
176418.75031315797
 20
18475.990137386405
  0
LWPOLYLINE
  5
359
330
17
100
AcDbEntity
  8
F03_SEATING
100
AcDbPolyline
 90
5
 70
1
 10
176418.75031315797
 20
17888.384421871797
 10
177062.89336946522
 20
17888.384421871797
 10
177062.89336946522
 20
17512.316763942446
 10
176418.75031315797
 20
17512.316763942446
 10
176418.75031315797
 20
17888.384421871797
  0
LWPOLYLINE
  5
35A
330
17
100
AcDbEntity
  8
F03_SEATING
100
AcDbPolyline
 90
5
 70
1
 10
176418.75031315797
 20
17300.77870635718
 10
177062.89336946522
 20
17300.77870635718
 10
177062.89336946522
 20
16924.71104842783
 10
176418.75031315797
 20
16924.71104842783
 10
176418.75031315797
 20
17300.77870635718
  0
LWPOLYLINE
  5
35B
330
17
100
AcDbEntity
  8
F03_SEATING
100
AcDbPolyline
 90
5
 70
1
 10
176418.75031315797
 20
16713.172990842573
 10
177062.89336946522
 20
16713.172990842573
 10
177062.89336946522
 20
16337.10533291322
 10
176418.75031315797
 20
16337.10533291322
 10
176418.75031315797
 20
16713.172990842573
  0
LWPOLYLINE
  5
35C
330
17
100
AcDbEntity
  8
F03_SEATING
100
AcDbPolyline
 90
5
 70
1
 10
177394.72464089622
 20
22589.230145988684
 10
178038.86769720347
 20
22589.230145988684
 10
178038.86769720347
 20
22213.162488059334
 10
177394.72464089622
 20
22213.162488059334
 10
177394.72464089622
 20
22589.230145988684
  0
LWPOLYLINE
  5
35D
330
17
100
AcDbEntity
  8
F03_SEATING
100
AcDbPolyline
 90
5
 70
1
 10
177394.72464089622
 20
22001.624430474076
 10
178038.86769720347
 20
22001.624430474076
 10
178038.86769720347
 20
21625.55677254472
 10
177394.72464089622
 20
21625.55677254472
 10
177394.72464089622
 20
22001.624430474076
  0
LWPOLYLINE
  5
35E
330
17
100
AcDbEntity
  8
F03_SEATING
100
AcDbPolyline
 90
5
 70
1
 10
177394.72464089622
 20
21414.01871495946
 10
178038.86769720347
 20
21414.01871495946
 10
178038.86769720347
 20
21037.951057030114
 10
177394.72464089622
 20
21037.951057030114
 10
177394.72464089622
 20
21414.01871495946
  0
LWPOLYLINE
  5
35F
330
17
100
AcDbEntity
  8
F03_SEATING
100
AcDbPolyline
 90
5
 70
1
 10
177394.72464089622
 20
20826.412999444852
 10
178038.86769720347
 20
20826.412999444852
 10
178038.86769720347
 20
20450.3453415155
 10
177394.72464089622
 20
20450.3453415155
 10
177394.72464089622
 20
20826.412999444852
  0
LWPOLYLINE
  5
360
330
17
100
AcDbEntity
  8
F03_SEATING
100
AcDbPolyline
 90
5
 70
1
 10
177394.72464089622
 20
20238.80728393024
 10
178038.86769720347
 20
20238.80728393024
 10
178038.86769720347
 20
19862.73962600089
 10
177394.72464089622
 20
19862.73962600089
 10
177394.72464089622
 20
20238.80728393024
  0
LWPOLYLINE
  5
361
330
17
100
AcDbEntity
  8
F03_SEATING
100
AcDbPolyline
 90
5
 70
1
 10
177394.72464089622
 20
19651.201568415632
 10
178038.86769720347
 20
19651.201568415632
 10
178038.86769720347
 20
19275.13391048628
 10
177394.72464089622
 20
19275.13391048628
 10
177394.72464089622
 20
19651.201568415632
  0
LWPOLYLINE
  5
362
330
17
100
AcDbEntity
  8
F03_SEATING
100
AcDbPolyline
 90
5
 70
1
 10
177394.72464089622
 20
19063.595852901017
 10
178038.86769720347
 20
19063.595852901017
 10
178038.86769720347
 20
18687.528194971666
 10
177394.72464089622
 20
18687.528194971666
 10
177394.72464089622
 20
19063.595852901017
  0
LWPOLYLINE
  5
363
330
17
100
AcDbEntity
  8
F03_SEATING
100
AcDbPolyline
 90
5
 70
1
 10
177394.72464089622
 20
18475.990137386405
 10
178038.86769720347
 20
18475.990137386405
 10
178038.86769720347
 20
18099.922479457055
 10
177394.72464089622
 20
18099.922479457055
 10
177394.72464089622
 20
18475.990137386405
  0
LWPOLYLINE
  5
364
330
17
100
AcDbEntity
  8
F03_SEATING
100
AcDbPolyline
 90
5
 70
1
 10
177394.72464089622
 20
17888.384421871797
 10
178038.86769720347
 20
17888.384421871797
 10
178038.86769720347
 20
17512.316763942446
 10
177394.72464089622
 20
17512.316763942446
 10
177394.72464089622
 20
17888.384421871797
  0
LWPOLYLINE
  5
365
330
17
100
AcDbEntity
  8
F03_SEATING
100
AcDbPolyline
 90
5
 70
1
 10
177394.72464089622
 20
17300.77870635718
 10
178038.86769720347
 20
17300.77870635718
 10
178038.86769720347
 20
16924.71104842783
 10
177394.72464089622
 20
16924.71104842783
 10
177394.72464089622
 20
17300.77870635718
  0
LWPOLYLINE
  5
366
330
17
100
AcDbEntity
  8
F03_SEATING
100
AcDbPolyline
 90
5
 70
1
 10
177394.72464089622
 20
16713.172990842573
 10
178038.86769720347
 20
16713.172990842573
 10
178038.86769720347
 20
16337.10533291322
 10
177394.72464089622
 20
16337.10533291322
 10
177394.72464089622
 20
16713.172990842573
  0
LWPOLYLINE
  5
367
330
17
100
AcDbEntity
  8
F03_SEATING
100
AcDbPolyline
 90
5
 70
1
 10
178370.69896863448
 20
22589.230145988684
 10
179014.8420249417
 20
22589.230145988684
 10
179014.8420249417
 20
22213.162488059334
 10
178370.69896863448
 20
22213.162488059334
 10
178370.69896863448
 20
22589.230145988684
  0
LWPOLYLINE
  5
368
330
17
100
AcDbEntity
  8
F03_SEATING
100
AcDbPolyline
 90
5
 70
1
 10
178370.69896863448
 20
22001.624430474076
 10
179014.8420249417
 20
22001.624430474076
 10
179014.8420249417
 20
21625.55677254472
 10
178370.69896863448
 20
21625.55677254472
 10
178370.69896863448
 20
22001.624430474076
  0
LWPOLYLINE
  5
369
330
17
100
AcDbEntity
  8
F03_SEATING
100
AcDbPolyline
 90
5
 70
1
 10
178370.69896863448
 20
21414.01871495946
 10
179014.8420249417
 20
21414.01871495946
 10
179014.8420249417
 20
21037.951057030114
 10
178370.69896863448
 20
21037.951057030114
 10
178370.69896863448
 20
21414.01871495946
  0
LWPOLYLINE
  5
36A
330
17
100
AcDbEntity
  8
F03_SEATING
100
AcDbPolyline
 90
5
 70
1
 10
178370.69896863448
 20
20826.412999444852
 10
179014.8420249417
 20
20826.412999444852
 10
179014.8420249417
 20
20450.3453415155
 10
178370.69896863448
 20
20450.3453415155
 10
178370.69896863448
 20
20826.412999444852
  0
LWPOLYLINE
  5
36B
330
17
100
AcDbEntity
  8
F03_SEATING
100
AcDbPolyline
 90
5
 70
1
 10
178370.69896863448
 20
20238.80728393024
 10
179014.8420249417
 20
20238.80728393024
 10
179014.8420249417
 20
19862.73962600089
 10
178370.69896863448
 20
19862.73962600089
 10
178370.69896863448
 20
20238.80728393024
  0
LWPOLYLINE
  5
36C
330
17
100
AcDbEntity
  8
F03_SEATING
100
AcDbPolyline
 90
5
 70
1
 10
178370.69896863448
 20
19651.201568415632
 10
179014.8420249417
 20
19651.201568415632
 10
179014.8420249417
 20
19275.13391048628
 10
178370.69896863448
 20
19275.13391048628
 10
178370.69896863448
 20
19651.201568415632
  0
LWPOLYLINE
  5
36D
330
17
100
AcDbEntity
  8
F03_SEATING
100
AcDbPolyline
 90
5
 70
1
 10
178370.69896863448
 20
19063.595852901017
 10
179014.8420249417
 20
19063.595852901017
 10
179014.8420249417
 20
18687.528194971666
 10
178370.69896863448
 20
18687.528194971666
 10
178370.69896863448
 20
19063.595852901017
  0
LWPOLYLINE
  5
36E
330
17
100
AcDbEntity
  8
F03_SEATING
100
AcDbPolyline
 90
5
 70
1
 10
178370.69896863448
 20
18475.990137386405
 10
179014.8420249417
 20
18475.990137386405
 10
179014.8420249417
 20
18099.922479457055
 10
178370.69896863448
 20
18099.922479457055
 10
178370.69896863448
 20
18475.990137386405
  0
LWPOLYLINE
  5
36F
330
17
100
AcDbEntity
  8
F03_SEATING
100
AcDbPolyline
 90
5
 70
1
 10
178370.69896863448
 20
17888.384421871797
 10
179014.8420249417
 20
17888.384421871797
 10
179014.8420249417
 20
17512.316763942446
 10
178370.69896863448
 20
17512.316763942446
 10
178370.69896863448
 20
17888.384421871797
  0
LWPOLYLINE
  5
370
330
17
100
AcDbEntity
  8
F03_SEATING
100
AcDbPolyline
 90
5
 70
1
 10
178370.69896863448
 20
17300.77870635718
 10
179014.8420249417
 20
17300.77870635718
 10
179014.8420249417
 20
16924.71104842783
 10
178370.69896863448
 20
16924.71104842783
 10
178370.69896863448
 20
17300.77870635718
  0
LWPOLYLINE
  5
371
330
17
100
AcDbEntity
  8
F03_SEATING
100
AcDbPolyline
 90
5
 70
1
 10
178370.69896863448
 20
16713.172990842573
 10
179014.8420249417
 20
16713.172990842573
 10
179014.8420249417
 20
16337.10533291322
 10
178370.69896863448
 20
16337.10533291322
 10
178370.69896863448
 20
16713.172990842573
  0
LWPOLYLINE
  5
372
330
17
100
AcDbEntity
  8
F03_SEATING
100
AcDbPolyline
 90
5
 70
1
 10
179346.6732963727
 20
22589.230145988684
 10
179990.81635267995
 20
22589.230145988684
 10
179990.81635267995
 20
22213.162488059334
 10
179346.6732963727
 20
22213.162488059334
 10
179346.6732963727
 20
22589.230145988684
  0
LWPOLYLINE
  5
373
330
17
100
AcDbEntity
  8
F03_SEATING
100
AcDbPolyline
 90
5
 70
1
 10
179346.6732963727
 20
22001.624430474076
 10
179990.81635267995
 20
22001.624430474076
 10
179990.81635267995
 20
21625.55677254472
 10
179346.6732963727
 20
21625.55677254472
 10
179346.6732963727
 20
22001.624430474076
  0
LWPOLYLINE
  5
374
330
17
100
AcDbEntity
  8
F03_SEATING
100
AcDbPolyline
 90
5
 70
1
 10
179346.6732963727
 20
21414.01871495946
 10
179990.81635267995
 20
21414.01871495946
 10
179990.81635267995
 20
21037.951057030114
 10
179346.6732963727
 20
21037.951057030114
 10
179346.6732963727
 20
21414.01871495946
  0
LWPOLYLINE
  5
375
330
17
100
AcDbEntity
  8
F03_SEATING
100
AcDbPolyline
 90
5
 70
1
 10
179346.6732963727
 20
20826.412999444852
 10
179990.81635267995
 20
20826.412999444852
 10
179990.81635267995
 20
20450.3453415155
 10
179346.6732963727
 20
20450.3453415155
 10
179346.6732963727
 20
20826.412999444852
  0
LWPOLYLINE
  5
376
330
17
100
AcDbEntity
  8
F03_SEATING
100
AcDbPolyline
 90
5
 70
1
 10
179346.6732963727
 20
20238.80728393024
 10
179990.81635267995
 20
20238.80728393024
 10
179990.81635267995
 20
19862.73962600089
 10
179346.6732963727
 20
19862.73962600089
 10
179346.6732963727
 20
20238.80728393024
  0
LWPOLYLINE
  5
377
330
17
100
AcDbEntity
  8
F03_SEATING
100
AcDbPolyline
 90
5
 70
1
 10
179346.6732963727
 20
19651.201568415632
 10
179990.81635267995
 20
19651.201568415632
 10
179990.81635267995
 20
19275.13391048628
 10
179346.6732963727
 20
19275.13391048628
 10
179346.6732963727
 20
19651.201568415632
  0
LWPOLYLINE
  5
378
330
17
100
AcDbEntity
  8
F03_SEATING
100
AcDbPolyline
 90
5
 70
1
 10
179346.6732963727
 20
19063.595852901017
 10
179990.81635267995
 20
19063.595852901017
 10
179990.81635267995
 20
18687.528194971666
 10
179346.6732963727
 20
18687.528194971666
 10
179346.6732963727
 20
19063.595852901017
  0
LWPOLYLINE
  5
379
330
17
100
AcDbEntity
  8
F03_SEATING
100
AcDbPolyline
 90
5
 70
1
 10
179346.6732963727
 20
18475.990137386405
 10
179990.81635267995
 20
18475.990137386405
 10
179990.81635267995
 20
18099.922479457055
 10
179346.6732963727
 20
18099.922479457055
 10
179346.6732963727
 20
18475.990137386405
  0
LWPOLYLINE
  5
37A
330
17
100
AcDbEntity
  8
F03_SEATING
100
AcDbPolyline
 90
5
 70
1
 10
179346.6732963727
 20
17888.384421871797
 10
179990.81635267995
 20
17888.384421871797
 10
179990.81635267995
 20
17512.316763942446
 10
179346.6732963727
 20
17512.316763942446
 10
179346.6732963727
 20
17888.384421871797
  0
LWPOLYLINE
  5
37B
330
17
100
AcDbEntity
  8
F03_SEATING
100
AcDbPolyline
 90
5
 70
1
 10
179346.6732963727
 20
17300.77870635718
 10
179990.81635267995
 20
17300.77870635718
 10
179990.81635267995
 20
16924.71104842783
 10
179346.6732963727
 20
16924.71104842783
 10
179346.6732963727
 20
17300.77870635718
  0
LWPOLYLINE
  5
37C
330
17
100
AcDbEntity
  8
F03_SEATING
100
AcDbPolyline
 90
5
 70
1
 10
179346.6732963727
 20
16713.172990842573
 10
179990.81635267995
 20
16713.172990842573
 10
179990.81635267995
 20
16337.10533291322
 10
179346.6732963727
 20
16337.10533291322
 10
179346.6732963727
 20
16713.172990842573
  0
LWPOLYLINE
  5
37D
330
17
100
AcDbEntity
  8
F03_SEATING
100
AcDbPolyline
 90
5
 70
1
 10
180322.64762411098
 20
22589.230145988684
 10
180966.7906804182
 20
22589.230145988684
 10
180966.7906804182
 20
22213.162488059334
 10
180322.64762411098
 20
22213.162488059334
 10
180322.64762411098
 20
22589.230145988684
  0
LWPOLYLINE
  5
37E
330
17
100
AcDbEntity
  8
F03_SEATING
100
AcDbPolyline
 90
5
 70
1
 10
180322.64762411098
 20
22001.624430474076
 10
180966.7906804182
 20
22001.624430474076
 10
180966.7906804182
 20
21625.55677254472
 10
180322.64762411098
 20
21625.55677254472
 10
180322.64762411098
 20
22001.624430474076
  0
LWPOLYLINE
  5
37F
330
17
100
AcDbEntity
  8
F03_SEATING
100
AcDbPolyline
 90
5
 70
1
 10
180322.64762411098
 20
21414.01871495946
 10
180966.7906804182
 20
21414.01871495946
 10
180966.7906804182
 20
21037.951057030114
 10
180322.64762411098
 20
21037.951057030114
 10
180322.64762411098
 20
21414.01871495946
  0
LWPOLYLINE
  5
380
330
17
100
AcDbEntity
  8
F03_SEATING
100
AcDbPolyline
 90
5
 70
1
 10
180322.64762411098
 20
20826.412999444852
 10
180966.7906804182
 20
20826.412999444852
 10
180966.7906804182
 20
20450.3453415155
 10
180322.64762411098
 20
20450.3453415155
 10
180322.64762411098
 20
20826.412999444852
  0
LWPOLYLINE
  5
381
330
17
100
AcDbEntity
  8
F03_SEATING
100
AcDbPolyline
 90
5
 70
1
 10
180322.64762411098
 20
20238.80728393024
 10
180966.7906804182
 20
20238.80728393024
 10
180966.7906804182
 20
19862.73962600089
 10
180322.64762411098
 20
19862.73962600089
 10
180322.64762411098
 20
20238.80728393024
  0
LWPOLYLINE
  5
382
330
17
100
AcDbEntity
  8
F03_SEATING
100
AcDbPolyline
 90
5
 70
1
 10
180322.64762411098
 20
19651.201568415632
 10
180966.7906804182
 20
19651.201568415632
 10
180966.7906804182
 20
19275.13391048628
 10
180322.64762411098
 20
19275.13391048628
 10
180322.64762411098
 20
19651.201568415632
  0
LWPOLYLINE
  5
383
330
17
100
AcDbEntity
  8
F03_SEATING
100
AcDbPolyline
 90
5
 70
1
 10
180322.64762411098
 20
19063.595852901017
 10
180966.7906804182
 20
19063.595852901017
 10
180966.7906804182
 20
18687.528194971666
 10
180322.64762411098
 20
18687.528194971666
 10
180322.64762411098
 20
19063.595852901017
  0
LWPOLYLINE
  5
384
330
17
100
AcDbEntity
  8
F03_SEATING
100
AcDbPolyline
 90
5
 70
1
 10
180322.64762411098
 20
18475.990137386405
 10
180966.7906804182
 20
18475.990137386405
 10
180966.7906804182
 20
18099.922479457055
 10
180322.64762411098
 20
18099.922479457055
 10
180322.64762411098
 20
18475.990137386405
  0
LWPOLYLINE
  5
385
330
17
100
AcDbEntity
  8
F03_SEATING
100
AcDbPolyline
 90
5
 70
1
 10
180322.64762411098
 20
17888.384421871797
 10
180966.7906804182
 20
17888.384421871797
 10
180966.7906804182
 20
17512.316763942446
 10
180322.64762411098
 20
17512.316763942446
 10
180322.64762411098
 20
17888.384421871797
  0
LWPOLYLINE
  5
386
330
17
100
AcDbEntity
  8
F03_SEATING
100
AcDbPolyline
 90
5
 70
1
 10
180322.64762411098
 20
17300.77870635718
 10
180966.7906804182
 20
17300.77870635718
 10
180966.7906804182
 20
16924.71104842783
 10
180322.64762411098
 20
16924.71104842783
 10
180322.64762411098
 20
17300.77870635718
  0
LWPOLYLINE
  5
387
330
17
100
AcDbEntity
  8
F03_SEATING
100
AcDbPolyline
 90
5
 70
1
 10
180322.64762411098
 20
16713.172990842573
 10
180966.7906804182
 20
16713.172990842573
 10
180966.7906804182
 20
16337.10533291322
 10
180322.64762411098
 20
16337.10533291322
 10
180322.64762411098
 20
16713.172990842573
  0
LWPOLYLINE
  5
388
330
17
100
AcDbEntity
  8
F03_SEATING
100
AcDbPolyline
 90
5
 70
1
 10
181298.6219518492
 20
22589.230145988684
 10
181942.76500815645
 20
22589.230145988684
 10
181942.76500815645
 20
22213.162488059334
 10
181298.6219518492
 20
22213.162488059334
 10
181298.6219518492
 20
22589.230145988684
  0
LWPOLYLINE
  5
389
330
17
100
AcDbEntity
  8
F03_SEATING
100
AcDbPolyline
 90
5
 70
1
 10
181298.6219518492
 20
22001.624430474076
 10
181942.76500815645
 20
22001.624430474076
 10
181942.76500815645
 20
21625.55677254472
 10
181298.6219518492
 20
21625.55677254472
 10
181298.6219518492
 20
22001.624430474076
  0
LWPOLYLINE
  5
38A
330
17
100
AcDbEntity
  8
F03_SEATING
100
AcDbPolyline
 90
5
 70
1
 10
181298.6219518492
 20
21414.01871495946
 10
181942.76500815645
 20
21414.01871495946
 10
181942.76500815645
 20
21037.951057030114
 10
181298.6219518492
 20
21037.951057030114
 10
181298.6219518492
 20
21414.01871495946
  0
LWPOLYLINE
  5
38B
330
17
100
AcDbEntity
  8
F03_SEATING
100
AcDbPolyline
 90
5
 70
1
 10
181298.6219518492
 20
20826.412999444852
 10
181942.76500815645
 20
20826.412999444852
 10
181942.76500815645
 20
20450.3453415155
 10
181298.6219518492
 20
20450.3453415155
 10
181298.6219518492
 20
20826.412999444852
  0
LWPOLYLINE
  5
38C
330
17
100
AcDbEntity
  8
F03_SEATING
100
AcDbPolyline
 90
5
 70
1
 10
181298.6219518492
 20
20238.80728393024
 10
181942.76500815645
 20
20238.80728393024
 10
181942.76500815645
 20
19862.73962600089
 10
181298.6219518492
 20
19862.73962600089
 10
181298.6219518492
 20
20238.80728393024
  0
LWPOLYLINE
  5
38D
330
17
100
AcDbEntity
  8
F03_SEATING
100
AcDbPolyline
 90
5
 70
1
 10
181298.6219518492
 20
19651.201568415632
 10
181942.76500815645
 20
19651.201568415632
 10
181942.76500815645
 20
19275.13391048628
 10
181298.6219518492
 20
19275.13391048628
 10
181298.6219518492
 20
19651.201568415632
  0
LWPOLYLINE
  5
38E
330
17
100
AcDbEntity
  8
F03_SEATING
100
AcDbPolyline
 90
5
 70
1
 10
181298.6219518492
 20
19063.595852901017
 10
181942.76500815645
 20
19063.595852901017
 10
181942.76500815645
 20
18687.528194971666
 10
181298.6219518492
 20
18687.528194971666
 10
181298.6219518492
 20
19063.595852901017
  0
LWPOLYLINE
  5
38F
330
17
100
AcDbEntity
  8
F03_SEATING
100
AcDbPolyline
 90
5
 70
1
 10
181298.6219518492
 20
18475.990137386405
 10
181942.76500815645
 20
18475.990137386405
 10
181942.76500815645
 20
18099.922479457055
 10
181298.6219518492
 20
18099.922479457055
 10
181298.6219518492
 20
18475.990137386405
  0
LWPOLYLINE
  5
390
330
17
100
AcDbEntity
  8
F03_SEATING
100
AcDbPolyline
 90
5
 70
1
 10
181298.6219518492
 20
17888.384421871797
 10
181942.76500815645
 20
17888.384421871797
 10
181942.76500815645
 20
17512.316763942446
 10
181298.6219518492
 20
17512.316763942446
 10
181298.6219518492
 20
17888.384421871797
  0
LWPOLYLINE
  5
391
330
17
100
AcDbEntity
  8
F03_SEATING
100
AcDbPolyline
 90
5
 70
1
 10
181298.6219518492
 20
17300.77870635718
 10
181942.76500815645
 20
17300.77870635718
 10
181942.76500815645
 20
16924.71104842783
 10
181298.6219518492
 20
16924.71104842783
 10
181298.6219518492
 20
17300.77870635718
  0
LWPOLYLINE
  5
392
330
17
100
AcDbEntity
  8
F03_SEATING
100
AcDbPolyline
 90
5
 70
1
 10
181298.6219518492
 20
16713.172990842573
 10
181942.76500815645
 20
16713.172990842573
 10
181942.76500815645
 20
16337.10533291322
 10
181298.6219518492
 20
16337.10533291322
 10
181298.6219518492
 20
16713.172990842573
  0
LWPOLYLINE
  5
393
330
17
100
AcDbEntity
  8
F03_SEATING
100
AcDbPolyline
 90
5
 70
1
 10
163731.08405256082
 20
15081.846839412443
 10
164375.22710886807
 20
15081.846839412443
 10
164375.22710886807
 20
14701.533256312927
 10
163731.08405256082
 20
14701.533256312927
 10
163731.08405256082
 20
15081.846839412443
  0
LWPOLYLINE
  5
394
330
17
100
AcDbEntity
  8
F03_SEATING
100
AcDbPolyline
 90
5
 70
1
 10
163731.08405256082
 20
14487.606865819442
 10
164375.22710886807
 20
14487.606865819442
 10
164375.22710886807
 20
14107.29328271992
 10
163731.08405256082
 20
14107.29328271992
 10
163731.08405256082
 20
14487.606865819442
  0
LWPOLYLINE
  5
395
330
17
100
AcDbEntity
  8
F03_SEATING
100
AcDbPolyline
 90
5
 70
1
 10
163731.08405256082
 20
13893.366892226435
 10
164375.22710886807
 20
13893.366892226435
 10
164375.22710886807
 20
13513.053309126919
 10
163731.08405256082
 20
13513.053309126919
 10
163731.08405256082
 20
13893.366892226435
  0
LWPOLYLINE
  5
396
330
17
100
AcDbEntity
  8
F03_SEATING
100
AcDbPolyline
 90
5
 70
1
 10
163731.08405256082
 20
13299.126918633434
 10
164375.22710886807
 20
13299.126918633434
 10
164375.22710886807
 20
12918.813335533918
 10
163731.08405256082
 20
12918.813335533918
 10
163731.08405256082
 20
13299.126918633434
  0
LWPOLYLINE
  5
397
330
17
100
AcDbEntity
  8
F03_SEATING
100
AcDbPolyline
 90
5
 70
1
 10
164707.05838029907
 20
15081.846839412443
 10
165351.2014366063
 20
15081.846839412443
 10
165351.2014366063
 20
14701.533256312927
 10
164707.05838029907
 20
14701.533256312927
 10
164707.05838029907
 20
15081.846839412443
  0
LWPOLYLINE
  5
398
330
17
100
AcDbEntity
  8
F03_SEATING
100
AcDbPolyline
 90
5
 70
1
 10
164707.05838029907
 20
14487.606865819442
 10
165351.2014366063
 20
14487.606865819442
 10
165351.2014366063
 20
14107.29328271992
 10
164707.05838029907
 20
14107.29328271992
 10
164707.05838029907
 20
14487.606865819442
  0
LWPOLYLINE
  5
399
330
17
100
AcDbEntity
  8
F03_SEATING
100
AcDbPolyline
 90
5
 70
1
 10
164707.05838029907
 20
13893.366892226435
 10
165351.2014366063
 20
13893.366892226435
 10
165351.2014366063
 20
13513.053309126919
 10
164707.05838029907
 20
13513.053309126919
 10
164707.05838029907
 20
13893.366892226435
  0
LWPOLYLINE
  5
39A
330
17
100
AcDbEntity
  8
F03_SEATING
100
AcDbPolyline
 90
5
 70
1
 10
164707.05838029907
 20
13299.126918633434
 10
165351.2014366063
 20
13299.126918633434
 10
165351.2014366063
 20
12918.813335533918
 10
164707.05838029907
 20
12918.813335533918
 10
164707.05838029907
 20
13299.126918633434
  0
LWPOLYLINE
  5
39B
330
17
100
AcDbEntity
  8
F03_SEATING
100
AcDbPolyline
 90
5
 70
1
 10
165683.0327080373
 20
15081.846839412443
 10
166327.17576434455
 20
15081.846839412443
 10
166327.17576434455
 20
14701.533256312927
 10
165683.0327080373
 20
14701.533256312927
 10
165683.0327080373
 20
15081.846839412443
  0
LWPOLYLINE
  5
39C
330
17
100
AcDbEntity
  8
F03_SEATING
100
AcDbPolyline
 90
5
 70
1
 10
165683.0327080373
 20
14487.606865819442
 10
166327.17576434455
 20
14487.606865819442
 10
166327.17576434455
 20
14107.29328271992
 10
165683.0327080373
 20
14107.29328271992
 10
165683.0327080373
 20
14487.606865819442
  0
LWPOLYLINE
  5
39D
330
17
100
AcDbEntity
  8
F03_SEATING
100
AcDbPolyline
 90
5
 70
1
 10
165683.0327080373
 20
13893.366892226435
 10
166327.17576434455
 20
13893.366892226435
 10
166327.17576434455
 20
13513.053309126919
 10
165683.0327080373
 20
13513.053309126919
 10
165683.0327080373
 20
13893.366892226435
  0
LWPOLYLINE
  5
39E
330
17
100
AcDbEntity
  8
F03_SEATING
100
AcDbPolyline
 90
5
 70
1
 10
165683.0327080373
 20
13299.126918633434
 10
166327.17576434455
 20
13299.126918633434
 10
166327.17576434455
 20
12918.813335533918
 10
165683.0327080373
 20
12918.813335533918
 10
165683.0327080373
 20
13299.126918633434
  0
LWPOLYLINE
  5
39F
330
17
100
AcDbEntity
  8
F03_SEATING
100
AcDbPolyline
 90
5
 70
1
 10
166659.00703577555
 20
15081.846839412443
 10
167303.1500920828
 20
15081.846839412443
 10
167303.1500920828
 20
14701.533256312927
 10
166659.00703577555
 20
14701.533256312927
 10
166659.00703577555
 20
15081.846839412443
  0
LWPOLYLINE
  5
3A0
330
17
100
AcDbEntity
  8
F03_SEATING
100
AcDbPolyline
 90
5
 70
1
 10
166659.00703577555
 20
14487.606865819442
 10
167303.1500920828
 20
14487.606865819442
 10
167303.1500920828
 20
14107.29328271992
 10
166659.00703577555
 20
14107.29328271992
 10
166659.00703577555
 20
14487.606865819442
  0
LWPOLYLINE
  5
3A1
330
17
100
AcDbEntity
  8
F03_SEATING
100
AcDbPolyline
 90
5
 70
1
 10
166659.00703577555
 20
13893.366892226435
 10
167303.1500920828
 20
13893.366892226435
 10
167303.1500920828
 20
13513.053309126919
 10
166659.00703577555
 20
13513.053309126919
 10
166659.00703577555
 20
13893.366892226435
  0
LWPOLYLINE
  5
3A2
330
17
100
AcDbEntity
  8
F03_SEATING
100
AcDbPolyline
 90
5
 70
1
 10
166659.00703577555
 20
13299.126918633434
 10
167303.1500920828
 20
13299.126918633434
 10
167303.1500920828
 20
12918.813335533918
 10
166659.00703577555
 20
12918.813335533918
 10
166659.00703577555
 20
13299.126918633434
  0
LWPOLYLINE
  5
3A3
330
17
100
AcDbEntity
  8
F03_SEATING
100
AcDbPolyline
 90
5
 70
1
 10
167634.9813635138
 20
15081.846839412443
 10
168279.12441982102
 20
15081.846839412443
 10
168279.12441982102
 20
14701.533256312927
 10
167634.9813635138
 20
14701.533256312927
 10
167634.9813635138
 20
15081.846839412443
  0
LWPOLYLINE
  5
3A4
330
17
100
AcDbEntity
  8
F03_SEATING
100
AcDbPolyline
 90
5
 70
1
 10
167634.9813635138
 20
14487.606865819442
 10
168279.12441982102
 20
14487.606865819442
 10
168279.12441982102
 20
14107.29328271992
 10
167634.9813635138
 20
14107.29328271992
 10
167634.9813635138
 20
14487.606865819442
  0
LWPOLYLINE
  5
3A5
330
17
100
AcDbEntity
  8
F03_SEATING
100
AcDbPolyline
 90
5
 70
1
 10
167634.9813635138
 20
13893.366892226435
 10
168279.12441982102
 20
13893.366892226435
 10
168279.12441982102
 20
13513.053309126919
 10
167634.9813635138
 20
13513.053309126919
 10
167634.9813635138
 20
13893.366892226435
  0
LWPOLYLINE
  5
3A6
330
17
100
AcDbEntity
  8
F03_SEATING
100
AcDbPolyline
 90
5
 70
1
 10
167634.9813635138
 20
13299.126918633434
 10
168279.12441982102
 20
13299.126918633434
 10
168279.12441982102
 20
12918.813335533918
 10
167634.9813635138
 20
12918.813335533918
 10
167634.9813635138
 20
13299.126918633434
  0
LWPOLYLINE
  5
3A7
330
17
100
AcDbEntity
  8
F03_SEATING
100
AcDbPolyline
 90
5
 70
1
 10
168610.95569125202
 20
15081.846839412443
 10
169255.09874755927
 20
15081.846839412443
 10
169255.09874755927
 20
14701.533256312927
 10
168610.95569125202
 20
14701.533256312927
 10
168610.95569125202
 20
15081.846839412443
  0
LWPOLYLINE
  5
3A8
330
17
100
AcDbEntity
  8
F03_SEATING
100
AcDbPolyline
 90
5
 70
1
 10
168610.95569125202
 20
14487.606865819442
 10
169255.09874755927
 20
14487.606865819442
 10
169255.09874755927
 20
14107.29328271992
 10
168610.95569125202
 20
14107.29328271992
 10
168610.95569125202
 20
14487.606865819442
  0
LWPOLYLINE
  5
3A9
330
17
100
AcDbEntity
  8
F03_SEATING
100
AcDbPolyline
 90
5
 70
1
 10
168610.95569125202
 20
13893.366892226435
 10
169255.09874755927
 20
13893.366892226435
 10
169255.09874755927
 20
13513.053309126919
 10
168610.95569125202
 20
13513.053309126919
 10
168610.95569125202
 20
13893.366892226435
  0
LWPOLYLINE
  5
3AA
330
17
100
AcDbEntity
  8
F03_SEATING
100
AcDbPolyline
 90
5
 70
1
 10
168610.95569125202
 20
13299.126918633434
 10
169255.09874755927
 20
13299.126918633434
 10
169255.09874755927
 20
12918.813335533918
 10
168610.95569125202
 20
12918.813335533918
 10
168610.95569125202
 20
13299.126918633434
  0
LWPOLYLINE
  5
3AB
330
17
100
AcDbEntity
  8
F03_SEATING
100
AcDbPolyline
 90
5
 70
1
 10
169586.93001899027
 20
15081.846839412443
 10
170231.07307529752
 20
15081.846839412443
 10
170231.07307529752
 20
14701.533256312927
 10
169586.93001899027
 20
14701.533256312927
 10
169586.93001899027
 20
15081.846839412443
  0
LWPOLYLINE
  5
3AC
330
17
100
AcDbEntity
  8
F03_SEATING
100
AcDbPolyline
 90
5
 70
1
 10
169586.93001899027
 20
14487.606865819442
 10
170231.07307529752
 20
14487.606865819442
 10
170231.07307529752
 20
14107.29328271992
 10
169586.93001899027
 20
14107.29328271992
 10
169586.93001899027
 20
14487.606865819442
  0
LWPOLYLINE
  5
3AD
330
17
100
AcDbEntity
  8
F03_SEATING
100
AcDbPolyline
 90
5
 70
1
 10
169586.93001899027
 20
13893.366892226435
 10
170231.07307529752
 20
13893.366892226435
 10
170231.07307529752
 20
13513.053309126919
 10
169586.93001899027
 20
13513.053309126919
 10
169586.93001899027
 20
13893.366892226435
  0
LWPOLYLINE
  5
3AE
330
17
100
AcDbEntity
  8
F03_SEATING
100
AcDbPolyline
 90
5
 70
1
 10
169586.93001899027
 20
13299.126918633434
 10
170231.07307529752
 20
13299.126918633434
 10
170231.07307529752
 20
12918.813335533918
 10
169586.93001899027
 20
12918.813335533918
 10
169586.93001899027
 20
13299.126918633434
  0
LWPOLYLINE
  5
3AF
330
17
100
AcDbEntity
  8
F03_SEATING
100
AcDbPolyline
 90
5
 70
1
 10
170562.90434672852
 20
15081.846839412443
 10
171207.04740303577
 20
15081.846839412443
 10
171207.04740303577
 20
14701.533256312927
 10
170562.90434672852
 20
14701.533256312927
 10
170562.90434672852
 20
15081.846839412443
  0
LWPOLYLINE
  5
3B0
330
17
100
AcDbEntity
  8
F03_SEATING
100
AcDbPolyline
 90
5
 70
1
 10
170562.90434672852
 20
14487.606865819442
 10
171207.04740303577
 20
14487.606865819442
 10
171207.04740303577
 20
14107.29328271992
 10
170562.90434672852
 20
14107.29328271992
 10
170562.90434672852
 20
14487.606865819442
  0
LWPOLYLINE
  5
3B1
330
17
100
AcDbEntity
  8
F03_SEATING
100
AcDbPolyline
 90
5
 70
1
 10
170562.90434672852
 20
13893.366892226435
 10
171207.04740303577
 20
13893.366892226435
 10
171207.04740303577
 20
13513.053309126919
 10
170562.90434672852
 20
13513.053309126919
 10
170562.90434672852
 20
13893.366892226435
  0
LWPOLYLINE
  5
3B2
330
17
100
AcDbEntity
  8
F03_SEATING
100
AcDbPolyline
 90
5
 70
1
 10
170562.90434672852
 20
13299.126918633434
 10
171207.04740303577
 20
13299.126918633434
 10
171207.04740303577
 20
12918.813335533918
 10
170562.90434672852
 20
12918.813335533918
 10
170562.90434672852
 20
13299.126918633434
  0
LWPOLYLINE
  5
3B3
330
17
100
AcDbEntity
  8
F03_SEATING
100
AcDbPolyline
 90
5
 70
1
 10
171538.87867446677
 20
15081.846839412443
 10
172183.02173077402
 20
15081.846839412443
 10
172183.02173077402
 20
14701.533256312927
 10
171538.87867446677
 20
14701.533256312927
 10
171538.87867446677
 20
15081.846839412443
  0
LWPOLYLINE
  5
3B4
330
17
100
AcDbEntity
  8
F03_SEATING
100
AcDbPolyline
 90
5
 70
1
 10
171538.87867446677
 20
14487.606865819442
 10
172183.02173077402
 20
14487.606865819442
 10
172183.02173077402
 20
14107.29328271992
 10
171538.87867446677
 20
14107.29328271992
 10
171538.87867446677
 20
14487.606865819442
  0
LWPOLYLINE
  5
3B5
330
17
100
AcDbEntity
  8
F03_SEATING
100
AcDbPolyline
 90
5
 70
1
 10
171538.87867446677
 20
13893.366892226435
 10
172183.02173077402
 20
13893.366892226435
 10
172183.02173077402
 20
13513.053309126919
 10
171538.87867446677
 20
13513.053309126919
 10
171538.87867446677
 20
13893.366892226435
  0
LWPOLYLINE
  5
3B6
330
17
100
AcDbEntity
  8
F03_SEATING
100
AcDbPolyline
 90
5
 70
1
 10
171538.87867446677
 20
13299.126918633434
 10
172183.02173077402
 20
13299.126918633434
 10
172183.02173077402
 20
12918.813335533918
 10
171538.87867446677
 20
12918.813335533918
 10
171538.87867446677
 20
13299.126918633434
  0
LWPOLYLINE
  5
3B7
330
17
100
AcDbEntity
  8
F03_SEATING
100
AcDbPolyline
 90
5
 70
1
 10
172514.85300220503
 20
15081.846839412443
 10
173158.99605851225
 20
15081.846839412443
 10
173158.99605851225
 20
14701.533256312927
 10
172514.85300220503
 20
14701.533256312927
 10
172514.85300220503
 20
15081.846839412443
  0
LWPOLYLINE
  5
3B8
330
17
100
AcDbEntity
  8
F03_SEATING
100
AcDbPolyline
 90
5
 70
1
 10
172514.85300220503
 20
14487.606865819442
 10
173158.99605851225
 20
14487.606865819442
 10
173158.99605851225
 20
14107.29328271992
 10
172514.85300220503
 20
14107.29328271992
 10
172514.85300220503
 20
14487.606865819442
  0
LWPOLYLINE
  5
3B9
330
17
100
AcDbEntity
  8
F03_SEATING
100
AcDbPolyline
 90
5
 70
1
 10
172514.85300220503
 20
13893.366892226435
 10
173158.99605851225
 20
13893.366892226435
 10
173158.99605851225
 20
13513.053309126919
 10
172514.85300220503
 20
13513.053309126919
 10
172514.85300220503
 20
13893.366892226435
  0
LWPOLYLINE
  5
3BA
330
17
100
AcDbEntity
  8
F03_SEATING
100
AcDbPolyline
 90
5
 70
1
 10
172514.85300220503
 20
13299.126918633434
 10
173158.99605851225
 20
13299.126918633434
 10
173158.99605851225
 20
12918.813335533918
 10
172514.85300220503
 20
12918.813335533918
 10
172514.85300220503
 20
13299.126918633434
  0
LWPOLYLINE
  5
3BB
330
17
100
AcDbEntity
  8
F03_SEATING
100
AcDbPolyline
 90
5
 70
1
 10
173490.82732994325
 20
15081.846839412443
 10
174134.9703862505
 20
15081.846839412443
 10
174134.9703862505
 20
14701.533256312927
 10
173490.82732994325
 20
14701.533256312927
 10
173490.82732994325
 20
15081.846839412443
  0
LWPOLYLINE
  5
3BC
330
17
100
AcDbEntity
  8
F03_SEATING
100
AcDbPolyline
 90
5
 70
1
 10
173490.82732994325
 20
14487.606865819442
 10
174134.9703862505
 20
14487.606865819442
 10
174134.9703862505
 20
14107.29328271992
 10
173490.82732994325
 20
14107.29328271992
 10
173490.82732994325
 20
14487.606865819442
  0
LWPOLYLINE
  5
3BD
330
17
100
AcDbEntity
  8
F03_SEATING
100
AcDbPolyline
 90
5
 70
1
 10
173490.82732994325
 20
13893.366892226435
 10
174134.9703862505
 20
13893.366892226435
 10
174134.9703862505
 20
13513.053309126919
 10
173490.82732994325
 20
13513.053309126919
 10
173490.82732994325
 20
13893.366892226435
  0
LWPOLYLINE
  5
3BE
330
17
100
AcDbEntity
  8
F03_SEATING
100
AcDbPolyline
 90
5
 70
1
 10
173490.82732994325
 20
13299.126918633434
 10
174134.9703862505
 20
13299.126918633434
 10
174134.9703862505
 20
12918.813335533918
 10
173490.82732994325
 20
12918.813335533918
 10
173490.82732994325
 20
13299.126918633434
  0
LWPOLYLINE
  5
3BF
330
17
100
AcDbEntity
  8
F03_SEATING
100
AcDbPolyline
 90
5
 70
1
 10
174466.8016576815
 20
15081.846839412443
 10
175110.94471398875
 20
15081.846839412443
 10
175110.94471398875
 20
14701.533256312927
 10
174466.8016576815
 20
14701.533256312927
 10
174466.8016576815
 20
15081.846839412443
  0
LWPOLYLINE
  5
3C0
330
17
100
AcDbEntity
  8
F03_SEATING
100
AcDbPolyline
 90
5
 70
1
 10
174466.8016576815
 20
14487.606865819442
 10
175110.94471398875
 20
14487.606865819442
 10
175110.94471398875
 20
14107.29328271992
 10
174466.8016576815
 20
14107.29328271992
 10
174466.8016576815
 20
14487.606865819442
  0
LWPOLYLINE
  5
3C1
330
17
100
AcDbEntity
  8
F03_SEATING
100
AcDbPolyline
 90
5
 70
1
 10
174466.8016576815
 20
13893.366892226435
 10
175110.94471398875
 20
13893.366892226435
 10
175110.94471398875
 20
13513.053309126919
 10
174466.8016576815
 20
13513.053309126919
 10
174466.8016576815
 20
13893.366892226435
  0
LWPOLYLINE
  5
3C2
330
17
100
AcDbEntity
  8
F03_SEATING
100
AcDbPolyline
 90
5
 70
1
 10
174466.8016576815
 20
13299.126918633434
 10
175110.94471398875
 20
13299.126918633434
 10
175110.94471398875
 20
12918.813335533918
 10
174466.8016576815
 20
12918.813335533918
 10
174466.8016576815
 20
13299.126918633434
  0
LWPOLYLINE
  5
3C3
330
17
100
AcDbEntity
  8
F03_SEATING
100
AcDbPolyline
 90
5
 70
1
 10
175442.77598541975
 20
15081.846839412443
 10
176086.91904172697
 20
15081.846839412443
 10
176086.91904172697
 20
14701.533256312927
 10
175442.77598541975
 20
14701.533256312927
 10
175442.77598541975
 20
15081.846839412443
  0
LWPOLYLINE
  5
3C4
330
17
100
AcDbEntity
  8
F03_SEATING
100
AcDbPolyline
 90
5
 70
1
 10
175442.77598541975
 20
14487.606865819442
 10
176086.91904172697
 20
14487.606865819442
 10
176086.91904172697
 20
14107.29328271992
 10
175442.77598541975
 20
14107.29328271992
 10
175442.77598541975
 20
14487.606865819442
  0
LWPOLYLINE
  5
3C5
330
17
100
AcDbEntity
  8
F03_SEATING
100
AcDbPolyline
 90
5
 70
1
 10
175442.77598541975
 20
13893.366892226435
 10
176086.91904172697
 20
13893.366892226435
 10
176086.91904172697
 20
13513.053309126919
 10
175442.77598541975
 20
13513.053309126919
 10
175442.77598541975
 20
13893.366892226435
  0
LWPOLYLINE
  5
3C6
330
17
100
AcDbEntity
  8
F03_SEATING
100
AcDbPolyline
 90
5
 70
1
 10
175442.77598541975
 20
13299.126918633434
 10
176086.91904172697
 20
13299.126918633434
 10
176086.91904172697
 20
12918.813335533918
 10
175442.77598541975
 20
12918.813335533918
 10
175442.77598541975
 20
13299.126918633434
  0
LWPOLYLINE
  5
3C7
330
17
100
AcDbEntity
  8
F03_SEATING
100
AcDbPolyline
 90
5
 70
1
 10
176418.75031315797
 20
15081.846839412443
 10
177062.89336946522
 20
15081.846839412443
 10
177062.89336946522
 20
14701.533256312927
 10
176418.75031315797
 20
14701.533256312927
 10
176418.75031315797
 20
15081.846839412443
  0
LWPOLYLINE
  5
3C8
330
17
100
AcDbEntity
  8
F03_SEATING
100
AcDbPolyline
 90
5
 70
1
 10
176418.75031315797
 20
14487.606865819442
 10
177062.89336946522
 20
14487.606865819442
 10
177062.89336946522
 20
14107.29328271992
 10
176418.75031315797
 20
14107.29328271992
 10
176418.75031315797
 20
14487.606865819442
  0
LWPOLYLINE
  5
3C9
330
17
100
AcDbEntity
  8
F03_SEATING
100
AcDbPolyline
 90
5
 70
1
 10
176418.75031315797
 20
13893.366892226435
 10
177062.89336946522
 20
13893.366892226435
 10
177062.89336946522
 20
13513.053309126919
 10
176418.75031315797
 20
13513.053309126919
 10
176418.75031315797
 20
13893.366892226435
  0
LWPOLYLINE
  5
3CA
330
17
100
AcDbEntity
  8
F03_SEATING
100
AcDbPolyline
 90
5
 70
1
 10
176418.75031315797
 20
13299.126918633434
 10
177062.89336946522
 20
13299.126918633434
 10
177062.89336946522
 20
12918.813335533918
 10
176418.75031315797
 20
12918.813335533918
 10
176418.75031315797
 20
13299.126918633434
  0
LWPOLYLINE
  5
3CB
330
17
100
AcDbEntity
  8
F03_SEATING
100
AcDbPolyline
 90
5
 70
1
 10
177394.72464089622
 20
15081.846839412443
 10
178038.86769720347
 20
15081.846839412443
 10
178038.86769720347
 20
14701.533256312927
 10
177394.72464089622
 20
14701.533256312927
 10
177394.72464089622
 20
15081.846839412443
  0
LWPOLYLINE
  5
3CC
330
17
100
AcDbEntity
  8
F03_SEATING
100
AcDbPolyline
 90
5
 70
1
 10
177394.72464089622
 20
14487.606865819442
 10
178038.86769720347
 20
14487.606865819442
 10
178038.86769720347
 20
14107.29328271992
 10
177394.72464089622
 20
14107.29328271992
 10
177394.72464089622
 20
14487.606865819442
  0
LWPOLYLINE
  5
3CD
330
17
100
AcDbEntity
  8
F03_SEATING
100
AcDbPolyline
 90
5
 70
1
 10
177394.72464089622
 20
13893.366892226435
 10
178038.86769720347
 20
13893.366892226435
 10
178038.86769720347
 20
13513.053309126919
 10
177394.72464089622
 20
13513.053309126919
 10
177394.72464089622
 20
13893.366892226435
  0
LWPOLYLINE
  5
3CE
330
17
100
AcDbEntity
  8
F03_SEATING
100
AcDbPolyline
 90
5
 70
1
 10
177394.72464089622
 20
13299.126918633434
 10
178038.86769720347
 20
13299.126918633434
 10
178038.86769720347
 20
12918.813335533918
 10
177394.72464089622
 20
12918.813335533918
 10
177394.72464089622
 20
13299.126918633434
  0
LWPOLYLINE
  5
3CF
330
17
100
AcDbEntity
  8
F03_SEATING
100
AcDbPolyline
 90
5
 70
1
 10
178370.69896863448
 20
15081.846839412443
 10
179014.8420249417
 20
15081.846839412443
 10
179014.8420249417
 20
14701.533256312927
 10
178370.69896863448
 20
14701.533256312927
 10
178370.69896863448
 20
15081.846839412443
  0
LWPOLYLINE
  5
3D0
330
17
100
AcDbEntity
  8
F03_SEATING
100
AcDbPolyline
 90
5
 70
1
 10
178370.69896863448
 20
14487.606865819442
 10
179014.8420249417
 20
14487.606865819442
 10
179014.8420249417
 20
14107.29328271992
 10
178370.69896863448
 20
14107.29328271992
 10
178370.69896863448
 20
14487.606865819442
  0
LWPOLYLINE
  5
3D1
330
17
100
AcDbEntity
  8
F03_SEATING
100
AcDbPolyline
 90
5
 70
1
 10
178370.69896863448
 20
13893.366892226435
 10
179014.8420249417
 20
13893.366892226435
 10
179014.8420249417
 20
13513.053309126919
 10
178370.69896863448
 20
13513.053309126919
 10
178370.69896863448
 20
13893.366892226435
  0
LWPOLYLINE
  5
3D2
330
17
100
AcDbEntity
  8
F03_SEATING
100
AcDbPolyline
 90
5
 70
1
 10
178370.69896863448
 20
13299.126918633434
 10
179014.8420249417
 20
13299.126918633434
 10
179014.8420249417
 20
12918.813335533918
 10
178370.69896863448
 20
12918.813335533918
 10
178370.69896863448
 20
13299.126918633434
  0
LWPOLYLINE
  5
3D3
330
17
100
AcDbEntity
  8
F03_SEATING
100
AcDbPolyline
 90
5
 70
1
 10
179346.6732963727
 20
15081.846839412443
 10
179990.81635267995
 20
15081.846839412443
 10
179990.81635267995
 20
14701.533256312927
 10
179346.6732963727
 20
14701.533256312927
 10
179346.6732963727
 20
15081.846839412443
  0
LWPOLYLINE
  5
3D4
330
17
100
AcDbEntity
  8
F03_SEATING
100
AcDbPolyline
 90
5
 70
1
 10
179346.6732963727
 20
14487.606865819442
 10
179990.81635267995
 20
14487.606865819442
 10
179990.81635267995
 20
14107.29328271992
 10
179346.6732963727
 20
14107.29328271992
 10
179346.6732963727
 20
14487.606865819442
  0
LWPOLYLINE
  5
3D5
330
17
100
AcDbEntity
  8
F03_SEATING
100
AcDbPolyline
 90
5
 70
1
 10
179346.6732963727
 20
13893.366892226435
 10
179990.81635267995
 20
13893.366892226435
 10
179990.81635267995
 20
13513.053309126919
 10
179346.6732963727
 20
13513.053309126919
 10
179346.6732963727
 20
13893.366892226435
  0
LWPOLYLINE
  5
3D6
330
17
100
AcDbEntity
  8
F03_SEATING
100
AcDbPolyline
 90
5
 70
1
 10
179346.6732963727
 20
13299.126918633434
 10
179990.81635267995
 20
13299.126918633434
 10
179990.81635267995
 20
12918.813335533918
 10
179346.6732963727
 20
12918.813335533918
 10
179346.6732963727
 20
13299.126918633434
  0
LWPOLYLINE
  5
3D7
330
17
100
AcDbEntity
  8
F03_SEATING
100
AcDbPolyline
 90
5
 70
1
 10
180322.64762411098
 20
15081.846839412443
 10
180966.7906804182
 20
15081.846839412443
 10
180966.7906804182
 20
14701.533256312927
 10
180322.64762411098
 20
14701.533256312927
 10
180322.64762411098
 20
15081.846839412443
  0
LWPOLYLINE
  5
3D8
330
17
100
AcDbEntity
  8
F03_SEATING
100
AcDbPolyline
 90
5
 70
1
 10
180322.64762411098
 20
14487.606865819442
 10
180966.7906804182
 20
14487.606865819442
 10
180966.7906804182
 20
14107.29328271992
 10
180322.64762411098
 20
14107.29328271992
 10
180322.64762411098
 20
14487.606865819442
  0
LWPOLYLINE
  5
3D9
330
17
100
AcDbEntity
  8
F03_SEATING
100
AcDbPolyline
 90
5
 70
1
 10
180322.64762411098
 20
13893.366892226435
 10
180966.7906804182
 20
13893.366892226435
 10
180966.7906804182
 20
13513.053309126919
 10
180322.64762411098
 20
13513.053309126919
 10
180322.64762411098
 20
13893.366892226435
  0
LWPOLYLINE
  5
3DA
330
17
100
AcDbEntity
  8
F03_SEATING
100
AcDbPolyline
 90
5
 70
1
 10
180322.64762411098
 20
13299.126918633434
 10
180966.7906804182
 20
13299.126918633434
 10
180966.7906804182
 20
12918.813335533918
 10
180322.64762411098
 20
12918.813335533918
 10
180322.64762411098
 20
13299.126918633434
  0
LWPOLYLINE
  5
3DB
330
17
100
AcDbEntity
  8
F03_SEATING
100
AcDbPolyline
 90
5
 70
1
 10
181298.6219518492
 20
15081.846839412443
 10
181942.76500815645
 20
15081.846839412443
 10
181942.76500815645
 20
14701.533256312927
 10
181298.6219518492
 20
14701.533256312927
 10
181298.6219518492
 20
15081.846839412443
  0
LWPOLYLINE
  5
3DC
330
17
100
AcDbEntity
  8
F03_SEATING
100
AcDbPolyline
 90
5
 70
1
 10
181298.6219518492
 20
14487.606865819442
 10
181942.76500815645
 20
14487.606865819442
 10
181942.76500815645
 20
14107.29328271992
 10
181298.6219518492
 20
14107.29328271992
 10
181298.6219518492
 20
14487.606865819442
  0
LWPOLYLINE
  5
3DD
330
17
100
AcDbEntity
  8
F03_SEATING
100
AcDbPolyline
 90
5
 70
1
 10
181298.6219518492
 20
13893.366892226435
 10
181942.76500815645
 20
13893.366892226435
 10
181942.76500815645
 20
13513.053309126919
 10
181298.6219518492
 20
13513.053309126919
 10
181298.6219518492
 20
13893.366892226435
  0
LWPOLYLINE
  5
3DE
330
17
100
AcDbEntity
  8
F03_SEATING
100
AcDbPolyline
 90
5
 70
1
 10
181298.6219518492
 20
13299.126918633434
 10
181942.76500815645
 20
13299.126918633434
 10
181942.76500815645
 20
12918.813335533918
 10
181298.6219518492
 20
12918.813335533918
 10
181298.6219518492
 20
13299.126918633434
  0
LWPOLYLINE
  5
3DF
330
17
100
AcDbEntity
  8
F03_SEATING
100
AcDbPolyline
 90
5
 70
1
 10
163731.08405256082
 20
10295.608736315122
 10
164375.22710886807
 20
10295.608736315122
 10
164375.22710886807
 20
9948.655993838369
 10
163731.08405256082
 20
9948.655993838369
 10
163731.08405256082
 20
10295.608736315122
  0
LWPOLYLINE
  5
3E0
330
17
100
AcDbEntity
  8
F03_SEATING
100
AcDbPolyline
 90
5
 70
1
 10
163731.08405256082
 20
9753.49507619519
 10
164375.22710886807
 20
9753.49507619519
 10
164375.22710886807
 20
9406.542333718437
 10
163731.08405256082
 20
9406.542333718437
 10
163731.08405256082
 20
9753.49507619519
  0
LWPOLYLINE
  5
3E1
330
17
100
AcDbEntity
  8
F03_SEATING
100
AcDbPolyline
 90
5
 70
1
 10
163731.08405256082
 20
9211.381416075257
 10
164375.22710886807
 20
9211.381416075257
 10
164375.22710886807
 20
8864.428673598504
 10
163731.08405256082
 20
8864.428673598504
 10
163731.08405256082
 20
9211.381416075257
  0
LWPOLYLINE
  5
3E2
330
17
100
AcDbEntity
  8
F03_SEATING
100
AcDbPolyline
 90
5
 70
1
 10
163731.08405256082
 20
8669.267755955325
 10
164375.22710886807
 20
8669.267755955325
 10
164375.22710886807
 20
8322.315013478572
 10
163731.08405256082
 20
8322.315013478572
 10
163731.08405256082
 20
8669.267755955325
  0
LWPOLYLINE
  5
3E3
330
17
100
AcDbEntity
  8
F03_SEATING
100
AcDbPolyline
 90
5
 70
1
 10
164707.05838029907
 20
10295.608736315122
 10
165351.2014366063
 20
10295.608736315122
 10
165351.2014366063
 20
9948.655993838369
 10
164707.05838029907
 20
9948.655993838369
 10
164707.05838029907
 20
10295.608736315122
  0
LWPOLYLINE
  5
3E4
330
17
100
AcDbEntity
  8
F03_SEATING
100
AcDbPolyline
 90
5
 70
1
 10
164707.05838029907
 20
9753.49507619519
 10
165351.2014366063
 20
9753.49507619519
 10
165351.2014366063
 20
9406.542333718437
 10
164707.05838029907
 20
9406.542333718437
 10
164707.05838029907
 20
9753.49507619519
  0
LWPOLYLINE
  5
3E5
330
17
100
AcDbEntity
  8
F03_SEATING
100
AcDbPolyline
 90
5
 70
1
 10
164707.05838029907
 20
9211.381416075257
 10
165351.2014366063
 20
9211.381416075257
 10
165351.2014366063
 20
8864.428673598504
 10
164707.05838029907
 20
8864.428673598504
 10
164707.05838029907
 20
9211.381416075257
  0
LWPOLYLINE
  5
3E6
330
17
100
AcDbEntity
  8
F03_SEATING
100
AcDbPolyline
 90
5
 70
1
 10
164707.05838029907
 20
8669.267755955325
 10
165351.2014366063
 20
8669.267755955325
 10
165351.2014366063
 20
8322.315013478572
 10
164707.05838029907
 20
8322.315013478572
 10
164707.05838029907
 20
8669.267755955325
  0
LWPOLYLINE
  5
3E7
330
17
100
AcDbEntity
  8
F03_SEATING
100
AcDbPolyline
 90
5
 70
1
 10
165683.0327080373
 20
10295.608736315122
 10
166327.17576434455
 20
10295.608736315122
 10
166327.17576434455
 20
9948.655993838369
 10
165683.0327080373
 20
9948.655993838369
 10
165683.0327080373
 20
10295.608736315122
  0
LWPOLYLINE
  5
3E8
330
17
100
AcDbEntity
  8
F03_SEATING
100
AcDbPolyline
 90
5
 70
1
 10
165683.0327080373
 20
9753.49507619519
 10
166327.17576434455
 20
9753.49507619519
 10
166327.17576434455
 20
9406.542333718437
 10
165683.0327080373
 20
9406.542333718437
 10
165683.0327080373
 20
9753.49507619519
  0
LWPOLYLINE
  5
3E9
330
17
100
AcDbEntity
  8
F03_SEATING
100
AcDbPolyline
 90
5
 70
1
 10
165683.0327080373
 20
9211.381416075257
 10
166327.17576434455
 20
9211.381416075257
 10
166327.17576434455
 20
8864.428673598504
 10
165683.0327080373
 20
8864.428673598504
 10
165683.0327080373
 20
9211.381416075257
  0
LWPOLYLINE
  5
3EA
330
17
100
AcDbEntity
  8
F03_SEATING
100
AcDbPolyline
 90
5
 70
1
 10
165683.0327080373
 20
8669.267755955325
 10
166327.17576434455
 20
8669.267755955325
 10
166327.17576434455
 20
8322.315013478572
 10
165683.0327080373
 20
8322.315013478572
 10
165683.0327080373
 20
8669.267755955325
  0
LWPOLYLINE
  5
3EB
330
17
100
AcDbEntity
  8
F03_SEATING
100
AcDbPolyline
 90
5
 70
1
 10
166659.00703577555
 20
10295.608736315122
 10
167303.1500920828
 20
10295.608736315122
 10
167303.1500920828
 20
9948.655993838369
 10
166659.00703577555
 20
9948.655993838369
 10
166659.00703577555
 20
10295.608736315122
  0
LWPOLYLINE
  5
3EC
330
17
100
AcDbEntity
  8
F03_SEATING
100
AcDbPolyline
 90
5
 70
1
 10
166659.00703577555
 20
9753.49507619519
 10
167303.1500920828
 20
9753.49507619519
 10
167303.1500920828
 20
9406.542333718437
 10
166659.00703577555
 20
9406.542333718437
 10
166659.00703577555
 20
9753.49507619519
  0
LWPOLYLINE
  5
3ED
330
17
100
AcDbEntity
  8
F03_SEATING
100
AcDbPolyline
 90
5
 70
1
 10
166659.00703577555
 20
9211.381416075257
 10
167303.1500920828
 20
9211.381416075257
 10
167303.1500920828
 20
8864.428673598504
 10
166659.00703577555
 20
8864.428673598504
 10
166659.00703577555
 20
9211.381416075257
  0
LWPOLYLINE
  5
3EE
330
17
100
AcDbEntity
  8
F03_SEATING
100
AcDbPolyline
 90
5
 70
1
 10
166659.00703577555
 20
8669.267755955325
 10
167303.1500920828
 20
8669.267755955325
 10
167303.1500920828
 20
8322.315013478572
 10
166659.00703577555
 20
8322.315013478572
 10
166659.00703577555
 20
8669.267755955325
  0
LWPOLYLINE
  5
3EF
330
17
100
AcDbEntity
  8
F03_SEATING
100
AcDbPolyline
 90
5
 70
1
 10
167634.9813635138
 20
10295.608736315122
 10
168279.12441982102
 20
10295.608736315122
 10
168279.12441982102
 20
9948.655993838369
 10
167634.9813635138
 20
9948.655993838369
 10
167634.9813635138
 20
10295.608736315122
  0
LWPOLYLINE
  5
3F0
330
17
100
AcDbEntity
  8
F03_SEATING
100
AcDbPolyline
 90
5
 70
1
 10
167634.9813635138
 20
9753.49507619519
 10
168279.12441982102
 20
9753.49507619519
 10
168279.12441982102
 20
9406.542333718437
 10
167634.9813635138
 20
9406.542333718437
 10
167634.9813635138
 20
9753.49507619519
  0
LWPOLYLINE
  5
3F1
330
17
100
AcDbEntity
  8
F03_SEATING
100
AcDbPolyline
 90
5
 70
1
 10
167634.9813635138
 20
9211.381416075257
 10
168279.12441982102
 20
9211.381416075257
 10
168279.12441982102
 20
8864.428673598504
 10
167634.9813635138
 20
8864.428673598504
 10
167634.9813635138
 20
9211.381416075257
  0
LWPOLYLINE
  5
3F2
330
17
100
AcDbEntity
  8
F03_SEATING
100
AcDbPolyline
 90
5
 70
1
 10
167634.9813635138
 20
8669.267755955325
 10
168279.12441982102
 20
8669.267755955325
 10
168279.12441982102
 20
8322.315013478572
 10
167634.9813635138
 20
8322.315013478572
 10
167634.9813635138
 20
8669.267755955325
  0
LWPOLYLINE
  5
3F3
330
17
100
AcDbEntity
  8
F03_SEATING
100
AcDbPolyline
 90
5
 70
1
 10
168610.95569125202
 20
10295.608736315122
 10
169255.09874755927
 20
10295.608736315122
 10
169255.09874755927
 20
9948.655993838369
 10
168610.95569125202
 20
9948.655993838369
 10
168610.95569125202
 20
10295.608736315122
  0
LWPOLYLINE
  5
3F4
330
17
100
AcDbEntity
  8
F03_SEATING
100
AcDbPolyline
 90
5
 70
1
 10
168610.95569125202
 20
9753.49507619519
 10
169255.09874755927
 20
9753.49507619519
 10
169255.09874755927
 20
9406.542333718437
 10
168610.95569125202
 20
9406.542333718437
 10
168610.95569125202
 20
9753.49507619519
  0
LWPOLYLINE
  5
3F5
330
17
100
AcDbEntity
  8
F03_SEATING
100
AcDbPolyline
 90
5
 70
1
 10
168610.95569125202
 20
9211.381416075257
 10
169255.09874755927
 20
9211.381416075257
 10
169255.09874755927
 20
8864.428673598504
 10
168610.95569125202
 20
8864.428673598504
 10
168610.95569125202
 20
9211.381416075257
  0
LWPOLYLINE
  5
3F6
330
17
100
AcDbEntity
  8
F03_SEATING
100
AcDbPolyline
 90
5
 70
1
 10
168610.95569125202
 20
8669.267755955325
 10
169255.09874755927
 20
8669.267755955325
 10
169255.09874755927
 20
8322.315013478572
 10
168610.95569125202
 20
8322.315013478572
 10
168610.95569125202
 20
8669.267755955325
  0
LWPOLYLINE
  5
3F7
330
17
100
AcDbEntity
  8
F03_SEATING
100
AcDbPolyline
 90
5
 70
1
 10
169586.93001899027
 20
10295.608736315122
 10
170231.07307529752
 20
10295.608736315122
 10
170231.07307529752
 20
9948.655993838369
 10
169586.93001899027
 20
9948.655993838369
 10
169586.93001899027
 20
10295.608736315122
  0
LWPOLYLINE
  5
3F8
330
17
100
AcDbEntity
  8
F03_SEATING
100
AcDbPolyline
 90
5
 70
1
 10
169586.93001899027
 20
9753.49507619519
 10
170231.07307529752
 20
9753.49507619519
 10
170231.07307529752
 20
9406.542333718437
 10
169586.93001899027
 20
9406.542333718437
 10
169586.93001899027
 20
9753.49507619519
  0
LWPOLYLINE
  5
3F9
330
17
100
AcDbEntity
  8
F03_SEATING
100
AcDbPolyline
 90
5
 70
1
 10
169586.93001899027
 20
9211.381416075257
 10
170231.07307529752
 20
9211.381416075257
 10
170231.07307529752
 20
8864.428673598504
 10
169586.93001899027
 20
8864.428673598504
 10
169586.93001899027
 20
9211.381416075257
  0
LWPOLYLINE
  5
3FA
330
17
100
AcDbEntity
  8
F03_SEATING
100
AcDbPolyline
 90
5
 70
1
 10
169586.93001899027
 20
8669.267755955325
 10
170231.07307529752
 20
8669.267755955325
 10
170231.07307529752
 20
8322.315013478572
 10
169586.93001899027
 20
8322.315013478572
 10
169586.93001899027
 20
8669.267755955325
  0
LWPOLYLINE
  5
3FB
330
17
100
AcDbEntity
  8
F03_SEATING
100
AcDbPolyline
 90
5
 70
1
 10
170562.90434672852
 20
10295.608736315122
 10
171207.04740303577
 20
10295.608736315122
 10
171207.04740303577
 20
9948.655993838369
 10
170562.90434672852
 20
9948.655993838369
 10
170562.90434672852
 20
10295.608736315122
  0
LWPOLYLINE
  5
3FC
330
17
100
AcDbEntity
  8
F03_SEATING
100
AcDbPolyline
 90
5
 70
1
 10
170562.90434672852
 20
9753.49507619519
 10
171207.04740303577
 20
9753.49507619519
 10
171207.04740303577
 20
9406.542333718437
 10
170562.90434672852
 20
9406.542333718437
 10
170562.90434672852
 20
9753.49507619519
  0
LWPOLYLINE
  5
3FD
330
17
100
AcDbEntity
  8
F03_SEATING
100
AcDbPolyline
 90
5
 70
1
 10
170562.90434672852
 20
9211.381416075257
 10
171207.04740303577
 20
9211.381416075257
 10
171207.04740303577
 20
8864.428673598504
 10
170562.90434672852
 20
8864.428673598504
 10
170562.90434672852
 20
9211.381416075257
  0
LWPOLYLINE
  5
3FE
330
17
100
AcDbEntity
  8
F03_SEATING
100
AcDbPolyline
 90
5
 70
1
 10
170562.90434672852
 20
8669.267755955325
 10
171207.04740303577
 20
8669.267755955325
 10
171207.04740303577
 20
8322.315013478572
 10
170562.90434672852
 20
8322.315013478572
 10
170562.90434672852
 20
8669.267755955325
  0
LWPOLYLINE
  5
3FF
330
17
100
AcDbEntity
  8
F03_SEATING
100
AcDbPolyline
 90
5
 70
1
 10
171538.87867446677
 20
10295.608736315122
 10
172183.02173077402
 20
10295.608736315122
 10
172183.02173077402
 20
9948.655993838369
 10
171538.87867446677
 20
9948.655993838369
 10
171538.87867446677
 20
10295.608736315122
  0
LWPOLYLINE
  5
400
330
17
100
AcDbEntity
  8
F03_SEATING
100
AcDbPolyline
 90
5
 70
1
 10
171538.87867446677
 20
9753.49507619519
 10
172183.02173077402
 20
9753.49507619519
 10
172183.02173077402
 20
9406.542333718437
 10
171538.87867446677
 20
9406.542333718437
 10
171538.87867446677
 20
9753.49507619519
  0
LWPOLYLINE
  5
401
330
17
100
AcDbEntity
  8
F03_SEATING
100
AcDbPolyline
 90
5
 70
1
 10
171538.87867446677
 20
9211.381416075257
 10
172183.02173077402
 20
9211.381416075257
 10
172183.02173077402
 20
8864.428673598504
 10
171538.87867446677
 20
8864.428673598504
 10
171538.87867446677
 20
9211.381416075257
  0
LWPOLYLINE
  5
402
330
17
100
AcDbEntity
  8
F03_SEATING
100
AcDbPolyline
 90
5
 70
1
 10
171538.87867446677
 20
8669.267755955325
 10
172183.02173077402
 20
8669.267755955325
 10
172183.02173077402
 20
8322.315013478572
 10
171538.87867446677
 20
8322.315013478572
 10
171538.87867446677
 20
8669.267755955325
  0
LWPOLYLINE
  5
403
330
17
100
AcDbEntity
  8
F03_SEATING
100
AcDbPolyline
 90
5
 70
1
 10
172514.85300220503
 20
10295.608736315122
 10
173158.99605851225
 20
10295.608736315122
 10
173158.99605851225
 20
9948.655993838369
 10
172514.85300220503
 20
9948.655993838369
 10
172514.85300220503
 20
10295.608736315122
  0
LWPOLYLINE
  5
404
330
17
100
AcDbEntity
  8
F03_SEATING
100
AcDbPolyline
 90
5
 70
1
 10
172514.85300220503
 20
9753.49507619519
 10
173158.99605851225
 20
9753.49507619519
 10
173158.99605851225
 20
9406.542333718437
 10
172514.85300220503
 20
9406.542333718437
 10
172514.85300220503
 20
9753.49507619519
  0
LWPOLYLINE
  5
405
330
17
100
AcDbEntity
  8
F03_SEATING
100
AcDbPolyline
 90
5
 70
1
 10
172514.85300220503
 20
9211.381416075257
 10
173158.99605851225
 20
9211.381416075257
 10
173158.99605851225
 20
8864.428673598504
 10
172514.85300220503
 20
8864.428673598504
 10
172514.85300220503
 20
9211.381416075257
  0
LWPOLYLINE
  5
406
330
17
100
AcDbEntity
  8
F03_SEATING
100
AcDbPolyline
 90
5
 70
1
 10
172514.85300220503
 20
8669.267755955325
 10
173158.99605851225
 20
8669.267755955325
 10
173158.99605851225
 20
8322.315013478572
 10
172514.85300220503
 20
8322.315013478572
 10
172514.85300220503
 20
8669.267755955325
  0
LWPOLYLINE
  5
407
330
17
100
AcDbEntity
  8
F03_SEATING
100
AcDbPolyline
 90
5
 70
1
 10
173490.82732994325
 20
10295.608736315122
 10
174134.9703862505
 20
10295.608736315122
 10
174134.9703862505
 20
9948.655993838369
 10
173490.82732994325
 20
9948.655993838369
 10
173490.82732994325
 20
10295.608736315122
  0
LWPOLYLINE
  5
408
330
17
100
AcDbEntity
  8
F03_SEATING
100
AcDbPolyline
 90
5
 70
1
 10
173490.82732994325
 20
9753.49507619519
 10
174134.9703862505
 20
9753.49507619519
 10
174134.9703862505
 20
9406.542333718437
 10
173490.82732994325
 20
9406.542333718437
 10
173490.82732994325
 20
9753.49507619519
  0
LWPOLYLINE
  5
409
330
17
100
AcDbEntity
  8
F03_SEATING
100
AcDbPolyline
 90
5
 70
1
 10
173490.82732994325
 20
9211.381416075257
 10
174134.9703862505
 20
9211.381416075257
 10
174134.9703862505
 20
8864.428673598504
 10
173490.82732994325
 20
8864.428673598504
 10
173490.82732994325
 20
9211.381416075257
  0
LWPOLYLINE
  5
40A
330
17
100
AcDbEntity
  8
F03_SEATING
100
AcDbPolyline
 90
5
 70
1
 10
173490.82732994325
 20
8669.267755955325
 10
174134.9703862505
 20
8669.267755955325
 10
174134.9703862505
 20
8322.315013478572
 10
173490.82732994325
 20
8322.315013478572
 10
173490.82732994325
 20
8669.267755955325
  0
LWPOLYLINE
  5
40B
330
17
100
AcDbEntity
  8
F03_SEATING
100
AcDbPolyline
 90
5
 70
1
 10
174466.8016576815
 20
10295.608736315122
 10
175110.94471398875
 20
10295.608736315122
 10
175110.94471398875
 20
9948.655993838369
 10
174466.8016576815
 20
9948.655993838369
 10
174466.8016576815
 20
10295.608736315122
  0
LWPOLYLINE
  5
40C
330
17
100
AcDbEntity
  8
F03_SEATING
100
AcDbPolyline
 90
5
 70
1
 10
174466.8016576815
 20
9753.49507619519
 10
175110.94471398875
 20
9753.49507619519
 10
175110.94471398875
 20
9406.542333718437
 10
174466.8016576815
 20
9406.542333718437
 10
174466.8016576815
 20
9753.49507619519
  0
LWPOLYLINE
  5
40D
330
17
100
AcDbEntity
  8
F03_SEATING
100
AcDbPolyline
 90
5
 70
1
 10
174466.8016576815
 20
9211.381416075257
 10
175110.94471398875
 20
9211.381416075257
 10
175110.94471398875
 20
8864.428673598504
 10
174466.8016576815
 20
8864.428673598504
 10
174466.8016576815
 20
9211.381416075257
  0
LWPOLYLINE
  5
40E
330
17
100
AcDbEntity
  8
F03_SEATING
100
AcDbPolyline
 90
5
 70
1
 10
174466.8016576815
 20
8669.267755955325
 10
175110.94471398875
 20
8669.267755955325
 10
175110.94471398875
 20
8322.315013478572
 10
174466.8016576815
 20
8322.315013478572
 10
174466.8016576815
 20
8669.267755955325
  0
LWPOLYLINE
  5
40F
330
17
100
AcDbEntity
  8
F03_SEATING
100
AcDbPolyline
 90
5
 70
1
 10
175442.77598541975
 20
10295.608736315122
 10
176086.91904172697
 20
10295.608736315122
 10
176086.91904172697
 20
9948.655993838369
 10
175442.77598541975
 20
9948.655993838369
 10
175442.77598541975
 20
10295.608736315122
  0
LWPOLYLINE
  5
410
330
17
100
AcDbEntity
  8
F03_SEATING
100
AcDbPolyline
 90
5
 70
1
 10
175442.77598541975
 20
9753.49507619519
 10
176086.91904172697
 20
9753.49507619519
 10
176086.91904172697
 20
9406.542333718437
 10
175442.77598541975
 20
9406.542333718437
 10
175442.77598541975
 20
9753.49507619519
  0
LWPOLYLINE
  5
411
330
17
100
AcDbEntity
  8
F03_SEATING
100
AcDbPolyline
 90
5
 70
1
 10
175442.77598541975
 20
9211.381416075257
 10
176086.91904172697
 20
9211.381416075257
 10
176086.91904172697
 20
8864.428673598504
 10
175442.77598541975
 20
8864.428673598504
 10
175442.77598541975
 20
9211.381416075257
  0
LWPOLYLINE
  5
412
330
17
100
AcDbEntity
  8
F03_SEATING
100
AcDbPolyline
 90
5
 70
1
 10
175442.77598541975
 20
8669.267755955325
 10
176086.91904172697
 20
8669.267755955325
 10
176086.91904172697
 20
8322.315013478572
 10
175442.77598541975
 20
8322.315013478572
 10
175442.77598541975
 20
8669.267755955325
  0
LWPOLYLINE
  5
413
330
17
100
AcDbEntity
  8
F03_SEATING
100
AcDbPolyline
 90
5
 70
1
 10
176418.75031315797
 20
10295.608736315122
 10
177062.89336946522
 20
10295.608736315122
 10
177062.89336946522
 20
9948.655993838369
 10
176418.75031315797
 20
9948.655993838369
 10
176418.75031315797
 20
10295.608736315122
  0
LWPOLYLINE
  5
414
330
17
100
AcDbEntity
  8
F03_SEATING
100
AcDbPolyline
 90
5
 70
1
 10
176418.75031315797
 20
9753.49507619519
 10
177062.89336946522
 20
9753.49507619519
 10
177062.89336946522
 20
9406.542333718437
 10
176418.75031315797
 20
9406.542333718437
 10
176418.75031315797
 20
9753.49507619519
  0
LWPOLYLINE
  5
415
330
17
100
AcDbEntity
  8
F03_SEATING
100
AcDbPolyline
 90
5
 70
1
 10
176418.75031315797
 20
9211.381416075257
 10
177062.89336946522
 20
9211.381416075257
 10
177062.89336946522
 20
8864.428673598504
 10
176418.75031315797
 20
8864.428673598504
 10
176418.75031315797
 20
9211.381416075257
  0
LWPOLYLINE
  5
416
330
17
100
AcDbEntity
  8
F03_SEATING
100
AcDbPolyline
 90
5
 70
1
 10
176418.75031315797
 20
8669.267755955325
 10
177062.89336946522
 20
8669.267755955325
 10
177062.89336946522
 20
8322.315013478572
 10
176418.75031315797
 20
8322.315013478572
 10
176418.75031315797
 20
8669.267755955325
  0
LWPOLYLINE
  5
417
330
17
100
AcDbEntity
  8
F03_SEATING
100
AcDbPolyline
 90
5
 70
1
 10
177394.72464089622
 20
10295.608736315122
 10
178038.86769720347
 20
10295.608736315122
 10
178038.86769720347
 20
9948.655993838369
 10
177394.72464089622
 20
9948.655993838369
 10
177394.72464089622
 20
10295.608736315122
  0
LWPOLYLINE
  5
418
330
17
100
AcDbEntity
  8
F03_SEATING
100
AcDbPolyline
 90
5
 70
1
 10
177394.72464089622
 20
9753.49507619519
 10
178038.86769720347
 20
9753.49507619519
 10
178038.86769720347
 20
9406.542333718437
 10
177394.72464089622
 20
9406.542333718437
 10
177394.72464089622
 20
9753.49507619519
  0
LWPOLYLINE
  5
419
330
17
100
AcDbEntity
  8
F03_SEATING
100
AcDbPolyline
 90
5
 70
1
 10
177394.72464089622
 20
9211.381416075257
 10
178038.86769720347
 20
9211.381416075257
 10
178038.86769720347
 20
8864.428673598504
 10
177394.72464089622
 20
8864.428673598504
 10
177394.72464089622
 20
9211.381416075257
  0
LWPOLYLINE
  5
41A
330
17
100
AcDbEntity
  8
F03_SEATING
100
AcDbPolyline
 90
5
 70
1
 10
177394.72464089622
 20
8669.267755955325
 10
178038.86769720347
 20
8669.267755955325
 10
178038.86769720347
 20
8322.315013478572
 10
177394.72464089622
 20
8322.315013478572
 10
177394.72464089622
 20
8669.267755955325
  0
LWPOLYLINE
  5
41B
330
17
100
AcDbEntity
  8
F03_SEATING
100
AcDbPolyline
 90
5
 70
1
 10
178370.69896863448
 20
10295.608736315122
 10
179014.8420249417
 20
10295.608736315122
 10
179014.8420249417
 20
9948.655993838369
 10
178370.69896863448
 20
9948.655993838369
 10
178370.69896863448
 20
10295.608736315122
  0
LWPOLYLINE
  5
41C
330
17
100
AcDbEntity
  8
F03_SEATING
100
AcDbPolyline
 90
5
 70
1
 10
178370.69896863448
 20
9753.49507619519
 10
179014.8420249417
 20
9753.49507619519
 10
179014.8420249417
 20
9406.542333718437
 10
178370.69896863448
 20
9406.542333718437
 10
178370.69896863448
 20
9753.49507619519
  0
LWPOLYLINE
  5
41D
330
17
100
AcDbEntity
  8
F03_SEATING
100
AcDbPolyline
 90
5
 70
1
 10
178370.69896863448
 20
9211.381416075257
 10
179014.8420249417
 20
9211.381416075257
 10
179014.8420249417
 20
8864.428673598504
 10
178370.69896863448
 20
8864.428673598504
 10
178370.69896863448
 20
9211.381416075257
  0
LWPOLYLINE
  5
41E
330
17
100
AcDbEntity
  8
F03_SEATING
100
AcDbPolyline
 90
5
 70
1
 10
178370.69896863448
 20
8669.267755955325
 10
179014.8420249417
 20
8669.267755955325
 10
179014.8420249417
 20
8322.315013478572
 10
178370.69896863448
 20
8322.315013478572
 10
178370.69896863448
 20
8669.267755955325
  0
LWPOLYLINE
  5
41F
330
17
100
AcDbEntity
  8
F03_SEATING
100
AcDbPolyline
 90
5
 70
1
 10
179346.6732963727
 20
10295.608736315122
 10
179990.81635267995
 20
10295.608736315122
 10
179990.81635267995
 20
9948.655993838369
 10
179346.6732963727
 20
9948.655993838369
 10
179346.6732963727
 20
10295.608736315122
  0
LWPOLYLINE
  5
420
330
17
100
AcDbEntity
  8
F03_SEATING
100
AcDbPolyline
 90
5
 70
1
 10
179346.6732963727
 20
9753.49507619519
 10
179990.81635267995
 20
9753.49507619519
 10
179990.81635267995
 20
9406.542333718437
 10
179346.6732963727
 20
9406.542333718437
 10
179346.6732963727
 20
9753.49507619519
  0
LWPOLYLINE
  5
421
330
17
100
AcDbEntity
  8
F03_SEATING
100
AcDbPolyline
 90
5
 70
1
 10
179346.6732963727
 20
9211.381416075257
 10
179990.81635267995
 20
9211.381416075257
 10
179990.81635267995
 20
8864.428673598504
 10
179346.6732963727
 20
8864.428673598504
 10
179346.6732963727
 20
9211.381416075257
  0
LWPOLYLINE
  5
422
330
17
100
AcDbEntity
  8
F03_SEATING
100
AcDbPolyline
 90
5
 70
1
 10
179346.6732963727
 20
8669.267755955325
 10
179990.81635267995
 20
8669.267755955325
 10
179990.81635267995
 20
8322.315013478572
 10
179346.6732963727
 20
8322.315013478572
 10
179346.6732963727
 20
8669.267755955325
  0
LWPOLYLINE
  5
423
330
17
100
AcDbEntity
  8
F03_SEATING
100
AcDbPolyline
 90
5
 70
1
 10
180322.64762411098
 20
10295.608736315122
 10
180966.7906804182
 20
10295.608736315122
 10
180966.7906804182
 20
9948.655993838369
 10
180322.64762411098
 20
9948.655993838369
 10
180322.64762411098
 20
10295.608736315122
  0
LWPOLYLINE
  5
424
330
17
100
AcDbEntity
  8
F03_SEATING
100
AcDbPolyline
 90
5
 70
1
 10
180322.64762411098
 20
9753.49507619519
 10
180966.7906804182
 20
9753.49507619519
 10
180966.7906804182
 20
9406.542333718437
 10
180322.64762411098
 20
9406.542333718437
 10
180322.64762411098
 20
9753.49507619519
  0
LWPOLYLINE
  5
425
330
17
100
AcDbEntity
  8
F03_SEATING
100
AcDbPolyline
 90
5
 70
1
 10
180322.64762411098
 20
9211.381416075257
 10
180966.7906804182
 20
9211.381416075257
 10
180966.7906804182
 20
8864.428673598504
 10
180322.64762411098
 20
8864.428673598504
 10
180322.64762411098
 20
9211.381416075257
  0
LWPOLYLINE
  5
426
330
17
100
AcDbEntity
  8
F03_SEATING
100
AcDbPolyline
 90
5
 70
1
 10
180322.64762411098
 20
8669.267755955325
 10
180966.7906804182
 20
8669.267755955325
 10
180966.7906804182
 20
8322.315013478572
 10
180322.64762411098
 20
8322.315013478572
 10
180322.64762411098
 20
8669.267755955325
  0
LWPOLYLINE
  5
427
330
17
100
AcDbEntity
  8
F03_SEATING
100
AcDbPolyline
 90
5
 70
1
 10
181298.6219518492
 20
10295.608736315122
 10
181942.76500815645
 20
10295.608736315122
 10
181942.76500815645
 20
9948.655993838369
 10
181298.6219518492
 20
9948.655993838369
 10
181298.6219518492
 20
10295.608736315122
  0
LWPOLYLINE
  5
428
330
17
100
AcDbEntity
  8
F03_SEATING
100
AcDbPolyline
 90
5
 70
1
 10
181298.6219518492
 20
9753.49507619519
 10
181942.76500815645
 20
9753.49507619519
 10
181942.76500815645
 20
9406.542333718437
 10
181298.6219518492
 20
9406.542333718437
 10
181298.6219518492
 20
9753.49507619519
  0
LWPOLYLINE
  5
429
330
17
100
AcDbEntity
  8
F03_SEATING
100
AcDbPolyline
 90
5
 70
1
 10
181298.6219518492
 20
9211.381416075257
 10
181942.76500815645
 20
9211.381416075257
 10
181942.76500815645
 20
8864.428673598504
 10
181298.6219518492
 20
8864.428673598504
 10
181298.6219518492
 20
9211.381416075257
  0
LWPOLYLINE
  5
42A
330
17
100
AcDbEntity
  8
F03_SEATING
100
AcDbPolyline
 90
5
 70
1
 10
181298.6219518492
 20
8669.267755955325
 10
181942.76500815645
 20
8669.267755955325
 10
181942.76500815645
 20
8322.315013478572
 10
181298.6219518492
 20
8322.315013478572
 10
181298.6219518492
 20
8669.267755955325
  0
LWPOLYLINE
  5
42C
330
17
100
AcDbEntity
  8
F03_STAIRS
100
AcDbPolyline
 90
5
 70
1
 10
168044.07543330546
 20
33037.27237717995
 10
168253.37015370082
 20
33037.27237717995
 10
168253.37015370082
 20
34037.27237717995
 10
168044.07543330546
 20
34037.27237717995
 10
168044.07543330546
 20
33037.27237717995
  0
LWPOLYLINE
  5
42D
330
17
100
AcDbEntity
  8
F03_STAIRS
100
AcDbPolyline
 90
5
 70
1
 10
168253.37015370082
 20
33037.27237717995
 10
168462.66487409614
 20
33037.27237717995
 10
168462.66487409614
 20
34037.27237717995
 10
168253.37015370082
 20
34037.27237717995
 10
168253.37015370082
 20
33037.27237717995
  0
LWPOLYLINE
  5
42E
330
17
100
AcDbEntity
  8
F03_STAIRS
100
AcDbPolyline
 90
5
 70
1
 10
168462.66487409614
 20
33037.27237717995
 10
168671.95959449146
 20
33037.27237717995
 10
168671.95959449146
 20
34037.27237717995
 10
168462.66487409614
 20
34037.27237717995
 10
168462.66487409614
 20
33037.27237717995
  0
LWPOLYLINE
  5
42F
330
17
100
AcDbEntity
  8
F03_STAIRS
100
AcDbPolyline
 90
5
 70
1
 10
168671.95959449146
 20
33037.27237717995
 10
168881.2543148868
 20
33037.27237717995
 10
168881.2543148868
 20
34037.27237717995
 10
168671.95959449146
 20
34037.27237717995
 10
168671.95959449146
 20
33037.27237717995
  0
LWPOLYLINE
  5
430
330
17
100
AcDbEntity
  8
F03_STAIRS
100
AcDbPolyline
 90
5
 70
1
 10
168881.2543148868
 20
33037.27237717995
 10
169090.54903528214
 20
33037.27237717995
 10
169090.54903528214
 20
34037.27237717995
 10
168881.2543148868
 20
34037.27237717995
 10
168881.2543148868
 20
33037.27237717995
  0
LWPOLYLINE
  5
431
330
17
100
AcDbEntity
  8
F03_STAIRS
100
AcDbPolyline
 90
5
 70
1
 10
169090.54903528214
 20
33037.27237717995
 10
169299.8437556775
 20
33037.27237717995
 10
169299.8437556775
 20
34037.27237717995
 10
169090.54903528214
 20
34037.27237717995
 10
169090.54903528214
 20
33037.27237717995
  0
LWPOLYLINE
  5
432
330
17
100
AcDbEntity
  8
F03_STAIRS
100
AcDbPolyline
 90
5
 70
1
 10
169299.8437556775
 20
33037.27237717995
 10
169509.1384760728
 20
33037.27237717995
 10
169509.1384760728
 20
34037.27237717995
 10
169299.8437556775
 20
34037.27237717995
 10
169299.8437556775
 20
33037.27237717995
  0
LWPOLYLINE
  5
433
330
17
100
AcDbEntity
  8
F03_STAIRS
100
AcDbPolyline
 90
5
 70
1
 10
169509.1384760728
 20
33037.27237717995
 10
169718.43319646816
 20
33037.27237717995
 10
169718.43319646816
 20
34037.27237717995
 10
169509.1384760728
 20
34037.27237717995
 10
169509.1384760728
 20
33037.27237717995
  0
LWPOLYLINE
  5
434
330
17
100
AcDbEntity
  8
F03_STAIRS
100
AcDbPolyline
 90
5
 70
1
 10
169718.43319646816
 20
33037.27237717995
 10
169927.72791686349
 20
33037.27237717995
 10
169927.72791686349
 20
34037.27237717995
 10
169718.43319646816
 20
34037.27237717995
 10
169718.43319646816
 20
33037.27237717995
  0
LWPOLYLINE
  5
435
330
17
100
AcDbEntity
  8
F03_STAIRS
100
AcDbPolyline
 90
5
 70
1
 10
169927.72791686349
 20
33037.27237717995
 10
170137.0226372588
 20
33037.27237717995
 10
170137.0226372588
 20
34037.27237717995
 10
169927.72791686349
 20
34037.27237717995
 10
169927.72791686349
 20
33037.27237717995
  0
LWPOLYLINE
  5
436
330
17
100
AcDbEntity
  8
F03_STAIRS
100
AcDbPolyline
 90
5
 70
1
 10
170137.0226372588
 20
33037.27237717995
 10
170346.31735765416
 20
33037.27237717995
 10
170346.31735765416
 20
34037.27237717995
 10
170137.0226372588
 20
34037.27237717995
 10
170137.0226372588
 20
33037.27237717995
  0
LWPOLYLINE
  5
437
330
17
100
AcDbEntity
  8
F03_STAIRS
100
AcDbPolyline
 90
5
 70
1
 10
170346.31735765416
 20
33037.27237717995
 10
170555.61207804948
 20
33037.27237717995
 10
170555.61207804948
 20
34037.27237717995
 10
170346.31735765416
 20
34037.27237717995
 10
170346.31735765416
 20
33037.27237717995
  0
LWPOLYLINE
  5
438
330
17
100
AcDbEntity
  8
F03_STAIRS
100
AcDbPolyline
 90
5
 70
1
 10
168044.07543330546
 20
1719.78324255928
 10
168253.37015370082
 20
1719.78324255928
 10
168253.37015370082
 20
2719.78324255928
 10
168044.07543330546
 20
2719.78324255928
 10
168044.07543330546
 20
1719.78324255928
  0
LWPOLYLINE
  5
439
330
17
100
AcDbEntity
  8
F03_STAIRS
100
AcDbPolyline
 90
5
 70
1
 10
168253.37015370082
 20
1719.78324255928
 10
168462.66487409614
 20
1719.78324255928
 10
168462.66487409614
 20
2719.78324255928
 10
168253.37015370082
 20
2719.78324255928
 10
168253.37015370082
 20
1719.78324255928
  0
LWPOLYLINE
  5
43A
330
17
100
AcDbEntity
  8
F03_STAIRS
100
AcDbPolyline
 90
5
 70
1
 10
168462.66487409614
 20
1719.78324255928
 10
168671.95959449146
 20
1719.78324255928
 10
168671.95959449146
 20
2719.78324255928
 10
168462.66487409614
 20
2719.78324255928
 10
168462.66487409614
 20
1719.78324255928
  0
LWPOLYLINE
  5
43B
330
17
100
AcDbEntity
  8
F03_STAIRS
100
AcDbPolyline
 90
5
 70
1
 10
168671.95959449146
 20
1719.78324255928
 10
168881.2543148868
 20
1719.78324255928
 10
168881.2543148868
 20
2719.78324255928
 10
168671.95959449146
 20
2719.78324255928
 10
168671.95959449146
 20
1719.78324255928
  0
LWPOLYLINE
  5
43C
330
17
100
AcDbEntity
  8
F03_STAIRS
100
AcDbPolyline
 90
5
 70
1
 10
168881.2543148868
 20
1719.78324255928
 10
169090.54903528214
 20
1719.78324255928
 10
169090.54903528214
 20
2719.78324255928
 10
168881.2543148868
 20
2719.78324255928
 10
168881.2543148868
 20
1719.78324255928
  0
LWPOLYLINE
  5
43D
330
17
100
AcDbEntity
  8
F03_STAIRS
100
AcDbPolyline
 90
5
 70
1
 10
169090.54903528214
 20
1719.78324255928
 10
169299.8437556775
 20
1719.78324255928
 10
169299.8437556775
 20
2719.78324255928
 10
169090.54903528214
 20
2719.78324255928
 10
169090.54903528214
 20
1719.78324255928
  0
LWPOLYLINE
  5
43E
330
17
100
AcDbEntity
  8
F03_STAIRS
100
AcDbPolyline
 90
5
 70
1
 10
169299.8437556775
 20
1719.78324255928
 10
169509.1384760728
 20
1719.78324255928
 10
169509.1384760728
 20
2719.78324255928
 10
169299.8437556775
 20
2719.78324255928
 10
169299.8437556775
 20
1719.78324255928
  0
LWPOLYLINE
  5
43F
330
17
100
AcDbEntity
  8
F03_STAIRS
100
AcDbPolyline
 90
5
 70
1
 10
169509.1384760728
 20
1719.78324255928
 10
169718.43319646816
 20
1719.78324255928
 10
169718.43319646816
 20
2719.78324255928
 10
169509.1384760728
 20
2719.78324255928
 10
169509.1384760728
 20
1719.78324255928
  0
LWPOLYLINE
  5
440
330
17
100
AcDbEntity
  8
F03_STAIRS
100
AcDbPolyline
 90
5
 70
1
 10
169718.43319646816
 20
1719.78324255928
 10
169927.72791686349
 20
1719.78324255928
 10
169927.72791686349
 20
2719.78324255928
 10
169718.43319646816
 20
2719.78324255928
 10
169718.43319646816
 20
1719.78324255928
  0
LWPOLYLINE
  5
441
330
17
100
AcDbEntity
  8
F03_STAIRS
100
AcDbPolyline
 90
5
 70
1
 10
169927.72791686349
 20
1719.78324255928
 10
170137.0226372588
 20
1719.78324255928
 10
170137.0226372588
 20
2719.78324255928
 10
169927.72791686349
 20
2719.78324255928
 10
169927.72791686349
 20
1719.78324255928
  0
LWPOLYLINE
  5
442
330
17
100
AcDbEntity
  8
F03_STAIRS
100
AcDbPolyline
 90
5
 70
1
 10
170137.0226372588
 20
1719.78324255928
 10
170346.31735765416
 20
1719.78324255928
 10
170346.31735765416
 20
2719.78324255928
 10
170137.0226372588
 20
2719.78324255928
 10
170137.0226372588
 20
1719.78324255928
  0
LWPOLYLINE
  5
443
330
17
100
AcDbEntity
  8
F03_STAIRS
100
AcDbPolyline
 90
5
 70
1
 10
170346.31735765416
 20
1719.78324255928
 10
170555.61207804948
 20
1719.78324255928
 10
170555.61207804948
 20
2719.78324255928
 10
170346.31735765416
 20
2719.78324255928
 10
170346.31735765416
 20
1719.78324255928
  0
TEXT
  5
445
330
17
100
AcDbEntity
  8
F03_ROOMS
100
AcDbText
 10
153602.7397260274
 20
17774.275182923473
 30
0.0
 40
450.0
  1
舞台
  7
JAPANESE
100
AcDbText
  0
TEXT
  5
446
330
17
100
AcDbEntity
  8
F03_ROOMS
100
AcDbText
 10
172481.12350568656
 20
18316.388843043405
 30
0.0
 40
450.0
  1
客席
  7
JAPANESE
100
AcDbText
  0
TEXT
  5
447
330
17
100
AcDbEntity
  8
F03_ROOMS
100
AcDbText
 10
151970.2409069438
 20
31285.41563514331
 30
0.0
 40
450.0
  1
上手舞台袖
  7
JAPANESE
100
AcDbText
  0
TEXT
  5
448
330
17
100
AcDbEntity
  8
F03_ROOMS
100
AcDbText
 10
151844.66407470658
 20
5013.753644715853
 30
0.0
 40
450.0
  1
下手舞台袖
  7
JAPANESE
100
AcDbText
  0
TEXT
  5
449
330
17
100
AcDbEntity
  8
F03_ROOMS
100
AcDbText
 10
189350.27796955052
 20
18232.986741486493
 30
0.0
 40
450.0
  1
ホワイエ
  7
JAPANESE
100
AcDbText
  0
TEXT
  5
44A
330
17
100
AcDbEntity
  8
ANNOTATION
100
AcDbText
 10
139000.0
 20
-2500.0
 30
0.0
 40
650.0
  1
3F / SCHEMATIC / Z 9791 mm
  7
JAPANESE
100
AcDbText
  0
LWPOLYLINE
  5
44C
330
17
100
AcDbEntity
  8
F04_WALLS
100
AcDbPolyline
 90
5
 70
1
 10
6290.5969336841135
 20
-15619.303761098854
 10
52764.673863739445
 20
-15619.303761098854
 10
52764.673863739445
 20
-15339.303761098854
 10
6290.5969336841135
 20
-15339.303761098854
 10
6290.5969336841135
 20
-15619.303761098854
  0
LWPOLYLINE
  5
44D
330
17
100
AcDbEntity
  8
F04_WALLS
100
AcDbPolyline
 90
5
 70
1
 10
52624.673863739445
 20
-15479.303761098854
 10
52624.673863739445
 20
-18640.739985541364
 10
52904.673863739445
 20
-18640.739985541364
 10
52904.673863739445
 20
-15479.303761098854
 10
52624.673863739445
 20
-15479.303761098854
  0
LWPOLYLINE
  5
44E
330
17
100
AcDbEntity
  8
F04_WALLS
100
AcDbPolyline
 90
5
 70
1
 10
52764.673863739445
 20
-18780.739985541364
 10
54411.23106232422
 20
-18780.739985541364
 10
54411.23106232422
 20
-18500.739985541364
 10
52764.673863739445
 20
-18500.739985541364
 10
52764.673863739445
 20
-18780.739985541364
  0
LWPOLYLINE
  5
44F
330
17
100
AcDbEntity
  8
F04_WALLS
100
AcDbPolyline
 90
5
 70
1
 10
54271.23106232422
 20
-18640.739985541364
 10
54271.23106232422
 20
-27366.303965002684
 10
54551.23106232422
 20
-27366.303965002684
 10
54551.23106232422
 20
-18640.739985541364
 10
54271.23106232422
 20
-18640.739985541364
  0
LWPOLYLINE
  5
450
330
17
100
AcDbEntity
  8
F04_WALLS
100
AcDbPolyline
 90
5
 70
1
 10
54271.23106232422
 20
-39421.914100876784
 10
54271.23106232422
 20
-47557.343318442174
 10
54551.23106232422
 20
-47557.343318442174
 10
54551.23106232422
 20
-39421.914100876784
 10
54271.23106232422
 20
-39421.914100876784
  0
LWPOLYLINE
  5
451
330
17
100
AcDbEntity
  8
F04_WALLS
100
AcDbPolyline
 90
5
 70
1
 10
54411.23106232422
 20
-47417.343318442174
 10
52805.837793704064
 20
-47417.343318442174
 10
52805.837793704064
 20
-47697.343318442174
 10
54411.23106232422
 20
-47697.343318442174
 10
54411.23106232422
 20
-47417.343318442174
  0
LWPOLYLINE
  5
452
330
17
100
AcDbEntity
  8
F04_WALLS
100
AcDbPolyline
 90
5
 70
1
 10
52665.837793704064
 20
-47557.343318442174
 10
52665.837793704064
 20
-51098.15188981778
 10
52945.837793704064
 20
-51098.15188981778
 10
52945.837793704064
 20
-47557.343318442174
 10
52665.837793704064
 20
-47557.343318442174
  0
LWPOLYLINE
  5
453
330
17
100
AcDbEntity
  8
F04_WALLS
100
AcDbPolyline
 90
5
 70
1
 10
52805.837793704064
 20
-50958.15188981778
 10
10036.51456046448
 20
-50958.15188981778
 10
10036.51456046448
 20
-51238.15188981778
 10
52805.837793704064
 20
-51238.15188981778
 10
52805.837793704064
 20
-50958.15188981778
  0
LWPOLYLINE
  5
454
330
17
100
AcDbEntity
  8
F04_WALLS
100
AcDbPolyline
 90
5
 70
1
 10
10127.134725392036
 20
-50991.43738420349
 10
5063.971339743846
 20
-46691.88411896168
 10
4882.731009888737
 20
-46905.31313019026
 10
9945.894395536925
 20
-51204.86639543207
 10
10127.134725392036
 20
-50991.43738420349
  0
LWPOLYLINE
  5
455
330
17
100
AcDbEntity
  8
F04_WALLS
100
AcDbPolyline
 90
5
 70
1
 10
5113.168372832702
 20
-46791.44662214028
 10
4660.365143221888
 20
-37939.42519370126
 10
4380.730747189068
 20
-37953.72919857264
 10
4833.533976799882
 20
-46805.75062701166
 10
5113.168372832702
 20
-46791.44662214028
  0
LWPOLYLINE
  5
456
330
17
100
AcDbEntity
  8
F04_WALLS
100
AcDbPolyline
 90
5
 70
1
 10
4660.53179488015
 20
-36848.4861787706
 10
4372.384285127814
 20
-17879.868832115557
 10
4092.4165857784687
 20
-17884.121751234772
 10
4380.564095530805
 20
-36852.73909788982
 10
4660.53179488015
 20
-36848.4861787706
  0
LWPOLYLINE
  5
457
330
17
100
AcDbEntity
  8
F04_WALLS
100
AcDbPolyline
 90
5
 70
1
 10
4338.723760961591
 20
-17973.074106186687
 10
6396.920259192563
 20
-15570.382575610376
 10
6184.273608175664
 20
-15388.224946587332
 10
4126.077109944692
 20
-17790.916477163642
 10
4338.723760961591
 20
-17973.074106186687
  0
LWPOLYLINE
  5
458
330
17
100
AcDbEntity
  8
F04_WALLS
100
AcDbPolyline
 90
5
 70
1
 10
17140.20230427288
 20
-15605.761210076555
 10
17140.20230427288
 20
-18935.80736648933
 10
17340.20230427288
 20
-18935.80736648933
 10
17340.20230427288
 20
-15605.761210076555
 10
17140.20230427288
 20
-15605.761210076555
  0
LWPOLYLINE
  5
459
330
17
100
AcDbEntity
  8
F04_WALLS
100
AcDbPolyline
 90
5
 70
1
 10
17240.20230427288
 20
-19035.80736648933
 10
20697.972421300914
 20
-19035.80736648933
 10
20697.972421300914
 20
-18835.80736648933
 10
17240.20230427288
 20
-18835.80736648933
 10
17240.20230427288
 20
-19035.80736648933
  0
LWPOLYLINE
  5
45A
330
17
100
AcDbEntity
  8
F04_WALLS
100
AcDbPolyline
 90
5
 70
1
 10
20597.972421300914
 20
-18935.80736648933
 10
20597.972421300914
 20
-21422.803863050773
 10
20797.972421300914
 20
-21422.803863050773
 10
20797.972421300914
 20
-18935.80736648933
 10
20597.972421300914
 20
-18935.80736648933
  0
LWPOLYLINE
  5
45B
330
17
100
AcDbEntity
  8
F04_WALLS
100
AcDbPolyline
 90
5
 70
1
 10
20697.972421300914
 20
-21522.803863050773
 10
22097.546040097975
 20
-21522.803863050773
 10
22097.546040097975
 20
-21322.803863050773
 10
20697.972421300914
 20
-21322.803863050773
 10
20697.972421300914
 20
-21522.803863050773
  0
LWPOLYLINE
  5
45C
330
17
100
AcDbEntity
  8
F04_WALLS
100
AcDbPolyline
 90
5
 70
1
 10
22203.365689921073
 20
-15605.761210076555
 10
22203.365689921073
 20
-19273.027230429867
 10
22403.365689921073
 20
-19273.027230429867
 10
22403.365689921073
 20
-15605.761210076555
 10
22203.365689921073
 20
-15605.761210076555
  0
LWPOLYLINE
  5
45D
330
17
100
AcDbEntity
  8
F04_WALLS
100
AcDbPolyline
 90
5
 70
1
 10
22303.365689921073
 20
-19373.027230429867
 10
24279.234328222803
 20
-19373.027230429867
 10
24279.234328222803
 20
-19173.027230429867
 10
22303.365689921073
 20
-19173.027230429867
 10
22303.365689921073
 20
-19373.027230429867
  0
LWPOLYLINE
  5
45E
330
17
100
AcDbEntity
  8
F04_WALLS
100
AcDbPolyline
 90
5
 70
1
 10
24379.234328222803
 20
-19273.027230429867
 10
24379.234328222803
 20
-15605.761210076555
 10
24179.234328222803
 20
-15605.761210076555
 10
24179.234328222803
 20
-19273.027230429867
 10
24379.234328222803
 20
-19273.027230429867
  0
LWPOLYLINE
  5
45F
330
17
100
AcDbEntity
  8
F04_WALLS
100
AcDbPolyline
 90
5
 70
1
 10
25925.791526807578
 20
-19499.48467940757
 10
33129.47927061598
 20
-19499.48467940757
 10
33129.47927061598
 20
-19299.48467940757
 10
25925.791526807578
 20
-19299.48467940757
 10
25925.791526807578
 20
-19499.48467940757
  0
LWPOLYLINE
  5
460
330
17
100
AcDbEntity
  8
F04_WALLS
100
AcDbPolyline
 90
5
 70
1
 10
33229.47927061598
 20
-19399.48467940757
 10
33229.47927061598
 20
-15605.761210076555
 10
33029.47927061598
 20
-15605.761210076555
 10
33029.47927061598
 20
-19399.48467940757
 10
33229.47927061598
 20
-19399.48467940757
  0
LWPOLYLINE
  5
461
330
17
100
AcDbEntity
  8
F04_WALLS
100
AcDbPolyline
 90
5
 70
1
 10
33458.790710332934
 20
-15747.913693069124
 10
35311.16755874081
 20
-15747.913693069124
 10
35311.16755874081
 20
-15547.913693069124
 10
33458.790710332934
 20
-15547.913693069124
 10
33458.790710332934
 20
-15747.913693069124
  0
LWPOLYLINE
  5
462
330
17
100
AcDbEntity
  8
F04_WALLS
100
AcDbPolyline
 90
5
 70
1
 10
35211.16755874081
 20
-15647.913693069124
 10
35211.16755874081
 20
-18598.5875025488
 10
35411.16755874081
 20
-18598.5875025488
 10
35411.16755874081
 20
-15647.913693069124
 10
35211.16755874081
 20
-15647.913693069124
  0
LWPOLYLINE
  5
463
330
17
100
AcDbEntity
  8
F04_WALLS
100
AcDbPolyline
 90
5
 70
1
 10
35311.16755874081
 20
-18498.5875025488
 10
33458.790710332934
 20
-18498.5875025488
 10
33458.790710332934
 20
-18698.5875025488
 10
35311.16755874081
 20
-18698.5875025488
 10
35311.16755874081
 20
-18498.5875025488
  0
LWPOLYLINE
  5
464
330
17
100
AcDbEntity
  8
F04_WALLS
100
AcDbPolyline
 90
5
 70
1
 10
33558.790710332934
 20
-18598.5875025488
 10
33558.790710332934
 20
-15647.913693069124
 10
33358.790710332934
 20
-15647.913693069124
 10
33358.790710332934
 20
-18598.5875025488
 10
33558.790710332934
 20
-18598.5875025488
  0
LWPOLYLINE
  5
465
330
17
100
AcDbEntity
  8
F04_WALLS
100
AcDbPolyline
 90
5
 70
1
 10
36340.265807856296
 20
-17265.40308080153
 10
44161.412501133986
 20
-17265.40308080153
 10
44161.412501133986
 20
-17065.40308080153
 10
36340.265807856296
 20
-17065.40308080153
 10
36340.265807856296
 20
-17265.40308080153
  0
LWPOLYLINE
  5
466
330
17
100
AcDbEntity
  8
F04_WALLS
100
AcDbPolyline
 90
5
 70
1
 10
44061.412501133986
 20
-17165.40308080153
 10
44061.412501133986
 20
-19694.552060355534
 10
44261.412501133986
 20
-19694.552060355534
 10
44261.412501133986
 20
-17165.40308080153
 10
44061.412501133986
 20
-17165.40308080153
  0
LWPOLYLINE
  5
467
330
17
100
AcDbEntity
  8
F04_WALLS
100
AcDbPolyline
 90
5
 70
1
 10
44161.412501133986
 20
-19594.552060355534
 10
37369.36405697178
 20
-19594.552060355534
 10
37369.36405697178
 20
-19794.552060355534
 10
44161.412501133986
 20
-19794.552060355534
 10
44161.412501133986
 20
-19594.552060355534
  0
LWPOLYLINE
  5
468
330
17
100
AcDbEntity
  8
F04_WALLS
100
AcDbPolyline
 90
5
 70
1
 10
37469.36405697178
 20
-19694.552060355534
 10
37469.36405697178
 20
-18345.672604593397
 10
37269.36405697178
 20
-18345.672604593397
 10
37269.36405697178
 20
-19694.552060355534
 10
37469.36405697178
 20
-19694.552060355534
  0
LWPOLYLINE
  5
469
330
17
100
AcDbEntity
  8
F04_WALLS
100
AcDbPolyline
 90
5
 70
1
 10
44637.70752063866
 20
-15690.066176061693
 10
44637.70752063866
 20
-19315.179713422436
 10
44837.70752063866
 20
-19315.179713422436
 10
44837.70752063866
 20
-15690.066176061693
 10
44637.70752063866
 20
-15690.066176061693
  0
LWPOLYLINE
  5
46A
330
17
100
AcDbEntity
  8
F04_WALLS
100
AcDbPolyline
 90
5
 70
1
 10
45684.477909824906
 20
-19921.00950933324
 10
49924.36269618071
 20
-19921.00950933324
 10
49924.36269618071
 20
-19721.00950933324
 10
45684.477909824906
 20
-19721.00950933324
 10
45684.477909824906
 20
-19921.00950933324
  0
LWPOLYLINE
  5
46B
330
17
100
AcDbEntity
  8
F04_WALLS
100
AcDbPolyline
 90
5
 70
1
 10
49824.36269618071
 20
-19821.00950933324
 10
49824.36269618071
 20
-20916.974067139974
 10
50024.36269618071
 20
-20916.974067139974
 10
50024.36269618071
 20
-19821.00950933324
 10
49824.36269618071
 20
-19821.00950933324
  0
LWPOLYLINE
  5
46C
330
17
100
AcDbEntity
  8
F04_WALLS
100
AcDbPolyline
 90
5
 70
1
 10
21438.923160664064
 20
-22450.158488887242
 10
24196.906468293568
 20
-22450.158488887242
 10
24196.906468293568
 20
-22250.158488887242
 10
21438.923160664064
 20
-22250.158488887242
 10
21438.923160664064
 20
-22450.158488887242
  0
LWPOLYLINE
  5
46D
330
17
100
AcDbEntity
  8
F04_WALLS
100
AcDbPolyline
 90
5
 70
1
 10
24296.906468293568
 20
-22350.158488887242
 10
24296.906468293568
 20
-21043.431516117675
 10
24096.906468293568
 20
-21043.431516117675
 10
24096.906468293568
 20
-22350.158488887242
 10
24296.906468293568
 20
-22350.158488887242
  0
LWPOLYLINE
  5
46E
330
17
100
AcDbEntity
  8
F04_WALLS
100
AcDbPolyline
 90
5
 70
1
 10
24196.906468293568
 20
-21143.431516117675
 10
25431.824367232144
 20
-21143.431516117675
 10
25431.824367232144
 20
-20943.431516117675
 10
24196.906468293568
 20
-20943.431516117675
 10
24196.906468293568
 20
-21143.431516117675
  0
LWPOLYLINE
  5
46F
330
17
100
AcDbEntity
  8
F04_WALLS
100
AcDbPolyline
 90
5
 70
1
 10
27284.201215640023
 20
-21564.956346043342
 10
30783.135262632673
 20
-21564.956346043342
 10
30783.135262632673
 20
-21364.956346043342
 10
27284.201215640023
 20
-21364.956346043342
 10
27284.201215640023
 20
-21564.956346043342
  0
LWPOLYLINE
  5
470
330
17
100
AcDbEntity
  8
F04_WALLS
100
AcDbPolyline
 90
5
 70
1
 10
32512.020321146687
 20
-21564.956346043342
 10
41856.232423115296
 20
-21564.956346043342
 10
41856.232423115296
 20
-21364.956346043342
 10
32512.020321146687
 20
-21364.956346043342
 10
32512.020321146687
 20
-21564.956346043342
  0
LWPOLYLINE
  5
471
330
17
100
AcDbEntity
  8
F04_WALLS
100
AcDbPolyline
 90
5
 70
1
 10
41756.232423115296
 20
-21464.956346043342
 10
41756.232423115296
 20
-22392.31097187981
 10
41956.232423115296
 20
-22392.31097187981
 10
41956.232423115296
 20
-21464.956346043342
 10
41756.232423115296
 20
-21464.956346043342
  0
LWPOLYLINE
  5
472
330
17
100
AcDbEntity
  8
F04_WALLS
100
AcDbPolyline
 90
5
 70
1
 10
43801.72036367628
 20
-21703.433052996425
 10
44748.490752862526
 20
-22672.94016182546
 10
44891.58000827327
 20
-22533.206611859827
 10
43944.80961908702
 20
-21563.69950303079
 10
43801.72036367628
 20
-21703.433052996425
  0
LWPOLYLINE
  5
473
330
17
100
AcDbEntity
  8
F04_WALLS
100
AcDbPolyline
 90
5
 70
1
 10
44820.0353805679
 20
-22703.073386842643
 10
50130.1823460038
 20
-22703.073386842643
 10
50130.1823460038
 20
-22503.073386842643
 10
44820.0353805679
 20
-22503.073386842643
 10
44820.0353805679
 20
-22703.073386842643
  0
LWPOLYLINE
  5
474
330
17
100
AcDbEntity
  8
F04_WALLS
100
AcDbPolyline
 90
5
 70
1
 10
50030.1823460038
 20
-22603.073386842643
 10
50030.1823460038
 20
-24837.154985448684
 10
50230.1823460038
 20
-24837.154985448684
 10
50230.1823460038
 20
-22603.073386842643
 10
50030.1823460038
 20
-22603.073386842643
  0
LWPOLYLINE
  5
475
330
17
100
AcDbEntity
  8
F04_WALLS
100
AcDbPolyline
 90
5
 70
1
 10
50130.1823460038
 20
-24737.154985448684
 10
48442.4612174544
 20
-24737.154985448684
 10
48442.4612174544
 20
-24937.154985448684
 10
50130.1823460038
 20
-24937.154985448684
 10
50130.1823460038
 20
-24737.154985448684
  0
LWPOLYLINE
  5
476
330
17
100
AcDbEntity
  8
F04_WALLS
100
AcDbPolyline
 90
5
 70
1
 10
49659.706976322224
 20
-25595.899679314884
 10
49659.706976322224
 20
-30654.1976384229
 10
49859.706976322224
 20
-30654.1976384229
 10
49859.706976322224
 20
-25595.899679314884
 10
49659.706976322224
 20
-25595.899679314884
  0
LWPOLYLINE
  5
477
330
17
100
AcDbEntity
  8
F04_WALLS
100
AcDbPolyline
 90
5
 70
1
 10
49759.706976322224
 20
-30554.1976384229
 10
47331.03510840968
 20
-30554.1976384229
 10
47331.03510840968
 20
-30754.1976384229
 10
49759.706976322224
 20
-30754.1976384229
 10
49759.706976322224
 20
-30554.1976384229
  0
LWPOLYLINE
  5
478
330
17
100
AcDbEntity
  8
F04_WALLS
100
AcDbPolyline
 90
5
 70
1
 10
47231.03510840968
 20
-30654.1976384229
 10
47231.03510840968
 20
-36134.02042745658
 10
47431.03510840968
 20
-36134.02042745658
 10
47431.03510840968
 20
-30654.1976384229
 10
47231.03510840968
 20
-30654.1976384229
  0
LWPOLYLINE
  5
479
330
17
100
AcDbEntity
  8
F04_WALLS
100
AcDbPolyline
 90
5
 70
1
 10
47331.03510840968
 20
-36234.02042745658
 10
49800.870906286844
 20
-36234.02042745658
 10
49800.870906286844
 20
-36034.02042745658
 10
47331.03510840968
 20
-36034.02042745658
 10
47331.03510840968
 20
-36234.02042745658
  0
LWPOLYLINE
  5
47A
330
17
100
AcDbEntity
  8
F04_WALLS
100
AcDbPolyline
 90
5
 70
1
 10
49700.870906286844
 20
-37229.98498526331
 10
49700.870906286844
 20
-40054.20134576529
 10
49900.870906286844
 20
-40054.20134576529
 10
49900.870906286844
 20
-37229.98498526331
 10
49700.870906286844
 20
-37229.98498526331
  0
LWPOLYLINE
  5
47B
330
17
100
AcDbEntity
  8
F04_WALLS
100
AcDbPolyline
 90
5
 70
1
 10
49700.870906286844
 20
-41824.605631453094
 10
49700.870906286844
 20
-43763.619849111165
 10
49900.870906286844
 20
-43763.619849111165
 10
49900.870906286844
 20
-41824.605631453094
 10
49700.870906286844
 20
-41824.605631453094
  0
LWPOLYLINE
  5
47C
330
17
100
AcDbEntity
  8
F04_WALLS
100
AcDbPolyline
 90
5
 70
1
 10
49771.196948343444
 20
-43668.12400511796
 10
43802.42710347363
 20
-45522.8332567909
 10
43861.77501936043
 20
-45713.8249447773
 10
49830.54486423024
 20
-43859.11569310436
 10
49771.196948343444
 20
-43668.12400511796
  0
LWPOLYLINE
  5
47D
330
17
100
AcDbEntity
  8
F04_WALLS
100
AcDbPolyline
 90
5
 70
1
 10
41650.412773292206
 20
-44590.97447494763
 10
32553.18425111131
 20
-44590.97447494763
 10
32553.18425111131
 20
-44790.97447494763
 10
41650.412773292206
 20
-44790.97447494763
 10
41650.412773292206
 20
-44590.97447494763
  0
LWPOLYLINE
  5
47E
330
17
100
AcDbEntity
  8
F04_WALLS
100
AcDbPolyline
 90
5
 70
1
 10
30700.80740270343
 20
-44675.27944093277
 10
27284.201215640023
 20
-44675.27944093277
 10
27284.201215640023
 20
-44875.27944093277
 10
30700.80740270343
 20
-44875.27944093277
 10
30700.80740270343
 20
-44675.27944093277
  0
LWPOLYLINE
  5
47F
330
17
100
AcDbEntity
  8
F04_WALLS
100
AcDbPolyline
 90
5
 70
1
 10
25390.66043726753
 20
-44506.6695089625
 10
24196.906468293568
 20
-44506.6695089625
 10
24196.906468293568
 20
-44706.6695089625
 10
25390.66043726753
 20
-44706.6695089625
 10
25390.66043726753
 20
-44506.6695089625
  0
LWPOLYLINE
  5
480
330
17
100
AcDbEntity
  8
F04_WALLS
100
AcDbPolyline
 90
5
 70
1
 10
24096.906468293568
 20
-44606.6695089625
 10
24096.906468293568
 20
-45660.48158377667
 10
24296.906468293568
 20
-45660.48158377667
 10
24296.906468293568
 20
-44606.6695089625
 10
24096.906468293568
 20
-44606.6695089625
  0
LWPOLYLINE
  5
481
330
17
100
AcDbEntity
  8
F04_WALLS
100
AcDbPolyline
 90
5
 70
1
 10
24196.906468293568
 20
-45560.48158377667
 10
21397.75923069944
 20
-45560.48158377667
 10
21397.75923069944
 20
-45760.48158377667
 10
24196.906468293568
 20
-45760.48158377667
 10
24196.906468293568
 20
-45560.48158377667
  0
LWPOLYLINE
  5
482
330
17
100
AcDbEntity
  8
F04_WALLS
100
AcDbPolyline
 90
5
 70
1
 10
21497.75923069944
 20
-45660.48158377667
 10
21497.75923069944
 20
-43299.94253619293
 10
21297.75923069944
 20
-43299.94253619293
 10
21297.75923069944
 20
-45660.48158377667
 10
21497.75923069944
 20
-45660.48158377667
  0
LWPOLYLINE
  5
483
330
17
100
AcDbEntity
  8
F04_WALLS
100
AcDbPolyline
 90
5
 70
1
 10
18475.120203211463
 20
-45802.634066769235
 10
21397.75923069944
 20
-45802.634066769235
 10
21397.75923069944
 20
-45602.634066769235
 10
18475.120203211463
 20
-45602.634066769235
 10
18475.120203211463
 20
-45802.634066769235
  0
LWPOLYLINE
  5
484
330
17
100
AcDbEntity
  8
F04_WALLS
100
AcDbPolyline
 90
5
 70
1
 10
21297.75923069944
 20
-45702.634066769235
 10
21297.75923069944
 20
-47262.2759374942
 10
21497.75923069944
 20
-47262.2759374942
 10
21497.75923069944
 20
-45702.634066769235
 10
21297.75923069944
 20
-45702.634066769235
  0
LWPOLYLINE
  5
485
330
17
100
AcDbEntity
  8
F04_WALLS
100
AcDbPolyline
 90
5
 70
1
 10
21397.75923069944
 20
-47162.2759374942
 10
18475.120203211463
 20
-47162.2759374942
 10
18475.120203211463
 20
-47362.2759374942
 10
21397.75923069944
 20
-47362.2759374942
 10
21397.75923069944
 20
-47162.2759374942
  0
LWPOLYLINE
  5
486
330
17
100
AcDbEntity
  8
F04_WALLS
100
AcDbPolyline
 90
5
 70
1
 10
18575.120203211463
 20
-47262.2759374942
 10
18575.120203211463
 20
-45702.634066769235
 10
18375.120203211463
 20
-45702.634066769235
 10
18375.120203211463
 20
-47262.2759374942
 10
18575.120203211463
 20
-47262.2759374942
  0
LWPOLYLINE
  5
487
330
17
100
AcDbEntity
  8
F04_WALLS
100
AcDbPolyline
 90
5
 70
1
 10
19069.087362786897
 20
-51098.15188981778
 10
19069.087362786897
 20
-47641.648284427305
 10
18869.087362786897
 20
-47641.648284427305
 10
18869.087362786897
 20
-51098.15188981778
 10
19069.087362786897
 20
-51098.15188981778
  0
LWPOLYLINE
  5
488
330
17
100
AcDbEntity
  8
F04_WALLS
100
AcDbPolyline
 90
5
 70
1
 10
18969.087362786897
 20
-47741.648284427305
 10
21438.923160664064
 20
-47741.648284427305
 10
21438.923160664064
 20
-47541.648284427305
 10
18969.087362786897
 20
-47541.648284427305
 10
18969.087362786897
 20
-47741.648284427305
  0
LWPOLYLINE
  5
489
330
17
100
AcDbEntity
  8
F04_WALLS
100
AcDbPolyline
 90
5
 70
1
 10
21338.923160664064
 20
-47641.648284427305
 10
21338.923160664064
 20
-50845.23699186238
 10
21538.923160664064
 20
-50845.23699186238
 10
21538.923160664064
 20
-47641.648284427305
 10
21338.923160664064
 20
-47641.648284427305
  0
LWPOLYLINE
  5
48A
330
17
100
AcDbEntity
  8
F04_WALLS
100
AcDbPolyline
 90
5
 70
1
 10
25802.299736913723
 20
-47530.88586946447
 10
33129.47927061598
 20
-47530.88586946447
 10
33129.47927061598
 20
-47330.88586946447
 10
25802.299736913723
 20
-47330.88586946447
 10
25802.299736913723
 20
-47530.88586946447
  0
LWPOLYLINE
  5
48B
330
17
100
AcDbEntity
  8
F04_WALLS
100
AcDbPolyline
 90
5
 70
1
 10
33029.47927061598
 20
-47430.88586946447
 10
33029.47927061598
 20
-50971.69444084008
 10
33229.47927061598
 20
-50971.69444084008
 10
33229.47927061598
 20
-47430.88586946447
 10
33029.47927061598
 20
-47430.88586946447
  0
LWPOLYLINE
  5
48C
330
17
100
AcDbEntity
  8
F04_WALLS
100
AcDbPolyline
 90
5
 70
1
 10
33499.954640297554
 20
-47530.88586946447
 10
35475.82327859929
 20
-47530.88586946447
 10
35475.82327859929
 20
-47330.88586946447
 10
33499.954640297554
 20
-47330.88586946447
 10
33499.954640297554
 20
-47530.88586946447
  0
LWPOLYLINE
  5
48D
330
17
100
AcDbEntity
  8
F04_WALLS
100
AcDbPolyline
 90
5
 70
1
 10
35375.82327859929
 20
-47430.88586946447
 10
35375.82327859929
 20
-51055.99940682521
 10
35575.82327859929
 20
-51055.99940682521
 10
35575.82327859929
 20
-47430.88586946447
 10
35375.82327859929
 20
-47430.88586946447
  0
LWPOLYLINE
  5
48E
330
17
100
AcDbEntity
  8
F04_WALLS
100
AcDbPolyline
 90
5
 70
1
 10
37904.495146511836
 20
-47404.42842048677
 10
42926.49460219541
 20
-47404.42842048677
 10
42926.49460219541
 20
-47204.42842048677
 10
37904.495146511836
 20
-47204.42842048677
 10
37904.495146511836
 20
-47404.42842048677
  0
LWPOLYLINE
  5
48F
330
17
100
AcDbEntity
  8
F04_WALLS
100
AcDbPolyline
 90
5
 70
1
 10
42826.49460219541
 20
-47304.42842048677
 10
42826.49460219541
 20
-49538.51001909281
 10
43026.49460219541
 20
-49538.51001909281
 10
43026.49460219541
 20
-47304.42842048677
 10
42826.49460219541
 20
-47304.42842048677
  0
LWPOLYLINE
  5
490
330
17
100
AcDbEntity
  8
F04_WALLS
100
AcDbPolyline
 90
5
 70
1
 10
42926.49460219541
 20
-49438.51001909281
 10
37904.495146511836
 20
-49438.51001909281
 10
37904.495146511836
 20
-49638.51001909281
 10
42926.49460219541
 20
-49638.51001909281
 10
42926.49460219541
 20
-49438.51001909281
  0
LWPOLYLINE
  5
491
330
17
100
AcDbEntity
  8
F04_WALLS
100
AcDbPolyline
 90
5
 70
1
 10
38004.495146511836
 20
-49538.51001909281
 10
38004.495146511836
 20
-47304.42842048677
 10
37804.495146511836
 20
-47304.42842048677
 10
37804.495146511836
 20
-49538.51001909281
 10
38004.495146511836
 20
-49538.51001909281
  0
LWPOLYLINE
  5
492
330
17
100
AcDbEntity
  8
F04_WALLS
100
AcDbPolyline
 90
5
 70
1
 10
44120.248571169366
 20
-47277.97097150907
 10
50047.85448607457
 20
-47277.97097150907
 10
50047.85448607457
 20
-47077.97097150907
 10
44120.248571169366
 20
-47077.97097150907
 10
44120.248571169366
 20
-47277.97097150907
  0
LWPOLYLINE
  5
493
330
17
100
AcDbEntity
  8
F04_WALLS
100
AcDbPolyline
 90
5
 70
1
 10
50147.85448607457
 20
-47177.97097150907
 10
50147.85448607457
 20
-46082.00641370234
 10
49947.85448607457
 20
-46082.00641370234
 10
49947.85448607457
 20
-47177.97097150907
 10
50147.85448607457
 20
-47177.97097150907
  0
LWPOLYLINE
  5
495
330
17
100
AcDbEntity
  8
F04_RAILS
100
AcDbPolyline
 90
5
 70
1
 10
27366.529075569262
 20
-23116.75069976088
 10
37492.85584686564
 20
-23116.75069976088
 10
37492.85584686564
 20
-23016.75069976088
 10
27366.529075569262
 20
-23016.75069976088
 10
27366.529075569262
 20
-23116.75069976088
  0
LWPOLYLINE
  5
496
330
17
100
AcDbEntity
  8
F04_RAILS
100
AcDbPolyline
 90
5
 70
1
 10
37456.31686931607
 20
-23100.881376865676
 10
38361.9233285377
 20
-24070.38848569471
 10
38435.00128363684
 20
-24002.12713148512
 10
37529.39482441521
 20
-23032.620022656083
 10
37456.31686931607
 20
-23100.881376865676
  0
LWPOLYLINE
  5
497
330
17
100
AcDbEntity
  8
F04_RAILS
100
AcDbPolyline
 90
5
 70
1
 10
38348.46230608727
 20
-24036.257808589915
 10
38348.46230608727
 20
-42836.26522327469
 10
38448.46230608727
 20
-42836.26522327469
 10
38448.46230608727
 20
-24036.257808589915
 10
38348.46230608727
 20
-24036.257808589915
  0
LWPOLYLINE
  5
498
330
17
100
AcDbEntity
  8
F04_RAILS
100
AcDbPolyline
 90
5
 70
1
 10
38364.393570035645
 20
-42799.6684853894
 10
37458.78711081402
 20
-43642.71814524074
 10
37526.924582917265
 20
-43715.91162101132
 10
38432.53104213889
 20
-42872.861961159986
 10
38364.393570035645
 20
-42799.6684853894
  0
LWPOLYLINE
  5
499
330
17
100
AcDbEntity
  8
F04_RAILS
100
AcDbPolyline
 90
5
 70
1
 10
37492.85584686564
 20
-43629.31488312603
 10
27407.693005533878
 20
-43629.31488312603
 10
27407.693005533878
 20
-43729.31488312603
 10
37492.85584686564
 20
-43729.31488312603
 10
37492.85584686564
 20
-43629.31488312603
  0
LWPOLYLINE
  5
49B
330
17
100
AcDbEntity
  8
F04_SEATING
100
AcDbPolyline
 90
5
 70
1
 10
39303.163158849675
 20
-23895.46851539474
 10
39938.89889322325
 20
-23895.46851539474
 10
39938.89889322325
 20
-24294.13733232
 10
39303.163158849675
 20
-24294.13733232
 10
39303.163158849675
 20
-23895.46851539474
  0
LWPOLYLINE
  5
49C
330
17
100
AcDbEntity
  8
F04_SEATING
100
AcDbPolyline
 90
5
 70
1
 10
39303.163158849675
 20
-24518.38854184045
 10
39938.89889322325
 20
-24518.38854184045
 10
39938.89889322325
 20
-24917.057358765705
 10
39303.163158849675
 20
-24917.057358765705
 10
39303.163158849675
 20
-24518.38854184045
  0
LWPOLYLINE
  5
49D
330
17
100
AcDbEntity
  8
F04_SEATING
100
AcDbPolyline
 90
5
 70
1
 10
39303.163158849675
 20
-25141.30856828616
 10
39938.89889322325
 20
-25141.30856828616
 10
39938.89889322325
 20
-25539.977385211412
 10
39303.163158849675
 20
-25539.977385211412
 10
39303.163158849675
 20
-25141.30856828616
  0
LWPOLYLINE
  5
49E
330
17
100
AcDbEntity
  8
F04_SEATING
100
AcDbPolyline
 90
5
 70
1
 10
39303.163158849675
 20
-25764.22859473187
 10
39938.89889322325
 20
-25764.22859473187
 10
39938.89889322325
 20
-26162.897411657123
 10
39303.163158849675
 20
-26162.897411657123
 10
39303.163158849675
 20
-25764.22859473187
  0
LWPOLYLINE
  5
49F
330
17
100
AcDbEntity
  8
F04_SEATING
100
AcDbPolyline
 90
5
 70
1
 10
39303.163158849675
 20
-26387.148621177577
 10
39938.89889322325
 20
-26387.148621177577
 10
39938.89889322325
 20
-26785.81743810283
 10
39303.163158849675
 20
-26785.81743810283
 10
39303.163158849675
 20
-26387.148621177577
  0
LWPOLYLINE
  5
4A0
330
17
100
AcDbEntity
  8
F04_SEATING
100
AcDbPolyline
 90
5
 70
1
 10
39303.163158849675
 20
-27010.068647623288
 10
39938.89889322325
 20
-27010.068647623288
 10
39938.89889322325
 20
-27408.737464548536
 10
39303.163158849675
 20
-27408.737464548536
 10
39303.163158849675
 20
-27010.068647623288
  0
LWPOLYLINE
  5
4A1
330
17
100
AcDbEntity
  8
F04_SEATING
100
AcDbPolyline
 90
5
 70
1
 10
39303.163158849675
 20
-27632.988674068994
 10
39938.89889322325
 20
-27632.988674068994
 10
39938.89889322325
 20
-28031.65749099425
 10
39303.163158849675
 20
-28031.65749099425
 10
39303.163158849675
 20
-27632.988674068994
  0
LWPOLYLINE
  5
4A2
330
17
100
AcDbEntity
  8
F04_SEATING
100
AcDbPolyline
 90
5
 70
1
 10
39303.163158849675
 20
-28255.9087005147
 10
39938.89889322325
 20
-28255.9087005147
 10
39938.89889322325
 20
-28654.57751743996
 10
39303.163158849675
 20
-28654.57751743996
 10
39303.163158849675
 20
-28255.9087005147
  0
LWPOLYLINE
  5
4A3
330
17
100
AcDbEntity
  8
F04_SEATING
100
AcDbPolyline
 90
5
 70
1
 10
39303.163158849675
 20
-28878.828726960408
 10
39938.89889322325
 20
-28878.828726960408
 10
39938.89889322325
 20
-29277.497543885667
 10
39303.163158849675
 20
-29277.497543885667
 10
39303.163158849675
 20
-28878.828726960408
  0
LWPOLYLINE
  5
4A4
330
17
100
AcDbEntity
  8
F04_SEATING
100
AcDbPolyline
 90
5
 70
1
 10
40266.39912002177
 20
-23895.46851539474
 10
40902.13485439536
 20
-23895.46851539474
 10
40902.13485439536
 20
-24294.13733232
 10
40266.39912002177
 20
-24294.13733232
 10
40266.39912002177
 20
-23895.46851539474
  0
LWPOLYLINE
  5
4A5
330
17
100
AcDbEntity
  8
F04_SEATING
100
AcDbPolyline
 90
5
 70
1
 10
40266.39912002177
 20
-24518.38854184045
 10
40902.13485439536
 20
-24518.38854184045
 10
40902.13485439536
 20
-24917.057358765705
 10
40266.39912002177
 20
-24917.057358765705
 10
40266.39912002177
 20
-24518.38854184045
  0
LWPOLYLINE
  5
4A6
330
17
100
AcDbEntity
  8
F04_SEATING
100
AcDbPolyline
 90
5
 70
1
 10
40266.39912002177
 20
-25141.30856828616
 10
40902.13485439536
 20
-25141.30856828616
 10
40902.13485439536
 20
-25539.977385211412
 10
40266.39912002177
 20
-25539.977385211412
 10
40266.39912002177
 20
-25141.30856828616
  0
LWPOLYLINE
  5
4A7
330
17
100
AcDbEntity
  8
F04_SEATING
100
AcDbPolyline
 90
5
 70
1
 10
40266.39912002177
 20
-25764.22859473187
 10
40902.13485439536
 20
-25764.22859473187
 10
40902.13485439536
 20
-26162.897411657123
 10
40266.39912002177
 20
-26162.897411657123
 10
40266.39912002177
 20
-25764.22859473187
  0
LWPOLYLINE
  5
4A8
330
17
100
AcDbEntity
  8
F04_SEATING
100
AcDbPolyline
 90
5
 70
1
 10
40266.39912002177
 20
-26387.148621177577
 10
40902.13485439536
 20
-26387.148621177577
 10
40902.13485439536
 20
-26785.81743810283
 10
40266.39912002177
 20
-26785.81743810283
 10
40266.39912002177
 20
-26387.148621177577
  0
LWPOLYLINE
  5
4A9
330
17
100
AcDbEntity
  8
F04_SEATING
100
AcDbPolyline
 90
5
 70
1
 10
40266.39912002177
 20
-27010.068647623288
 10
40902.13485439536
 20
-27010.068647623288
 10
40902.13485439536
 20
-27408.737464548536
 10
40266.39912002177
 20
-27408.737464548536
 10
40266.39912002177
 20
-27010.068647623288
  0
LWPOLYLINE
  5
4AA
330
17
100
AcDbEntity
  8
F04_SEATING
100
AcDbPolyline
 90
5
 70
1
 10
40266.39912002177
 20
-27632.988674068994
 10
40902.13485439536
 20
-27632.988674068994
 10
40902.13485439536
 20
-28031.65749099425
 10
40266.39912002177
 20
-28031.65749099425
 10
40266.39912002177
 20
-27632.988674068994
  0
LWPOLYLINE
  5
4AB
330
17
100
AcDbEntity
  8
F04_SEATING
100
AcDbPolyline
 90
5
 70
1
 10
40266.39912002177
 20
-28255.9087005147
 10
40902.13485439536
 20
-28255.9087005147
 10
40902.13485439536
 20
-28654.57751743996
 10
40266.39912002177
 20
-28654.57751743996
 10
40266.39912002177
 20
-28255.9087005147
  0
LWPOLYLINE
  5
4AC
330
17
100
AcDbEntity
  8
F04_SEATING
100
AcDbPolyline
 90
5
 70
1
 10
40266.39912002177
 20
-28878.828726960408
 10
40902.13485439536
 20
-28878.828726960408
 10
40902.13485439536
 20
-29277.497543885667
 10
40266.39912002177
 20
-29277.497543885667
 10
40266.39912002177
 20
-28878.828726960408
  0
LWPOLYLINE
  5
4AD
330
17
100
AcDbEntity
  8
F04_SEATING
100
AcDbPolyline
 90
5
 70
1
 10
41229.63508119386
 20
-23895.46851539474
 10
41865.37081556744
 20
-23895.46851539474
 10
41865.37081556744
 20
-24294.13733232
 10
41229.63508119386
 20
-24294.13733232
 10
41229.63508119386
 20
-23895.46851539474
  0
LWPOLYLINE
  5
4AE
330
17
100
AcDbEntity
  8
F04_SEATING
100
AcDbPolyline
 90
5
 70
1
 10
41229.63508119386
 20
-24518.38854184045
 10
41865.37081556744
 20
-24518.38854184045
 10
41865.37081556744
 20
-24917.057358765705
 10
41229.63508119386
 20
-24917.057358765705
 10
41229.63508119386
 20
-24518.38854184045
  0
LWPOLYLINE
  5
4AF
330
17
100
AcDbEntity
  8
F04_SEATING
100
AcDbPolyline
 90
5
 70
1
 10
41229.63508119386
 20
-25141.30856828616
 10
41865.37081556744
 20
-25141.30856828616
 10
41865.37081556744
 20
-25539.977385211412
 10
41229.63508119386
 20
-25539.977385211412
 10
41229.63508119386
 20
-25141.30856828616
  0
LWPOLYLINE
  5
4B0
330
17
100
AcDbEntity
  8
F04_SEATING
100
AcDbPolyline
 90
5
 70
1
 10
41229.63508119386
 20
-25764.22859473187
 10
41865.37081556744
 20
-25764.22859473187
 10
41865.37081556744
 20
-26162.897411657123
 10
41229.63508119386
 20
-26162.897411657123
 10
41229.63508119386
 20
-25764.22859473187
  0
LWPOLYLINE
  5
4B1
330
17
100
AcDbEntity
  8
F04_SEATING
100
AcDbPolyline
 90
5
 70
1
 10
41229.63508119386
 20
-26387.148621177577
 10
41865.37081556744
 20
-26387.148621177577
 10
41865.37081556744
 20
-26785.81743810283
 10
41229.63508119386
 20
-26785.81743810283
 10
41229.63508119386
 20
-26387.148621177577
  0
LWPOLYLINE
  5
4B2
330
17
100
AcDbEntity
  8
F04_SEATING
100
AcDbPolyline
 90
5
 70
1
 10
41229.63508119386
 20
-27010.068647623288
 10
41865.37081556744
 20
-27010.068647623288
 10
41865.37081556744
 20
-27408.737464548536
 10
41229.63508119386
 20
-27408.737464548536
 10
41229.63508119386
 20
-27010.068647623288
  0
LWPOLYLINE
  5
4B3
330
17
100
AcDbEntity
  8
F04_SEATING
100
AcDbPolyline
 90
5
 70
1
 10
41229.63508119386
 20
-27632.988674068994
 10
41865.37081556744
 20
-27632.988674068994
 10
41865.37081556744
 20
-28031.65749099425
 10
41229.63508119386
 20
-28031.65749099425
 10
41229.63508119386
 20
-27632.988674068994
  0
LWPOLYLINE
  5
4B4
330
17
100
AcDbEntity
  8
F04_SEATING
100
AcDbPolyline
 90
5
 70
1
 10
41229.63508119386
 20
-28255.9087005147
 10
41865.37081556744
 20
-28255.9087005147
 10
41865.37081556744
 20
-28654.57751743996
 10
41229.63508119386
 20
-28654.57751743996
 10
41229.63508119386
 20
-28255.9087005147
  0
LWPOLYLINE
  5
4B5
330
17
100
AcDbEntity
  8
F04_SEATING
100
AcDbPolyline
 90
5
 70
1
 10
41229.63508119386
 20
-28878.828726960408
 10
41865.37081556744
 20
-28878.828726960408
 10
41865.37081556744
 20
-29277.497543885667
 10
41229.63508119386
 20
-29277.497543885667
 10
41229.63508119386
 20
-28878.828726960408
  0
LWPOLYLINE
  5
4B6
330
17
100
AcDbEntity
  8
F04_SEATING
100
AcDbPolyline
 90
5
 70
1
 10
42192.87104236596
 20
-23895.46851539474
 10
42828.60677673954
 20
-23895.46851539474
 10
42828.60677673954
 20
-24294.13733232
 10
42192.87104236596
 20
-24294.13733232
 10
42192.87104236596
 20
-23895.46851539474
  0
LWPOLYLINE
  5
4B7
330
17
100
AcDbEntity
  8
F04_SEATING
100
AcDbPolyline
 90
5
 70
1
 10
42192.87104236596
 20
-24518.38854184045
 10
42828.60677673954
 20
-24518.38854184045
 10
42828.60677673954
 20
-24917.057358765705
 10
42192.87104236596
 20
-24917.057358765705
 10
42192.87104236596
 20
-24518.38854184045
  0
LWPOLYLINE
  5
4B8
330
17
100
AcDbEntity
  8
F04_SEATING
100
AcDbPolyline
 90
5
 70
1
 10
42192.87104236596
 20
-25141.30856828616
 10
42828.60677673954
 20
-25141.30856828616
 10
42828.60677673954
 20
-25539.977385211412
 10
42192.87104236596
 20
-25539.977385211412
 10
42192.87104236596
 20
-25141.30856828616
  0
LWPOLYLINE
  5
4B9
330
17
100
AcDbEntity
  8
F04_SEATING
100
AcDbPolyline
 90
5
 70
1
 10
42192.87104236596
 20
-25764.22859473187
 10
42828.60677673954
 20
-25764.22859473187
 10
42828.60677673954
 20
-26162.897411657123
 10
42192.87104236596
 20
-26162.897411657123
 10
42192.87104236596
 20
-25764.22859473187
  0
LWPOLYLINE
  5
4BA
330
17
100
AcDbEntity
  8
F04_SEATING
100
AcDbPolyline
 90
5
 70
1
 10
42192.87104236596
 20
-26387.148621177577
 10
42828.60677673954
 20
-26387.148621177577
 10
42828.60677673954
 20
-26785.81743810283
 10
42192.87104236596
 20
-26785.81743810283
 10
42192.87104236596
 20
-26387.148621177577
  0
LWPOLYLINE
  5
4BB
330
17
100
AcDbEntity
  8
F04_SEATING
100
AcDbPolyline
 90
5
 70
1
 10
42192.87104236596
 20
-27010.068647623288
 10
42828.60677673954
 20
-27010.068647623288
 10
42828.60677673954
 20
-27408.737464548536
 10
42192.87104236596
 20
-27408.737464548536
 10
42192.87104236596
 20
-27010.068647623288
  0
LWPOLYLINE
  5
4BC
330
17
100
AcDbEntity
  8
F04_SEATING
100
AcDbPolyline
 90
5
 70
1
 10
42192.87104236596
 20
-27632.988674068994
 10
42828.60677673954
 20
-27632.988674068994
 10
42828.60677673954
 20
-28031.65749099425
 10
42192.87104236596
 20
-28031.65749099425
 10
42192.87104236596
 20
-27632.988674068994
  0
LWPOLYLINE
  5
4BD
330
17
100
AcDbEntity
  8
F04_SEATING
100
AcDbPolyline
 90
5
 70
1
 10
42192.87104236596
 20
-28255.9087005147
 10
42828.60677673954
 20
-28255.9087005147
 10
42828.60677673954
 20
-28654.57751743996
 10
42192.87104236596
 20
-28654.57751743996
 10
42192.87104236596
 20
-28255.9087005147
  0
LWPOLYLINE
  5
4BE
330
17
100
AcDbEntity
  8
F04_SEATING
100
AcDbPolyline
 90
5
 70
1
 10
42192.87104236596
 20
-28878.828726960408
 10
42828.60677673954
 20
-28878.828726960408
 10
42828.60677673954
 20
-29277.497543885667
 10
42192.87104236596
 20
-29277.497543885667
 10
42192.87104236596
 20
-28878.828726960408
  0
LWPOLYLINE
  5
4BF
330
17
100
AcDbEntity
  8
F04_SEATING
100
AcDbPolyline
 90
5
 70
1
 10
43156.107003538054
 20
-23895.46851539474
 10
43791.842737911626
 20
-23895.46851539474
 10
43791.842737911626
 20
-24294.13733232
 10
43156.107003538054
 20
-24294.13733232
 10
43156.107003538054
 20
-23895.46851539474
  0
LWPOLYLINE
  5
4C0
330
17
100
AcDbEntity
  8
F04_SEATING
100
AcDbPolyline
 90
5
 70
1
 10
43156.107003538054
 20
-24518.38854184045
 10
43791.842737911626
 20
-24518.38854184045
 10
43791.842737911626
 20
-24917.057358765705
 10
43156.107003538054
 20
-24917.057358765705
 10
43156.107003538054
 20
-24518.38854184045
  0
LWPOLYLINE
  5
4C1
330
17
100
AcDbEntity
  8
F04_SEATING
100
AcDbPolyline
 90
5
 70
1
 10
43156.107003538054
 20
-25141.30856828616
 10
43791.842737911626
 20
-25141.30856828616
 10
43791.842737911626
 20
-25539.977385211412
 10
43156.107003538054
 20
-25539.977385211412
 10
43156.107003538054
 20
-25141.30856828616
  0
LWPOLYLINE
  5
4C2
330
17
100
AcDbEntity
  8
F04_SEATING
100
AcDbPolyline
 90
5
 70
1
 10
43156.107003538054
 20
-25764.22859473187
 10
43791.842737911626
 20
-25764.22859473187
 10
43791.842737911626
 20
-26162.897411657123
 10
43156.107003538054
 20
-26162.897411657123
 10
43156.107003538054
 20
-25764.22859473187
  0
LWPOLYLINE
  5
4C3
330
17
100
AcDbEntity
  8
F04_SEATING
100
AcDbPolyline
 90
5
 70
1
 10
43156.107003538054
 20
-26387.148621177577
 10
43791.842737911626
 20
-26387.148621177577
 10
43791.842737911626
 20
-26785.81743810283
 10
43156.107003538054
 20
-26785.81743810283
 10
43156.107003538054
 20
-26387.148621177577
  0
LWPOLYLINE
  5
4C4
330
17
100
AcDbEntity
  8
F04_SEATING
100
AcDbPolyline
 90
5
 70
1
 10
43156.107003538054
 20
-27010.068647623288
 10
43791.842737911626
 20
-27010.068647623288
 10
43791.842737911626
 20
-27408.737464548536
 10
43156.107003538054
 20
-27408.737464548536
 10
43156.107003538054
 20
-27010.068647623288
  0
LWPOLYLINE
  5
4C5
330
17
100
AcDbEntity
  8
F04_SEATING
100
AcDbPolyline
 90
5
 70
1
 10
43156.107003538054
 20
-27632.988674068994
 10
43791.842737911626
 20
-27632.988674068994
 10
43791.842737911626
 20
-28031.65749099425
 10
43156.107003538054
 20
-28031.65749099425
 10
43156.107003538054
 20
-27632.988674068994
  0
LWPOLYLINE
  5
4C6
330
17
100
AcDbEntity
  8
F04_SEATING
100
AcDbPolyline
 90
5
 70
1
 10
43156.107003538054
 20
-28255.9087005147
 10
43791.842737911626
 20
-28255.9087005147
 10
43791.842737911626
 20
-28654.57751743996
 10
43156.107003538054
 20
-28654.57751743996
 10
43156.107003538054
 20
-28255.9087005147
  0
LWPOLYLINE
  5
4C7
330
17
100
AcDbEntity
  8
F04_SEATING
100
AcDbPolyline
 90
5
 70
1
 10
43156.107003538054
 20
-28878.828726960408
 10
43791.842737911626
 20
-28878.828726960408
 10
43791.842737911626
 20
-29277.497543885667
 10
43156.107003538054
 20
-29277.497543885667
 10
43156.107003538054
 20
-28878.828726960408
  0
LWPOLYLINE
  5
4C8
330
17
100
AcDbEntity
  8
F04_SEATING
100
AcDbPolyline
 90
5
 70
1
 10
39303.163158849675
 20
-30638.51691474966
 10
39938.89889322325
 20
-30638.51691474966
 10
39938.89889322325
 20
-31032.389715832207
 10
39303.163158849675
 20
-31032.389715832207
 10
39303.163158849675
 20
-30638.51691474966
  0
LWPOLYLINE
  5
4C9
330
17
100
AcDbEntity
  8
F04_SEATING
100
AcDbPolyline
 90
5
 70
1
 10
39303.163158849675
 20
-31253.943166441135
 10
39938.89889322325
 20
-31253.943166441135
 10
39938.89889322325
 20
-31647.815967523682
 10
39303.163158849675
 20
-31647.815967523682
 10
39303.163158849675
 20
-31253.943166441135
  0
LWPOLYLINE
  5
4CA
330
17
100
AcDbEntity
  8
F04_SEATING
100
AcDbPolyline
 90
5
 70
1
 10
39303.163158849675
 20
-31869.369418132614
 10
39938.89889322325
 20
-31869.369418132614
 10
39938.89889322325
 20
-32263.242219215157
 10
39303.163158849675
 20
-32263.242219215157
 10
39303.163158849675
 20
-31869.369418132614
  0
LWPOLYLINE
  5
4CB
330
17
100
AcDbEntity
  8
F04_SEATING
100
AcDbPolyline
 90
5
 70
1
 10
39303.163158849675
 20
-32484.795669824085
 10
39938.89889322325
 20
-32484.795669824085
 10
39938.89889322325
 20
-32878.66847090663
 10
39303.163158849675
 20
-32878.66847090663
 10
39303.163158849675
 20
-32484.795669824085
  0
LWPOLYLINE
  5
4CC
330
17
100
AcDbEntity
  8
F04_SEATING
100
AcDbPolyline
 90
5
 70
1
 10
39303.163158849675
 20
-33100.221921515564
 10
39938.89889322325
 20
-33100.221921515564
 10
39938.89889322325
 20
-33494.09472259811
 10
39303.163158849675
 20
-33494.09472259811
 10
39303.163158849675
 20
-33100.221921515564
  0
LWPOLYLINE
  5
4CD
330
17
100
AcDbEntity
  8
F04_SEATING
100
AcDbPolyline
 90
5
 70
1
 10
39303.163158849675
 20
-33715.64817320704
 10
39938.89889322325
 20
-33715.64817320704
 10
39938.89889322325
 20
-34109.52097428958
 10
39303.163158849675
 20
-34109.52097428958
 10
39303.163158849675
 20
-33715.64817320704
  0
LWPOLYLINE
  5
4CE
330
17
100
AcDbEntity
  8
F04_SEATING
100
AcDbPolyline
 90
5
 70
1
 10
39303.163158849675
 20
-34331.074424898514
 10
39938.89889322325
 20
-34331.074424898514
 10
39938.89889322325
 20
-34724.94722598106
 10
39303.163158849675
 20
-34724.94722598106
 10
39303.163158849675
 20
-34331.074424898514
  0
LWPOLYLINE
  5
4CF
330
17
100
AcDbEntity
  8
F04_SEATING
100
AcDbPolyline
 90
5
 70
1
 10
39303.163158849675
 20
-34946.50067658999
 10
39938.89889322325
 20
-34946.50067658999
 10
39938.89889322325
 20
-35340.37347767253
 10
39303.163158849675
 20
-35340.37347767253
 10
39303.163158849675
 20
-34946.50067658999
  0
LWPOLYLINE
  5
4D0
330
17
100
AcDbEntity
  8
F04_SEATING
100
AcDbPolyline
 90
5
 70
1
 10
39303.163158849675
 20
-35561.926928281464
 10
39938.89889322325
 20
-35561.926928281464
 10
39938.89889322325
 20
-35955.79972936401
 10
39303.163158849675
 20
-35955.79972936401
 10
39303.163158849675
 20
-35561.926928281464
  0
LWPOLYLINE
  5
4D1
330
17
100
AcDbEntity
  8
F04_SEATING
100
AcDbPolyline
 90
5
 70
1
 10
39303.163158849675
 20
-36177.35317997294
 10
39938.89889322325
 20
-36177.35317997294
 10
39938.89889322325
 20
-36571.22598105548
 10
39303.163158849675
 20
-36571.22598105548
 10
39303.163158849675
 20
-36177.35317997294
  0
LWPOLYLINE
  5
4D2
330
17
100
AcDbEntity
  8
F04_SEATING
100
AcDbPolyline
 90
5
 70
1
 10
40266.39912002177
 20
-30638.51691474966
 10
40902.13485439536
 20
-30638.51691474966
 10
40902.13485439536
 20
-31032.389715832207
 10
40266.39912002177
 20
-31032.389715832207
 10
40266.39912002177
 20
-30638.51691474966
  0
LWPOLYLINE
  5
4D3
330
17
100
AcDbEntity
  8
F04_SEATING
100
AcDbPolyline
 90
5
 70
1
 10
40266.39912002177
 20
-31253.943166441135
 10
40902.13485439536
 20
-31253.943166441135
 10
40902.13485439536
 20
-31647.815967523682
 10
40266.39912002177
 20
-31647.815967523682
 10
40266.39912002177
 20
-31253.943166441135
  0
LWPOLYLINE
  5
4D4
330
17
100
AcDbEntity
  8
F04_SEATING
100
AcDbPolyline
 90
5
 70
1
 10
40266.39912002177
 20
-31869.369418132614
 10
40902.13485439536
 20
-31869.369418132614
 10
40902.13485439536
 20
-32263.242219215157
 10
40266.39912002177
 20
-32263.242219215157
 10
40266.39912002177
 20
-31869.369418132614
  0
LWPOLYLINE
  5
4D5
330
17
100
AcDbEntity
  8
F04_SEATING
100
AcDbPolyline
 90
5
 70
1
 10
40266.39912002177
 20
-32484.795669824085
 10
40902.13485439536
 20
-32484.795669824085
 10
40902.13485439536
 20
-32878.66847090663
 10
40266.39912002177
 20
-32878.66847090663
 10
40266.39912002177
 20
-32484.795669824085
  0
LWPOLYLINE
  5
4D6
330
17
100
AcDbEntity
  8
F04_SEATING
100
AcDbPolyline
 90
5
 70
1
 10
40266.39912002177
 20
-33100.221921515564
 10
40902.13485439536
 20
-33100.221921515564
 10
40902.13485439536
 20
-33494.09472259811
 10
40266.39912002177
 20
-33494.09472259811
 10
40266.39912002177
 20
-33100.221921515564
  0
LWPOLYLINE
  5
4D7
330
17
100
AcDbEntity
  8
F04_SEATING
100
AcDbPolyline
 90
5
 70
1
 10
40266.39912002177
 20
-33715.64817320704
 10
40902.13485439536
 20
-33715.64817320704
 10
40902.13485439536
 20
-34109.52097428958
 10
40266.39912002177
 20
-34109.52097428958
 10
40266.39912002177
 20
-33715.64817320704
  0
LWPOLYLINE
  5
4D8
330
17
100
AcDbEntity
  8
F04_SEATING
100
AcDbPolyline
 90
5
 70
1
 10
40266.39912002177
 20
-34331.074424898514
 10
40902.13485439536
 20
-34331.074424898514
 10
40902.13485439536
 20
-34724.94722598106
 10
40266.39912002177
 20
-34724.94722598106
 10
40266.39912002177
 20
-34331.074424898514
  0
LWPOLYLINE
  5
4D9
330
17
100
AcDbEntity
  8
F04_SEATING
100
AcDbPolyline
 90
5
 70
1
 10
40266.39912002177
 20
-34946.50067658999
 10
40902.13485439536
 20
-34946.50067658999
 10
40902.13485439536
 20
-35340.37347767253
 10
40266.39912002177
 20
-35340.37347767253
 10
40266.39912002177
 20
-34946.50067658999
  0
LWPOLYLINE
  5
4DA
330
17
100
AcDbEntity
  8
F04_SEATING
100
AcDbPolyline
 90
5
 70
1
 10
40266.39912002177
 20
-35561.926928281464
 10
40902.13485439536
 20
-35561.926928281464
 10
40902.13485439536
 20
-35955.79972936401
 10
40266.39912002177
 20
-35955.79972936401
 10
40266.39912002177
 20
-35561.926928281464
  0
LWPOLYLINE
  5
4DB
330
17
100
AcDbEntity
  8
F04_SEATING
100
AcDbPolyline
 90
5
 70
1
 10
40266.39912002177
 20
-36177.35317997294
 10
40902.13485439536
 20
-36177.35317997294
 10
40902.13485439536
 20
-36571.22598105548
 10
40266.39912002177
 20
-36571.22598105548
 10
40266.39912002177
 20
-36177.35317997294
  0
LWPOLYLINE
  5
4DC
330
17
100
AcDbEntity
  8
F04_SEATING
100
AcDbPolyline
 90
5
 70
1
 10
41229.63508119386
 20
-30638.51691474966
 10
41865.37081556744
 20
-30638.51691474966
 10
41865.37081556744
 20
-31032.389715832207
 10
41229.63508119386
 20
-31032.389715832207
 10
41229.63508119386
 20
-30638.51691474966
  0
LWPOLYLINE
  5
4DD
330
17
100
AcDbEntity
  8
F04_SEATING
100
AcDbPolyline
 90
5
 70
1
 10
41229.63508119386
 20
-31253.943166441135
 10
41865.37081556744
 20
-31253.943166441135
 10
41865.37081556744
 20
-31647.815967523682
 10
41229.63508119386
 20
-31647.815967523682
 10
41229.63508119386
 20
-31253.943166441135
  0
LWPOLYLINE
  5
4DE
330
17
100
AcDbEntity
  8
F04_SEATING
100
AcDbPolyline
 90
5
 70
1
 10
41229.63508119386
 20
-31869.369418132614
 10
41865.37081556744
 20
-31869.369418132614
 10
41865.37081556744
 20
-32263.242219215157
 10
41229.63508119386
 20
-32263.242219215157
 10
41229.63508119386
 20
-31869.369418132614
  0
LWPOLYLINE
  5
4DF
330
17
100
AcDbEntity
  8
F04_SEATING
100
AcDbPolyline
 90
5
 70
1
 10
41229.63508119386
 20
-32484.795669824085
 10
41865.37081556744
 20
-32484.795669824085
 10
41865.37081556744
 20
-32878.66847090663
 10
41229.63508119386
 20
-32878.66847090663
 10
41229.63508119386
 20
-32484.795669824085
  0
LWPOLYLINE
  5
4E0
330
17
100
AcDbEntity
  8
F04_SEATING
100
AcDbPolyline
 90
5
 70
1
 10
41229.63508119386
 20
-33100.221921515564
 10
41865.37081556744
 20
-33100.221921515564
 10
41865.37081556744
 20
-33494.09472259811
 10
41229.63508119386
 20
-33494.09472259811
 10
41229.63508119386
 20
-33100.221921515564
  0
LWPOLYLINE
  5
4E1
330
17
100
AcDbEntity
  8
F04_SEATING
100
AcDbPolyline
 90
5
 70
1
 10
41229.63508119386
 20
-33715.64817320704
 10
41865.37081556744
 20
-33715.64817320704
 10
41865.37081556744
 20
-34109.52097428958
 10
41229.63508119386
 20
-34109.52097428958
 10
41229.63508119386
 20
-33715.64817320704
  0
LWPOLYLINE
  5
4E2
330
17
100
AcDbEntity
  8
F04_SEATING
100
AcDbPolyline
 90
5
 70
1
 10
41229.63508119386
 20
-34331.074424898514
 10
41865.37081556744
 20
-34331.074424898514
 10
41865.37081556744
 20
-34724.94722598106
 10
41229.63508119386
 20
-34724.94722598106
 10
41229.63508119386
 20
-34331.074424898514
  0
LWPOLYLINE
  5
4E3
330
17
100
AcDbEntity
  8
F04_SEATING
100
AcDbPolyline
 90
5
 70
1
 10
41229.63508119386
 20
-34946.50067658999
 10
41865.37081556744
 20
-34946.50067658999
 10
41865.37081556744
 20
-35340.37347767253
 10
41229.63508119386
 20
-35340.37347767253
 10
41229.63508119386
 20
-34946.50067658999
  0
LWPOLYLINE
  5
4E4
330
17
100
AcDbEntity
  8
F04_SEATING
100
AcDbPolyline
 90
5
 70
1
 10
41229.63508119386
 20
-35561.926928281464
 10
41865.37081556744
 20
-35561.926928281464
 10
41865.37081556744
 20
-35955.79972936401
 10
41229.63508119386
 20
-35955.79972936401
 10
41229.63508119386
 20
-35561.926928281464
  0
LWPOLYLINE
  5
4E5
330
17
100
AcDbEntity
  8
F04_SEATING
100
AcDbPolyline
 90
5
 70
1
 10
41229.63508119386
 20
-36177.35317997294
 10
41865.37081556744
 20
-36177.35317997294
 10
41865.37081556744
 20
-36571.22598105548
 10
41229.63508119386
 20
-36571.22598105548
 10
41229.63508119386
 20
-36177.35317997294
  0
LWPOLYLINE
  5
4E6
330
17
100
AcDbEntity
  8
F04_SEATING
100
AcDbPolyline
 90
5
 70
1
 10
42192.87104236596
 20
-30638.51691474966
 10
42828.60677673954
 20
-30638.51691474966
 10
42828.60677673954
 20
-31032.389715832207
 10
42192.87104236596
 20
-31032.389715832207
 10
42192.87104236596
 20
-30638.51691474966
  0
LWPOLYLINE
  5
4E7
330
17
100
AcDbEntity
  8
F04_SEATING
100
AcDbPolyline
 90
5
 70
1
 10
42192.87104236596
 20
-31253.943166441135
 10
42828.60677673954
 20
-31253.943166441135
 10
42828.60677673954
 20
-31647.815967523682
 10
42192.87104236596
 20
-31647.815967523682
 10
42192.87104236596
 20
-31253.943166441135
  0
LWPOLYLINE
  5
4E8
330
17
100
AcDbEntity
  8
F04_SEATING
100
AcDbPolyline
 90
5
 70
1
 10
42192.87104236596
 20
-31869.369418132614
 10
42828.60677673954
 20
-31869.369418132614
 10
42828.60677673954
 20
-32263.242219215157
 10
42192.87104236596
 20
-32263.242219215157
 10
42192.87104236596
 20
-31869.369418132614
  0
LWPOLYLINE
  5
4E9
330
17
100
AcDbEntity
  8
F04_SEATING
100
AcDbPolyline
 90
5
 70
1
 10
42192.87104236596
 20
-32484.795669824085
 10
42828.60677673954
 20
-32484.795669824085
 10
42828.60677673954
 20
-32878.66847090663
 10
42192.87104236596
 20
-32878.66847090663
 10
42192.87104236596
 20
-32484.795669824085
  0
LWPOLYLINE
  5
4EA
330
17
100
AcDbEntity
  8
F04_SEATING
100
AcDbPolyline
 90
5
 70
1
 10
42192.87104236596
 20
-33100.221921515564
 10
42828.60677673954
 20
-33100.221921515564
 10
42828.60677673954
 20
-33494.09472259811
 10
42192.87104236596
 20
-33494.09472259811
 10
42192.87104236596
 20
-33100.221921515564
  0
LWPOLYLINE
  5
4EB
330
17
100
AcDbEntity
  8
F04_SEATING
100
AcDbPolyline
 90
5
 70
1
 10
42192.87104236596
 20
-33715.64817320704
 10
42828.60677673954
 20
-33715.64817320704
 10
42828.60677673954
 20
-34109.52097428958
 10
42192.87104236596
 20
-34109.52097428958
 10
42192.87104236596
 20
-33715.64817320704
  0
LWPOLYLINE
  5
4EC
330
17
100
AcDbEntity
  8
F04_SEATING
100
AcDbPolyline
 90
5
 70
1
 10
42192.87104236596
 20
-34331.074424898514
 10
42828.60677673954
 20
-34331.074424898514
 10
42828.60677673954
 20
-34724.94722598106
 10
42192.87104236596
 20
-34724.94722598106
 10
42192.87104236596
 20
-34331.074424898514
  0
LWPOLYLINE
  5
4ED
330
17
100
AcDbEntity
  8
F04_SEATING
100
AcDbPolyline
 90
5
 70
1
 10
42192.87104236596
 20
-34946.50067658999
 10
42828.60677673954
 20
-34946.50067658999
 10
42828.60677673954
 20
-35340.37347767253
 10
42192.87104236596
 20
-35340.37347767253
 10
42192.87104236596
 20
-34946.50067658999
  0
LWPOLYLINE
  5
4EE
330
17
100
AcDbEntity
  8
F04_SEATING
100
AcDbPolyline
 90
5
 70
1
 10
42192.87104236596
 20
-35561.926928281464
 10
42828.60677673954
 20
-35561.926928281464
 10
42828.60677673954
 20
-35955.79972936401
 10
42192.87104236596
 20
-35955.79972936401
 10
42192.87104236596
 20
-35561.926928281464
  0
LWPOLYLINE
  5
4EF
330
17
100
AcDbEntity
  8
F04_SEATING
100
AcDbPolyline
 90
5
 70
1
 10
42192.87104236596
 20
-36177.35317997294
 10
42828.60677673954
 20
-36177.35317997294
 10
42828.60677673954
 20
-36571.22598105548
 10
42192.87104236596
 20
-36571.22598105548
 10
42192.87104236596
 20
-36177.35317997294
  0
LWPOLYLINE
  5
4F0
330
17
100
AcDbEntity
  8
F04_SEATING
100
AcDbPolyline
 90
5
 70
1
 10
43156.107003538054
 20
-30638.51691474966
 10
43791.842737911626
 20
-30638.51691474966
 10
43791.842737911626
 20
-31032.389715832207
 10
43156.107003538054
 20
-31032.389715832207
 10
43156.107003538054
 20
-30638.51691474966
  0
LWPOLYLINE
  5
4F1
330
17
100
AcDbEntity
  8
F04_SEATING
100
AcDbPolyline
 90
5
 70
1
 10
43156.107003538054
 20
-31253.943166441135
 10
43791.842737911626
 20
-31253.943166441135
 10
43791.842737911626
 20
-31647.815967523682
 10
43156.107003538054
 20
-31647.815967523682
 10
43156.107003538054
 20
-31253.943166441135
  0
LWPOLYLINE
  5
4F2
330
17
100
AcDbEntity
  8
F04_SEATING
100
AcDbPolyline
 90
5
 70
1
 10
43156.107003538054
 20
-31869.369418132614
 10
43791.842737911626
 20
-31869.369418132614
 10
43791.842737911626
 20
-32263.242219215157
 10
43156.107003538054
 20
-32263.242219215157
 10
43156.107003538054
 20
-31869.369418132614
  0
LWPOLYLINE
  5
4F3
330
17
100
AcDbEntity
  8
F04_SEATING
100
AcDbPolyline
 90
5
 70
1
 10
43156.107003538054
 20
-32484.795669824085
 10
43791.842737911626
 20
-32484.795669824085
 10
43791.842737911626
 20
-32878.66847090663
 10
43156.107003538054
 20
-32878.66847090663
 10
43156.107003538054
 20
-32484.795669824085
  0
LWPOLYLINE
  5
4F4
330
17
100
AcDbEntity
  8
F04_SEATING
100
AcDbPolyline
 90
5
 70
1
 10
43156.107003538054
 20
-33100.221921515564
 10
43791.842737911626
 20
-33100.221921515564
 10
43791.842737911626
 20
-33494.09472259811
 10
43156.107003538054
 20
-33494.09472259811
 10
43156.107003538054
 20
-33100.221921515564
  0
LWPOLYLINE
  5
4F5
330
17
100
AcDbEntity
  8
F04_SEATING
100
AcDbPolyline
 90
5
 70
1
 10
43156.107003538054
 20
-33715.64817320704
 10
43791.842737911626
 20
-33715.64817320704
 10
43791.842737911626
 20
-34109.52097428958
 10
43156.107003538054
 20
-34109.52097428958
 10
43156.107003538054
 20
-33715.64817320704
  0
LWPOLYLINE
  5
4F6
330
17
100
AcDbEntity
  8
F04_SEATING
100
AcDbPolyline
 90
5
 70
1
 10
43156.107003538054
 20
-34331.074424898514
 10
43791.842737911626
 20
-34331.074424898514
 10
43791.842737911626
 20
-34724.94722598106
 10
43156.107003538054
 20
-34724.94722598106
 10
43156.107003538054
 20
-34331.074424898514
  0
LWPOLYLINE
  5
4F7
330
17
100
AcDbEntity
  8
F04_SEATING
100
AcDbPolyline
 90
5
 70
1
 10
43156.107003538054
 20
-34946.50067658999
 10
43791.842737911626
 20
-34946.50067658999
 10
43791.842737911626
 20
-35340.37347767253
 10
43156.107003538054
 20
-35340.37347767253
 10
43156.107003538054
 20
-34946.50067658999
  0
LWPOLYLINE
  5
4F8
330
17
100
AcDbEntity
  8
F04_SEATING
100
AcDbPolyline
 90
5
 70
1
 10
43156.107003538054
 20
-35561.926928281464
 10
43791.842737911626
 20
-35561.926928281464
 10
43791.842737911626
 20
-35955.79972936401
 10
43156.107003538054
 20
-35955.79972936401
 10
43156.107003538054
 20
-35561.926928281464
  0
LWPOLYLINE
  5
4F9
330
17
100
AcDbEntity
  8
F04_SEATING
100
AcDbPolyline
 90
5
 70
1
 10
43156.107003538054
 20
-36177.35317997294
 10
43791.842737911626
 20
-36177.35317997294
 10
43791.842737911626
 20
-36571.22598105548
 10
43156.107003538054
 20
-36571.22598105548
 10
43156.107003538054
 20
-36177.35317997294
  0
LWPOLYLINE
  5
4FA
330
17
100
AcDbEntity
  8
F04_SEATING
100
AcDbPolyline
 90
5
 70
1
 10
39303.163158849675
 20
-37975.2408845719
 10
39938.89889322325
 20
-37975.2408845719
 10
39938.89889322325
 20
-38376.90721139884
 10
39303.163158849675
 20
-38376.90721139884
 10
39303.163158849675
 20
-37975.2408845719
  0
LWPOLYLINE
  5
4FB
330
17
100
AcDbEntity
  8
F04_SEATING
100
AcDbPolyline
 90
5
 70
1
 10
39303.163158849675
 20
-38602.84452023901
 10
39938.89889322325
 20
-38602.84452023901
 10
39938.89889322325
 20
-39004.51084706595
 10
39303.163158849675
 20
-39004.51084706595
 10
39303.163158849675
 20
-38602.84452023901
  0
LWPOLYLINE
  5
4FC
330
17
100
AcDbEntity
  8
F04_SEATING
100
AcDbPolyline
 90
5
 70
1
 10
39303.163158849675
 20
-39230.44815590611
 10
39938.89889322325
 20
-39230.44815590611
 10
39938.89889322325
 20
-39632.11448273304
 10
39303.163158849675
 20
-39632.11448273304
 10
39303.163158849675
 20
-39230.44815590611
  0
LWPOLYLINE
  5
4FD
330
17
100
AcDbEntity
  8
F04_SEATING
100
AcDbPolyline
 90
5
 70
1
 10
39303.163158849675
 20
-39858.05179157321
 10
39938.89889322325
 20
-39858.05179157321
 10
39938.89889322325
 20
-40259.71811840015
 10
39303.163158849675
 20
-40259.71811840015
 10
39303.163158849675
 20
-39858.05179157321
  0
LWPOLYLINE
  5
4FE
330
17
100
AcDbEntity
  8
F04_SEATING
100
AcDbPolyline
 90
5
 70
1
 10
39303.163158849675
 20
-40485.655427240315
 10
39938.89889322325
 20
-40485.655427240315
 10
39938.89889322325
 20
-40887.32175406726
 10
39303.163158849675
 20
-40887.32175406726
 10
39303.163158849675
 20
-40485.655427240315
  0
LWPOLYLINE
  5
4FF
330
17
100
AcDbEntity
  8
F04_SEATING
100
AcDbPolyline
 90
5
 70
1
 10
39303.163158849675
 20
-41113.259062907426
 10
39938.89889322325
 20
-41113.259062907426
 10
39938.89889322325
 20
-41514.925389734366
 10
39303.163158849675
 20
-41514.925389734366
 10
39303.163158849675
 20
-41113.259062907426
  0
LWPOLYLINE
  5
500
330
17
100
AcDbEntity
  8
F04_SEATING
100
AcDbPolyline
 90
5
 70
1
 10
39303.163158849675
 20
-41740.862698574536
 10
39938.89889322325
 20
-41740.862698574536
 10
39938.89889322325
 20
-42142.52902540147
 10
39303.163158849675
 20
-42142.52902540147
 10
39303.163158849675
 20
-41740.862698574536
  0
LWPOLYLINE
  5
501
330
17
100
AcDbEntity
  8
F04_SEATING
100
AcDbPolyline
 90
5
 70
1
 10
39303.163158849675
 20
-42368.46633424163
 10
39938.89889322325
 20
-42368.46633424163
 10
39938.89889322325
 20
-42770.13266106858
 10
39303.163158849675
 20
-42770.13266106858
 10
39303.163158849675
 20
-42368.46633424163
  0
LWPOLYLINE
  5
502
330
17
100
AcDbEntity
  8
F04_SEATING
100
AcDbPolyline
 90
5
 70
1
 10
39303.163158849675
 20
-42996.069969908734
 10
39938.89889322325
 20
-42996.069969908734
 10
39938.89889322325
 20
-43397.73629673568
 10
39303.163158849675
 20
-43397.73629673568
 10
39303.163158849675
 20
-42996.069969908734
  0
LWPOLYLINE
  5
503
330
17
100
AcDbEntity
  8
F04_SEATING
100
AcDbPolyline
 90
5
 70
1
 10
40266.39912002177
 20
-37975.2408845719
 10
40902.13485439536
 20
-37975.2408845719
 10
40902.13485439536
 20
-38376.90721139884
 10
40266.39912002177
 20
-38376.90721139884
 10
40266.39912002177
 20
-37975.2408845719
  0
LWPOLYLINE
  5
504
330
17
100
AcDbEntity
  8
F04_SEATING
100
AcDbPolyline
 90
5
 70
1
 10
40266.39912002177
 20
-38602.84452023901
 10
40902.13485439536
 20
-38602.84452023901
 10
40902.13485439536
 20
-39004.51084706595
 10
40266.39912002177
 20
-39004.51084706595
 10
40266.39912002177
 20
-38602.84452023901
  0
LWPOLYLINE
  5
505
330
17
100
AcDbEntity
  8
F04_SEATING
100
AcDbPolyline
 90
5
 70
1
 10
40266.39912002177
 20
-39230.44815590611
 10
40902.13485439536
 20
-39230.44815590611
 10
40902.13485439536
 20
-39632.11448273304
 10
40266.39912002177
 20
-39632.11448273304
 10
40266.39912002177
 20
-39230.44815590611
  0
LWPOLYLINE
  5
506
330
17
100
AcDbEntity
  8
F04_SEATING
100
AcDbPolyline
 90
5
 70
1
 10
40266.39912002177
 20
-39858.05179157321
 10
40902.13485439536
 20
-39858.05179157321
 10
40902.13485439536
 20
-40259.71811840015
 10
40266.39912002177
 20
-40259.71811840015
 10
40266.39912002177
 20
-39858.05179157321
  0
LWPOLYLINE
  5
507
330
17
100
AcDbEntity
  8
F04_SEATING
100
AcDbPolyline
 90
5
 70
1
 10
40266.39912002177
 20
-40485.655427240315
 10
40902.13485439536
 20
-40485.655427240315
 10
40902.13485439536
 20
-40887.32175406726
 10
40266.39912002177
 20
-40887.32175406726
 10
40266.39912002177
 20
-40485.655427240315
  0
LWPOLYLINE
  5
508
330
17
100
AcDbEntity
  8
F04_SEATING
100
AcDbPolyline
 90
5
 70
1
 10
40266.39912002177
 20
-41113.259062907426
 10
40902.13485439536
 20
-41113.259062907426
 10
40902.13485439536
 20
-41514.925389734366
 10
40266.39912002177
 20
-41514.925389734366
 10
40266.39912002177
 20
-41113.259062907426
  0
LWPOLYLINE
  5
509
330
17
100
AcDbEntity
  8
F04_SEATING
100
AcDbPolyline
 90
5
 70
1
 10
40266.39912002177
 20
-41740.862698574536
 10
40902.13485439536
 20
-41740.862698574536
 10
40902.13485439536
 20
-42142.52902540147
 10
40266.39912002177
 20
-42142.52902540147
 10
40266.39912002177
 20
-41740.862698574536
  0
LWPOLYLINE
  5
50A
330
17
100
AcDbEntity
  8
F04_SEATING
100
AcDbPolyline
 90
5
 70
1
 10
40266.39912002177
 20
-42368.46633424163
 10
40902.13485439536
 20
-42368.46633424163
 10
40902.13485439536
 20
-42770.13266106858
 10
40266.39912002177
 20
-42770.13266106858
 10
40266.39912002177
 20
-42368.46633424163
  0
LWPOLYLINE
  5
50B
330
17
100
AcDbEntity
  8
F04_SEATING
100
AcDbPolyline
 90
5
 70
1
 10
40266.39912002177
 20
-42996.069969908734
 10
40902.13485439536
 20
-42996.069969908734
 10
40902.13485439536
 20
-43397.73629673568
 10
40266.39912002177
 20
-43397.73629673568
 10
40266.39912002177
 20
-42996.069969908734
  0
LWPOLYLINE
  5
50C
330
17
100
AcDbEntity
  8
F04_SEATING
100
AcDbPolyline
 90
5
 70
1
 10
41229.63508119386
 20
-37975.2408845719
 10
41865.37081556744
 20
-37975.2408845719
 10
41865.37081556744
 20
-38376.90721139884
 10
41229.63508119386
 20
-38376.90721139884
 10
41229.63508119386
 20
-37975.2408845719
  0
LWPOLYLINE
  5
50D
330
17
100
AcDbEntity
  8
F04_SEATING
100
AcDbPolyline
 90
5
 70
1
 10
41229.63508119386
 20
-38602.84452023901
 10
41865.37081556744
 20
-38602.84452023901
 10
41865.37081556744
 20
-39004.51084706595
 10
41229.63508119386
 20
-39004.51084706595
 10
41229.63508119386
 20
-38602.84452023901
  0
LWPOLYLINE
  5
50E
330
17
100
AcDbEntity
  8
F04_SEATING
100
AcDbPolyline
 90
5
 70
1
 10
41229.63508119386
 20
-39230.44815590611
 10
41865.37081556744
 20
-39230.44815590611
 10
41865.37081556744
 20
-39632.11448273304
 10
41229.63508119386
 20
-39632.11448273304
 10
41229.63508119386
 20
-39230.44815590611
  0
LWPOLYLINE
  5
50F
330
17
100
AcDbEntity
  8
F04_SEATING
100
AcDbPolyline
 90
5
 70
1
 10
41229.63508119386
 20
-39858.05179157321
 10
41865.37081556744
 20
-39858.05179157321
 10
41865.37081556744
 20
-40259.71811840015
 10
41229.63508119386
 20
-40259.71811840015
 10
41229.63508119386
 20
-39858.05179157321
  0
LWPOLYLINE
  5
510
330
17
100
AcDbEntity
  8
F04_SEATING
100
AcDbPolyline
 90
5
 70
1
 10
41229.63508119386
 20
-40485.655427240315
 10
41865.37081556744
 20
-40485.655427240315
 10
41865.37081556744
 20
-40887.32175406726
 10
41229.63508119386
 20
-40887.32175406726
 10
41229.63508119386
 20
-40485.655427240315
  0
LWPOLYLINE
  5
511
330
17
100
AcDbEntity
  8
F04_SEATING
100
AcDbPolyline
 90
5
 70
1
 10
41229.63508119386
 20
-41113.259062907426
 10
41865.37081556744
 20
-41113.259062907426
 10
41865.37081556744
 20
-41514.925389734366
 10
41229.63508119386
 20
-41514.925389734366
 10
41229.63508119386
 20
-41113.259062907426
  0
LWPOLYLINE
  5
512
330
17
100
AcDbEntity
  8
F04_SEATING
100
AcDbPolyline
 90
5
 70
1
 10
41229.63508119386
 20
-41740.862698574536
 10
41865.37081556744
 20
-41740.862698574536
 10
41865.37081556744
 20
-42142.52902540147
 10
41229.63508119386
 20
-42142.52902540147
 10
41229.63508119386
 20
-41740.862698574536
  0
LWPOLYLINE
  5
513
330
17
100
AcDbEntity
  8
F04_SEATING
100
AcDbPolyline
 90
5
 70
1
 10
41229.63508119386
 20
-42368.46633424163
 10
41865.37081556744
 20
-42368.46633424163
 10
41865.37081556744
 20
-42770.13266106858
 10
41229.63508119386
 20
-42770.13266106858
 10
41229.63508119386
 20
-42368.46633424163
  0
LWPOLYLINE
  5
514
330
17
100
AcDbEntity
  8
F04_SEATING
100
AcDbPolyline
 90
5
 70
1
 10
41229.63508119386
 20
-42996.069969908734
 10
41865.37081556744
 20
-42996.069969908734
 10
41865.37081556744
 20
-43397.73629673568
 10
41229.63508119386
 20
-43397.73629673568
 10
41229.63508119386
 20
-42996.069969908734
  0
LWPOLYLINE
  5
515
330
17
100
AcDbEntity
  8
F04_SEATING
100
AcDbPolyline
 90
5
 70
1
 10
42192.87104236596
 20
-37975.2408845719
 10
42828.60677673954
 20
-37975.2408845719
 10
42828.60677673954
 20
-38376.90721139884
 10
42192.87104236596
 20
-38376.90721139884
 10
42192.87104236596
 20
-37975.2408845719
  0
LWPOLYLINE
  5
516
330
17
100
AcDbEntity
  8
F04_SEATING
100
AcDbPolyline
 90
5
 70
1
 10
42192.87104236596
 20
-38602.84452023901
 10
42828.60677673954
 20
-38602.84452023901
 10
42828.60677673954
 20
-39004.51084706595
 10
42192.87104236596
 20
-39004.51084706595
 10
42192.87104236596
 20
-38602.84452023901
  0
LWPOLYLINE
  5
517
330
17
100
AcDbEntity
  8
F04_SEATING
100
AcDbPolyline
 90
5
 70
1
 10
42192.87104236596
 20
-39230.44815590611
 10
42828.60677673954
 20
-39230.44815590611
 10
42828.60677673954
 20
-39632.11448273304
 10
42192.87104236596
 20
-39632.11448273304
 10
42192.87104236596
 20
-39230.44815590611
  0
LWPOLYLINE
  5
518
330
17
100
AcDbEntity
  8
F04_SEATING
100
AcDbPolyline
 90
5
 70
1
 10
42192.87104236596
 20
-39858.05179157321
 10
42828.60677673954
 20
-39858.05179157321
 10
42828.60677673954
 20
-40259.71811840015
 10
42192.87104236596
 20
-40259.71811840015
 10
42192.87104236596
 20
-39858.05179157321
  0
LWPOLYLINE
  5
519
330
17
100
AcDbEntity
  8
F04_SEATING
100
AcDbPolyline
 90
5
 70
1
 10
42192.87104236596
 20
-40485.655427240315
 10
42828.60677673954
 20
-40485.655427240315
 10
42828.60677673954
 20
-40887.32175406726
 10
42192.87104236596
 20
-40887.32175406726
 10
42192.87104236596
 20
-40485.655427240315
  0
LWPOLYLINE
  5
51A
330
17
100
AcDbEntity
  8
F04_SEATING
100
AcDbPolyline
 90
5
 70
1
 10
42192.87104236596
 20
-41113.259062907426
 10
42828.60677673954
 20
-41113.259062907426
 10
42828.60677673954
 20
-41514.925389734366
 10
42192.87104236596
 20
-41514.925389734366
 10
42192.87104236596
 20
-41113.259062907426
  0
LWPOLYLINE
  5
51B
330
17
100
AcDbEntity
  8
F04_SEATING
100
AcDbPolyline
 90
5
 70
1
 10
42192.87104236596
 20
-41740.862698574536
 10
42828.60677673954
 20
-41740.862698574536
 10
42828.60677673954
 20
-42142.52902540147
 10
42192.87104236596
 20
-42142.52902540147
 10
42192.87104236596
 20
-41740.862698574536
  0
LWPOLYLINE
  5
51C
330
17
100
AcDbEntity
  8
F04_SEATING
100
AcDbPolyline
 90
5
 70
1
 10
42192.87104236596
 20
-42368.46633424163
 10
42828.60677673954
 20
-42368.46633424163
 10
42828.60677673954
 20
-42770.13266106858
 10
42192.87104236596
 20
-42770.13266106858
 10
42192.87104236596
 20
-42368.46633424163
  0
LWPOLYLINE
  5
51D
330
17
100
AcDbEntity
  8
F04_SEATING
100
AcDbPolyline
 90
5
 70
1
 10
42192.87104236596
 20
-42996.069969908734
 10
42828.60677673954
 20
-42996.069969908734
 10
42828.60677673954
 20
-43397.73629673568
 10
42192.87104236596
 20
-43397.73629673568
 10
42192.87104236596
 20
-42996.069969908734
  0
LWPOLYLINE
  5
51E
330
17
100
AcDbEntity
  8
F04_SEATING
100
AcDbPolyline
 90
5
 70
1
 10
43156.107003538054
 20
-37975.2408845719
 10
43791.842737911626
 20
-37975.2408845719
 10
43791.842737911626
 20
-38376.90721139884
 10
43156.107003538054
 20
-38376.90721139884
 10
43156.107003538054
 20
-37975.2408845719
  0
LWPOLYLINE
  5
51F
330
17
100
AcDbEntity
  8
F04_SEATING
100
AcDbPolyline
 90
5
 70
1
 10
43156.107003538054
 20
-38602.84452023901
 10
43791.842737911626
 20
-38602.84452023901
 10
43791.842737911626
 20
-39004.51084706595
 10
43156.107003538054
 20
-39004.51084706595
 10
43156.107003538054
 20
-38602.84452023901
  0
LWPOLYLINE
  5
520
330
17
100
AcDbEntity
  8
F04_SEATING
100
AcDbPolyline
 90
5
 70
1
 10
43156.107003538054
 20
-39230.44815590611
 10
43791.842737911626
 20
-39230.44815590611
 10
43791.842737911626
 20
-39632.11448273304
 10
43156.107003538054
 20
-39632.11448273304
 10
43156.107003538054
 20
-39230.44815590611
  0
LWPOLYLINE
  5
521
330
17
100
AcDbEntity
  8
F04_SEATING
100
AcDbPolyline
 90
5
 70
1
 10
43156.107003538054
 20
-39858.05179157321
 10
43791.842737911626
 20
-39858.05179157321
 10
43791.842737911626
 20
-40259.71811840015
 10
43156.107003538054
 20
-40259.71811840015
 10
43156.107003538054
 20
-39858.05179157321
  0
LWPOLYLINE
  5
522
330
17
100
AcDbEntity
  8
F04_SEATING
100
AcDbPolyline
 90
5
 70
1
 10
43156.107003538054
 20
-40485.655427240315
 10
43791.842737911626
 20
-40485.655427240315
 10
43791.842737911626
 20
-40887.32175406726
 10
43156.107003538054
 20
-40887.32175406726
 10
43156.107003538054
 20
-40485.655427240315
  0
LWPOLYLINE
  5
523
330
17
100
AcDbEntity
  8
F04_SEATING
100
AcDbPolyline
 90
5
 70
1
 10
43156.107003538054
 20
-41113.259062907426
 10
43791.842737911626
 20
-41113.259062907426
 10
43791.842737911626
 20
-41514.925389734366
 10
43156.107003538054
 20
-41514.925389734366
 10
43156.107003538054
 20
-41113.259062907426
  0
LWPOLYLINE
  5
524
330
17
100
AcDbEntity
  8
F04_SEATING
100
AcDbPolyline
 90
5
 70
1
 10
43156.107003538054
 20
-41740.862698574536
 10
43791.842737911626
 20
-41740.862698574536
 10
43791.842737911626
 20
-42142.52902540147
 10
43156.107003538054
 20
-42142.52902540147
 10
43156.107003538054
 20
-41740.862698574536
  0
LWPOLYLINE
  5
525
330
17
100
AcDbEntity
  8
F04_SEATING
100
AcDbPolyline
 90
5
 70
1
 10
43156.107003538054
 20
-42368.46633424163
 10
43791.842737911626
 20
-42368.46633424163
 10
43791.842737911626
 20
-42770.13266106858
 10
43156.107003538054
 20
-42770.13266106858
 10
43156.107003538054
 20
-42368.46633424163
  0
LWPOLYLINE
  5
526
330
17
100
AcDbEntity
  8
F04_SEATING
100
AcDbPolyline
 90
5
 70
1
 10
43156.107003538054
 20
-42996.069969908734
 10
43791.842737911626
 20
-42996.069969908734
 10
43791.842737911626
 20
-43397.73629673568
 10
43156.107003538054
 20
-43397.73629673568
 10
43156.107003538054
 20
-42996.069969908734
  0
LWPOLYLINE
  5
527
330
17
100
AcDbEntity
  8
F04_SEATING
100
AcDbPolyline
 90
5
 70
1
 10
45404.288759865725
 20
-23687.909689139346
 10
46074.43753968974
 20
-23687.909689139346
 10
46074.43753968974
 20
-24097.96904369103
 10
45404.288759865725
 20
-24097.96904369103
 10
45404.288759865725
 20
-23687.909689139346
  0
LWPOLYLINE
  5
528
330
17
100
AcDbEntity
  8
F04_SEATING
100
AcDbPolyline
 90
5
 70
1
 10
45404.288759865725
 20
-24328.62743062636
 10
46074.43753968974
 20
-24328.62743062636
 10
46074.43753968974
 20
-24738.686785178044
 10
45404.288759865725
 20
-24738.686785178044
 10
45404.288759865725
 20
-24328.62743062636
  0
LWPOLYLINE
  5
529
330
17
100
AcDbEntity
  8
F04_SEATING
100
AcDbPolyline
 90
5
 70
1
 10
45404.288759865725
 20
-24969.34517211337
 10
46074.43753968974
 20
-24969.34517211337
 10
46074.43753968974
 20
-25379.40452666506
 10
45404.288759865725
 20
-25379.40452666506
 10
45404.288759865725
 20
-24969.34517211337
  0
LWPOLYLINE
  5
52A
330
17
100
AcDbEntity
  8
F04_SEATING
100
AcDbPolyline
 90
5
 70
1
 10
45404.288759865725
 20
-25610.062913600388
 10
46074.43753968974
 20
-25610.062913600388
 10
46074.43753968974
 20
-26020.122268152078
 10
45404.288759865725
 20
-26020.122268152078
 10
45404.288759865725
 20
-25610.062913600388
  0
LWPOLYLINE
  5
52B
330
17
100
AcDbEntity
  8
F04_SEATING
100
AcDbPolyline
 90
5
 70
1
 10
45404.288759865725
 20
-26250.7806550874
 10
46074.43753968974
 20
-26250.7806550874
 10
46074.43753968974
 20
-26660.840009639094
 10
45404.288759865725
 20
-26660.840009639094
 10
45404.288759865725
 20
-26250.7806550874
  0
LWPOLYLINE
  5
52C
330
17
100
AcDbEntity
  8
F04_SEATING
100
AcDbPolyline
 90
5
 70
1
 10
45404.288759865725
 20
-26891.49839657442
 10
46074.43753968974
 20
-26891.49839657442
 10
46074.43753968974
 20
-27301.557751126107
 10
45404.288759865725
 20
-27301.557751126107
 10
45404.288759865725
 20
-26891.49839657442
  0
LWPOLYLINE
  5
52D
330
17
100
AcDbEntity
  8
F04_SEATING
100
AcDbPolyline
 90
5
 70
1
 10
45404.288759865725
 20
-27532.216138061434
 10
46074.43753968974
 20
-27532.216138061434
 10
46074.43753968974
 20
-27942.27549261312
 10
45404.288759865725
 20
-27942.27549261312
 10
45404.288759865725
 20
-27532.216138061434
  0
LWPOLYLINE
  5
52E
330
17
100
AcDbEntity
  8
F04_SEATING
100
AcDbPolyline
 90
5
 70
1
 10
45404.288759865725
 20
-28172.933879548447
 10
46074.43753968974
 20
-28172.933879548447
 10
46074.43753968974
 20
-28582.993234100133
 10
45404.288759865725
 20
-28582.993234100133
 10
45404.288759865725
 20
-28172.933879548447
  0
LWPOLYLINE
  5
52F
330
17
100
AcDbEntity
  8
F04_SEATING
100
AcDbPolyline
 90
5
 70
1
 10
45404.288759865725
 20
-28813.651621035464
 10
46074.43753968974
 20
-28813.651621035464
 10
46074.43753968974
 20
-29223.71097558715
 10
45404.288759865725
 20
-29223.71097558715
 10
45404.288759865725
 20
-28813.651621035464
  0
LWPOLYLINE
  5
530
330
17
100
AcDbEntity
  8
F04_SEATING
100
AcDbPolyline
 90
5
 70
1
 10
45404.288759865725
 20
-29454.369362522477
 10
46074.43753968974
 20
-29454.369362522477
 10
46074.43753968974
 20
-29864.428717074163
 10
45404.288759865725
 20
-29864.428717074163
 10
45404.288759865725
 20
-29454.369362522477
  0
LWPOLYLINE
  5
531
330
17
100
AcDbEntity
  8
F04_SEATING
100
AcDbPolyline
 90
5
 70
1
 10
46419.665698993005
 20
-23687.909689139346
 10
47089.81447881702
 20
-23687.909689139346
 10
47089.81447881702
 20
-24097.96904369103
 10
46419.665698993005
 20
-24097.96904369103
 10
46419.665698993005
 20
-23687.909689139346
  0
LWPOLYLINE
  5
532
330
17
100
AcDbEntity
  8
F04_SEATING
100
AcDbPolyline
 90
5
 70
1
 10
46419.665698993005
 20
-24328.62743062636
 10
47089.81447881702
 20
-24328.62743062636
 10
47089.81447881702
 20
-24738.686785178044
 10
46419.665698993005
 20
-24738.686785178044
 10
46419.665698993005
 20
-24328.62743062636
  0
LWPOLYLINE
  5
533
330
17
100
AcDbEntity
  8
F04_SEATING
100
AcDbPolyline
 90
5
 70
1
 10
46419.665698993005
 20
-24969.34517211337
 10
47089.81447881702
 20
-24969.34517211337
 10
47089.81447881702
 20
-25379.40452666506
 10
46419.665698993005
 20
-25379.40452666506
 10
46419.665698993005
 20
-24969.34517211337
  0
LWPOLYLINE
  5
534
330
17
100
AcDbEntity
  8
F04_SEATING
100
AcDbPolyline
 90
5
 70
1
 10
46419.665698993005
 20
-25610.062913600388
 10
47089.81447881702
 20
-25610.062913600388
 10
47089.81447881702
 20
-26020.122268152078
 10
46419.665698993005
 20
-26020.122268152078
 10
46419.665698993005
 20
-25610.062913600388
  0
LWPOLYLINE
  5
535
330
17
100
AcDbEntity
  8
F04_SEATING
100
AcDbPolyline
 90
5
 70
1
 10
46419.665698993005
 20
-26250.7806550874
 10
47089.81447881702
 20
-26250.7806550874
 10
47089.81447881702
 20
-26660.840009639094
 10
46419.665698993005
 20
-26660.840009639094
 10
46419.665698993005
 20
-26250.7806550874
  0
LWPOLYLINE
  5
536
330
17
100
AcDbEntity
  8
F04_SEATING
100
AcDbPolyline
 90
5
 70
1
 10
46419.665698993005
 20
-26891.49839657442
 10
47089.81447881702
 20
-26891.49839657442
 10
47089.81447881702
 20
-27301.557751126107
 10
46419.665698993005
 20
-27301.557751126107
 10
46419.665698993005
 20
-26891.49839657442
  0
LWPOLYLINE
  5
537
330
17
100
AcDbEntity
  8
F04_SEATING
100
AcDbPolyline
 90
5
 70
1
 10
46419.665698993005
 20
-27532.216138061434
 10
47089.81447881702
 20
-27532.216138061434
 10
47089.81447881702
 20
-27942.27549261312
 10
46419.665698993005
 20
-27942.27549261312
 10
46419.665698993005
 20
-27532.216138061434
  0
LWPOLYLINE
  5
538
330
17
100
AcDbEntity
  8
F04_SEATING
100
AcDbPolyline
 90
5
 70
1
 10
46419.665698993005
 20
-28172.933879548447
 10
47089.81447881702
 20
-28172.933879548447
 10
47089.81447881702
 20
-28582.993234100133
 10
46419.665698993005
 20
-28582.993234100133
 10
46419.665698993005
 20
-28172.933879548447
  0
LWPOLYLINE
  5
539
330
17
100
AcDbEntity
  8
F04_SEATING
100
AcDbPolyline
 90
5
 70
1
 10
46419.665698993005
 20
-28813.651621035464
 10
47089.81447881702
 20
-28813.651621035464
 10
47089.81447881702
 20
-29223.71097558715
 10
46419.665698993005
 20
-29223.71097558715
 10
46419.665698993005
 20
-28813.651621035464
  0
LWPOLYLINE
  5
53A
330
17
100
AcDbEntity
  8
F04_SEATING
100
AcDbPolyline
 90
5
 70
1
 10
46419.665698993005
 20
-29454.369362522477
 10
47089.81447881702
 20
-29454.369362522477
 10
47089.81447881702
 20
-29864.428717074163
 10
46419.665698993005
 20
-29864.428717074163
 10
46419.665698993005
 20
-29454.369362522477
  0
LWPOLYLINE
  5
53B
330
17
100
AcDbEntity
  8
F04_SEATING
100
AcDbPolyline
 90
5
 70
1
 10
47435.042638120285
 20
-23687.909689139346
 10
48105.1914179443
 20
-23687.909689139346
 10
48105.1914179443
 20
-24097.96904369103
 10
47435.042638120285
 20
-24097.96904369103
 10
47435.042638120285
 20
-23687.909689139346
  0
LWPOLYLINE
  5
53C
330
17
100
AcDbEntity
  8
F04_SEATING
100
AcDbPolyline
 90
5
 70
1
 10
47435.042638120285
 20
-24328.62743062636
 10
48105.1914179443
 20
-24328.62743062636
 10
48105.1914179443
 20
-24738.686785178044
 10
47435.042638120285
 20
-24738.686785178044
 10
47435.042638120285
 20
-24328.62743062636
  0
LWPOLYLINE
  5
53D
330
17
100
AcDbEntity
  8
F04_SEATING
100
AcDbPolyline
 90
5
 70
1
 10
47435.042638120285
 20
-24969.34517211337
 10
48105.1914179443
 20
-24969.34517211337
 10
48105.1914179443
 20
-25379.40452666506
 10
47435.042638120285
 20
-25379.40452666506
 10
47435.042638120285
 20
-24969.34517211337
  0
LWPOLYLINE
  5
53E
330
17
100
AcDbEntity
  8
F04_SEATING
100
AcDbPolyline
 90
5
 70
1
 10
47435.042638120285
 20
-25610.062913600388
 10
48105.1914179443
 20
-25610.062913600388
 10
48105.1914179443
 20
-26020.122268152078
 10
47435.042638120285
 20
-26020.122268152078
 10
47435.042638120285
 20
-25610.062913600388
  0
LWPOLYLINE
  5
53F
330
17
100
AcDbEntity
  8
F04_SEATING
100
AcDbPolyline
 90
5
 70
1
 10
47435.042638120285
 20
-26250.7806550874
 10
48105.1914179443
 20
-26250.7806550874
 10
48105.1914179443
 20
-26660.840009639094
 10
47435.042638120285
 20
-26660.840009639094
 10
47435.042638120285
 20
-26250.7806550874
  0
LWPOLYLINE
  5
540
330
17
100
AcDbEntity
  8
F04_SEATING
100
AcDbPolyline
 90
5
 70
1
 10
47435.042638120285
 20
-26891.49839657442
 10
48105.1914179443
 20
-26891.49839657442
 10
48105.1914179443
 20
-27301.557751126107
 10
47435.042638120285
 20
-27301.557751126107
 10
47435.042638120285
 20
-26891.49839657442
  0
LWPOLYLINE
  5
541
330
17
100
AcDbEntity
  8
F04_SEATING
100
AcDbPolyline
 90
5
 70
1
 10
47435.042638120285
 20
-27532.216138061434
 10
48105.1914179443
 20
-27532.216138061434
 10
48105.1914179443
 20
-27942.27549261312
 10
47435.042638120285
 20
-27942.27549261312
 10
47435.042638120285
 20
-27532.216138061434
  0
LWPOLYLINE
  5
542
330
17
100
AcDbEntity
  8
F04_SEATING
100
AcDbPolyline
 90
5
 70
1
 10
47435.042638120285
 20
-28172.933879548447
 10
48105.1914179443
 20
-28172.933879548447
 10
48105.1914179443
 20
-28582.993234100133
 10
47435.042638120285
 20
-28582.993234100133
 10
47435.042638120285
 20
-28172.933879548447
  0
LWPOLYLINE
  5
543
330
17
100
AcDbEntity
  8
F04_SEATING
100
AcDbPolyline
 90
5
 70
1
 10
47435.042638120285
 20
-28813.651621035464
 10
48105.1914179443
 20
-28813.651621035464
 10
48105.1914179443
 20
-29223.71097558715
 10
47435.042638120285
 20
-29223.71097558715
 10
47435.042638120285
 20
-28813.651621035464
  0
LWPOLYLINE
  5
544
330
17
100
AcDbEntity
  8
F04_SEATING
100
AcDbPolyline
 90
5
 70
1
 10
47435.042638120285
 20
-29454.369362522477
 10
48105.1914179443
 20
-29454.369362522477
 10
48105.1914179443
 20
-29864.428717074163
 10
47435.042638120285
 20
-29864.428717074163
 10
47435.042638120285
 20
-29454.369362522477
  0
LWPOLYLINE
  5
545
330
17
100
AcDbEntity
  8
F04_SEATING
100
AcDbPolyline
 90
5
 70
1
 10
45338.97532432187
 20
-31191.43103416316
 10
45755.554295563816
 20
-31191.43103416316
 10
45755.554295563816
 20
-31602.839268170614
 10
45338.97532432187
 20
-31602.839268170614
 10
45338.97532432187
 20
-31191.43103416316
  0
LWPOLYLINE
  5
546
330
17
100
AcDbEntity
  8
F04_SEATING
100
AcDbPolyline
 90
5
 70
1
 10
45338.97532432187
 20
-31834.256399799804
 10
45755.554295563816
 20
-31834.256399799804
 10
45755.554295563816
 20
-32245.664633807257
 10
45338.97532432187
 20
-32245.664633807257
 10
45338.97532432187
 20
-31834.256399799804
  0
LWPOLYLINE
  5
547
330
17
100
AcDbEntity
  8
F04_SEATING
100
AcDbPolyline
 90
5
 70
1
 10
45338.97532432187
 20
-32477.081765436447
 10
45755.554295563816
 20
-32477.081765436447
 10
45755.554295563816
 20
-32888.4899994439
 10
45338.97532432187
 20
-32888.4899994439
 10
45338.97532432187
 20
-32477.081765436447
  0
LWPOLYLINE
  5
548
330
17
100
AcDbEntity
  8
F04_SEATING
100
AcDbPolyline
 90
5
 70
1
 10
45338.97532432187
 20
-33119.907131073094
 10
45755.554295563816
 20
-33119.907131073094
 10
45755.554295563816
 20
-33531.31536508055
 10
45338.97532432187
 20
-33531.31536508055
 10
45338.97532432187
 20
-33119.907131073094
  0
LWPOLYLINE
  5
549
330
17
100
AcDbEntity
  8
F04_SEATING
100
AcDbPolyline
 90
5
 70
1
 10
45338.97532432187
 20
-33762.73249670974
 10
45755.554295563816
 20
-33762.73249670974
 10
45755.554295563816
 20
-34174.14073071718
 10
45338.97532432187
 20
-34174.14073071718
 10
45338.97532432187
 20
-33762.73249670974
  0
LWPOLYLINE
  5
54A
330
17
100
AcDbEntity
  8
F04_SEATING
100
AcDbPolyline
 90
5
 70
1
 10
45338.97532432187
 20
-34405.55786234637
 10
45755.554295563816
 20
-34405.55786234637
 10
45755.554295563816
 20
-34816.96609635383
 10
45338.97532432187
 20
-34816.96609635383
 10
45338.97532432187
 20
-34405.55786234637
  0
LWPOLYLINE
  5
54B
330
17
100
AcDbEntity
  8
F04_SEATING
100
AcDbPolyline
 90
5
 70
1
 10
45338.97532432187
 20
-35048.383227983024
 10
45755.554295563816
 20
-35048.383227983024
 10
45755.554295563816
 20
-35459.79146199047
 10
45338.97532432187
 20
-35459.79146199047
 10
45338.97532432187
 20
-35048.383227983024
  0
LWPOLYLINE
  5
54C
330
17
100
AcDbEntity
  8
F04_SEATING
100
AcDbPolyline
 90
5
 70
1
 10
45338.97532432187
 20
-35691.20859361966
 10
45755.554295563816
 20
-35691.20859361966
 10
45755.554295563816
 20
-36102.61682762712
 10
45338.97532432187
 20
-36102.61682762712
 10
45338.97532432187
 20
-35691.20859361966
  0
LWPOLYLINE
  5
54D
330
17
100
AcDbEntity
  8
F04_SEATING
100
AcDbPolyline
 90
5
 70
1
 10
45970.155583779364
 20
-31191.43103416316
 10
46386.734555021314
 20
-31191.43103416316
 10
46386.734555021314
 20
-31602.839268170614
 10
45970.155583779364
 20
-31602.839268170614
 10
45970.155583779364
 20
-31191.43103416316
  0
LWPOLYLINE
  5
54E
330
17
100
AcDbEntity
  8
F04_SEATING
100
AcDbPolyline
 90
5
 70
1
 10
45970.155583779364
 20
-31834.256399799804
 10
46386.734555021314
 20
-31834.256399799804
 10
46386.734555021314
 20
-32245.664633807257
 10
45970.155583779364
 20
-32245.664633807257
 10
45970.155583779364
 20
-31834.256399799804
  0
LWPOLYLINE
  5
54F
330
17
100
AcDbEntity
  8
F04_SEATING
100
AcDbPolyline
 90
5
 70
1
 10
45970.155583779364
 20
-32477.081765436447
 10
46386.734555021314
 20
-32477.081765436447
 10
46386.734555021314
 20
-32888.4899994439
 10
45970.155583779364
 20
-32888.4899994439
 10
45970.155583779364
 20
-32477.081765436447
  0
LWPOLYLINE
  5
550
330
17
100
AcDbEntity
  8
F04_SEATING
100
AcDbPolyline
 90
5
 70
1
 10
45970.155583779364
 20
-33119.907131073094
 10
46386.734555021314
 20
-33119.907131073094
 10
46386.734555021314
 20
-33531.31536508055
 10
45970.155583779364
 20
-33531.31536508055
 10
45970.155583779364
 20
-33119.907131073094
  0
LWPOLYLINE
  5
551
330
17
100
AcDbEntity
  8
F04_SEATING
100
AcDbPolyline
 90
5
 70
1
 10
45970.155583779364
 20
-33762.73249670974
 10
46386.734555021314
 20
-33762.73249670974
 10
46386.734555021314
 20
-34174.14073071718
 10
45970.155583779364
 20
-34174.14073071718
 10
45970.155583779364
 20
-33762.73249670974
  0
LWPOLYLINE
  5
552
330
17
100
AcDbEntity
  8
F04_SEATING
100
AcDbPolyline
 90
5
 70
1
 10
45970.155583779364
 20
-34405.55786234637
 10
46386.734555021314
 20
-34405.55786234637
 10
46386.734555021314
 20
-34816.96609635383
 10
45970.155583779364
 20
-34816.96609635383
 10
45970.155583779364
 20
-34405.55786234637
  0
LWPOLYLINE
  5
553
330
17
100
AcDbEntity
  8
F04_SEATING
100
AcDbPolyline
 90
5
 70
1
 10
45970.155583779364
 20
-35048.383227983024
 10
46386.734555021314
 20
-35048.383227983024
 10
46386.734555021314
 20
-35459.79146199047
 10
45970.155583779364
 20
-35459.79146199047
 10
45970.155583779364
 20
-35048.383227983024
  0
LWPOLYLINE
  5
554
330
17
100
AcDbEntity
  8
F04_SEATING
100
AcDbPolyline
 90
5
 70
1
 10
45970.155583779364
 20
-35691.20859361966
 10
46386.734555021314
 20
-35691.20859361966
 10
46386.734555021314
 20
-36102.61682762712
 10
45970.155583779364
 20
-36102.61682762712
 10
45970.155583779364
 20
-35691.20859361966
  0
LWPOLYLINE
  5
555
330
17
100
AcDbEntity
  8
F04_SEATING
100
AcDbPolyline
 90
5
 70
1
 10
46601.33584323686
 20
-31191.43103416316
 10
47017.914814478805
 20
-31191.43103416316
 10
47017.914814478805
 20
-31602.839268170614
 10
46601.33584323686
 20
-31602.839268170614
 10
46601.33584323686
 20
-31191.43103416316
  0
LWPOLYLINE
  5
556
330
17
100
AcDbEntity
  8
F04_SEATING
100
AcDbPolyline
 90
5
 70
1
 10
46601.33584323686
 20
-31834.256399799804
 10
47017.914814478805
 20
-31834.256399799804
 10
47017.914814478805
 20
-32245.664633807257
 10
46601.33584323686
 20
-32245.664633807257
 10
46601.33584323686
 20
-31834.256399799804
  0
LWPOLYLINE
  5
557
330
17
100
AcDbEntity
  8
F04_SEATING
100
AcDbPolyline
 90
5
 70
1
 10
46601.33584323686
 20
-32477.081765436447
 10
47017.914814478805
 20
-32477.081765436447
 10
47017.914814478805
 20
-32888.4899994439
 10
46601.33584323686
 20
-32888.4899994439
 10
46601.33584323686
 20
-32477.081765436447
  0
LWPOLYLINE
  5
558
330
17
100
AcDbEntity
  8
F04_SEATING
100
AcDbPolyline
 90
5
 70
1
 10
46601.33584323686
 20
-33119.907131073094
 10
47017.914814478805
 20
-33119.907131073094
 10
47017.914814478805
 20
-33531.31536508055
 10
46601.33584323686
 20
-33531.31536508055
 10
46601.33584323686
 20
-33119.907131073094
  0
LWPOLYLINE
  5
559
330
17
100
AcDbEntity
  8
F04_SEATING
100
AcDbPolyline
 90
5
 70
1
 10
46601.33584323686
 20
-33762.73249670974
 10
47017.914814478805
 20
-33762.73249670974
 10
47017.914814478805
 20
-34174.14073071718
 10
46601.33584323686
 20
-34174.14073071718
 10
46601.33584323686
 20
-33762.73249670974
  0
LWPOLYLINE
  5
55A
330
17
100
AcDbEntity
  8
F04_SEATING
100
AcDbPolyline
 90
5
 70
1
 10
46601.33584323686
 20
-34405.55786234637
 10
47017.914814478805
 20
-34405.55786234637
 10
47017.914814478805
 20
-34816.96609635383
 10
46601.33584323686
 20
-34816.96609635383
 10
46601.33584323686
 20
-34405.55786234637
  0
LWPOLYLINE
  5
55B
330
17
100
AcDbEntity
  8
F04_SEATING
100
AcDbPolyline
 90
5
 70
1
 10
46601.33584323686
 20
-35048.383227983024
 10
47017.914814478805
 20
-35048.383227983024
 10
47017.914814478805
 20
-35459.79146199047
 10
46601.33584323686
 20
-35459.79146199047
 10
46601.33584323686
 20
-35048.383227983024
  0
LWPOLYLINE
  5
55C
330
17
100
AcDbEntity
  8
F04_SEATING
100
AcDbPolyline
 90
5
 70
1
 10
46601.33584323686
 20
-35691.20859361966
 10
47017.914814478805
 20
-35691.20859361966
 10
47017.914814478805
 20
-36102.61682762712
 10
46601.33584323686
 20
-36102.61682762712
 10
46601.33584323686
 20
-35691.20859361966
  0
LWPOLYLINE
  5
55D
330
17
100
AcDbEntity
  8
F04_SEATING
100
AcDbPolyline
 90
5
 70
1
 10
45404.288759865725
 20
-37428.10165532838
 10
46074.43753968974
 20
-37428.10165532838
 10
46074.43753968974
 20
-37832.76549205702
 10
45404.288759865725
 20
-37832.76549205702
 10
45404.288759865725
 20
-37428.10165532838
  0
LWPOLYLINE
  5
55E
330
17
100
AcDbEntity
  8
F04_SEATING
100
AcDbPolyline
 90
5
 70
1
 10
45404.288759865725
 20
-38060.38890021689
 10
46074.43753968974
 20
-38060.38890021689
 10
46074.43753968974
 20
-38465.05273694552
 10
45404.288759865725
 20
-38465.05273694552
 10
45404.288759865725
 20
-38060.38890021689
  0
LWPOLYLINE
  5
55F
330
17
100
AcDbEntity
  8
F04_SEATING
100
AcDbPolyline
 90
5
 70
1
 10
45404.288759865725
 20
-38692.67614510538
 10
46074.43753968974
 20
-38692.67614510538
 10
46074.43753968974
 20
-39097.33998183402
 10
45404.288759865725
 20
-39097.33998183402
 10
45404.288759865725
 20
-38692.67614510538
  0
LWPOLYLINE
  5
560
330
17
100
AcDbEntity
  8
F04_SEATING
100
AcDbPolyline
 90
5
 70
1
 10
45404.288759865725
 20
-39324.963389993885
 10
46074.43753968974
 20
-39324.963389993885
 10
46074.43753968974
 20
-39729.62722672252
 10
45404.288759865725
 20
-39729.62722672252
 10
45404.288759865725
 20
-39324.963389993885
  0
LWPOLYLINE
  5
561
330
17
100
AcDbEntity
  8
F04_SEATING
100
AcDbPolyline
 90
5
 70
1
 10
45404.288759865725
 20
-39957.25063488239
 10
46074.43753968974
 20
-39957.25063488239
 10
46074.43753968974
 20
-40361.914471611024
 10
45404.288759865725
 20
-40361.914471611024
 10
45404.288759865725
 20
-39957.25063488239
  0
LWPOLYLINE
  5
562
330
17
100
AcDbEntity
  8
F04_SEATING
100
AcDbPolyline
 90
5
 70
1
 10
45404.288759865725
 20
-40589.53787977088
 10
46074.43753968974
 20
-40589.53787977088
 10
46074.43753968974
 20
-40994.20171649953
 10
45404.288759865725
 20
-40994.20171649953
 10
45404.288759865725
 20
-40589.53787977088
  0
LWPOLYLINE
  5
563
330
17
100
AcDbEntity
  8
F04_SEATING
100
AcDbPolyline
 90
5
 70
1
 10
45404.288759865725
 20
-41221.825124659386
 10
46074.43753968974
 20
-41221.825124659386
 10
46074.43753968974
 20
-41626.48896138803
 10
45404.288759865725
 20
-41626.48896138803
 10
45404.288759865725
 20
-41221.825124659386
  0
LWPOLYLINE
  5
564
330
17
100
AcDbEntity
  8
F04_SEATING
100
AcDbPolyline
 90
5
 70
1
 10
45404.288759865725
 20
-41854.11236954789
 10
46074.43753968974
 20
-41854.11236954789
 10
46074.43753968974
 20
-42258.776206276525
 10
45404.288759865725
 20
-42258.776206276525
 10
45404.288759865725
 20
-41854.11236954789
  0
LWPOLYLINE
  5
565
330
17
100
AcDbEntity
  8
F04_SEATING
100
AcDbPolyline
 90
5
 70
1
 10
45404.288759865725
 20
-42486.39961443639
 10
46074.43753968974
 20
-42486.39961443639
 10
46074.43753968974
 20
-42891.06345116503
 10
45404.288759865725
 20
-42891.06345116503
 10
45404.288759865725
 20
-42486.39961443639
  0
LWPOLYLINE
  5
566
330
17
100
AcDbEntity
  8
F04_SEATING
100
AcDbPolyline
 90
5
 70
1
 10
45404.288759865725
 20
-43118.686859324895
 10
46074.43753968974
 20
-43118.686859324895
 10
46074.43753968974
 20
-43523.35069605353
 10
45404.288759865725
 20
-43523.35069605353
 10
45404.288759865725
 20
-43118.686859324895
  0
LWPOLYLINE
  5
567
330
17
100
AcDbEntity
  8
F04_SEATING
100
AcDbPolyline
 90
5
 70
1
 10
46419.665698993005
 20
-37428.10165532838
 10
47089.81447881702
 20
-37428.10165532838
 10
47089.81447881702
 20
-37832.76549205702
 10
46419.665698993005
 20
-37832.76549205702
 10
46419.665698993005
 20
-37428.10165532838
  0
LWPOLYLINE
  5
568
330
17
100
AcDbEntity
  8
F04_SEATING
100
AcDbPolyline
 90
5
 70
1
 10
46419.665698993005
 20
-38060.38890021689
 10
47089.81447881702
 20
-38060.38890021689
 10
47089.81447881702
 20
-38465.05273694552
 10
46419.665698993005
 20
-38465.05273694552
 10
46419.665698993005
 20
-38060.38890021689
  0
LWPOLYLINE
  5
569
330
17
100
AcDbEntity
  8
F04_SEATING
100
AcDbPolyline
 90
5
 70
1
 10
46419.665698993005
 20
-38692.67614510538
 10
47089.81447881702
 20
-38692.67614510538
 10
47089.81447881702
 20
-39097.33998183402
 10
46419.665698993005
 20
-39097.33998183402
 10
46419.665698993005
 20
-38692.67614510538
  0
LWPOLYLINE
  5
56A
330
17
100
AcDbEntity
  8
F04_SEATING
100
AcDbPolyline
 90
5
 70
1
 10
46419.665698993005
 20
-39324.963389993885
 10
47089.81447881702
 20
-39324.963389993885
 10
47089.81447881702
 20
-39729.62722672252
 10
46419.665698993005
 20
-39729.62722672252
 10
46419.665698993005
 20
-39324.963389993885
  0
LWPOLYLINE
  5
56B
330
17
100
AcDbEntity
  8
F04_SEATING
100
AcDbPolyline
 90
5
 70
1
 10
46419.665698993005
 20
-39957.25063488239
 10
47089.81447881702
 20
-39957.25063488239
 10
47089.81447881702
 20
-40361.914471611024
 10
46419.665698993005
 20
-40361.914471611024
 10
46419.665698993005
 20
-39957.25063488239
  0
LWPOLYLINE
  5
56C
330
17
100
AcDbEntity
  8
F04_SEATING
100
AcDbPolyline
 90
5
 70
1
 10
46419.665698993005
 20
-40589.53787977088
 10
47089.81447881702
 20
-40589.53787977088
 10
47089.81447881702
 20
-40994.20171649953
 10
46419.665698993005
 20
-40994.20171649953
 10
46419.665698993005
 20
-40589.53787977088
  0
LWPOLYLINE
  5
56D
330
17
100
AcDbEntity
  8
F04_SEATING
100
AcDbPolyline
 90
5
 70
1
 10
46419.665698993005
 20
-41221.825124659386
 10
47089.81447881702
 20
-41221.825124659386
 10
47089.81447881702
 20
-41626.48896138803
 10
46419.665698993005
 20
-41626.48896138803
 10
46419.665698993005
 20
-41221.825124659386
  0
LWPOLYLINE
  5
56E
330
17
100
AcDbEntity
  8
F04_SEATING
100
AcDbPolyline
 90
5
 70
1
 10
46419.665698993005
 20
-41854.11236954789
 10
47089.81447881702
 20
-41854.11236954789
 10
47089.81447881702
 20
-42258.776206276525
 10
46419.665698993005
 20
-42258.776206276525
 10
46419.665698993005
 20
-41854.11236954789
  0
LWPOLYLINE
  5
56F
330
17
100
AcDbEntity
  8
F04_SEATING
100
AcDbPolyline
 90
5
 70
1
 10
46419.665698993005
 20
-42486.39961443639
 10
47089.81447881702
 20
-42486.39961443639
 10
47089.81447881702
 20
-42891.06345116503
 10
46419.665698993005
 20
-42891.06345116503
 10
46419.665698993005
 20
-42486.39961443639
  0
LWPOLYLINE
  5
570
330
17
100
AcDbEntity
  8
F04_SEATING
100
AcDbPolyline
 90
5
 70
1
 10
46419.665698993005
 20
-43118.686859324895
 10
47089.81447881702
 20
-43118.686859324895
 10
47089.81447881702
 20
-43523.35069605353
 10
46419.665698993005
 20
-43523.35069605353
 10
46419.665698993005
 20
-43118.686859324895
  0
LWPOLYLINE
  5
571
330
17
100
AcDbEntity
  8
F04_SEATING
100
AcDbPolyline
 90
5
 70
1
 10
47435.042638120285
 20
-37428.10165532838
 10
48105.1914179443
 20
-37428.10165532838
 10
48105.1914179443
 20
-37832.76549205702
 10
47435.042638120285
 20
-37832.76549205702
 10
47435.042638120285
 20
-37428.10165532838
  0
LWPOLYLINE
  5
572
330
17
100
AcDbEntity
  8
F04_SEATING
100
AcDbPolyline
 90
5
 70
1
 10
47435.042638120285
 20
-38060.38890021689
 10
48105.1914179443
 20
-38060.38890021689
 10
48105.1914179443
 20
-38465.05273694552
 10
47435.042638120285
 20
-38465.05273694552
 10
47435.042638120285
 20
-38060.38890021689
  0
LWPOLYLINE
  5
573
330
17
100
AcDbEntity
  8
F04_SEATING
100
AcDbPolyline
 90
5
 70
1
 10
47435.042638120285
 20
-38692.67614510538
 10
48105.1914179443
 20
-38692.67614510538
 10
48105.1914179443
 20
-39097.33998183402
 10
47435.042638120285
 20
-39097.33998183402
 10
47435.042638120285
 20
-38692.67614510538
  0
LWPOLYLINE
  5
574
330
17
100
AcDbEntity
  8
F04_SEATING
100
AcDbPolyline
 90
5
 70
1
 10
47435.042638120285
 20
-39324.963389993885
 10
48105.1914179443
 20
-39324.963389993885
 10
48105.1914179443
 20
-39729.62722672252
 10
47435.042638120285
 20
-39729.62722672252
 10
47435.042638120285
 20
-39324.963389993885
  0
LWPOLYLINE
  5
575
330
17
100
AcDbEntity
  8
F04_SEATING
100
AcDbPolyline
 90
5
 70
1
 10
47435.042638120285
 20
-39957.25063488239
 10
48105.1914179443
 20
-39957.25063488239
 10
48105.1914179443
 20
-40361.914471611024
 10
47435.042638120285
 20
-40361.914471611024
 10
47435.042638120285
 20
-39957.25063488239
  0
LWPOLYLINE
  5
576
330
17
100
AcDbEntity
  8
F04_SEATING
100
AcDbPolyline
 90
5
 70
1
 10
47435.042638120285
 20
-40589.53787977088
 10
48105.1914179443
 20
-40589.53787977088
 10
48105.1914179443
 20
-40994.20171649953
 10
47435.042638120285
 20
-40994.20171649953
 10
47435.042638120285
 20
-40589.53787977088
  0
LWPOLYLINE
  5
577
330
17
100
AcDbEntity
  8
F04_SEATING
100
AcDbPolyline
 90
5
 70
1
 10
47435.042638120285
 20
-41221.825124659386
 10
48105.1914179443
 20
-41221.825124659386
 10
48105.1914179443
 20
-41626.48896138803
 10
47435.042638120285
 20
-41626.48896138803
 10
47435.042638120285
 20
-41221.825124659386
  0
LWPOLYLINE
  5
578
330
17
100
AcDbEntity
  8
F04_SEATING
100
AcDbPolyline
 90
5
 70
1
 10
47435.042638120285
 20
-41854.11236954789
 10
48105.1914179443
 20
-41854.11236954789
 10
48105.1914179443
 20
-42258.776206276525
 10
47435.042638120285
 20
-42258.776206276525
 10
47435.042638120285
 20
-41854.11236954789
  0
LWPOLYLINE
  5
579
330
17
100
AcDbEntity
  8
F04_SEATING
100
AcDbPolyline
 90
5
 70
1
 10
47435.042638120285
 20
-42486.39961443639
 10
48105.1914179443
 20
-42486.39961443639
 10
48105.1914179443
 20
-42891.06345116503
 10
47435.042638120285
 20
-42891.06345116503
 10
47435.042638120285
 20
-42486.39961443639
  0
LWPOLYLINE
  5
57A
330
17
100
AcDbEntity
  8
F04_SEATING
100
AcDbPolyline
 90
5
 70
1
 10
47435.042638120285
 20
-43118.686859324895
 10
48105.1914179443
 20
-43118.686859324895
 10
48105.1914179443
 20
-43523.35069605353
 10
47435.042638120285
 20
-43523.35069605353
 10
47435.042638120285
 20
-43118.686859324895
  0
LWPOLYLINE
  5
57C
330
17
100
AcDbEntity
  8
F04_STAIRS
100
AcDbPolyline
 90
5
 70
1
 10
28107.47981493241
 20
-17960.4704617495
 10
28313.299464755506
 20
-17960.4704617495
 10
28313.299464755506
 20
-16960.4704617495
 10
28107.47981493241
 20
-16960.4704617495
 10
28107.47981493241
 20
-17960.4704617495
  0
LWPOLYLINE
  5
57D
330
17
100
AcDbEntity
  8
F04_STAIRS
100
AcDbPolyline
 90
5
 70
1
 10
28313.299464755506
 20
-17960.4704617495
 10
28519.119114578607
 20
-17960.4704617495
 10
28519.119114578607
 20
-16960.4704617495
 10
28313.299464755506
 20
-16960.4704617495
 10
28313.299464755506
 20
-17960.4704617495
  0
LWPOLYLINE
  5
57E
330
17
100
AcDbEntity
  8
F04_STAIRS
100
AcDbPolyline
 90
5
 70
1
 10
28519.119114578607
 20
-17960.4704617495
 10
28724.9387644017
 20
-17960.4704617495
 10
28724.9387644017
 20
-16960.4704617495
 10
28519.119114578607
 20
-16960.4704617495
 10
28519.119114578607
 20
-17960.4704617495
  0
LWPOLYLINE
  5
57F
330
17
100
AcDbEntity
  8
F04_STAIRS
100
AcDbPolyline
 90
5
 70
1
 10
28724.9387644017
 20
-17960.4704617495
 10
28930.758414224798
 20
-17960.4704617495
 10
28930.758414224798
 20
-16960.4704617495
 10
28724.9387644017
 20
-16960.4704617495
 10
28724.9387644017
 20
-17960.4704617495
  0
LWPOLYLINE
  5
580
330
17
100
AcDbEntity
  8
F04_STAIRS
100
AcDbPolyline
 90
5
 70
1
 10
28930.758414224798
 20
-17960.4704617495
 10
29136.578064047895
 20
-17960.4704617495
 10
29136.578064047895
 20
-16960.4704617495
 10
28930.758414224798
 20
-16960.4704617495
 10
28930.758414224798
 20
-17960.4704617495
  0
LWPOLYLINE
  5
581
330
17
100
AcDbEntity
  8
F04_STAIRS
100
AcDbPolyline
 90
5
 70
1
 10
29136.578064047895
 20
-17960.4704617495
 10
29342.397713870992
 20
-17960.4704617495
 10
29342.397713870992
 20
-16960.4704617495
 10
29136.578064047895
 20
-16960.4704617495
 10
29136.578064047895
 20
-17960.4704617495
  0
LWPOLYLINE
  5
582
330
17
100
AcDbEntity
  8
F04_STAIRS
100
AcDbPolyline
 90
5
 70
1
 10
29342.397713870992
 20
-17960.4704617495
 10
29548.21736369409
 20
-17960.4704617495
 10
29548.21736369409
 20
-16960.4704617495
 10
29342.397713870992
 20
-16960.4704617495
 10
29342.397713870992
 20
-17960.4704617495
  0
LWPOLYLINE
  5
583
330
17
100
AcDbEntity
  8
F04_STAIRS
100
AcDbPolyline
 90
5
 70
1
 10
29548.21736369409
 20
-17960.4704617495
 10
29754.03701351719
 20
-17960.4704617495
 10
29754.03701351719
 20
-16960.4704617495
 10
29548.21736369409
 20
-16960.4704617495
 10
29548.21736369409
 20
-17960.4704617495
  0
LWPOLYLINE
  5
584
330
17
100
AcDbEntity
  8
F04_STAIRS
100
AcDbPolyline
 90
5
 70
1
 10
29754.03701351719
 20
-17960.4704617495
 10
29959.85666334028
 20
-17960.4704617495
 10
29959.85666334028
 20
-16960.4704617495
 10
29754.03701351719
 20
-16960.4704617495
 10
29754.03701351719
 20
-17960.4704617495
  0
LWPOLYLINE
  5
585
330
17
100
AcDbEntity
  8
F04_STAIRS
100
AcDbPolyline
 90
5
 70
1
 10
29959.85666334028
 20
-17960.4704617495
 10
30165.67631316338
 20
-17960.4704617495
 10
30165.67631316338
 20
-16960.4704617495
 10
29959.85666334028
 20
-16960.4704617495
 10
29959.85666334028
 20
-17960.4704617495
  0
LWPOLYLINE
  5
586
330
17
100
AcDbEntity
  8
F04_STAIRS
100
AcDbPolyline
 90
5
 70
1
 10
30165.67631316338
 20
-17960.4704617495
 10
30371.49596298648
 20
-17960.4704617495
 10
30371.49596298648
 20
-16960.4704617495
 10
30165.67631316338
 20
-16960.4704617495
 10
30165.67631316338
 20
-17960.4704617495
  0
LWPOLYLINE
  5
587
330
17
100
AcDbEntity
  8
F04_STAIRS
100
AcDbPolyline
 90
5
 70
1
 10
30371.49596298648
 20
-17960.4704617495
 10
30577.315612809576
 20
-17960.4704617495
 10
30577.315612809576
 20
-16960.4704617495
 10
30371.49596298648
 20
-16960.4704617495
 10
30371.49596298648
 20
-17960.4704617495
  0
LWPOLYLINE
  5
588
330
17
100
AcDbEntity
  8
F04_STAIRS
100
AcDbPolyline
 90
5
 70
1
 10
28066.31588496779
 20
-49490.52774018944
 10
28272.135534790887
 20
-49490.52774018944
 10
28272.135534790887
 20
-48490.52774018944
 10
28066.31588496779
 20
-48490.52774018944
 10
28066.31588496779
 20
-49490.52774018944
  0
LWPOLYLINE
  5
589
330
17
100
AcDbEntity
  8
F04_STAIRS
100
AcDbPolyline
 90
5
 70
1
 10
28272.135534790887
 20
-49490.52774018944
 10
28477.955184613984
 20
-49490.52774018944
 10
28477.955184613984
 20
-48490.52774018944
 10
28272.135534790887
 20
-48490.52774018944
 10
28272.135534790887
 20
-49490.52774018944
  0
LWPOLYLINE
  5
58A
330
17
100
AcDbEntity
  8
F04_STAIRS
100
AcDbPolyline
 90
5
 70
1
 10
28477.955184613984
 20
-49490.52774018944
 10
28683.77483443708
 20
-49490.52774018944
 10
28683.77483443708
 20
-48490.52774018944
 10
28477.955184613984
 20
-48490.52774018944
 10
28477.955184613984
 20
-49490.52774018944
  0
LWPOLYLINE
  5
58B
330
17
100
AcDbEntity
  8
F04_STAIRS
100
AcDbPolyline
 90
5
 70
1
 10
28683.77483443708
 20
-49490.52774018944
 10
28889.59448426018
 20
-49490.52774018944
 10
28889.59448426018
 20
-48490.52774018944
 10
28683.77483443708
 20
-48490.52774018944
 10
28683.77483443708
 20
-49490.52774018944
  0
LWPOLYLINE
  5
58C
330
17
100
AcDbEntity
  8
F04_STAIRS
100
AcDbPolyline
 90
5
 70
1
 10
28889.59448426018
 20
-49490.52774018944
 10
29095.414134083272
 20
-49490.52774018944
 10
29095.414134083272
 20
-48490.52774018944
 10
28889.59448426018
 20
-48490.52774018944
 10
28889.59448426018
 20
-49490.52774018944
  0
LWPOLYLINE
  5
58D
330
17
100
AcDbEntity
  8
F04_STAIRS
100
AcDbPolyline
 90
5
 70
1
 10
29095.414134083272
 20
-49490.52774018944
 10
29301.233783906373
 20
-49490.52774018944
 10
29301.233783906373
 20
-48490.52774018944
 10
29095.414134083272
 20
-48490.52774018944
 10
29095.414134083272
 20
-49490.52774018944
  0
LWPOLYLINE
  5
58E
330
17
100
AcDbEntity
  8
F04_STAIRS
100
AcDbPolyline
 90
5
 70
1
 10
29301.233783906373
 20
-49490.52774018944
 10
29507.05343372947
 20
-49490.52774018944
 10
29507.05343372947
 20
-48490.52774018944
 10
29301.233783906373
 20
-48490.52774018944
 10
29301.233783906373
 20
-49490.52774018944
  0
LWPOLYLINE
  5
58F
330
17
100
AcDbEntity
  8
F04_STAIRS
100
AcDbPolyline
 90
5
 70
1
 10
29507.05343372947
 20
-49490.52774018944
 10
29712.873083552568
 20
-49490.52774018944
 10
29712.873083552568
 20
-48490.52774018944
 10
29507.05343372947
 20
-48490.52774018944
 10
29507.05343372947
 20
-49490.52774018944
  0
LWPOLYLINE
  5
590
330
17
100
AcDbEntity
  8
F04_STAIRS
100
AcDbPolyline
 90
5
 70
1
 10
29712.873083552568
 20
-49490.52774018944
 10
29918.692733375665
 20
-49490.52774018944
 10
29918.692733375665
 20
-48490.52774018944
 10
29712.873083552568
 20
-48490.52774018944
 10
29712.873083552568
 20
-49490.52774018944
  0
LWPOLYLINE
  5
591
330
17
100
AcDbEntity
  8
F04_STAIRS
100
AcDbPolyline
 90
5
 70
1
 10
29918.692733375665
 20
-49490.52774018944
 10
30124.512383198762
 20
-49490.52774018944
 10
30124.512383198762
 20
-48490.52774018944
 10
29918.692733375665
 20
-48490.52774018944
 10
29918.692733375665
 20
-49490.52774018944
  0
LWPOLYLINE
  5
592
330
17
100
AcDbEntity
  8
F04_STAIRS
100
AcDbPolyline
 90
5
 70
1
 10
30124.512383198762
 20
-49490.52774018944
 10
30330.332033021856
 20
-49490.52774018944
 10
30330.332033021856
 20
-48490.52774018944
 10
30124.512383198762
 20
-48490.52774018944
 10
30124.512383198762
 20
-49490.52774018944
  0
LWPOLYLINE
  5
593
330
17
100
AcDbEntity
  8
F04_STAIRS
100
AcDbPolyline
 90
5
 70
1
 10
30330.332033021856
 20
-49490.52774018944
 10
30536.151682844957
 20
-49490.52774018944
 10
30536.151682844957
 20
-48490.52774018944
 10
30330.332033021856
 20
-48490.52774018944
 10
30330.332033021856
 20
-49490.52774018944
  0
TEXT
  5
595
330
17
100
AcDbEntity
  8
F04_ROOMS
100
AcDbText
 10
13329.628957634035
 20
-33562.718964910004
 30
0.0
 40
450.0
  1
舞台上部・吹抜
  7
JAPANESE
100
AcDbText
  0
TEXT
  5
596
330
17
100
AcDbEntity
  8
F04_ROOMS
100
AcDbText
 10
30494.987752880337
 20
-33604.871447902566
 30
0.0
 40
450.0
  1
客席上部・吹抜
  7
JAPANESE
100
AcDbText
  0
TEXT
  5
597
330
17
100
AcDbEntity
  8
F04_ROOMS
100
AcDbText
 10
41897.396353079916
 20
-33562.718964910004
 30
0.0
 40
450.0
  1
客席
  7
JAPANESE
100
AcDbText
  0
TEXT
  5
598
330
17
100
AcDbEntity
  8
F04_ROOMS
100
AcDbText
 10
51282.772385013144
 20
-33604.871447902566
 30
0.0
 40
450.0
  1
ホワイエ
  7
JAPANESE
100
AcDbText
  0
TEXT
  5
599
330
17
100
AcDbEntity
  8
F04_ROOMS
100
AcDbText
 10
19915.857751973144
 20
-46503.53124362801
 30
0.0
 40
450.0
  1
操作室
  7
JAPANESE
100
AcDbText
  0
TEXT
  5
59A
330
17
100
AcDbEntity
  8
F04_ROOMS
100
AcDbText
 10
20944.956001088627
 20
-17797.690325690033
 30
0.0
 40
450.0
  1
倉庫
  7
JAPANESE
100
AcDbText
  0
TEXT
  5
59B
330
17
100
AcDbEntity
  8
ANNOTATION
100
AcDbText
 10
-1000.0
 20
-53500.0
 30
0.0
 40
650.0
  1
4F / SCHEMATIC / Z 14129 mm
  7
JAPANESE
100
AcDbText
  0
LWPOLYLINE
  5
59D
330
17
100
AcDbEntity
  8
F07_WALLS
100
AcDbPolyline
 90
5
 70
1
 10
75962.98232772143
 20
-15681.945552280216
 10
121627.41817421312
 20
-15681.945552280216
 10
121627.41817421312
 20
-15401.945552280216
 10
75962.98232772143
 20
-15401.945552280216
 10
75962.98232772143
 20
-15681.945552280216
  0
LWPOLYLINE
  5
59E
330
17
100
AcDbEntity
  8
F07_WALLS
100
AcDbPolyline
 90
5
 70
1
 10
121487.41817421312
 20
-15541.945552280216
 10
121487.41817421312
 20
-51108.93011964626
 10
121767.41817421312
 20
-51108.93011964626
 10
121767.41817421312
 20
-15541.945552280216
 10
121487.41817421312
 20
-15541.945552280216
  0
LWPOLYLINE
  5
59F
330
17
100
AcDbEntity
  8
F07_WALLS
100
AcDbPolyline
 90
5
 70
1
 10
121627.41817421312
 20
-50968.93011964626
 10
79379.27428631183
 20
-50968.93011964626
 10
79379.27428631183
 20
-51248.93011964626
 10
121627.41817421312
 20
-51248.93011964626
 10
121627.41817421312
 20
-50968.93011964626
  0
LWPOLYLINE
  5
5A0
330
17
100
AcDbEntity
  8
F07_WALLS
100
AcDbPolyline
 90
5
 70
1
 10
79472.23314222271
 20
-51004.24654353358
 10
74765.34199927594
 20
-46824.534388166845
 10
74579.42428745417
 20
-47033.9015403922
 10
79286.31543040094
 20
-51213.61369575894
 10
79472.23314222271
 20
-51004.24654353358
  0
LWPOLYLINE
  5
5A1
330
17
100
AcDbEntity
  8
F07_WALLS
100
AcDbPolyline
 90
5
 70
1
 10
74812.14875855227
 20
-46921.12026020131
 10
74318.68436453366
 20
-38403.97096247286
 10
74039.15313415922
 20
-38420.16637062929
 10
74532.61752817783
 20
-46937.31566835774
 10
74812.14875855227
 20
-46921.12026020131
  0
LWPOLYLINE
  5
5A2
330
17
100
AcDbEntity
  8
F07_WALLS
100
AcDbPolyline
 90
5
 70
1
 10
74318.90545832147
 20
-37345.49593452308
 10
74053.19386154223
 20
-18063.61627438783
 10
73773.22044359216
 20
-18067.47441401169
 10
74038.93204037141
 20
-37349.35407414694
 10
74318.90545832147
 20
-37345.49593452308
  0
LWPOLYLINE
  5
5A3
330
17
100
AcDbEntity
  8
F07_WALLS
100
AcDbPolyline
 90
5
 70
1
 10
74021.87680260236
 20
-18153.811459789104
 10
76071.65197775661
 20
-15630.21166786956
 10
75854.31267768625
 20
-15453.679436690873
 10
73804.53750253201
 20
-17977.279228610416
 10
74021.87680260236
 20
-18153.811459789104
  0
LWPOLYLINE
  5
5A4
330
17
100
AcDbEntity
  8
F07_WALLS
100
AcDbPolyline
 90
5
 70
1
 10
86603.28139705113
 20
-15660.23929252645
 10
86603.28139705113
 20
-19169.620253164558
 10
86883.28139705113
 20
-19169.620253164558
 10
86883.28139705113
 20
-15660.23929252645
 10
86603.28139705113
 20
-15660.23929252645
  0
LWPOLYLINE
  5
5A5
330
17
100
AcDbEntity
  8
F07_WALLS
100
AcDbPolyline
 90
5
 70
1
 10
86743.28139705113
 20
-19309.620253164558
 10
89096.72696852453
 20
-19309.620253164558
 10
89096.72696852453
 20
-19029.620253164558
 10
86743.28139705113
 20
-19029.620253164558
 10
86743.28139705113
 20
-19309.620253164558
  0
LWPOLYLINE
  5
5A6
330
17
100
AcDbEntity
  8
F07_WALLS
100
AcDbPolyline
 90
5
 70
1
 10
88956.72696852453
 20
-19169.620253164558
 10
88956.72696852453
 20
-21653.788798335358
 10
89236.72696852453
 20
-21653.788798335358
 10
89236.72696852453
 20
-19169.620253164558
 10
88956.72696852453
 20
-19169.620253164558
  0
LWPOLYLINE
  5
5A7
330
17
100
AcDbEntity
  8
F07_WALLS
100
AcDbPolyline
 90
5
 70
1
 10
89096.72696852453
 20
-21793.788798335358
 10
91032.62574505908
 20
-21793.788798335358
 10
91032.62574505908
 20
-21513.788798335358
 10
89096.72696852453
 20
-21513.788798335358
 10
89096.72696852453
 20
-21793.788798335358
  0
LWPOLYLINE
  5
5A8
330
17
100
AcDbEntity
  8
F07_WALLS
100
AcDbPolyline
 90
5
 70
1
 10
91502.00773815748
 20
-15739.10178602393
 10
91502.00773815748
 20
-19761.088954395702
 10
91702.00773815748
 20
-19761.088954395702
 10
91702.00773815748
 20
-15739.10178602393
 10
91502.00773815748
 20
-15739.10178602393
  0
LWPOLYLINE
  5
5A9
330
17
100
AcDbEntity
  8
F07_WALLS
100
AcDbPolyline
 90
5
 70
1
 10
91602.00773815748
 20
-19861.088954395702
 10
93499.94771515214
 20
-19861.088954395702
 10
93499.94771515214
 20
-19661.088954395702
 10
91602.00773815748
 20
-19661.088954395702
 10
91602.00773815748
 20
-19861.088954395702
  0
LWPOLYLINE
  5
5AA
330
17
100
AcDbEntity
  8
F07_WALLS
100
AcDbPolyline
 90
5
 70
1
 10
93599.94771515214
 20
-19761.088954395702
 10
93599.94771515214
 20
-15778.533032772677
 10
93399.94771515214
 20
-15778.533032772677
 10
93399.94771515214
 20
-19761.088954395702
 10
93599.94771515214
 20
-19761.088954395702
  0
LWPOLYLINE
  5
5AB
330
17
100
AcDbEntity
  8
F07_WALLS
100
AcDbPolyline
 90
5
 70
1
 10
95777.47568754575
 20
-19545.638980405758
 10
102572.10080518665
 20
-19545.638980405758
 10
102572.10080518665
 20
-19345.638980405758
 10
95777.47568754575
 20
-19345.638980405758
 10
95777.47568754575
 20
-19545.638980405758
  0
LWPOLYLINE
  5
5AC
330
17
100
AcDbEntity
  8
F07_WALLS
100
AcDbPolyline
 90
5
 70
1
 10
102672.10080518665
 20
-19445.638980405758
 10
102672.10080518665
 20
-15739.10178602393
 10
102472.10080518665
 20
-15739.10178602393
 10
102472.10080518665
 20
-19445.638980405758
 10
102672.10080518665
 20
-19445.638980405758
  0
LWPOLYLINE
  5
5AD
330
17
100
AcDbEntity
  8
F07_WALLS
100
AcDbPolyline
 90
5
 70
1
 10
102382.30680748718
 20
-16036.258019767643
 10
104773.71117850047
 20
-16036.258019767643
 10
104773.71117850047
 20
-15836.258019767643
 10
102382.30680748718
 20
-15836.258019767643
 10
102382.30680748718
 20
-16036.258019767643
  0
LWPOLYLINE
  5
5AE
330
17
100
AcDbEntity
  8
F07_WALLS
100
AcDbPolyline
 90
5
 70
1
 10
104673.71117850047
 20
-15936.258019767643
 10
104673.71117850047
 20
-22521.276226807702
 10
104873.71117850047
 20
-22521.276226807702
 10
104873.71117850047
 20
-15936.258019767643
 10
104673.71117850047
 20
-15936.258019767643
  0
LWPOLYLINE
  5
5AF
330
17
100
AcDbEntity
  8
F07_WALLS
100
AcDbPolyline
 90
5
 70
1
 10
104773.71117850047
 20
-22421.276226807702
 10
104128.41158632228
 20
-22421.276226807702
 10
104128.41158632228
 20
-22621.276226807702
 10
104773.71117850047
 20
-22621.276226807702
 10
104773.71117850047
 20
-22421.276226807702
  0
LWPOLYLINE
  5
5B0
330
17
100
AcDbEntity
  8
F07_WALLS
100
AcDbPolyline
 90
5
 70
1
 10
105077.38157481962
 20
-17416.351655973645
 10
113200.5646763568
 20
-17416.351655973645
 10
113200.5646763568
 20
-17216.351655973645
 10
105077.38157481962
 20
-17216.351655973645
 10
105077.38157481962
 20
-17416.351655973645
  0
LWPOLYLINE
  5
5B1
330
17
100
AcDbEntity
  8
F07_WALLS
100
AcDbPolyline
 90
5
 70
1
 10
113100.5646763568
 20
-17316.351655973645
 10
113100.5646763568
 20
-22363.55123981273
 10
113300.5646763568
 20
-22363.55123981273
 10
113300.5646763568
 20
-17316.351655973645
 10
113100.5646763568
 20
-17316.351655973645
  0
LWPOLYLINE
  5
5B2
330
17
100
AcDbEntity
  8
F07_WALLS
100
AcDbPolyline
 90
5
 70
1
 10
113200.5646763568
 20
-22263.55123981273
 10
109252.84952420788
 20
-22263.55123981273
 10
109252.84952420788
 20
-22463.55123981273
 10
113200.5646763568
 20
-22463.55123981273
 10
113200.5646763568
 20
-22263.55123981273
  0
LWPOLYLINE
  5
5B3
330
17
100
AcDbEntity
  8
F07_WALLS
100
AcDbPolyline
 90
5
 70
1
 10
108811.22032834883
 20
-17355.782902722385
 10
108811.22032834883
 20
-22284.688746315245
 10
109011.22032834883
 20
-22284.688746315245
 10
109011.22032834883
 20
-17355.782902722385
 10
108811.22032834883
 20
-17355.782902722385
  0
LWPOLYLINE
  5
5B4
330
17
100
AcDbEntity
  8
F07_WALLS
100
AcDbPolyline
 90
5
 70
1
 10
105153.2991738994
 20
-20413.1264088781
 10
113048.7294781972
 20
-20413.1264088781
 10
113048.7294781972
 20
-20213.1264088781
 10
105153.2991738994
 20
-20213.1264088781
 10
105153.2991738994
 20
-20413.1264088781
  0
LWPOLYLINE
  5
5B5
330
17
100
AcDbEntity
  8
F07_WALLS
100
AcDbPolyline
 90
5
 70
1
 10
91312.21374045801
 20
-23428.194902028787
 10
91312.21374045801
 20
-45351.96809432981
 10
91512.21374045801
 20
-45351.96809432981
 10
91512.21374045801
 20
-23428.194902028787
 10
91312.21374045801
 20
-23428.194902028787
  0
LWPOLYLINE
  5
5B6
330
17
100
AcDbEntity
  8
F07_WALLS
100
AcDbPolyline
 90
5
 70
1
 10
91412.21374045801
 20
-45251.96809432981
 10
86135.94060441284
 20
-45251.96809432981
 10
86135.94060441284
 20
-45451.96809432981
 10
91412.21374045801
 20
-45451.96809432981
 10
91412.21374045801
 20
-45251.96809432981
  0
LWPOLYLINE
  5
5B7
330
17
100
AcDbEntity
  8
F07_WALLS
100
AcDbPolyline
 90
5
 70
1
 10
86035.94060441284
 20
-45351.96809432981
 10
86035.94060441284
 20
-48230.44910698804
 10
86235.94060441284
 20
-48230.44910698804
 10
86235.94060441284
 20
-45351.96809432981
 10
86035.94060441284
 20
-45351.96809432981
  0
LWPOLYLINE
  5
5B8
330
17
100
AcDbEntity
  8
F07_WALLS
100
AcDbPolyline
 90
5
 70
1
 10
86135.94060441284
 20
-48130.44910698804
 10
79189.48028861237
 20
-48130.44910698804
 10
79189.48028861237
 20
-48330.44910698804
 10
86135.94060441284
 20
-48330.44910698804
 10
86135.94060441284
 20
-48130.44910698804
  0
LWPOLYLINE
  5
5B9
330
17
100
AcDbEntity
  8
F07_WALLS
100
AcDbPolyline
 90
5
 70
1
 10
79254.92981948507
 20
-48154.8425007387
 10
75610.88506365531
 20
-45000.342760839274
 10
75479.98600190989
 20
-45151.55597333795
 10
79124.03075773965
 20
-48306.05571323737
 10
79254.92981948507
 20
-48154.8425007387
  0
LWPOLYLINE
  5
5BA
330
17
100
AcDbEntity
  8
F07_WALLS
100
AcDbPolyline
 90
5
 70
1
 10
91829.76053539684
 20
-24671.70105774233
 10
98586.42685349786
 20
-24671.70105774233
 10
98586.42685349786
 20
-24471.70105774233
 10
91829.76053539684
 20
-24471.70105774233
 10
91829.76053539684
 20
-24671.70105774233
  0
LWPOLYLINE
  5
5BB
330
17
100
AcDbEntity
  8
F07_WALLS
100
AcDbPolyline
 90
5
 70
1
 10
98486.42685349786
 20
-24571.70105774233
 10
98486.42685349786
 20
-44957.65562684238
 10
98686.42685349786
 20
-44957.65562684238
 10
98686.42685349786
 20
-24571.70105774233
 10
98486.42685349786
 20
-24571.70105774233
  0
LWPOLYLINE
  5
5BC
330
17
100
AcDbEntity
  8
F07_WALLS
100
AcDbPolyline
 90
5
 70
1
 10
98586.42685349786
 20
-44857.65562684238
 10
91829.76053539684
 20
-44857.65562684238
 10
91829.76053539684
 20
-45057.65562684238
 10
98586.42685349786
 20
-45057.65562684238
 10
98586.42685349786
 20
-44857.65562684238
  0
LWPOLYLINE
  5
5BD
330
17
100
AcDbEntity
  8
F07_WALLS
100
AcDbPolyline
 90
5
 70
1
 10
91929.76053539684
 20
-44957.65562684238
 10
91929.76053539684
 20
-24571.70105774233
 10
91729.76053539684
 20
-24571.70105774233
 10
91729.76053539684
 20
-44957.65562684238
 10
91929.76053539684
 20
-44957.65562684238
  0
LWPOLYLINE
  5
5BE
330
17
100
AcDbEntity
  8
F07_WALLS
100
AcDbPolyline
 90
5
 70
1
 10
100636.2020286521
 20
-26682.694641928214
 10
111416.50109798182
 20
-26682.694641928214
 10
111416.50109798182
 20
-26482.694641928214
 10
100636.2020286521
 20
-26482.694641928214
 10
100636.2020286521
 20
-26682.694641928214
  0
LWPOLYLINE
  5
5BF
330
17
100
AcDbEntity
  8
F07_WALLS
100
AcDbPolyline
 90
5
 70
1
 10
111316.50109798182
 20
-26582.694641928214
 10
111316.50109798182
 20
-45115.380613837355
 10
111516.50109798182
 20
-45115.380613837355
 10
111516.50109798182
 20
-26582.694641928214
 10
111316.50109798182
 20
-26582.694641928214
  0
LWPOLYLINE
  5
5C0
330
17
100
AcDbEntity
  8
F07_WALLS
100
AcDbPolyline
 90
5
 70
1
 10
111416.50109798182
 20
-45015.380613837355
 10
100598.2432291122
 20
-45015.380613837355
 10
100598.2432291122
 20
-45215.380613837355
 10
111416.50109798182
 20
-45215.380613837355
 10
111416.50109798182
 20
-45015.380613837355
  0
LWPOLYLINE
  5
5C1
330
17
100
AcDbEntity
  8
F07_WALLS
100
AcDbPolyline
 90
5
 70
1
 10
100698.2432291122
 20
-45115.380613837355
 10
100698.2432291122
 20
-26582.694641928214
 10
100498.2432291122
 20
-26582.694641928214
 10
100498.2432291122
 20
-45115.380613837355
 10
100698.2432291122
 20
-45115.380613837355
  0
LWPOLYLINE
  5
5C2
330
17
100
AcDbEntity
  8
F07_WALLS
100
AcDbPolyline
 90
5
 70
1
 10
105888.39276377705
 20
-26622.125888676957
 10
105888.39276377705
 20
-42000.31212068666
 10
106088.39276377705
 20
-42000.31212068666
 10
106088.39276377705
 20
-26622.125888676957
 10
105888.39276377705
 20
-26622.125888676957
  0
LWPOLYLINE
  5
5C3
330
17
100
AcDbEntity
  8
F07_WALLS
100
AcDbPolyline
 90
5
 70
1
 10
100598.2432291122
 20
-29679.46939483267
 10
111340.58349890201
 20
-29679.46939483267
 10
111340.58349890201
 20
-29479.46939483267
 10
100598.2432291122
 20
-29479.46939483267
 10
100598.2432291122
 20
-29679.46939483267
  0
LWPOLYLINE
  5
5C4
330
17
100
AcDbEntity
  8
F07_WALLS
100
AcDbPolyline
 90
5
 70
1
 10
100598.2432291122
 20
-32833.96913473209
 10
111340.58349890201
 20
-32833.96913473209
 10
111340.58349890201
 20
-32633.969134732095
 10
100598.2432291122
 20
-32633.969134732095
 10
100598.2432291122
 20
-32833.96913473209
  0
LWPOLYLINE
  5
5C5
330
17
100
AcDbEntity
  8
F07_WALLS
100
AcDbPolyline
 90
5
 70
1
 10
100598.2432291122
 20
-36067.33136812901
 10
111340.58349890201
 20
-36067.33136812901
 10
111340.58349890201
 20
-35867.33136812901
 10
100598.2432291122
 20
-35867.33136812901
 10
100598.2432291122
 20
-36067.33136812901
  0
LWPOLYLINE
  5
5C6
330
17
100
AcDbEntity
  8
F07_WALLS
100
AcDbPolyline
 90
5
 70
1
 10
100598.2432291122
 20
-42100.31212068666
 10
111340.58349890201
 20
-42100.31212068666
 10
111340.58349890201
 20
-41900.31212068666
 10
100598.2432291122
 20
-41900.31212068666
 10
100598.2432291122
 20
-42100.31212068666
  0
LWPOLYLINE
  5
5C7
330
17
100
AcDbEntity
  8
F07_WALLS
100
AcDbPolyline
 90
5
 70
1
 10
91867.71933493673
 20
-28733.119472862843
 10
98548.46805395796
 20
-28733.119472862843
 10
98548.46805395796
 20
-28533.119472862843
 10
91867.71933493673
 20
-28533.119472862843
 10
91867.71933493673
 20
-28733.119472862843
  0
LWPOLYLINE
  5
5C8
330
17
100
AcDbEntity
  8
F07_WALLS
100
AcDbPolyline
 90
5
 70
1
 10
91867.71933493673
 20
-32952.262874978325
 10
98548.46805395796
 20
-32952.262874978325
 10
98548.46805395796
 20
-32752.262874978325
 10
91867.71933493673
 20
-32752.262874978325
 10
91867.71933493673
 20
-32952.262874978325
  0
LWPOLYLINE
  5
5C9
330
17
100
AcDbEntity
  8
F07_WALLS
100
AcDbPolyline
 90
5
 70
1
 10
91867.71933493673
 20
-37053.112536847584
 10
98548.46805395796
 20
-37053.112536847584
 10
98548.46805395796
 20
-36853.112536847584
 10
91867.71933493673
 20
-36853.112536847584
 10
91867.71933493673
 20
-37053.112536847584
  0
LWPOLYLINE
  5
5CA
330
17
100
AcDbEntity
  8
F07_WALLS
100
AcDbPolyline
 90
5
 70
1
 10
91867.71933493673
 20
-41272.25593896306
 10
98548.46805395796
 20
-41272.25593896306
 10
98548.46805395796
 20
-41072.25593896306
 10
91867.71933493673
 20
-41072.25593896306
 10
91867.71933493673
 20
-41272.25593896306
  0
LWPOLYLINE
  5
5CB
330
17
100
AcDbEntity
  8
F07_WALLS
100
AcDbPolyline
 90
5
 70
1
 10
113997.69946669455
 20
-16470.001734003818
 10
119311.93140227962
 20
-16470.001734003818
 10
119311.93140227962
 20
-16270.001734003818
 10
113997.69946669455
 20
-16270.001734003818
 10
113997.69946669455
 20
-16470.001734003818
  0
LWPOLYLINE
  5
5CC
330
17
100
AcDbEntity
  8
F07_WALLS
100
AcDbPolyline
 90
5
 70
1
 10
119211.93140227962
 20
-16370.001734003818
 10
119211.93140227962
 20
-45351.96809432981
 10
119411.93140227962
 20
-45351.96809432981
 10
119411.93140227962
 20
-16370.001734003818
 10
119211.93140227962
 20
-16370.001734003818
  0
LWPOLYLINE
  5
5CD
330
17
100
AcDbEntity
  8
F07_WALLS
100
AcDbPolyline
 90
5
 70
1
 10
119311.93140227962
 20
-45251.96809432981
 10
113997.69946669455
 20
-45251.96809432981
 10
113997.69946669455
 20
-45451.96809432981
 10
119311.93140227962
 20
-45451.96809432981
 10
119311.93140227962
 20
-45251.96809432981
  0
LWPOLYLINE
  5
5CE
330
17
100
AcDbEntity
  8
F07_WALLS
100
AcDbPolyline
 90
5
 70
1
 10
114097.69946669455
 20
-45351.96809432981
 10
114097.69946669455
 20
-16370.001734003818
 10
113897.69946669455
 20
-16370.001734003818
 10
113897.69946669455
 20
-45351.96809432981
 10
114097.69946669455
 20
-45351.96809432981
  0
LWPOLYLINE
  5
5CF
330
17
100
AcDbEntity
  8
F07_WALLS
100
AcDbPolyline
 90
5
 70
1
 10
113997.69946669455
 20
-26288.382174440783
 10
119311.93140227962
 20
-26288.382174440783
 10
119311.93140227962
 20
-26088.382174440783
 10
113997.69946669455
 20
-26088.382174440783
 10
113997.69946669455
 20
-26288.382174440783
  0
LWPOLYLINE
  5
5D0
330
17
100
AcDbEntity
  8
F07_WALLS
100
AcDbPolyline
 90
5
 70
1
 10
113997.69946669455
 20
-32636.81290098838
 10
119311.93140227962
 20
-32636.81290098838
 10
119311.93140227962
 20
-32436.81290098838
 10
113997.69946669455
 20
-32436.81290098838
 10
113997.69946669455
 20
-32636.81290098838
  0
LWPOLYLINE
  5
5D1
330
17
100
AcDbEntity
  8
F07_WALLS
100
AcDbPolyline
 90
5
 70
1
 10
113997.69946669455
 20
-35988.46887463153
 10
119311.93140227962
 20
-35988.46887463153
 10
119311.93140227962
 20
-35788.46887463153
 10
113997.69946669455
 20
-35788.46887463153
 10
113997.69946669455
 20
-35988.46887463153
  0
LWPOLYLINE
  5
5D2
330
17
100
AcDbEntity
  8
F07_WALLS
100
AcDbPolyline
 90
5
 70
1
 10
113997.69946669455
 20
-40799.080977978156
 10
119311.93140227962
 20
-40799.080977978156
 10
119311.93140227962
 20
-40599.080977978156
 10
113997.69946669455
 20
-40599.080977978156
 10
113997.69946669455
 20
-40799.080977978156
  0
LWPOLYLINE
  5
5D3
330
17
100
AcDbEntity
  8
F07_WALLS
100
AcDbPolyline
 90
5
 70
1
 10
114035.65826623444
 20
-45727.98682157101
 10
117224.19742758547
 20
-45727.98682157101
 10
117224.19742758547
 20
-45527.98682157101
 10
114035.65826623444
 20
-45527.98682157101
 10
114035.65826623444
 20
-45727.98682157101
  0
LWPOLYLINE
  5
5D4
330
17
100
AcDbEntity
  8
F07_WALLS
100
AcDbPolyline
 90
5
 70
1
 10
117124.19742758547
 20
-45627.98682157101
 10
117124.19742758547
 20
-49019.07404196289
 10
117324.19742758547
 20
-49019.07404196289
 10
117324.19742758547
 20
-45627.98682157101
 10
117124.19742758547
 20
-45627.98682157101
  0
LWPOLYLINE
  5
5D5
330
17
100
AcDbEntity
  8
F07_WALLS
100
AcDbPolyline
 90
5
 70
1
 10
117224.19742758547
 20
-48919.07404196289
 10
115705.84544598975
 20
-48919.07404196289
 10
115705.84544598975
 20
-49119.07404196289
 10
117224.19742758547
 20
-49119.07404196289
 10
117224.19742758547
 20
-48919.07404196289
  0
LWPOLYLINE
  5
5D6
330
17
100
AcDbEntity
  8
F07_WALLS
100
AcDbPolyline
 90
5
 70
1
 10
115605.84544598975
 20
-49019.07404196289
 10
115605.84544598975
 20
-50911.77388590255
 10
115805.84544598975
 20
-50911.77388590255
 10
115805.84544598975
 20
-49019.07404196289
 10
115605.84544598975
 20
-49019.07404196289
  0
LWPOLYLINE
  5
5D7
330
17
100
AcDbEntity
  8
F07_WALLS
100
AcDbPolyline
 90
5
 70
1
 10
88475.50977726655
 20
-51030.067626148775
 10
88475.50977726655
 20
-46810.9242240333
 10
88275.50977726655
 20
-46810.9242240333
 10
88275.50977726655
 20
-51030.067626148775
 10
88475.50977726655
 20
-51030.067626148775
  0
LWPOLYLINE
  5
5D8
330
17
100
AcDbEntity
  8
F07_WALLS
100
AcDbPolyline
 90
5
 70
1
 10
88375.50977726655
 20
-46910.9242240333
 10
91032.62574505908
 20
-46910.9242240333
 10
91032.62574505908
 20
-46710.9242240333
 10
88375.50977726655
 20
-46710.9242240333
 10
88375.50977726655
 20
-46910.9242240333
  0
LWPOLYLINE
  5
5D9
330
17
100
AcDbEntity
  8
F07_WALLS
100
AcDbPolyline
 90
5
 70
1
 10
90932.62574505908
 20
-46810.9242240333
 10
90932.62574505908
 20
-50911.77388590255
 10
91132.62574505908
 20
-50911.77388590255
 10
91132.62574505908
 20
-46810.9242240333
 10
90932.62574505908
 20
-46810.9242240333
  0
LWPOLYLINE
  5
5DA
330
17
100
AcDbEntity
  8
F07_WALLS
100
AcDbPolyline
 90
5
 70
1
 10
95208.09369444735
 20
-47265.805444771984
 10
102610.05960472654
 20
-47265.805444771984
 10
102610.05960472654
 20
-47065.805444771984
 10
95208.09369444735
 20
-47065.805444771984
 10
95208.09369444735
 20
-47265.805444771984
  0
LWPOLYLINE
  5
5DB
330
17
100
AcDbEntity
  8
F07_WALLS
100
AcDbPolyline
 90
5
 70
1
 10
102510.05960472654
 20
-47165.805444771984
 10
102510.05960472654
 20
-50872.34263915381
 10
102710.05960472654
 20
-50872.34263915381
 10
102710.05960472654
 20
-47165.805444771984
 10
102510.05960472654
 20
-47165.805444771984
  0
LWPOLYLINE
  5
5DC
330
17
100
AcDbEntity
  8
F07_WALLS
100
AcDbPolyline
 90
5
 70
1
 10
105836.55756561748
 20
-47423.53043176695
 10
113048.7294781972
 20
-47423.53043176695
 10
113048.7294781972
 20
-47223.53043176695
 10
105836.55756561748
 20
-47223.53043176695
 10
105836.55756561748
 20
-47423.53043176695
  0
LWPOLYLINE
  5
5DD
330
17
100
AcDbEntity
  8
F07_WALLS
100
AcDbPolyline
 90
5
 70
1
 10
112948.7294781972
 20
-47323.53043176695
 10
112948.7294781972
 20
-50872.34263915381
 10
113148.7294781972
 20
-50872.34263915381
 10
113148.7294781972
 20
-47323.53043176695
 10
112948.7294781972
 20
-47323.53043176695
  0
LWPOLYLINE
  5
5DE
330
17
100
AcDbEntity
  8
F07_WALLS
100
AcDbPolyline
 90
5
 70
1
 10
109456.51992052703
 20
-47323.53043176695
 10
109456.51992052703
 20
-49413.38650945033
 10
109656.51992052703
 20
-49413.38650945033
 10
109656.51992052703
 20
-47323.53043176695
 10
109456.51992052703
 20
-47323.53043176695
  0
LWPOLYLINE
  5
5DF
330
17
100
AcDbEntity
  8
F07_WALLS
100
AcDbPolyline
 90
5
 70
1
 10
109556.51992052703
 20
-49513.38650945033
 10
113048.7294781972
 20
-49513.38650945033
 10
113048.7294781972
 20
-49313.38650945033
 10
109556.51992052703
 20
-49313.38650945033
 10
109556.51992052703
 20
-49513.38650945033
  0
LWPOLYLINE
  5
5E1
330
17
100
AcDbEntity
  8
F07_STAIRS
100
AcDbPolyline
 90
5
 70
1
 10
98130.92125901913
 20
-18131.801629963586
 10
98320.7152567186
 20
-18131.801629963586
 10
98320.7152567186
 20
-17131.801629963586
 10
98130.92125901913
 20
-17131.801629963586
 10
98130.92125901913
 20
-18131.801629963586
  0
LWPOLYLINE
  5
5E2
330
17
100
AcDbEntity
  8
F07_STAIRS
100
AcDbPolyline
 90
5
 70
1
 10
98320.7152567186
 20
-18131.801629963586
 10
98510.50925441807
 20
-18131.801629963586
 10
98510.50925441807
 20
-17131.801629963586
 10
98320.7152567186
 20
-17131.801629963586
 10
98320.7152567186
 20
-18131.801629963586
  0
LWPOLYLINE
  5
5E3
330
17
100
AcDbEntity
  8
F07_STAIRS
100
AcDbPolyline
 90
5
 70
1
 10
98510.50925441807
 20
-18131.801629963586
 10
98700.30325211753
 20
-18131.801629963586
 10
98700.30325211753
 20
-17131.801629963586
 10
98510.50925441807
 20
-17131.801629963586
 10
98510.50925441807
 20
-18131.801629963586
  0
LWPOLYLINE
  5
5E4
330
17
100
AcDbEntity
  8
F07_STAIRS
100
AcDbPolyline
 90
5
 70
1
 10
98700.30325211753
 20
-18131.801629963586
 10
98890.097249817
 20
-18131.801629963586
 10
98890.097249817
 20
-17131.801629963586
 10
98700.30325211753
 20
-17131.801629963586
 10
98700.30325211753
 20
-18131.801629963586
  0
LWPOLYLINE
  5
5E5
330
17
100
AcDbEntity
  8
F07_STAIRS
100
AcDbPolyline
 90
5
 70
1
 10
98890.097249817
 20
-18131.801629963586
 10
99079.89124751647
 20
-18131.801629963586
 10
99079.89124751647
 20
-17131.801629963586
 10
98890.097249817
 20
-17131.801629963586
 10
98890.097249817
 20
-18131.801629963586
  0
LWPOLYLINE
  5
5E6
330
17
100
AcDbEntity
  8
F07_STAIRS
100
AcDbPolyline
 90
5
 70
1
 10
99079.89124751647
 20
-18131.801629963586
 10
99269.68524521594
 20
-18131.801629963586
 10
99269.68524521594
 20
-17131.801629963586
 10
99079.89124751647
 20
-17131.801629963586
 10
99079.89124751647
 20
-18131.801629963586
  0
LWPOLYLINE
  5
5E7
330
17
100
AcDbEntity
  8
F07_STAIRS
100
AcDbPolyline
 90
5
 70
1
 10
99269.68524521594
 20
-18131.801629963586
 10
99459.4792429154
 20
-18131.801629963586
 10
99459.4792429154
 20
-17131.801629963586
 10
99269.68524521594
 20
-17131.801629963586
 10
99269.68524521594
 20
-18131.801629963586
  0
LWPOLYLINE
  5
5E8
330
17
100
AcDbEntity
  8
F07_STAIRS
100
AcDbPolyline
 90
5
 70
1
 10
99459.4792429154
 20
-18131.801629963586
 10
99649.27324061487
 20
-18131.801629963586
 10
99649.27324061487
 20
-17131.801629963586
 10
99459.4792429154
 20
-17131.801629963586
 10
99459.4792429154
 20
-18131.801629963586
  0
LWPOLYLINE
  5
5E9
330
17
100
AcDbEntity
  8
F07_STAIRS
100
AcDbPolyline
 90
5
 70
1
 10
99649.27324061487
 20
-18131.801629963586
 10
99839.06723831434
 20
-18131.801629963586
 10
99839.06723831434
 20
-17131.801629963586
 10
99649.27324061487
 20
-17131.801629963586
 10
99649.27324061487
 20
-18131.801629963586
  0
LWPOLYLINE
  5
5EA
330
17
100
AcDbEntity
  8
F07_STAIRS
100
AcDbPolyline
 90
5
 70
1
 10
99839.06723831434
 20
-18131.801629963586
 10
100028.8612360138
 20
-18131.801629963586
 10
100028.8612360138
 20
-17131.801629963586
 10
99839.06723831434
 20
-17131.801629963586
 10
99839.06723831434
 20
-18131.801629963586
  0
LWPOLYLINE
  5
5EB
330
17
100
AcDbEntity
  8
F07_STAIRS
100
AcDbPolyline
 90
5
 70
1
 10
100028.8612360138
 20
-18131.801629963586
 10
100218.65523371327
 20
-18131.801629963586
 10
100218.65523371327
 20
-17131.801629963586
 10
100028.8612360138
 20
-17131.801629963586
 10
100028.8612360138
 20
-18131.801629963586
  0
LWPOLYLINE
  5
5EC
330
17
100
AcDbEntity
  8
F07_STAIRS
100
AcDbPolyline
 90
5
 70
1
 10
100218.65523371327
 20
-18131.801629963586
 10
100408.44923141273
 20
-18131.801629963586
 10
100408.44923141273
 20
-17131.801629963586
 10
100218.65523371327
 20
-17131.801629963586
 10
100218.65523371327
 20
-18131.801629963586
  0
LWPOLYLINE
  5
5ED
330
17
100
AcDbEntity
  8
F07_STAIRS
100
AcDbPolyline
 90
5
 70
1
 10
98168.88005855902
 20
-49479.64279521415
 10
98358.67405625849
 20
-49479.64279521415
 10
98358.67405625849
 20
-48479.64279521415
 10
98168.88005855902
 20
-48479.64279521415
 10
98168.88005855902
 20
-49479.64279521415
  0
LWPOLYLINE
  5
5EE
330
17
100
AcDbEntity
  8
F07_STAIRS
100
AcDbPolyline
 90
5
 70
1
 10
98358.67405625849
 20
-49479.64279521415
 10
98548.46805395796
 20
-49479.64279521415
 10
98548.46805395796
 20
-48479.64279521415
 10
98358.67405625849
 20
-48479.64279521415
 10
98358.67405625849
 20
-49479.64279521415
  0
LWPOLYLINE
  5
5EF
330
17
100
AcDbEntity
  8
F07_STAIRS
100
AcDbPolyline
 90
5
 70
1
 10
98548.46805395796
 20
-49479.64279521415
 10
98738.26205165742
 20
-49479.64279521415
 10
98738.26205165742
 20
-48479.64279521415
 10
98548.46805395796
 20
-48479.64279521415
 10
98548.46805395796
 20
-49479.64279521415
  0
LWPOLYLINE
  5
5F0
330
17
100
AcDbEntity
  8
F07_STAIRS
100
AcDbPolyline
 90
5
 70
1
 10
98738.26205165742
 20
-49479.64279521415
 10
98928.05604935689
 20
-49479.64279521415
 10
98928.05604935689
 20
-48479.64279521415
 10
98738.26205165742
 20
-48479.64279521415
 10
98738.26205165742
 20
-49479.64279521415
  0
LWPOLYLINE
  5
5F1
330
17
100
AcDbEntity
  8
F07_STAIRS
100
AcDbPolyline
 90
5
 70
1
 10
98928.05604935689
 20
-49479.64279521415
 10
99117.85004705636
 20
-49479.64279521415
 10
99117.85004705636
 20
-48479.64279521415
 10
98928.05604935689
 20
-48479.64279521415
 10
98928.05604935689
 20
-49479.64279521415
  0
LWPOLYLINE
  5
5F2
330
17
100
AcDbEntity
  8
F07_STAIRS
100
AcDbPolyline
 90
5
 70
1
 10
99117.85004705636
 20
-49479.64279521415
 10
99307.64404475583
 20
-49479.64279521415
 10
99307.64404475583
 20
-48479.64279521415
 10
99117.85004705636
 20
-48479.64279521415
 10
99117.85004705636
 20
-49479.64279521415
  0
LWPOLYLINE
  5
5F3
330
17
100
AcDbEntity
  8
F07_STAIRS
100
AcDbPolyline
 90
5
 70
1
 10
99307.64404475583
 20
-49479.64279521415
 10
99497.4380424553
 20
-49479.64279521415
 10
99497.4380424553
 20
-48479.64279521415
 10
99307.64404475583
 20
-48479.64279521415
 10
99307.64404475583
 20
-49479.64279521415
  0
LWPOLYLINE
  5
5F4
330
17
100
AcDbEntity
  8
F07_STAIRS
100
AcDbPolyline
 90
5
 70
1
 10
99497.4380424553
 20
-49479.64279521415
 10
99687.23204015476
 20
-49479.64279521415
 10
99687.23204015476
 20
-48479.64279521415
 10
99497.4380424553
 20
-48479.64279521415
 10
99497.4380424553
 20
-49479.64279521415
  0
LWPOLYLINE
  5
5F5
330
17
100
AcDbEntity
  8
F07_STAIRS
100
AcDbPolyline
 90
5
 70
1
 10
99687.23204015476
 20
-49479.64279521415
 10
99877.02603785423
 20
-49479.64279521415
 10
99877.02603785423
 20
-48479.64279521415
 10
99687.23204015476
 20
-48479.64279521415
 10
99687.23204015476
 20
-49479.64279521415
  0
LWPOLYLINE
  5
5F6
330
17
100
AcDbEntity
  8
F07_STAIRS
100
AcDbPolyline
 90
5
 70
1
 10
99877.02603785423
 20
-49479.64279521415
 10
100066.82003555368
 20
-49479.64279521415
 10
100066.82003555368
 20
-48479.64279521415
 10
99877.02603785423
 20
-48479.64279521415
 10
99877.02603785423
 20
-49479.64279521415
  0
LWPOLYLINE
  5
5F7
330
17
100
AcDbEntity
  8
F07_STAIRS
100
AcDbPolyline
 90
5
 70
1
 10
100066.82003555368
 20
-49479.64279521415
 10
100256.61403325316
 20
-49479.64279521415
 10
100256.61403325316
 20
-48479.64279521415
 10
100066.82003555368
 20
-48479.64279521415
 10
100066.82003555368
 20
-49479.64279521415
  0
LWPOLYLINE
  5
5F8
330
17
100
AcDbEntity
  8
F07_STAIRS
100
AcDbPolyline
 90
5
 70
1
 10
100256.61403325316
 20
-49479.64279521415
 10
100446.40803095262
 20
-49479.64279521415
 10
100446.40803095262
 20
-48479.64279521415
 10
100256.61403325316
 20
-48479.64279521415
 10
100256.61403325316
 20
-49479.64279521415
  0
TEXT
  5
5FA
330
17
100
AcDbEntity
  8
F07_ROOMS
100
AcDbText
 10
83326.98943846073
 20
-31866.481706259758
 30
0.0
 40
450.0
  1
舞台上部・吹抜
  7
JAPANESE
100
AcDbText
  0
TEXT
  5
5FB
330
17
100
AcDbEntity
  8
F07_ROOMS
100
AcDbText
 10
94031.37090871065
 20
-34784.39396566673
 30
0.0
 40
450.0
  1
楽屋
  7
JAPANESE
100
AcDbText
  0
TEXT
  5
5FC
330
17
100
AcDbEntity
  8
F07_ROOMS
100
AcDbText
 10
103559.02959322388
 20
-34784.39396566673
 30
0.0
 40
450.0
  1
楽屋
  7
JAPANESE
100
AcDbText
  0
TEXT
  5
5FD
330
17
100
AcDbEntity
  8
F07_ROOMS
100
AcDbText
 10
108607.5499320297
 20
-34784.39396566673
 30
0.0
 40
450.0
  1
楽屋
  7
JAPANESE
100
AcDbText
  0
TEXT
  5
5FE
330
17
100
AcDbEntity
  8
F07_ROOMS
100
AcDbText
 10
116616.8566349472
 20
-34784.39396566673
 30
0.0
 40
450.0
  1
楽屋
  7
JAPANESE
100
AcDbText
  0
TEXT
  5
5FF
330
17
100
AcDbEntity
  8
F07_ROOMS
100
AcDbText
 10
120450.69538847641
 20
-33167.71284896827
 30
0.0
 40
450.0
  1
ルーフテラス
  7
JAPANESE
100
AcDbText
  0
TEXT
  5
600
330
17
100
AcDbEntity
  8
F07_ROOMS
100
AcDbText
 10
115364.2162501307
 20
-46889.78671753078
 30
0.0
 40
450.0
  1
機械室
  7
JAPANESE
100
AcDbText
  0
TEXT
  5
601
330
17
100
AcDbEntity
  8
ANNOTATION
100
AcDbText
 10
69000.0
 20
-53500.0
 30
0.0
 40
650.0
  1
7F / SCHEMATIC / Z 28072 mm
  7
JAPANESE
100
AcDbText
  0
LWPOLYLINE
  5
603
330
17
100
AcDbEntity
  8
F08_WALLS
100
AcDbPolyline
 90
5
 70
1
 10
158108.4740363173
 20
-15986.328991079092
 10
190529.51349383334
 20
-15986.328991079092
 10
190529.51349383334
 20
-15706.328991079092
 10
158108.4740363173
 20
-15706.328991079092
 10
158108.4740363173
 20
-15986.328991079092
  0
LWPOLYLINE
  5
604
330
17
100
AcDbEntity
  8
F08_WALLS
100
AcDbPolyline
 90
5
 70
1
 10
190389.51349383334
 20
-15846.328991079092
 10
190389.51349383334
 20
-51071.217946325254
 10
190669.51349383334
 20
-51071.217946325254
 10
190669.51349383334
 20
-15846.328991079092
 10
190389.51349383334
 20
-15846.328991079092
  0
LWPOLYLINE
  5
605
330
17
100
AcDbEntity
  8
F08_WALLS
100
AcDbPolyline
 90
5
 70
1
 10
190529.51349383334
 20
-50931.217946325254
 10
158108.4740363173
 20
-50931.217946325254
 10
158108.4740363173
 20
-51211.217946325254
 10
190529.51349383334
 20
-51211.217946325254
 10
190529.51349383334
 20
-50931.217946325254
  0
LWPOLYLINE
  5
606
330
17
100
AcDbEntity
  8
F08_WALLS
100
AcDbPolyline
 90
5
 70
1
 10
158248.4740363173
 20
-51071.217946325254
 10
158248.4740363173
 20
-47591.16867604793
 10
157968.4740363173
 20
-47591.16867604793
 10
157968.4740363173
 20
-51071.217946325254
 10
158248.4740363173
 20
-51071.217946325254
  0
LWPOLYLINE
  5
607
330
17
100
AcDbEntity
  8
F08_WALLS
100
AcDbPolyline
 90
5
 70
1
 10
158000.66991307514
 20
-45469.1874136837
 10
158000.66991307514
 20
-22636.669030644618
 10
157720.66991307514
 20
-22636.669030644618
 10
157720.66991307514
 20
-45469.1874136837
 10
158000.66991307514
 20
-45469.1874136837
  0
LWPOLYLINE
  5
608
330
17
100
AcDbEntity
  8
F08_WALLS
100
AcDbPolyline
 90
5
 70
1
 10
156662.94998407137
 20
-16028.768616326379
 10
159223.59259090704
 20
-16028.768616326379
 10
159223.59259090704
 20
-15748.768616326379
 10
156662.94998407137
 20
-15748.768616326379
 10
156662.94998407137
 20
-16028.768616326379
  0
LWPOLYLINE
  5
609
330
17
100
AcDbEntity
  8
F08_WALLS
100
AcDbPolyline
 90
5
 70
1
 10
159083.59259090704
 20
-15888.768616326379
 10
159083.59259090704
 20
-18944.421634130867
 10
159363.59259090704
 20
-18944.421634130867
 10
159363.59259090704
 20
-15888.768616326379
 10
159083.59259090704
 20
-15888.768616326379
  0
LWPOLYLINE
  5
60A
330
17
100
AcDbEntity
  8
F08_WALLS
100
AcDbPolyline
 90
5
 70
1
 10
159223.59259090704
 20
-18804.421634130867
 10
156662.94998407137
 20
-18804.421634130867
 10
156662.94998407137
 20
-19084.421634130867
 10
159223.59259090704
 20
-19084.421634130867
 10
159223.59259090704
 20
-18804.421634130867
  0
LWPOLYLINE
  5
60B
330
17
100
AcDbEntity
  8
F08_WALLS
100
AcDbPolyline
 90
5
 70
1
 10
156802.94998407137
 20
-18944.421634130867
 10
156802.94998407137
 20
-15888.768616326379
 10
156522.94998407137
 20
-15888.768616326379
 10
156522.94998407137
 20
-18944.421634130867
 10
156802.94998407137
 20
-18944.421634130867
  0
LWPOLYLINE
  5
60C
330
17
100
AcDbEntity
  8
F08_WALLS
100
AcDbPolyline
 90
5
 70
1
 10
161932.03932098486
 20
-15846.328991079092
 10
161932.03932098486
 20
-19453.697137098283
 10
162132.03932098486
 20
-19453.697137098283
 10
162132.03932098486
 20
-15846.328991079092
 10
161932.03932098486
 20
-15846.328991079092
  0
LWPOLYLINE
  5
60D
330
17
100
AcDbEntity
  8
F08_WALLS
100
AcDbPolyline
 90
5
 70
1
 10
162032.03932098486
 20
-19553.697137098283
 10
164138.3743685432
 20
-19553.697137098283
 10
164138.3743685432
 20
-19353.697137098283
 10
162032.03932098486
 20
-19353.697137098283
 10
162032.03932098486
 20
-19553.697137098283
  0
LWPOLYLINE
  5
60E
330
17
100
AcDbEntity
  8
F08_WALLS
100
AcDbPolyline
 90
5
 70
1
 10
164238.3743685432
 20
-19453.697137098283
 10
164238.3743685432
 20
-15846.328991079092
 10
164038.3743685432
 20
-15846.328991079092
 10
164038.3743685432
 20
-19453.697137098283
 10
164238.3743685432
 20
-19453.697137098283
  0
LWPOLYLINE
  5
60F
330
17
100
AcDbEntity
  8
F08_WALLS
100
AcDbPolyline
 90
5
 70
1
 10
166368.61147772265
 20
-19214.180135120005
 10
173141.92417967506
 20
-19214.180135120005
 10
173141.92417967506
 20
-19014.180135120005
 10
166368.61147772265
 20
-19014.180135120005
 10
166368.61147772265
 20
-19214.180135120005
  0
LWPOLYLINE
  5
610
330
17
100
AcDbEntity
  8
F08_WALLS
100
AcDbPolyline
 90
5
 70
1
 10
173241.92417967506
 20
-19114.180135120005
 10
173241.92417967506
 20
-15846.328991079092
 10
173041.92417967506
 20
-15846.328991079092
 10
173041.92417967506
 20
-19114.180135120005
 10
173241.92417967506
 20
-19114.180135120005
  0
LWPOLYLINE
  5
611
330
17
100
AcDbEntity
  8
F08_WALLS
100
AcDbPolyline
 90
5
 70
1
 10
173389.7283029172
 20
-16031.208241573666
 10
175702.5667865107
 20
-16031.208241573666
 10
175702.5667865107
 20
-15831.208241573666
 10
173389.7283029172
 20
-15831.208241573666
 10
173389.7283029172
 20
-16031.208241573666
  0
LWPOLYLINE
  5
612
330
17
100
AcDbEntity
  8
F08_WALLS
100
AcDbPolyline
 90
5
 70
1
 10
175602.5667865107
 20
-15931.208241573666
 10
175602.5667865107
 20
-19411.257511850996
 10
175802.5667865107
 20
-19411.257511850996
 10
175802.5667865107
 20
-15931.208241573666
 10
175602.5667865107
 20
-15931.208241573666
  0
LWPOLYLINE
  5
613
330
17
100
AcDbEntity
  8
F08_WALLS
100
AcDbPolyline
 90
5
 70
1
 10
175702.5667865107
 20
-19311.257511850996
 10
174380.94479588585
 20
-19311.257511850996
 10
174380.94479588585
 20
-19511.257511850996
 10
175702.5667865107
 20
-19511.257511850996
 10
175702.5667865107
 20
-19311.257511850996
  0
LWPOLYLINE
  5
614
330
17
100
AcDbEntity
  8
F08_WALLS
100
AcDbPolyline
 90
5
 70
1
 10
176445.9791562372
 20
-17304.396998992197
 10
184127.90697674418
 20
-17304.396998992197
 10
184127.90697674418
 20
-17104.396998992197
 10
176445.9791562372
 20
-17104.396998992197
 10
176445.9791562372
 20
-17304.396998992197
  0
LWPOLYLINE
  5
615
330
17
100
AcDbEntity
  8
F08_WALLS
100
AcDbPolyline
 90
5
 70
1
 10
184027.90697674418
 20
-17204.396998992197
 10
184027.90697674418
 20
-19368.817886603712
 10
184227.90697674418
 20
-19368.817886603712
 10
184227.90697674418
 20
-17204.396998992197
 10
184027.90697674418
 20
-17204.396998992197
  0
LWPOLYLINE
  5
616
330
17
100
AcDbEntity
  8
F08_WALLS
100
AcDbPolyline
 90
5
 70
1
 10
184127.90697674418
 20
-19268.817886603712
 10
176487.27984344424
 20
-19268.817886603712
 10
176487.27984344424
 20
-19468.817886603712
 10
184127.90697674418
 20
-19468.817886603712
 10
184127.90697674418
 20
-19268.817886603712
  0
LWPOLYLINE
  5
617
330
17
100
AcDbEntity
  8
F08_WALLS
100
AcDbPolyline
 90
5
 70
1
 10
176587.2616429765
 20
-19366.910070498023
 10
176545.96095576946
 20
-17202.489182886507
 10
176345.99735670496
 20
-17206.304815097887
 10
176387.298043912
 20
-19370.725702709402
 10
176587.2616429765
 20
-19366.910070498023
  0
LWPOLYLINE
  5
618
330
17
100
AcDbEntity
  8
F08_WALLS
100
AcDbPolyline
 90
5
 70
1
 10
180145.64237928367
 20
-17246.836624239484
 10
180145.64237928367
 20
-19368.817886603712
 10
180345.64237928367
 20
-19368.817886603712
 10
180345.64237928367
 20
-17246.836624239484
 10
180145.64237928367
 20
-17246.836624239484
  0
LWPOLYLINE
  5
619
330
17
100
AcDbEntity
  8
F08_WALLS
100
AcDbPolyline
 90
5
 70
1
 10
185821.2351522323
 20
-15946.328991079092
 10
187679.7660765485
 20
-15946.328991079092
 10
187679.7660765485
 20
-15746.328991079092
 10
185821.2351522323
 20
-15746.328991079092
 10
185821.2351522323
 20
-15946.328991079092
  0
LWPOLYLINE
  5
61A
330
17
100
AcDbEntity
  8
F08_WALLS
100
AcDbPolyline
 90
5
 70
1
 10
187579.7660765485
 20
-15846.328991079092
 10
187579.7660765485
 20
-19538.57638759285
 10
187779.7660765485
 20
-19538.57638759285
 10
187779.7660765485
 20
-15846.328991079092
 10
187579.7660765485
 20
-15846.328991079092
  0
LWPOLYLINE
  5
61B
330
17
100
AcDbEntity
  8
F08_WALLS
100
AcDbPolyline
 90
5
 70
1
 10
187679.7660765485
 20
-19438.57638759285
 10
185821.2351522323
 20
-19438.57638759285
 10
185821.2351522323
 20
-19638.57638759285
 10
187679.7660765485
 20
-19638.57638759285
 10
187679.7660765485
 20
-19438.57638759285
  0
LWPOLYLINE
  5
61C
330
17
100
AcDbEntity
  8
F08_WALLS
100
AcDbPolyline
 90
5
 70
1
 10
185921.2351522323
 20
-19538.57638759285
 10
185921.2351522323
 20
-15846.328991079092
 10
185721.2351522323
 20
-15846.328991079092
 10
185721.2351522323
 20
-19538.57638759285
 10
185921.2351522323
 20
-19538.57638759285
  0
LWPOLYLINE
  5
61D
330
17
100
AcDbEntity
  8
F08_WALLS
100
AcDbPolyline
 90
5
 70
1
 10
162262.44481864106
 20
-21236.161397484233
 10
162262.44481864106
 20
-45638.94591467283
 10
162462.44481864106
 20
-45638.94591467283
 10
162462.44481864106
 20
-21236.161397484233
 10
162262.44481864106
 20
-21236.161397484233
  0
LWPOLYLINE
  5
61E
330
17
100
AcDbEntity
  8
F08_WALLS
100
AcDbPolyline
 90
5
 70
1
 10
162362.44481864106
 20
-45738.94591467283
 10
166905.520411414
 20
-45738.94591467283
 10
166905.520411414
 20
-45538.94591467283
 10
162362.44481864106
 20
-45538.94591467283
 10
162362.44481864106
 20
-45738.94591467283
  0
LWPOLYLINE
  5
61F
330
17
100
AcDbEntity
  8
F08_WALLS
100
AcDbPolyline
 90
5
 70
1
 10
169407.4637054567
 20
-21236.161397484233
 10
169407.4637054567
 20
-42328.65514538465
 10
169607.4637054567
 20
-42328.65514538465
 10
169607.4637054567
 20
-21236.161397484233
 10
169407.4637054567
 20
-21236.161397484233
  0
LWPOLYLINE
  5
620
330
17
100
AcDbEntity
  8
F08_WALLS
100
AcDbPolyline
 90
5
 70
1
 10
169507.4637054567
 20
-42228.65514538465
 10
168392.34515086698
 20
-42228.65514538465
 10
168392.34515086698
 20
-42428.65514538465
 10
169507.4637054567
 20
-42428.65514538465
 10
169507.4637054567
 20
-42228.65514538465
  0
LWPOLYLINE
  5
621
330
17
100
AcDbEntity
  8
F08_WALLS
100
AcDbPolyline
 90
5
 70
1
 10
168292.34515086698
 20
-42328.65514538465
 10
168292.34515086698
 20
-43432.085401814045
 10
168492.34515086698
 20
-43432.085401814045
 10
168492.34515086698
 20
-42328.65514538465
 10
168292.34515086698
 20
-42328.65514538465
  0
LWPOLYLINE
  5
622
330
17
100
AcDbEntity
  8
F08_WALLS
100
AcDbPolyline
 90
5
 70
1
 10
162362.44481864106
 20
-33558.77346870217
 10
168227.14240203885
 20
-33558.77346870217
 10
168227.14240203885
 20
-33358.77346870217
 10
162362.44481864106
 20
-33358.77346870217
 10
162362.44481864106
 20
-33558.77346870217
  0
LWPOLYLINE
  5
623
330
17
100
AcDbEntity
  8
F08_WALLS
100
AcDbPolyline
 90
5
 70
1
 10
162486.34688026214
 20
-21293.72177223695
 10
167070.7231602421
 20
-21293.72177223695
 10
167070.7231602421
 20
-21093.72177223695
 10
162486.34688026214
 20
-21093.72177223695
 10
162486.34688026214
 20
-21293.72177223695
  0
LWPOLYLINE
  5
624
330
17
100
AcDbEntity
  8
F08_WALLS
100
AcDbPolyline
 90
5
 70
1
 10
171389.89669139398
 20
-24588.891792019713
 10
171389.89669139398
 20
-45554.066664178274
 10
171589.89669139398
 20
-45554.066664178274
 10
171589.89669139398
 20
-24588.891792019713
 10
171389.89669139398
 20
-24588.891792019713
  0
LWPOLYLINE
  5
625
330
17
100
AcDbEntity
  8
F08_WALLS
100
AcDbPolyline
 90
5
 70
1
 10
171489.89669139398
 20
-45654.066664178274
 10
173183.22486688208
 20
-45654.066664178274
 10
173183.22486688208
 20
-45454.066664178274
 10
171489.89669139398
 20
-45454.066664178274
 10
171489.89669139398
 20
-45654.066664178274
  0
LWPOLYLINE
  5
626
330
17
100
AcDbEntity
  8
F08_WALLS
100
AcDbPolyline
 90
5
 70
1
 10
171489.89669139398
 20
-24688.891792019713
 10
173678.8331133664
 20
-24688.891792019713
 10
173678.8331133664
 20
-24488.891792019713
 10
171489.89669139398
 20
-24488.891792019713
 10
171489.89669139398
 20
-24688.891792019713
  0
LWPOLYLINE
  5
627
330
17
100
AcDbEntity
  8
F08_WALLS
100
AcDbPolyline
 90
5
 70
1
 10
173578.8331133664
 20
-24588.891792019713
 10
173578.8331133664
 20
-27941.62218655519
 10
173778.8331133664
 20
-27941.62218655519
 10
173778.8331133664
 20
-24588.891792019713
 10
173578.8331133664
 20
-24588.891792019713
  0
LWPOLYLINE
  5
628
330
17
100
AcDbEntity
  8
F08_WALLS
100
AcDbPolyline
 90
5
 70
1
 10
171489.89669139398
 20
-29187.49206823187
 10
173678.8331133664
 20
-29187.49206823187
 10
173678.8331133664
 20
-28987.49206823187
 10
171489.89669139398
 20
-28987.49206823187
 10
171489.89669139398
 20
-29187.49206823187
  0
LWPOLYLINE
  5
629
330
17
100
AcDbEntity
  8
F08_WALLS
100
AcDbPolyline
 90
5
 70
1
 10
173578.8331133664
 20
-29087.49206823187
 10
173578.8331133664
 20
-31846.067709305364
 10
173778.8331133664
 20
-31846.067709305364
 10
173778.8331133664
 20
-29087.49206823187
 10
173578.8331133664
 20
-29087.49206823187
  0
LWPOLYLINE
  5
62A
330
17
100
AcDbEntity
  8
F08_WALLS
100
AcDbPolyline
 90
5
 70
1
 10
174752.6509807491
 20
-33346.57534246576
 10
190570.81418104036
 20
-33346.57534246576
 10
190570.81418104036
 20
-33146.57534246576
 10
174752.6509807491
 20
-33146.57534246576
 10
174752.6509807491
 20
-33346.57534246576
  0
LWPOLYLINE
  5
62B
330
17
100
AcDbEntity
  8
F08_WALLS
100
AcDbPolyline
 90
5
 70
1
 10
171531.197378601
 20
-36953.94348848494
 10
178800.11832703772
 20
-36953.94348848494
 10
178800.11832703772
 20
-36753.94348848494
 10
171531.197378601
 20
-36753.94348848494
 10
171531.197378601
 20
-36953.94348848494
  0
LWPOLYLINE
  5
62C
330
17
100
AcDbEntity
  8
F08_WALLS
100
AcDbPolyline
 90
5
 70
1
 10
178700.11832703772
 20
-36853.94348848494
 10
178700.11832703772
 20
-45638.94591467283
 10
178900.11832703772
 20
-45638.94591467283
 10
178900.11832703772
 20
-36853.94348848494
 10
178700.11832703772
 20
-36853.94348848494
  0
LWPOLYLINE
  5
62D
330
17
100
AcDbEntity
  8
F08_WALLS
100
AcDbPolyline
 90
5
 70
1
 10
178800.11832703772
 20
-45538.94591467283
 10
174091.83998543667
 20
-45538.94591467283
 10
174091.83998543667
 20
-45738.94591467283
 10
178800.11832703772
 20
-45738.94591467283
 10
178800.11832703772
 20
-45538.94591467283
  0
LWPOLYLINE
  5
62E
330
17
100
AcDbEntity
  8
F08_WALLS
100
AcDbPolyline
 90
5
 70
1
 10
174693.95166795613
 20
-33458.77346870217
 10
174693.95166795613
 20
-41140.34563846068
 10
174893.95166795613
 20
-41140.34563846068
 10
174893.95166795613
 20
-33458.77346870217
 10
174693.95166795613
 20
-33458.77346870217
  0
LWPOLYLINE
  5
62F
330
17
100
AcDbEntity
  8
F08_WALLS
100
AcDbPolyline
 90
5
 70
1
 10
185201.72484412687
 20
-42046.698518159086
 10
190570.81418104036
 20
-42046.698518159086
 10
190570.81418104036
 20
-41846.698518159086
 10
185201.72484412687
 20
-41846.698518159086
 10
185201.72484412687
 20
-42046.698518159086
  0
LWPOLYLINE
  5
630
330
17
100
AcDbEntity
  8
F08_WALLS
100
AcDbPolyline
 90
5
 70
1
 10
184482.21453602146
 20
-42965.24952409391
 10
184482.21453602146
 20
-45341.868537941846
 10
184682.21453602146
 20
-45341.868537941846
 10
184682.21453602146
 20
-42965.24952409391
 10
184482.21453602146
 20
-42965.24952409391
  0
LWPOLYLINE
  5
631
330
17
100
AcDbEntity
  8
F08_WALLS
100
AcDbPolyline
 90
5
 70
1
 10
184582.21453602146
 20
-45441.868537941846
 10
190570.81418104036
 20
-45441.868537941846
 10
190570.81418104036
 20
-45241.868537941846
 10
184582.21453602146
 20
-45241.868537941846
 10
184582.21453602146
 20
-45441.868537941846
  0
LWPOLYLINE
  5
632
330
17
100
AcDbEntity
  8
F08_WALLS
100
AcDbPolyline
 90
5
 70
1
 10
174133.1406726437
 20
-21208.84252174238
 10
178511.01351658854
 20
-21208.84252174238
 10
178511.01351658854
 20
-21008.84252174238
 10
174133.1406726437
 20
-21008.84252174238
 10
174133.1406726437
 20
-21208.84252174238
  0
LWPOLYLINE
  5
633
330
17
100
AcDbEntity
  8
F08_WALLS
100
AcDbPolyline
 90
5
 70
1
 10
179543.5306967642
 20
-21208.84252174238
 10
184251.80903836526
 20
-21208.84252174238
 10
184251.80903836526
 20
-21008.84252174238
 10
179543.5306967642
 20
-21008.84252174238
 10
179543.5306967642
 20
-21208.84252174238
  0
LWPOLYLINE
  5
634
330
17
100
AcDbEntity
  8
F08_WALLS
100
AcDbPolyline
 90
5
 70
1
 10
187390.6612660993
 20
-21378.601022731516
 10
190570.81418104036
 20
-21378.601022731516
 10
190570.81418104036
 20
-21178.601022731516
 10
187390.6612660993
 20
-21178.601022731516
 10
187390.6612660993
 20
-21378.601022731516
  0
LWPOLYLINE
  5
635
330
17
100
AcDbEntity
  8
F08_WALLS
100
AcDbPolyline
 90
5
 70
1
 10
167507.63209393347
 20
-21066.402896495092
 10
167507.63209393347
 20
-24419.133291030572
 10
167707.63209393347
 20
-24419.133291030572
 10
167707.63209393347
 20
-21066.402896495092
 10
167507.63209393347
 20
-21066.402896495092
  0
LWPOLYLINE
  5
636
330
17
100
AcDbEntity
  8
F08_WALLS
100
AcDbPolyline
 90
5
 70
1
 10
167607.63209393347
 20
-24519.133291030572
 10
169259.65958221455
 20
-24519.133291030572
 10
169259.65958221455
 20
-24319.133291030572
 10
167607.63209393347
 20
-24319.133291030572
 10
167607.63209393347
 20
-24519.133291030572
  0
LWPOLYLINE
  5
637
330
17
100
AcDbEntity
  8
F08_WALLS
100
AcDbPolyline
 90
5
 70
1
 10
171448.59600418695
 20
-21208.84252174238
 10
172770.21799481183
 20
-21208.84252174238
 10
172770.21799481183
 20
-21008.84252174238
 10
171448.59600418695
 20
-21008.84252174238
 10
171448.59600418695
 20
-21208.84252174238
  0
LWPOLYLINE
  5
638
330
17
100
AcDbEntity
  8
F08_WALLS
100
AcDbPolyline
 90
5
 70
1
 10
172670.21799481183
 20
-21108.84252174238
 10
172670.21799481183
 20
-24419.133291030572
 10
172870.21799481183
 20
-24419.133291030572
 10
172870.21799481183
 20
-21108.84252174238
 10
172670.21799481183
 20
-21108.84252174238
  0
LWPOLYLINE
  5
639
330
17
100
AcDbEntity
  8
F08_WALLS
100
AcDbPolyline
 90
5
 70
1
 10
166038.20598006644
 20
-47733.60830129521
 10
173224.5255540891
 20
-47733.60830129521
 10
173224.5255540891
 20
-47533.60830129521
 10
166038.20598006644
 20
-47533.60830129521
 10
166038.20598006644
 20
-47733.60830129521
  0
LWPOLYLINE
  5
63A
330
17
100
AcDbEntity
  8
F08_WALLS
100
AcDbPolyline
 90
5
 70
1
 10
173124.5255540891
 20
-47633.60830129521
 10
173124.5255540891
 20
-50859.01982008883
 10
173324.5255540891
 20
-50859.01982008883
 10
173324.5255540891
 20
-47633.60830129521
 10
173124.5255540891
 20
-47633.60830129521
  0
LWPOLYLINE
  5
63B
330
17
100
AcDbEntity
  8
F08_WALLS
100
AcDbPolyline
 90
5
 70
1
 10
175041.7557911983
 20
-47394.09129931694
 10
184830.01865926362
 20
-47394.09129931694
 10
184830.01865926362
 20
-47194.09129931694
 10
175041.7557911983
 20
-47194.09129931694
 10
175041.7557911983
 20
-47394.09129931694
  0
LWPOLYLINE
  5
63C
330
17
100
AcDbEntity
  8
F08_WALLS
100
AcDbPolyline
 90
5
 70
1
 10
184730.01865926362
 20
-47294.09129931694
 10
184730.01865926362
 20
-50901.45944533612
 10
184930.01865926362
 20
-50901.45944533612
 10
184930.01865926362
 20
-47294.09129931694
 10
184730.01865926362
 20
-47294.09129931694
  0
LWPOLYLINE
  5
63D
330
17
100
AcDbEntity
  8
F08_WALLS
100
AcDbPolyline
 90
5
 70
1
 10
184830.01865926362
 20
-50801.45944533612
 10
177230.6922131707
 20
-50801.45944533612
 10
177230.6922131707
 20
-51001.45944533612
 10
184830.01865926362
 20
-51001.45944533612
 10
184830.01865926362
 20
-50801.45944533612
  0
LWPOLYLINE
  5
63E
330
17
100
AcDbEntity
  8
F08_WALLS
100
AcDbPolyline
 90
5
 70
1
 10
177330.6922131707
 20
-50901.45944533612
 10
177330.6922131707
 20
-48694.598932477325
 10
177130.6922131707
 20
-48694.598932477325
 10
177130.6922131707
 20
-50901.45944533612
 10
177330.6922131707
 20
-50901.45944533612
  0
LWPOLYLINE
  5
63F
330
17
100
AcDbEntity
  8
F08_WALLS
100
AcDbPolyline
 90
5
 70
1
 10
179732.6355072134
 20
-47336.53092456422
 10
179732.6355072134
 20
-49288.75368593931
 10
179932.6355072134
 20
-49288.75368593931
 10
179932.6355072134
 20
-47336.53092456422
 10
179732.6355072134
 20
-47336.53092456422
  0
LWPOLYLINE
  5
640
330
17
100
AcDbEntity
  8
F08_WALLS
100
AcDbPolyline
 90
5
 70
1
 10
181962.87261639285
 20
-47336.53092456422
 10
181962.87261639285
 20
-49288.75368593931
 10
182162.87261639285
 20
-49288.75368593931
 10
182162.87261639285
 20
-47336.53092456422
 10
181962.87261639285
 20
-47336.53092456422
  0
LWPOLYLINE
  5
641
330
17
100
AcDbEntity
  8
F08_WALLS
100
AcDbPolyline
 90
5
 70
1
 10
184953.92072088472
 20
-47394.09129931694
 10
187225.45851727118
 20
-47394.09129931694
 10
187225.45851727118
 20
-47194.09129931694
 10
184953.92072088472
 20
-47194.09129931694
 10
184953.92072088472
 20
-47394.09129931694
  0
LWPOLYLINE
  5
642
330
17
100
AcDbEntity
  8
F08_WALLS
100
AcDbPolyline
 90
5
 70
1
 10
188836.18531834523
 20
-47394.09129931694
 10
190570.81418104036
 20
-47394.09129931694
 10
190570.81418104036
 20
-47194.09129931694
 10
188836.18531834523
 20
-47194.09129931694
 10
188836.18531834523
 20
-47394.09129931694
  0
LWPOLYLINE
  5
643
330
17
100
AcDbEntity
  8
F08_WALLS
100
AcDbPolyline
 90
5
 70
1
 10
159264.89327811406
 20
-47988.24605277892
 10
161825.5358849497
 20
-47988.24605277892
 10
161825.5358849497
 20
-47788.24605277892
 10
159264.89327811406
 20
-47788.24605277892
 10
159264.89327811406
 20
-47988.24605277892
  0
LWPOLYLINE
  5
644
330
17
100
AcDbEntity
  8
F08_WALLS
100
AcDbPolyline
 90
5
 70
1
 10
161725.5358849497
 20
-47888.24605277892
 10
161725.5358849497
 20
-50816.580194841554
 10
161925.5358849497
 20
-50816.580194841554
 10
161925.5358849497
 20
-47888.24605277892
 10
161725.5358849497
 20
-47888.24605277892
  0
LWPOLYLINE
  5
645
330
17
100
AcDbEntity
  8
F08_WALLS
100
AcDbPolyline
 90
5
 70
1
 10
161825.5358849497
 20
-50716.580194841554
 10
159264.89327811406
 20
-50716.580194841554
 10
159264.89327811406
 20
-50916.580194841554
 10
161825.5358849497
 20
-50916.580194841554
 10
161825.5358849497
 20
-50716.580194841554
  0
LWPOLYLINE
  5
646
330
17
100
AcDbEntity
  8
F08_WALLS
100
AcDbPolyline
 90
5
 70
1
 10
159364.89327811406
 20
-50816.580194841554
 10
159364.89327811406
 20
-47888.24605277892
 10
159164.89327811406
 20
-47888.24605277892
 10
159164.89327811406
 20
-50816.580194841554
 10
159364.89327811406
 20
-50816.580194841554
  0
LWPOLYLINE
  5
648
330
17
100
AcDbEntity
  8
F08_STAIRS
100
AcDbPolyline
 90
5
 70
1
 10
168020.63896600372
 20
-18043.91400097048
 10
168227.14240203885
 20
-18043.91400097048
 10
168227.14240203885
 20
-17043.91400097048
 10
168020.63896600372
 20
-17043.91400097048
 10
168020.63896600372
 20
-18043.91400097048
  0
LWPOLYLINE
  5
649
330
17
100
AcDbEntity
  8
F08_STAIRS
100
AcDbPolyline
 90
5
 70
1
 10
168227.14240203885
 20
-18043.91400097048
 10
168433.645838074
 20
-18043.91400097048
 10
168433.645838074
 20
-17043.91400097048
 10
168227.14240203885
 20
-17043.91400097048
 10
168227.14240203885
 20
-18043.91400097048
  0
LWPOLYLINE
  5
64A
330
17
100
AcDbEntity
  8
F08_STAIRS
100
AcDbPolyline
 90
5
 70
1
 10
168433.645838074
 20
-18043.91400097048
 10
168640.14927410914
 20
-18043.91400097048
 10
168640.14927410914
 20
-17043.91400097048
 10
168433.645838074
 20
-17043.91400097048
 10
168433.645838074
 20
-18043.91400097048
  0
LWPOLYLINE
  5
64B
330
17
100
AcDbEntity
  8
F08_STAIRS
100
AcDbPolyline
 90
5
 70
1
 10
168640.14927410914
 20
-18043.91400097048
 10
168846.65271014426
 20
-18043.91400097048
 10
168846.65271014426
 20
-17043.91400097048
 10
168640.14927410914
 20
-17043.91400097048
 10
168640.14927410914
 20
-18043.91400097048
  0
LWPOLYLINE
  5
64C
330
17
100
AcDbEntity
  8
F08_STAIRS
100
AcDbPolyline
 90
5
 70
1
 10
168846.65271014426
 20
-18043.91400097048
 10
169053.1561461794
 20
-18043.91400097048
 10
169053.1561461794
 20
-17043.91400097048
 10
168846.65271014426
 20
-17043.91400097048
 10
168846.65271014426
 20
-18043.91400097048
  0
LWPOLYLINE
  5
64D
330
17
100
AcDbEntity
  8
F08_STAIRS
100
AcDbPolyline
 90
5
 70
1
 10
169053.1561461794
 20
-18043.91400097048
 10
169259.65958221455
 20
-18043.91400097048
 10
169259.65958221455
 20
-17043.91400097048
 10
169053.1561461794
 20
-17043.91400097048
 10
169053.1561461794
 20
-18043.91400097048
  0
LWPOLYLINE
  5
64E
330
17
100
AcDbEntity
  8
F08_STAIRS
100
AcDbPolyline
 90
5
 70
1
 10
169259.65958221455
 20
-18043.91400097048
 10
169466.16301824967
 20
-18043.91400097048
 10
169466.16301824967
 20
-17043.91400097048
 10
169259.65958221455
 20
-17043.91400097048
 10
169259.65958221455
 20
-18043.91400097048
  0
LWPOLYLINE
  5
64F
330
17
100
AcDbEntity
  8
F08_STAIRS
100
AcDbPolyline
 90
5
 70
1
 10
169466.16301824967
 20
-18043.91400097048
 10
169672.6664542848
 20
-18043.91400097048
 10
169672.6664542848
 20
-17043.91400097048
 10
169466.16301824967
 20
-17043.91400097048
 10
169466.16301824967
 20
-18043.91400097048
  0
LWPOLYLINE
  5
650
330
17
100
AcDbEntity
  8
F08_STAIRS
100
AcDbPolyline
 90
5
 70
1
 10
169672.6664542848
 20
-18043.91400097048
 10
169879.16989031993
 20
-18043.91400097048
 10
169879.16989031993
 20
-17043.91400097048
 10
169672.6664542848
 20
-17043.91400097048
 10
169672.6664542848
 20
-18043.91400097048
  0
LWPOLYLINE
  5
651
330
17
100
AcDbEntity
  8
F08_STAIRS
100
AcDbPolyline
 90
5
 70
1
 10
169879.16989031993
 20
-18043.91400097048
 10
170085.67332635506
 20
-18043.91400097048
 10
170085.67332635506
 20
-17043.91400097048
 10
169879.16989031993
 20
-17043.91400097048
 10
169879.16989031993
 20
-18043.91400097048
  0
LWPOLYLINE
  5
652
330
17
100
AcDbEntity
  8
F08_STAIRS
100
AcDbPolyline
 90
5
 70
1
 10
170085.67332635506
 20
-18043.91400097048
 10
170292.1767623902
 20
-18043.91400097048
 10
170292.1767623902
 20
-17043.91400097048
 10
170085.67332635506
 20
-17043.91400097048
 10
170085.67332635506
 20
-18043.91400097048
  0
LWPOLYLINE
  5
653
330
17
100
AcDbEntity
  8
F08_STAIRS
100
AcDbPolyline
 90
5
 70
1
 10
170292.1767623902
 20
-18043.91400097048
 10
170498.68019842534
 20
-18043.91400097048
 10
170498.68019842534
 20
-17043.91400097048
 10
170292.1767623902
 20
-17043.91400097048
 10
170292.1767623902
 20
-18043.91400097048
  0
LWPOLYLINE
  5
654
330
17
100
AcDbEntity
  8
F08_STAIRS
100
AcDbPolyline
 90
5
 70
1
 10
168020.63896600372
 20
-49364.357433466466
 10
168227.14240203885
 20
-49364.357433466466
 10
168227.14240203885
 20
-48364.357433466466
 10
168020.63896600372
 20
-48364.357433466466
 10
168020.63896600372
 20
-49364.357433466466
  0
LWPOLYLINE
  5
655
330
17
100
AcDbEntity
  8
F08_STAIRS
100
AcDbPolyline
 90
5
 70
1
 10
168227.14240203885
 20
-49364.357433466466
 10
168433.645838074
 20
-49364.357433466466
 10
168433.645838074
 20
-48364.357433466466
 10
168227.14240203885
 20
-48364.357433466466
 10
168227.14240203885
 20
-49364.357433466466
  0
LWPOLYLINE
  5
656
330
17
100
AcDbEntity
  8
F08_STAIRS
100
AcDbPolyline
 90
5
 70
1
 10
168433.645838074
 20
-49364.357433466466
 10
168640.14927410914
 20
-49364.357433466466
 10
168640.14927410914
 20
-48364.357433466466
 10
168433.645838074
 20
-48364.357433466466
 10
168433.645838074
 20
-49364.357433466466
  0
LWPOLYLINE
  5
657
330
17
100
AcDbEntity
  8
F08_STAIRS
100
AcDbPolyline
 90
5
 70
1
 10
168640.14927410914
 20
-49364.357433466466
 10
168846.65271014426
 20
-49364.357433466466
 10
168846.65271014426
 20
-48364.357433466466
 10
168640.14927410914
 20
-48364.357433466466
 10
168640.14927410914
 20
-49364.357433466466
  0
LWPOLYLINE
  5
658
330
17
100
AcDbEntity
  8
F08_STAIRS
100
AcDbPolyline
 90
5
 70
1
 10
168846.65271014426
 20
-49364.357433466466
 10
169053.1561461794
 20
-49364.357433466466
 10
169053.1561461794
 20
-48364.357433466466
 10
168846.65271014426
 20
-48364.357433466466
 10
168846.65271014426
 20
-49364.357433466466
  0
LWPOLYLINE
  5
659
330
17
100
AcDbEntity
  8
F08_STAIRS
100
AcDbPolyline
 90
5
 70
1
 10
169053.1561461794
 20
-49364.357433466466
 10
169259.65958221455
 20
-49364.357433466466
 10
169259.65958221455
 20
-48364.357433466466
 10
169053.1561461794
 20
-48364.357433466466
 10
169053.1561461794
 20
-49364.357433466466
  0
LWPOLYLINE
  5
65A
330
17
100
AcDbEntity
  8
F08_STAIRS
100
AcDbPolyline
 90
5
 70
1
 10
169259.65958221455
 20
-49364.357433466466
 10
169466.16301824967
 20
-49364.357433466466
 10
169466.16301824967
 20
-48364.357433466466
 10
169259.65958221455
 20
-48364.357433466466
 10
169259.65958221455
 20
-49364.357433466466
  0
LWPOLYLINE
  5
65B
330
17
100
AcDbEntity
  8
F08_STAIRS
100
AcDbPolyline
 90
5
 70
1
 10
169466.16301824967
 20
-49364.357433466466
 10
169672.6664542848
 20
-49364.357433466466
 10
169672.6664542848
 20
-48364.357433466466
 10
169466.16301824967
 20
-48364.357433466466
 10
169466.16301824967
 20
-49364.357433466466
  0
LWPOLYLINE
  5
65C
330
17
100
AcDbEntity
  8
F08_STAIRS
100
AcDbPolyline
 90
5
 70
1
 10
169672.6664542848
 20
-49364.357433466466
 10
169879.16989031993
 20
-49364.357433466466
 10
169879.16989031993
 20
-48364.357433466466
 10
169672.6664542848
 20
-48364.357433466466
 10
169672.6664542848
 20
-49364.357433466466
  0
LWPOLYLINE
  5
65D
330
17
100
AcDbEntity
  8
F08_STAIRS
100
AcDbPolyline
 90
5
 70
1
 10
169879.16989031993
 20
-49364.357433466466
 10
170085.67332635506
 20
-49364.357433466466
 10
170085.67332635506
 20
-48364.357433466466
 10
169879.16989031993
 20
-48364.357433466466
 10
169879.16989031993
 20
-49364.357433466466
  0
LWPOLYLINE
  5
65E
330
17
100
AcDbEntity
  8
F08_STAIRS
100
AcDbPolyline
 90
5
 70
1
 10
170085.67332635506
 20
-49364.357433466466
 10
170292.1767623902
 20
-49364.357433466466
 10
170292.1767623902
 20
-48364.357433466466
 10
170085.67332635506
 20
-48364.357433466466
 10
170085.67332635506
 20
-49364.357433466466
  0
LWPOLYLINE
  5
65F
330
17
100
AcDbEntity
  8
F08_STAIRS
100
AcDbPolyline
 90
5
 70
1
 10
170292.1767623902
 20
-49364.357433466466
 10
170498.68019842534
 20
-49364.357433466466
 10
170498.68019842534
 20
-48364.357433466466
 10
170292.1767623902
 20
-48364.357433466466
 10
170292.1767623902
 20
-49364.357433466466
  0
TEXT
  5
661
330
17
100
AcDbEntity
  8
F08_ROOMS
100
AcDbText
 10
148237.60979383788
 20
-33331.45459296033
 30
0.0
 40
450.0
  1
屋上
  7
JAPANESE
100
AcDbText
  0
TEXT
  5
662
330
17
100
AcDbEntity
  8
F08_ROOMS
100
AcDbText
 10
154969.62180858327
 20
-33331.45459296033
 30
0.0
 40
450.0
  1
屋外機械置場
  7
JAPANESE
100
AcDbText
  0
TEXT
  5
663
330
17
100
AcDbEntity
  8
F08_ROOMS
100
AcDbText
 10
165583.89842078916
 20
-28026.501437049756
 30
0.0
 40
450.0
  1
楽屋
  7
JAPANESE
100
AcDbText
  0
TEXT
  5
664
330
17
100
AcDbEntity
  8
F08_ROOMS
100
AcDbText
 10
165583.89842078916
 20
-39060.804001343735
 30
0.0
 40
450.0
  1
楽屋
  7
JAPANESE
100
AcDbText
  0
TEXT
  5
665
330
17
100
AcDbEntity
  8
F08_ROOMS
100
AcDbText
 10
181856.3691803577
 20
-27984.061811802476
 30
0.0
 40
450.0
  1
稽古場
  7
JAPANESE
100
AcDbText
  0
TEXT
  5
666
330
17
100
AcDbEntity
  8
F08_ROOMS
100
AcDbText
 10
181815.0684931507
 20
-39060.804001343735
 30
0.0
 40
450.0
  1
事務室
  7
JAPANESE
100
AcDbText
  0
TEXT
  5
667
330
17
100
AcDbEntity
  8
ANNOTATION
100
AcDbText
 10
139000.0
 20
-53500.0
 30
0.0
 40
650.0
  1
8F / SCHEMATIC / Z 31977 mm
  7
JAPANESE
100
AcDbText
  0
ENDSEC
  0
SECTION
  2
OBJECTS
  0
DICTIONARY
  5
A
330
0
100
AcDbDictionary
281
1
  3
ACAD_COLOR
350
B
  3
ACAD_GROUP
350
C
  3
ACAD_LAYOUT
350
D
  3
ACAD_MATERIAL
350
E
  3
ACAD_MLEADERSTYLE
350
F
  3
ACAD_MLINESTYLE
350
10
  3
ACAD_PLOTSETTINGS
350
11
  3
ACAD_PLOTSTYLENAME
350
12
  3
ACAD_SCALELIST
350
14
  3
ACAD_TABLESTYLE
350
15
  3
ACAD_VISUALSTYLE
350
16
  3
EZDXF_META
350
2D
  0
DICTIONARY
  5
B
330
A
100
AcDbDictionary
281
1
  0
DICTIONARY
  5
C
330
A
100
AcDbDictionary
281
1
  0
DICTIONARY
  5
D
330
A
100
AcDbDictionary
281
1
  3
Model
350
1A
  3
Layout1
350
1E
  0
DICTIONARY
  5
E
330
A
100
AcDbDictionary
281
1
  3
ByBlock
350
1F
  3
ByLayer
350
20
  3
Global
350
21
  0
DICTIONARY
  5
F
330
A
100
AcDbDictionary
281
1
  3
Standard
350
2C
  0
DICTIONARY
  5
10
330
A
100
AcDbDictionary
281
1
  3
Standard
350
22
  0
DICTIONARY
  5
11
330
A
100
AcDbDictionary
281
1
  0
ACDBDICTIONARYWDFLT
  5
12
330
A
100
AcDbDictionary
281
1
  3
Normal
350
13
100
AcDbDictionaryWithDefault
340
13
  0
ACDBPLACEHOLDER
  5
13
330
12
  0
DICTIONARY
  5
14
330
A
100
AcDbDictionary
281
1
  0
DICTIONARY
  5
15
330
A
100
AcDbDictionary
281
1
  0
DICTIONARY
  5
16
330
A
100
AcDbDictionary
281
1
  0
LAYOUT
  5
1A
330
D
100
AcDbPlotSettings
  1

  4
A3
  6

 40
7.5
 41
20.0
 42
7.5
 43
20.0
 44
420.0
 45
297.0
 46
0.0
 47
0.0
 48
0.0
 49
0.0
140
0.0
141
0.0
142
1.0
143
1.0
 70
1024
 72
1
 73
0
 74
5
  7

 75
16
 76
0
 77
2
 78
300
147
1.0
148
0.0
149
0.0
100
AcDbLayout
  1
Model
 70
1
 71
0
 10
0.0
 20
0.0
 11
420.0
 21
297.0
 12
0.0
 22
0.0
 32
0.0
 14
1e+20
 24
1e+20
 34
1e+20
 15
-1e+20
 25
-1e+20
 35
-1e+20
146
0.0
 13
0.0
 23
0.0
 33
0.0
 16
1.0
 26
0.0
 36
0.0
 17
0.0
 27
1.0
 37
0.0
 76
1
330
17
  0
LAYOUT
  5
1E
330
D
100
AcDbPlotSettings
  1

  4
A3
  6

 40
7.5
 41
20.0
 42
7.5
 43
20.0
 44
420.0
 45
297.0
 46
0.0
 47
0.0
 48
0.0
 49
0.0
140
0.0
141
0.0
142
1.0
143
1.0
 70
0
 72
1
 73
0
 74
5
  7

 75
16
 76
0
 77
2
 78
300
147
1.0
148
0.0
149
0.0
100
AcDbLayout
  1
Layout1
 70
1
 71
1
 10
0.0
 20
0.0
 11
420.0
 21
297.0
 12
0.0
 22
0.0
 32
0.0
 14
1e+20
 24
1e+20
 34
1e+20
 15
-1e+20
 25
-1e+20
 35
-1e+20
146
0.0
 13
0.0
 23
0.0
 33
0.0
 16
1.0
 26
0.0
 36
0.0
 17
0.0
 27
1.0
 37
0.0
 76
1
330
1B
  0
MATERIAL
  5
1F
102
{ACAD_REACTORS
330
E
102
}
330
E
100
AcDbMaterial
  1
ByBlock
  2

 70
0
 40
1.0
 71
1
 41
1.0
 91
-1023410177
 42
1.0
 72
1
  3

 73
1
 74
1
 75
1
 44
0.5
 73
0
 45
1.0
 46
1.0
 77
1
  4

 78
1
 79
1
170
1
 48
1.0
171
1
  6

172
1
173
1
174
1
140
1.0
141
1.0
175
1
  7

176
1
177
1
178
1
143
1.0
179
1
  8

270
1
271
1
272
1
145
1.0
146
1.0
273
1
  9

274
1
275
1
276
1
 42
1.0
 72
1
  3

 73
1
 74
1
 75
1
 94
63
  0
MATERIAL
  5
20
102
{ACAD_REACTORS
330
E
102
}
330
E
100
AcDbMaterial
  1
ByLayer
  2

 70
0
 40
1.0
 71
1
 41
1.0
 91
-1023410177
 42
1.0
 72
1
  3

 73
1
 74
1
 75
1
 44
0.5
 73
0
 45
1.0
 46
1.0
 77
1
  4

 78
1
 79
1
170
1
 48
1.0
171
1
  6

172
1
173
1
174
1
140
1.0
141
1.0
175
1
  7

176
1
177
1
178
1
143
1.0
179
1
  8

270
1
271
1
272
1
145
1.0
146
1.0
273
1
  9

274
1
275
1
276
1
 42
1.0
 72
1
  3

 73
1
 74
1
 75
1
 94
63
  0
MATERIAL
  5
21
102
{ACAD_REACTORS
330
E
102
}
330
E
100
AcDbMaterial
  1
Global
  2

 70
0
 40
1.0
 71
1
 41
1.0
 91
-1023410177
 42
1.0
 72
1
  3

 73
1
 74
1
 75
1
 44
0.5
 73
0
 45
1.0
 46
1.0
 77
1
  4

 78
1
 79
1
170
1
 48
1.0
171
1
  6

172
1
173
1
174
1
140
1.0
141
1.0
175
1
  7

176
1
177
1
178
1
143
1.0
179
1
  8

270
1
271
1
272
1
145
1.0
146
1.0
273
1
  9

274
1
275
1
276
1
 42
1.0
 72
1
  3

 73
1
 74
1
 75
1
 94
63
  0
MLINESTYLE
  5
22
102
{ACAD_REACTORS
330
10
102
}
330
10
100
AcDbMlineStyle
  2
Standard
 70
0
  3

 62
256
 51
90.0
 52
90.0
 71
2
 49
0.5
 62
256
  6
BYLAYER
 49
-0.5
 62
256
  6
BYLAYER
  0
MLEADERSTYLE
  5
2C
102
{ACAD_REACTORS
330
F
102
}
330
F
100
AcDbMLeaderStyle
179
2
170
2
171
1
172
0
 90
2
 40
0.0
 41
0.0
173
1
 91
-1056964608
 92
-2
290
1
 42
2.0
291
1
 43
8.0
  3
Standard
 44
4.0
300

342
29
174
1
175
1
176
0
178
1
 93
-1056964608
 45
4.0
292
0
297
0
 46
4.0
 94
-1056964608
 47
1.0
 49
1.0
140
1.0
294
1
141
0.0
177
0
142
1.0
295
0
296
0
143
3.75
271
0
272
9
273
9
  0
DICTIONARY
  5
2D
330
A
100
AcDbDictionary
280
1
281
1
  3
CREATED_BY_EZDXF
350
2E
  3
WRITTEN_BY_EZDXF
350
66B
  0
DICTIONARYVAR
  5
2E
330
2D
100
DictionaryVariables
280
0
  1
1.4.4 @ 2026-09-10T15:48:14.817474+00:00
  0
DICTIONARYVAR
  5
66B
330
2D
100
DictionaryVariables
280
0
  1
1.4.4 @ 2026-09-10T15:48:14.927002+00:00
  0
ENDSEC
  0
EOF
